X1,X2,X3,X4,X5,X6,X7,X8,X9,X10,X11,X12,X13,X14,X15,X16,X17,X18,X19,X20,y,mu
-0.057081180342915636,-0.5938930299527627,-0.5145980791763387,-0.9206091664535757,-0.49277768084675605,-1.2997564511646276,-1.514638424967298,0.5011196991111487,-1.4436002161526797,-0.7130638450238705,-1.190533921516871,-0.8067541586548402,1.214481379671327,-0.25709652650392084,-0.5402485783960168,0.683582185189195,1.7567343580363466,0.6606118273949392,1.016657630410128,0.2470877459579895,-3.059506533465509,-2.5734395635150373
-1.3346491923714072,-0.1891862629179289,0.3236373299732548,-0.1463956085006212,-0.6492384271055682,-0.8388058559128787,1.6842470923427215,0.13138554512074418,-0.8319546632932663,0.43525888552170655,-0.8825173257806844,0.14230005306151963,-0.8010890986269248,-0.08895562368554126,-0.10293731228281747,-0.6942945239129825,-0.1440845707784091,-1.1231933421991755,-0.02030940628765008,-1.52538019626641,1.490486201959751,1.439136411356836
-0.5765741637555081,-1.3557860911418795,-0.1869660975693718,-0.8152060023621926,-0.026822282631313043,-1.1180655918429738,0.02486418314230645,-1.0923534737311362,-0.3403615604514881,-0.45293624979808955,-0.06197466502071419,0.4685603701821404,-0.4686386967183921,-0.17773625431003987,-0.20823707209828746,-0.8841249915321455,-1.4583232724892203,-0.6545891781206993,0.24630298670725817,1.7729780140757052,0.5114733476138181,0.40814513416481935
0.6991508487978985,0.5140102156740884,0.8424542702117133,0.08907627301209319,0.24272477680827703,1.681953398663919,-0.4983426173651852,-0.5497179843162995,-0.26730012094897554,1.2972089263788802,0.8063048253390793,2.038729965175792,0.4330196491752608,-1.2520285018491695,-1.7286029447698301,-0.8785179795852776,0.01820978158408109,-0.1837599103215877,1.6258598904147747,1.2353060711240431,1.9716472203448312,1.131815401364913
1.1853256742998688,-0.4954742145276213,0.378432615701592,1.2539649912997852,1.5536692704456923,1.0258589874514403,-0.6597359628260119,0.1242507944730443,-0.7822177850585468,0.6680083437439415,0.5205790016387503,-2.6181626060245695,-0.4793120947135883,0.2630917680250642,-1.060395232961787,-0.17074262067641968,-2.151665734709393,-0.5920840265982665,0.5446838318839327,-1.2203350230111845,0.19600909816244044,0.3126030238517471
-0.07103589634145087,0.18995570186894264,-0.09771588528918719,1.6383891668345005,0.6736557931280566,0.9216305827550844,-0.15593137457260353,-0.5988058176791841,-0.494888574325284,-1.0022928516133378,-0.8933088546574481,-1.2874311265843201,-2.1615836904341776,-0.8509687439332531,-0.6787675538159862,0.8291778047619242,0.7936091441150399,1.6707163191440564,2.6474707100006434,0.8898315623901905,-1.3752131019163123,0.7298481199094397
-1.24834865523557,-0.5129877561722724,-0.19241367229470815,0.3890435912312944,-0.2717699112096566,1.3414580642177598,0.9184031202194065,0.3542076278396801,-1.3638651621657263,-0.2059930409656696,0.4348714941672388,0.5113822642504828,0.3374578974580244,0.04690023360583165,1.4656049909756663,1.226921809464498,1.2209833922896578,0.9467887779042926,1.7822128817107046,-0.9695365209842212,-2.5869829005169365,-2.3355151144188167
-0.5647476416286348,-0.7062386752971395,0.5272556426033816,-0.03168468987154182,-0.14748292687415293,-1.4597752431869204,-0.48514726320506085,0.15528082181558747,-1.248701370091681,0.9941961941702927,-0.08167163321206446,-0.6346968387457026,-0.8945881363806777,1.3997158802996765,0.7412796942123411,1.017767873074769,-0.37729634308712573,0.2111825071756545,0.3722211823029812,0.20555713675848755,1.6160154546910552,3.135538177975429
0.40288365844247637,0.8892972905695619,-0.1510699342364442,-0.41639822801066984,0.46321767994393315,-1.1848716205426777,-2.249390837087501,-1.3845352678343654,-0.6503209188099739,-1.4244546724063432,0.2322951419969126,-0.7024499037422264,0.5994414799528438,0.39674080586931365,0.1714615697088952,0.3749863551443738,0.5641717142393208,-1.081411577006884,-0.73896671473289,0.008805454574439209,0.5952823619696264,0.2773628389871148
-0.3637950377929023,0.3434213596118876,0.1091728205260657,-0.4477996792192875,-0.600791781622934,-0.2814443924585031,-1.5363704670365752,0.02001185464296096,0.6056334346069734,1.0622462889037325,0.9020194205596307,0.5024198644725012,0.019909369864254407,-0.4139445856843696,0.1303688757024541,-0.17770652807353945,-0.10841398777469176,0.538342917744532,0.4357122322524123,-0.3068738336762846,0.9146198253656634,0.3258536149106719
-0.07030414666994277,0.38315995542691916,-0.609741334965975,-2.763664901904511,-1.102358530230996,-0.515851146330502,0.16607507349563772,-0.456943146003504,-0.3316901774060153,0.7350736278969859,2.24693384487163,1.1472933042614792,0.10487299026885805,-1.240624580226794,-2.8103411320417986,-2.712008398073273,-1.7946493861962742,-0.18385119634955616,-0.8835967342809419,-0.2583656669946492,-11.519317047809778,-11.9074490925628
0.14434272260158257,2.8092718516764728,3.22610134097743,1.5760596743286037,1.0607105616316717,1.0877229837963693,0.025478784055946113,0.8759674911810121,1.3175653709505224,1.2689362136075042,-0.5411811430251513,-0.8644268042552365,-1.6740496150532576,-0.7454946090378624,-1.446992499088648,-0.5128900866429329,0.061078929885871894,-0.8660311561229633,-1.6517020751351568,-3.3163807186286167,6.83058706214733,5.952224514086215
-1.134955360303376,0.2050952338647622,0.9778411985726292,-0.272002441286027,0.2163266948268524,-0.5785728829008444,-1.1879446436900845,-0.3653529291342335,0.5215614172641597,1.0674107868842142,1.7161897460077555,1.3325354547719193,0.544595061022797,0.26086203280005266,-0.10989791023946933,1.2247453718437333,0.030245609156139597,-1.1218250573182733,-0.9758570828747485,-0.42915420088919315,0.4495590561273459,1.7491249734608882
0.826259603046655,0.1570728452901752,0.28764621518978095,-0.678535931404376,0.6304850173320441,-1.0049090897970627,-0.4973832373870728,-0.15234157811884114,0.9756664229050142,-0.9532720548114091,-1.3748008097444244,-0.810717271336442,-1.0816174855752694,-0.7229746356841477,-0.1022179620308942,0.07042436356982357,0.6696000368598569,-0.0287996834835105,-0.33619133987924593,-1.3897197207079497,0.8968583017003807,-0.09003242511069746
0.17506769865856783,0.012676679986550744,-0.18560445468286058,-0.6493457122717432,0.37003753754872865,0.6395402848834562,1.3576731438317322,0.7049599438608427,-0.7834529746124349,1.17357670963653,0.27575789591943384,0.8392875403399527,-1.3338416433611344,0.9234489728102735,0.44675312391910715,0.39758848270468045,0.6439224311514421,-0.14223223151938497,-1.3248892147835316,0.09114149110739798,2.4767785657477037,1.4351992853596216
-0.17981867845995175,-1.0805002172992328,-1.5879306705959502,-0.7430122476699205,-0.9730833278128105,0.11221690361679335,0.18339432882048168,-0.6484855803810682,0.76470869340292,-0.5737339261423519,-0.37760074954158607,0.2975875224202556,-0.07941953544179334,-0.20006466998489628,-2.171230224392592,-0.7576168765374317,-0.4634016265595568,0.7936727791105288,0.26944312508997437,0.911668467911066,-6.468175286911604,-6.601591262344479
-1.114750067254211,-0.5445025589067135,-0.5778959935017866,-1.0342015944158875,-1.3443337665965092,-1.305087495779594,-2.05886250885899,-1.1235863653276228,-0.7454585832066938,-1.1185415080552679,0.2144802217735499,1.0603682393396943,-0.041211077719288385,0.06963155188698246,-0.8285630284355455,-1.5146654241960003,-1.9425156746874213,-0.5221558323865163,-0.25928878657344784,0.9346318314761104,-2.4932677744844423,-2.0889080972235092
0.028375675905030005,-2.0767385115854875,0.5129171650972286,1.3529478680476004,2.1954301811903925,-0.20893388094363108,0.4568190575431395,0.16166402234089366,-1.2823456148863352,-1.581145027073856,-1.1856296685628387,-0.368582177075022,-1.195482860803744,-2.181878372085996,-2.9423504859095044,-1.902400614420991,-0.5595967332276035,0.24073962045728453,0.5149486759047239,1.04268425185822,-2.979306409036257,-3.424522356297989
-0.48764681159299417,-0.25268417798745135,-2.38361493933136,-1.716672177954155,-1.0003557686695281,-0.3570058568045943,0.7249448741579376,-1.1290181425893302,-0.8782388273393348,-1.4759365922843535,-1.0999395006816697,-1.2106081464091,-0.4361605673138872,-1.1338909080432908,-1.21911477687149,-0.17435650370715722,0.019243012113131414,0.5515122504905159,1.2044612454743528,0.0887824710378209,-7.823201903927415,-7.473970660348633
0.5890900973320843,-0.13604461469173146,0.6497613982371854,1.1205509806157554,0.30845852654707306,-0.3221704212941436,-0.6340722198556934,0.10681716753955757,-0.44049214615731497,-1.0999639782595998,-0.7959758853884069,-1.1007445288970323,-0.4091204320082491,-0.45613347351227446,-0.7693510986495662,-1.5394281030765375,-0.7214364712329921,-0.6405648158985366,-1.0019841411098163,0.8296952781740476,-1.8762626818341728,-0.6307919174426978
2.0790179175337826,0.24325805265074468,0.8068343232544789,0.14555620439125028,-0.12943481473003382,0.30834298119204057,0.9256951193458567,1.6555133518613512,0.10326620260632333,-1.6821894007830756,-1.619489593411267,-0.9513405067221756,-0.8171362172759691,-0.3949662500177855,-0.1426054233325544,-0.16442147744648417,-0.2259050062061622,-1.1779834048563962,0.19280371789910752,0.3812717727893748,-3.2741287820084404,-2.3621971930982126
-1.1186425310782684,-0.11834229253899146,0.6282674291151115,0.030706701313741706,0.4133310420265544,0.20511246028228292,0.10728247987862752,-1.0694254187962644,-0.9942754852078322,-0.20342188725736235,0.5820926913363249,0.7986868911537975,-0.5002832608839504,-0.1426712481270005,-0.04843511867936918,0.37746541105566656,0.30809497006088477,0.5633694260593776,0.3600021254943338,0.1688346418425964,1.2754331237425758,0.8844484201639597
0.019908771388234978,0.7917466754814045,-0.1455096569201169,-0.8354314467592757,0.46114279875279596,0.4051736561459429,-1.1600976583922764,0.6477610219268362,0.9288223499829494,1.5880514728380775,-0.5102107012730003,0.2390198728975029,-0.8882938622006455,0.734936317838027,0.8440521900124719,-0.37139200812313916,-1.0992896889454562,-0.629733469689675,-1.0325299220232649,-0.9598315212659289,0.8081949673832238,1.6955368744951367
1.4920679952009006,1.835776886126131,0.9110152888484748,1.1059841217497788,0.014124547328904766,1.036754281000535,2.5200250874678756,0.906006026166245,-0.06649146880311697,-0.11194533014008941,1.1527759096889916,0.6251108692572984,0.16808531554045097,0.47326135214054704,0.8231918533095616,-0.010508286850603408,-1.0308288804843886,-1.0609330194722617,0.07729692821195182,0.4551671406072117,-2.94300480463439,-0.5275732531448737
-0.5430182355914271,-0.6440270805967314,-0.05897349706564506,-0.32237047548811726,-0.007841966221061395,-0.0053566481849025,0.9005508346031118,1.0731377928742538,-0.9055757094183841,-1.9662424566537888,0.22632102987065345,-0.13591856760952878,0.551679047781266,0.8350551690022479,1.1511233040861275,1.864951048121961,1.8647252896885687,1.8895604684157377,1.4046866471474688,0.2494097425624606,-2.556993855658606,-3.3145534606219154
-0.2657140023174732,-0.7696542795979602,-1.092226621778408,-1.427543717124455,0.3584545894402437,-0.2491286186560011,-0.35538885597668124,0.12353078762176735,-0.5667903662528627,-0.9706421057344458,-0.3972957435077235,1.717443608852015,1.579684318538812,0.9984431285154192,-0.45223502357535345,1.001646261148987,0.3166151755029428,-0.1377827705478187,0.6832992134763773,1.4036046291117406,-3.1923331047236707,-3.452389483607182
0.522411980190401,1.1201407883578107,1.404964818257448,-0.09952117556982353,-0.013337370096261554,0.06733107161491456,0.45378539783921223,1.794855420956612,-0.7807500032309423,-0.5281464149057234,0.3851399169694526,-1.2320643210635254,-0.9613129590825884,-0.12451728793980796,1.2490270502549525,0.6557401020899815,1.2120020128764024,-0.11455157844173104,-0.568874273152504,0.3985594363116788,-2.8892767976357,-3.188221838309708
0.9677984575373901,1.30928179395266,0.7899304588776008,0.159464857256474,0.7035217465015002,-2.0646571450084026,-2.2078926702150694,0.2738461862526098,1.4758207541149158,1.2827071552873794,0.47661333047959376,1.2892662242003952,0.25204351680289155,-0.8221481469818294,-1.2727094301333999,-0.6103737490930087,-0.4435058595948832,-0.256800755288455,-0.05957645761346236,-0.8195136381188093,1.5614536350524546,1.9536637604708667
-0.4878617485111347,-0.18313463109832195,-1.0036352164651772,-0.7292309581301143,0.2208238057627423,1.5929878308907848,-1.0263195714131472,-0.6146193726273491,0.6729704861006505,0.1449926380116172,-0.5301319165225497,-0.41067806561145415,-1.062114604832362,0.21231776297687363,0.930433163066139,1.330253823050884,-1.1759210597316312,-1.4776795875685536,-0.6055047304582292,-0.5392996616223094,1.0673309180149761,2.3401889328297267
0.31767908442714937,0.2850157168381631,0.9386465034362484,1.5094621408574067,0.5845218734230897,0.387850224146009,0.20263383327014917,-0.3931341970742466,0.9548398498678018,1.5398679545212102,0.11417046331508268,-0.7864084505749726,-0.8226606310463498,-0.20030785326715086,-0.6500140038655083,-1.1447339868976483,-0.10716996747821164,-1.5254543153617326,-2.074355925370053,-2.2827235931070335,3.6036892004136876,3.405675935569289
0.5162012743009363,-1.5176799207249672,-0.4846722080449607,-0.268054954201634,0.10656823686326106,0.6141993568730504,1.732473858842125,0.9299469328280068,0.4294017771239455,1.2334261906478743,1.0302188752308532,0.7200783484558266,0.8901107393417254,1.3726262953948194,-0.10953414662394842,1.1199074903551685,-0.7073791500054902,-0.48957264572124937,-1.1304046320030663,-0.744965861597366,-1.7292896443461059,-0.19435377789946418
0.5278728107402524,0.7452800424210093,-1.1000221434202946,-0.5327650917169805,-0.9981007102261173,-1.4865799282817096,0.32743669744871345,-0.15088130493338794,0.7378020779476359,0.8414307121067811,-0.8621957231524853,0.5398067806037791,-0.2692243916502041,0.3764444759066557,-0.8401721784320738,-0.7638074370723694,-0.47177324843377516,1.795274937218475,1.6127855952288828,0.007844029988141552,-0.5753972174919663,-0.19258323125023585
-1.1881952615079654,-0.2153671457910532,-1.86226317356381,-1.593842083559976,-2.9177582847979737,-0.9462884932095009,-0.46334373541703155,-0.653789880266964,-1.1838133818145806,-1.287695698280343,-1.2740395116311114,-0.7037459780298323,-2.399603008434071,-1.8082184739735008,-2.365923133370698,-1.7027205206745895,-1.2187211701206317,0.5358475164847094,1.3826358342291467,1.3998924159915176,-11.3149842856021,-11.247081006345184
-0.7477218195958925,0.485772264230132,-1.6650042734659554,-1.0468145420986026,-1.4293552529863627,-1.1257188775251659,-0.5057578799564353,1.4985816625650215,2.8399770412136762,0.550281076331252,-0.755842722766188,-2.456366509687429,0.06183318464954953,1.3413387237303867,-0.3573307380408062,-0.053008874009553855,0.6555422120023516,0.5445284164030093,0.37862077251336484,-0.05939825042826086,-1.7607760322783486,-1.1975636872236717
-0.6086091938442788,-0.20249789108881078,-1.6828592895472403,-0.30051868874600274,0.12673801002278418,0.27504320189999615,0.1790231963288587,-0.2257407297622497,0.12973154767646367,-0.5231780471989588,1.9344161331384355,1.6283672996420635,1.4880637025042553,1.7869510417976397,0.4313602139428209,-0.22556092169597733,-2.1922038742919243,-1.2969201547325102,-1.1915289963687457,0.657267322340576,2.1752168915203924,2.231119463005444
0.7937272353318515,0.06926905257684948,-0.5111756317645715,-2.249996428733258,0.51236549853261,-0.036730575126904794,-0.30078053923359777,1.4857375647803481,0.15472577813899946,-0.5681566831067187,-1.1083297781066064,0.12929738167932447,-0.8698946272747953,-0.5939909186871953,-0.3897238267764945,0.1718905818335698,-0.43576020663994564,1.104338823375323,0.23424060678086095,0.45236923535402507,-5.261891386203656,-3.846835340115816
-1.226441746839329,0.12674482058196232,0.08594912476391191,0.5606849458372469,0.28500600295324596,0.5552491883371795,0.8497681861314302,0.157900839058287,-0.7802195488369622,-0.7945351405671609,-2.728621239906401,-0.6885838079828073,-0.8143738747455532,-1.0462480926454087,-0.41070667244016895,-0.004650056875840877,-0.586635618056565,-0.5507228276219552,0.04640920724945607,-0.750875817037164,-0.8143923705013014,-0.9482571213734641
-0.5789732599033867,-0.6677748738847742,0.28884782065908854,1.4405666478345096,1.2850509955693852,0.8824305776711663,1.6133173299422938,0.6973784883947798,1.256934534397333,-0.3131465263235389,-1.2270293217739559,0.5634508065116626,0.7849351385989085,0.32424345975052127,-1.632062265064598,-0.708513311483386,-1.116517773812664,-0.8649697221601718,0.09241374750762167,0.3797252460400841,-0.963628438312478,-1.4510735159622337
-0.507538200883538,1.1630845894870487,0.9380402896989873,-0.15778596347413484,-0.6038917927443281,-1.0396529611134195,-2.1004602763228672,-1.2644724577617625,-0.39211769793954615,-0.10962068598863782,0.27243466949992406,0.04068738120063966,-0.9254178757179738,-0.5274247378151548,-0.4433833721053946,0.31088936059007305,0.056458905723030146,-0.8275548387364832,-1.264149804206938,-1.1776962097204031,1.5341775252724839,2.143907349665306
0.6535323076710811,-0.07590680635408746,0.07653452342978934,-0.5479678599533907,0.24419350173227297,0.5836391776890641,1.0750215350595704,0.5180029090689146,-1.1931684566826266,0.037307109290735524,-0.05853085926424543,0.7434344567792944,0.8861416300972764,-0.15529582952122517,-0.5096017227809477,-0.9727850751290149,-0.724357877037443,0.5589089507939737,-0.4077537386243346,0.0578823277590839,-3.0984633883635957,-2.18660324891927
-0.523783036546094,-0.7213923117340575,-1.0879738712766813,0.05393559775021733,1.7319778834449964,1.0879267221226638,0.49537911921212463,1.7043906776416566,0.5544614886948496,0.013248664220344812,-0.12291954804910409,0.8483512148819903,2.010652940719733,2.3492784171645957,0.7940938684885152,0.3795882130563106,-0.6033722517086427,-0.43861003907472834,0.45397381988281676,-0.7788202280201992,1.9925184791698374,0.18347158184792992
0.12251473863048931,0.04194301463313578,0.4995961400455583,0.26196840844278135,-1.3550729729304951,-1.833942380512663,-1.286445280783735,-1.591853011907267,0.16453785258264705,0.6079911015913535,0.49094487488603467,-0.15952166911156565,0.2097187944439337,-0.34500231839377743,-0.5244291266798932,0.26357701589999727,0.46827895233308714,0.20475917631161242,0.5383191988767205,0.244661359959048,3.1571820275684086,2.6547407436115797
0.2703061584084738,-0.6275475738618116,0.07635977849989495,-0.0838362718938551,-1.038288196322686,0.5749149867017276,0.41549277776915106,0.7766056388400269,1.2792440199981594,0.6396009097719229,1.5225118558252684,0.18032788148625278,-0.9836863929399597,-0.7022659439585933,0.06146460747536982,0.5145444550755625,0.9349732065199592,0.7597662414926892,-0.7126710271426884,-1.926562321001549,1.6383399502944263,-0.061118970349000185
-0.6512117673398693,-0.06754405655798496,-0.6664025002338563,-1.1756118151946542,1.000046171873148,0.8776040016334408,1.6409968588499808,1.7059108236875387,0.9740787822715302,0.6716717030093622,1.8410740415107496,1.451359301349173,0.4939171641906179,0.8959391999300863,1.0873991167576977,1.58307082885923,1.3158395110195396,1.8424756372409568,0.42007210743504947,0.675475170448284,-1.1727792661026704,-1.8868478611911907
1.1461312332317695,0.1961958411707601,-0.11910344211654054,-0.3854535196140555,-1.7910619251696602,-0.4412878741755361,-1.5680593605411006,-1.572335012523277,1.1035335341886405,-1.0630400066514398,-0.30080448901337675,0.9093829254038229,0.6285299837205429,0.5084978222734721,1.3310905947580236,0.3124394083207414,-0.07522166724557101,-1.7459081525959321,-0.8352677408941039,-0.5045863421288334,3.0308114177433194,2.303549146905784
-0.25515092515864957,-0.14711352813098916,-0.5419959657414769,-1.472828525686287,-0.8412897219260099,-1.1554615630527125,0.44050190851495313,0.0022212133613299014,-0.19518853463401986,0.4810036651542066,0.03762806607829179,0.8824142266582372,0.0760645446848192,0.9940439369779872,1.4165909184456347,-0.5492965029274354,0.14386707582821434,1.1436604117430509,-0.22393917830920193,0.262419560493138,2.8194451574476127,2.0875045002259984
0.16465676658413606,1.5921117789938124,-0.5168033929325679,-0.4045816756195374,-1.4327934243014164,0.3821588065453825,0.6443005008250127,0.5737412314704634,1.081030902612952,2.333085811505845,2.951031280540577,2.1032766625608996,0.6710082276251476,0.8041375762077503,0.07957681162348557,-0.5927224303151114,-0.5130546648277506,0.4900961325998191,-0.1659314897632322,-0.4342413675589482,-1.3823572815813732,0.1714652916413103
0.05666878786460368,1.2094611071503627,-0.02907013790129637,-0.45727990573053207,-0.8085243541157208,-1.023041706726623,-1.009793121762485,0.2184575027949483,0.20434674480248202,0.5865433212836059,-0.8811187118377258,-0.4029475494454734,-0.9576525629788151,-1.1652863090397612,0.14302401449736998,0.7458755137933728,-2.1983187268957365,-1.2477105779533284,0.6053114823651297,-0.19026329592668212,0.6382446670246731,0.3240109979848459
1.1158505203168831,-0.49331879283455593,-0.08497638105527763,0.599613688843721,-0.2911529110572893,-1.7091681529585454,-2.2643363673233785,-0.6468004016344923,1.1971874328819494,0.08687006731589061,0.5323725477430402,1.2654415580680376,-0.005971677175399105,-0.7276232447973727,0.460046864693012,0.6975858507769129,-0.010795736413209137,-2.0505254140733737,-1.237689124888745,0.4650961467467568,1.4864604460637665,0.8594031591904451
-0.6733323517118296,2.4389071535281635,0.8961145433598111,0.9446274530685603,1.4469726771689178,0.2020083591887013,1.08148916132172,1.3899067332198674,0.6433964823370779,-0.014697145067302414,0.7614615971322013,-0.39958359631950324,1.9250312022048062,-0.8390130969036089,0.378749787253374,0.44090021000726726,1.156927928129476,-0.1547539174711908,1.2113492112728683,1.2083361506831196,-4.27910771006452,-4.552877169833878
-0.28353487988000026,-0.39052731904757104,0.13005738771245168,-0.6640494591840856,-0.12046212573219726,-0.41187342774795477,-0.2906428387746201,-2.2771584598527586,-2.388750683266561,1.33432281130204,0.007114991592829932,-0.10826132106454449,-0.5830126035706439,-0.15588912367986216,-1.8954304690927433,0.4484335494539732,1.504281216379007,1.6971030178486624,2.9068414390627035,0.9254833668646264,4.577356099875223,6.346246729817569
1.449287738811715,1.0585501979458494,0.21616392216899674,0.3633434688700745,0.001603265087725924,-1.5737829365196143,-0.8344099165840829,-0.09555648455626546,-1.9772566165076961,-1.559424226051876,-0.02783965035853661,0.6054310892679411,0.10927775418866331,-0.01775812603663705,-1.9343615723925327,-0.7162418052276515,-0.4824055572498494,0.20393286059216367,0.37997756790856974,0.48881457955644014,-2.5593301438986242,-2.2816925436993163
-1.7384589621641926,-1.7879033891695466,-2.162065537999544,0.8751596290837743,0.010719315471482306,-0.17303621866311186,0.04898597729251696,0.46054190647138155,0.020850732413289868,-1.273275216896857,-0.2196609404717174,1.9766560898146153,0.7113807779362038,0.14237907534822597,-0.9317703640353241,-0.25735396663132926,-0.0716826934449619,-0.22918725323002911,-0.7142285308374492,-1.0682069546383768,-2.782150943618456,-1.8222759507892965
0.8386176154889659,0.0032714992650604755,-0.44526216017272935,0.5789940201311894,0.8346534311733976,-0.482535761728249,-0.9711751809298353,-1.1113031335528663,0.5566699074032313,1.9223380969195003,0.9096764964479234,0.3583847071597955,0.5737939646833706,0.204775284766075,1.1400570325718615,1.3303887784609043,0.5242585071920481,-0.4452238272566878,0.1292711926692873,-0.3146717579758127,-1.4283973171406323,0.8080129045218665
0.42738963281527786,0.02733439913747819,-0.44834617570700713,-0.2305084769820844,0.18248067827702694,0.3201019219615116,0.018487378092892665,0.3431019467325955,-0.7184685591220578,-0.6191386759499846,-0.09573233172828749,-0.9879172436694292,0.19247156742719193,-0.2838561308086743,1.2948085913514695,-0.6981349618903643,-0.9375314837789467,-0.3902991239677611,-0.4319799855772755,-0.6669907627516617,0.48187519517136,1.5444954282452343
-1.141160022908216,0.3048934631025495,-0.40079232976232443,-0.7254555071207809,-1.1375382826592195,-1.5402142906810221,-0.8007562544806499,-1.2567145293672157,-0.8375095233138854,-0.7555577612464595,-2.062860110300706,-2.013891788030005,0.4249567621253357,-0.8326019919219847,-0.1701583677051696,-0.21630115077255224,1.1409233501525757,2.0878584010642705,1.3894319411720921,0.010162036243465542,0.03148401087507402,-0.7761585778221698
-0.7999945949604302,-1.5803211962282055,-0.415926902947503,0.22287547494969226,-2.304304580319756,-1.410319256206618,0.5389769468827912,1.299893679331779,-1.3039874725339513,0.5551848901469101,0.1919830519755527,-1.0928813455531208,-0.062467566243553714,0.22749367075897067,-1.2883544261089375,-0.43740117785880006,0.6630586786246186,0.8922017093847598,1.5963827857996944,-0.07290460035102314,-0.5358350837429608,0.6918247435701961
0.048420363952027784,0.3696852864793172,1.4266356449459905,1.1373381121720352,-0.19101440329480898,-0.19258911310695762,0.7110664208487546,0.8721560900018039,0.050861902675681185,-0.9239662568944659,-0.8770921543049357,-1.3500148702518568,0.38191265326097135,-0.35973986046023104,-1.3579243323699257,0.3863127272434797,1.035942427747955,0.7137882099341959,0.22534112292994013,0.7806691932950016,-1.3315036875235435,-0.48748418011964834
-0.735406732456758,-0.44841805577131905,-0.44687181666197606,-0.43090589952811553,0.4294921806960317,-0.5889017605385936,-0.9860154966418183,-0.7408064248459577,1.7209043500277346,-0.43649009602242866,-0.5380060679050093,0.7049815377626175,-0.10008426520317597,1.5432727110602578,1.268607220574176,0.21428333256420587,0.48730749384014593,-0.5961501167762583,-1.9915063514858817,-0.5224654469064404,2.487825898600067,2.603294475446201
0.5542052556850681,0.23823135647885907,-1.0392990271214115,-0.7161259205975736,0.04196548483267361,0.6864152303287312,0.8231888901609218,0.0007670227163059589,0.004348749477781746,0.6851132004043764,0.5305664656839751,-0.2824596403875741,0.0031127011168923732,-0.23776064942555367,-1.073167905302406,0.42143624917006506,0.8535811741111569,-0.18356174791405092,1.0020071791150125,0.35338261459942233,-0.05001112088728488,-1.4438210998548573
2.5909870909747315,-0.6099816993225322,-0.7122107493906469,0.35347164438509815,-0.3420735803846007,1.0552084514827262,-0.6468780714738117,0.6172955238232466,0.3614355156833008,-0.6100236026541844,-1.0587350964456825,-1.2594518387336053,-0.06671888401242702,0.0778336664622365,-0.046982604168594545,-0.6395255861919706,-0.9671423604784689,-0.75669504723267,-1.3857058110315952,-0.2156068268639752,0.38241257030457854,-0.5786042474158211
0.08780975200740644,-0.32195238888445127,-2.1243763723063473,-1.7907117978332336,-1.4054838616402119,-0.8122631982010493,0.5263254714696389,-1.1471446094512971,-0.8329494846683209,1.0416336448245318,1.0297713146646894,1.929442264455647,2.270825995231274,0.46866387988434516,-0.5382780268248697,-1.1802590251233935,0.9953700696000043,0.8742371179416742,0.6053886861710195,1.2378246695536135,-1.9042308587075134,-3.4200492680362973
-1.4773590952641915,-1.0442440214137745,-0.9009593811470911,0.5186949131679888,-1.1419699260259257,-1.001281668780358,-0.37938945891008086,-0.10088355976304758,-0.11251759652922383,-0.21950648619889357,-1.6662285257323,-0.7573330400070171,0.7634015987277916,-0.5967146705447102,1.1330656797315055,-1.0120649878549677,-0.8954354774217146,-0.6728469579616208,-0.7348963006979334,-0.011417323009082762,1.070252750801774,1.7659197321374087
0.4792395745758082,-0.8871368163362722,-1.0628537110297451,-1.6231668339659278,-1.4344578098641676,-0.95938233677412,0.808303643219727,0.1322795711491052,-1.0651970254138219,-0.6571350886625016,-1.4688132339910933,-0.4430854289544829,0.8107212378597154,-0.3741435698978528,-0.18876544455027705,0.6214008388413779,1.4168508456804163,0.9638440747925486,0.1324883381659813,0.573006091585546,-2.003852217844402,-3.1172473487948995
0.2808902757984579,0.3507510018996018,1.2921461818969988,0.5567701118412307,1.478779125650012,0.8835745232611932,2.1846425326892627,0.587386323448841,0.16873930934631123,-0.3157801630010635,-0.4013095212449411,-1.28098753761685,-1.6245460445453757,-0.11377319740918004,1.3536425225727398,0.07788228728760936,-0.06788163109963628,0.7246915394717559,0.7076630519424902,-0.5012072683149266,-0.5888684663792549,-0.7232529043464584
2.0446236351147244,1.6820170461721813,0.3132330718175268,0.33213523927808397,0.5591085750604546,0.46364919148968253,0.058784051925361576,2.406849533987489,1.994779103426688,0.12883602892907137,0.47684989608097206,-0.21986803680078884,-0.9268895339787632,-1.2345893046521959,-1.1834261198145744,0.7975666355840196,1.358997300609709,0.180923979421458,-0.5235671456826815,0.06978389901393921,-1.687378794893816,-0.9106864581351342
0.200088710089235,-0.5911196676578834,0.22454973954246643,0.43988419347322516,0.8831811069802639,0.04979201404159898,-1.0191902164528008,-0.01660503281495005,1.195777127147836,0.714601597538446,0.3395587380467884,-1.890512620606679,-0.512445204625737,-1.208613752018843,-2.029411002837612,0.5538896810668689,0.41697290487536326,-0.37293628888798164,-0.3347846500726073,0.37263374017447104,-0.1366454934401089,1.520572231651074
-0.5891751556199372,0.393331070534596,-1.1338712484765867,0.6433443428559351,0.9332184526400482,0.03364465887830559,-0.40587513839902756,-0.3520609037646032,-1.0964063137408522,0.2202433009181476,-0.10229565757111346,-0.6171659171654132,0.018126270649046733,1.0842702802762343,1.486466360369462,0.6959039057853234,0.694050203406518,0.33499921272131183,0.032431608959832874,1.422567395506214,0.4286803342383261,1.4655430808749588
-0.32046188554939903,-0.7248698628318132,-0.4580464193582614,0.7352118164367759,1.3888488151385143,1.1292694586515668,2.8041084269285537,2.509372680030675,0.22683033128868105,1.9309332053662425,2.2541125346561754,0.8921856468042673,0.354857759749348,-0.035955102139046326,-0.4917534544405357,-1.2155190068167387,0.8742304379711348,0.46069773636852696,-0.2708633163517378,-1.0674122915077837,-0.02814336809243606,-0.4488104162780061
0.3533321332379152,0.4154929559952819,1.260958468844178,-0.24369280786947586,0.4190672047186554,0.653168096058892,-0.5352812758013511,0.14794187158399566,-0.33161612722452605,-2.185819683532143,-1.5942186214495826,0.6342089027776876,0.6229206261346872,-1.0096777237161088,-0.4995766923932712,0.19386152102692342,-1.6242205865599233,-1.517337311397854,-0.5436555967596043,-1.3568004561543354,-2.833281133555832,-3.284171275995928
-0.6226636724746405,0.21126044907790092,0.9815752049536952,0.10211132013819539,-0.1677185792166946,0.5024544562023073,-0.06138553048411393,0.7951622628614298,1.3195842840244734,0.2760607839087559,0.9409660234253225,-1.2237251694352396,2.1460471722590686,1.2519955947513037,-0.6406675860544389,0.12774831196584585,0.6007955408055963,-0.02131045008788194,0.7390216137343055,0.8535677245361643,-0.4804645004436448,-0.3325215418740029
-0.83552708565605,-1.100696560717554,-0.3712958866553223,-0.8696731976212615,0.4751148866750132,1.4289974448146574,-0.22385172107492485,-0.5937782188058538,-0.9578540531131406,0.4798844327497926,0.3356922158857163,0.4537903621363538,0.018694966658616353,0.5671649356593739,0.24583079114642337,-0.4025224820454137,0.46464154642836275,-1.163239655598055,-1.7658956921413074,-1.502407341669853,-1.5902663823753893,0.37137714777392183
-0.9306778034615193,-1.2752943011943596,-0.5524064893287212,-0.5661032890419909,-0.4242422102683228,-0.02986328380187286,0.07334663421235825,0.820854554489233,1.2856115249606261,2.404244717476226,0.6136695746315178,1.1274393571818746,-0.05947802742478532,0.7608552943035445,1.3191821041344405,-0.034683239997412005,-0.2719745025780936,0.0632285212413062,-0.7112240955823002,-1.6461481210413706,-0.326906518874598,0.8114396363282966
-0.1389308074701176,0.07522700378289814,-2.415167294493909,-1.200377612348937,-1.7326215599571932,-1.1993435679037516,0.9558837041812744,-0.1029491053299332,0.17703472840210063,-0.23020339740693888,-0.445753549353576,-0.4469155760819363,1.2944273796347974,-0.3877627280159516,-2.2152428689716395,-1.4685705007108283,-1.089388595032035,-1.1699375621356898,-1.0476202564227586,0.7234490837743949,-12.3530132526156,-11.3671857311294
2.770040243985692,1.1518134305175431,1.951875438370058,0.2098697940165211,2.120160936159924,0.5798157468572593,1.455909574274873,2.004967514925724,0.9953383508807617,-0.038581339603630395,0.23387677077258046,0.633223261981276,0.18246871854272767,-0.8564344353061012,-1.4232264125056784,-0.12486023430534478,-0.15669977563441143,-0.690314134078028,-0.9075330306463184,0.19671855242229583,-1.1341480724529645,-0.8774018354479518
-0.3641754617323302,0.05641681542903881,-0.7462030347556462,0.2851283009024459,-0.6841991921886237,0.04698362506427221,-0.6646366281024396,-0.8514355956123719,-1.4896188651301678,0.22420698135641015,0.18373233608279183,-0.9850782877742115,0.0005782015651481288,0.5790681657147136,-0.7457067655595889,-0.8407106321707652,-0.5174282464397362,-0.6816068924868768,-0.0934886750015199,-0.09191432998643267,0.5748359557561944,0.6277028358794796
0.7490060609761457,0.33284094851853774,2.197245486498636,-0.3021574692503244,0.7577854146212546,0.44749210755754704,0.5189633024417787,-0.492456550073927,0.2229924623726079,0.6255965491055742,0.4759319806643026,-0.06912253222331448,-0.449677103590836,-0.30208634040904037,0.44792228886018076,0.7591442105369717,-0.8834386032300297,-0.02301233310720428,-1.032326450227435,-1.120656261843794,0.2829717006365182,1.2845217062062277
-0.735814161598634,-0.63068026953057,-0.8800106336520499,-1.867965533622176,-1.2602973410404248,-0.9314340433867755,0.033456105773473625,0.034655809365179646,0.48736657930021055,-0.176081261511625,0.5016527642672802,-0.21671194365257018,1.1142579171417886,0.857276134821841,1.1438362542795175,-0.3568194403107093,0.3975763532165699,1.4278390369209866,0.3838382059869321,-0.008703549416676608,-0.44553483481359313,0.4422246622784416
1.009601607568074,-0.44415371161696315,1.2334555971829164,0.5553807911566575,1.1964825721520254,-0.27157050741861866,-0.19572203063031798,-0.36003403551178953,-0.2849611133440312,0.6144337996120458,-1.0794307993153955,-1.1927579721527155,-1.0437535405038758,0.4879479165272607,0.9807440668096451,0.25679591458436096,0.2141994782995976,1.0491911248220953,1.0877642628390576,1.647762218986175,1.0913051211021183,0.7296431683931879
-1.324928826773357,0.4450269225461744,-0.3256282873584686,-0.729568532529534,0.3229974374497887,0.9697852487645469,1.4614497102244153,0.6497593142408404,0.9718684317083751,0.10375739066421262,-0.5583593484133051,0.8265235458835001,0.9490272068060543,0.5119242033737453,0.026681439623565624,-0.9328839113963661,-0.15326714582929038,-1.0050229462141145,-0.6469511783980566,1.1159314858702922,-2.4408741030304597,-1.7650619822299174
0.16559747723975257,-1.2968652188987373,-0.5333635072054937,-0.6249640291816768,-0.9127994930769336,1.085990828613133,1.619487718240655,0.5528622798438182,-1.3555408804940794,0.06944571154928551,1.7168226160145386,1.0522357049109392,-0.8260826735898826,-0.16900793664367528,1.1722030210284058,-0.2468644197827527,0.09755537143296644,-0.7147970526691287,0.4659179588882645,-0.272450889948037,-1.810340614330789,0.1534337536265346
0.30607381975269826,1.252229640374709,0.883225673136907,1.0469989942873725,0.9452333642969405,0.6891511032491173,0.22195364658313887,0.5298681485743887,2.036776532476872,2.0686070333427606,0.41397946529194457,-0.7773400021423744,-0.14887735570382563,1.4618928151530266,-0.13537116051319117,0.21089260135361687,0.04082529240710733,-1.1684350902322742,-0.2512734524703251,-0.4205508421567129,3.945978039562439,2.863304465025489
0.1970858744927166,-0.6728532999624605,0.06125634337921547,0.5665168460426375,-1.305100132017315,0.4274017206199835,0.15989660594579344,-0.9761676360337507,-1.1068729967090323,-1.6465369674951205,0.3078685984211158,-0.4625611147068408,2.274204435666291,1.4256218364392086,0.13474865938514305,0.552171317953148,0.8856239206835356,-0.3398988199436547,-0.47752744385119444,-1.151951292311375,-2.1583727680643,-1.1853936549557755
0.430282897281582,-0.6344247068347082,0.7491797208418036,1.0554626220086751,1.1794906024972331,2.5701335159668544,2.8097043671606907,0.841211395789887,1.002546030719384,-0.6928450336868963,-0.6618693571327459,-1.4037037841239988,-0.08857935281553994,-1.2706007849928995,0.8994671422913002,0.36129822025870134,-1.0502337371130628,0.5964924552185416,0.3523909209367282,0.47495794625204085,-4.00788176327902,-2.381067271755056
1.063089848231603,0.105186463866743,1.1552993378649905,-0.10027074776266368,0.3880561048911488,-0.9679203962020977,-2.076290722724257,-0.2918751407183637,-0.8388608009266847,-2.362078004744318,-1.142973359641556,0.029223842536369112,-0.7735447148999649,-1.4416465251296673,0.2841187130607889,0.6214773049179613,0.07948328577009083,-0.09168316308179661,0.25704169946294897,0.26159329553008587,-1.2977287232908443,-1.9297687329322097
-0.7047435875139405,-0.37684378495225224,0.168952360087769,1.2937213281889017,1.000921365981817,0.17770553324274188,-0.5534531528177858,-0.2522026486334817,0.2492602153295903,-1.130166441318506,0.28005641510670815,1.957334258483838,1.361974187398864,0.6373152016606388,-0.38853582000018333,0.11547140060850766,-0.21028302043772057,0.7791655850704784,-0.1614048285289854,-0.7552675449328867,-0.06564581470762221,-0.46232619751582393
-1.5628658578263173,-0.8511970711364261,-0.3490264429465422,0.9958615265203681,-0.5198958840107187,0.4617081222997677,0.14153994510509066,0.6299059086290664,0.38850712111668034,1.602248426289582,0.17015098116503025,-0.566715325574175,0.4582720651529157,0.11154120815285537,-0.7133936645815242,0.18772625263738327,2.0665256302024155,1.8034761225537035,1.8586435642537056,0.9090580550124446,1.871842785505619,2.200083975702076
1.3804555047374485,0.44378794882685174,-0.2066657858127034,0.756392094547706,1.6932176734711193,1.1929847587925926,1.2223631001880768,2.0704990718102616,1.9410093148710308,1.3628329510476482,-1.538749737315741,-0.8519200575439225,-1.5968882052042856,-0.8946126926011246,-0.22749638118454674,0.2662850461478855,-0.33455644478552615,0.34452178464143834,0.08434165816960816,1.4169532928169002,0.01593463424596031,-0.9245095968933855
1.5680960731683096,1.7021816814105488,0.8502735051260457,0.5564517480672829,-0.39507118874156755,-2.000485650443067,-0.8816425124782251,-0.8697986668593457,-0.6445793776970441,-0.9076694935854598,-0.8238276958474925,-0.703707935966982,-0.1740939621691941,0.2997736836952895,0.6696819978773423,0.9173445160151427,-0.32591401449001633,-0.9695685548554162,-0.029508247872454676,0.5287420148746483,1.4105039097898882,1.6761542919191879
-0.2857113882325448,0.12103884837525172,0.7948835886746854,0.21741725663340247,-1.4629105731557448,-0.11075668535189064,-0.14900243467704066,-0.07033316290457368,-0.35329718928583304,-0.4398589170982641,-0.5707585415391684,-0.41804475287380555,0.023268225317081524,-1.3089149229371553,-1.606321153704531,-0.8305243812221408,-0.880944897962157,0.8241947291856292,1.3253830381083798,0.41630416075712057,-1.0857699815986153,-2.080391400139559
1.022997350716596,-0.5898456589610483,-0.6436029597694357,1.325910042599261,0.9154682302313594,0.09178780416150178,0.3654792950237097,1.640594064950393,1.5089587890471332,1.6897726056322244,-0.1885718212430914,-0.034245009879661226,-2.8589022183269677,-1.988872723797074,-0.46441348524569154,0.9609142092058036,0.07873903371916484,0.8791968665218374,-1.6941434162384343,-1.3146321455304892,1.4690120177806028,1.003989891435896
0.12166982154373122,-1.1923931104754877,-0.7957841507551724,0.04653613352629502,-0.03300787855050848,1.5185087352109596,0.5951529553503268,-0.4285084316057826,-0.7701726422690177,-0.6608384644113942,1.2043830836419527,0.9026256781333083,-0.15187450709823946,1.2278302859493153,0.4348150319826083,0.04569806696642673,1.0150573873389845,0.27215886395658845,1.0048479643525243,-0.10485124799581727,0.571544256709855,0.21494749167517793
0.14725551843245668,0.6766774291387527,0.8699261044354974,1.446760809967494,2.42279021936537,0.21495783947246622,0.2687490554506314,0.9485383798187087,1.0821880759398157,2.6234228747426043,1.510831844627463,1.2314637335504577,2.0231812689923916,-1.4457681862541185,0.18509185244923015,1.053236738415364,0.42696934903600037,2.443620600382043,0.6211788523140716,0.9328178012376245,-0.6873030997089062,-2.204289701837739
0.36433187898396213,-0.16132441497837693,0.05779917237917473,-0.7795956661707614,0.635183284719071,0.2828932579399022,0.6096879084448219,0.5434737728796962,-0.6506703632212995,-0.024508198297408676,-0.6787976665347493,-0.6390107746872157,-2.0011899107307087,-1.3211212673496608,-0.82439709122351,-0.690599161112599,1.405319633748855,0.10793742978372252,-0.8323007121897122,-0.3161740619017766,0.4744583605474977,-0.01881759184996984
-0.9884858690269663,-0.708499484050883,1.120921781087256,0.7833740091862345,1.4388866090048584,-0.25752720521687866,-2.0488797730870907,-0.9962504125851162,-0.26915876463947974,-0.07680107913114072,1.4442110847614968,0.5408326732878413,-0.2665176104220911,-2.5036902949581754,-1.3490309498093498,-0.17556319636716256,-0.42377680685084673,1.4988949961350324,0.7089964101530795,0.6338595014802271,-2.2009546312822343,-0.4955569108349773
0.4469779447240163,0.8501209803415593,1.07819612418254,1.2761677078721283,1.3930202510100713,0.661353955067908,-1.0956061336416447,-0.16177934884123304,0.16407722877964365,1.9758202855390525,0.6158135755075829,-0.23072498154177887,1.4155461155582487,0.4822059378146146,0.3930980596773252,-1.0931211300095063,0.4928682000975234,0.14627644137712478,-0.37888201052901493,0.8297927326550876,0.7756929779683701,-0.22644508506293176
-1.0989633543561885,-0.07638844565942272,-0.9751678797008909,0.593523094125177,0.27504298632996615,0.7922276235054889,0.9303274395346525,1.0611929738532182,-1.1074233709551256,-0.4956632748152836,-0.2909908886071332,-0.40157697298184475,0.9167484281559019,-0.9422466526910527,0.2936322314548728,-0.13125014206055616,1.1513538948340654,1.7224652286167335,-0.5942791522218409,-0.8002400984082914,-2.7736759364546613,-3.0990198502654405
0.12142423041125464,0.5899463300857605,1.0293510169589857,0.10634871730552524,0.04381246077175445,1.0144246216563313,-0.2588487665677029,-0.6560475054741387,-1.3832887109500258,0.3920622983309303,-0.18994475782535994,0.31553263953531685,-0.33633044561646663,-1.202599026059689,-0.37017719122595605,-0.4311713591995738,-1.6769959870574878,-0.3121360720501357,-0.28003573870993537,0.08753609062770892,-2.309851858692637,-0.5585275253873913
0.6027576059561863,0.48731603355383946,0.43495191411322176,1.5605631080337836,-0.23404481712419892,-1.704642458019564,0.23078241346689451,-0.0749141218985798,0.13312659774767754,0.08352969396174144,-0.3599369212946392,0.09350074396830974,0.7756604397576978,-0.44419644612995285,-0.7066723340633209,-1.9439159278282603,-1.6219852606955352,-1.2391857075699422,0.3135343916989176,0.172816457547714,0.1948655672234913,0.41338471427739687
-0.7396172506588863,0.6168587135868874,1.1677869565179526,0.5979750674662384,0.26535071355326195,-0.42977430543958706,-0.6232684534364115,-1.5248785645826892,-0.7982399994609723,-1.0004167375084025,-1.187049628613357,-1.3759903816448764,0.5237270462428188,0.6860334778282953,1.0671873999695594,-0.1860678029233904,0.39819324409944307,1.9947828168540203,0.4959910955431283,-1.2045360782861145,-0.2879829159498165,0.11783920152722305
0.847102922767585,2.272610444726286,-0.02688948028007611,-0.07831930589695688,-0.3218448922437556,0.03413089796592548,0.9331073028630863,1.1982210106562652,-1.0782729751320617,-1.4908072264479928,-0.5506182349543117,-1.0490071610328937,-1.9829948517146985,-0.26115563649935636,0.36942339324849965,-0.3223130877210959,0.06716644999520874,0.4160691689863732,0.7092102602483757,0.3470380176711237,-0.2741003531661575,-0.22776738311513145
0.15952316817086767,-0.18173517977340578,0.7191313927980292,0.3832135905607478,-0.32230565764558183,0.5479475466582734,0.017507038562988,-0.7984393947693987,0.8847295129032161,0.8353532392881894,0.9459580176687815,0.3128512047756206,1.3050117001500612,1.293113511154929,1.1469975991962873,0.8488227515538227,0.6618750590288831,0.5317881951849086,1.0923173201124567,-0.4386034541988034,-0.44112152762913165,-0.2279337157139402
-0.7505972847778908,-1.3062706564143725,0.24040358641328632,1.6031372391378218,-1.4840775038337823,-1.5685848853438138,-0.7520046233053427,0.10542083622593741,-0.06937242157809594,-0.7377467971363632,-1.5172056470934319,-1.400254609790432,-1.7250868427396315,-1.992920897232245,-1.1661610962777291,-1.0203804654695894,-1.3924825596500845,0.07633995246427781,-0.9692645262396612,-0.7207373729013427,-0.6503838309321042,0.11235096151534119
0.3468343693247407,0.39240686385185863,-0.4146734229871653,-0.5103522083959132,-0.6965200517014223,0.5042068717642161,2.258600035205134,-0.029716135484087847,-0.42048640869623816,-0.054826518288013736,-0.9651853172563118,-0.2863650985539875,-0.4131524032628812,0.02989106485962603,-0.3466077552366219,0.33656595008474527,-1.2388786075351763,-1.522270084329712,-1.6098037868755122,0.8553119971300855,0.8457200942718056,-0.91045612571274
1.1843667058159568,0.32972038280453836,0.5634883939587085,-0.14503224827450437,0.11587278316339443,-0.4062075656232805,0.30830655653317485,1.2788153620085634,-0.043373876952871704,-0.8453129510725744,-0.8461301526821954,-0.7142599233303762,-1.0937622888742253,-0.4972975022055739,0.5650033573464648,1.2418416236317438,0.09486746771051083,-0.9061628674231174,-1.1662554255215012,0.10218536062708342,-2.460955194425665,-0.8096553587757062
0.9760141578559722,-0.2171239653168248,-1.3087774500036886,-0.21635511660099857,0.2709837956032242,-0.7261034360497057,0.280629937290807,-0.18959524277094666,0.8534621186674544,0.4842526203392117,1.4815915332577507,-0.14267279483045278,-0.5625786346287474,-0.7329799772139274,-0.39869778498730324,0.7764008895204939,-0.05772290253587341,1.0438481156199282,-1.5397437428554943,-0.7219101213030047,-0.8739772816084792,-0.47260664174956946
-2.2290092322774515,-1.8610852553121657,0.7920531058971234,0.8301276100695629,1.9254115421443572,0.8299000777876588,0.13387303047103621,0.8812554203360594,0.16524473558981384,-1.227396249347971,-0.6890119798160002,0.017051760095428876,-0.20463826249496359,1.014728604259466,0.9580982048545722,-0.3815741797956173,-0.3243004435091452,0.7254860675334552,-0.6731233497171509,-0.9189224811615007,-0.6050095916697347,-0.11257029287682768
-0.053577497342509,0.5007356995882137,-0.08130583885883563,-0.16278951046020562,-0.3960858645432233,1.4802404689974573,1.0381699970495735,0.3976774671144992,0.6328533334102628,0.5384788802718159,-0.2929286955349213,0.4941018204607384,1.3843350281556668,-0.2700068470392489,1.4877203489697801,0.6392353808498381,0.4428559989404805,0.8795640395221813,0.42061389310610675,-0.18789388695964118,-1.8431343225161867,-2.457111182474375
-0.7665142973556399,0.41294727086933986,-0.06165676202599271,0.30734429705001376,0.9277565886867736,0.47067518862979296,1.2014341415309024,-1.3808509494304335,-0.5990473347298918,0.8719742412817336,-0.3538368511374901,1.0872624888241926,1.067059013314409,1.1854740992307349,1.627345965394642,0.8979211055567484,0.7557827200881686,-0.7839004262844798,-1.0485767847365204,-0.30194918343497296,-1.4375013411473103,0.26408078787366457
-0.9173454732281845,0.07036161995138784,-0.5851256261368719,-0.6858447120464132,-0.668408551534086,-1.8945359695918182,-2.885478969680074,-1.8671561613345713,-2.049225619785677,-1.593382786144945,0.38271721342326537,1.4950176367355632,-0.15307054111369206,-1.0138016670903485,0.8998702425048061,1.8093272526093138,-0.270535994300356,0.48834523271355273,0.18839358551542945,-0.002423797009304937,0.44393791060324217,2.2723918794577527
-0.6188316321633606,1.0100174302785399,1.3930765777656084,0.1332162862604836,-1.4678362644240934,0.1008991426623457,-0.6349044376046223,-0.8105156557689589,-0.8102786091136329,-0.437473033252883,0.4962995710773388,-0.10787039596717567,-0.9960044088966522,0.6252687189782653,0.8356039517498214,0.30892749284957177,-0.29098894557640204,-0.32431512284786784,0.14714984231701217,0.2132545862397141,0.7484892236026461,1.5262480495610238
-0.6138732809470377,-0.4883099874760314,0.2817327257429712,1.201087085671693,0.19272608035484481,0.24087053200516675,0.20228406644171645,1.3644197468885435,0.8487136919831149,0.7909441095782317,-0.019396269258947493,-0.7820561200240825,0.3626592268945836,0.13461216320553976,0.03649514459343865,-0.1702009927532938,0.6891993237714807,0.45882806069511556,0.567027753044797,-0.34926306036538224,-0.05356117388769632,-0.5755164474688323
1.072331140317298,0.8220928379889536,1.5013974035051687,1.1066070734888218,1.0312575182301444,0.5701248973053546,0.9471948986768892,2.170216903147805,0.9590257954601282,0.7313111961381622,0.41925437840938434,-0.36474258692018946,-0.6845713325976379,-0.36776857748962277,-0.9285850945228112,-0.41249759717270335,0.9484242369045692,-0.9550268225311579,0.26713854696200684,-0.022287209716039293,1.65581918088827,1.302252488050534
0.7919061214810791,0.22431100567141116,-1.2684480700445309,-1.734110123895585,-1.4636828222384195,0.31069447034528597,-0.16793170987530695,-1.3396125963471914,-0.34634630425208496,-0.515397632464058,-0.11904917208613937,-1.2022049460721322,-0.6188826184070765,0.7327116633371689,-0.9674272386772043,-1.0237293098480407,0.05617694095058073,-0.45843895511117577,0.1777949155481383,0.0010263841868569765,-3.1322096455973507,-2.3503958379348004
-0.2273344000358568,-1.0529956150651956,-1.5612133509469206,-0.7255396340986805,0.45641725532309,0.34929228343957147,-2.0490489601569877,-0.9590196614544677,-0.1520599192113781,-0.07438525007686608,1.4963986443564166,1.4216938893273798,-1.3655746257623602,0.32508718954248617,-0.1398234418784717,1.170196291598866,0.28439515162019385,-0.5819568636547758,-1.6974608569952905,0.01585499156629935,1.9624700384321445,0.5238283503138796
-1.1502867845933473,-1.175624431496981,-0.6877066760738723,-1.953412548267465,-1.4649338998723334,-0.6016835581719234,-0.03772338743373064,-0.37743824824719646,-0.3323222169968674,0.9789399879664441,1.2154131332080493,1.1298575496184569,0.9718295120566607,0.06796698594760386,0.4529099710663276,-1.1548026787240169,-0.8705753014603623,-1.4689247631439197,-1.1068896131902795,0.3047197247931571,-0.5220443669775445,-0.5958491180986533
-0.05108908375457726,0.3648233175126182,0.3137088622006804,0.6968352130872837,0.14548145509364122,1.236928871194886,1.273212416844241,0.5254418183781817,0.8942748447791747,0.9358201204232995,-0.3520754208752371,-0.062203038910475184,-1.3412461096637356,-0.37869947338649057,-1.589140759231272,-1.6818452781218634,-0.9001181082866687,-0.6667772585933872,-0.6926551731813455,-0.10752730900111256,0.08966642824700449,0.548296992195631
-0.7691836969950557,-0.21508852673734474,-0.32827471203068337,-0.365819115441621,1.613850106896268,-0.026007245695536797,-0.1780751719521247,-0.07597256610861843,-1.1311408725454624,0.6084556257787053,0.09837804686679563,2.0032160445163885,1.1382304841162094,-0.2269636708575071,0.6147186482840303,0.5350337810493574,0.3855718327476098,-0.14659800868761275,-0.47980500991754427,-1.085687554765429,-0.8397868614634999,-0.7528588681054063
-1.1021053621392987,-1.4270323445130653,-0.3572364570416934,-0.2032521322514407,-1.2111691632547354,-1.0323938696124229,-0.432488361727465,-0.2410482472750321,-0.8751153507534691,-0.3819830750664807,0.4699161233430978,-0.2283303486067088,-0.520669776099285,0.18057939674157064,-0.20016704631553034,-0.19658102549130563,-0.6439973438450283,-1.9213793500708836,-2.333008760040567,-1.7426458383650603,0.3690538766298409,1.0460679351737847
1.2238880045295462,0.2257110715421907,-0.07985871545987003,0.4378676563692184,2.1362921854428634,0.6911995667662565,0.7338024963817541,0.6253246011763024,-0.13046879328855368,-0.8426896806588717,-0.6529978752584341,0.33167715686507543,-0.2278544569671232,1.0566442248447907,0.7497495266693057,-0.3717175130673474,0.2814897104686122,0.5707762995725569,0.6764992811514626,-1.8435345419268985,-1.5636587126437376,0.4903349655413828
0.6234424779039528,-0.3658604861935103,-0.4929454627118118,-1.602672394819586,-1.5774919406871,-1.2672413803241587,0.1430542928337171,-0.6396579316535626,-1.2461471220201115,0.8209174700179647,0.2747473363044472,1.6150705592032024,0.8370925486401047,-0.6162671021949284,1.230006987369136,0.74002349236696,3.0498590266508905,0.15454700293341203,-0.5850110288536435,-1.013769693329601,-2.4948967135470896,-1.644415486572231
-0.6243979231559398,-0.9920521739770951,-0.43954696835946866,-1.1526545164640112,-0.9499727920956458,-0.7656927617833479,1.1080733493316977,0.12579448382817854,-0.8042781534359652,-1.8574780046730974,0.05694140463224825,0.3929966039375336,0.08602373742130305,0.9538476743348495,0.382057961002989,-0.9699846750968484,-0.26149711276324483,-0.8202897154181653,1.8619503167052536,0.4709940055540134,-0.763567431844272,0.2800784918926071
-0.30596683248669765,-1.4600787557423573,0.08959493490730272,-0.11426297533034553,-0.11914100092696085,-0.7026082419687351,-1.2036136325897078,0.6138010740782249,0.22505805642692178,-0.15496472236301162,0.05999345795686213,0.31943068517337997,-0.17579033635039445,-0.5267049361962095,0.5977667641513453,-0.9802020814012042,-0.15090851261877933,-0.39455810198420505,-2.128777177659101,-1.0958594311082217,0.15647844882989467,-0.10721533413002984
-0.6044557550239128,-1.0106734546187435,0.7678360442845746,0.7540456047180829,1.0569950436716953,1.7472276577265777,-1.1042340945432836,-1.81992509349461,-0.46404753733102133,-0.3589688149352855,0.9737673507648317,0.8581360279188406,-1.8122661909517,-0.00364652804909454,0.5504005163108543,0.8005800607442657,0.6134281592255857,1.632399527302893,1.8974240929955837,1.1268786289736232,0.9052891688419392,0.945952924952459
0.6524856099862715,-0.1295226919014746,0.7947911900678984,0.7796772154310311,-0.2441846788167306,-0.07841302111581158,-0.7260292679925245,-0.3644225427560249,0.0989001802070557,1.033175206695198,0.2695081470168504,-0.0939663882054313,-0.595773346468044,-0.05029935077977568,-1.0104105257622447,-0.6657608447661832,0.24902543009019296,-1.42402443976232,0.04880900835327813,0.2828298398641536,5.255391244333449,3.1672726768105233
-1.5025127188753868,0.5537039257383097,1.8402136465076009,-0.44236720031431487,0.050287040582146496,0.3368660916865491,0.15848121578202404,2.0926806359484504,-0.24749971204059812,-1.0087253356327792,-0.5824823162737663,-0.29185706085154545,-0.6862811341339076,1.0507356068175704,1.7083559564755346,0.15000562843013876,0.8290945480546112,0.08452635045475952,-0.5279803152244905,0.39877277741387457,-2.314742525253178,-2.945086775756899
-0.7390258073443151,0.5638964073479125,0.039264965701976386,-1.945438287156935,-2.2987692155235386,-1.5636667481300897,-0.8625281612267708,-1.6776777218470287,-1.273750828340203,-0.7612730107705181,-0.9657716083308586,-0.25092082929315107,-0.8627468345671946,-0.09986975435532802,0.6923508744197024,1.2674627439699544,1.0435766637037447,0.6696043620116945,1.4386042225584872,0.5458609777128175,-1.6360384489677648,1.644448847345489
-0.504287943895866,-0.2487241693558126,0.39103069102763044,-0.5509761515865549,-1.4737384574652839,-1.2179014643240538,-0.41718883193201795,-0.7599190178274047,-1.5982746752641404,-1.6463500955476071,-1.528750590240738,-1.5294011573136794,-0.19574115424184657,-0.4263497366817055,-0.6900410704209888,0.4846032939764528,-0.3735292807022725,0.9396266416979614,1.2170996631996682,1.2988541976447787,-1.3279783477934735,-1.3751815380273011
0.30562402001049105,0.13227084678167467,0.5067898278454182,1.1095139674073256,1.0327194626073137,0.5483918629086567,0.954078497842045,1.1035136832873487,0.7789401300589976,-2.3711641109710135,-1.7585349104372585,-0.8404033959632718,0.8420521767485292,0.7019208495430848,2.2226367851255113,1.3818086571736037,0.5832313632813318,-0.3067463138977017,-0.2838955620816566,1.3366144980262038,-1.732581260302465,-2.807516874764585
-0.9666319643533,-2.1973982203823788,-2.32080653426345,-2.360918077064058,-1.4194494416282022,-2.256893307912934,-1.1343189443500759,-0.20827048405224616,-0.13506717745377508,-0.18921980932075425,0.3466606182472957,0.0773653611489287,-0.14647191481558655,1.083746661284032,1.2996047023096409,0.8944621140191584,-0.49682407688056807,0.19577127017106422,-0.12137068637460281,-0.38888029451306677,1.9609258837297956,3.3168240101358304
-0.8539899426471916,-1.7275814029201513,-1.372159015509105,-1.7964574337488417,-0.893922598564817,-0.028205349309139593,-1.1563957277461205,-2.180566773914977,-2.1733536825516855,0.11929436534504148,-0.028227845756088162,0.9043348330169311,0.5132103843618667,-1.2121282631756045,-0.2301102269855339,-0.413319063219724,-0.1960297892622779,-1.4990472452079302,0.44818967351648564,0.6895282822382495,-2.1302690986507766,-2.5901571023887064
-1.484186266040658,0.6222319895744745,-0.6449531216364635,0.3330354480916163,0.5089682905037024,-1.4868731277844172,0.12378687679879058,0.6031093502506752,-0.539679732419994,-0.24940612749622482,1.4492652087548508,-0.23601165014933576,-2.173511883581885,-1.1547972767973809,-1.3075147099770852,-1.638892677281185,-3.3611872427995944,-3.444452719011468,-2.072338106438476,-0.9470486628295232,-1.3359921920992386,-2.6085696950634722
-1.8225503576065565,-0.749672324896334,-2.266998614428678,0.28559639567350514,0.11916193391725108,0.9203035470259197,-0.001021543381011656,1.403475031460364,1.4099019603802876,1.1604184657440269,1.2585586706631662,0.006946351498505093,0.6221502656372812,1.1298391035478574,1.3885003657650292,1.1145012646108448,-0.05193219143545268,1.825156528076802,0.7670571254577445,0.3554958763982401,1.1012633504852147,0.7139191225844947
-0.35046882885474556,-0.13414953089925177,-0.28886954006966153,0.1926839310477828,-0.10128539060995147,-0.061696283777154685,-1.480503197688322,0.6451379675286998,1.5739085458641298,0.2771598048723493,1.289032666125476,1.5891968109006542,1.797565899030151,2.3135959460231463,0.6876228987813472,1.2086290484902267,1.3327849749435816,-0.5947601322434698,-0.004704505759024715,0.4472857426255339,-0.7233323840371263,-0.38806963339995154
-1.0020934543586753,-0.0945314766827346,-0.8154509315023135,0.8002014546159221,0.2535324803152899,-0.17337590048485269,-0.9460566022166783,-0.9082431257728133,-0.18649510170828032,-0.3161348399566565,0.18740927514290906,0.9688850009712507,0.05833094670249754,-0.37025447532861244,1.034663011401977,-0.37757805553151164,0.49915559321997405,1.1883983656131574,0.1996626167998291,-1.108077359003252,-0.141062897114413,0.9660618725205445
-1.0465722860694633,-1.916930297066443,-1.9565443825826008,-1.8730520521176,-0.5014612984404727,-1.0722297253155733,0.5567853363515446,-0.05841044816132796,0.7441305955049389,1.162324323105381,1.7686550186550734,0.18399931011674167,0.17662908471010727,0.17017282842126316,0.49766066549452387,0.11611794127295243,-1.1077070085085865,-0.3041173016729101,-0.5189503995081995,-0.13901916344644663,-0.6502332737185561,-0.9073675108143938
-2.7428897255831566,-1.8037408608299894,-0.44290273479675824,-0.9810455288585812,1.0918910100183634,1.5663535832842128,-0.7047677147213403,-0.6927795035366867,0.9752052203308331,0.26562340322575545,-0.7337159198976893,-0.6248371992919448,1.3604761134636298,1.010311128393539,1.227169250041016,1.5691204968864256,0.2593962095241769,0.025842641165927507,-0.15907877265460735,-0.7404240381081333,0.26548961018450973,0.1538567260310536
-1.0144588817019784,0.08391497439445708,-0.7694047923693493,-1.0969110267139497,-1.721833196953932,1.18892002532781,0.16561449518158844,1.4183309861018136,1.2480140223596679,0.4563005034119771,-0.49356105858748056,-0.769700898349456,-0.5296503630126043,-0.725625852932984,-1.277630820478637,-1.192877642820065,-0.6800497140609812,0.461734469438375,0.08514939830320822,1.2481517028861135,-5.507910228806849,-5.143355107746108
1.2407236003853945,0.9617844230240817,0.1898702185783836,-1.3985925556266334,-0.8006988066352441,0.06827775456496325,0.8910333409458943,1.0835885109562002,1.4305270851671148,-1.2985924104759405,-1.1438961822243843,-1.1259957215142435,0.8291844434728605,-1.8451509572971212,-0.4212402423892533,-0.10370433989984341,-1.2211307434344643,-1.6889646628578259,-1.4195979354144024,0.1792467912312747,-4.2883717274917394,-5.307684533095427
-1.155276801760617,-2.2014865597700735,-1.245417225936669,-1.7417720661932834,-1.9279103445320478,-0.3360113051092918,1.7445866155711214,0.5732193855629012,0.9725712389315,0.33714185950233166,0.16742602991793232,1.526253331810644,0.9904155569368284,-1.187416725644613,0.19540629949632138,1.037717694192679,0.6962064760969158,-1.6335336721710356,-1.5806603095731475,-0.6340264495422004,-3.1461907348274045,-3.527391517698449
1.2831363967986902,-0.20655772057466235,0.1114660462066216,0.018061696864475316,0.9290885880534806,1.872567173310135,0.8627886312971551,0.6072202702690336,0.66952851730032,-0.16441924269987424,0.032574692512356195,0.6301169477580381,1.8629899470258044,0.19054305632032653,-0.6186151158414588,-0.7040589378786802,-2.4629242525574226,-1.8770546384010365,-0.13779855847293115,0.06614938959304191,-3.6828172437234774,-3.692505464239801
0.9824204602575894,-1.6152680595698614,-2.945309365821342,-0.48445139769976236,-0.2150386815245499,-0.6792213580592631,0.04095179758979773,-0.4975481311101897,0.8919730187648781,-0.4112444839313793,-1.0382290473910956,-1.442070763316693,-0.9298995518428632,-1.4035172351536398,-0.4552690105463788,-1.9212103369968685,-0.1386211606423755,2.3265756787396814,0.08004942327133617,-0.3590257492330582,-3.0877973437876927,-2.6050005005086527
0.9329809501002869,0.031691140540966584,-0.04215171814970685,-1.055759770794617,-0.9612769256563257,0.023299651961380667,-1.1091620103228723,-0.1460193166880706,0.6237233574083877,0.05784665337262634,-0.7069170163799139,-1.666004597600567,-0.4551152866266035,1.0986472029951486,1.4347774793320835,-1.051854499301339,-1.2789272340371647,-0.8335937768774415,-1.4206526572325002,-0.6718864638012967,4.118597104089651,3.9231112276854097
-0.7868139827645056,0.20136843162883192,-0.33405186520074354,-0.8840814103618679,-0.017590743129189866,-0.9031099405760203,-0.24790773693533105,0.0977860201906168,-0.7138176164847058,-0.3605726158811758,0.8249620676409698,1.2069147224307435,0.4938072254917355,0.6572373318052855,0.00805466491643643,-0.6072339553228546,-0.5875713319238774,-0.41207731551099075,0.14878560196512042,-0.5887155043596737,-0.973251858372769,0.039993707148549607
0.547520012295264,-0.5278228902894392,-0.7020637896824126,0.5052099981987984,-0.5211627023161135,-0.06787345701050085,-1.1442114145855597,-0.6825943039234869,0.8764192446230668,-1.5169669700906763,-0.8429493605361698,-0.9734610308868081,-0.8038302923629702,-0.03950562744621791,-0.8037093450740577,0.09955758272831863,0.011742682787192158,-0.16945131548011427,-0.14451048820208098,0.5801049283329991,-0.3724076741675238,-0.4717730510728644
-0.411488814965567,0.36642353269859795,-0.21347794713862298,-1.4732385938863912,-1.7834235666635398,-1.5705524094767271,-0.43187366278132416,0.4317099004333911,0.9582106236624905,0.5121930846414094,0.6531921838406604,-1.1158123514394234,-0.7217124439784564,1.1834064741389028,1.2709819964582527,1.7720120531478836,-0.04912397431074607,-0.6264978529173366,-1.0826838212427963,-1.065500427682152,3.416326107878016,3.0217286883152594
0.14422142052989026,0.8492111198794055,-0.2689088635579962,-0.31143970124400266,1.0536081175421423,0.6594772678207861,0.13954780375397263,-0.5216315478880116,-0.1626579913356466,1.0421854708325011,1.155191524654116,0.6585544572753271,-0.1750006226214405,-0.6505761681288326,-0.24801726925876413,-0.29254679261539707,-0.45378064650076244,0.3255839111728729,-0.17385054858930452,0.1564675669422591,-1.1561318846992017,-0.2440252283794182
-1.128492438589575,-0.21549430873785955,-0.18049707469399973,-1.1466824240630475,0.8107197341888018,1.3949097707895277,1.4175612815003371,-0.9278052666387632,0.6679710166657143,-0.9013203164968712,-1.6602926736798005,-1.2847329324462413,-0.36664406660364524,0.7407257111272065,-0.7094090009007089,-1.9200230932005542,-1.0170705867779506,-0.3119160947570869,-1.9085172981239413,-1.4691680619055913,-1.1764046068979872,-1.2668915016603277
-0.5570859937488005,-0.5430183743028317,-0.9500307556632488,-1.3922678798808445,-1.1512305996797816,0.8750432126027743,0.9094555793373045,0.615249592479563,-0.6611713443909628,0.15833541167961715,0.8576315545046871,1.091694474441387,0.6602992362987117,0.6206704707541054,0.6759658060956885,-0.5914396038090118,-0.30646509450017206,-1.1710021721812196,-0.9295357872574785,0.15601600543064542,-0.725393884098172,-0.8760493395696454
0.8494189811071908,1.7313846379253164,0.5138232308858752,-1.4400835526957978,-0.8066741402342484,0.1679306026522084,0.40984684326257004,-1.5629446042629043,-0.5560068822539878,0.6896097461290834,-1.0462022328561535,0.12411964367820648,-1.4211224663465292,-1.2709373745368326,-0.21396778580005282,0.0672977691475766,0.4960274426978215,-0.8558554405357139,-0.10950368687622204,0.7245982179967978,2.2397878992155045,1.6653141531573907
-1.0909665573792982,-0.4808173011071853,-0.8498455679181203,-0.43387093788732034,-0.9527363803998193,-0.17261668596461013,1.9123365164670563,1.6944686376138471,1.0801376068055086,-0.26288312389748464,-1.316532171422227,-0.06360477958822623,-0.12812490479769553,1.3429082877587442,1.3344141035120871,-0.5742456660313705,0.5230603270424339,0.8617375755213211,1.7086540987459689,0.724199833129048,0.712414864341872,0.43185963007583844
-2.682805313965566,-1.6426958064306623,-0.5809598890672341,-0.5117446780301864,-2.3954020728295506,-0.3608420187338601,-1.7416453985542928,-0.2948272041968079,-0.5388289332428037,-0.4919394233593587,-1.2915404711454177,-2.4652035720095924,-1.402066324293936,-2.462200924556002,-1.4436029470247616,-1.0099719733321677,-0.1050848126283697,0.6882778908301992,0.5772465969039245,1.4921133239373863,-3.193333654057187,-3.656851879398347
0.33725255427371703,-0.5144190591515734,0.3726332987223938,-0.03613822509190602,-0.6568290350913221,-0.497645077555129,-0.8198843265933824,-1.278665245721966,-0.7124534072414728,0.21405508845367327,0.1813021777891551,0.5045903874862602,0.206610905857239,0.46671346260849617,-0.9179170124994734,-0.18502660075812302,0.6169247748281548,1.6705925058180644,0.9741950444884973,-0.5958242326711204,3.3969485413113656,2.3362621207427114
-0.6661196038941174,-0.5145078575323797,0.0667963914549454,0.19829168406004727,1.2842350769545183,-0.28592276515241116,-1.1495544295857727,1.10648131821604,1.005509037068951,1.4552227327731604,0.10828296029713644,-0.5201100456360398,-0.06603248667931112,-0.6147113992664412,2.268329713196641,1.3423227671276732,-0.2608473724294044,0.2598813746860681,-0.19415811898159976,1.5626505231568129,0.7384218684421759,-1.5517144595767947
-1.2941911815938327,-0.7797684297451264,0.474627890640556,0.21934459716796684,-1.2787037443848448,-0.6943379293971869,-0.3838123452021318,0.9982290908017946,-0.1760032603964535,-1.510426430903722,-0.02546001186299406,0.0351099210476955,0.9691228414852916,0.48754425935947104,0.09993607939511998,1.4185658521346316,1.0883912284782091,0.6699787803297685,-0.5947047187930083,-1.2146509065672924,-2.814373096145583,-2.2715697176841525
-2.383879433711282,0.07975314288344318,0.9339804739609098,0.5868694453826929,0.049454669342690064,-0.3778964386693954,0.11297041653834236,-0.01834041940123293,0.9452162534186267,-0.0298713322422016,-1.2033269299465914,-1.4784288320805183,-0.31937179191175735,-0.9872774959353485,0.9085245273895795,0.2215855344738342,1.3756770837762393,2.543405003863758,1.2193853241672987,1.167696925264999,-1.665566276328175,-2.537673010722463
-0.2680417889859595,-1.0661081491129671,0.27684421033553036,-0.12701636731671007,-0.04140018345765163,-0.1854172865970189,-1.2499930758606344,-0.4155355045233691,0.22456821750655398,0.8270625285573936,0.21931288226270515,1.7623170220749638,0.48973881996295215,-0.3149647208834555,-0.0061384066232957925,0.39498529613085337,0.36476193564338927,1.0080446991900796,-0.03854950425547015,-1.5301610816210964,0.42887228205418526,0.6160435466222985
0.6903571541073102,1.3835974472320327,0.623384618677017,-0.18267060159418794,-0.33073335396765546,-0.22179260196155226,1.4824280894513602,-1.064939869772938,-0.7544634557669113,-1.1784412269317033,-1.974742265957056,-1.0760848896574307,0.29039934505500703,-0.2279625138138185,-0.009541000077004225,-0.3736338168167667,-1.1728143180941928,-0.13461096264819256,0.4150138210782477,-0.2724457231116902,0.18215471762841243,0.24690871476606424
1.4478599240584378,0.5212346812584923,0.9936544430407104,0.07847341453369117,0.48304895827851974,2.244291920265902,1.6509645385270837,1.5786376106280038,1.1515625198804735,1.1470297383459584,0.674429096469732,-0.5195304052430242,0.09688704703121284,-0.36844146704915587,1.0238564413563527,-0.12735986599786003,0.3137882988838103,-1.0705940039922701,-1.264525961089627,-1.6819711608320296,-1.36190834727893,-2.6054157932130235
0.33067750959415265,-0.5685999078072126,0.4404599200930951,-0.9817533369488296,0.2637631072896538,2.8560451818862593,1.8335606727976204,0.07066008717116594,-1.1208720578726648,-0.07800785167305317,-0.40463085894081535,0.1768388482710764,1.5442594305488504,-0.900797618089279,0.9381179287416143,0.17724311724752295,0.4093828570685749,-0.47742779964067994,0.16082019664964806,-0.7545805750423327,-5.305684256743426,-3.4218590150170787
-1.7662407508424685,-1.3540327045967748,-0.5591827638236898,0.3535291706689279,-0.21011876564285448,0.4529241338670769,-0.06940763065660928,-0.34338817769406194,-0.1419296542152145,0.7838463892285564,1.108375659630311,-0.1396317000748546,0.44436186240393566,1.051279296103735,0.8149848532484921,-0.7475544392332114,-1.985090577205977,-1.3108209245676345,-0.5541540717023122,-0.3517209923793569,2.9908624724421067,2.7229138384409164
1.0916725017545321,0.9108837252025679,0.07622100529721336,-1.235241439335551,-1.0433500949992107,-2.2089587106876594,-1.5683487433448005,-0.5963130218671766,0.24582346464741453,1.5124837938955127,1.0895623497202058,0.6137116445472381,-1.3991604828996933,-0.0484562188787525,1.2401638407545328,0.2763049095207752,0.11282270326855814,1.035091460147299,2.372640023780684,0.5565198369874195,3.3269928253906427,3.1028322167176747
-0.3622316125195566,1.6392366049475189,2.7539565157473342,-0.028873930350315404,0.11863069233171655,0.5144285137562309,0.8493870118846014,0.2342161489410475,0.4795438471276711,-0.5609248884453677,1.487266810702799,0.5559607724740827,1.2785901801534094,-0.47376228301539236,-1.3820688021507606,-1.3456974033503442,-0.7086492936362724,-0.5214569174286384,-0.04336196106030727,-0.13292020199744145,-2.0262359922650117,-0.6684863354917581
-0.6472448407378693,-1.4574007211376403,-0.4046399076583245,-0.852538410391704,-1.9968875288974086,-1.4596435741908826,-0.15591658799601224,-0.504347165580059,0.7759735633591488,1.7600014545390814,1.2267852558348384,1.2384312863593328,1.544216480300166,1.7689769476055823,0.5677642308907289,0.14270637848610485,-1.0513754333283962,0.4709376400791782,-0.26010720191771824,1.3018592689413577,0.7937876830378268,1.7578165484864041
-0.24855796277572897,2.0555708963213526,1.0628927434729776,0.4229247711347627,0.09059857603311215,-0.6952940308323852,0.9648204456237608,1.7535581869214183,2.768598969907748,1.2260204556570886,-0.7826889102018214,-0.34380819099958015,-0.892482079273464,0.9197196315743849,0.0468600632259928,1.5930409573276059,-0.3698296729341767,0.3522931930018438,-1.4054826510812415,-0.5671756872075838,3.028145729433728,1.7711686985788802
0.7472597208231595,0.8892791629004966,1.333294375814737,1.1594959774062816,-2.050019237253161,-1.7441008088886965,1.0966563468039803,0.9764868880472669,-0.4326251881937407,0.20594961874365175,1.2244811884170277,0.5108049766274232,0.5198269374869713,-0.4077130277822091,0.3364229971263802,-0.2764708484428135,-2.210315408495339,-0.5398495833582679,-0.046592018302641404,-0.027974588472388245,0.2827664334461861,0.12441851446487878
-1.0584536317366413,0.8894290180087524,0.8206903162779043,0.22637331341428843,0.3143321282331417,-0.9989511606311553,-1.2773524751204728,-0.4606084723549819,-1.1323015252281434,-0.6279522745382379,0.6364786433018076,-0.5738110694815808,-0.2312029902738161,-0.7066818484314906,-1.1931580366214114,0.47453526801185514,0.5950818215694419,0.23520478704141115,0.6761983916802999,1.625029434436227,0.7442628903430937,0.25585841900475825
-0.4539545585140431,-0.246967757680859,-0.22881533200388535,-0.7010914495561378,-1.0267843058629096,-2.1140283428986915,-1.1959573694963006,-0.7730485139927327,0.40394246353173074,0.11877920207694954,-0.9329569537176464,-0.8626116419089329,-0.3588618057581035,0.4478610371523808,0.6955496277451277,-1.2692949379800278,-0.7483578188133536,0.06454690462011392,-0.8153053611442861,0.8484664049727065,2.3954952634619224,2.8571784925029813
-1.4053982535019762,0.44481641879626543,1.629636521284298,-0.03382236504434147,-0.5763286803179283,-0.5464452635303543,-1.0614349403674985,-0.8604513084490887,-1.3018019672550587,-0.07434413669551809,0.49539564303758427,-1.376903902268465,0.3604993218173934,0.9168209905114059,-0.4038904060844914,-2.0347694151235056,-1.3763783516110213,0.7320327157705984,1.0943001066184366,-2.284989993197068,1.9195082006788649,2.142838427091937
2.6814239428833058,0.19253880610079444,-0.22237684695292065,0.20755447403284566,0.050772889224140645,0.8112019865066458,0.37320822557910427,1.009105881315802,-0.07485513716699341,1.0172532585645961,-0.19969518613697623,0.3882300417692236,1.190263654763316,0.6612749139262862,-0.22015214590139778,-0.1845377019744263,-0.9844492617759244,-1.3324938724813085,0.11489917766230531,0.4051607075391977,-0.4114573416869054,-1.1964871153262664
1.0111371245457668,-0.09046580811232703,-0.24490760561541494,1.0784044040234304,0.13431720379688836,-0.513366007987751,-1.0813412683478187,-0.41188093316284163,-0.5431738906785167,-0.21859799512846614,-0.2109861403238118,-0.9610536703889396,-0.06486259808083414,-0.8430584344467476,-0.26771155616503456,-0.9196685889013223,0.4304152386765762,-0.4693970174516973,-1.3571141064799013,-0.9393817392250918,0.6557673415219858,0.21520984672747243
-0.45072285996561234,-0.9335856507105542,-0.05172712916553028,-0.30895777172357736,0.1983375897778522,0.8758682878706602,1.302424125664792,1.5568159752687716,0.5996685000981524,1.4600439947134778,0.4511618050503822,0.749282444750961,0.8634412903050593,-0.784905384047549,-1.4017194055561988,-2.1722043289239026,-0.8566240311630624,-1.1542254768627418,-1.2959837810855133,0.24043735232833116,-0.4787310699309999,-3.1594788436392625
-0.04749054692682169,0.5429516985246089,1.0614964259304756,-2.207752754551728,-1.1711700897403643,-0.32275448071184853,0.02642100885136525,-1.0490593910806796,-0.5088135405065403,0.8027637466954263,0.8252246814479389,-0.08741179913167677,0.9856977492905122,1.193151279270655,1.2206569147652604,0.46592752507982726,1.58026147314588,0.8163939368879843,-0.7201933714800874,0.29857226769622697,1.886629291675284,1.838109794828923
0.8557308781945024,0.6185674713458112,-0.08999952321389193,0.40978080483315,0.5379981015731624,0.27858500517150275,-0.02389985784455608,-0.16547699912519542,-0.46722752625657,0.34295565562414265,-0.21285704566554095,2.0676503268969437,0.2364511469047021,1.005287021782677,-0.16606493608682862,-0.15539870662287175,-0.31317552532425635,0.5404103331772336,-0.0934854000398848,-1.1184757639585983,0.6951709266571652,1.2679860236147693
1.273848085555662,-0.4257882346748305,0.8637839795375755,-0.06466557792575728,0.37178193992740166,-0.019290112795155842,0.21538406144711866,-0.8476384193335522,0.5160014719606731,0.9413123150824239,-1.5733137059483835,-1.0390002919550987,0.9321324416398469,-0.29862015735517183,0.5850326875661325,-1.2152250638118143,1.675907092293499,2.0069572905057966,2.0748005004490295,0.5305841788453782,-0.5581264027919072,-0.48785365732556185
0.4573825883598198,-1.209426855609091,-0.7607672177062528,-0.3382654372951662,-0.3705784226684661,-1.8826760248905656,-2.0897640633494774,-0.7116931050791803,-0.3518547622933993,0.2027561237740665,-0.8095335365423861,-0.5071993439038073,-0.30769801684571074,-1.041367234955929,-0.9529310377638824,-0.1381087941871629,0.5905524713032414,0.616615341005976,0.11970816413829471,-0.820272579015779,0.24537771966180819,0.052351376465786886
-1.2704980919888342,-0.3712536806243902,0.4727467471827363,1.104669199852867,1.484393923239024,-1.4164324534866208,-0.6317280417026542,-1.5857696737426927,0.9248852685418354,0.12324323438383372,-1.1495132065694142,0.8468091349682887,-0.4602540867105399,-0.6610843890485406,-0.5336772879068004,-0.8700525278348069,-0.4800109067788823,-1.3183787966188731,-1.5021303677137487,-1.1925208959046811,3.7648478568715475,2.4280793764663686
-0.5845819783539816,-0.5421460464643217,-0.2646009125609101,-0.47312551549282444,0.4038973353995139,2.281967414597171,1.3352768444074088,1.1659554517226494,1.0560728809296662,-0.08463212373962488,-0.8436198369015874,-1.1656745757265385,-1.2174161138825834,0.8315047008046724,0.5900175982374053,-0.1713390549433825,0.36244888508923545,-0.546130050694326,-0.08286727661615369,0.2612730241859535,0.01723781497491944,-0.3952339904728439
-0.28203261415375425,-0.26979578320063885,-0.029947882589947804,0.4164256869285795,0.6207907725965722,0.3881991945848476,-0.3292927807437399,0.6496683244118575,1.2727235789658913,1.795091933514157,1.6795004668807956,1.2848750927354602,0.9907386166156598,-0.05852039801161318,-0.7525669159113288,-0.2618260075478751,0.6752214213250767,0.279273520706416,0.21394962343342547,-0.7691677898289061,0.6865889785066335,1.092362907808689
-1.5093791894560902,-1.7181639680527685,-2.5432280436536705,0.6474768401200073,0.8519981114701609,-1.1523977898891737,-0.8296074695210061,0.31955181376514663,0.6986505386248768,2.9060245258071844,0.35941802137181106,0.8931520056878803,0.7634098542649972,0.833141946541862,1.220555135446942,1.0839713961084627,-0.13602693259091247,-1.7126701492449825,-1.1946152011753863,-1.1143058009935505,0.2926744290230625,1.1994313837271378
0.05188610667735144,1.1658053941940034,1.1118398354412047,0.5633243534536426,0.7354854041909704,-0.5119066452816633,-0.31011870694732346,1.0049752533197218,0.8158546072142325,-0.5789877107382501,-0.9728737482084496,-0.7483674493347312,-0.6364095896611695,0.32065058265794666,0.6645379723353485,0.20129238731393154,0.4726007362450385,1.0264946294517094,0.2177938807295907,-2.0694925058851825,-2.0630387651746145,-0.5350234142219222
0.8439478176492426,-0.3553956652344422,-0.23446843170192083,-0.7783365826468962,-0.06789084853809703,0.47847477251551873,-0.7542787040234293,-0.8296097048487328,0.7917793100848538,1.1129198444705386,-0.6292600155407716,-2.356242760945554,-1.7642172954461952,-1.0138629818702636,0.45186498417197823,0.7431043553098762,1.1062275597250983,-0.8904517144925684,-0.9846750441631303,-0.572013047270499,0.7047190043638297,1.187794843424548
-0.07132180425770938,1.4209894894148298,-0.5969430136162205,-0.7997880574413424,-0.23619890939943508,-0.6809569666968323,-1.3590038485409286,-1.9726333576659794,-1.400205630196211,0.11142467843403135,-0.6315374548638932,-1.171585454804201,-0.1059627526568676,-0.9399863639773612,0.15413672670192682,-0.7036918329053928,-0.48978439181906885,-1.1861762139322414,-0.08613966419678422,-0.24759876617301863,2.1283611211653573,0.733432727863915
0.06672926038854714,0.7552985318118246,0.005807367220052288,-1.0422762037513975,-0.7361298979167025,-0.7807020639703424,0.4382825097478011,1.3792719252496382,2.351617176131991,0.5858180178231641,0.3020155311305343,-0.6048805645763589,-0.21833738817263063,-1.536677516628678,-1.1258195707275853,-0.06610332708081702,-0.2922337664128225,0.18600003736229503,2.0453742046557095,1.4557047597931436,-1.8447808495193765,-2.9995371759551235
0.04594618590316848,-0.319093942931842,1.0388739613409856,0.22236436171393098,0.4637898660002457,-1.1344144676621202,-1.4112228732077448,-1.170403261257714,-0.5791830209091564,-0.7525288792884417,-0.0435142132143308,1.8092805499817401,1.1775778047048377,-0.7458870096891936,-0.9550312036191587,0.5680315312483893,0.3836843344088683,-0.05535437155785458,-0.6171878932260929,-1.208988325663185,0.3169735383757808,-0.1352316474334989
0.28650899210170366,-0.10579000141043964,-0.5387836584235706,-0.8443230956725598,-0.600070064830747,-0.18603597756210793,-0.29628392545912974,-1.3161108629885696,-0.16758713667359898,0.293029108313057,-0.594955753635415,-0.133762765531536,0.3852583050626482,-0.07820953373420424,-0.3693987810246523,-0.10110670714043704,-0.7299839503652472,-0.9647179184555605,1.594563699460035,-0.6536969102095246,-0.6524379292293765,-0.2670653473381851
-0.9044898317451894,-0.3856755777281189,-1.21390740796578,-1.150667035284531,0.4576064031229165,1.1041314495219912,0.8716879936827423,0.8182489102174034,-0.4376007763628456,-1.1240947176782194,-1.6698051939077385,-1.6211087624197225,-0.03928615239419104,-0.6190285298967294,-0.13036260222019336,-0.633691719832436,-0.5562207483675173,-0.8419338116827056,0.6736978641747039,0.451873639210723,-3.649887422706861,-3.6659804085538963
-1.5718391647557661,-0.5699686153211805,0.8142745930499766,0.2663639383649117,-0.09825546034877763,-0.24702375154605918,0.9301511584715428,0.9883466302509925,0.3017262095116579,-0.7940203880066434,0.30837794325489964,1.1038086702626755,1.660497165547457,-1.1018677248707194,-1.1620980999088313,0.18497092183319852,0.6778231873794747,0.2849738019653572,0.3797866882374031,-0.3458113544669149,-3.8639878712250577,-3.012609636064393
0.026197829694481187,1.2042412032020644,-0.550519214455309,-0.12354537418834428,0.2818120403928282,-0.7093264981547213,-0.5193382834728844,-0.5971111955217142,-1.3802419332420357,-0.20225149794038844,0.4782190909676247,0.6950848548764023,0.24931347617909366,-0.9131124556853972,-1.595677795710128,-1.8429517278587955,-0.21697928592679766,0.9368391654141235,0.11976198995171315,0.20521532159313513,-1.8106456280598535,-2.2572634868882844
-1.4833469110897841,-0.6333766051461315,-0.8663452251736713,-1.7101934561910337,-0.36611892240410043,-0.3538392838894928,0.3298956614769433,0.7551849656692032,0.8862711945297896,0.5485395375132409,-1.1070188095334794,-0.15383873719327093,0.8670385383158172,-0.8070460442242509,0.3475430622996092,0.7391339538462105,-0.9800976563994854,-1.0774841929750145,-1.433640294246768,-2.9593744097549237,-2.079614803031232,-2.050036448689993
-0.029082964489701952,-1.3259451918828167,-1.9528753202036653,-0.23266565517204651,0.1684978973406927,0.1096787042666432,0.15280506409678005,1.7067247709521352,0.6413924354377718,2.1614413859716772,2.0523381207194973,0.012158572190367905,0.11714050867205976,1.923348921000131,2.6215460722807933,0.9545457054652512,0.01703757720063614,-0.8437474046552608,0.04348997504246592,0.40089284119540686,0.9170885593586011,1.6122117975209864
-0.04367390505703315,-1.268027569561597,0.27670889149922234,-0.1173405630896943,0.6921902623391383,2.549052087650917,1.0047364721637884,1.4941300914689122,0.1373840015697288,-1.2639116518232105,-0.7492768405088982,-1.1916201080777125,-0.1965327584891185,0.8069072963307243,1.2104797733231674,0.37230727878186004,1.5597702873488557,0.1924702050800541,-1.4302750928808983,0.2898809658793974,-3.3978248961314432,-3.809095130938895
-0.13764563043242156,0.5595983895980565,0.68578464027659,-1.4245801633390418,-0.5216504597696512,0.6009561415531433,-0.5483534397647014,-0.5192479614592601,-0.6107947893594692,-1.5524032684182663,-0.6527293440992344,-0.8529212538296422,-0.2802010249261297,-0.32518706159294597,-0.4342569868198199,-1.8971317329280524,-0.7409657203769069,-0.30521548277595995,0.6337663831523874,0.8510269639652936,-1.2762111115902537,-2.003999758962374
0.8073188150966245,0.21246300988660247,1.5425550311131553,1.4042858053308256,0.7990075956100311,0.5458852923609705,0.1935397777492231,-0.7932232623484294,-1.7218471452747488,0.42925339413159325,0.7574816811565972,1.0326794409432845,2.199737414749122,1.4059647224362715,-0.5644803197069681,-0.2159929308498639,0.13438190152598475,0.30017592818014427,1.206285234016356,-0.5909308537125371,0.7892763839285759,1.2949235959945973
1.31148936176085,1.2052622768014936,1.8863963985444852,-0.7088789653338888,0.3134756108348653,0.9591916866538112,0.3328921583617744,-1.3373970530705677,-1.223224122190091,0.422901807830829,0.5892640553673621,-0.2350177335805068,0.9341641427939615,1.1216805038536026,-0.6341207385965512,-0.7242752901966589,-0.42316088616411196,0.15231015159686387,0.6889032290632997,0.35436392935155714,3.038757533074714,2.454963003679079
-0.2786741870462489,-1.4128942403612996,0.6310915602852406,1.1492400942215324,1.651510511301079,-0.4196261985715916,0.0484235598804181,0.6272606699965326,0.5223897845092365,0.37343331611134384,1.228439198632591,0.9900835836762475,0.6822697743346507,-0.20873902278445206,-0.10738235474330185,-0.4028007344641395,-0.8362516786850391,-0.7673336499532741,-1.3904682509757291,0.06450801448709695,0.5627503120942556,-0.35241983381694575
0.48302205936748116,0.7348588280726436,-1.0843653009326795,0.0918586660121176,-1.293488033925555,-0.4422691251671887,-1.1222681915171058,-0.3987473111217047,0.015466145402751647,-0.6107567939196713,-1.1750863730901975,-0.6101779254044848,-1.3662866438679753,-1.0558256650383209,0.9763785936450375,1.478758760327141,0.36009781552363157,-0.11046995327641865,0.42576745681006156,-0.9169038410937439,2.3702436460850613,1.3509999533458528
-1.073532474580619,0.23270768373022185,0.3995995932658655,0.11826981882117305,0.47499333514670933,0.2703161847401744,0.3506604296146097,1.5356436015072734,0.01214364280274455,0.9738116489101362,-0.0642529668054727,0.4369933346883751,0.9741940707034433,0.6056097872472067,-0.36314518226159653,-0.3305837578901127,0.2020802141667454,-1.7973088805659576,-1.7772425100699611,-2.790061775241416,-1.3710473282273454,0.04460978910778823
0.8421887353007789,-0.31828784425996376,0.6331260885334569,-0.8396387230347989,-0.525677903810674,0.1238478299626731,0.12282327183253243,0.526666661032688,0.3774724718720857,0.34261583324909783,0.6319480214023158,-0.6442841006077774,0.6437365571730189,-0.5858064937647572,0.2990777567288961,1.411737632629597,0.4156360388324398,-0.025144118963445837,-1.6733045183254887,-0.7764839184230388,-3.331362506118417,-1.0969906792807307
0.49595981476274287,1.324668322409918,1.163469182589276,2.9448374172081415,1.7999695989127982,0.26868205121541155,-0.5302237886793253,-1.3130371640984726,-0.7060337380141328,-0.60448369681561,1.4676224765859422,0.023295451932275266,-0.6805314666050938,0.20032923373651612,-0.3711777763624658,0.43781468561777104,-1.2162701995281755,-0.8279875254792023,-0.06433872425480228,-0.4641210063074367,0.22024807258674417,2.154189058064588
0.5570282674825624,0.8481972164061594,0.9929891915403709,-0.13444296997480246,-0.8993695144956049,-0.6731224829296497,-0.03022279584261743,0.371774860780469,-1.4642583704695737,-1.1168715964605616,-0.5386084025076487,-1.691661486416586,-0.522022524687609,0.026885340020314473,0.2345859524738896,-0.3256807816823953,0.31309484088365874,1.4412804064850868,2.0225534966803007,0.3158598646025472,-1.722441489820522,-0.5060168607214379
0.5066882733471186,-0.7091404696640942,-0.9143180589889074,0.5097954708228778,0.0946024535968692,0.08197168952050757,0.6861890017145869,0.241383120935142,-0.2256853361900829,-0.1261521029069571,-0.2046794874930265,-2.135441642756792,0.20244322729257203,-1.1454086815417883,-1.5045850635482858,-0.8354810359598196,-0.34303491296476396,-1.711066855023744,-1.8078437837001322,-0.4054701199257421,-2.4482927934540504,-2.8162912189482237
1.0920159080501797,-0.04216052360776495,0.2792638372625054,0.07340014366099594,0.5241858968296691,0.2965037405744014,-0.9275545840919313,0.05789126423017517,-1.4609210783401514,-1.0109469278009124,-0.7643924566951407,0.0745414291266696,0.22913392448183886,-0.5094822827524098,-1.4452505604418844,-2.3400100663573227,-0.6684960048776455,0.22712223932055664,-0.0399841802815507,-0.7792276429514561,-2.5378848909414757,-2.7312442555786207
0.7907125950960842,0.13325933434993792,0.6194444671886227,0.8057158972088859,-1.0348262718486843,0.6910119355436465,-0.4481994704700765,0.13862193378738283,1.9002670340975336,1.1012355970588954,2.000385606511767,0.27660378291102533,-0.8823655898683531,-0.9431344070671571,-1.1433311202258207,-1.1350336185256507,0.13469917805806514,1.4078488298028444,0.43008369049629463,1.6419925282847698,1.2288624401580301,1.590214089721393
1.7103232169452725,1.8065713427467396,0.7677734832129383,0.050301286637985096,0.5801075218731764,-0.49711563588908714,0.23083547997989085,-0.10564718787655647,-1.6603354003885116,-1.522990806161155,-0.6396898351717452,-0.48678374788135403,-2.0395646653813064,-0.7977425982342958,-0.28454605615325346,0.17884949810546996,-1.3578970106195063,-1.6693884005479467,1.537499137935934,-0.8538748567102235,-1.2440676612102894,0.5988516369603569
-0.22631952953357984,1.216589797114849,0.9221554687390371,0.33139404051247906,1.4660476583164712,1.418234876037662,1.2062863953767695,1.7779320104819323,0.8854650316581393,0.2222731289701506,1.4215369419721342,1.0982329083235594,0.08281815538523127,1.3721464598122632,0.21994285517368686,-0.03517146931776829,0.7360848380218256,0.3801002925751337,-0.260581922586349,-0.5944578678381846,-1.0756798794692448,-0.722526891922571
-0.3655394945625981,-0.9879296238033991,-1.2178108837170893,-1.286270891476252,-2.4784038521580984,-3.2973175072240712,-1.2678680391821187,-0.6999589857533209,0.9535575375031784,0.9314599219397666,-0.8686974404827625,-0.7003496939884035,-0.34252805365557687,-0.23589496235082705,0.48680779760241655,1.3439595525524166,0.5357357265673314,-0.6043795209474747,-2.217276066092765,-0.81712888293001,3.6408450907679404,1.727652742225749
-1.1966457300616777,-0.3711778576823353,0.5563729946778934,0.6420600331261157,-0.275853833858655,-1.9272876704489308,-0.6935619015600852,-0.3960680153241783,0.1963606820359677,-0.4010606334491692,0.1853857835639648,-0.7628991759418051,-0.47399211868422325,0.07353051249117974,0.6050773381331273,0.14295657267915585,-1.0840548205091163,-2.043564735907054,-0.8932801890010289,-0.12478285962877735,2.1426790281914236,2.4451745014981983
-1.5496159301888563,-0.2522214088615946,-1.831801259107813,-1.6610437784927923,-1.7352360987810824,-2.177446941335586,-1.3052212175749776,0.25403511828963266,1.4155199290437275,-0.16825729251062935,-0.48180236335398285,2.3974060806198483,1.4470727516386523,1.76652100999435,0.9214956043550614,0.1938455677561642,-0.2201120076412865,-0.5579216044577605,-1.0198478998743365,0.13648538835711438,1.2618847013417804,1.444914136072581
0.07970122443863185,1.0888635236918711,0.49127907657609565,1.561456193531668,0.1877982725738771,0.14560006980529003,0.13583661182521414,1.1685089419931218,1.3281757630412976,0.7309504127466057,1.0489042940657345,2.293899067005887,0.7055293680686558,0.7180400530986659,-1.4250732550350866,-1.0168309822042152,-0.9039178287219148,0.06500551625497177,-1.5584316736338666,-0.8508900344366057,2.1006635590568474,0.8338210645260199
-1.2651643834542805,-0.18397944663140764,0.7903531712222968,-1.5634127736470853,-1.863476370012774,-0.25384270455141483,-1.0734363685492962,-0.23476220777629225,-1.2341348935517948,-0.7322924493424456,-0.3679978958010337,0.593500298072841,0.18634767140945943,-0.25072193655430675,-0.12198911635492835,0.4843992277819145,-1.3344885686871293,-1.0422766279198221,-0.9312460458854515,0.011371958019331725,-1.677694831792063,-0.7220555618736967
0.29076285981911326,1.5720178409396264,-0.3975838222294045,0.4975930642430391,0.22047734420081835,0.31349243200464577,0.8465238058232532,1.736784209305426,0.6168519705102629,-0.10187909434125204,0.6408566582959938,-0.07557052705719439,-0.6586529767171666,0.1828223234744616,-0.8583762506855036,-0.511937716178866,-0.12966338064657357,0.7027792306032548,1.135411614936333,0.009413876393831863,-1.3058804556696204,-1.063503275522997
0.8712900044002571,0.7118749568298016,1.8817678076953175,1.5254990048649366,1.0770345127880179,0.5210816278770003,-0.4577516702701997,-2.1994948991409813,-0.5946997341151583,0.960885356981694,0.7572564144623023,-0.46557136946634,-0.9792409407730225,-1.5849023181698259,-0.5221990639654325,-0.10707188363156954,0.8134349366313276,1.7715783609828222,1.0845460927855937,-0.45552316866266257,2.0839653197787027,3.0010752696713796
1.4042219050880074,-0.42936011664715934,0.6947320401677247,0.15689839696278032,-0.011806380344152203,-0.14219388945341768,-1.3042144038480938,-0.46080331331505303,-1.1037851606764266,-0.7776359293111053,0.4046628818664861,-0.3353187126884471,-0.7417399009255792,0.36285570753502305,-0.8240350439346582,-0.9216368840787906,-1.892195392480517,-0.03675052441661834,-0.20796744275061418,0.08817315228271932,1.1698280847543272,0.20067251301755878
0.2833352417983378,-1.2220938246833408,-1.1718474043246243,-1.233701992703112,0.2114949955812287,0.1647075833404762,0.5372446971637168,-0.5857403875783278,0.10695376032894688,0.8047494972735899,0.48280396200901776,1.2840630341110275,0.3583565573345291,0.703895083185192,-0.4312034591615357,-1.646949540856889,-1.5334151898595714,-0.5014850773196305,-0.42977754952198893,0.978881215671487,-0.8073973602867006,-1.9480514747855648
0.7631419899356876,0.2286787391979659,-1.2184497938147272,-1.4539941312778317,0.20645375624008233,0.3900070664300035,-1.4725221105282837,-1.397223763151047,-0.24786599593858308,0.6911366570747606,0.41909266431601633,-0.556353584193856,0.8831252296430567,0.06703198122446381,-1.4464413393978142,-1.7435328671260946,-0.42872277408282994,-0.15646712082174463,-1.3178913028615247,0.4490980424427627,-4.893646318326438,-4.028482955005869
0.8947045475045371,-0.47016674737876607,-0.791847279052464,-0.03454764465633064,-0.8242657458655909,-0.519560633383422,0.07810937262748247,0.13452004361635977,0.7104480263283227,0.09923019142123629,0.87850386940596,1.4875188438072493,-0.5844033821691377,-0.1736578747426527,1.417802246811077,1.4287094503537152,-1.339157640031443,0.2026334690427681,-1.2298560993484229,-2.4320691133345247,4.241995241056912,3.8085910442804045
1.2557707722485425,-0.4372273598489216,-0.840330491850822,-1.6793764261050834,-1.0168370619205178,-0.9754011307496381,0.3220600031064204,0.3515676437497638,0.4433345429747743,1.2215346333762291,0.44916420889137726,-0.0908958213121666,0.26105290687951,-1.4373917756042092,-1.3762065836242303,0.3839098407578189,0.608562389457446,-0.9965117380162318,-0.24213101600204393,0.6285813120236423,-2.057663892309389,-2.7445454571318395
1.4272598738647868,1.582858351894031,0.40591979693307917,-1.7390112941193587,0.25486727243670537,1.0667214127275422,0.7837204922567161,0.4239805693206946,0.03266102486363883,-0.08728972455733028,-0.4236923951426434,-0.2286663142948021,1.188561019306967,1.1210644698095478,-0.23167908661559505,-0.32477299256144193,-0.2965614421226016,-0.8485932634713865,-0.23397911542875366,-1.2598537456373544,-1.697256152281866,-1.1155166702535735
0.10680084367612365,-0.10854232142741777,-0.3074381035329263,-0.06935435415482813,-0.6993189340522464,-0.4014022864514845,0.6818753937814988,2.0720394436451697,1.4752465089554105,0.40868627753052056,-0.6725422691999877,-0.5427938352106452,-1.2304984164605968,0.9506877384340596,0.5135787948890007,-0.23552521649060867,0.06049622310252556,0.2830811614120208,1.7014914263572867,1.9370245654806322,0.9157835424431,0.44347432389588176
0.0072398899362217835,0.6426791484778781,0.8268538167675796,1.22529888456892,1.132642445216021,0.694290124022623,1.1452574067972843,0.15951416026897464,-1.526675571538962,-1.9887885924780082,-0.3179117122497571,-0.923948000405673,0.21530169399967555,-1.0362108130145433,0.7291776864739509,-0.30849772092617533,-1.2214532729134793,-0.8268082697618447,1.3638060410119455,0.24755607398041402,-1.0396459184389997,-0.8662768144100604
-0.8128301921363181,0.6419574438529588,0.012577378096945953,0.5168644699544046,-0.028791901023927254,1.9262138638581825,2.0013399457842995,2.075361402853298,0.8027851588395242,0.6051824502420954,-0.08753623427173807,1.300233248443464,1.8060098115189802,1.7837029039309558,2.0386127018817795,2.150432787578806,1.6838943350773192,-0.5037348289981596,-0.01078163532347329,1.039776526288494,-4.817301440224345,-5.558046942208125
0.7565214543112571,0.6283700250786745,0.502099482526313,0.5548167065048027,-0.2082171568005122,1.5216793534384145,0.9181259557008475,0.5039363414724464,0.9454244674868654,1.876519903722111,1.1853141984606572,-0.3415302134066509,0.42606290937333746,-0.25602078028880093,0.27686089549845083,2.471975237409723,1.088699156432539,0.5951039114849676,0.37695332299730655,-0.03536002742701798,-0.8163757766009823,-0.4270713017663496
-1.0435216353760035,0.4047950939778663,0.3757045090560638,0.4067854947164209,-0.6992205415380824,0.48181894945189324,1.6833350908024776,1.5046849376132618,1.302223641782265,0.9421627077066924,0.43580230184453955,0.5702823619906204,1.4327346465776922,-0.40761044562303916,0.8635153566427706,0.3883656448460542,1.5774372756877555,0.2925422635673912,0.3648133719410171,-0.7810456492959308,-2.7927036607315947,-3.636490955030907
-0.9195901521517074,-0.976889660260209,-0.10386791676007923,1.6272434721618811,0.7461808171709019,-0.8881056166235807,-1.0842678616872607,-1.354974879957509,-1.0331494949778395,-1.0885777299656159,1.3365591528973315,1.7666794954680438,1.113885365238273,0.7462815747395547,0.1338923441394445,0.346219220101327,0.8629877461914544,-0.3900175421261806,-0.8174707815803572,-0.9081689295705034,-0.7944898664228052,0.8253508221605529
0.5946188573918054,-0.38618773152242036,0.18034850638070035,0.5403170751149068,0.04883296677514777,0.5492020014816933,0.4120737104203286,-0.00874021375879339,0.885554289926256,-0.4337523459122562,-0.6365291796149423,-0.6659576767489267,-1.6330059392549756,-0.19503910553201095,-0.5935428054792075,-0.3087695551016866,0.33007632301049367,0.4169904476085289,0.17007156456851286,0.40663044594026787,-0.03480346073506302,0.6678140709883652
-0.610685993798914,1.1887359824879802,0.15433431977725579,0.4415542913504541,0.6238267462325636,0.09700409155392327,-1.333813645081809,-0.3554851488791402,0.03320112157652316,-0.044270224712740926,1.087007066777151,0.6966139447161607,0.4817795502187961,-0.013279595200017476,-0.5081341352322294,0.806201889661829,0.30157108075812233,-0.20779232444979884,1.159304290502296,-0.07577791503523656,-2.80226323422083,0.034341014380259605
1.8978936892641627,1.7680071225992338,-0.817251943236353,0.5423536853991142,-0.3407117053874924,1.455301520235934,-0.09144113299149657,1.1103666192368378,0.2646487657877167,0.1826245614089405,0.6052837550831174,-1.0350107262445278,-0.6712403065330976,-1.0545431229394002,0.779750713439753,-1.738202694887366,-0.10985307609563355,0.1912897184989881,1.2577608994310385,-0.2123195487473264,-1.5541849361848818,-1.121091165041732
0.8427774152832911,0.647724129303136,-0.0007776755702440843,-1.1690753926216055,-0.0896298111887696,0.08640733836514466,0.2680622727995583,-0.6916662614090694,0.7416643978230578,1.2119646537095443,-0.9539735590569418,-0.9904473296419256,-0.16487006567244927,-0.21652941716903415,-0.06916415949763963,-1.8823161831162702,-2.226241427547868,-1.6203820588724183,-1.2243828961405516,-0.39279920784174843,-0.01877333544313628,-0.1528356732521387
0.29363279576768825,-0.3889071335421991,-0.9141098783831959,-0.33358663560280394,-0.18054298231771926,0.2559818885331566,2.1286032481592616,1.2773805282100021,0.2416215314214553,-1.0651966979157421,-0.6294703722910476,-0.7049225126180675,-2.0404002332499904,-1.138383430610554,-1.2066801267532359,-1.16219103876101,0.19630260188305695,-0.27176455491606616,-1.0176755120440908,-0.005078909227261349,-4.215443691866844,-3.43738092783727
1.6865000061394224,1.6121563202804645,0.7998596406042461,1.7946028585080402,1.1803377651811893,0.8639309646531588,0.4611812559825229,-0.029121078054295427,0.6721819946722378,1.0590005586650046,-0.31804090836354293,-0.5712724435256666,-0.6640354202588236,0.9695247333022183,0.35278931246357204,0.4706142661621727,0.5945755595830166,-0.011554083689811279,0.028322092534907167,-1.1442605513005917,2.1716027571378884,1.2741666635734203
-0.5321416979072134,0.06802771275092646,0.3954719387119847,0.09695433646112969,-1.2636638462147107,-1.679802235657567,-2.4888786724491014,-0.9038912435001283,0.6436200866460146,-1.8116918125602504,0.830069271649746,1.1445757789034599,0.6174364306905444,-0.18435606533862023,-1.5723714835054834,-1.5906401431542836,-0.7682509659382698,0.03731650126539168,-0.23632602898975116,-0.6962632380071333,-1.8347844642045135,-2.228980957165202
0.12013663422164375,0.6636658201245751,1.268173987186528,0.35474945122875146,-0.2791486378040192,-0.4864975024747543,-0.9799660099121397,-0.10495315791692468,-1.5167149193022955,-0.9871427295586037,-0.47914994095199376,-0.7109565090593826,-1.4933536571000343,-0.4348359690455693,1.2287996801186287,0.4750570614315702,0.023880596267999665,-0.32640465570471405,-0.6802542773108904,0.13582295234079128,0.8852695891410065,-0.06835197484758909
0.6746760531032587,1.3065092876904372,1.2765978560086995,0.41703666324699207,-0.5216223191347468,0.5401567954796064,1.2000073452439823,0.7128573850517859,0.5616415317725696,0.8504414902668962,0.36295758648820114,0.5653104842311225,0.3171192537903106,0.46388326382652495,0.6105935029248445,0.40226351936679833,-0.7049263708588752,0.12388134147155601,-0.29192245663717586,-0.1231842732545002,0.8095627512980711,-0.16396482715784408
0.8297101493167235,0.3247108137624647,1.1134326507590562,-1.3817516953777413,0.4964741197575828,-0.04688089946444523,0.5218325524237265,0.6907680951513031,0.39109202152640093,0.4532009904125875,0.04578281512559358,-0.7691129073531042,0.9337600257231845,1.2359304490951506,0.3721200496402241,-1.5208224935901384,-0.39912125409931704,-0.2381532352770581,-0.05629948992525202,-1.1560629887401983,1.9615854638845969,0.9678271442515425
1.1732132539072713,0.3229023966620548,-1.3436384418015281,-0.5312567868368753,-0.4955011478217889,-1.045465536801187,0.7213024028542309,1.0511945148978665,1.9059725794025035,2.061324913509822,1.2153317657117253,2.405667132729027,1.1009611219378357,0.9852745039978111,-0.2779208760431582,-0.7378812599820048,-0.7929339281968727,-1.038265343158314,-0.2282292508740025,0.7874035770560196,-0.5289973886511993,-1.3084273066861427
1.1768847933446664,0.5773948641067178,0.807805146515187,0.27271407705184747,0.9943386342178564,1.2636670966185444,0.1374828401276829,-0.219680565095502,-1.2517052269013036,-2.2211776945987642,-1.5680455373750584,-1.502697518065657,-0.21696169379142635,-0.10229471927319636,1.6350792124929878,0.5098795469605698,0.26103088630411103,0.6477799983292136,-0.09606949417220527,-1.0890057923652376,-0.7345821327476931,-1.1477127078983005
-0.8638406347226242,0.35439033019173855,0.7260433953846827,-0.34499968583709056,1.4192545328558706,1.6726195442491856,1.1754109363572294,-0.5757771369434905,0.1995825140081693,0.6495984539464855,1.1956972144794924,-0.3853663154427999,0.871967117498683,-0.2856401923910311,0.2797690922712554,0.7635677402765705,0.9367437551950298,1.1836325463154036,0.7281460229057971,0.9280954802582713,-1.2511284540348782,-1.0081410912169724
1.3230357481980737,1.1605946132211704,1.0238012830928656,0.6795462577197318,0.09460525795889606,-0.24396235514583156,-0.40421116918970945,-1.4825162104620886,-0.4208745896734599,0.5074506716275777,0.7760351898555461,-0.7549580361990238,-1.334693933517638,-0.7589545772130166,0.18411798128724297,-0.3549904424914123,0.15157766747169715,0.6145458070606546,1.4604906819738432,0.4368593384809254,1.791781043776529,1.8621427333549012
-0.7432110383402527,-1.8071118509215576,-0.14218609720391007,-0.934354666734353,0.7673748917743102,-0.7216459646118661,-0.4395774958360041,-0.5398307046125894,-0.13192097999420388,-2.1060087916194794,-0.5977650775304998,1.035955496572163,0.9111858414670656,1.5982264933852204,-1.0163109947683353,-2.387690517319938,-0.5393765277738278,-0.27473505654261016,0.417275054868297,0.18447878910292803,-0.022280924395199353,-2.4344295863845957
-0.3546270983198145,1.0974262601168143,1.3828845184133531,2.0772084674322557,3.2901695315602195,1.3902145314784626,0.5628525156701784,0.5652563240193286,-0.3804852011442432,-1.7819440832429825,-1.577599707642354,-0.2799979620741457,0.20719846638098263,1.736172994979168,0.7222848948059503,1.8080266908608305,0.6694941095063797,0.9972919894960874,0.3271718159341404,0.13074212566005752,-3.4191204899535723,-3.037968892939795
0.27867531984950833,-0.058862063778611334,0.4695052992079678,-0.02977682349134907,-0.5073358431543492,-0.006428090076938133,0.18146826367401328,-1.518855808439685,-0.9694673857841121,-0.4737899635947079,-2.3050345384198034,-2.7451324781018793,-1.7427146368141009,-0.37319062061844743,-0.3426614192107216,-0.5174500564112267,0.30312245933410276,0.4947199396857656,-1.2303745068581873,0.17665485627455896,2.9424081327454497,1.8381177098295878
-1.4288885192546885,-1.2330273900839377,0.7611555869756925,1.4473362439949486,0.9184809095127158,0.18429152953341216,-0.39227536848149763,-0.17967622851979528,-1.465803140715239,-1.2545901270532205,-1.4152149718556668,-1.696103101980634,-0.31529942577148307,-1.6191409657619087,0.1402888531369176,0.10707227653226069,-0.3281224221791717,-1.1488937891545186,-1.3182516243897515,1.7697102660498207,-0.760167957540202,-1.952435919938393
0.5694256541023559,0.3103312071649208,0.617879929939876,0.6563905825114105,0.6826226989308383,-0.30877047139630553,1.0382850019105503,0.5172881152943408,-0.01895573020023972,0.05318209523598572,0.09635112014154813,1.0225465888544838,1.3906433909875677,1.7313845533376284,1.8377225789600289,1.5338138968289459,-0.6347574741213502,-1.1599057923496874,-1.0075073804894252,-1.6232980886748447,1.2685900977120879,0.9651717546694509
-0.15682688208054987,-2.736382520780211,-0.5604529241945989,1.1123402149728985,0.6354139531470344,-0.18993070446535876,-0.6973726187619659,-0.13083624694400373,-0.5852782759741724,0.5784249687682657,0.6731066143241499,-0.6319459586407633,0.0227615449870365,-1.4927950436738693,0.0784868842166375,0.7798572142526655,0.5839585639923627,1.0339664634209766,-0.009122957441514562,1.117112918597543,-0.5008601280384455,-0.7825714251421843
0.8492158663745132,-0.5221043200955369,1.1030849069084951,1.1174296465687483,1.5642943439805508,-0.42697432308652966,0.41729045265770526,-0.3685391266056654,-1.1539888236141744,-0.7777140280612653,-1.4348964997227784,-0.8150955791804791,-0.5280463675017473,0.44703025159325593,0.4618715698783977,0.40147966509779176,0.12735207298323772,0.3704144779254308,0.8580669215215809,1.5209603044399036,0.3272790037346479,0.0992306153835584
2.057108192097348,0.6467531652439188,-1.274266894076724,-1.3307622496095894,0.6656660203551913,0.14036922545064903,-0.11199237956159554,0.9936119020605161,1.1792617810601427,0.9364500564389756,0.9257942082321335,1.142266623984711,-0.3207700972244416,-0.8971911368582393,-0.1256104133977055,1.9612349339693478,0.6671885100167797,1.2933319460435508,-0.1486223736264075,1.8829094916343785,-1.8739616519201694,-2.854175854452896
-1.4693512492355278,-1.458951381421331,0.13560896232778527,-0.11983370536777241,0.8002226420919967,0.9452828636875055,1.506153974844797,0.9920811562810671,-0.03922174587337775,0.6157385837645659,0.3291184906562989,0.5883373522608385,-0.27585345373383896,1.0212276042296067,0.5306507312128442,0.7874401488475872,0.9078852308827068,1.2644578112853149,1.7180817867064926,0.8690664648262315,-2.876251539264293,-0.18857699049418397
-0.20724514645498895,0.0535569299366941,0.9013809014921041,0.9333685386712828,0.9318941955991443,0.7926105165559673,-2.3342158974093308,0.41133582799597795,0.19521211579543093,1.211265268138808,0.6313658197910488,1.7364322934954883,0.9634009223834447,1.087911186338027,-1.0054438425074739,-0.7130820148687403,-0.0703832760973302,-0.3077002812986576,-0.09044322461575448,0.215069053511421,1.8289812938220724,2.0773186711992278
0.1967479985716541,0.7998418361813213,2.336637654663886,2.573588339859271,2.533875044798313,0.9765006622357151,0.11182398498694279,-2.6208033674036963,-1.266116265891743,0.39244487440118775,-0.8507605210567686,-1.666369154435145,-2.0261570676954777,-0.9253946613939501,-1.185770065681695,0.19331454246103955,-1.2659413167525386,-1.1051412777194332,-1.1559624152991153,0.25661478993262415,3.2392036421882278,3.857676338743974
0.9718454686269492,0.8943706978471452,1.032236303067795,0.30538813974572454,-1.2048110072676137,0.22115146950921732,-0.4945674266956469,0.18268601432116235,0.07325934149661338,-0.435467483879335,-0.3401488632272853,-0.9976070526120951,-0.5881424340967156,0.5959101119741261,0.1312487288585643,0.73687664465567,0.7865305100771383,0.2852356106333089,0.9646015827451225,-0.17406936648999083,-1.2656574508799174,0.23463485397347625
0.8720902566870277,-0.4726381029075246,-1.2270320692724195,-1.6907396098932135,-0.8346778717527915,-0.1805577966655213,1.3197843166159715,1.3943518533984693,-0.17431562888555127,-1.8778586936651784,-0.008883466398878017,-0.4735847174980914,-0.9879398393241643,-0.3482259036868178,2.023622238810759,1.8938265291877063,2.3504218750837182,1.2536708068690754,3.296470133363632,1.7626472183880308,-3.88890125655817,-2.662284319128915
-1.936464476616489,-1.4253496388066091,-0.24615965427241143,0.2363840350079869,-0.3373483744514094,1.3918999784005364,1.2311544721350223,-0.9743475102081418,-1.126530989672,-0.6482705637687215,0.6176351161974211,0.43309030553613065,-0.2187493089757581,0.9110206339916279,-0.7965327724494893,-1.2009000080653143,-1.1068239336444745,-1.8204796451621785,-0.4938921028771409,-0.9682521828983213,2.0171198740447918,0.11786972282801675
-0.6855486796836812,-1.1539045584561554,-1.3174630313572437,-2.459614686181297,-0.25148251050012155,0.009461622196928901,-0.40910502467820425,1.035146060073022,1.00116546279129,0.79640122961194,0.9352555369803639,1.1104753644151253,0.2102933778462717,-0.456894906538354,0.362552054730129,-0.1273611040462876,-0.3166785554697567,-0.16190713234494636,-1.987601819207158,-1.770152874260586,-2.3414124023231717,-2.7718369308725053
1.8106933541210144,2.144128195747659,0.8598539075668702,-0.6543806298910223,-0.3258817285847199,-0.016695199116202424,0.5000712138304897,-0.050064189438262616,-0.712803221415334,-1.8597596830277054,-1.3646407043039275,-0.21502364308134908,0.7893447482871734,-0.24770122790861476,-0.6027166987912143,-0.4402564659421379,0.04156721073571409,0.6491209633877807,-0.8669794974139675,-0.45014040693599217,-1.6623154006917376,-2.8143782446922234
-0.577423173792642,-1.6208077246612143,-1.5021269266157424,-1.1913159108728049,0.6454992555439983,0.08747417682780759,1.3106760950113694,0.9247876491252823,2.4193925347728364,1.9289843469835704,0.09618115849983827,0.33200959559264126,-2.0844599601020817,0.3121051478337655,0.12610942576358025,0.672644755706069,1.7515288531371676,0.31581524264110816,0.7500215035617708,0.7072369204689324,0.44417460433926464,0.9317538904221084
-1.732205472404883,-1.2003641449308484,1.018440449403282,-2.0479643121962563,-1.2080484258611541,-0.2090917843848808,-1.372807907557421,0.6107859560417248,0.07213573342678159,1.3272676775739978,0.4709389379178116,1.4172844120056847,1.2268489933682103,0.8970431270425147,1.7619915419931436,0.8157461655652815,-0.17492912046397474,-1.6147240181661173,0.170230835297661,0.7750242039736648,2.423236704430801,0.8819691039762483
1.347877721799704,-0.015491482386281763,-2.218258899613812,-0.42578556030043685,-0.09323055046606686,-0.37851193639023945,0.6614965961577158,-0.4161598512656919,0.9213508972887521,0.13716764292920863,0.5157470262557439,0.8914401073668802,-0.06294066784803334,0.050192255092083325,-0.044892858952331194,-0.5556195916792402,-0.7099782508174555,-0.28041475221226314,0.7200214286295751,0.2990462308438548,-0.6952608781461607,-0.4948926873853932
1.5732414457606765,-0.3839357099372059,-0.9138318140983005,-0.9967828895858005,-1.4849584955594504,0.6012470720713058,0.37796899315928406,0.4702173023162846,0.16232337208799122,-0.973548433951917,-0.1817869142260049,0.46694227533779553,-0.7437450094979474,-0.2443553468610168,-0.4403316504728682,-0.5317082379561641,1.3199207053109923,-0.13716821927662445,-2.218492247605783,-0.985521204677535,-2.3620756359517694,-2.442121251122041
-3.0436582743155993,-0.3122683545591038,0.3133003073705958,1.0641337443274006,1.5618780095503741,2.436396756714643,0.6538621169575741,-0.19220419347698184,-0.26493250024890536,-0.6890145706054069,-1.2599356979534753,-0.8832996008489411,0.9328378241158063,0.19656518683829904,2.215220411518492,0.961236186008378,0.7522393215675468,-1.2791422900428704,-0.5028231948001141,-0.7341559926210758,-3.475191792981882,-3.557214896727428
0.368044431056404,-0.5301755434963643,0.7690480966307179,1.8163321046414445,2.154302442727738,1.5342232400253784,1.1627589925188282,1.6429620743858893,0.9926226554774135,-0.3948856870328705,-0.2956399661525201,-0.6477741741104793,-0.5926877424431708,0.09705696606593661,-1.1131002705215602,-1.3712729065664402,-0.41551447128183855,-0.309541999963553,0.940974706536503,0.4798311503535186,0.4817298765889838,-0.73634566923914
0.6776635668438566,-0.5865591591238543,1.2119817645488564,-0.19530086417164116,0.5291530329743483,0.970327755156327,0.6691570338702812,0.1087505333798001,-0.8120229640550154,1.6855469622755197,1.1157154474422037,-0.08576969692258493,-1.2330987627918664,0.7799305372064016,-0.06895234221469865,-0.9119159630168175,0.801519932837047,-1.1094561851076996,-0.6159322298303612,-0.40728655236823497,2.847068933655092,3.6869060206708864
1.278853314060835,1.9465721092165922,-0.9970513752829132,0.5530358366677736,0.45780629772251374,0.25634924890021354,0.7148311255214704,-0.3121931974596676,2.220377314562366,1.759205164370289,1.4686405341432576,1.2275352835126945,0.9577208002626038,2.023867665669807,0.9028791955129937,-1.3385267468716349,0.3335424536384143,-0.11490770215590528,-1.6561933464313072,-1.4831687076611915,2.2431771781383016,1.920155853066812
-0.46615188905806504,-0.6292857115067522,-0.8403319167624488,-1.2112516051962938,0.2602940887780351,0.6318174462745494,0.2843589242247071,0.16110842175105808,-0.2376825608324825,0.03932966666545757,-0.1963342683103668,-0.7078391141659974,0.6180448168819529,1.3059854527798385,1.4976525942331127,1.0120761127214606,1.687478500427205,3.3481531487383975,1.6029977740427181,-0.648358046739902,-1.3474667264706945,-0.6569395244772015
0.10528530908970613,-2.4328478691293166e-05,0.6217231332122011,0.31475923151822793,0.30287108361259785,0.5520664030815747,0.6680826047723302,0.2411863763836701,0.9595380189398678,0.7103967545408472,-0.7284216391539774,-2.0078051073223353,-1.2327820351650582,-0.4069595749529412,-0.8275071591606251,-0.49660654692565265,-0.4637518312804564,0.06493111652829658,0.3529555437253933,-0.1152778834460808,2.3947599335053935,1.1125513075340003
0.3713182437205913,0.19688900090082218,-0.30601440138839264,0.6108767918301236,0.8965911572940121,0.21601573004082228,-0.36340597931240337,-1.4892712402779615,0.35006431660122134,0.19074017810393923,0.7793269905062716,0.03847894082466082,-0.5008343062216118,-0.4755249571111282,-0.23459764084412518,-0.10899010609064888,-0.381872041396746,-0.3733612984092903,-0.42081766402634674,-0.03199012474856962,2.2038785483568986,1.3075492115709804
-0.5270217371745078,-0.8290558229973438,-0.6532992961391241,-0.32247770945007553,-1.676623262858523,-3.210111890576818,-1.6274984259990148,-0.7963644297347325,-0.2026343781269705,0.2474980857988373,1.3558874311066451,0.40822045117812567,1.2040401485774572,0.24642451864928117,1.76678106089347,0.20335653749278665,-0.3997923324960253,0.16977469667962572,1.7400340051551397,2.4191437759339345,2.9589975400770414,2.8898662814028424
0.7810303585924275,0.3833155360272551,-0.38417996078970773,0.4814985177514664,0.16845800539758754,-0.46606241492392403,-1.7367808972374505,-1.0672015518208038,-2.7056577155823347,-2.3228848741952457,0.38120523649373683,0.8538881672788523,-0.4493872026705796,0.8982401945121635,-0.07352815857191768,-0.722930283191619,-1.3074944474354753,0.8294935450314354,0.7373753749800162,-1.0385298655451611,3.414988524768438,2.647334064599216
-0.3161099150750492,-1.3582021286019206,0.6611453427192263,-1.0016952983892362,-0.4316333223615852,0.02442430186760269,0.764712232042435,0.21419385598948762,-0.5574029150999823,0.4387811655628051,0.6912809401071711,-0.8935157882223445,-0.2271311617321771,-0.8402211464605381,-0.005245431061540496,-0.5457557624068722,1.209717139242608,-0.1043565591933725,-0.7713108395765842,-0.7262753624154057,0.8271906922698772,0.00571702077125271
-0.6953754778685053,0.06938269076863936,-0.0360099614955782,-1.1782216809286084,-1.548036758934398,-0.6081023686304038,0.7416353690648354,-0.4482555098995969,-1.1230404027004288,0.8409918246420345,-0.037182292926265965,-0.5739268068603001,-0.5689074344472147,-0.2728021023005097,0.015985451865792675,0.6091471923323994,0.8822676762840106,0.9346310808659701,1.4214832740838361,1.2967581407858624,0.3256297740462515,0.9960119986126493
0.630048729561944,-1.6587236044660958,-0.2555023224079467,-0.6544625677661808,0.24220272092397524,1.281349054359927,0.6352429518343142,-0.20558448403119997,0.03343941598836874,1.726016600856131,2.130223054232872,2.1684920135840042,0.817417422222124,0.6202863696000833,2.0920540385339135,-0.18117669692492935,-0.9652208345309792,-1.5512453476840256,-0.6603890899644878,-0.43460773041255385,1.818385933854613,1.1444953874043176
2.25556022416689,2.1220225190126807,1.4089593542101189,1.3137255255750442,1.9168515797016825,2.9589860234946967,2.9773359790109795,3.2448533049072834,1.2041963762806138,-0.08665651275409514,0.18223610791750114,-0.4754997381152156,0.6193662554679108,1.0853744576192834,-1.2779506105000975,0.530325970155124,-0.44872940657932,-1.1251337246355817,0.31305868763499706,-0.07841056728855596,-0.9246640390586263,-2.130728911632598
0.6075005685727298,1.7915740323759421,1.2030795583869573,0.20824452860100043,-0.46000226684203865,-1.04918738004078,0.4182247825828976,-1.012349646055816,-0.15690513939554282,-0.6936755552393866,0.5119354170847947,-1.4261342834311794,-0.6460736319208266,-1.1706823300407285,-0.9843101795661958,-1.1719367782803511,-0.8812463835942769,-0.8008521190911898,0.5914946681716072,-1.2264400447587709,-0.0007616536640921434,0.3492552740274302
-0.9910280243737767,-1.4229051168908213,0.06194642160068554,1.1691552714923452,1.1383851736536632,0.9290956919412566,-0.8244461669442371,-1.3051023235862618,-0.7375010696207638,1.1444849618851447,0.929686698137227,0.6174055600091374,0.7049144803064472,0.010607061062931753,-0.6287023958680092,-1.3219552528388363,0.5195987759820467,-0.5769969775913739,0.39107942037401533,0.5644952952567132,-0.1874690918895643,1.8060414537837954
0.2783524454967065,0.18162338650103987,0.5598851263458842,-0.4968447409916147,-0.31595995848568376,-0.8673539491192435,-0.30246488566462476,-0.3416397427530077,0.8985239928271846,-0.4058183359949952,-0.2010055221047678,0.34387960474641416,0.1815785508736252,0.018286291615852608,0.18825332706883127,-0.18711707561969818,-0.4127619457332746,-0.2150558014391926,0.10690447490055456,-1.6490053741715938,1.1216076534412402,0.7501365001443795
0.43704843213779176,-0.6244248748493364,0.7234621506539028,1.2661160821871824,-0.05307110810284859,-0.03209633792512529,-0.056244223304863984,0.0717468931535461,-0.7390605047028446,-0.3683165609554669,0.33308272579358733,1.6930887419722236,1.3533433889910946,1.1899494558595525,0.012216278683534332,-0.9020157366673094,-1.8034503519688119,-1.6358301798012445,-0.5170154223887735,-0.8793521804708666,-0.4827961677166983,0.9141289056380835
-0.9302295283050275,-1.622162307935051,-1.2218470559597778,-0.4079043440567928,-1.8978149242519387,-0.11243697065073649,-0.11627950652223529,-1.2494503217549358,-1.3655695367697613,0.25961856901679503,0.8478482061914769,0.6201233840633157,0.5477951512298634,1.4155677520243526,0.27634690407568124,-0.8135312823548905,0.17496626340744825,0.7072672159327653,0.6253459465749215,0.5036307938403359,1.4343674502605268,1.5594900547793433
0.5053888426582042,1.0085539048212822,-0.31898299523483603,0.6652516382291517,1.8373526992095406,2.406964253006786,1.6526279392392333,1.0100170897814245,1.1617333600424882,0.3524245439401059,-0.8375581102543023,-0.7775455762622023,-0.921279085290276,-0.6432514972784953,-0.3384106766830334,-0.06803058302238044,-1.0993093443517272,-1.8764821288644395,-1.8040973050775666,-0.6082659969396486,-1.8447733278632517,-1.3821771823305493
-1.488765871134287,-0.9113974920156688,-0.17215387773555849,0.7492617819709442,-0.6481499815791472,0.5889497556700445,0.38629175326231296,1.049481781614477,-0.7339366588328792,-0.13710378970675963,0.9314627199492658,0.43272811208998335,0.26436898147417476,-0.03584257698028783,1.4675495268554148,-0.031083078043031252,-0.07031039562816953,-0.27386660003526037,-1.1080934119507626,1.5112078555290138,-3.07781752994958,-0.9793394364651469
-0.1456908655681004,-0.4250964471631489,0.1925624602392626,-1.1271479955770707,0.13886397384704482,0.5838494422076174,-0.30438812376623714,1.6440372297542236,1.9642579578031907,0.08878333906614479,-0.9953666208625219,0.9231924583387994,1.2054941247473174,-0.3014584473982746,0.3726136149569333,0.2633365194088312,1.1959435510998933,-0.37264044074461816,-0.007383398949232534,0.5921841760210292,-4.206571054597928,-3.1711040848292638
-2.0848680668656523,-1.0067538067572082,-0.3803620701662668,0.3111284748383622,-0.12778176924497292,0.9267841758178075,-0.1453696864401181,-0.43769457834262726,-0.5785590480227428,-1.3006129563323021,-0.5545590245388962,0.6294065415596746,0.33041799252844295,-0.4890256523135136,0.5148167592939464,-0.22831185616998317,0.371895728113321,0.7378889704863608,0.5186945532686537,1.358119791255103,0.04445629282855168,-1.390999071793189
-1.5779722734951573,-1.779351644885327,-1.4753656078689423,-2.0565635270847307,-0.641576024613843,-0.04128786514869064,-0.3955800283980228,0.3354883462953162,0.8413902968288638,-0.6923626390619154,-0.5034237225903837,-0.024046903581642284,-0.355523101599492,0.9711868803261067,1.6227269202775818,1.8282126418741491,-0.40681952046266406,-2.3309836138710374,0.37829485282965336,-0.1567051896345018,2.514804166324229,3.384329596669227
0.9426158557003358,1.1480056455421488,-0.3002374175151432,0.38392765429613984,-0.3149479233076129,0.835481083447872,0.868380810355307,0.09323147860178255,-1.0565351650478314,-0.7292554369527752,-0.03299905733323625,-0.15427267138982112,0.411165189863376,0.7091119312001471,-0.27329758971540385,-0.26761503966604244,-1.187269974369273,-1.135833717518486,-1.292212067606484,-0.9190774921134293,-0.9568497179034334,-0.11709485530659589
-0.6327455590720883,-0.6017709919603543,-0.5934286373170022,-0.24048222405619502,-0.8265680477889271,-1.0028542914950886,-1.449167476299427,0.7557937680192487,-0.09931927126797634,0.5894523223083071,1.186767224470588,-0.5256741216769066,0.6811748474807877,1.2381669638532544,0.8558146316858779,0.626245802834771,0.6719493244545359,0.8373620648856848,-0.17381700842431758,0.11333304479963632,0.6334445316518402,0.47920177659197694
-0.019393725773330504,0.1971489250172886,0.1699760747160808,0.5961479015411664,0.2650331285575491,-0.5443779665941868,-0.05747043485576886,0.5748042857617879,-2.0364700509633002,-0.20015408012078786,0.07387581673372144,-0.5587547647012244,-0.7806727793700058,-1.1998329592102055,-2.159967685369417,-0.8375060472717588,-0.7927441125674719,-0.8639222609449563,0.006949504939871788,-0.355194600390634,-2.612841061819712,-1.7710933282311294
1.7347024517803469,0.3977564467170855,-0.17398204877311887,-1.2623768151978207,-1.448975735113747,0.8213251100633392,-0.6422057859859601,0.07185528083907909,1.3420063672997218,2.1634084848251054,2.1565526070752856,0.5978187293050296,0.14453202135507914,-1.4317330993894617,-1.4137634524405354,-1.6733897582577912,-2.280209549997218,0.08712316048633921,-0.197875765142385,1.1214328889965393,-5.978000261444954,-5.412689677898954
-0.5420076793466221,-0.12207168342107097,-0.06014711253473932,-0.37921465490938694,1.5420928821586561,-0.4101049462383615,-0.6444154153690415,-1.146436080282037,-1.651087148501942,-1.072381095648207,-0.7492846393107108,-0.6973408954609859,-1.8539515814938308,-1.074561453505602,0.3255750834989724,-0.40564295124806354,0.7591277554184813,0.28297658037216944,-0.43807125556665577,-0.0018468245820185772,-0.8517766021428589,0.4964827219112816
0.5889821100539356,1.3666728816327554,1.455732251323578,0.6857839245475074,-0.40926561634246544,0.7819818156819944,1.18640118548652,-0.18536695897120525,0.13034688210553066,0.4900419000559234,0.18278750101548868,-0.7989621741389549,-0.3373806879224355,1.3601863664699727,1.4692863477852196,0.6905323757926081,-0.17752809668174446,0.7346102861966165,0.3086420120225072,0.8091808405147539,-0.2234828245709813,-0.09918511308563704
1.065543472550783,-0.48075840720189833,-1.4122786710278832,-0.9763510078052082,-2.0146873316970613,-0.9552432314835131,-0.761314837316648,-0.847137712835109,0.8739573707770004,0.029169228222250213,0.35558517616896945,0.2750537669663338,0.948217857404191,0.8271439134620244,0.7521023188080032,0.8305909440684125,-0.22808747101879293,-0.7004254626954666,-0.6084662136790389,0.4038721198515499,1.1589241208755623,1.315600624335214
-1.0605864069974003,1.0588456080125346,0.8431129156275582,-0.7003661756463427,-1.1278466696659943,-0.3265787738277276,-0.20347545410450596,-0.3493141053666432,1.0133595823191859,0.35663724274318914,-0.42450458723565687,0.33782717337684476,-0.17359353620789728,-1.8125349095808652,-2.7271402693255133,-0.9437214722411358,-0.2798800427798851,0.03345853983229673,0.09587805804692544,0.5625607160066199,-0.9572962114352983,-0.7809352121014629
-0.9415462557261131,-1.3527588124705348,-0.5142979533484681,-0.9440540371204353,-1.5293354930262923,-1.2811787123991514,0.35988472643586805,0.4480334370358846,1.414370598013665,1.1938111382678,-0.36168663039661236,-0.15133874139366477,1.6552946064754195,0.4978033803039258,0.24920125999917878,-0.8143400586211135,-0.5089139028568104,-0.1969965371137647,0.5332972417664886,-0.026355053473367192,-0.9265984375116729,-0.5481031346799687
2.8582677184645475,1.8362245602376945,-0.4438833120508599,-0.754336176551449,-1.6524010238761326,-0.3308709663263617,-0.7027352974092758,0.4911048308059496,1.6914070540401387,0.2618071444715703,0.2699902159940577,-0.6732219458480394,-1.306501860275399,0.13891054793668975,1.5939406248399548,1.0581423511640378,2.1216577415026023,0.8946827546157825,0.7132457977034142,0.7991325408766481,-0.08384533504247371,-1.1282767725254197
2.033188966696425,0.0484557478678441,0.4754194412331117,-0.43489830295116855,0.5965806079554915,0.2516983660339925,-0.2534891313130647,0.1396453019863944,-0.23523755530699308,-0.12537940374053647,1.1504633476509354,0.3491979417813168,-0.013771595847864235,-0.32573982613409286,0.759878918607997,-0.16715254645685423,0.13801138205545185,-0.05301826731566863,0.42057352743755905,-0.3536781781737683,-1.3575701604580503,-0.48239474140139216
2.092901875487734,0.382634737012173,0.9564021178138814,0.6853408937703234,0.08178917771219987,0.9211895581395703,0.4796727189244743,0.4888792267987816,0.7442113922112417,0.688617054701942,0.11557660336598971,-0.5883003943880117,-0.7319058947601708,0.6212351975045663,0.5267198404057204,0.8932048385305417,0.3460196631459216,0.1726395373135979,-0.694766048858248,-0.22133946468710036,-0.07146691399115107,0.33968211650048824
0.21654200317338712,0.45339398649398743,-0.0395702144354814,1.0197724646178792,0.5806054468261189,0.27156554643335923,0.7157101485944012,1.0547017793545879,0.775915027518024,0.7057110213595303,1.4272258179984552,1.5026247080983843,0.427147169225814,-0.31250402328038945,-1.2621296859691447,-0.6064951995449485,0.9331188954577823,-0.27495323023301615,-0.14992020805942854,-2.481672125015609,1.1520169178230075,1.1552797663099317
0.3891591400826822,-0.2847433783238419,0.025873979475542947,-0.9664697540936408,-1.2159584093312752,-0.6694466135871774,0.39295407354961237,1.0116794872033683,1.1546860670463415,0.449649867580708,1.1736769759631231,0.7868773908521123,0.579903002543174,1.0280781209075853,-0.5592618698633413,-0.9048309559170987,0.42346704797948465,-1.1678449855649153,-0.5311378624625002,-0.9914958044262319,0.45897722568297505,0.17724545308724377
-0.7908926208140389,1.5169520749277725,0.977895996071618,-0.24431037851190812,0.70352802872838,-1.4602572065416266,-1.741095352576069,0.680407721815859,-0.18562009462482096,0.8945305682932663,1.3162289788872075,1.1045021082015452,0.9200200086702749,1.3463515762098768,-0.22735721343351772,-1.123314348552334,-0.7269490413060483,-1.22446401448762,-1.7913388804994461,-1.3689493484378836,1.8503410867510834,1.8632869258408733
0.3746850058448328,1.0264118795476846,1.3699623326609853,1.8415140045889242,1.0450624511255127,-0.03421915305744692,-0.7245455230099669,-0.5871566616233193,0.5566551565669531,0.3541930313775246,0.8436825201201541,1.7557553502924093,0.7124909010396133,-0.051299855395868746,-0.3783258434360303,0.803919924465745,0.4793433098001635,-0.5330341799458171,-0.4560830615707067,-0.3358214389642522,0.20531059737267193,0.700711625837785
0.7096522070421082,-0.9873765658242148,0.4813008185969153,-0.9597735393799625,-1.0029871032857733,0.28643912054574583,0.7881030934995751,-1.0009414245938741,-0.0019469873255972452,-0.2720502784131231,-0.01998090315274606,0.4149581877138932,0.9326963243537492,-0.3385541132566525,-0.718916388346799,-0.5642942508925635,0.06358128038073267,-2.177899211470606,-1.0235178763741024,-1.6475496061850106,-1.7670235037563111,-0.7783183791353501
0.5848874078726126,-2.067143076246415,-1.6171648578624434,-1.070453282778805,-1.188669552057065,-0.8060539404426581,0.6256482732831918,1.3838129840802285,-0.7580999880076347,1.2938682654027744,0.6376968512889145,1.2554490266583311,0.984137193318758,-1.5202373883175209,-1.7321941947768733,0.35687685830684485,-0.5394744699297449,-0.3025622990385535,0.4371533161647413,-0.3215168426387666,-7.092408215866347,-7.340956425953238
-0.8963813056885239,0.3964772563859117,0.12281434050302746,0.7106186521565104,0.7010381611664411,0.7525393727175624,1.7221871715923434,0.16354963578314882,1.0490955233883346,2.6580039469675114,0.8211598733240817,0.5297614568059075,0.6645753895766443,0.6032848593429396,-0.4534383303756522,-0.6185577798310775,0.9023611091868902,-0.08702499179878216,-1.3366997643322591,-1.7729716885515752,2.535868872392061,3.243031391320052
-1.1845491297394013,-0.35495687067559456,1.5766027501966373,2.0350309769188835,0.5931516352060102,-0.589587555788543,-1.4479262489456564,0.12834293138133843,0.7992567515839349,1.4521197904642746,0.4677131802877446,1.2318261960815233,1.1515262122047205,0.875980782421897,2.3752949973942985,2.8798184839555376,3.2865072057519504,2.149910932434276,1.5868631033309182,0.7116826386022916,-13.223151697087005,-12.07828905824776
-1.2826991717154785,0.42129738499110553,-0.2158607191537531,-0.3878565035869926,0.392464178039623,0.7900248382342768,0.457865482070842,-1.299733373386274,0.0014577992290715808,0.49860099855249534,0.3575262237609903,1.9639168650099172,1.9476234641735481,1.916859732678338,0.823546099213485,0.19256199971639112,0.2584160707238625,1.8044263299653724,0.6293526381115074,0.43170747838387763,1.1273144605774987,0.9944744433302182
-1.2783343804826515,0.3210865384487505,-0.02665968144522996,-0.70227376341253,-0.08242120971334072,-0.013275024056932374,-0.673024831724277,-0.6822138682916477,2.392163000749158,0.05770715541509753,0.6321225889454284,0.35216161171644045,2.1252333554388207,0.9554662415399229,0.09345080980400833,1.1884501785723554,0.5831158687048673,0.21761889204244345,0.21355847618363177,0.41315314119394364,-1.3068435071113078,-0.5777624968320566
1.1215587501840159,0.1443442591658144,-0.3404352403596554,-0.07252728369104301,0.07150359094333587,0.5824166067629489,-0.26456640101328344,-0.05446694513427136,-1.6484063730763625,-0.2404225636861126,-0.011570778181764623,-0.4679658798458602,0.1455035432685563,-0.35162847739804637,-0.05646739122782903,-1.0324336691823148,-0.9430030253036172,0.1633407180227113,1.362162512551276,0.42340066000240123,-1.329121686779951,-0.8244479381597417
-0.52386908821576,0.0050173661024054935,-0.06784549648292552,-1.4560997474567061,1.0744087219521432,0.915725493627451,0.5691928152112089,0.39865935028640487,0.41086335771247573,-1.4512153176648943,-1.5817908169950345,-0.9602457640062778,-2.5253492640810653,-1.5324408710299582,-0.321960664835214,-1.066970564130154,-2.3792362798539552,0.16964429104107143,0.2978502435382023,-1.579393197532867,-1.3000823501593515,-1.848738720815929
2.2225652736749772,1.5288407323016593,0.3539558434726858,1.5517941933914932,-0.24197949891764026,-0.33732004005153393,0.4624324257801487,1.0305470237720527,1.0512085205336854,1.3455511396755389,1.4682468805941755,0.18937370401817558,0.2303091663963565,1.3902138500199979,1.0750495471334305,-0.05294018969059496,-2.013264841603643,-0.8155313398169424,-1.3150200191772528,-0.7567484489142692,2.916483268375229,2.0729127079985536
1.2041862137392745,2.2311254122596713,1.5732532998221707,0.5272872215635844,-0.8345201948054239,-0.03676502212799435,-0.4942042236035779,-0.07096164188038549,-1.3121274581559,-0.3571480196417456,0.6867304062440879,1.9186302234535009,-0.39690945436413555,-0.05231162401932841,-0.9152137349934747,1.2564793504257903,-0.7029393925378878,-0.8912915577777282,-1.2224996079017736,-3.2608441236250165,1.6453358385758854,1.149401513565105
0.6669598744759646,1.1626136950129367,1.6119059761619847,1.1024717043811365,0.24800356103762775,0.6723166715245974,-0.11480808615974909,1.1178668647996268,0.8068298571121714,0.19952062125087353,-1.6566313894664668,-0.04140222033257383,-0.1427013676861241,0.2449402681783741,-0.06898754098853098,0.955383938049537,0.15493874405720498,0.8062028086580266,0.9981908363553132,0.7456742283582504,-0.3971115059908123,-0.7491170785859806
0.2020807194067486,-0.5344810944532863,0.5033170106641754,-0.6658816245146574,-0.05053369952898127,0.4025766084506204,-0.09729420816935126,0.15944194852785532,-0.5858109740143127,1.0094423964234507,-0.8519316548575769,-1.4419031563631974,-1.2371931098575542,-3.2943069067474284,-3.222653348789059,-3.0548259946820084,-0.786107297115607,0.9044542512667354,0.057413848056946,0.15454793499072994,-2.198498021169538,-2.932226563467545
-0.24631675464091152,-0.2696668219834405,0.36931256011687913,-1.3189407095226167,-2.174632350330167,0.0787281202232395,-0.05317284345401919,0.2789865005242986,-0.46917251332173854,-1.1799423635037147,-0.3831503629204302,-0.5886244315500757,0.509810021205021,-0.49962575041663004,1.2444020555524482,0.49122886431824814,0.2101477228236141,-0.1300478589302207,0.17680473970590171,0.033376310382872684,0.7624556863408088,-0.9787956486246537
-0.04343738356651702,0.27648981559198244,-0.4844407106643727,-0.660384552186645,-1.053358783248515,-1.4936778844281855,-0.6355143074854438,-0.7969835510690785,-0.5473232708656622,0.16214978654539677,-0.10415886356915205,-0.16056699500304653,0.9939819777530744,1.0829412151878914,0.7048185447364866,0.5652059381192746,-1.1516944951716455,-0.560397200681447,-1.1731562098916708,-1.2661352858556683,0.1356318562476897,2.7252915758164287
1.5495744346307427,2.5430335220208002,3.8083449128313394,2.8964464249940414,1.0663160534095977,0.6534129242228744,-0.06900266805931404,-2.174698119735454,1.1099684749248173,0.8576685375736243,0.9131983003282377,-0.26769616073225816,0.537076585225781,-0.5382255677329494,-0.007520073422691315,0.39836268370470657,0.9320096312930966,-0.2978607529696169,-0.2781095107126052,-0.3339399889533268,0.010209191716108013,-1.6790443436348206
0.07992458748839498,0.6357289577297522,0.028715284516155674,-0.5782804475913149,-1.1270478121472898,-0.40953064084686797,0.3238907456378303,-0.19824777434830682,0.05144197257949058,-0.09885334776039884,-0.25194638608470427,-0.22680374808369855,-0.526664985833949,-0.8815827485966651,-1.2101517467852463,-0.8651272276121359,-0.08528769342006395,0.5907205197584677,0.6680764897272449,-1.8252679056108077,1.1821216131661887,-0.8521207180507144
-0.04834344990916782,0.35515622535436436,-0.4042623395513441,-2.6906394974973327,-0.9658743441202368,1.3894077406011986,1.593793461871723,1.0012693296824082,0.674099045515813,0.4708103738122442,0.8120666830091273,-0.7659327207045353,-0.14391970466381243,-0.7220514313736339,0.8789809678828338,0.17029226608196668,1.4054991159614911,-0.553642769227355,1.051895128134801,-0.14574328170958126,-4.477808493915603,-2.341086355649924
0.41181203099274327,-0.839265367794751,0.5368124815602375,1.0168237602324568,0.3325436194809016,-1.223224818608115,-0.7872426869467457,0.22450275904944436,-0.03030213941335819,0.38429511748178585,0.24535591208314117,-0.9430054815650545,-1.2537403672310146,-1.824398517137273,-0.7570705017024896,0.08378803971421112,0.23916115674638938,-0.08523686321734031,-2.562844557897358,-1.8696491417959158,1.3382464287083728,1.1992769006368733
-1.1858683506489025,-0.46016794111742426,-1.581856527277464,0.06614619414508327,-0.10116877079621095,0.5474364265907516,0.8439038572150541,-0.07910894346385448,0.8435667442115916,-0.07899704874995574,0.7680916930302523,1.657546598385018,1.5295362409975704,1.4347836980060362,0.5844531853032463,-0.28079256251225515,1.1455450778345646,0.9468016171592911,0.9532703027454054,-0.6892739760899639,0.23655003357961368,-0.2753044624055241
-2.3950479990148903,-1.5291000667526289,-1.4716796393085945,0.05077711372190368,-1.0236299737033736,-0.3317259370151823,-2.933552103531062,-2.394572689691604,-1.6870863252840043,-0.8069258274793503,-0.2685214261691612,0.7182687180506488,-0.31575664295670663,-1.92004606157756,-1.1300590860843778,-0.22197762705009486,1.827294782123636,1.2058222062739274,0.770605345447871,0.5599754290734056,-2.0710493140449726,-1.3890633531679097
-0.2715302998979902,-0.20289569000613128,-0.3227921840372944,-1.4363991911859566,-1.3266390967543833,-0.2370320695537302,-0.5725005635753688,-0.10429004192473985,2.1012919400456376,0.40616949028414134,-1.0703682390793499,-0.6206881374788087,-0.2996966462889428,-0.1088626750740636,-1.0964182126195723,-0.7245203651690623,1.5256647372063417,0.46490512838109993,0.9724562594681029,-0.1248495868151552,0.0669482232689369,0.412998672672374
1.1841300160631054,0.8819979572010203,0.19230324206738308,0.10806078172902846,-0.4506083263551286,0.06992128393093866,-0.705595188868829,0.09450286752990995,0.5436944339617672,-0.22492300494175083,-0.11052176466076576,1.1006534005644473,0.4537907012995556,1.268246335643932,-0.019131071580970757,0.24549779118371842,0.6253218063713968,-0.9069911346559271,-0.13034187516170945,0.3512908906006215,1.9105688382363082,0.44372776155049604
2.464833811838972,0.9955111721352252,-0.48191877445783604,0.3834273390779711,0.10727923115172497,1.0095050839037834,-0.15241635322709451,1.112750627196259,0.465429908249464,0.6282655637580031,-0.5375089500712562,0.15487839175230808,1.043510692050714,0.05607833310954661,-0.1676107937899572,2.2685628975199617,-0.38405405529553416,-0.25574002284397,-1.2559351055380035,-1.1332947557513813,-0.7658257712571163,-1.579466520335722
0.19467119079684103,-1.969029508036262,-1.2345966165291444,0.7950208930674934,0.9417166395677395,-0.2507944050945116,-0.6799019896455899,0.17691372408062128,0.1069884982264119,-1.5424382418917173,0.44227390233962605,0.8437761543575149,-1.3420532589437417,-1.4031048041145286,-0.8866639599806512,-0.8612077447291739,-0.24573206634554356,1.5464556981479944,1.7484961215542585,1.6471782878452985,-2.2164351921118524,-1.8700583750908462
0.3067291909142399,0.08746421835904708,0.8151385405684072,0.2989431535450559,0.9165542862880024,1.2066955345372774,0.7696824393526639,0.5833910176627705,1.8063118511322,2.0429046613914226,1.6213407725115139,1.2359050264868026,0.5159019335637351,-0.18177434567695866,0.015898642911433062,-0.17492093140126427,1.6687037861322074,0.07663541314886779,-0.25772097848587106,-1.299153102910967,2.9007655042049105,1.1912416218316006
0.20923753558169003,-0.07073677145013585,0.9471405984827274,0.8952024943871512,0.6317357406462545,0.8628558013313029,0.20583525059783292,0.5452734177157847,0.05136699729697098,0.17367456404757037,-1.4676729762553344,0.5458621080681834,0.8480788884486725,0.05222301979119554,2.1042138723103085,1.536811886504261,2.0494594698620405,1.4270140327249818,-1.1104042914107817,-1.480791812204824,-5.918766127137511,-7.102027784051765
0.3760721258302668,-1.908783388913688,-0.8335269732000516,-0.2894838509503289,1.5375994324072757,0.5960900672218854,0.35590744281291875,1.0910032306542643,0.13313506361165164,1.1376310636031441,1.9921474107336545,-0.18826641984087553,0.6367171766279698,-1.38062311827954,-1.2263096944509932,-1.5443232439617338,-1.5345864701623346,-1.0141110706692318,-0.09108014404424548,-0.7307127024418711,-5.234194938467424,-5.204439255287303
0.2381602165001685,-0.6231137287064062,-1.6399620584474055,0.7734697735157041,-0.22435248120603257,-0.30405797212154545,-0.12986984834738996,-1.0633186181182008,-0.6736471577667781,-0.281825804210176,-0.1430455439060524,-0.4400592426190165,-0.2344370222145191,-0.039501227059618,-0.20179391292886678,0.2177852852831258,1.1531724854672465,1.4563718992803116,-0.32244247775086704,0.2122527446458543,0.2793938665020862,0.9267243543142311
-0.38012932296902613,0.5673012155313502,1.0079561212720134,2.1987309253994667,1.9493952489429311,-0.3506532966452424,-0.7077082313276953,0.26015750492046985,-0.11538345442491753,-0.7909976731835915,0.36256621111069687,0.15006975559401536,1.0166391096757228,-0.48027748825810546,-0.20741489591074336,1.1253505977555567,1.6123837859086714,0.5814656369587853,-0.5747273599727131,-1.4574420518623605,-3.3331493285089664,-2.312069731498549
-0.27575163410033554,0.2562036035463566,-0.17667152084458018,-0.19608766660785815,-0.8607974602523485,-1.3599640660444845,0.9157165262273343,1.0884153541550914,-0.18952116408273081,0.15695342961658731,0.12719721808146434,-0.7064733589986051,-0.6724957790494578,-0.7364362898124802,-0.8563818808790817,-2.0738456673974106,-0.06301574159759651,0.07304215518202087,0.6508018757734743,0.8329568220755055,1.29197381680522,-0.9203126798329997
-1.1098336648428737,-0.8151822138313964,0.14186290353755623,0.8694996310510552,1.9318316724827782,1.476486307600715,1.2062717216005143,0.18110838964005166,2.7536046242660563,1.6335985430607765,-0.37893554828082837,0.7198828705695703,0.6996318612390188,1.038280984848665,0.6919013462681787,0.5788700912278895,1.5003246429496921,1.7289104422440011,0.1978665292164805,-0.9232016446077618,-0.17845431521848537,-0.3923473705287058
0.7778907473674754,-0.2815104395309183,0.4259527541571276,-0.44691840855216225,0.9137516529366326,1.1132753820632775,0.2544037555520977,1.8422566928656448,0.8069271778835655,-0.3999446536676333,-0.06729550150421133,0.02604995986557868,0.23258902262613698,0.5407699901884183,0.8373196051317645,2.485272757892523,0.7741885715936813,0.2754563826136956,1.4822093257275795,-0.5318202196095649,-2.0700042127718867,-2.210643665864356
0.5450497806097507,0.3655108646226158,-0.12382641109252455,1.133861851780489,-0.06884458443104828,-0.47969189315352595,0.10345353452539616,0.1866997164371326,-0.7320505523489421,-1.2790804406193617,0.1732816785052517,-0.47605743865530964,0.06990950540513008,-0.23823841970421175,0.17104372478194632,0.9174303542062496,0.44771110149385995,1.0480470027215956,-0.6646713358911397,-0.23504855024985202,1.058772229676386,-0.636150784032578
0.06881666951601707,-0.2225076949979461,-0.18057851717348727,0.5127279339343793,0.39670646104614976,-0.5871426760623224,-0.9560707749981964,-0.17528296578944635,-1.0789997600447803,-1.009953517965347,-1.6533994528016167,-0.6460838804655925,0.8291268984829308,0.1626494301304622,-0.5177809691174448,-0.2879975643289954,-0.17168734561642257,0.43693848101018296,0.009557046968979816,-0.24562097253698156,-1.098910704030664,-0.7526709924015887
0.1412821116503378,0.7744955689042803,-0.6774825178290751,-1.790192325328569,0.8331991127955599,-0.011999910176347413,-2.4807442982196393,-1.816718486479686,-1.621224358335445,-0.3580864660505986,0.06219204687549068,1.0289667003047782,0.2097997790147414,0.5335810537567406,0.6759809992432341,0.8286547009152886,1.0243524405649034,-1.1606387565374339,-0.30122825650805113,-0.05565411599828593,-0.6368716565907823,0.7720996480383101
0.5056667855582334,1.2842326338608263,0.25048285765235495,-0.3537611192151599,0.6349309541912521,1.8338296598357493,1.1643030984900522,0.7055135597959555,-0.6574764027206385,-2.8776540167605265,-0.9076729180075185,-1.029829296398295,0.27599153072115357,-0.8689853151828528,0.703191093255949,-0.525446407321112,-1.5808693342357527,-1.901890197252332,-0.7672584657227038,-0.33207175572969094,1.7271490016668105,-0.5754222310775342
-0.4341916795241242,0.20379804395245307,0.06622087786049052,0.9072436328726701,-1.6457212132463643,0.41482776691567486,0.2901598114710231,1.0499886086395027,0.9144504710258369,-0.18116426588132079,-0.38927309811472893,-0.6029253876712848,0.4882211744739077,0.9146297298973558,1.0584110959012336,0.3598884972038364,-0.15219490465741167,-1.4245326088181736,-0.8437153577095192,-0.2746677067095529,-0.4729441377872135,-0.14148226685455934
-1.1167771533533004,-0.09735710540322312,-1.650667222169952,-2.506582814461528,-0.6076215367426193,0.32135176025442763,-0.21033599269698366,1.705384054460366,2.666808731075637,1.5073986489631288,1.4638781353528487,0.6990565250388238,1.0201282718243112,2.421736842822113,0.8246441796882531,2.2214413287313377,1.4013687689434529,0.617231771006385,-0.24470944567019173,-0.5873902217822696,-0.5422517020827111,-1.1486052806313558
1.5341418504552085,1.2746496453123173,0.3140475123525763,0.32103030265265525,0.600690406936704,0.18986444992952684,-0.4417413212595814,1.0658531317098423,2.147012743468947,0.7259401219206524,-0.2455642379791809,-0.7658134167065941,-0.639677771478767,0.046966828730876556,0.8135435162031978,0.647386403042979,1.1932820933838686,0.089574466181014,-0.4422648751830314,0.6178193072742685,-0.8419515884307157,-1.0391275944052665
-0.34053119179723856,-1.3983298117914178,-1.5968550680827864,-0.5784035996545508,-1.135192210134818,-0.31360211773412794,0.16946848557082392,1.5633432162250707,1.2917986257197414,1.3513311603903293,-0.31328784750598687,-0.3338996469918252,-0.5054162119610415,-0.01946305963186709,-0.6299106840413679,-0.2600206556635253,-0.6033423975095499,-1.7545930577338937,-0.8834307349730461,-0.0719747108495308,-2.126693865033371,-2.4885280709248523
-0.20106392788110714,-0.5245513817874972,-0.6607184799556669,-0.9980429580970858,-1.5638015366943867,0.027798654821624545,-0.5218071797679362,-1.2348341949922221,-0.8462993339545399,-1.0287620304216631,0.020539809805628653,-0.1457522260217844,-0.8443965886150061,-0.15850518485837264,0.7303758189324244,1.1597009778987464,1.4660814047288868,0.16662320699761188,-0.13297481153298354,1.1013840423093983,-0.48538716582187713,-0.2053750742144499
-1.1210728512888901,-0.49168047795008,-0.6592212950842578,-0.0715265333013092,-0.7928891141352566,0.20760088503842994,-1.332321645158822,-0.4497454246695972,-1.653580686601789,-0.9429405785786615,-0.5466151658438976,0.6031455361526931,-0.4505869986047208,-1.517986385415922,-0.28124295695506,0.28156433585585117,-0.24410324926945573,-1.3730242006205364,-0.5752143248291176,-0.09654969690724315,-0.41814543923984115,-1.7309701810063618
0.47093861900086,0.3409324598171104,-0.0069580332356225325,0.0035389210818594107,0.9277359434862229,0.14563443412525565,1.611490373689913,0.57132240368154,-0.49960774037678596,1.2185234018232847,2.0172803467521505,1.4871685587360937,0.5774817845767193,-0.21498980038564838,-1.1932088504034855,0.10643173401619559,0.16279931347430343,1.050376262087071,2.296579705567958,0.2341785679416186,-0.37853142262007555,0.1928885700974425
0.35370777510282664,0.26762388062652714,-0.4820601074209803,0.1586935359520961,1.3600409506556481,-0.5580372940545226,-0.23963280323878905,0.29211116895296546,-0.415890228249757,-1.4447738021299532,-1.584104517363027,-0.3373792582472636,0.5136494916021568,-0.11262675496826946,0.6243155297924294,0.4233323564843106,0.7929854608210959,-0.042957413117902854,0.5512100822773267,0.10632342342386009,-1.5282024061838069,-1.2716569338313395
-0.09523283108803055,0.1423776007139996,-0.43768822671158225,0.17619539352527133,1.2579450606411948,1.0219894856844653,0.22886012916625653,0.052320929818250615,-0.4608350645061827,0.23954810186463688,-1.088941038715438,1.3799065559232635,1.7741480131977285,0.7306091444407324,0.5362072746107998,0.9719925165498927,1.0304021603475788,-2.203661955745416,-2.560872033978068,-2.279345885398524,-2.0364644813131543,-1.1875009456124666
0.11509719544843441,-0.5814285308973414,-0.6957493375631658,-0.8292741656825503,0.5131527007215526,1.0253691224552706,0.27950917129878444,-0.6253026555776761,-0.6399695862965575,-1.4884134621782075,0.9808195452094972,1.1834932856054812,0.04932910292258986,0.3406358259383441,-0.13903800178331263,-1.7675608461579535,-1.5085721238890795,-0.4413083099899534,-0.0637185436525723,0.727189200880836,-1.1040615183291431,-0.9078841737742792
-0.6597737539530223,-1.5785866929764456,-0.5081765639975571,0.13058300312048304,1.353265731285993,2.785707433973229,1.8368670989144382,1.6517174344336694,0.8576539021221798,2.3812209881975144,-0.08720509698629628,-1.2391733005549854,-1.4932266290827896,-0.7889557075731861,0.09426137198003032,2.2481735724347622,1.7306482099465703,0.09208502439506105,0.6165030378548301,0.75517259791442,0.43420762362952575,-0.48531987434521334
0.19432005783737769,1.385651408852215,0.4946864623520568,-0.3641191579768309,1.2331026579945505,0.4741322355683184,-0.341313695037201,-1.9776877175015242,-1.1921719848711005,0.7178490284987374,0.11947351901328379,-0.4574639875446423,0.15747387038891555,-0.15228791443156967,0.8941834375843694,1.043398675266158,2.1639000719790062,1.6001013719556145,1.6841995224880397,1.8500490522968935,-1.8034321460030305,-0.300974679283986
1.245764618824732,1.8401846778701183,1.411036805531671,0.7821372140498251,-0.6218175119425873,-0.5605712262186135,-0.8274506138811009,0.3967213681060815,-0.4508259721940046,0.27360528570761006,-0.2855733668665276,-1.2696885640070479,-0.8025282744578153,1.184328056479583,0.23766742321264223,0.24798258619156954,-0.6944451856180427,1.4809905901774034,1.8452338955850214,0.8082445542865483,3.6678433825527805,1.8431187053961626
0.6250618821731448,0.3026786569596006,1.4396723828493092,-0.18648081738454914,-1.330245280507617,-1.6525201399329938,0.6892443918732633,-0.0679257530787911,-0.18117293167299034,0.9203079227679292,2.9992779199082293,1.0960989220558635,-0.5332052397343596,-1.0064189341808187,-0.9917146067463842,-1.427364184671755,-0.5922665939073732,-1.3607270705636503,-0.27643907699863196,-1.3057905066365292,1.5882360522496166,2.4147847905200384
0.1645650417334234,-0.29496036405212517,-0.6376404823286566,0.20447403602515016,0.4309776207306951,-0.5413794535310738,-0.4043869970742551,-1.2725238062345554,-1.1696602562313236,0.7765058972779099,2.4705166926329873,0.725304339766353,-0.8656503643403916,-0.13599368407544157,1.0893295587296128,2.01775203355707,-0.5650257656342189,-0.007533103566306547,-0.920264939903448,-0.8110664784373393,3.453948278086325,3.065740482322808
-1.503569592317551,-1.2037042054328957,0.16065191983409707,-0.011775872208201435,0.4370431382036917,3.0875000316058228,2.0562060527392996,1.3476596262374452,1.11524760616476,0.6016713999413179,3.136457940445598,2.1312316735073193,2.476039522123482,1.5162241146475952,-0.2386284910235324,-0.22274826196029862,-1.0503892321809387,-1.4701603552089202,0.21630340061544104,0.29789378494301977,-1.5131251680525586,-2.877982517118919
-3.433597684529785,-0.6900425131289152,-1.0106911212864353,-1.5983264660676435,-0.8268239574427422,-1.4335512688637264,-1.8907086552121162,-1.5626925327126728,-0.31643608909840165,-0.10063790591618092,-0.26314404427581556,0.26967392518637934,0.327616956970276,-0.19469324094333595,-2.2385734160328647,1.3077131094146237,0.706432345261205,1.5105185155786536,0.041702778346123945,0.020152947111113446,-1.3527512855160655,-3.0247080245992928
-0.14473102369076327,-0.43038018246870696,-0.8750708114532338,-0.8975529089498037,-0.7427285943444604,-0.20205519351902593,1.542067027464948,-0.3342675852599424,0.6631931049270141,-1.5281441219190781,-0.47913278754699656,0.16604188586493146,0.7869595339238666,-0.03459235762867658,-0.4292268756760623,-0.6630143644309149,-1.2740600086312726,-0.6805505675490584,-0.9914029973803676,-0.05285625760327454,-3.527282123767882,-2.5588264368885176
1.607455832862342,0.18312907783168264,0.5046490924194564,-0.4718961435935455,-1.5996615847389326,-0.7852835755632508,-0.7544233367287013,-1.630009280747693,-0.6944616776764153,-1.0867627881195487,-1.0475876136395823,-0.21394270707982807,-0.08415559963757556,1.2100404859016005,0.791722984323906,1.2594575875967213,0.5780810936621127,-1.4764254774767644,0.04936506843826978,-0.3431010814636242,0.9704565674719301,2.01040973157702
-1.7052366977020392,-1.984013763863312,-1.1546148918559587,-1.273001164281818,-0.25580893576388253,-0.3603712398708873,0.17547590735650467,1.3356204075408469,0.15766493526901051,-0.06219408719444519,2.034910474606585,1.6254478454254808,2.167715307131153,-0.5883941069908716,0.7724062417772718,-0.5026172219621151,-1.3692280858499386,-0.009267295393323192,-0.07550465978367499,-0.09761178534086244,-0.585084336280979,-2.1360352227454142
-0.9950336385167969,-2.006085150584119,-1.0381001175600104,-0.21549130494327254,0.45664611984052045,-0.8684333231255195,-1.16315065524827,0.6183630528090451,-0.1806222832225247,-0.7684709731742491,-0.10862989556857025,-0.888492106350999,-1.7627361069793908,-2.2333086582723136,-0.3027917785178762,0.05703129802949004,-0.4863240738790884,0.19220806115541003,-0.31564035837568366,0.7895781291525432,-0.1766934701750349,-1.9489601459544907
-0.44412342143662087,-1.743628093078893,-1.1134207554529647,-0.48616929065898223,0.34765445876035866,0.3296398295810736,-1.324967441346805,-2.7404216761993974,0.2735571632559557,0.06679583407547171,-0.19067534133389846,-0.06310584790448681,-1.218829885072664,-0.6907960811394714,-0.9085116085750465,0.42556692446839334,1.9046183463585176,1.454128740656455,-1.1142292302699903,0.0717496716327215,1.4463743338454753,1.5828097595950834
0.3690580899255489,0.6326828851644705,-0.3794668445220281,0.29785421084289593,-0.4966785539953648,0.7748981323001629,-0.5345978346810613,0.4658782895553754,-0.564022639197014,0.25731196808598705,-1.025524343600927,-2.320554571688977,-1.6927323789973725,0.1960072568898745,2.2291208035257326,1.2907884045079177,0.09897414076679659,0.2821080354011675,0.45692385242029004,-0.8545568841287247,0.8155697927100118,1.6291741757995222
-0.488876994273983,0.22443993273348947,-0.3041772973876639,-0.481480417716468,-1.2047610826845856,-0.6121078975859947,-1.2101579971174397,-1.0930869350756405,0.19656866347162724,0.5682277314882225,-1.8362472934977347,-1.0638182325347594,-1.7086720307764165,-0.24236788347859853,0.043402366689080756,-0.10375867029764864,-1.1966982217935689,0.9397529986618054,0.2738358921709783,1.4613384581867193,1.4689650278446538,2.025537275598863
0.10261233508683454,0.12254122519308813,0.9711050796650611,0.4173216778400479,0.13771334252270506,-1.5951209412363239,1.6833467431884577,1.7245770828125966,1.5958052320472642,-0.5206717550764826,-1.2884080691020738,-0.619399597587325,0.055314220456913345,0.2087511301993958,1.105774774860172,1.7556180213546766,-0.47250099311763777,-0.11685410072465974,0.3932473284725224,0.8515379709113393,0.8558920468457193,-0.5800561404447936
2.3031541569852143,1.5259369698900624,0.8106579791006842,0.543414291003027,1.0271071987789049,0.4592752870786685,-1.7719984249999627,0.003066676871169962,-1.2170854859722697,-1.0050101241122218,-0.7617846122742273,-0.28847519666949695,1.4773911922819059,2.0197463464092604,-0.3073646726542194,0.4124937345051477,-0.25370095820180755,-1.0029326767645326,-1.9468812168759841,-1.5299102759306036,-0.10178344751693985,0.18934618046124368
0.06738246958704651,-0.7838030552558125,-3.083349964980637,-1.0467423696555505,-0.3215980399835523,0.9206474033070886,0.1145059688878634,0.7668816938366813,-1.4408294546497908,0.06187883967850318,-0.19934547772078431,0.4436315102806174,0.30200285800318116,-1.5239419481266543,-3.2369860401925377,-1.6246540700612953,-0.9631906370411258,-0.40507442757806783,-0.24122366365844852,0.029840347971867923,-16.37394086748813,-17.96017145095341
-2.3731774536320684,-1.1267874986599125,-1.0922451402962006,1.1939994809557928,-0.3540806383883134,0.3726136882011441,1.7059329863918096,1.6904590709490044,1.7969357627332159,1.3205010000424684,-0.5693875936155908,-0.7292923255903432,-1.1278754101677553,0.2896417045581978,1.4292238408833087,1.4967644087640763,0.30558719295948045,0.20240940321290554,2.488848844101487,0.4613528483636952,0.2273588754604206,0.1364794089476804
-2.2636395479041367,-2.4090732848256735,-0.9682447899004173,1.226182283783949,0.41072050987749736,1.3936234626234096,-0.6641525906671805,0.10123161338134525,1.2615264800877097,1.614458914591381,-0.19931917010416325,-0.5831722430188966,-0.30085548617577507,0.6936531362965846,0.9752023879928596,1.9860758898104327,-0.694977541490894,-0.49952260913635854,0.267668480222403,-0.9691358588185025,2.973968846124082,1.6188471331992629
-0.4368417436186997,0.17253350906019838,0.8578767458330457,0.22898953444604436,0.12487494044121301,-0.32998336666953293,-0.4608937017894715,-0.9751466960743941,-1.409887179842681,-0.6484177885960096,1.3198609740863754,0.33308828970401366,1.9187522810344544,-0.06743473920747918,-0.12208524481508977,-0.030632458999721193,1.0953667792497264,0.12357516834370681,-1.891067708844119,-0.9919853870883631,-2.3594666291877813,-1.1714196967796244
0.45248125791447935,0.652989248272344,0.10670719549996367,1.4590972909000937,0.2817455133072607,-0.2166802403626206,-0.26666684739384366,-1.2231039678930433,-1.7385585252634264,-0.4332411602095793,-1.6446138484383996,0.12461958318211158,-0.3202799301535767,-1.1796885931382162,0.6062642647620264,0.5397926329378724,1.1244253714162453,0.9038187239155273,-0.24689726121480385,1.0965786829195676,-1.6276173815705177,-1.070130056946841
-0.6567476515241966,2.1132278520646257,1.587150171567076,0.7817815359618574,-0.37983955197159763,-0.08731749997773172,0.9720494944199711,-0.38666510408808363,-1.4865013194568368,-0.3658166927650826,0.458602458139096,-0.44075719785234746,-0.45725837371574024,0.6334538231018774,0.8531452818483445,0.3044293667477449,-1.1963691465908592,-1.0022819988116518,-0.40822845492869825,-1.3426678654518263,1.3310550479233998,1.527463710580629
-0.15320737724750527,-1.360595268544734,-0.7239467679519038,1.0016087639955624,0.6306122484930495,0.9278577459717776,0.522051371586799,-0.7405694053503884,-0.6770315507544733,1.8334397412829921,1.3046200612664351,2.269403524098607,0.37797820869567167,-0.20806149606699526,-1.0675876298334868,0.597153911662611,0.2790734623649498,-0.46871507767625636,-0.1643084139760226,-0.053499629202598674,1.5142852184752775,1.7786565246118347
0.4717056389259873,-0.03140689019849426,-1.107976902517605,0.08076036690047297,0.33756685045000856,-0.3387632598917088,-1.3332591358627999,-0.3748589942419027,-0.1853766593429418,0.47912538265907495,0.38220723959858327,-0.3907271328906227,-0.6987404568817617,-0.3796430029082927,-0.3335334924680574,0.8113334260760028,0.6715937720030872,-0.6480545938737613,-0.504154929861441,-0.7510885589774879,1.3282508001290552,0.5788098249118291
-0.2540396990800059,0.7667006947926429,0.628074210116469,1.3680893162495542,1.3859945995020193,0.13150945857468327,-1.63628185911189,-0.736573561326586,-0.28266087588106686,-0.6371707708347656,0.18444789025085848,-1.0209685063987537,0.32823017600204885,0.08695214336518453,0.24226906772951695,0.17611186373419213,-1.3565959040393742,-0.6384217173769776,-1.588297027414087,0.1843887891018717,0.39656830839641943,1.0410706841351227
-0.5872838780946702,1.6451559260112905,0.92757477928303,-0.2896425075568312,0.06526076994881595,0.5292473122536911,0.5427068800789834,0.967982154084109,1.799495878609404,3.689862130337429,2.6826708266946344,1.4105354325556627,0.6863126974513004,-0.23655957197170918,-0.5157609067847451,0.5439765764645544,0.2765190581989916,0.8654752967154662,-0.5139729021627997,-0.3573268042757745,3.067429845121669,3.4532108513066597
-0.11062017266646729,-0.46666913986918895,-0.5512191527755456,-0.03787702352445032,-0.10372617435891808,-0.9611604045755482,0.8290832643802942,1.635147884114423,2.9567411922501634,0.1318957011956282,-0.15558158016894114,-0.09748485524219207,0.3172337823975571,0.20881115921029472,-0.8322625983808742,-0.6869435740536862,-0.6436492828859806,-0.1453637551001995,-0.005430096513793176,0.7540402743891326,-1.9391158029645545,-1.9560748492846118
0.6959869701466712,1.084353145130062,-0.3954048692300878,-1.3289056975246782,-1.170532570130779,0.768312563069703,1.2249496844138366,1.544992354618853,-0.5768072212101502,-0.8744776437072277,1.78090324693747,1.3805911946278873,2.5591682623322227,1.4615240689903573,0.3137350161075649,0.5225215892483642,0.5714676528757175,0.9437986147588254,-0.9130359825528002,-1.3383937851872099,-1.0576149413528992,-3.121416801451074
0.20465327267064148,-0.5753487688986177,0.12718725907316117,1.0856804819302381,0.349264256433186,0.5477904031447781,-0.41585504338696805,-0.25810052197933014,0.545081002044288,0.12534751758521084,2.221545025303774,1.9086717879353419,0.0013320024575571045,-0.05550177106874045,1.645771830872663,1.4411574994800518,1.7696572828549322,-0.056941691705254704,-0.25589098658105236,-1.719057189722054,-1.691208578839631,-3.0966344496405256
0.30886100268027195,0.3821620217506801,1.6372936082918883,-0.07613411582169295,0.08899330444987813,-0.5419479322881927,-1.1042270565805339,-0.07650047850425402,0.2065177115496122,0.6137167526133553,1.165213904446847,0.9183977989271448,-0.15070609803600107,-1.7986226424546878,-2.184946967917958,-1.1466275248371214,-2.1316585787135,-0.23857275472170889,-1.089736025886931,-1.8870116763230593,-0.7693613766595795,-1.4576293234615416
0.18393407719657362,0.9551706039651511,0.1452560538563336,1.5489463423409577,1.436271830834686,1.8593900310860865,-1.229884378399532,-0.6611627058884596,-1.9315749593771607,-0.8788366767958364,-0.4705075832760941,0.34213008249978843,-0.9844938934698522,-2.6411688730845766,-1.7561857676161527,-0.7894563064421642,-0.08434302566984447,2.2795204597728125,0.8713014258740744,-0.5607388264728149,-2.6541853702046128,-1.966940265847457
-1.7766546427682774,-0.867385333996649,-0.6213411278012179,-0.7678184730588189,-1.08531527353615,-1.632616779235322,-1.6545752375082703,0.13449728783189682,1.3204298180866658,1.0785157218424626,-0.9564091412741439,0.11012829455074694,-0.07350376881924632,0.2001758797937377,1.887445092923665,0.7746797034461763,0.8241313769083448,-0.35109655070852924,-0.30916747449248505,-0.6234416993167881,1.574537944715578,0.7985748209452226
-0.09865729671319168,-0.7784111750794226,-0.44059888342525433,-0.18260107399078593,-0.29181476292870684,-0.0026019577602414182,-2.5618706143953873,-0.9310870637785998,0.17603002093803763,0.19139886931728733,-0.9257665935774357,-1.580945415532045,-0.962490307002166,-0.6839744893887291,-2.0162632922537087,-1.4559975938666583,-1.0441845197959496,-0.8241601013017822,0.12449043008853194,0.23901519379923275,-2.224502154909839,-2.2556813656211205
2.5914778635939824,0.08725188395991268,0.30751917216754115,-0.3394205049810242,-0.6648172533550922,0.8543510578531928,1.5196586792161841,1.7681470051657782,0.6793182120474145,0.8020308771226142,-0.25988906649404653,0.5395447081138226,1.0439135533736799,0.9937122598299085,0.5176652695755952,0.8458554575812912,-0.24640201556830013,-2.3237866529111986,-1.0818944585325168,-0.46844334014775296,-0.07193411161842911,-1.0574362251929403
0.2621199353539869,1.6165628680868929,1.8779851738607267,0.39395139313987365,0.33315988594407636,0.3994484137651405,0.04106935379855637,0.5797482430626724,1.4119827594110406,-0.5825152175596496,0.2509453910210852,0.6218155739480653,1.3816795053120454,-0.7134488326709049,-1.9381113761013933,-1.4586443142368286,0.4949964199826285,-0.23774914755258778,-0.29439166502875413,0.3623984335172973,-0.489706264144288,-0.26415309190833164
1.0785436725060185,1.6726441684978228,-0.292094302092146,0.18991690058078547,0.8198429679629398,0.9034076424171565,-0.7492350916494837,0.3465026878669899,-0.8617502974373654,-0.5564460816252714,-1.9304312664410421,-1.7022120195422485,-1.4945854658754276,-0.005457226100024868,0.8359170143244172,-1.1505715889389723,0.2221836372174089,1.2195904394749453,0.17776046615168212,0.5727172984269499,0.809896880900715,0.5176480557447815
-0.7405332884917819,0.45963276545547227,-0.20929956097243002,-0.6371702790774452,-1.087771630220031,1.6321191081628856,-0.8069552088052382,0.6781056792115437,0.34955200827381233,-1.4342346244093727,-1.5210267642674826,0.02410317403229241,1.0269411607869912,0.9175655958243517,-0.7500152783347775,0.20318584024016273,0.08485522971629685,-0.20228829837853957,-1.0921792352718311,0.11037547450061135,-2.1474410247214326,-3.6399469458708853
-2.297434481080378,-1.9560134762197838,-0.08218179763351716,0.03394531807104697,0.6696147664647369,0.3264622876905859,0.7661417352058134,0.9206018076724213,-0.08867859718784032,-1.0236087354600578,0.3746066569149119,-0.397723567499955,-0.1732244775437737,-0.06536243724812581,0.5198847567837275,0.5273301692414442,2.0200142567320802,4.088482920565626,1.9550725493190029,1.5971308351572762,-4.056861658002456,-3.1145494129126914
-1.1220504960829676,-0.946589666444523,-1.6558716524489976,-1.3930657324061042,-1.2389296213037597,-0.6648106083390286,0.7637079216749304,0.9195811168989839,2.005155479810677,0.830602358923659,0.4247955426299323,0.2835570671610806,-0.741581378968135,-0.3968536914622519,-0.09097794267100029,0.5249945857984423,1.1369083496814343,-0.2371317707785148,-0.2787605938417905,-1.0831802729633067,-2.2173413404458433,-1.5586372783089106
-0.1778619650277398,0.17213121693748323,0.7431768437597719,-0.06653713466849476,0.2953642306374789,0.5737831579679429,1.6976131146556026,1.3980590408874543,1.575788466120529,1.073610465520913,0.2689056909129697,-2.014478538719051,-0.49872880179125784,-1.8720185936750557,-0.8496343654627051,-1.6685963920683085,-0.14733256205079562,0.4180851645968719,0.5002349396797179,0.4398846119069937,-1.252047905143087,-1.1603989877385485
1.0706705778291403,0.3948497328928139,1.7428026323258925,0.2291553674212817,1.014470136121168,0.4213451924897802,-0.6054912259730557,-0.2636451259885237,0.26085195292370217,-0.6460320276630741,1.1462238995913612,-0.30247343230346346,-1.40389455112067,-0.027309661430828067,1.1134617798602688,3.005498112867184,0.31378084737426504,0.5749618276816282,1.5397135221384723,2.3405865935237267,-3.241985852417116,-0.9937277205105672
-1.033583164303625,-0.17096307243954115,0.886480482566453,0.3648606374337969,0.7752291842331329,-0.04831412427443507,-1.2602002651649284,-2.249879688803709,-0.6238482773280944,0.5097067934356361,1.2042245517407053,-0.13824464419912613,0.9162494508731984,-0.2531481022613996,3.2311176967730284,0.7756372743096053,-0.6377733528266686,-0.05949176256034068,1.1057116635402455,0.5259289408614638,-0.1813276512326032,0.35831228594478726
0.732136984745066,-2.9474876955622956e-05,-0.5417780449023748,-1.4860272882724461,-0.12477577522910226,0.7116792695362443,-0.3136768147536758,-0.9465173891811234,0.11859078176051686,-0.09194644692275653,0.6770515580484058,1.5805896113781985,1.685104177498604,1.8610690027789707,1.5246064104751746,2.071341929181581,0.6961651706531333,1.1275200173146505,1.9704601280656353,1.4623855254287714,1.3403096425296201,0.7814108076932423
-0.2850519154771387,-2.164033793929452,-1.3207828853057453,-0.9333145045293235,-0.49324539976422155,0.21274525837966815,-0.5448509307341644,0.3365570149349333,0.6272090738792387,-0.04933654319778781,0.11442300300276155,1.120021383284727,-0.564164867627386,-0.5556685605428212,-0.7060209802485757,0.6348923776556546,0.13141587865722457,-0.5911333667175188,-0.9159709925102045,-0.6592913632819776,-3.8822372394610896,-2.7468255343288477
-0.4827882758636503,0.9807696870771829,0.6497371273424368,-0.0017540768830749266,-0.40160020020132214,0.17907265727024338,0.5768347122998668,1.0358176164354915,0.5916331232748833,0.18694707127921262,-0.6130157979639062,-0.11827777710418237,0.0963682383831034,1.3365129701851717,2.2278383320146276,1.9554482986151256,1.911638918821904,0.6987554019483295,-0.6595951273870049,-0.6346508387372407,-4.823925822039447,-3.8238061086761173
-0.0337570488779577,-0.17352273897237172,-0.3270634203783334,0.8184888638134435,-0.7266788220774502,-0.1637724333775322,-0.19335813352597098,0.6817677713912563,0.7730906711964931,-0.2578411200957652,0.10883065705146908,1.0281027914697214,0.3681984557013543,0.5766824527018009,-0.31480268299167724,-0.003089590628047816,-1.9315117426936057,-1.2870215605770627,0.2523979931526109,0.875725276043919,1.1461000280648168,0.09511318381328683
0.7028756150914367,0.6573278549145609,-0.1366568233395992,0.31574533161464624,-0.09922263161241887,0.3117566507041637,0.4289626228437091,-1.0166834415359742,-1.5911332591123015,0.17900652517158352,1.036269182293078,1.9200484552261081,0.9059085014118917,0.446244563365602,0.41297825032403657,-1.514023462090204,-1.62094153517294,-0.495991246264217,-0.22999030275164775,0.38629289265070144,0.796228916305925,1.411827025606839
-2.2025710733973596,-0.6419731099459731,-0.05498609601834647,-1.58297715251578,-2.742095138530811,-0.9398997491222235,-0.07316430548010631,-0.5738616096844529,-1.372128810118441,0.22323717010574518,0.39780694696739105,0.11007792164698267,0.3661533642063121,0.33297547726042326,-0.7103403055875593,-1.8824528924150317,-0.8420361497035975,0.09137079571115224,0.21695328915048157,-0.84163406542696,0.24283873149095792,-0.7560738118316241
-0.06560176457930973,-0.17226987325515608,-0.5213597610694283,0.3191079693888068,-0.013391706513514467,0.14163362815525132,0.30636364382506354,0.3719666499399117,-0.49808698123698303,0.16041885561442087,0.7493821314955348,1.013663802793198,1.1627439936355508,-0.05625598386895272,0.20664584969362215,-0.30471963170323235,-0.35702280851446927,-0.64134282889262,-0.21345417628886187,0.5948634206719757,-1.2977804212370887,-1.0295883674003345
0.8564518594717806,0.3220927616987937,-0.6588645685196938,-0.010559492168809366,-0.36152589792250445,1.0102012990156675,-1.9197806644820115,-1.116166217975566,-1.0376924406122634,-0.6429940992959793,-1.4461227996537889,-1.2158703493441998,-2.142214112862168,-1.5799061210322465,-0.6433352516234894,-0.9254672965590414,-1.2254433022502857,-0.4879937309160927,-1.1807434845743492,0.05373662141162794,-1.3688810961499631,-0.7651780550005135
-0.7141204445072948,0.2689404713303887,-0.741776619975269,-1.0191128986925784,-0.7350340522753933,0.9462718601318545,1.920293584940907,0.369649446499073,0.7063969564622881,0.9046747633278153,-0.5658077570570373,0.18090978739074434,0.32868040550486927,0.41333028098304864,0.6546493006655728,-0.26075030987885944,-0.10463205905402014,-0.6804403992313335,0.9793048219783065,1.4503276993509235,1.7452032255965486,-0.6970357176984662
-0.42698284250412016,0.7894687381142689,1.6104431409863904,1.1401903697564382,-1.9473913459163859,-1.181658149081724,0.37196569364214804,-0.2185052317978976,0.41143793869699735,-0.0637407621892376,-1.2938942313069988,-0.025618036662092215,-0.09697712895860808,0.10113415021146263,-0.5390928275195096,-0.6563672435617661,-0.262421871978005,-1.3333494171409592,-1.037666526212767,-0.04769850706405018,-0.05250367347123741,1.4838787367184871
-0.8850927784066989,-1.6618234628788342,-0.9150175837632513,-2.0803926050101524,0.7229822510304629,0.5771153208082442,0.08831322104883461,0.5430620023530583,0.6870246363733542,-0.2843103685590062,-0.12325217265638223,0.04632181340756071,1.1487496278238007,0.8745325710719996,1.1169831286829468,0.7595249569209682,-0.49753509847293986,-0.42160343888243634,-0.8476150414014395,0.062350063784430476,0.7099130985803894,0.05671935041906706
0.8428470456121095,-0.1537749713185841,-0.9074541780432175,-0.5233438508691101,-0.6078402222585434,-1.0430439168534626,0.003517731622189513,0.5375353621170702,0.9939467595318956,-0.8825532315094853,-0.8936050299551989,-0.9332791408465368,0.7936250635629107,0.582119200165055,0.12795538201210765,-1.1529050371131428,-0.4238748745737317,-0.7311224442612095,-0.19945029555238708,-0.4903452756145679,-0.6285618395678018,-0.4261640144516732
-0.6069098855308086,-0.3822061689541753,-0.34851416779419647,-0.5771251118353372,-0.34468332423095316,-0.42798767254915804,0.535692489558938,-1.0945381471261735,-0.06722719951014368,1.4227837251062874,0.8410661816073856,0.47692776107916374,0.24087849890245133,0.005777489807761942,-0.6100357859514199,0.18640222111342183,0.10542586501931284,-1.2043981690871963,-0.6792418702091307,-1.0724072697748401,0.8752639226827417,1.5065682465057473
-0.620138105265593,0.6154459492585592,-0.6361078585829201,-1.6242247991904586,0.39038048506957734,1.407529264978473,2.271829106569634,1.867060943536251,1.4248998246074402,0.3192672774065123,-0.3333526938995886,0.6274939987969128,-0.06787622931666687,-0.7310560229488099,-0.0913974306475871,0.6852316610015663,0.6532267332744962,0.05556453631951646,-0.5542895011208342,-1.8617095523494596,-3.698809672644562,-3.4594149419087445
-0.2956396332001545,0.11057895811399904,-0.648817180817141,-0.8116285033524605,-1.0195124531823392,0.4140413220522678,-0.6774345895865745,-0.4409096453198216,-1.145064992762953,-1.0313295612209272,-1.0226039751003118,-0.5625696845650665,-0.5091460471528426,0.024238478001194767,-0.12906027744177845,0.5161592923488487,0.2497795447783532,-0.03590538399242655,-1.310521725387066,-1.1588543011742882,-1.473618080253988,-0.7541313906391908
0.18507597460415223,1.5020088281454265,0.14951233600222635,1.163758349898268,0.5428073999633938,0.6966425942594101,-0.2357866361064499,-0.11429794521036138,-0.4076185704256628,-0.3619597522650356,-0.31347228540415717,-1.3217413078815496,-0.5258268726286874,0.26604008459974193,-1.0371346860380444,-0.3668890360920854,0.11621676409048234,-0.19145716405192006,-0.6257296450404735,0.9967654797135207,1.2972570071955607,0.6540978848590016
0.06664542582296838,-1.6441021040331258,0.17968541563649346,-0.49093343475936285,-0.5319906462309623,-1.5299808940894082,-0.845404498314794,0.23696150259962098,0.94177169495946,1.9905964237317977,0.7643231724509548,1.5071694839289937,1.8615046138571256,0.6659363342166255,0.8998844936039959,1.286952303707606,1.2926615423193817,-0.21626210782106273,-0.33821900860881077,-0.5175942582805523,0.04756476665880116,0.13747612812751608
0.1901184223718876,0.9057854117124619,-0.33428357100862693,-1.4614887293990992,-0.5189042116034828,0.6852924189048422,-0.14845293061411927,0.5921388074999715,-1.4720266301653502,-1.8199374842340441,-1.1941572204314939,-1.7879354557099445,-1.3566728415126805,-0.09006865126472557,0.21960048146932662,0.4072695384822949,0.21483125710293272,1.1029259964243163,0.3134049683324444,0.5104735309111487,-0.31259895818690464,-1.5306927812123219
1.8185845345430192,1.519854054955114,0.6874927209896488,1.997245906267503,0.7284674263382421,0.3476017424947894,-1.3752622431975883,2.61522744649881,1.4086838847849776,0.47445533913014026,-0.5039800440538993,0.6743342751160073,0.7681213109504693,0.3370446975200801,-1.078435697585308,0.7180893746298475,0.5785419743604838,0.9767532076856623,0.4292500671101189,0.3417523526406806,-1.334522002528133,-0.06676059428397807
0.5941991539957546,0.39797332887836195,0.5692900142330848,0.4518087081970464,1.2760547112557603,-0.08690152334766663,1.2975986963926986,1.1733599171717886,-1.0274107781864952,-0.03038654534711778,1.35183961894385,0.29632848505587156,-0.9783640274960719,1.234496003022056,0.6227729780567282,0.8471340646771243,0.04562767504224118,0.7877965486615413,0.6527684779271552,0.09529558053139844,2.4060711187516746,0.9734869435184315
0.7538027819714535,0.8662828222972574,1.5471235365230607,0.6156098318138251,-0.11298624123819993,-0.5331502157703402,-0.8573636142413636,0.1235706166504397,1.303947379000023,-0.3791652846939002,-0.5862902660589745,-0.9595235227656286,0.23187551403522533,-0.5992815998102465,0.18880611322347482,-0.20421732084279814,-0.3460533464181159,-0.7608815965488512,0.31109655476300196,-0.38955702815345356,-0.9890532251628664,-0.8174175763634851
0.45746250081398016,1.9993244935890024,2.1629272026347706,1.6259996399704255,-0.9249386497641139,-1.7996470363864936,-0.7255774993155434,-1.6563818382694269,-0.045863637578522465,0.6054245151538499,0.3387883425663744,0.5274875599154074,0.6030664878660639,0.5893278615861666,0.927006246325174,0.41015783442230613,-0.16445039467566475,0.07201845281288362,1.228743269272096,1.2700983224300277,-0.8375064991160821,-0.06615044451798724
0.727249998507524,1.7417700824399949,0.8637627369297364,-0.8674147969758067,-0.4645350408611597,-0.24703894545711733,-0.148600763853888,0.3433538769927146,-1.0512665696546022,-1.048441960316573,0.22481926994795604,-0.5778995423617694,-0.4473092638592906,-1.8712946410673932,-0.8012126239550578,-0.1099594574063889,-0.3777699406895981,0.3927470856744318,0.22576599073173326,-0.05116171593951576,-3.040345514459943,-2.9353494633487394
-0.5793926880334884,-0.6758101199138058,-1.060871611037536,-1.5246870780305017,0.021494630573945336,-0.44706199475137226,0.6538482561093091,1.0120609248542578,0.2777180908238218,1.0194252915347213,1.3507441377325957,0.3113411936886637,-0.39577113132938996,-0.4730674205409935,0.9744720143775509,1.9077176538205782,1.0948534818719644,0.8066380028580008,-0.38013116593572543,-0.7451877339092917,-0.3452297427669454,-1.0040563322262375
-0.40247622662919386,-0.9204787858977752,-0.4580572632724226,-0.18165553628278966,0.5971064662608176,-0.5656387594400689,-0.07842078136375574,0.5835069141438646,-0.24429374621640626,0.16580895468046356,0.2789618852739539,0.25140179458666245,-1.6894556237453526,-0.32021091592904966,-0.0881779634541556,-0.3994905940251676,-0.7961161285286819,-1.2530324864178146,-0.40201462922109804,-0.6907088018886449,1.2193448538246456,0.8342024488402674
-0.8703792051805473,-1.1467299093204768,-1.2414947689161975,-1.311118996684054,-0.2963002253436168,0.42973469859496344,-0.17839001710204908,-0.5392721296681223,0.5191203888833511,0.9794563616065008,0.4790291936430674,1.0657495629043316,0.976116111630195,0.3664405892285578,-0.3988318025793925,0.7338162577341059,-0.6502741578467697,0.23427656413524758,0.22404602730347947,-0.16771939492209773,-3.8651769750716496,-2.2777840830646703
-0.8282061366435716,-1.5009145550359486,0.4217965744830711,-0.44304273093244545,-0.05588367469830478,-0.5539049822439184,-1.1787616188924142,-1.5792249237973695,-0.008963834175441485,-1.3331489590490242,-1.9477586666230968,-1.0989618784426851,-1.4349929179125012,0.3322431347518667,0.6469271340578979,1.0775887718904331,0.6715772139988677,0.018075927115259023,-1.083939427833156,-1.4804523641674843,3.0202652016186677,2.0290717655786885
-1.5006563885028397,-1.2782939261984605,0.1801496771729969,-0.4941355123280198,0.472555553150602,0.7700023923471263,-1.210776236671621,-3.2830248104217605,-1.8811250333461207,-0.234879431272849,0.8752185895778648,-0.018202796223454266,0.5696095369941083,0.2849309820554027,0.7399246573014487,-1.4017170468427553,0.21696051269787858,0.5642015146116329,1.1937274801397944,0.9365121107554671,1.9533586722277008,1.7508272488656043
-0.4833614176652329,-1.1216787926858294,-0.7470648514550459,1.0162099632338022,-0.4958614809071772,-1.1081537569904305,0.07478711242537502,1.24996662966683,-1.5980567701318926,0.04268805958376914,0.4418169879938302,-0.07715234911350884,-0.366929634792216,0.6226250984889253,0.12215036624773375,1.3154477165341554,-0.08313156971623033,0.41022977241417613,0.5980652924719457,0.9953235956776557,1.0252462538250955,0.9750326686401897
0.6835258764907652,1.8856352182861482,2.6611405505112646,0.09660115434470738,-0.11033450093862057,0.45254356714264005,1.1269401267040267,1.44861499029295,1.1508122053065601,0.3484489620160894,-0.6056683191468655,0.29883817548781094,1.5392817907577647,0.7736767053869529,-1.3969468086030503,-0.5643566290822117,-0.3691533275150802,0.3360755246263295,0.26770148776313474,-0.2029962583379105,2.2202546927961855,1.483020516672314
0.057584772689686904,0.31404155775520026,-0.16967861948614035,-0.548550344673193,0.2167482932221697,-1.1050828354252278,-1.5327046232543622,-1.6698354881193531,-1.8002384610237077,-3.007923423250222,-0.9621765139706536,-0.8100057769969274,-1.0175946135853964,-1.1636408031840488,-2.0109909570875772,-1.755332685174732,-1.1989373808419215,-0.33917350587983336,0.19721553373307063,-0.4079840039279256,-5.799728864016265,-6.097410919797303
2.568219441951504,0.5879094902304567,-0.19019024244595426,0.08354713404941523,-0.8260639921424477,1.5574460792342097,0.8480987375667748,-0.4137621586579475,-0.6650288598067471,-1.5216578371469904,-0.5646179042572456,0.3215474810974838,0.7199995143840987,-0.5418236918604878,-2.0675771984074385,-1.366975580109224,-0.12012884247699594,-0.07069978487925785,-0.42582706692547395,-1.0467067231023315,-4.4222682019343935,-4.924940077330447
0.14099518605208028,0.5255910353040102,1.4642247312357792,-0.5869755469497345,-0.6550722774868908,1.4871331294684476,0.9021834538257558,0.6561016913622866,0.02823624433985252,-1.4365147989186278,-0.6771840336678779,-0.1728817667491572,-0.40010721887724593,-0.8466815352576823,-1.667344050914455,0.1033524556173121,0.06323656366072955,0.0002511759127104824,-0.8289325868751395,0.025873080833747605,-4.599484138677692,-3.070360629966855
1.0240714405547193,0.5322388359082255,-1.374975357643787,-1.762095273385448,0.10937139675945434,0.9641946028521721,0.5256677642887931,0.2896961341544842,-1.2392727323549249,-0.5156289765467681,-0.5628959133442727,1.341210566320934,1.0419998087432174,0.23660747046407188,-1.2026729446936564,-0.07388545226515825,1.2895422320651857,0.41603000201659907,-1.4215550064415288,-0.7433632127782629,-6.199073208070987,-5.255943110989173
0.17166646997080956,0.4476649810597763,0.3172647440539484,0.5043041822415646,-1.403779187110796,0.11991460424056313,1.0183247412149325,1.71031507414174,0.2556056814909513,-0.29295132665254325,0.07959578596098182,0.6346900212556691,0.6162539466373055,0.809705883243309,-0.32460329757074385,2.287681410460342,-1.3544628616790466,0.12830194650417187,0.8347421741610997,0.5394596582267039,-1.2158709600262743,-1.1094444974109545
0.43677542481955567,-0.08365326168487527,-1.2767989719062052,-0.12917190590236122,0.7852956017899826,-0.24947555058940626,-0.6848227067086425,0.3533876553839832,-0.6469931786541869,0.9100026395321836,0.4998414431915242,-0.4242357746977075,-0.018314232639539848,0.6706656226240604,0.46527343349854866,-0.16800542679547703,0.11959542345130726,1.151151521789198,1.738826537849591,0.6046960967383068,-0.19240428277101984,0.5977124602605308
-1.0602739459986443,-0.9122028325890161,0.8420979272744726,-0.8950677515634379,-1.7558965313640138,-0.1697375802920161,-0.04856331873152819,-1.177882345755352,-0.16742610316294507,-0.7753348030186599,0.5821888503472332,1.2917081537718627,1.2663663960588682,0.7848164897909985,-0.11145039077592475,0.7837437863921839,0.35007386984997724,0.31048822238182083,1.0505138244391512,1.9276102118630523,-0.41574826590725567,-0.1984102860588001
-0.34600550206883113,1.2879224183632014,0.8393181487252649,3.600462547903962,2.6529262119841293,2.9093161640186738,0.6208446407907849,-0.23353235935190617,0.3558795776457325,-1.178621484878268,-0.16463073819153795,0.9010861660316947,-0.3436633187985943,-0.15521552352957305,-0.00453737604858984,0.44260811613821505,0.7611341515514979,1.0724475683974064,0.2945655641199597,0.333014848137101,-1.6774514691795388,-2.529817031134988
-0.38589030505347377,0.27431723602585256,-0.5867903037067539,0.754045349453892,1.4517190339649624,-0.4830790047359424,-1.235049820023515,-1.626937063874812,-1.6865564249906952,-0.4137725379055282,0.751868096243129,0.8397308730830766,0.008654736996572586,-0.03192551063358556,-0.03577796247839409,-1.52916341965321,-1.568674697937908,-1.1574818278279004,-0.01348023306540025,0.6099115796960021,1.5258239384705887,2.2163496108835785
0.4142757187756804,-1.5374716503310455,-0.10358125085102642,0.06605291096368016,-0.41107751911875157,0.5597200795454096,-0.917892444896378,-0.36922138344998523,0.1876220701295144,-0.10793664585224112,1.5622849555313858,0.8444465877006053,-1.761287715148966,0.5580891412995527,1.195814543464694,-1.103120427921484,-0.891858730501197,0.0704076451265227,0.1715645195304564,0.2722656257314955,3.687313700750081,3.4570900357445975
-0.2961482700985599,-0.2150461029993909,-0.665341097072849,-0.4210890326117565,0.048432830774329166,0.8008789422683058,0.014597512541222202,1.1624161518684262,0.9993187347549256,-0.9681331379804636,1.0989786096119156,-0.009135290467531055,0.7242262290140388,0.23841485577444466,-1.0968708736993924,-0.730317924587461,0.05155044985300035,-0.049668630119995796,-0.9944493050619976,-1.1678085991582408,-4.462351485836513,-3.991208349808079
-0.44228971395362493,1.0927954788018592,0.365604609605537,-0.6700170404448349,-1.678405474305769,-1.4700412825854992,-1.2568855345431131,0.4915657253569491,-0.006756793002082227,-1.5771394887385872,-3.071804389017742,-0.9948758692894387,-2.0154393373839805,-2.0779386846743386,-2.2949310056311827,-1.057669629137763,0.029130836298615428,0.9829618484222402,1.973968772200423,-0.42375036593028226,-3.6317166129272787,-3.9574261706217584
-1.072854951234048,0.40789310527255174,0.3077248240369446,-0.6021095524906953,0.17794433728152947,-1.4866568738698018,-0.828885891513709,-1.2773654996271173,-0.7394874000523196,-1.194503951742463,-0.8961020502125944,-0.6555071941768198,-0.3209277650463279,0.5277766736104516,1.2512490952410769,0.781592943862633,-0.42244740244623225,0.09796455364845562,0.41305052310516926,0.07939805838347755,2.586887713992381,3.3700973647333416
-0.4294315869427316,-0.9133524341233554,-1.3018622150551296,-0.7379868376880345,0.4109681565279135,-1.4803954025931507,-1.3183991680154716,-2.3691201116860556,-1.7191233505542205,-1.1109405569675779,-0.3705221996823829,-0.9674327205472286,-0.6593703369476561,0.3538591842022245,-1.0029836661585616,-0.5374450065584951,-1.082812038914074,0.13029227276536945,0.3421681964203838,-1.2999635431299619,-1.197283660614606,-0.44263491070407224
0.6968950056356586,-0.017126049954707998,-0.39533561126942285,-0.625982508531773,-0.05509420497700522,-0.20505758443462013,1.3410192309331148,-0.5215003587928183,-0.46368027132841527,0.11139320394396002,-1.2019191268240077,-0.5016909480678005,-0.055091593946014365,0.8133193886486062,1.201621954305219,0.7857862190081555,0.04930094089779261,-0.2248492757955383,-0.22709898791140626,0.0005673885902212844,2.111486863747746,1.8835645715219562
-0.1129111783507722,1.2819406561653015,0.25362449859555397,1.9084805460714669,0.5823230829839277,-0.5392617279629444,0.17192759972828328,0.4739643015607179,-0.014012374221541874,0.28910961508245664,0.7859715601102897,-1.1664603960999793,-1.4392311502225337,-1.2004279126642547,-1.3788218209753007,-1.6767160964516805,-0.4061866932458759,-0.8214745388733501,0.2963356721673973,-0.08538769438287389,0.48999152874070284,1.5825139843714786
-0.26828937725304036,-0.7267955753399507,-0.6590962510230518,0.9496148817183752,1.1630556749419274,0.005028930005182676,0.36734458525410024,1.519912620956375,-0.6284572402973382,-0.6380780619180225,0.815878612452692,0.1732389768223199,0.27376854501744285,1.0601600984065536,0.42605652816105816,-1.1183688205866342,1.0255025362520145,-0.005327063767033459,0.18526418098769265,-0.16851032034489372,0.2950110348368675,-0.7408120611659645
-0.7692124468750717,-1.4484429588555827,-0.2522107103228541,0.8908122172016704,-0.1617577249742778,-1.1283085704544535,-1.3299043633313739,0.48046681654833645,0.4720821227178525,-1.59248145496037,-1.6314206728838767,-0.18356645507120659,-0.051070123054092774,1.4024416344545894,-0.4736322027918054,0.14409982096853327,0.7187265822577974,2.1462850292171747,0.4915135757073412,0.852513430026835,0.9144401180593171,0.25736655739511
0.28241041734784733,0.1116010694160349,-1.311792929548582,-2.728930297942562,-0.6605834929915977,-0.5839861091455338,-0.9675200241191171,-0.08269617704169635,0.43688889961504407,0.5010496139855461,1.0293044761867958,0.5178406241743774,0.3133985093918201,1.4818214548301392,1.7211813665414684,1.2963118188099099,0.2712059368847829,-0.8311947864503753,0.29016783708562266,-0.09975880183757616,1.8222915376641002,2.4238330551255607
0.24780370322490586,-0.129620169520339,1.7739839326075715,2.459125895435461,0.1694130010350829,1.9149944141379898,-1.2706154184251415,-0.29910416982972227,-1.130245554294922,-0.17077901068512305,-1.0907327076544027,-0.496653045194613,0.6189101708151484,0.7694938582714076,0.15880083951922483,1.595896679860182,-0.06775475442612804,-1.1225406760161256,-0.7520140126930567,0.31466706174017645,-2.1044320487491097,-1.7115854755894726
1.2731095701534352,1.1441127668467472,0.033495242078808746,-0.5058503615877741,-0.1494743346532272,0.3743792642065565,0.5580721183585501,0.2420022388334189,1.412558397154969,1.7925286757661942,1.0784072447151765,1.556769062354031,0.9814421800446259,0.7337936531984437,0.32669831826457923,0.9046757909272437,1.6290080350563032,-0.0387289419032299,-0.6250459723128372,-0.4793058747484749,-0.2961019966850096,0.8070298366963982
-0.4089511717532307,1.5646722117662424,1.2204508867235768,1.1935422995285652,1.2246796632512846,2.166883608651319,1.5292985829512065,0.32663573103051,-0.6231072253207741,-1.247762555035004,-0.355000871764523,-1.41125268293306,-0.2565894397644427,-0.28152718606507615,0.07014222664959031,-0.5008146948484257,0.2955430039062853,1.4601790069596978,-1.0825450193151396,0.7278097791640123,-2.3324327427684657,-2.773326553938992
-1.0442128903345034,-0.9455872348328078,-0.8770771736645778,-1.2043659648907643,0.3872738232477052,-0.48114286377138454,-0.2638343153507741,0.8629994142322368,0.06733069502612866,-0.1269739125308797,-2.31619600091022,-2.135707645636386,-0.8269648179917405,1.0630309652128858,-0.24447813414035782,0.36665589650693137,1.1025866413830618,2.1965957390302724,0.8216982737378431,1.201991298568009,-0.16777439365361876,-0.38699057771851275
-1.2932833285631515,-1.032003587318718,-0.4795436894861559,0.3823763651898825,-0.2674605812210657,0.01734504959933951,0.4226581177934989,0.5274938789089698,0.05273049910833097,-0.24125630946094906,0.881631752869906,0.19951743401886549,-0.9606158496077841,-0.7327945954713287,-0.2944910325764887,0.7455938976859704,1.546979189772931,1.3557168160017767,0.10139956635317178,1.379925900439904,-2.890959796622002,-0.8675429905412161
1.9163915238328544,-0.4507406392298549,0.3212542726427365,0.5271098190007512,0.07215522782194968,-0.5120242533776604,0.27118977349131806,1.0004144826696073,1.073533465779432,-0.4514782768313242,0.20828326501500902,-1.5240578874518076,-1.359204720898567,-0.24958074954611387,-0.0960338217085472,-0.4752500671853266,0.5404618865332256,-0.2057999638588303,0.376868854810931,0.2570333182446195,-0.46128227176085546,0.0015850804851142743
0.5832143118680911,0.014005435468128288,0.3968018751622856,-0.6727271983688838,-0.3260465477710815,-1.5344605922226646,-1.4781336933023161,1.1823260313484012,1.4830694103678908,0.8068196269936994,-1.117719668812906,-2.532970902250317,-1.5207373613124586,-0.7288133231876942,-0.4685534058171573,-1.8716850230411213,-1.5814582325858892,0.45152062929533465,0.035306023295223476,0.5073120939504696,0.40954890322766396,-0.056618295874681535
-1.5917602489759834,-1.0349551295933843,-1.1763013024448907,-0.35516819744453365,-1.5137005615718064,-1.5991236260476398,-0.9132397467555751,-0.9857990967216096,-1.4258948881969176,0.41461230796293935,1.116669662206479,0.01457932600906854,-1.0281316359262624,-1.1065663487751614,-1.241111505820542,-2.355793680145744,-1.8135549529993547,0.20288063955416133,0.012797507900836122,-0.8945026932455753,-3.0288547216210735,-2.2703008196746235
-1.1190231150966767,-0.06746267909792723,0.8812075659601126,-0.7987648185053515,-1.4895800736414342,-0.07836819881183667,-0.23646563650223887,0.9132436558453895,-0.49450032220856505,-0.7386017062391212,0.4276264506722261,0.6875397794645951,-0.24906055328133642,0.37468082952269294,1.1380744356344792,0.16541828132370945,0.305297837500667,-0.6640910180116868,-1.820414171621633,-1.2480207877797405,0.3978669856802217,-0.29012240342596374
-0.6023416631244747,0.9964597223341709,0.6814178510698098,-0.037255322308159,0.3707784155674467,-1.1925536021678735,-0.1444823515494484,-0.9635313969673571,-0.7321588620214355,-0.37415604795602625,1.6397871730665454,1.483768407067514,1.2061829430732582,0.3313698279744248,0.5264416886157977,0.5311718248220909,0.8568494413716279,-0.9950286893576871,-2.156434439024263,-0.9865297410320558,0.17832146806234808,0.05221282278669496
-1.0303956806118644,0.9098806440196675,0.2822769512312625,-0.03604449592816616,0.5795597496915073,0.013112402980742085,-0.22468956834209233,0.1154134419608364,0.6027601136088442,0.18557715045389983,0.7236651427849743,0.7792099686992389,1.5601035258711884,0.4390468079836759,-1.1441819470772279,-0.40499779258903773,0.5792120807104711,-0.23676877479177577,-1.963421473113514,0.5343301824209423,-2.672754556386205,-0.29674610685229774
1.843148114866003,1.8327391288381836,0.6919629743758275,0.6825221171210886,1.000567533328143,0.14843239988773468,-0.12850923063841854,-0.7947005163733978,-0.4730030061459647,-0.6754678882843217,-1.6958455509597068,-1.4773570329083174,0.09240194063367548,0.38863809288586315,0.5700656657216832,0.36218126379506754,0.13007114160226294,0.2520574156687329,0.9529410156064437,0.8996111660409515,-0.1822459057448398,0.13475454439828138
0.508446346743474,1.7083145749407809,0.45356562692616487,-0.7335676303846068,0.9780691910784512,0.4229831068081655,-1.0410154432299332,-1.1559276033464392,0.5220311940606535,-0.6985744271854304,0.6381082529623262,1.0878899828868338,0.4380899325559105,-0.19246312289656256,0.32147627897214015,-1.1814406696025281,0.1232934355059157,0.7424324076293787,0.8969174802493924,1.5021167670328393,0.12781630966329938,-0.5080439683223089
-0.1029328486117323,0.31371187892430247,0.14559610046408003,1.4668130358832527,1.193753150796735,0.24856893967841184,1.9924825424874664,1.6542828781169718,0.5580438497776568,0.1783646286054466,0.6321016808613317,0.32348651231948816,1.119587644973242,1.5334153682322236,-0.5907897797102915,-0.5438274858742683,-0.46926903860553315,-0.4549206493792074,-1.7506334492626328,-1.985104924406135,0.17354875510567874,0.32878347152694287
0.4201622709941978,-0.39353919741953025,-1.5542010403507287,2.1442778995698935,1.8805489007324312,0.6211005944142358,0.7619998827884303,0.47793367555834965,1.5879549244378464,0.6787604015013371,0.508534697143625,1.3173973162598314,1.6056904644591397,2.2353856878329577,1.6711509152376787,0.4980873833271628,-1.2816481338611903,-0.2279895462803651,-0.19952038035021252,0.25590768178505824,5.636887609085212,4.7622583221854775
1.0836049623788988,1.028697080637565,0.7023435721194138,-0.44963440492952383,-0.14035214923414935,-0.37117221239159354,0.6413891636652777,-0.00914486993537403,0.6591446754681828,-1.3673914066059119,-1.445474830564642,-0.2231234826268275,-1.1243629243217061,-1.1345340927191425,-1.0085039374662075,0.31618021286763537,0.9076508365442649,1.9556999830365531,0.8140773671031479,0.3774403966037515,-3.1253504124776175,-1.4670323547240915
-0.7901025393099116,0.10801052823366537,1.3794654340849068,0.189045860495967,0.4830565492825685,-0.37941106480314246,0.628806075862149,-0.9551141653320685,-0.7258405225358717,-0.3827079055850643,0.8438364991453956,0.15313876074742488,-1.846548303365306,-0.3821843308169704,-1.0383711564826925,-1.858510448209926,-1.6824973383090318,-0.6219789994838215,0.3941304910602162,0.7383749946456432,1.1021582956524147,1.33525740009228
-1.7054441052038156,-0.602591729509364,0.3844434781894313,0.7713170532672669,0.9070737375410943,1.5350162643518934,0.9652997915804863,0.691101577046648,0.2192290929154636,-0.004902123214669344,-0.4063165898715745,-0.4424305202396789,-1.2192841754384238,-2.995613524902477,-0.25028805802471715,0.23581454274121505,0.81405185498878,0.720440917519589,1.179915983131216,-0.3717548916741979,-3.24056028395374,-2.7999231934492506
0.02485602740722771,1.1945297098081535,1.3386444888490194,0.8173446979326292,0.3993524210642202,1.071379419431751,0.6010547580236347,1.1905750786238063,1.377011200937033,-0.9264762791386939,2.502788135324353,1.2972758880513486,-0.0991936456502886,-0.3759102015681224,-1.223392370837229,-1.7609527748479437,-0.10217848659824143,-0.27590477650581036,-0.6881848510305922,-1.0957251151016776,-0.9984643786009475,-1.6257865563324847
0.4789335123806427,1.7236831958388563,1.0692166812047137,0.05136586185727856,-0.3481755767297586,0.9902059467113317,0.6520386512954797,0.49217311754132814,0.7847348107771792,1.3230333595252741,-0.04285036575536074,-1.0689861538232162,0.07823244845782583,0.054156571847828065,0.8773693831668448,-0.19577709439105045,-0.7160903878794945,0.2577814578511373,-0.16029964692202653,1.882107784387699,-1.0464675141196969,-0.548922282077556
1.2651574713085234,1.305125163451238,-0.05501019983719468,0.5431574119017604,0.6501977475191606,0.5498271461572645,-0.48315941094024173,1.1905806054243762,0.022124108576126397,-0.48891868445312986,-0.5355642917663784,-1.1971859206227613,-2.119014045977461,-1.5356629617145439,-1.0840180138955546,-0.20260636462021225,-1.123159115217672,-1.199053714359513,-0.029329832481507563,-0.32595494885535503,-0.98362519791926,-1.9169849185121195
-1.5022044640080445,-0.6947976765530626,-0.0649880221886478,-1.6963955748348407,0.41487795421510165,-0.017007828592100763,0.6651700474739872,0.9211961079622318,0.8707149852329668,1.130254906811067,0.18308909625061084,1.4055244103376687,2.54648517409139,1.321731906440587,-0.7459624165398271,-0.054398124531156174,0.2455719769452262,0.2139483872026157,-0.4109106168127782,2.23177341946206,-1.0293299613578377,-1.793110083314657
1.4397287818709723,0.34663056313720886,-0.6544715893969838,-0.3411252871242357,0.8574286419500061,1.235735074996945,1.5095706170675163,2.1237288688864067,0.7079781149831732,0.4633116770077599,0.8484233863656687,1.5979830585246357,2.453175531629516,2.6061789534949704,2.4647929605823258,1.0319783236677762,-0.18862074418527772,0.8153675324956149,-0.23224809305626512,-0.9214330205609509,0.27164609837376796,0.4217854763263114
-0.2884961660758271,-0.8616326709827397,-0.06301010367793534,-0.901567846110787,-1.386843350315163,-2.3279177081139166,0.4470766340172775,2.254642925782844,0.5618205609761102,1.070031005571077,1.2659170264991784,1.2191700592843717,-0.10295065158980812,0.0463769897156685,0.03759266819541632,0.00827305648278315,-1.7915869185407605,-1.7427520330693513,-1.2897868101270324,0.03652678404331089,0.24267995718322088,-0.6415063976408703
-0.9054108037598241,-0.5726846969352267,-0.2607279779173999,-1.5781211261591896,-2.099502368832925,-1.3748067925861889,0.17350255086202626,0.6935565518586657,0.7362170779526875,0.5373801111209389,-0.06359890709947681,-0.38763104586584657,0.43507197569104905,-0.6606653457524414,-1.2090607003683747,0.11320034345971773,-0.20695172179334156,0.2901626383928584,-1.4519363693057226,-1.5447426514658547,-1.362763625682456,-2.466530637374694
-0.002497831652096835,-1.0478721011520202,-0.2946571443345746,-0.5819200596316387,0.2202862088966094,-0.6427368079239135,-0.6938508651874439,-0.6484405500888802,-0.3469128722074321,-0.9402390891177844,0.822225309049116,-0.6704873434969367,-0.7414206210269206,-1.849176436842493,-1.8774832581336414,-0.09520453211352198,-0.37997950856453594,-0.14782011287093927,1.5776121975990867,0.8472755838185482,-7.221809439988117,-4.330286804195443
-0.9797269439176528,0.46900770695346433,0.6972095223607906,0.9493369456437614,-1.0554594380261018,-0.5891653069690527,-0.729791685090928,0.4070508841452675,-0.8319286755944201,-0.1302469553718247,0.933604078208752,1.1570305700639691,0.8412664317500427,-0.8397744423502056,-1.3117086584740736,-0.8925108554320476,0.5123938857777394,-0.6306638903471385,0.41407394474267756,0.41052494874652157,-1.2942946213523947,-0.24807529301779785
-0.04569053489337408,-0.6608116937076867,0.11586908916168968,-2.1372362301159007,1.1270589954738555,-0.9086019859889117,0.2590667194145062,0.2995460044404823,2.4906744618409973,1.810170376983749,0.46113713935131306,0.4152057227656744,0.6673679269808942,1.2416479762285086,0.954838124926146,-0.05161220700736562,-0.21089688707100576,-0.5705407841402921,0.18614179700663325,-0.33364853577666564,-1.4516482392673264,1.91912847277796
-0.7105642351877322,0.06434592785293283,0.6677727958348834,0.4176980072958886,-0.27458166254991134,0.4192884799140062,0.34737014221044776,-0.028664276679399855,0.07389052622887952,0.6071209997374751,1.5539568891071842,-0.13426138026364226,-0.4895345090809707,0.8329520293337609,0.03684473877199906,1.3413456014008678,-0.06380345665887925,-0.5758956129986731,1.1125303241593325,0.06982400149041856,0.7950118233704859,1.5887414167664242
0.41547872969392213,0.8528625845113917,0.6456143102131504,0.7168236058846287,0.15955048126554916,0.6189419650959151,-3.0347622403252035,-2.769410551190716,-1.6646504990904838,-0.8752114953712926,-1.2759195556945877,-1.3488373567250787,-0.8551447222641967,-0.19495945390431177,-1.4318080924373904,-1.8747651485179344,-0.8401392606445583,-0.3621568076445054,-0.8148135945750491,-0.33630925378218046,2.4405139702932668,1.3843227464304892
0.10692232301913347,1.0441395090962764,-0.12987027794930886,0.2598836074406347,-0.42265124758328604,0.26305574258132497,0.7643449390576612,0.3981132623190554,0.011769932981627908,-0.6655651168802468,-0.8335765341945355,-0.49681679431815945,-0.5869084820900847,-0.5766335605698202,1.3463672288631066,1.5321137797566053,0.31671077164326256,0.8939316782822684,-0.15547921525093927,0.7222824358548979,-1.0608130498169788,-0.5374423842993241
-0.38239902322499186,0.05531775721449696,0.9810879988690306,-0.480015936686558,-0.14149364024895691,0.5935028606735885,1.59348428014917,1.482202421613895,0.7208317334841912,-1.1093666038843726,1.0238357786644703,0.25491353163814606,0.04898797468051636,0.43302614987202254,-0.01962769128569008,0.42386354238550167,0.6625221707474034,-0.9323156979116844,-0.010735418850660067,1.827517612893361,-2.3626417131628807,-2.3626216359379066
-0.023919180211641168,-0.7104716076857094,-1.2936648110473017,-1.7461992601738479,-1.906593700625642,-1.698278932284225,0.08141981299897906,1.2428402456409988,-0.9447767589016144,0.005435322507582635,-0.5206855117905618,-0.3656812064187098,0.0794118818484773,-1.955975569139561,-1.666998773024507,-0.5429882592571598,-1.5011983663033057,-0.5335189093480205,-0.796165950733786,-0.11968541484429565,-8.607885673488138,-9.726801976878154
1.6874247437490648,1.1329397869589986,1.657213532470346,-0.481488199639389,1.1543893904908282,-0.6380858040647567,0.4667691182517283,0.6292934458294678,0.5001599535348966,1.6409150344235797,0.057903466924128275,-0.5076730427842061,-1.8510542144547133,-0.00514113336067034,-1.1672064314185617,-1.5360647596087664,-1.7285012316786088,-1.0691894841326177,-0.2826562400191569,0.9898226351146878,4.065706361160448,2.7963304997070053
0.8498649714016033,-0.6293880395191612,-1.299328909884599,-0.7898256788367228,-0.21401760626563734,-0.6681016174515801,-0.902530878931118,-1.5628947872321373,-1.316284871084396,-1.0824879674403505,-1.4814788338047629,-1.1582622086662908,-0.15390127175607837,0.46896528081677985,1.2094460781191279,0.07043510725178231,0.6624114327553197,0.9118984734975385,0.719376548498576,2.325897702159754,2.1968924802719645,2.0700702868262977
-0.23173672947874963,-0.1532129909474932,-0.7173650512714739,-1.5238058473240044,1.0584514498938131,-0.42066903070160194,-0.5254602990969488,-1.1196797922777812,-2.12804978470083,-0.013225263721776327,-0.8665248049522696,0.2472922824190516,0.024644486783993846,-1.33080194344408,0.06197253569980106,-0.020276397995694116,-0.9089524868152156,-0.791623164525826,-2.323956645132017,-2.8485876119910563,0.3721641167602956,-0.885759332545409
-0.42398818525097764,0.0763584534957025,-0.8346919806854972,1.1375100065347938,0.9906144063729203,1.2666928539334668,1.6213459789690636,0.09135506210963278,0.2878124433972922,-0.06012102423239156,1.329275633205116,0.1607778686800806,-0.2838834706744977,-0.042943170033492704,-0.7196657004694176,-0.8484607806112738,-0.706769258004296,0.002320531848824492,-0.5126506534375067,-0.7246679542316433,-0.6883474330279534,-0.16126753540665495
-1.3694764071778365,-0.4302784362088654,0.09185067467794181,0.4823385123476407,-0.8298265755620037,-0.5629096111477324,0.7560224741993392,0.5373588936248229,-0.19771689789423796,1.301790510146748,0.24385332644778238,0.23040742653449392,-1.1397064966535397,1.247851092372356,-0.4114181069113346,-1.00202304056077,-0.17466864744624425,1.9141187175168155,1.280513659733649,0.4701677904592093,3.7065733251714077,3.031012142128775
-1.8064889824125572,-0.47620017713424034,-0.806230189077013,-0.1039219207543226,0.11530900604190127,-0.656460689261763,-1.564826816790066,-0.9439387299838924,-0.7029092427156466,0.6837643458026419,0.30334237720645185,1.1106775508535993,-0.5179701275837353,-2.0548260184006026,-1.3597210089936032,0.6322539444228075,1.627751659935638,0.1875491301966294,-0.47283290916269916,-0.17584417501080035,0.9917031843338224,0.6846282805754408
-0.6403177529052799,-0.9402820217001345,0.8015063537620483,1.1028702656713119,1.355447585583429,-0.0193107715563494,-0.3112316220181904,0.5409830246656091,0.46761131774165854,-0.2304253361306111,-0.7583397810948708,0.502997735612923,0.414674907959788,-0.10461216476622372,-1.2919300434818854,-1.4420995730919255,0.8399361207631995,0.9714005544704578,1.927622363173104,1.8382600604051806,0.007374158980409828,0.4015003047830198
0.9305159418974182,0.9677000673823134,2.02204607397404,0.5745764780173688,-0.5065676549053307,-1.4523461027471847,-0.8071410449717354,0.17753358118589188,-0.9668184839109986,-0.5398726285135532,-0.5610601012579968,-1.151327715860881,-2.0200099249864025,-2.607842060127063,-1.6997355724654823,-2.8078384677982524,-1.2072181936734607,-1.0202404638280844,-0.4479928442988361,-1.0592724831340732,-0.35469577576890116,0.06389605776588841
0.5364794768469151,0.763521136408889,0.5627889510689547,1.375635298751783,-0.5836617651301679,0.655028720654484,1.2761468182100544,0.9767330199519789,1.0891644691506164,0.8983055523159283,-0.8263343088859375,-0.1493496800057094,2.118799369094545,1.2348988473667215,-0.0204658451516492,1.0822272900166376,0.6341687621256112,0.6950596120840848,1.0301886670800333,1.0931518818483659,-1.5014735189891772,-0.9067953698191971
0.10833013435572986,-0.9828233213058136,1.2630732872364332,0.8470515262590919,-0.7337608712186352,0.2282622834611243,-0.2979704030440696,-0.5302085603529304,1.1981258648810384,-0.7763709516285344,-2.678272878391817,-1.101356534374107,-1.7415968732735991,-1.4383242385707617,-1.101715834357518,1.0282748946663258,-0.22655358450681415,-0.963198438478618,-0.621592548001935,0.6036356936398317,0.5848614045321276,0.2130360202871578
0.8356530691845243,1.0991462990384808,0.9365234980839213,1.8570826094087862,1.3570257401356467,1.0034921868702673,-0.03523669185530185,0.48744871492236713,-0.5003721414591931,-1.612678234378034,-0.869022690546638,-0.4440241799740181,0.856004216851245,0.8477011870597039,-0.20978908094976312,-0.4027147458911685,-0.908083869869722,-0.6258294663033612,-0.47568861559415865,-0.25563798557605283,-0.3195532312421486,-1.0161236687634312
0.2476498838997981,2.3359626677027303,-0.22627136783822327,1.386805967962294,1.6377620984215275,-0.07981563867073017,-0.7296083269067399,-0.6228197876370325,0.6360000734739603,0.5432298851951404,0.5417520663406771,-0.38459977691399905,-3.3834539679903637,-2.563227825022154,-3.0220294721644807,-1.5391526952734587,-0.13654534373862046,-0.0016105774891454845,-0.7187292290963314,-0.5490425223485923,0.7134990505286205,2.8269399752068143
0.28299857046742577,0.6944817268138436,-0.38569489136291624,-0.969315434241402,-0.618231658179964,1.233223748359429,-0.0036061498992754127,0.032025508429763386,-0.08024796003830502,-0.7830283497001614,-1.9949684041148514,-1.0207210921672965,-0.7433835045446969,-1.530499495012932,-1.7376503238750631,0.08980571533543773,0.4613075854302807,-1.1508807555172622,-1.1911925288842815,0.6240625610547434,-4.311660485350116,-4.660024210124497
0.8067195518243695,0.8291058763206728,-0.030473495450912755,-0.09219795375090559,0.16188905556188662,-0.1617717005547204,0.5536042529511548,0.5056775736852053,1.327544419944051,0.13185466078841668,-0.3263162367271861,0.7115769154548979,1.3548991425823527,0.5769982411320961,-0.8090289845193005,-0.0006686649860489278,0.6794775002169529,-0.03397310061360798,-0.43342712817559825,0.6493647001225935,1.4786731978690484,-0.7474051074862308
-0.29613124003574,0.751335100864291,0.6146096898769169,0.24407226350242026,1.962420102285725,0.24635258369553945,0.8135679562026719,0.4324746256318739,2.2269706116154353,1.538794254206582,1.586614033234643,0.4782584839111711,1.0347658811925293,0.72892495451237,0.9200147706813894,-0.4438795630631588,-1.3893024499247966,-0.6735781372122311,-1.2977788662526795,-1.8761133706090007,-1.4448097985485626,0.6402122264965926
-0.7484034819549114,-0.9634509448418941,-0.9285182712347275,-0.13316555027493684,0.06526341897414663,-0.06302105815367881,0.6750762162490856,0.42505576359850505,0.7190973922564977,0.7608936575930908,1.107679371620459,-0.5698609677765621,0.3693985487037486,-0.08973910823946647,0.5028263043932466,-0.8229645018080426,-0.20745101927862736,-1.4179177024382794,-0.8276903972211691,-0.35198330677568074,0.11099281498944263,-0.23156046084283616
-0.48468512309523437,-0.4244098085588255,0.2770935499404871,-0.2834546022241125,-1.1227768124292892,-1.523224448781311,-0.04029488524491674,-1.9838238162993305,-1.8971665136719655,-1.8693205361806247,-2.4775743001407284,-1.2183951136251425,-1.7631749454156733,-1.555250610791727,-1.5058590411871613,-0.10223591608119194,0.5809158518802772,0.5878700408857085,1.148575344216192,1.2963457347523748,-3.0691431261405917,-0.9181842530591537
-0.15002132624845235,1.1106512061585039,1.2836029240840678,1.5577278978208697,0.2825302128839964,-0.3531333694242622,-0.7487552611855205,-0.5314700919699036,1.3582089887876398,0.6804291477585898,1.0815768401652566,1.4330473498705096,0.9177096497417812,-1.2162765785185106,-1.152073975086677,0.23034464170953564,0.3248711750476358,0.14610464521599373,0.28163548949596023,0.07777453037507032,1.321999808381623,1.5260486604594818
0.06400766145039154,0.9024683585965028,-0.48303597477868615,-0.08504442790918773,-0.49598249074611994,-0.530775133612566,-1.6748193333243946,-1.6072491422345856,-0.21416766660007364,-0.5237372352947935,-0.7914981428658812,-1.308143897304459,1.9333600530590553,1.046153724550521,0.29205728668721914,0.1972733253236751,0.37009422289598287,-1.0868983893172404,-1.8927553397686545,-0.7722126555919414,-0.8792473483870726,0.7104584822477065
-0.4558717350603622,-0.4709266926357932,-0.9662241346167497,-0.3415948982011143,-1.069655914214833,-0.22358287453634104,1.1161977336174704,-0.6447269986366447,-0.06391496497251792,-1.0848961862392943,-1.0249332760281864,-1.0640610735657794,-0.8410206039151388,-0.6027763927256288,-0.8825220375409126,-0.1868526242922969,-1.066521806964679,-0.4160994332681501,-0.3590600378488529,0.9159801497076733,-3.073774800723559,-2.17622408464698
0.30615395660073547,0.36959191838922884,-0.4667125885289661,-0.7125514564016628,-1.1979831719492127,-1.6464736738972336,-0.09895582644380975,0.16603399397192825,0.31857338608155217,1.1881963313255284,0.3217141411074044,2.0722468263841294,1.35634349289319,1.4146131940679405,1.2874111894303086,1.5264944085943883,0.1355830184229216,-0.6227156227287753,-0.27928287383507083,-0.29271676420903725,1.6456593035353835,1.3955377293608096
-0.27100590415690595,-0.1687727083923833,-0.4832791544523391,-0.20581562245550772,-0.6718074821427386,-0.06195255589174361,-0.19378891117670125,-0.5041465878106974,-0.042592895414691266,0.4026553753824939,1.2017542574436728,1.1734126144883144,0.8385529563308004,-0.674582932582153,1.1938392461152907,1.1110270323384768,-0.3895583422482814,0.3414421696499468,-0.9915198324566534,0.0008330259108976577,-0.616013357413442,0.1551126394281963
-0.019118668315532352,-1.585731868656586,-1.692082659083344,-0.8198515175685903,-0.7699341057893501,-1.538662107896484,1.1668713301616211,2.143475103005835,1.3654094475918466,0.24942612911322995,0.4719388753967067,2.4429379083450566,1.6268507130970238,1.7570662948705846,-0.32345900229286356,-0.033898170964022076,0.39185291363243757,0.4270824925967968,-0.4131797048926061,-1.2714773085231799,-3.583890526611577,-2.117216736969325
-1.619427942503267,-0.732312276014182,-0.15569820915291468,-0.8917204540491057,-0.2257626218529322,0.5580873196481193,-0.6291092819672938,-0.25623964823917883,-0.25015721643212335,0.06537268221969775,1.0021191623421504,0.7711514054966824,-0.7409789378081282,-0.16755250834597774,0.5195886262690572,1.0367830776267328,-1.1664431651226155,-1.678389027550275,-2.0776055156391546,0.6862924226730974,0.11960210676638439,0.8255904127729629
0.23331944669372495,-0.11401375194815885,-0.5552859632396829,0.3128201888320068,-1.1524669088961657,0.4343159583298782,1.7118653733327076,0.5216763130156186,0.840073127894799,0.16501201916837535,1.5483557246083406,-0.4744734957336718,0.42370153994046245,0.008672474819381111,-1.083209730626852,-0.3375970210820927,-0.3240966542511826,0.3811705822894892,0.9386683278501472,0.6008852704623043,-2.1989051789326957,-1.6461392375524262
-0.3263486580773959,-0.5552237779562166,1.3035668651045353,0.1626648766726566,0.11918313651181844,-0.6253304649474034,0.3264168462110537,0.46816772893203945,0.02742264862655375,-0.5740799130491244,-1.035298810067038,-0.8630024289866448,-1.1606808196524907,0.5086878485425905,-1.8671588224869313,-0.5798232739232335,-0.5437550892684654,-0.7537856583099704,0.21707585193785117,1.9025034028601684,3.476210217393592,0.8911638247668416
0.20255528173499385,-1.1764359015937793,-1.5015732628414122,-1.165870049342462,0.004569288958380423,1.314853458373964,1.6684999855023714,-0.4460333337805448,-0.05229033887122964,0.7730703826791235,-0.23915001187135732,-1.0634916853184084,-2.578205051657014,-0.5161780144215158,-0.038516648784996076,-0.547637776507568,1.2800333043975074,1.3039587336325706,0.9052617495276019,0.27997101366918403,0.1655040201332666,0.07628567548680486
-0.277783914280405,-1.3669959808720478,-0.7294511156919983,-0.4793014607994516,-0.6487151206362171,0.3157172587170922,0.03968397034667663,-0.36821422975039053,0.9229987724359545,0.14961675140363098,0.12502079964993962,-0.13783254756857868,-0.49094142366697974,1.4416388527547028,2.306433693895327,1.2653375190512186,2.1308486357958305,1.0477652406409095,2.7599409675273905,3.0493779739204747,-1.0580692269088061,-1.1709730272983916
-0.8871393850160667,0.021552390665049822,0.5936421593724576,-0.5664565454842158,-1.1386647402236847,-0.509522355748164,0.28845041515713143,-0.7969078130773333,-0.5405968616092528,-0.6659582654063486,1.2177942129412436,1.637955196021959,0.8861686444411051,-0.4899609770864503,-0.6536432453615695,-0.28808880380128027,1.342952044778527,1.1304707433824144,0.6009577185110121,1.066832001586172,-0.9110311018261215,-0.8532231834807081
0.4143666725468857,-0.2661005770986643,0.9177944752473978,-0.26366912127561254,-0.6865111579037072,0.032527037162149476,1.8125132742521455,-0.07413443307436629,0.10540760738363816,0.0014541690063372844,1.0084560003901568,1.2906677338858226,-0.06366067815026716,0.07233513110266009,-1.339229156565428,-1.1477603696065335,-0.6259904750802167,0.6141914432095927,0.46414408877977853,0.5366922351112761,-0.09581421879957565,-0.000744433077861234
-0.35994171077440773,-1.0721351204172116,-0.7619509534415527,1.1037695976706416,1.6198966831682968,1.4448162614557325,-0.10827022725298886,-0.048530773129754956,-0.9115039342196251,0.26199207082821624,0.03811089311152553,0.49590694591150997,-0.8648774675161225,-1.3680329521100352,0.1589479250965432,0.42588753298214,0.33069873843738373,1.095840745875116,0.978248096103679,1.0169150880955182,0.7042558750133331,-0.8093363601982978
-1.1885032592149243,-2.2380199621429018,-2.3637393503257935,-0.3244840620973778,0.3096988256054769,-0.025855365712710514,-1.8242221447004874,-1.0753545773258197,-1.5831668567560897,-1.2702524458948519,-0.580490287535039,0.020157685386157795,-0.431867201728684,-0.42144338224451616,-1.2267993706745777,-0.3405551578786872,-0.7412966517321029,-0.7888747089944241,-0.9300113678089469,0.14711468253510945,-4.462495751538179,-4.146707162384736
0.6390536743316431,0.10584244461804218,-0.09601016031829905,-0.4944158668481217,-0.8447936389463033,-1.2148253765708918,-0.46061905840733813,-0.24312536632282833,0.3453583133344919,-0.05193579997907023,-1.280721951291961,-0.9672528126247878,-3.180889784063871,-1.3968858931992276,-1.47903345989628,-1.6617246787866373,-1.7011037222555643,-2.215361370788528,-0.9288401069840001,-1.0850042340831665,-0.8610764360171257,-1.0183952015363924
-0.14187946933913395,-0.38775040303685415,-0.7935654120697684,0.041351109481625015,-0.8980262315991518,-1.2887829260126384,-0.7715776953084404,0.383029821773348,-0.9758859389760933,-0.0029917292528082932,-0.4401857728019118,-1.7609188836025607,-1.2546319021260544,-1.059703757745396,-1.7622473545162265,-0.620696741940088,-0.3029526975205675,1.2763814979863,2.1289035634472784,0.6335823473746564,-0.8603034053877514,-1.8841978121379768
1.1643429528610152,1.1218016091477607,1.8870922132959351,-0.14659800718736862,-0.10996983012358238,0.1867776110780344,-0.28449160094426656,-0.837274948852104,0.020031767815482566,0.8338585979680986,0.4172072303336328,1.507644255880706,0.08886837815182366,-0.82373764487624,0.25710962992810227,-0.40991617112988005,-0.09624758958230828,-1.8849515686209377,-0.7776306543813986,1.9011532728506755,1.0713088739800325,0.4384307172767846
-0.41856776992016903,-1.5187960782120957,-1.0240638800809791,0.45486216831011705,-0.37020296249622076,-1.486662958254254,0.21746533232577744,-0.3896285698429009,-0.8002457335605361,0.03307332350287454,0.8506169877546829,0.8959012569675223,-0.27882582621881,-1.6955383215657212,-1.2856401856303048,-1.2909057343828136,-1.2289131231082413,0.020773750536880565,-0.5799331659707148,0.02652900413062343,-4.185923795388175,-2.2886312937932733
0.6812212740899973,-0.48707654065191297,-2.042069118388023,-2.090912822781568,-0.5330603495401972,-1.0198105169235203,-0.11117536861292794,1.2173957166603298,-0.32662393366290376,0.929867285859602,-0.4636762056101313,-0.3687336006598456,-0.3250075843859554,0.9146407941040408,-0.2183578091067552,-0.4678738176313849,0.16550221551288086,1.588837409606873,0.8344810346032016,1.2723616036757166,-1.413777125637069,-2.955630308095234
-1.6060595796482593,-0.568140667254036,-1.6686084041517204,-0.9709660623956515,0.07762495737591987,0.6863026906079933,0.5766253465181335,0.9654711539550972,-0.3047169064527888,0.04567664426522038,0.3653235814683978,0.8443620656153653,0.7046592607753817,0.6057988746512908,1.0275150766363574,0.7037506029831325,0.6579157791838584,-0.5323521926974343,-0.11436733511599495,0.751149418682787,-0.4166244656342769,-1.2204211835842358
0.742378438326603,-1.059563492365735,-0.82902645877851,-0.5741041447417429,0.5852979456910936,0.9438986430071508,-0.17274633550635368,-0.9821580492859762,-1.5832549086164738,-0.3775570619729882,-0.9493695148285582,-0.8990800003623425,-0.06380593141753592,-0.31725209973838386,0.09964885865174608,-0.590149993255203,-1.3750431318173755,1.1040678885431239,-1.9639294078716385,-1.7587174807931722,-0.0827330368511505,0.16463487579573993
0.36969195974486285,0.7002312737545915,-0.6500261539807471,-0.5585434764676931,-1.2691376527310283,-0.8466516859271898,-1.5942069636726164,-0.26269169517745433,2.317526949501732,2.2427506666849415,0.9471075843642571,-1.198586911130403,-0.3369018236519083,-0.043617671917183666,0.5545816380967792,-0.09722189956291699,-0.7014126219288063,-1.4023260954306607,-1.1865572089349157,-0.688919440379559,1.2606508479465544,1.3052356606392004
1.6145790955476065,0.04704540564328572,0.4461509504968228,-0.034773762899551586,-0.7894310930861151,0.21404268847977617,-0.1936424168947116,-0.6019122292142289,-1.5918086468562287,0.38367078762850126,-1.0680581256457613,0.4607925831299546,-1.5299895779491273,-0.916871290504363,-1.1082354804500705,-1.7663225423146864,-0.5778263608943606,-0.4533891655196243,-0.4140157884291546,0.6446252224617794,1.137951959127825,0.7101761501469186
-0.3033690750846063,0.3885901770673112,0.07572901883979051,0.05184762973015801,1.1465065465462116,0.6394343860751397,2.275841331768047,1.6379639760734017,0.6835744630483314,0.42636836968623215,0.9531094365912314,-1.1275809327134925,-1.4498998027381105,-1.5395947670903707,-2.20071740974643,-0.6652263027875301,0.6455888790194916,1.8281442601622326,0.6591496889589409,0.2358275910913215,-1.963312863899532,-0.34200453497742744
0.26081048814250685,0.12449538821559183,1.1137319154382455,0.6572730534405684,1.154729744848599,0.5497969607612471,-0.21597416882030754,-1.7859117461114604,-0.14426144559684304,-1.5193972109264613,-0.6760895139175648,-0.3332437551828099,1.2809941018958313,0.45571528874142336,2.2869611920634574,0.45854755031399547,-0.7248208718343448,-0.9116206853237931,1.4442184793572685,0.14578203802077883,0.6873045956148346,1.2018467419983454
-1.1481469946303788,0.9028659337896751,-0.19929337176824827,-0.16650525231834087,-0.047152628312500264,-1.273905102360977,-1.2032954301331686,1.2180531369926013,-1.126059965024221,-0.46082025714198227,0.7370912805555943,-0.4174326301032487,-0.05742612864088018,0.4143903855388029,1.0759817758056969,0.39731328229281837,-0.19057401182767672,-0.6849773877111396,0.10066644499140487,0.7116456059861412,-1.2157334092782064,0.7083228620461046
-0.30076813721332024,-2.100250206168429,-1.4708139691527877,-2.4251381864477355,-1.0262856990171851,0.6348085065668171,0.1849997019521688,0.12766980811969364,1.9400666713821542,0.49318542493836626,0.49141313793060876,0.00659466816996387,-0.006703908296512778,1.3172193790251505,1.166001651190388,-0.8481539289154103,-0.3988272992680606,-0.31242389848608737,-0.47717723273054025,0.37555488372621865,1.4597192133556267,1.0540242922487788
-0.3546578264678932,-1.0563670334231758,-0.15126066018881837,-0.025115428763216825,-1.5220708961173186,-2.507555517882106,-0.7044297770764263,-0.22374312561146978,-0.5105842018070116,0.7596353957153794,1.6711544145572157,1.768750639407043,1.479101254739756,0.5302525077228336,0.5199235662746278,0.4415806081767201,0.21337553836813597,-1.0665166997954227,-1.1257281650972004,-0.4179696963557343,1.3970732483668247,1.072654692705885
0.005330108748266352,-1.251674010348469,-1.2452958391149573,-0.7487124846855523,-0.5265943878604951,-0.8598211487690441,-1.0218617999620911,-0.12047870497983924,-1.5797605717294019,-0.6403691358994963,0.053985106347624885,0.40405691619798895,-0.18129710878301153,0.04897296574990153,-2.2427815089791694,-0.44529510186490184,0.4816792814389971,0.3359442050191888,-0.1770080469530767,-1.2681020318192815,-4.204316014037314,-3.941633690453553
0.688593248749214,1.1843093097960773,0.5268637536841502,-0.6277816789659044,-0.561655534237671,-0.5777322957843222,-0.07112019545036977,0.057905192340873005,-0.9003094869686336,0.17063925830014848,-1.2231171275069597,-0.8346980813153794,-0.5534303568156771,-0.7164352139105129,-1.123890811876919,1.0225031763043315,0.42455649686502606,-0.1232737502543271,-0.2786963693407836,0.4637427954977205,-1.622541799651276,0.4202083369643918
0.6756769704107055,0.4299697601334606,2.2743051288234506,-0.8110876972892349,-1.0953530077251359,-0.9349241094856261,0.4758187867532885,2.3547180743709437,2.009748367093954,0.768660462177114,1.1083623252231891,0.5631238464797932,1.0596717998736949,-0.5975516516798428,-1.63023461980172,-0.7155774174711995,-0.6089371970345931,0.3487463847906722,0.27566904779427653,1.808582049661054,-0.029153242558129677,0.4201763890019321
-1.4675167802216706,-1.1351228436247445,0.15698571157258778,1.4876830795087146,0.5715239901003492,-1.29931970175435,-0.3747385926763252,-1.2479440531890957,-0.1591761094297604,-0.8084543129760366,1.2180540179240495,-0.12168952918509422,1.6039645286137205,0.39223249136727456,1.3939825010544784,-0.32995124344779553,-0.6523719368626377,0.5360778624098677,0.46603222247630177,-0.5541280619459152,1.934744944946546,1.9410729381399747
0.4054342942742438,-0.9656855974591909,-1.0580705984725147,1.9094086887370567,1.020417656879652,0.8576176286464354,0.4756272304006928,0.4327247293663442,-0.10545917699155895,-0.8008614041236451,-1.8681583956633945,-1.304793256644723,-1.825514966552062,0.002448821628612432,0.2511321168634575,-1.5415436875475754,-0.7680783828888618,-0.9821871721850524,-0.9882941966342234,1.0054229963801362,3.3068503915631955,2.8235801635908286
2.7339418571106164,1.2772809564342467,0.8972200560466689,1.1756517743013404,1.7663909964488758,-0.9384589716747083,-0.3425078806649394,-0.26214070947429613,-0.1132044887275855,-0.4621597273605681,0.4747156173466177,-0.036862361002355175,1.4119088183518658,0.5933752206806019,0.7264490699428895,0.5094842715253144,-0.18242181227273158,-0.7012142534453957,1.4434572587214645,1.471014294292995,-0.37568541268838035,-0.6631212129379855
-1.1557677607316257,-0.07067268426549499,-1.058957139924942,-2.001317339826171,-0.5209657225854742,-0.011173169086383227,0.520423164507628,1.1265686372928294,1.7025657742626428,0.3406975683870556,-0.2689553509828605,-0.3332803338105134,-1.2527736746249443,-0.8804864351459236,0.18056023173964234,0.22931309435775563,0.7942398057708763,0.5838363637379258,-1.5874909002801747,-0.33391064691611555,-3.1248410640022275,-2.0680324439050377
0.13732824617812814,-0.42807814672248595,-0.8309582234866594,0.8176254114513375,0.8159589490699377,0.9484878669071344,0.868021594708335,1.1191174300478344,0.6880449435215128,-0.26172863765656074,-1.4120146490588859,0.08791851409385683,1.3840170180327267,0.2071403021052115,1.2737408468545344,-0.6476112152528555,-1.4537022597312848,-1.0252537465696927,-0.2148430955506723,-0.9944226637564322,-0.4313433610507238,1.4665516206420663
0.3139274862595804,0.47017936400060034,0.8486326722904716,0.19959673546724685,-0.07975405054862968,0.2735788241283714,-1.075430408632624,-1.446817057670969,0.5430201618461896,0.08750960319393364,-0.9548786468257469,-0.4168307246106384,-0.9163427347437709,0.23914831539450948,1.7306672159117107,1.1739845114303347,1.3944143198374326,2.3805758537242867,0.727442171089337,0.7944634307960876,-2.985316230116007,-1.0808295519721143
0.8235686125213645,0.3115138946568996,-1.3506691948504304,-0.17916264282862207,1.0757987720474496,0.9621667789716756,0.1848293342066992,0.3188271428984644,-0.05518691454128181,0.8967432686661388,0.3434286531918971,0.6950564809201072,-0.8034384719012098,0.21474520477275735,1.518592611161962,-0.2774623500053126,0.12213818231844976,-0.704508346197396,-0.3088728135357833,-1.0020649194472395,1.794473592617956,1.3055427859730528
0.3185427288355179,-0.022821550129834764,0.41944796563891634,-0.39713416035971827,0.06696000448599759,0.463919920789515,0.3541457098250869,0.8162082798852037,1.3318395827198994,0.9279694235133529,0.6087041711240243,-0.7072038986440664,0.3332796279653121,0.6830441945764072,1.3082096537193881,0.7180234172718314,-0.07889540221362137,0.47186765005473313,-0.9408447009664885,-0.8508039683091798,0.7009233094763955,-0.007378011634161158
0.14802624571037487,0.7253317218358488,0.48356027269794055,1.157607054381404,-0.32938303605360697,-0.04570950776650699,1.7287076085438478,0.3757697088916551,-0.5269366479415657,0.0746199692872004,0.9976993733254435,0.21203655437118507,1.1466959961149477,0.5648973820035084,-0.20419848959743453,-0.7145924145777548,0.65217667521127,0.4391290572916505,-0.8552978297194143,-1.232465788226278,-1.0588319008038287,-0.09027797519894072
1.080034005833983,2.2932446856805186,0.1561478737846152,-0.36039563756992177,0.15069942367028524,0.10536881611958449,0.12201580813183742,0.8305998898140765,-0.4849343421389613,-0.6902692532467362,-0.9557409584587642,-0.24139977176551727,0.7398081986673393,1.422385859435233,0.5469302511834535,0.1418858130874028,0.9604209392446874,-1.3697147926734752,-0.3181248162099825,-0.6619997665383426,0.04104249492608547,-0.7476944024673275
0.23802875145666705,0.8691590636802274,-0.025598109180701746,0.3953814380002304,0.7678789809164668,0.7726876357475102,0.8989017110204622,1.0740897807542136,1.0864787465700487,1.9452880541000204,0.9276998530235384,-1.435279471785774,-1.0935714273177797,0.08262285895441145,0.21852772147265503,0.6280705200662748,1.243029570108322,0.7597762848655396,-0.6289339862029472,0.11974111573428546,1.2423472637539403,1.0302351782081736
1.5745304088638956,0.9127069634686137,0.9312900280163385,0.9154903667526896,0.4797899692775923,-0.33999529393849737,-0.09786749280087756,-1.9447435859211673,-0.23343860131343255,0.40472876860842133,-0.41588670665310545,0.11085929884497502,-1.9694057248178498,-0.5120817997745304,-0.09667496315272994,0.6781645944880369,1.5663837993462657,-0.7169396286749745,-0.6338355439742837,-0.29148599481588994,1.7253742110316843,3.2536051947677125
1.0136531988956528,-0.7849838744914565,-0.6627494806758195,-0.8397750601087499,0.7930339915944661,0.3081545312032278,0.22971584378574056,-0.011706647724667596,0.2588087653966861,2.0465664323834516,1.0735709815672312,0.05894064206876718,0.728835348843694,0.07465372162541623,1.411267816507593,1.402392483106565,2.330254207485384,2.1843036034438095,0.4273032810322124,0.8485213488621841,-4.779577539216971,-1.8939920285119136
2.2248655333371503,1.6410628918338062,0.17319287656584906,-1.9418007516427058,-1.6757545910619287,-1.221039366761446,-0.8748783566519832,-0.08607365992236383,0.2795028272090358,0.021136135420502095,0.13538645777122868,-1.625539936645994,-1.2978206243697614,0.2823378212096391,-0.3846530533565009,-0.4855743699251328,-1.2194870188593103,-2.1649729508296542,-0.4205470785500082,0.7100014766703396,0.8051310260031199,0.3216522947402702
-0.4249058418664491,-0.2568241917053753,-1.4250659298136565,-0.2897193073507434,0.2327041160590262,-1.9371925964777985,-1.713015559052806,-0.3510282341782102,0.6257553889574142,1.71281140576359,0.4395741443583102,-0.8724337389660205,0.04199583552227399,-0.6442171431683901,-0.7924137373477195,0.5519306754893702,-0.7612728322218014,-0.5161661015343818,-0.0011829730799343104,-1.3230497681940585,-2.370084494121003,-0.6670193029051809
-0.5457008677986075,-1.7352534999624802,-0.04153370079553453,-0.14874324350811233,-0.3753541381249495,-1.2677722873368849,-0.4272604141868669,-0.11257446327124161,-0.20314792920519295,0.49763024616820734,0.502460562940147,0.7138746513299549,0.3938495303938094,0.346349160485441,0.06450058897154475,-0.6550021488349255,-0.7146031586074671,-0.2845225909493957,0.8978034286715074,-0.02852876346047362,1.0174419424241856,0.9939821552986933
0.5650625442498636,0.3836849293882983,-0.8004459629306471,-1.3732337273806727,-1.8038767265765194,-0.31282701273148894,-0.402725586158646,-1.9229296392742359,-0.4565815844116578,-0.5609275894140329,0.04611967128139962,0.3351905543294242,1.1974780436106613,-0.19017598304968367,-2.0702634217481486,-1.4284989771756536,-1.1621706016187272,1.0816013857213533,-0.10768291135957228,-0.8041754158552648,-6.922605484942398,-6.601634954196819
0.801265615140252,0.7646703626826881,-0.6474547060595133,-1.4229082123477403,-0.23285523299584726,-1.5476840358076667,-1.7191490949769246,0.18196558248145114,-0.7630694794615145,0.020505608351898724,-1.797326978927429,1.032431262747497,1.196981543678728,0.07331306624015499,-0.20906674996572283,-0.5934354697786708,0.1221441492628555,-0.3775208604497118,-0.7451573366571471,0.12787068452374145,-3.2105756304436683,-1.6627835683163215
-0.314111516440152,-0.3780968939468222,0.369960718529477,-1.0378943661394893,-1.945272697922158,-1.0167463405551727,0.3686161386632777,0.5916212459067013,0.380152136325946,1.8638031245896542,2.4294667502730345,0.9234348642590471,0.22798814373164003,-0.5220238501070171,0.6856621861263416,0.113751905443962,-1.4946332461389393,-0.5997834357475054,0.40183881463510057,1.0652223508606788,0.29418204966386446,0.1452290714515378
-1.378421108919335,0.22413709512828917,0.5594559191435413,-0.16040986785614514,-0.3938573683578908,-1.1602590545475504,-1.143192352368335,-0.8877860041320577,-1.249410874237811,1.069085506937245,-0.004418858619020315,-1.2209130006237152,-0.7185353626377946,-0.2341852060107785,-0.07629190733432563,1.0623016028654189,1.8979213507511143,1.2907526372452136,0.3549836630571963,0.1468944842856674,3.861769843121877,3.1097033526004183
-0.4290480016354384,-1.0422296520404275,-1.4966082796192015,0.29151881659319107,-0.7928159666018928,-0.4326555376666029,0.27484909629652676,0.6256587674791033,2.293249191198582,-0.1791949867790111,-0.095137722691704,-0.9037640101040417,-0.13516536611263705,0.7958585532002288,-0.026209592707497776,0.5636299179655234,-0.263749921469118,0.2833992417504239,0.5532351692790994,0.8739607537146067,-1.5533199093342038,0.4723790228386846
1.1895237807649353,0.8357774122286975,1.178253866277832,0.4987559416771653,1.171505317364475,0.12219316995457122,-0.0638672630579458,0.16889287549942147,0.2257569789726088,0.4960499413891074,1.7725956997121066,0.9287232252653521,0.8294482024633033,0.3076679949792517,-1.4242089515866738,-0.9075469901589788,-0.03312186865156857,1.9891648554011505,0.4235936741519753,1.1491465493115303,3.0968101171838756,1.4293285211917175
-1.615805922630412,-0.28697614304678776,0.6393450594710476,-0.4372410490527298,0.20692843880930875,0.16038264953468256,0.18765433442720292,0.06652806478994562,1.1060354759458704,2.0884930191094946,2.8731408049846743,1.3394775726103112,0.5147965788008325,-0.04478314543337822,0.3755918552675453,-0.47453488881719663,-0.27515204754157657,-1.0751334034391842,-0.574351536723155,0.5793676617558862,0.4497525420062097,0.6456083519639535
-0.4005649831687576,0.010898315977783343,-0.7182270297271679,-1.4459059541277683,-0.23256879686641888,0.5425983733970685,1.2568618211351836,0.14400729655297148,0.6425962198040208,-0.5292287626452568,1.2432341696404663,-0.439370782302376,0.41751661580612737,1.9188860790151028,0.24874990096749633,-0.47391762329946696,0.4088786163461339,2.6344368793985287,0.45346318798035395,0.7246067321603991,1.396903142202538,-0.1595767547666501
-1.1651876517089734,-1.0474258309602804,0.7314165137070225,1.5146635224185554,1.1409860469531317,0.05028872893146915,1.9190776336711686,-0.05880591960383422,0.4692536034331828,-0.9275216463983957,-1.1389941636154084,1.1335057349083162,-0.36530246189665877,1.2909128517991901,0.20925750182227737,0.8716400728865369,0.1489787864117131,-0.4002830289866074,-0.9977375437105501,0.6429660029633634,0.8468010004926256,0.757816070260759
2.452750138655912,-0.04323986322602635,-0.03927065051608257,-0.4385360575634359,-0.3536402770082593,-0.42894863957409285,-0.056665466772275144,0.18125383133447492,0.40029619758831936,-0.9086963923261696,-0.9814496246327363,-1.2267905463744717,-0.7232154336939242,-1.928013153762156,-2.073362594382108,-0.990789364672772,-0.36147026313133923,-1.527343866290462,-0.6082420071160373,1.380732546975497,-5.68936211065288,-4.80851443342298
-0.5226781167785975,-1.4463935373088272,-1.3495084161606368,-2.291012617225194,-1.1278957901445628,-1.2454729974808594,-0.7010983435489488,-0.34215004419365214,-1.0626142457119019,-0.8025243107841286,-0.1205982254700273,-0.851123559643755,0.6837529605298551,0.8961582282986074,0.8961595608597315,-0.41716545595007276,0.9552728181414697,0.9427579710173148,0.5208534239517734,-0.06034754552799086,-0.16810861587049464,-0.072898802379187
-0.6868961743547327,-0.07441625428910324,-0.17676371615866013,0.4214804695681603,0.4907596388822883,0.2852152408678648,0.8841130138596218,-0.16733298538612817,-1.3797878318925472,-3.2376920136771465,-1.2449188357282752,-0.5080638964973732,0.034857226826953434,0.8401042578718244,1.2838257376421691,-0.4536124665726101,1.4927479841716784,0.2604621636075625,-0.15810478482039894,-0.15943409368414566,-2.0414998518643594,-1.7491560437032787
0.3690224515019916,0.9563998003329961,-0.35261472639299923,0.4680455883503906,0.4791493821576527,0.3528368751434203,1.3039271443701879,-0.3658047073936769,-0.1420066446032116,-1.1862410509173276,-0.9212548150096656,-0.5389579033938344,0.5753819337420337,2.0701961117821157,1.5612719742539116,-0.3144454125093346,-1.646724855726649,-1.662528472824072,-1.27602224800092,-1.5002239850791113,6.026145629702864,6.350548756970044
-0.08136216543274283,0.33880870764443366,-0.8741423942569765,0.5519858338595738,-0.42401680170436185,-0.11618053156418338,-0.09408637083998408,-0.9145553616018905,-1.853970051504582,-1.3524099386458552,-1.0896360722407241,-0.6991983665745207,-2.1613452998222846,-1.0119222361683908,-0.10143063662221904,1.284699094261718,-0.10805459266587034,0.9675234951967232,-0.6238912272686621,-0.7116082488953911,1.878847212389338,1.3598651320189423
1.2023115429512516,1.5309194075252524,1.578718587398581,1.552247526244781,0.634219824456949,0.784341384678869,-0.6143311241545469,1.7351330793477648,0.1214279339367616,0.16166010945426668,-0.9786990412181557,-0.653574212207869,-1.9491819450521162,-2.2673403869947646,-2.420895510814783,-0.6147068849780084,-0.7341210488326674,0.5279957452269675,-0.25481356236246405,-0.7459536615644545,0.9495729164519333,0.6070921825918958
-1.2185097002020142,-0.8892529908106902,0.4489390678807434,0.18868518753236818,-0.3268892306666349,-0.23862697322287962,-1.2339093857749133,0.05750434944824377,-0.28015678154407647,-0.9494377197352567,-0.7179202352739558,-0.5205606375647259,-0.32133612882041257,-0.46566478045853754,-0.4998840663683965,-0.20476785073051978,-0.7794515899256229,0.615731179781132,0.057841192043789416,0.6421394956194509,-0.3732261161436464,-0.9284227940187002
-1.6270636393209492,-1.8612323779091933,-0.6149520555362377,-0.7324706377081124,-0.7089333608436453,-0.3895294304177022,-1.333387259710833,-0.9084146567499995,-0.12810680560260979,0.22719256508934205,0.7526657775064354,-0.5438188115918436,0.4730740407224227,1.6162918662736054,0.944999464721902,2.1190286383587695,0.7848190616197702,-0.15881920573016933,-0.061209035134898754,-0.8158920121776865,1.0838220562710874,1.9300327798694161
-1.2921132076888702,-0.010142408408989141,-0.41140485430017515,0.7735206551964984,-0.0894341500455278,0.9748580312862684,0.1835839631700567,0.20297118992898674,-1.3399107360747193,0.5776384810523509,0.1655959650501282,1.751380551099044,1.0820096012370142,0.9836700994524633,-0.6519935909626046,-0.8294962837955413,-0.7749832273919259,-0.798567429074961,-1.0757132203820567,-0.6765832088595124,1.1439488481550868,-0.13233775597321085
-0.9841894415240232,-0.696244425069815,-3.20058169197078,-2.8684562986225317,-1.9119653714651843,-0.5763238968445353,0.09299254185186144,-0.8613264169486039,0.5457018087435974,0.3982843596769266,0.7852017382039118,1.2322791824908776,0.4737556536417394,1.5190207095569723,0.7131292876933149,0.07586613490697222,-1.3100671099682326,-0.5707645640260851,0.1234762609931019,-0.16496651060821893,0.634056521790042,-0.7597599265195938
0.21100159955952372,1.6307445920623012,-1.192319640553711,-1.2816845515171125,-2.068417993485012,-0.24094817550804357,1.1513073858436706,0.1285173304184888,-0.4374997865235491,-0.6725378952403179,-0.8242775379257133,0.5522835681167519,-0.7143805619181987,-0.9823937927135495,0.7743677699836274,2.3480370195242686,1.6530330001927838,0.20792748166193187,0.2010735576187492,-0.33588849527872516,-1.3301971655144689,-1.8279389360842626
-1.2962398869219662,-1.4057883765887214,-1.382838407283878,-1.1030099932033601,0.08347162536912624,0.260735260966605,-0.8135747165329008,-0.826981140229871,0.16209838912243382,-0.5193160895782842,0.8037280120437763,-0.3185635131575793,0.6142042131068933,0.4242919229688277,2.205434005313136,0.3987175774212753,1.267799494876531,0.23058969777291785,-0.32510462480757213,-0.12862105312767813,0.023993671319969878,0.9108008936946959
-0.2588223249708606,-0.01771598820269129,-0.6163084585004797,1.9232638570381557,0.5648163501677486,0.42316275051480756,0.5244170953479009,-0.3193034414993625,1.129595182439891,-0.20598930999807624,-0.032723983074097684,0.8658158988060366,-0.2625953918026387,0.352902923755371,1.353037548078174,2.757679745990893,0.18592738235771633,0.04416218253686829,-0.0001606540031686272,-0.2502411862799487,2.7181576349760928,1.3709346569595282
-0.3719163935782674,-0.7331341100856802,-1.4782156469074728,-0.5642926099391968,0.061522444764356504,-0.3562105637453652,-0.9609121061411925,0.3269613590190725,0.5757725132074575,0.730704199021008,0.42025078494973445,0.3737089516890567,0.7429690500818302,1.0916006840328436,-0.5680808476677394,-0.6446185983592081,-1.647775233068564,-0.959222225980145,-1.3607198165355836,-1.9186957758630243,-0.8084549569698347,-1.715580922570034
1.4871936733463937,0.9057329978296592,0.9986654481740206,-0.09911279698735959,-1.7207733978244175,-1.9220712172542942,-0.7871507328497196,-0.296316305316071,-0.30332517388739044,1.0437661898008144,1.3113495514260758,1.137528657031653,-0.5759786795542554,-0.412668489985876,-0.5869354244954272,-0.4526434187935043,-0.3820155838864909,1.0714902713478798,2.365049522580435,0.6168825266978073,2.0820350850026474,2.5888460595422464
-1.5832713140185566,-0.02678214539704034,1.8101399567218428,1.029057637805569,0.7417103786524485,-0.5738934026396812,-1.6853691096731194,-1.9343905093280196,-0.811929743886004,-0.4530416115176348,-1.3377977485246693,0.12213769792345253,-2.0230414530368352,-1.1552608815659164,-1.334846006243084,-1.450191981074125,-1.423068380310382,-0.3732723359707767,1.0553518140654583,-0.011012773447206888,2.407285040739062,2.3632471460969464
0.33567984439941934,-0.06422688093924757,0.6157737817215321,0.9707606055530494,1.7229546480413978,2.776991448915108,1.841094639386515,2.469845302643038,1.4646254023614926,0.7091317775596326,1.7527608412463167,0.426896878294934,1.4545634190559564,0.9293690826598219,1.3259822647513826,-0.2597935027398035,0.5344181983651592,0.6316914897076813,0.4732058290147637,2.0533395409421935,-3.304969056375519,-5.117291186660903
2.342254480384547,1.4010536865816572,-0.8172419882628698,0.9091165438477337,-0.057878052706814336,-0.9448028862495005,-1.985271120383455,-1.6059344633368213,-0.9763620250886167,-0.13778532619146175,0.13965312900149052,-0.9100523444534777,0.8142222621849424,1.1970324142499351,0.8042677743361697,-0.46407150066139313,-0.6799490011343747,-0.7309709438842267,-0.8129846331959323,0.07994941930395358,2.3455406414286855,3.852593851374105
0.5709684726230309,0.4193180955883816,-0.2673626101654057,-0.8210437417165372,-0.8685520275700976,-0.16656187651182255,0.4068810862485542,-0.22463462620209124,0.6598958474214175,-0.441555762681814,0.5625421917025548,0.9995543503801367,0.7806364478842648,-0.8125444725162436,-1.3935472289480126,-1.269661223738694,-0.11057507502287867,1.514856279236393,-0.16296719987756314,-1.0471669798218377,-1.6775921080137706,-3.3929422495886867
-0.046889267573114256,0.6097210106973331,1.3935847887493311,0.0248540447768118,0.7746374389647788,1.3044440449710704,0.016837343446803522,-0.4341568787941288,1.3088004592714824,0.4166860358506807,-0.7215601653416793,-0.893938932310778,0.31388252877016365,0.930295263919146,0.8644263719965343,0.15412745082977874,0.17199956178133727,-0.3788953492825393,0.5671144221474036,0.4015646019015666,-1.4674537018460339,-0.03241275396879672
0.14458769975711927,0.9688608108319269,-0.22275066048686643,0.19673370136713592,-0.12365265286593774,1.1739039498657282,3.2846528556113923,1.6538356807900112,1.5050636883845807,-0.5362012084755041,-0.17613246370608004,-0.5220516607704038,-0.764805343833793,-0.5153791385247926,-0.4241669881262082,0.29639321491815507,-0.23867507391790538,-0.2733183344997691,-1.131319994334029,-0.4013343523599661,-3.5109267569982205,-2.1625099087085498
-0.08719991561283864,-0.07914689984062863,0.6329382033775438,1.1112429061249451,1.0428574966440691,-0.9969437460931825,-0.8839403760674487,0.5890590184183729,0.11759045444791058,-0.7505550862718681,-1.2624578960102217,-0.5861016046506045,-0.09469610388461949,0.9406112646527346,-1.2767507048124105,1.0850107436398964,1.3624407773420533,0.32087800311192877,0.37912266313364446,0.5155533029358547,3.2952418232149605,1.706419479193386
0.3822842882442847,-0.3743181953889185,-1.127968431756988,-1.4306029184136113,-0.8892980661202261,-1.309781971467738,0.11026981569629059,0.5356352397080376,-0.9713993571838286,-1.2274208105008666,-0.2842733538005326,-0.8682418606057287,0.5770343248533714,0.849259199685017,0.43408726558085464,1.903514207113289,0.8043110970444336,-0.17231543311234063,0.8856643217998051,0.4327512497644045,-0.8533420631853967,-1.076236744016656
-0.08628105088844769,-0.7760237418150854,0.7610813799871498,0.06064097821736396,0.5046528301753223,0.20376269909173203,-1.0583862619897142,-0.1778278756850135,1.0899089215719937,0.301201895514725,-0.43044287816995735,-0.40009059060045343,-0.25900807476508186,-0.624348731481674,-1.5435037710102548,-0.09072145904412601,-0.7476200558323435,0.39948691647701157,0.9558856917393358,0.1377692561618108,0.6037106924969656,-0.17149254732587005
-2.112838712107281,-2.035904628204742,-0.7978714967813828,-0.9739464461299961,0.42895008543450863,0.18762511854874242,-2.2113779850296793,-1.0688225894283043,-0.7373022572373632,-1.6857942975952365,-0.14382316599650274,0.31803685686205585,0.4165137544038582,1.6986160401600572,-0.01644073046614702,0.04945774930909191,-0.6094041895038893,0.9170678006687941,0.1316481306315585,0.032954606487748346,0.28656435578367084,0.6328438941483634
0.42256292137089746,1.0240388413645523,-0.4383034417864781,0.3145191700563592,0.9890447929878483,-1.0312941316453346,-1.2039537152553446,-0.06123404994366153,0.8320741428128312,0.6873367837160612,-1.0247374018922277,-0.5789823357184978,-1.093290097894173,0.9521823990342899,0.13791443296320097,1.2872495650674771,-1.091619210718065,-1.3372093813664327,-1.7474033110651148,-0.4286775810023194,3.3174829795794305,2.9669478571739916
0.7872899182517299,1.560295951795696,-0.17122522881454322,-1.1135775402289172,0.3741510965573741,-0.09058846542940145,-0.1905656694525999,-0.3921811843337451,0.08552107097519474,1.2067981996577384,-0.6625512168635103,0.28443747829228255,0.08738744590238338,0.11441708325469463,-0.7878092319279724,-0.9526941527359578,0.0731142464043572,1.4650714054191742,-0.07955005693011827,-0.04939015700358089,1.2284805910797347,0.5026277157034764
-0.15237138635215117,0.3268036381499511,0.9574829953961407,0.6588468622145853,0.7450885464419519,2.599742644978821,2.6526179829940646,0.9225569314696669,0.22571621447984896,0.5802018051649391,0.055312612294791806,-0.7429376086185838,0.32236588345819595,0.5603640962666342,0.17009357179407417,0.5996986065217547,0.6326532921448349,-0.36365855425070504,-1.058110397297113,0.14823732897531172,-1.1467131964936803,-1.3712349162095387
0.354609387162935,1.3508038938301623,-1.1618571800360153,-0.8130000179814493,0.8196044094008053,0.5952554967092268,0.048522838260388355,-1.2825556904349382,-0.9608319934424995,-0.16071169542992159,0.6565251601976755,1.1114703362208098,2.704326982821413,0.5738867626719657,-0.8603193020321368,0.658879335704517,-0.9415404847780819,-0.3250832414086461,-0.42777942128870167,0.5726574857897955,-5.346936182438936,-4.025944538162143
-0.888398432168641,0.0627391646698697,-0.5671382580515627,-0.48293003104726145,0.13203342557658837,0.7256130583133399,2.3808133654313424,1.9196543580898981,0.5854080091623867,-0.6009749335326227,-0.9254918107924461,0.14021148060732846,-0.12856999861323778,-0.2513118046848731,-0.0633586582754092,0.6069164149696856,0.1136996729416282,0.47023918045259916,0.9769877590038124,1.0223647663030082,-2.7531100504585613,-2.9453290980722486
0.8724662854531241,0.7609198715943623,-1.089873035830273,-1.369888101689066,0.04865882445031397,-0.48354785448367293,1.4257379844842786,1.012614613722141,0.11204972981156862,0.34412364832912823,-0.6801723472542153,-0.8721402109053599,-0.8429660542784714,-1.088512324894024,0.01531237656091949,-1.8807191003345634,-1.0778487434250263,-1.2134152552836326,-0.12124378753060443,0.04821242184191203,-2.90942455166792,-2.2583952882514238
-1.1301941282473669,0.015819863580628573,-0.6017993824666644,0.28168247566699184,-0.5296994325626669,-0.17519639105348206,0.13534101878507937,0.27475647529683994,0.34785278220179494,1.210663291106313,-0.326984380256392,0.3856609942395706,0.3086923880465596,1.3358562347841438,-0.6181708148446184,0.5578260044906069,0.8713903510280809,2.332461647322922,0.6836641158293092,0.3910128262005937,2.2886035772866538,1.9956871743919768
0.8411216532060413,0.3216473346466969,0.4767713974940171,-1.1868032481130264,0.001943950185728047,-0.04454499628538297,1.0124043269777117,0.0967484342812443,-1.1407544895199562,-1.7380445820311414,-2.3484675370670516,-1.0194620673410388,0.38151889778708,1.4677323068271602,0.5035093310980078,-0.0480583946712688,1.1459463073908098,1.202860661209866,1.4154700786781735,0.8934884603845816,-0.45967853997290964,-0.9998845833620673
-1.7063539957060008,-1.4408154591501758,-2.2923778198879834,-0.2827183012411591,0.8908003244586741,-1.7802404727416503,-0.8615319288771915,-0.4316010658013957,1.3639777607629122,-0.38273867642873155,-0.8298052719019454,-0.6556592675597975,-0.8938881755600748,0.37158128375529564,0.04906355034833048,1.115201160124899,0.23854832021434683,-0.8524866693690439,-1.4782360727715775,0.05396800098873474,2.1241943298657406,1.3545027764137143
-0.6443370355036161,1.3355413738554442,0.25120789991137654,-1.092211922852325,-1.0903258421303328,-1.510852324861683,0.39265327943250783,-0.6733699924960573,-0.85659271705142,0.16845651654191332,0.5930867929644223,-0.29118547155464963,-1.9641542639113043,-2.09133295981929,-0.01584761878214488,0.35700396506560705,-0.07894242901850541,0.1381640672344014,-0.5853180175907948,-0.2101982273421647,1.85593773754732,0.7534163971267295
0.03040851919581057,-1.1748001785563502,-0.1737737619445946,0.1484147386351301,0.22445986414763947,0.03458392858023805,-0.5362395450617337,-1.103621408553038,-2.186122919027774,-0.6208122012345343,0.5424837786911557,-0.011979533836890514,0.000643768423624269,-0.41730794829230605,-0.5668949800522333,-0.3705096298166854,0.5403853509985553,-0.32465381887317285,-0.4616057331194382,-2.1826905197795785,1.2170968966666047,0.09855042321865287
-0.31426840731955824,-0.9897161890893876,0.13371747492371644,1.0870884067488047,1.8742947214362835,0.9027161125560387,0.8836121264123211,0.6075422595933418,1.0100679207344778,-1.2144739509049218,-1.1271509299545648,-1.5717522891010882,-0.2889939700647972,0.1606306231035839,0.19169654208755815,-0.7720503275542834,-1.4802232916720437,-1.9986881874540596,-0.07697425373770712,0.260815980217768,0.4280743424533062,0.5372666499897172
-1.6277519990316522,-0.7232846465784813,-1.4752262516138732,-0.8970242687928343,-1.1227947392574358,-1.0497241911444357,-0.10406900665503618,-0.0902847662895872,0.5263139071080112,0.17144947127584884,0.000546289171698394,0.3178878305257982,0.7611152534195945,0.5257065974914104,0.7608512034055919,-0.12699226834863492,-0.14149405359411724,0.9012102355784909,2.2629479353008017,1.6095830441357772,1.1045209159199276,0.4366493209266774
0.7952653706778386,0.1271750574125857,-0.20329464481615692,-0.7375080378805582,-2.259366185206341,0.35632252506180445,1.884745350948948,0.5957485443179135,-1.2736098008513115,1.1594986460149919,-0.2625104322623376,-1.283444579963645,-0.01776558538517658,0.6581726893488464,-0.6552795120812639,0.24413446803417882,1.1209322352720068,-0.18330670261170548,0.16686138537822834,0.9818424261479689,0.622520838465654,1.0607564330805377
0.391797497214949,0.11376037071174881,-1.4535641164865942,-0.5319342400411763,0.20537094039869844,-1.1934330047309696,-0.03955493155512194,-0.2622069213906898,1.4415354664563316,0.377991087133181,0.357886678901341,0.3135968739372632,0.08656450311186902,-0.7632821625467887,0.22044297439127875,0.9647637748209328,-0.3732536745688132,-0.5349967856715443,-0.9726685494368037,0.2635849937313083,-1.7729465040482144,-0.4144318565262391
-0.13566453129387257,-0.617354339469028,1.4414550477098778,1.6397184285346527,1.3599876805972217,1.4709789455890931,0.7645334043186729,-0.03571802877605601,1.1531513762613097,-0.013115929128802514,-0.24329336963906983,-0.060164944225682,0.8046766258520694,0.38730585349050917,-1.3882606670011717,-0.24126268294452935,0.23559363915075898,1.7406857267402123,1.2036956125348581,1.1166265500942527,0.509937994169542,1.0463949159399664
-2.675338884814733,-1.4257408810334729,-0.8238291409572299,0.8215769812433681,0.46385451030538255,0.473680829641615,-0.3015639907130686,-0.2083710652944096,0.4672269251558364,-0.9000974422787386,-0.18169839976958677,-0.07131785589078792,0.013655385611540768,0.03885263623596017,1.533976004608734,0.38769628984515414,1.2481556675287637,0.4313397873638134,0.35830890434043866,-0.615118724124097,-0.15201013720035733,-0.6347106438478568
0.11105545522767306,0.1770834886681407,-0.8757596454855624,-0.755008489781574,0.15546865267077473,-0.14162716720112553,-1.4611035057899222,-0.47789300585645084,0.9817196811087346,1.2139240490011178,0.18419269485350537,0.05975609063201838,-1.8293015045196555,-1.5491163376664174,-0.41861781900369177,0.6306630205619181,-0.6929214748087996,-0.05458122273683002,0.5529657131807157,0.5177394088573145,-0.1594263514616121,-0.6276538429761334
1.8768314354130606,0.9715340596968309,-0.28413828717943285,-0.4352780479188402,-0.08078307553276627,-0.8193403089810145,-1.7782194166604324,-0.15681024474984698,-0.1257066905192149,0.4224825193351185,0.7978131267103391,-0.12316181398196949,-0.9864586800391205,-0.5311582600479667,0.2432277392832895,-0.7488688689475733,-1.2710640111444655,0.22199784289940175,-0.1976711007785878,-1.2387763518342076,1.2490552257234877,1.3192276672182466
1.1827912416073842,-1.1208624325803334,-1.0248293893816913,1.1140209128536285,-0.43576625694978366,-0.16638483359076292,-0.6392375124989808,-0.5680560807717383,-0.7232526569847262,-0.7242319426276566,-0.11941055406754869,0.785044353084372,0.18189604595935804,0.13552875126591535,-1.3361875159631893,-1.4133375978920786,0.02888464735974431,1.467107139529401,0.8458275901508822,0.871112548731034,-2.6709328004770745,-0.3766322356166043
0.016882034307874542,1.1802908006237085,0.1682931372448107,0.7504022844186617,-0.62897829678762,-0.5439481368765685,-0.6632517486816619,-0.9138004254099469,0.011769819764997008,0.6756521999597676,-0.18895700830503034,-0.10715171022127624,0.31614959460844116,1.0358770270688533,1.647410282727928,1.73713062671525,2.139746251078141,1.1505104825195056,0.4240511154265752,-0.8367385631205544,-0.7331337317022905,-1.6510940905664087
-1.2339389847568913,-0.7872573453456244,0.4781134101466331,0.8226539760751462,0.6379069474432136,0.43966817542665504,-0.31058437534125605,-1.4014786055882111,-0.2825095457228197,-0.3751675526306768,1.1616432748273675,0.258691762630774,0.3972638832612675,-0.2335033369403825,-0.004268924941619154,-0.9011522145694755,-0.6874091171446711,1.0557927503250517,2.0123160094872254,1.0474198814525684,0.3133843015246208,0.4036130705575495
0.20904507611316642,0.12769553802813283,0.3557963427720849,-1.3399074153576418,0.2764675866959176,0.6833446059216122,0.34493203382592497,-0.024670243594582728,1.977574998145346,1.8639638168251955,-0.7209017825762444,-0.07578121820741153,-0.37146772082965107,1.4648282902474599,0.651365926754109,0.6494004872927696,1.5446561780801653,0.8325179935234164,1.2798430171123787,0.5414106362775967,2.4193376425384727,2.516304870545879
-0.3098144604579636,-0.6298357543001701,0.10592913738516835,-1.8180637092795093,0.7346354907769408,0.8363598454619996,1.6679253420553521,1.4318602339384359,1.4831419283499283,1.604518607296109,0.8003741154982101,0.916107166828003,0.12612970281456787,0.04218820090869274,-0.4405052815267657,-0.919940083837419,-2.4695474233300447,-0.8113427128360327,-1.560739163123255,0.07166313224782202,-3.6020259734485434,-3.4744309342399062
-1.3068230489519128,-0.9795100000133831,-0.017743334721817133,-0.1543987124876941,-0.4448056479601163,0.7884121904231408,0.30288981187923414,-0.3334672648414314,0.04061539027409323,0.9031653818121725,1.970388893031469,0.5205148849426003,0.30632984259257434,0.36896889319087184,0.4771919863728047,1.6342901697518797,-0.7181589963788189,-0.07653052828594056,0.5207914564401094,-0.6372776737448794,0.4284117325260657,0.7176125293389065
0.7306693240521237,1.0941339437419682,0.7186498157735124,-0.0649834902382588,0.20719025741737265,-0.7142210475770985,1.6689147409503673,1.1342695247970012,1.448344643409826,1.8307627858246602,0.24865605375595917,-0.5872673642475584,-1.372388134605282,-0.8249174045498882,-1.3998082339857374,0.21643308783724935,0.8013612344273573,0.5715020223786186,2.2269315365480735,0.06766595525682237,4.5314591408539915,4.524564762434017
-0.05944868786289072,0.8062662329639851,0.27672032542815944,-1.7658198676231767,-1.4876368754839406,-1.220521393567092,-3.0992316124753763,-1.3983360507010487,-0.7980037316699619,-0.4764801799056137,0.8144888582474601,0.6695211450494413,1.6558386846100608,0.17822842160387195,-0.7429316966153047,-0.5287263420736315,-0.08287829178891422,0.9819783412385972,-0.6314675881744117,-1.0702840749540035,1.6835725980947016,-1.0110432060910508
-1.4611927876098483,0.564492203480905,-0.1524280335178236,-0.2972339525561529,0.9556028019602447,1.1620187158156323,0.9040917392109687,1.7829219284437514,1.5754911244016816,0.8227633179678858,1.2455403160905774,1.057070683489478,1.5220960588384511,1.593336780686704,0.7648761047162805,0.4215446649804058,-0.13588192097772805,-1.985464827836732,-2.145478466280039,-2.5669166594734016,-0.008105917240594174,-0.7564438469948565
0.587115212016383,1.1226652201837157,0.5719499540160969,0.6215817985128569,0.4171281795772907,0.9865865640439373,-0.5132751390624011,0.21472134572243134,-0.7049685567913548,0.8231887556707125,0.44605509000703963,0.8643095037555923,-0.2364199896468988,-1.7987883912732148,-0.7453777832134681,-0.23299843720037214,0.1545262032953713,0.2572541752253433,-1.99267607986019,-1.3804857593977424,-2.9353748137625995,-0.3820969789419747
0.09204088763385074,0.19805732952051142,-0.7056543321192797,0.7615318072598812,1.3720546135375922,1.2078680601157887,-1.558068200309542,-0.7001317564512456,-1.4459311910886743,-0.936493130543787,-0.3293799744115482,-0.1403766606742828,-1.0791776587010107,1.172114705338197,1.4210455306393956,3.314192852394844,1.5964388592820404,1.115987421754283,1.9105470468548318,1.7158802029274882,1.0389064809428459,0.14542439483748237
1.4833947009157717,1.3139177651396103,1.8086753272804483,1.4978639870310966,0.9015619228949459,0.7487972260410549,0.9103022816962304,2.228543524917453,1.610969492566413,1.300067015497333,0.03612682668105153,1.5667773137276684,0.6624643323410188,-0.22722697274267056,-1.3213460175559881,-1.627911890785173,0.048704293484842905,-0.6737176222982368,-0.2672178408534847,-0.6512938052966216,3.143365099881289,1.6585883729521296
2.2431140389127786,2.1417672575974613,1.478891757878294,1.0898075769626285,-0.2597241952290014,-1.7667029547162776,-1.2944795714780426,-1.6453793556211747,-0.8502631587917381,0.213022266134719,-0.9536210994500016,1.2477284555020265,-0.16707274767254388,0.6083936415775064,-0.003516999125324183,-0.40895039286779156,-0.1580456793254471,0.6871501424719123,-0.8135988180913685,-0.4380359742738815,2.2562943915805787,3.0743951950773
1.249631959440248,0.9189566190889646,1.4132203199874005,-1.170213812247188,0.19971373819439034,-1.5597989021822383,-1.142235089285742,-0.4961046168406981,-0.3650585140205004,-0.7035499326685679,0.22828960924855157,1.5457122640976697,0.697710798075263,0.5285008821437498,-0.4121304365978467,-0.9905324920939157,-1.569603325950731,-1.4399936521735808,0.014511914416231538,0.8244175595199713,-0.12065468946058522,0.37946706621778636
0.7846569184501729,-1.568841187901957,-1.2996111717441614,-0.7674961801804739,0.3900882518943901,-1.3344667541120838,-0.9779599320270638,0.07853557242007804,1.6563064081107177,1.995542796084092,2.915714284919274,1.8280679840768763,0.4678562027596788,0.4314673010294074,-0.16021434410864077,1.0080092539079022,0.08086331535810039,-1.03458013634425,0.6393799461950023,0.05001410796403872,0.25277648310211775,0.16522490003456938
0.8276360634705886,0.31212002129437855,1.8466270251766,-0.549886887209165,-0.43612531787246195,0.2710233692919458,-0.12890968078574258,-0.9852242553293346,-1.2588967763020253,-0.22582759498645447,-1.547889167261688,-2.5781545582605645,-1.4126157678481122,-0.5110935929985262,-1.9696676714044556,-2.636001504367338,-0.6037679832004396,-0.3640505099584718,0.054144657381234966,0.19381760189602276,2.890405947177109,2.1092264417315882
-0.37572664574736564,-0.11968134159117745,-0.8472567912275533,-1.1104867532275673,0.19258383832217518,0.28893346586848695,-0.603625457701315,-0.8069681515112327,-0.8840834699842511,-2.1738899730753842,-2.442018357967743,-0.4731283334201204,0.09289844597650652,0.6795990748104715,1.1950056855316775,1.353247662766788,0.3416192172098828,-0.663856959667734,0.13184359609683594,1.9624798932491203,1.73508586747641,1.2939744401773594
-1.1998833267763283,-0.49954189494620177,-0.09491857785009539,-1.1747336995517956,-0.44104640802146083,-0.44667842565983706,-0.6021234090482644,-0.8228870783537123,-0.3231329301297104,-0.12188618178118239,-0.8695403167758337,0.007686915226200963,0.5971435194447148,0.30308196979861507,0.5363859607558895,-0.9757686966771043,0.12998702436209308,-0.6594759341390307,0.9265865725136037,-0.7485569656153516,1.8739498975408702,0.6442454701220435
0.01176534047102817,-2.3991094095917034,-2.2131773752272283,-0.36775018536378723,0.2632447706442395,-0.7492160685641744,-1.224158027479339,-0.4937261266402204,-0.939230257252093,-1.1469142389713938,-2.5485250818190273,-0.6206058908496437,-0.6072618704089275,0.4563627863999683,1.6714645344337629,0.9901595544352022,0.0501098479128274,-0.7055832545474928,1.272497776381916,0.5591932620326254,4.432367547491537,5.166061142343301
0.9318038222650669,0.3787096728115397,0.7927991673000956,0.732041681358801,0.8583476666666138,0.7880373831986792,1.4706616686950695,-0.05928287546757876,-0.19574602152217088,2.3491876840879033,1.3018690555560781,2.1738600394686864,0.8175077541101811,0.30647665646441524,0.955253380387823,-0.6285293536222136,0.45176278286767724,0.2974498617566511,0.3594398602241366,0.21769036076179013,-1.3005515977846662,-0.7647323780502975
-0.40666924413541744,-2.0482030737011048,-0.9559978541307894,0.022499576064877628,-0.5474807713708421,0.7253266713247077,1.6483104025092832,1.6539632387627907,0.01926706005948896,0.992125239328122,0.08202285522499758,-0.9807961667664906,-0.5498421000677932,-0.5677861326157974,0.8860032539952266,0.1043822834020414,1.6345094690797588,0.5117268711927763,-0.4988680082602848,-1.398561582772572,-2.241472932738166,-2.04092410574265
0.5252740966132868,-0.7058121511396221,0.4206580196357041,-0.8894075111703692,-1.0950282325480423,-0.7692888629405371,0.1000240213467367,-0.879910765691707,-0.36998814680232894,-1.0616914834462812,1.154677055859786,1.6789278137251762,0.6794430877885731,0.03699560603150631,0.9813179519731529,1.890782271078228,1.7063704619018945,0.6634749128445664,0.03612058723971529,1.0566456207954047,-1.7403439342146352,-1.6220127269919198
1.1559947361339447,0.544227182191318,1.1283944646115358,1.2945533473264683,1.3936038916744,0.5453109380910199,-1.437363671335937,-0.8784903457183544,-0.5041546929525034,0.49091542545974226,-1.0574849558358865,-0.7378271589347942,-0.8328604441493401,0.628010590090114,0.5012204106967603,-0.103705415121953,-0.20707888585322112,0.27523765047934645,-1.0014802737973902,0.3404749623980883,2.940711531089435,1.4436581608392522
0.5402992507973821,-0.8138562968190687,-1.0335830476275785,-1.022708800896046,-0.24146621767401658,-0.613431784749353,-2.0819613882012473,-1.2486864180760786,-1.376855446034074,-0.7341292384222816,-0.5912867165380327,-1.7241234017144966,-2.799856239137131,-2.618793802070018,-1.8532172719114335,-0.9690258367395255,0.3709350758850656,0.7044402294697188,-0.8793171983461247,0.7401744913818666,-3.8055009660557078,-3.7021654743570585
-0.2884289407673361,1.2528493389898638,-0.04521570474504957,0.02234098116730943,-1.3597949911474514,-1.5873386755454681,-0.16893746187023884,0.9001299656995122,0.5201754830927864,0.05528467724640529,1.1225012132562946,-0.7420515248027884,-1.1115593602525897,-1.2354220262288729,-1.5802627017570032,-0.25260275716961983,0.2410597283437834,0.5323702583319811,0.8516317724965627,0.7176033678360694,-2.012225361240909,-0.46017604026539416
1.114621855867841,1.4028843537350792,0.6149071758250388,-0.18040367608059035,-0.5987217656020352,-1.9821870124206273,-2.06878038964199,0.0956303155190649,0.5695134422458805,2.479206309199054,1.006320881680792,0.25457844062597507,0.8618779049632077,1.658001234915136,1.3854332704770842,0.9029680433898676,3.4442642626996567,4.006032568901918,3.0267099677225935,1.0964693799183431,0.6910788503409965,-0.1184640547645447
-0.9022921120775177,0.14389669577590236,-0.07777559566075194,0.9145586456553054,-0.10246072950634666,0.26480496621469807,-0.01962513697594241,0.425294296295108,0.22662189981121703,-1.2761360390442253,0.5977641407062504,0.6362888190033354,0.6611664117293712,0.861444450788876,0.5017534276345664,0.3128739721472999,1.5818068616280396,-0.557190788317762,-0.377006437686606,0.6203835490877079,-3.6960303987514376,-2.106218673383611
-1.390844306474384,-0.1459101069127142,0.2487936891660451,1.356259922396714,0.31122977573179406,-0.22630743237762846,0.10856018734623846,0.4180964772034485,0.1479712926410458,0.032595546539946146,-1.2002335515880433,-0.34256043457425245,0.8532795471792359,0.9012954034225951,-0.0675475519234741,-0.4983567777055929,-1.4515867047748494,0.8759208628780328,-0.7492072706974362,-0.3096254971167233,0.8379059812855895,0.9216630573312452
-2.532117693973379,-1.843466630338585,-1.8285035805125973,-0.9233411465981372,-0.6676512125248655,0.5781465761814415,2.3257181791659107,0.3122184641794525,-0.7671470552968407,0.4466854917430998,0.7527267610726296,-0.2854873036960095,0.026407549473218217,-0.0004938764144234671,-0.9000319457290749,-0.12053944613240086,-1.4058439598154697,-0.1771598174895103,-0.12881955899077246,1.2944982102067961,-7.612898543700789,-4.984058777128997
0.3939611528791083,1.64829580269241,0.3794316579881321,1.7343217588893842,2.039814552243605,0.8190044449394898,0.20772654205008,0.5876505704358673,-0.7727993021612111,-0.6650514530406093,0.08403851194146897,-0.6170850303273951,-1.3479325490253016,-0.1091579703135643,0.5463442194795176,1.4794646707084924,-1.2698261013857821,-0.128014877009539,-0.2130417155700251,2.223166830043792,1.8057028152481338,1.0084853999904846
1.2336372657328956,1.0964134934441185,1.5899309662529588,0.47229110920021156,0.826159335401322,0.8034163692930916,1.496098846182532,2.7678743326917483,0.41515351385505894,0.4765898439886398,0.6608871841993305,1.4855635375086358,1.1040603807240201,0.37328414339159083,-0.49106349964666224,1.1183660956886632,1.5519306553418228,1.019532059499306,-0.3166289064448621,0.5275083531667301,-0.6111486653360023,-1.104928295039744
-0.2414975695702604,-1.829973430743574,-1.1738838474178546,0.19429082672167217,0.8092310259632111,-0.480933100987198,0.3644380089267746,-0.7630324687413992,-1.5387831031231065,0.14675233994212786,0.12676646257244686,0.5601767009834736,-0.445115708470009,-0.2167952636819997,1.5449536172743887,0.04775848766528015,-0.44509615700137073,1.2140205669687125,-0.5611679538261853,-1.3373435350141736,2.905638506315689,3.4437421341247845
2.3303416532232846,0.326028707134304,-0.8169343268154559,-1.4324970932981373,-2.3762575017246337,0.5468245807410774,-0.8359613156345153,0.24021612172860507,1.85797155408222,1.461359657754094,0.007592300264577079,0.020852598688858456,-1.1390356558629775,0.5006713668124031,0.3325499292012617,-1.8505233205435991,-0.8631095148736267,-2.9968851487326083,-1.2166680391290847,-0.3100802170681026,0.4636871665119315,0.5525106891504477
-1.4080451586442289,-1.2967475513124678,-3.332250239479658,-0.48180117369442194,-1.2551906656817222,-2.589305454239784,-1.0828722567329432,-0.3496417670810911,-0.28462754071085716,0.6027615528569634,1.3223147768677694,0.7036718196929557,0.9871579808014723,1.306269714391156,1.6045282317787815,1.3934639710179635,0.1701026683299646,0.11247067007778531,0.7679433331444779,0.8436124858204808,4.681665656503096,4.203806015716073
-1.3192831525844424,0.21875006061402472,-0.11965271916830175,0.5649048510818971,0.47328877510823397,0.9178486946527377,0.7986232431900963,0.3585023131759502,-0.12263294381496093,0.4587807782065177,0.11457048208837659,-1.7536192682311251,0.31946425200717143,-0.2836729944407883,-0.016308546710296332,1.3885728956860846,1.1628006872388852,-0.5917820371756952,0.3839947955610908,1.2291456747637581,-0.27172842473256564,-1.1005665563327973
-1.3685211995226765,-2.097232548539381,-2.331500945545136,-1.8569522726693042,-2.7078479839262957,-0.7934166852812993,-0.22936825119256601,-0.4854732070983835,0.5267650279499277,0.669990876471164,-0.14198345026445414,-0.40837365114098645,0.9342141826664904,0.8384800458471202,-0.049949528596681794,-0.1550040913206564,-0.5159932564490317,-0.4366226672342615,-1.3074982148946692,0.42021446669834533,-2.1643786573692205,-2.658173355274421
-0.3494464280171791,0.7848101705636358,1.1893389167411446,1.8043651315807616,0.6214886805547313,-0.938697133088788,-2.1656300641240214,-1.8377084980582326,-0.40455907525318796,-0.346414979396126,0.8020545364622755,0.12709632247212332,1.1641598999677623,-0.4063184230118496,-0.41018026556045317,0.9981722355552823,0.8321266663024186,2.073678156694575,0.2434631364442834,0.6141393552462422,1.677354597315777,0.4763353943814366
0.9507129430942949,0.1531322235512299,0.8122130487722915,0.1254349636010642,0.6785571939646212,-0.3140939625673973,-0.5819909110188594,-1.0627205356744027,-1.0334021287285502,-0.581231478014026,0.15454793875167502,-0.5699450680540459,-1.8927266316971385,-1.6144104242015036,-0.970648939151464,-0.3751762040830511,0.49336731864659056,1.5913687208561385,1.5159937692925785,1.450963049862141,-0.2590846334989082,0.7204286976882467
0.24721045961709162,-1.9104667112427154,-1.2513098322906022,-0.2337236438568995,1.5912192069994886,0.040967913758220835,-1.48513292348626,-0.186753275636622,0.6194933362255743,-0.8878235353495856,-1.1147461910099208,-1.1809706634530142,-0.7163993598078584,0.0445530486822769,-1.1427767977549275,-1.49819303299729,-0.97733419234794,-0.4168864000940392,-1.1186342462308574,-0.5220402726686474,-2.5568205587804496,-2.536616496576455
0.7266580223540646,0.3013433654431532,1.0073159106144616,0.12968858778628134,0.04339721201943551,-1.4455687586025294,-0.9246874842490721,-1.98611075509754,0.7679810617927504,1.3793829716494088,1.2045868766388355,-0.739819916424536,0.3157398505795519,-0.06415294101115739,0.5640545831946837,-0.6719505141336733,-0.37140566903239747,-0.9192882019984638,-0.9022061750537945,0.043311116341900234,3.5393845771832293,2.634828174726876
0.6407640306129754,0.2781394025847177,0.6129352379662868,-1.3523872126461793,-0.9048889031981796,0.05900721527875505,0.5443353913425444,0.3592963360369843,-0.12865575653125214,0.05426947166948683,-0.2201204504977513,-1.1646095889310024,-0.6277220781292703,-0.41787401518542805,0.7270129289561353,-0.23537521048962265,0.5482905925801375,0.5496855346602866,-0.14170617249468093,-0.9643808113690235,0.5108026687682559,0.0367157677809728
1.1527548447442713,1.4883254977607079,1.2235918533894876,-0.08433410254810673,0.19144839415077491,-1.3744486333411992,-0.5281858264060926,1.0697743950823173,-0.6003524435684024,-0.4293585762014964,-1.85769674772325,-0.25185507114899797,-0.43750952014309435,-1.3956857530849913,-1.5413735373192334,-1.1120523078652782,1.2278651543608738,0.8138255405467392,0.27911094698539096,0.513918897038006,-1.983128379376316,0.5938318949306073
0.3692027910609122,-0.3298749805948458,-0.6458958053560988,1.123978576972529,0.3598790800360484,-0.8822863290580466,-1.6691789146119607,-0.531477712737271,-0.5168654945967078,-0.706003334325327,-1.375684799261397,-0.22945909734887873,-0.9424578495919519,0.239452809409684,-1.5135606027543678,-1.2627287895780008,-0.30619951108095717,-0.8526370464704797,-2.163586259278844,1.1206942706709409,0.9936116243474664,0.7823574505660242
1.617979650276913,1.3918312799305574,0.29533705972434077,-1.2685061136907256,-0.5386358852715118,-0.06322071104941335,0.9077442674515813,-0.17861179267758995,-0.46594540567158993,-0.21574553653955547,0.3494257033329928,-0.2752482143780575,-1.1756931035981824,-1.4209110760400299,0.0427163570911219,0.8022737981761913,1.0098087313567556,1.3981216558109735,-0.2315996479764408,-0.18624320959377982,-2.8571693138255925,-0.634538517744308
2.06025381672277,-0.29890089492089666,-0.6589208917728696,-0.0049594238891962515,0.4210034491157675,0.0075556237328759475,1.40062496759544,1.050377362421442,0.6941967932531016,0.11806144049162712,-0.8695797404570844,-1.9225302003665374,-0.5304535450604646,-0.24811879733438996,-2.2946544779755618,-1.106768557869941,-1.3324863356977164,-0.5203977714074273,-0.9942017356547953,0.7164898563520563,-4.117040182309207,-4.937847477113325
-0.8381534240629487,-0.9767147044030379,-2.4918073653293114,1.0696083066872897,0.34382464281677655,1.030661859152005,1.1874294537521752,-0.20082535332123538,-1.5921862104740356,0.16943105764204333,0.36179901431136313,-0.6570812494027903,-1.351950815735225,-1.3830823219595565,-1.185668017363477,0.1435054072155023,-2.090167110744327,-2.258327055624855,-1.2567712956327275,-0.6040204927370673,-3.0658394980817443,-2.510546616488548
0.7991917696735619,0.29317371377909257,0.9173954420863609,1.3289252359068389,-0.0010553143132607185,0.03923047961003433,-0.4425898657558065,1.0201034671386704,0.956110680871572,1.3166028802271195,0.5573312689747293,1.4921874635875343,0.6275751379511766,0.5700363028200287,-0.24909208505485636,-1.2823768372233382,-1.4722906209867421,0.6174741424066879,-0.10322414102251175,-0.7625740590904597,1.8676054123440284,0.4717519153257054
1.1991081601035243,0.2224163957602028,-0.555299787973863,-0.24393753028429674,-2.3115804274553473,-2.583809527447913,-2.620605932771802,-1.7141949805938,-1.3506658638021698,-1.3276074798447612,-0.6879945966469376,-1.153460554939573,0.7521596639346483,1.9092411526377873,0.36642371739471113,1.066519753403423,0.43481082511209884,0.13835282557239456,-0.6460309100862737,-0.2578238911561864,2.90394624164009,3.0662534921325957
-0.12097957662161465,0.5595026930112832,-0.19558613297577693,-0.9012742124339372,-2.641105166583034,-1.122753554498058,-0.9751710982629026,-0.0023468483605606884,-0.6704154103577679,-0.182029679095154,0.6272633450508384,1.24290823415432,0.8465390517291265,0.4397311759600848,-1.7114614777350594,-0.7336824949626514,-0.9043239126901476,-0.8408085893786725,-0.8573540276471798,-1.479926839425649,-2.5777836457450927,-2.9696563827630476
-1.0003007192598685,-0.7306020020919681,-0.11427766724808627,-1.1260035701439428,-0.10688710618097251,0.08877184331037036,1.1816690489614743,1.3061390998913012,0.9096170506812957,0.5964387271934753,1.8050123507352271,0.8359222799248638,0.9885050961023238,0.05773039537975333,-0.39718568989771025,0.5717232626344435,-0.3711252830407019,0.4050823687294974,-0.8855736509495216,-0.2532883728266725,-1.9931971522051763,-2.2616686706284175
2.1703967166486327,0.17486454695074194,0.467233771951167,0.34166299979362696,-0.257062851231173,0.3516921589040094,-0.12434533087087339,-0.7621501510666977,-0.051871209672161606,-1.1802849339531793,0.5277641436849491,0.005538028939284808,0.43495806807724724,0.9054574201924946,-0.562458975358627,-0.37391698285154373,0.08685330983581689,0.5236389185735612,-0.22001892706594814,-0.26790243456511253,-0.30493928147317995,0.015412639999629926
0.4835711973741473,1.0844817695079823,0.02508517364228204,-0.6580555301733733,-0.7951610191403452,-0.814203061369235,-0.44190502528775627,-0.8364410284216497,-1.6971142551285823,-1.7234548965743943,-0.49957585957305584,-1.8673540930550723,-1.5612201121163796,0.5926744728702239,-0.38192946266752126,-0.7624148461212994,-0.37062914112977247,0.28409647308251146,-0.15346965475475435,-0.2170935028840567,0.3939191729533268,0.9902926498841469
1.2451946230110524,0.6238476547982041,1.001022953574044,-0.7785238686431479,-0.41414791180310184,-0.021523223955961398,-0.8689807353444331,-0.7215490838628895,-0.4923139069149622,-0.5819211688839395,0.28089905369393187,-0.15693626449892706,-1.6530153325574293,-2.175971972610113,0.24226407593128765,0.3755447861944465,0.3900133372639407,-0.5676998908994446,0.3657587950603966,0.017864995159709598,-1.022060711902014,-0.5421266046125788
1.7543317541875583,0.9040885696667479,1.222983362414953,-0.16974232922709906,0.46659265633010394,-1.3078642267208136,-1.2495565825122952,-1.1674795308784054,-0.605363185206067,0.25747513292067886,-0.026860755739605047,0.7911522918186175,-0.4636416171590477,0.3011835993003688,-1.633061596099572,-1.2396806244144427,-2.210018246962522,1.0018267247797437,0.5582070060988802,3.725975404132577,-1.3005712217604772,0.1499018417029775
-0.09091778465947047,0.13751581405421281,0.5376202135416094,1.147141572576054,2.052222245980833,1.397740150751759,0.015910947965877106,0.5207291172696898,1.3217804361528722,-0.010678235603312256,-1.328735662921126,-1.08181349358193,-1.1265646993408582,-0.3740085208845332,0.23107561502757853,0.6895236869656662,-0.535893721472651,0.8316520848256906,0.6609495527163347,-0.23536808359291594,1.2943547678249288,-0.10702685090068866
-0.47179224903625666,-0.551581112997018,0.7237134018876783,-0.08366764346129034,0.9532160376378296,-0.6363609073501602,-2.0332957243967997,-0.5523991703892847,-0.6795967577080323,-0.22685280998835747,2.2657908680726724,1.9257912207449868,-0.8363152590092024,0.6736520408922879,0.2384914897571432,0.28835994056518005,2.000718219820774,4.029600101246637,2.267324186533192,1.013673969872948,2.263744257027379,1.0172489936082951
1.3205807754723047,1.1602592543382129,0.40450107221113996,-1.0093594470393734,-0.7248530645256933,-2.3482308423586367,-1.22007051675705,-0.710673530065879,-0.2929118830930768,-0.4195535366605862,0.3884365070241552,0.8011251078599837,-0.08840227102812498,0.6597358581967643,0.7070225479015845,-0.5054623215141912,1.339087628453825,-0.21052688652456752,-0.1631261738238395,-0.536650114755787,3.9978176588496113,1.5167191448491737
1.1859094078860937,1.1102467164176075,0.7001423132451209,-0.26527901989717717,-1.1315064641631056,0.6347024772106796,0.10997307253759844,0.5811562628407809,0.801800028954465,0.015619736413208985,0.6800974745004381,1.5968927230317154,0.5208062876482283,1.6212358995321345,0.9478262587211604,0.76583317666642,-0.38931886110362063,-1.0584112266386598,0.037818991874891544,0.43003052279691756,-0.3854150151624721,0.6780150374931401
-0.3663196732564789,0.6645462535977205,0.605558713917152,-0.5254945152538508,0.01884042870341781,0.7608205995311929,0.6760132476527213,-1.1842161765065757,-1.8114602805887983,-1.53869358630999,-0.023615523423519677,1.734963838404435,2.2595135790385688,0.27794539661642315,-1.6615456304183356,-0.9137027190248082,-0.22860475705949024,-0.34301135180958003,1.2867006338782159,1.121399029740297,-5.464110785176,-4.106281339593792
1.1269397141317574,2.464039077797864,0.2816030463777023,0.29325127701996395,0.8818462100272381,0.4752800483714054,1.10622411890553,1.2545106940299455,0.7003659908312985,0.37894245716750097,0.5963862422192059,2.230784067258748,2.4718485370603527,2.090445713556402,2.5263963123402937,0.06022595264144825,-1.232157226882082,-0.8343403277128785,1.1124656182554653,-1.1508400348486394,1.2191201458846086,1.5052940029532929
0.04561019499527766,-0.6792093849497228,-1.535395640573255,-0.8080081414639346,-1.456579966824122,-1.186708236839869,-0.9756400893172354,-1.6239751909750946,0.33346611065611587,-0.012295763914523392,-1.5238937579718577,-0.21561471892697312,-0.3644661775311668,-1.1168623870590773,0.4509960761211429,0.440615395452304,-0.5001743887438144,-0.5715569612199846,-0.39806381759031206,-0.7369477000736153,0.38512873965922834,1.063289957000376
0.16643478580851592,0.8076209248154039,0.5874231788150202,0.06206156020507059,-0.3715814155343024,-1.7536140717635358,0.12810987268539595,-0.730097052973601,-1.0424538830853751,0.7077250657421984,-1.6175939493144256,-0.3971124896148214,-0.5681851496894643,0.006142510948350208,-0.009313954967134195,1.0347465540842429,-1.0742871765408468,-2.4833351220478104,-0.19863630210240316,0.002719916198961414,2.462440261803292,2.4441220036150346
-0.44449209678272833,1.794504214159967,-1.1125297848276523,0.42592473349581056,0.6217983127306949,0.7104769323228959,1.5795178547134978,1.7957625583455306,1.8814991630336506,1.7621937330628656,1.7127058723223532,-0.03472235452669502,-0.8937131997761022,-1.913906106387904,0.14606980412787146,-1.325153434408153,-1.9200434519987823,-1.2693741491779884,-0.18503108162952756,0.025952433840921055,-3.8368088380638814,-2.430742879202607
2.4841082062827247,1.1745334607673361,0.5889194077352747,0.03026945850325083,0.6523685888029171,0.22410362450603585,1.5052718517623684,2.2361977939245055,1.645186976216236,-0.11519627949844827,0.872468969705973,0.555152203013752,0.05619731504634813,1.3059817195542154,0.8851836558624153,0.6651117626672736,0.9849608183670373,1.2998816236229538,0.009046470876861726,-0.364618066244423,-0.8861441858149811,-1.5617506613264622
-0.4902233566988375,-1.5515059778836133,-1.1390017497885256,-0.10157118992628156,1.1613162887046393,2.5470026566101045,1.1232202448227473,0.4366920060732908,-0.555829345640445,0.5948525624275908,0.16480832891646827,-0.8129224116776123,-0.37250173128604236,-1.1706055237004425,-1.7546519288006817,-0.7519484979063593,-0.6854796133381876,-1.3467944210668679,0.11289442499980169,1.2527003922045459,-5.022683410942303,-5.295490092704315
1.4375448530621686,0.7166202358778417,0.5042501746753787,1.60648156366017,0.6144362677306162,-0.03140131158402748,0.7364328890985448,1.8689033613738943,0.17656464072669215,0.7499289791985819,0.6390305390117794,1.333802908782191,0.8327534522378689,1.6655937562108416,0.8410029370651092,0.2999081491466184,0.8637691756561384,-1.3528542552719949,-1.1236411384328835,-1.4220916717644427,-1.990668048280666,-1.3244571844727004
-1.603557694745248,-1.177847178761849,-0.4105887975845113,-0.7890338779875645,0.18001870603378334,0.6266328548307759,-0.6442337025385977,-0.5845173224558878,-0.9115625186464499,-2.161708190573347,-0.707935200534046,-1.0375438713218086,-1.7488177325885395,0.19752993168147584,-0.3278461204529734,0.6835501320273333,0.5470665961063692,1.167785759118117,1.2836337566767826,1.1525388640595047,0.11493314099516172,-1.1869697041568361
-1.0579307002097318,-1.5326599377535894,-1.8615013051869767,-1.0870422361388605,-0.35804029973005275,0.35348905570758954,1.0070562336181583,0.6238461350614334,0.015756507039021185,1.1932129371792048,0.2076034635240294,-1.1410027540198775,-0.5726639944935894,-0.09494042213126093,-0.27638817390348636,1.4950425168683439,0.4658848626394187,-0.6514654483014766,-1.1289580754152144,-0.0632030407552724,-2.810466684433792,-2.002773194781235
-1.4974474164309508,-0.9140512794475716,-0.8541362889263618,0.09809370138384585,-0.4154676596487927,-1.9283577762981683,-0.029944967537703336,-0.77102245840635,-0.2712178973911182,1.551703812190799,0.0558129805599887,0.0854968950951677,-0.5875006988442576,-0.04834614025904034,1.1185391777577107,-0.21614722535710326,-1.7449378787622862,-0.8810604540603295,0.5351774630898569,-0.2425579045645825,5.813473748405416,3.739560794612912
1.5923423726306138,-0.38251072346946124,-0.5936023330237031,-1.0197453283224662,-0.8609852044093872,0.12052804810363717,-0.48239312029969705,-0.2870596777214599,0.20568858536886253,0.04075072105345002,0.12380302420931232,-0.2679788192236517,-0.04925776854399419,0.959277852871217,-0.19289573945124458,0.2992252889722493,-0.025575345939171903,1.2943808413648248,1.307865788066243,-0.4924075081095719,0.29483082237538877,0.178629200775057
0.32246179514649753,-0.20066078299586507,-0.22109601042586202,-0.3590572916959245,0.7410903269178408,-0.7289893571496222,0.3981536406026972,1.0497812956931565,0.030715199700958304,0.20277610490842674,-0.6105243714279193,-0.917277367156535,-0.5727471735834747,-0.7286486552516092,2.2374852744847984,0.5323890925782157,0.39471934234405437,0.623612838193512,0.9864997174200933,0.6955213267413288,-0.9866344202977557,-0.5110267643607422
0.33879948638275686,1.063174603258618,-0.738642137265252,-0.3789012447872567,0.14903688041030924,0.05322796677868642,-1.0406267636608266,0.03678189865308827,0.0660066222195706,-0.2021786795707292,-0.2632173713288638,-0.35764615267017297,0.36356504114637256,-0.16328382697109622,-0.24887969113253872,1.3347864382056096,1.3420374022989907,0.24175026567416102,0.09308784146721545,0.7563502454197494,-0.5714769285541801,-1.4366008350122048
-0.14184205358662066,-0.757414184163299,-0.08315957418735176,0.5617793162749803,-0.672325708496725,-0.4673332424086794,0.4622296048648387,0.08549631224488766,0.3479483836911623,0.20765131895090158,1.5427850652098185,1.7788597585398485,1.1312472666528492,0.74421509561694,-0.34836316951361784,-0.09037619193014285,0.7638885134303303,0.8043933247025411,1.8577415865832072,2.4005096010415476,-0.008778131102005454,-0.012916030265551381
-0.4363359012395835,0.1372280398384322,0.5721913113957208,1.2935277894668566,1.8223274888137002,2.6084167289293134,1.7575232552828075,0.4703815754315834,-0.3072876895155531,-0.64471583224125,-0.5498606530953352,-1.341761592381182,-0.9429240625294284,-0.6282371846869265,-0.8933430427508625,0.9019969508958324,0.03645657893489406,-0.24677511704935795,0.39100279646724057,0.012669176480541191,-2.1861949625070194,-1.2802154406334398
-0.01603231602387929,-0.5013125709268684,1.4875132807116618,0.13538274447407783,-1.2528197741602969,-1.2482216167505578,-0.10083035791952577,1.272975571796325,0.26784925174624463,-0.9193866108308998,-0.35913414485151207,-0.744224915549735,-1.490417138065959,-1.116753730540809,-1.741290802654342,-0.582998566883523,-0.22058951017683265,-0.04636380122798065,-0.9519027156820646,0.5667647657404201,2.7474441060724404,-0.5342242565365639
-1.2504684449194277,0.026411989302278685,-1.7602344546377862,-0.7245426667277522,-0.009859601802912807,1.7959579323275103,0.6153825725151993,0.05320606027138683,-0.5569825692303785,-1.489972967112241,-0.32858163245673355,-0.8195523307553962,-0.036851482270455156,0.34250626132273504,0.1396143442265832,0.026909631980411977,0.4819948509402575,0.5855104896116897,-0.7392669729044002,-1.6787798523357962,-1.4170209846265733,-1.7727425724825236
0.014065936592667656,1.2540062567042196,-0.18632693651790155,-0.505284875782319,-0.34742337492377073,0.07984615863494922,-0.30557784534225674,-0.826904871941103,-0.04479007570445226,-0.38068060133306364,-0.019054334554203,-0.4151460754846075,0.882955801612594,0.7578586766631694,1.1080601108826498,-0.22827260733363514,1.2929126754041569,0.053519189643023726,-0.7699974098838498,-1.4031740174872855,1.0274568770936163,-0.22349184310562287
-1.1378293523252672,-0.03994064364543633,-0.2817553890146232,0.7241154895578605,-0.43773104353141495,1.057160195203694,1.2967625015742017,2.076912398763887,0.30701192409513883,-0.21956453894937847,1.4234353184508661,2.0139117864165326,0.02054043482333229,0.7251345072742243,0.0516412748920907,-0.16054197433236822,0.9201277242043293,0.6257437219940428,1.3333614690435405,0.22978292277256318,-1.233910940593269,-1.6429600539264002
-0.6728773604743802,0.732308096420174,1.8337044846447692,0.4424430246716498,0.38252383933826745,0.13695404142104478,-0.5451071836476926,-1.6570486625954153,-0.977231937719265,-1.056421556832276,-0.7417332722292856,-0.5212913904452484,-0.10895378241803184,-0.7057339698143669,-0.5995736538425622,0.3450794353009871,0.6634308462694777,1.671629936432204,1.5083726519561906,-0.16179619676463708,1.9214673100278818,0.14251174041649461
0.1913930465512236,-0.35751348905879077,1.9252736207777557,-0.1877414421485091,-0.7397024684471868,-1.1949409758508183,-1.7040278900966321,-0.3750408727640827,0.5263421296995813,0.8836737073524955,2.1027978130442855,-0.8672166692900877,-0.22399741384350713,-0.8466197285829048,-0.45093509518482916,0.46297688469341897,1.0776668788215888,0.1964169053414916,0.24989425712074959,0.024967516378098527,1.9203892351009118,3.1983640036938303
-0.7875426124274845,0.02593127652760678,0.7951712704468716,-0.14862435773973737,-1.5067567824205828,-1.0084854539133323,-1.4786789691721556,-0.9977758286602635,-0.16104016969261462,-0.6083061960052603,0.5071214659088666,0.7525329319413109,0.21594299588397275,2.254474154906166,1.4993324240041659,1.051940504817334,0.42226402547274744,0.6911718635644867,-0.016210839398223514,-2.129827850857973,3.0809804458311163,2.6486643685062843
-0.6812151212479481,-0.09125202253173352,0.6656873120145191,0.22479266388062538,-0.18891578697053205,-0.7495419704004267,0.7698773806991439,1.2427274332105502,0.5811066614703276,0.7369306551276641,0.3425751255989133,1.0868204588826205,0.42399470154427793,0.8795062144590143,0.17288364894098257,-1.0184357410367197,-0.26568120568155995,-0.2787634508597486,-0.1674970331791017,-0.7155865331673098,1.4544681569852713,0.638134990711304
1.056549623447322,0.40965311711925806,1.0947332446956088,1.320072568986697,1.5377035914659967,1.795587852624057,0.3984017446132023,0.4280116998980793,0.4714734853042551,-0.3599642684210372,0.3946664579504474,1.010029152729588,-0.2105122439662393,0.30651998768658356,0.46476210252022426,-0.15629834589721803,0.33622941313833626,-0.09977177581039545,-1.0865978274241683,1.0980863221489192,-2.7664493689991723,-1.8814469942845533
-0.6642247265956241,0.08893074920052549,0.7056271041751715,1.3463833697326972,1.389567444724829,-0.029090766359348878,-1.5918751082406706,0.15815088734474728,1.138302375758204,1.0331189903418947,0.5304065186299267,-0.12126139920065226,0.9142111268632933,1.4327768272338173,2.601991667560495,2.0556248438059046,0.530687444691378,-0.8328191497273856,0.020322654662357418,-0.19123860297728623,-1.9972554296216667,-3.5056774115236804
1.4762689958467665,-0.37272169868608457,-1.1742652557524482,0.22989300693005976,0.49080442248520173,-1.2890795169248817,-1.1137741342147656,0.9002899983628827,0.7940768449936562,0.2313360862999363,0.12376538597934228,-1.445204241349107,-0.7154480782251624,-0.10937886242545042,-0.5651507469302861,-0.85207630186662,0.16385311906917815,0.5695238204656216,-0.7068886910339796,-0.4457192011027179,-2.3138195649504265,-0.015999822319386785
1.2107290290626957,1.8339831010864676,0.4531005306750394,0.08189120708939136,1.0543794523966354,-0.12809629553521942,0.20745858602761255,-0.6604679325767133,0.844546821234788,0.9634477029882755,2.242498781386889,1.3345555189062424,0.7266974230972817,-0.6415918307753683,0.09961581044212592,-0.6556361267636387,-1.4823359297680414,-0.13323351749605403,1.6227954428066371,0.3347222540648233,0.08579138367114245,-0.00974093901598293
0.7191615433369645,0.7172694744730113,0.21806960884916407,-0.7612474332162034,1.1933679074209815,0.9333396073764825,-1.4350867554334064,-2.6889129543103727,-0.47569367588631944,0.7394559243562102,-0.3236150992555022,0.16720620817799098,0.6278510418502533,0.09243892342857474,-0.3321182555632739,0.08239919862889314,-0.28974920781253277,-0.16189996921859437,-0.8444671487342179,1.1996825457662244,0.238107641637764,1.2277333512016866
0.8378381642614311,2.793322769584773,2.467551561032843,1.0488299348945824,0.3881578784126434,0.09458955872909693,1.582139641857684,0.9851599858099023,0.3470548699107679,0.29815662817636696,-0.372445499165114,0.9875076589452619,0.5772812595435257,-0.8596531946724858,0.9175464017932842,1.3290149078631563,-1.1622027273014626,1.1458981345812573,1.0347139569242851,0.4787216011166104,-2.839268880249362,-3.127544876275309
-0.0574961247099543,-0.5106246826687515,-1.0775044497984714,-0.25232049618943897,-1.6168555743273128,0.603193311711027,-0.3624314443874959,-0.34349165666213943,-0.47489125211922634,-0.8046721344751566,-0.019871600747939665,-1.852638000573519,-2.328608260934174,-2.9130483409723236,-1.2541615091512621,0.06818393384201454,0.21341886887515313,-0.23357948727750544,0.1084105145033596,0.029898269945685143,-3.542418799243684,-3.6440993906914305
0.9110117840852923,-1.0662794457565845,-0.6597990257103664,-0.11896948521591032,0.02837323157255092,-0.8831703794866437,-1.3420023287816467,-0.6179487485824413,-0.6119084624072314,-0.5665756422378412,-0.15494938020341625,-0.8052030464514253,-1.8922909464039477,-2.496091646160666,-1.8441227275494245,-1.0594753756679405,0.08727337865875513,1.204295366231616,0.15469944302835004,-1.1114250226772833,-3.2163829108261415,-2.323260595092137
-0.28485202367683976,-0.6657754627853345,-0.009843576170116821,-0.639699181098795,-0.12134157524118605,1.2026541527574353,1.2868971407179732,1.0494690757226077,2.25312498789923,1.3332441097995449,1.0808530508151863,0.433719787856067,0.417957929459298,0.38634772573746096,0.6884980308601872,0.7810718507184871,0.3470619617785649,0.7710634622596582,-0.6844949990854332,0.787335642329683,-1.3744422226228048,-1.009889549754474
-0.23614060401866033,-0.1368181533248411,-2.0841273148487707,-1.2412112712667709,-0.542735529436733,-0.7035226224498141,0.2016935927544813,1.0487149882411333,0.4044683306128186,-0.5437603241578628,-0.35991814541470424,0.3475359175036612,-3.286162209850636,-2.4861783121952343,-0.6582689589213562,0.11166523714696351,0.13653142850165748,0.7573180325495524,0.7109767232035193,1.840836400935724,-3.824027700392901,-4.46918424370853
0.24293977780586534,2.2650251867651243,0.2592251654251147,-0.5594405128038559,1.1252828327315687,0.58054671290493,-1.2715784497042575,-1.9227747296578692,-0.6209326472241691,1.82377753904021,0.6229655189335169,-0.7088511660037428,0.3551318397619074,-0.8173853626757236,-0.20831692251414838,0.407251596827856,0.9428699965787032,1.1788993369998602,1.2891104107813836,1.3853219888145467,2.872927386785702,1.9656986579754416
-0.3787037894669522,0.06627690234483509,-0.10765148866729027,1.0981029269534344,-0.4190974098137842,-0.689862191452741,-1.5938873301689505,-0.9112203537078116,-0.007269325706934597,-0.18524040385590526,-0.8407892871794624,1.0546602119866368,0.4410992333200109,-0.17093223862416337,-0.6652181035218765,-1.347624298085998,-0.44528015518317415,-1.7281391422759553,-0.7727794502064212,-0.055265595957627194,-0.4129251060915653,0.8207413008806141
-1.5050548636156518,0.004895159082424114,-0.0453561878816926,-0.8762026962597547,0.7373034989653066,1.2264412361580246,0.9327953824011872,0.9161550450530259,1.6896649761062494,0.20202941786019682,0.3117510805645478,-1.3770762129893603,0.7901282310682517,-1.2353820506445587,-0.933253596120517,-2.0971200532722123,-1.7519169063328366,-0.8391852177272798,-0.7943250712729554,0.3619157801157908,-6.34797701729917,-5.406081114922403
-0.5231157821248941,0.5648979259767594,0.5462120038163929,-0.04189684763279025,1.993536265769359,0.32390004869331684,1.3391620981237102,0.2929696938215573,-0.27860420950094883,-0.3201004713600321,-1.638331543473869,0.20764120703548927,0.07078564241062296,1.4623984909581256,0.7722706431322239,-0.07563344383832488,-0.5378103995148842,0.42763290039524043,-0.26382405530682607,1.0214991392430326,2.6106839637943953,1.1935753278146384
-0.08528130249608369,1.260178528032308,0.9020069365023121,0.4809259332957828,-0.21338747727950744,0.6085732688076358,-0.4229752966709104,-2.099772843672047,-1.5544135813531972,0.3217320813229212,-1.2846280985032172,-0.7346091219539013,-0.4529904065873835,-0.7585735562321625,-2.6500690504658633,-1.4713745066438357,1.0095614539908397,2.0000352138423314,-0.9671189666488348,-0.8734606205829915,7.209297789125488,5.871447961721507
0.16228738811614057,0.6816945452377161,0.39069946795983607,1.6841957428365515,0.37293814378809126,0.646295342326517,1.1258864718140744,1.5498289675460395,1.3183998886940702,0.18131653004988532,-0.4218213726360222,-0.19904006303875968,1.8365478098929766,0.18363559303295351,-0.5582892994360129,-0.6970661478053698,-1.0678527593258147,0.723802261167536,1.7417486865406127,0.5400712095687323,-0.9782873687607709,-1.982558240864309
0.702767673192907,1.109398747936998,-0.20666438357740438,-0.13685879917729402,1.856961679433304,-0.6134990852474831,-0.09397611287151296,-0.4476705596203763,0.7119763536598157,1.7016791048099924,1.6152361349681277,-1.0336013176508716,-1.090756293150346,0.29354022499243665,1.2044602603419954,-0.24666547579185558,-1.1925282409042965,-0.8825801761350636,-0.5252810535271698,-1.6862280922835726,3.8854081132297074,3.1702989366838663
-0.014479641512442324,0.0193085683001009,0.1606763487215535,0.22053103598945972,0.10955810266535272,-0.5002403919746446,1.5857657102268172,0.39692958456917765,1.609552079898418,-0.37846948292593907,-0.4317395728648872,1.3567178412851657,1.6553594879188795,1.266228635540409,-0.07659054362888087,1.058822658767511,1.1804180525701942,1.7077168134117577,0.08168352011861328,0.3832840035618186,-0.7993432345476557,-0.7160381146882125
-0.21694448086721624,-1.0830730850531292,-1.1962033125889497,-1.124728184943189,0.30151572743725874,1.5476471688556834,0.3109927345899187,0.8338671720144875,-0.8075665721632107,-0.8969018711962916,-0.8532732065185301,-0.599076492574634,0.2220457614495972,-0.026976629870851972,0.5563216556783306,-0.5231152000173099,-1.106333104499641,-1.7532478829401807,-1.595059962162832,-0.5579876115804048,-0.4965788324828886,-0.9473470644693684
-0.54397125941708,-2.0030997075690764,-0.01755211744113938,1.7336365405095395,1.2833156863612372,1.0586728999514545,0.2666651965271879,0.18324353750797423,0.9110684030328366,0.20115191592157342,3.0867691745065304,0.34896303907245374,1.1988293153176868,2.130308354463201,0.9385446663829005,-0.7850629489139742,-0.01824005669716755,-0.029965453417141963,-0.13827193783137773,0.4826036339745485,1.6040441958240788,0.5345570428310257
0.24351851445341346,0.31645032114147575,-0.05285174605644234,0.8629143116756918,1.1935314435264683,-0.02885527666058421,0.959067425126391,0.7961771348930704,1.2713321522058914,-0.8032045069366145,-1.5967700822822626,0.2284070722440802,-0.9862121793443102,0.01571707800169454,1.019100295699173,-0.4156654742531595,-0.8397244768078324,0.565834170425472,-0.060900481996732966,-0.4226953181926575,2.225408514634478,1.802243787372343
-0.7939962170105379,1.3003224375023037,-0.5874664207849682,-0.5814977290679806,-0.5592664822701436,0.8893773397525891,0.2602650777164306,-0.5031714373480187,0.08818297655609922,-0.21537413940308497,-0.7527412076645373,-0.13810681159840751,0.19615274836362945,-0.5500850585738437,-0.4210055162148865,0.2149366465854637,-0.17421682130258637,-1.745383234755353,-1.5814486248768103,-1.1562244517094893,-1.6737247527938421,-1.6556005454824634
-1.0890637478411591,0.6669830538931348,0.061485640855372135,-0.9713957595181887,-0.7221753788899412,0.11249099447920985,-1.0337044583280866,-0.008956586315079005,-0.5538141455971819,-0.06973834055204804,-1.3122837745428353,-1.132221201269516,-0.2581946346039214,-0.4330643346489175,-1.0315772407498396,-0.7954538924325861,1.795307456011327,0.4798564317415071,0.4014675032172321,1.4219237712144515,0.9708983603956387,-0.06482208298619468
-0.6921427395021608,-1.549389120619334,-2.3177691788168406,-2.594936375645856,-2.126471328403648,-1.356193699914189,-0.42327615845446437,-0.16886638008413501,-0.8694842040380918,-1.219905989865919,-0.11793631565386639,0.15926154949428115,0.6129956420899241,-0.9252416247847504,0.4565924603137763,0.5899572355053058,0.12992788357422722,-0.37573237957210504,-0.1728732559808715,-1.0231604417582212,-2.6163216910831872,-3.180741469293951
1.2603512370643937,1.4729886911885648,2.027289369236278,1.1969814671151162,1.0847534591465853,0.9684422484358817,-0.19136725184913106,-1.7707368628975548,-1.507239819888296,-0.5849370950450471,-1.9302253704112742,-0.11213896445876284,-0.848180649439285,-0.6845463087125526,0.21910398425669045,-0.16764034001309464,0.7377778800666633,1.0758185726855956,-0.04860081583523035,-0.23346202471334992,-1.4631933157068033,-0.7321689350087436
0.8041931160238303,0.2706247719894244,0.13828702183710187,1.4029096091221231,1.3873137087051,-0.7902997880931295,0.1237802697861212,-1.7672137281437676,-2.5110672034335852,-1.8278616012434896,1.3364624228791642,1.5786042626402077,1.35244907646983,0.5841086967434681,-0.7578015876006705,0.14539456623755398,-0.4452336450317478,-0.10269326235997028,0.2764376324676775,0.5040136315092402,1.0172097190812581,0.3244108444589891
-0.3405779002219116,0.4796822170102895,0.5770884177618741,-1.4863653627917703,-1.2209038993143626,1.2976417326990874,0.7043429075036317,1.8639146787342618,-1.0385378342461185,-1.2715237975409908,-0.18227403052769875,-0.6870494253351563,-0.37653700126180184,-0.12371008203566394,-1.097330278723511,-0.09232169509654209,0.2883240173078314,-0.660775659309704,0.40937964169500074,-1.2016351581467368,-4.0288733765302265,-4.023830251658645
0.9534421266684907,1.8480704513592392,1.774923889574735,1.1180599693424615,0.3467129202066427,-0.8277169695056483,-2.1123444372329945,0.610092228360673,0.3399244098401984,0.1414623193439152,1.0902943633914464,-0.6662110169138994,0.35243841936216364,0.7465607648569917,1.1838900323761365,-0.14284293467462042,-0.4806375104969288,-0.28412666900897754,-0.16508161413180852,-0.8252706334495531,-1.293610698765222,-0.9063972198190319
-0.5985430780632404,-0.1994191513558058,1.040674588502798,-0.7501872567906243,-0.20504010885914112,-0.034203951933922165,0.6519063950702574,-0.153428131331535,0.15893029682978196,1.7546147215500372,0.5599933124003367,1.1085581668212463,0.4851559055577899,0.6297682785114886,-0.7863756752248519,-0.14074765320839458,-0.08032247454163603,-0.33196585215830005,0.7510257855935005,0.3913806783322667,1.1624863766825604,3.0750112564240015
-1.2479974158606677,0.7124757876824025,-0.6780785843623961,-0.024619531912545737,-0.7303309663724046,-0.14099873246999362,0.21472869790445331,-0.65585169729779,-0.4482460791920769,0.14914610475459536,0.7908389552678515,-0.29009792681786184,-0.8224325911951246,-0.35648683659964997,-0.5435806574798614,-0.34281220503994564,0.682919338024561,-0.496323732173325,-1.1406124349107307,-0.5345687054403271,0.9855634205876844,0.6683351874153297
0.6444993077885818,1.3106613576086188,0.6746443593836645,0.9397200889503281,-0.5026695435599824,1.5074026305477088,1.6349374117556068,0.10786793969914037,-0.4144329970392675,-0.8323850748011968,-1.0117668896185337,-0.671707620696732,-1.0721727467385385,0.09476430003313703,-0.8932138658540714,0.3094789721262068,-1.2377850471125373,-0.676498999543295,-0.8832046262377179,-0.31126793038512346,1.325744452915408,-0.3157762312924782
0.9035698511607766,-0.6281779797409641,0.6427250720950647,0.4879120984106005,-0.011001906456488226,0.8288740904199849,-0.25121977036737425,0.4461314894590679,0.48082176491355044,-0.0747796352321989,1.0055044279418375,-0.08171278664162006,-0.7671576734367583,0.7288686068535838,1.6506051845700205,1.6818913852377952,1.7523356518637303,1.9749246160566316,0.6406915977505503,-1.7732766413296963,-2.9021562301045334,-2.6093374919081436
0.23636465851687657,-1.4554071341936303,-2.941163285473421,-1.605518726772228,-0.40871259205903904,0.16228860879379156,-0.17656446573306825,-2.1839262678491154,-1.501935905084569,-0.20900225248940146,-0.9110365473763011,0.6870717090221001,0.8352187182833395,2.2689601800609127,-0.0661294038275658,0.2574673318550019,0.09687908924346844,0.6717183232807058,0.3707006536174385,0.04380510818288319,-1.3663653228999932,-0.5983340604088166
-1.4140337320989957,-1.9054786432478052,-1.199263280331792,-0.14820270757536066,-1.5885415417152178,-1.4704182500358276,-1.3205080607415511,-1.132004342012158,0.7924824358995967,1.006223816949573,0.07156727458266425,0.05508962385730362,0.5145981486353076,0.5880223934291676,0.1759351868226474,0.4345222743655139,0.1413633301536348,-0.25778007099851163,0.7135776064075602,-1.7180441339771602,0.4960936979616912,2.0022420257418956
1.3504322628487435,2.6116437642710273,1.3602249933150456,1.8020909509497998,1.3247798736511738,1.876303147299418,0.24344645782649332,-0.38803291478140517,-0.9203808286577608,-1.888241566715851,-1.4686236030126503,-1.7920314819755558,-0.34309832613043606,0.7328590745761674,0.5575792151280075,1.2485615593386779,0.7001516512667054,0.07837251648315764,0.7331887656033147,0.528927277909206,-2.049919262112866,-2.8479617920745954
-0.1500666326843525,-0.6478113019659603,-0.6711913200102277,-0.1979195477685887,0.8435070325951887,1.3834948780627023,0.44223887743920975,0.3753411289167848,-0.6536259373327208,-0.43826046211800906,1.5862210429537955,1.4795143877408494,-1.46235590451074,-0.8927956971833201,0.8460595305204262,0.900864057434033,2.37582261795227,0.37809336901462237,0.7556025777398448,-0.6768630049564917,-1.0437330304150834,-2.538642028072435
-0.7852046953985513,-0.10012386505756396,0.898825796490183,-0.5429514158292325,0.028435904316629776,0.6991313329394481,0.30977574881795433,0.8170627843037691,-0.41581285791460754,0.339258712130821,0.33128055589712546,1.800282844171796,0.6936239849916751,0.6044920349259193,-0.9020121794980241,-0.3827528207636316,0.7941594093071973,1.3906664163356532,0.3996945987868931,-0.7794903620092406,-0.2352913628500839,0.6929688406667665
0.348337220065485,-0.7651108284610239,-0.8411641277104474,-1.3623373126799085,-1.7035352455099761,0.39327673185735285,1.6467546763727587,-1.2402256739542366,-0.18667168668078785,-0.3774365801157875,-0.41565516535847213,0.3579481579575584,-0.7704973152020528,-0.33547724580617555,0.15607575222822145,0.4466463582269102,-0.7701469567617137,-1.1946162438188612,0.22139371948005557,0.5807994708707696,0.7258539280083462,0.04182438992653431
1.1200424059491743,0.8273609956503815,0.9367948310368318,0.6036310803074504,-1.119482037804035,1.5990435024801828,1.4904692592274804,0.32518463524098845,-0.4693012108212056,-0.3434925410072559,2.1822123277437653,0.44528839562257305,0.09028368006196959,-0.13861625556279528,0.8140250698495735,0.44641537406096715,1.6590786953417542,0.2449359156190096,0.508810906223918,0.742396934843813,-3.529324410945634,-3.590959429103967
0.5662383387504693,-0.0886773321382756,-0.29094378741472904,-0.9749922798910141,-1.031060577952076,-0.829701128241479,-1.544723405257439,-1.202641219175829,-1.108436142833364,-0.785847686181041,-1.6426364622792946,-1.5263809208994683,1.309745943017902,0.6313681366312274,1.2379265711593628,-0.652841772652219,-0.6571696294707772,0.43819891444991554,-0.7267820653278669,-1.0179562026533207,2.1441670511638615,2.639511061158391
0.1934244609377319,-0.49347569768946975,-0.7255683880702998,0.17434668525070776,-1.0463688129137219,-0.47446947314715154,-1.0558914553725756,-0.25689836735771104,-0.009929297467447397,1.2875310774457622,1.4408405841716214,3.0109006720342912,1.3677394119301953,0.7331067426218849,-0.2988517744994047,-0.9802483520213421,-0.7404549499593107,-0.4422478946963487,-0.8274780231677862,0.3820309160278318,-0.2922295788883395,0.11800771087952518
-2.5482006792864293,-1.3424729718486064,-1.0489284577328077,-0.13555451557646434,0.25662228631661427,0.06866660675238853,0.1791541950062311,0.4127976491784292,-0.854552710932156,-0.15675126803695222,-0.3498393897652327,0.12560993697615247,0.6342522272581507,-0.22962452844584214,-1.0486235037659228,-1.2258454135003782,-1.9733045663101108,-0.7656943592041489,-1.656469070660391,-0.7238325395032069,-4.657948913714645,-3.921461132609137
0.2623582968147494,0.9095251140769303,-0.6416158777304687,-1.5930223371400554,-0.16428074687113892,-1.2262254181090564,-0.8807100721586332,0.6440401113132248,0.9229559204071656,-0.35407959936744854,-1.2859973260289026,-0.7906120815435089,-0.41870516817458,-1.279380028885745,-1.2807637513946275,0.28333289389869815,0.12588320304643538,-0.6203734751967097,0.022442962641387225,-0.40873070727603883,-2.8238281535496457,-4.206740034001684
-0.20449295602917225,0.21904869931247495,0.21685755833539452,0.9884846721726659,1.1851130414150552,0.41362839162490167,-0.2101797891248865,-0.6953365371776841,-0.7596396711751537,-0.22144973764540524,-0.5749294046899183,-1.9590000358979105,-1.329051567636187,-1.4655903176828404,-1.579979784669534,-1.072089223862383,-0.2666400187544065,0.44812560978849486,0.6621931057418632,-0.15712525727983004,0.3578193707304731,0.276600770027083
-1.5811801901639797,-2.20773784887428,-0.93631582348463,-0.13130432375567197,0.799351309408499,0.29603378577418743,1.0092889646265164,0.8403308993554595,-1.116691664523681,1.119256226548777,-0.10464565652987708,-0.13346107448797281,0.5657111049986076,-0.31514520598014567,0.32315728893042134,0.05079754714549638,-0.19168036024133114,1.041101344928814,-0.9278054306322894,1.0838172491095541,-2.7111185406186644,-1.4249847892501217
-0.28439753036892435,-0.29894044788490004,-0.760994044656001,-0.26334536297381134,-0.9421685887194686,-0.0037571000812147834,0.4548353362996144,-0.5365698980209559,0.42165217931060445,1.1322497406737648,-0.6223097039195705,-0.5670630823110548,-0.647530360565872,-0.7278588550604093,0.7991149652069587,0.15740947101894315,1.0886092689750013,0.6501123059462084,0.9028915572327953,1.7945758772637554,-0.02193906909535981,-0.168130404400744
-1.1783568274492509,-1.495852706067449,1.3582975174793093,1.3547235158120434,1.7550708047906698,-0.09525879684128653,-2.255373721068834,-0.6884373996980124,-1.3310233314467557,0.0618962740941593,-0.29629138215283324,-0.978730786741408,0.18207930111196735,1.9105033345186473,2.909997316897543,1.1477958471560772,1.475247393798191,0.5666204310213057,-0.2730421087046191,1.4987592322199106,-6.436949920424117,-6.296402635953307
-0.6403880019864896,-0.1929194939735725,-0.5614216919806163,0.22095620055992093,-1.0110774800675915,-1.6040447756126759,0.09832300334266217,-0.2072657934985954,0.5160336911285798,-0.3380870525436369,-0.2452835457665233,0.42122293005426553,1.3470760360148968,0.6558876475846681,-0.43822344479113823,-0.2010357866366459,-0.5648887665509309,-0.4844478610845891,-1.4173483134517746,0.5055850437681205,0.5959741304439146,-0.10165326261246979
-0.6907864976065351,0.8056029044147347,0.32448802126562515,0.5976722381143399,-0.023410953471077935,1.2321026258944572,-0.3536112783128256,0.6425612091629317,1.0502784332806907,0.7586136325248637,-1.106182760919435,-0.12540578735717037,-1.3506429622703082,-1.671850793147947,-1.353040329898682,-0.40779716655043696,-0.3571286411560993,-0.4215988317550439,-0.01217316323186909,-2.0350943146199043,-0.6054842593910661,-0.10030005446128104
-3.1727383575802754,-2.3161996325894196,-0.7251953483621444,2.056147407380258,0.5061647320906877,0.4248341312411943,0.5628464002281077,0.8987766854365097,1.3979505443128206,2.90214450573938,0.4546819470820698,2.0242569424489467,2.5706143161066777,1.7139612870599312,-0.06653723550775417,1.115366968768896,1.2659446039633275,1.2009093664782202,0.29600701073433444,-0.8870718986186085,2.12578497618423,1.4906155395081464
0.3933604010455629,-0.12337248698736107,0.6060852570869503,0.6992499928992828,0.07088008951355285,0.15199710047108111,1.4733836199999781,1.0127952765994046,2.1378022414719386,0.09990644987164722,1.639144042615895,0.6947377648238614,1.7207730625981157,1.5359503750374623,0.5405139785055294,0.8224172129530757,0.5118033215014844,2.3151513014290908,1.3496248190679065,-0.5634600395416317,0.4076598066586328,-1.0681249783106854
-0.9587965660205274,-0.4400723741031104,0.29925523304637536,-0.28126320266226407,1.2577825421062088,0.3358259766189403,0.0721911058608819,0.05629794406782228,-0.18400439081503636,0.14268752419005248,0.13633269046115046,-0.41280122403486147,-2.3425261639753874,-1.9607130019277064,0.5157945237105724,0.6704798040448694,-1.7100361519622256,-1.0307764744613657,-1.5154591452566317,-0.16083183600452153,0.2899278705331435,0.8720675379493918
1.7191817665882567,1.3427265905050942,0.5803868508736565,-0.3909294651259645,-1.0289948644276672,-0.7730382222570098,-0.5551128295651789,-1.6018615555249998,-0.27595336727477676,-0.6134061837370125,-1.1887988897407507,-0.6149744240186212,-0.03477847990337773,-0.2981958288714879,1.8663087054967002,1.755541728882321,-0.25326564976994326,-1.8391697014083181,-1.06211871444951,-1.1303362571222795,2.4912122371102154,2.281418918410386
-0.3166639332878034,-0.5755549775218087,-2.2473609166481934,-0.9565980725493901,-0.6807366427448115,-0.879767842182128,-0.7809957393914775,0.09983859514966882,0.176207035410137,-1.1704954895420634,-1.0057991485520774,0.8986630570878514,1.3713782793966942,0.7264751857322073,0.6334881663210428,0.4171876093843772,-0.03865222276479623,0.2852694450533112,-0.24286937253634266,1.1901180447203195,0.20422885031684335,-0.12769046325341876
-0.476057357524379,0.12462360707856296,0.33771208412905224,0.01916407190380698,0.846031341725479,0.5400270839068799,1.2917700551926181,0.8079214038530558,1.1410399386518262,1.3356426201408198,-0.0645028458484205,0.8820441393013154,0.43665933880484376,0.18453455045738512,-0.27660816147569867,-0.2733760757447333,0.421029302033142,0.06195176828685827,0.34004904273213377,0.02364272625600637,0.8004478343937895,0.3779817634835225
-0.3471789542434039,-0.5919003342029736,0.23805811419791428,-1.241370062684177,0.9756919499867542,0.41143499621210455,0.3932360522672319,-0.2456257920666793,-2.404824222097143,-1.20950766565772,-1.3820019415178568,1.3734514372436786,-0.9491210245708347,-2.850897097445014,-1.2331567870299505,-1.1684061126522831,1.0370804752965526,-0.6660743599656068,0.972241233511898,-0.6192664770335785,-2.582503592418466,-3.995459170606102
1.676505777276278,0.7156066015828102,-0.5900800273160217,-1.0086040601678385,-1.7000312789209417,-2.6081407870408913,-0.7285370179533506,-0.9753241516847321,-1.7448443799467621,-0.8673478368215948,-0.6849185097207203,-1.1617524202232572,0.08190850195964305,-1.8721259343470373,-1.7299361588181978,-1.9827152264121362,-0.4084705975894598,0.6261742069130734,2.5228513481652777,2.614720606982273,-5.37575706597876,-4.912085966407128
0.6670507519576089,1.013954738329586,0.17812129215684966,-0.11062523654460356,-0.1066310087332403,0.29841083513859346,0.5613957048117065,0.28759552155991763,-0.45829789227438816,0.8377843698859845,-0.427104815569362,1.3110197003211537,-0.07291216391852245,0.6821080706824019,0.23941153176317903,1.2638789046238286,0.004711245504225104,-0.6630898964724625,-0.015539645095319308,0.7468785413264724,1.2385323320494073,0.7279435828255123
-0.004028357896511795,1.2514516724098474,-0.23397292993849012,0.21562325996041012,0.07849983697611715,-0.36104921809134816,0.5212067047194392,1.5693129485471646,1.4816211544518019,-0.4669182642934239,0.280967749577257,-1.640323449600969,-0.513458804979874,0.010208420541818499,0.4649018337763492,-0.77648399754633,0.46431272872346235,1.019225088316986,-0.13116308223017248,-0.23230149923866544,-1.1761022320809622,-0.829363919834305
1.2902999945048566,0.0877154356586856,0.43524833544342134,-0.18753665296599878,-2.062433267819283,-0.5404923765720743,-1.064823418640344,0.34996769599378286,0.223633534084029,0.45051773729215144,0.5116480366440084,0.4380521438840706,-0.7463930045546975,-0.8274052545777814,-1.2418566721992434,0.2506075951736143,1.119956788686748,0.9905326975538872,1.7297652532499492,2.0107607603307467,4.370690537978102,1.375959441143597
-0.2270935472809048,-1.151797644690727,-0.7658337243143344,1.1412797659913867,1.6803484660850256,1.5349314227799613,0.9763240728538655,-1.0746262152655461,-0.4326927993869748,-0.045885567016011646,-0.24185218331862413,-1.7250249606083992,-2.2110093974523912,-2.8029021632611624,-0.43758830520393605,-0.08205880001540901,1.091465730088655,1.0615870451644136,1.5291527955812687,0.6983103296403881,-0.33307514665546456,-0.47992797243721086
-0.9803961799078499,1.0677400120537803,1.089895255274862,1.1324624024119492,-0.39237095524163695,0.8777306258957334,1.0481322615145767,0.8166454812850187,1.1174026217388209,0.9301905821665173,0.31843013472025156,0.44647916467731424,-0.3574161300536258,-0.019059684272083974,0.5058765107860151,-0.35142957936177394,-0.4117502832411005,0.47758411144529617,-0.04115916130358332,2.0221100266202128,-1.9043132426378384,-0.8816072922830681
1.1831139254304748,0.13331537197570723,-0.6355046967973949,0.3561203903832376,0.012658208262350023,0.5071879579736276,-0.45200293198562375,1.4769661089615176,1.7081227326208703,-0.35592869264400345,-0.3334416129074686,0.7020431890136661,-0.5373547119572365,0.3510026407519305,0.7797892131935918,-0.469116522401309,-0.8590672899905517,-0.4673133369881991,1.4875921559184324,0.797363322427251,1.4274893264380377,0.7815078895427879
0.2555291803933967,-0.007484008763083255,1.540251233664034,1.5578378987124326,0.22917478232595587,0.5893398731548469,-0.28251941832526306,0.4285135265292489,0.8265866937997541,1.571556451974116,-0.9292328749836029,-0.401005841927043,-0.28819703059669893,-0.5193232417265995,0.052137229613553215,0.29286323128021075,-0.44112437550240813,-1.0488650765159422,-3.2735467832389253,-0.9111686079466661,0.3852906127445321,0.3039739298004693
-0.8620162485386373,-0.8901214847114337,-0.7601329871478351,1.3689769261639553,0.5189548365127317,0.8274876276329782,-0.008708704293802256,0.8418589087040316,1.121573885816961,-0.7270145912903476,-0.12657088852786078,-1.0475714159806078,-1.371210377818227,-2.3402770410715767,-1.6587465898070295,-1.920389327467955,1.0083134107918121,1.8533676522400853,0.9327931973196256,0.7283850943357182,-1.9405090393298408,-1.9867461953289494
1.14794534812228,1.2731366301647997,0.7068024016230886,0.7564212432657862,0.1207288670473151,-0.17353642829204677,0.7430529558222412,-0.859704962870929,-0.11166470887630199,0.3822359172627189,-0.22541456304979882,-0.0211449516933274,0.8633235043519543,-1.1604429043827282,0.14834727863198738,-0.33020966001676794,-1.4586662520347682,0.2802605622250127,0.8112524907985571,-0.6511623696287253,-0.8265949872419869,-0.21115070710301137
-1.1429450870308677,-1.4047465999905704,-1.167037815318072,-0.5653080420240502,-0.48678046158361604,0.1217493243868842,1.5755653540788643,0.8608729046883766,0.7700705622199954,1.194385012454634,0.7555039814307702,-0.528943248022455,-1.2049709328392153,-1.5539874372282707,0.6410064072864147,1.3123446861327206,-0.5372411339732946,-0.6448974645313941,-1.8328106099170764,0.6077574848480795,-1.7613314981050219,-0.9987182010232702
2.316168282988752,1.8056659380654223,0.23422424068586087,1.0827773261846299,1.178831325409714,0.24178520621804275,0.4938863627905398,-1.160112130855969,-0.2050029898396499,-1.1434400756244254,-2.676232945908759,-2.3363350360509494,-1.1809962393395288,0.25563826785422156,2.1690848391934425,1.3596707334152707,0.9466942356539276,1.0245218626589099,0.22865948075342307,0.06398820310863508,0.9640600916731634,-0.3008177972250945
-1.4084428665803574,0.06834824059000164,-0.31183273987744287,-0.01418771070989803,0.08372137445290613,1.8308633126210545,0.7201682841964043,1.6895449839418963,2.135942499573325,1.089426883089478,0.3874370403955349,-0.7033261681293047,0.03367069186382758,1.8941938430956087,1.793587874493157,1.6852860441359363,1.2750843689883988,-0.8573410805420861,0.2835959277864688,0.7416310218367537,-2.24387270235801,-1.9154847968407969
-2.3162097984667382,-0.5952867179894741,-0.6677257593603853,-0.6048554960455261,-0.5421126368303912,-0.3515988371295342,0.5020072061116777,0.8979391798341727,-0.7894768262894735,-0.04682056206159154,0.588931060777577,-1.3979816595276575,-0.3716134777361117,-0.46248940776076186,-0.13277264798452798,-0.3747099094286227,0.7228843937354288,1.0033724867400293,0.24301495047657215,-0.0591303431952106,-1.837084427928096,-1.3901865976501997
1.277296157932541,1.4407419373190464,1.489684375023266,0.8506015258146371,0.4151067529756981,0.6895544927718813,-0.656072124059706,0.584277806252027,-0.3517721283779049,-0.5101151006885529,-0.37209665822422916,-1.6518292737624698,-0.07973086489016772,-0.32453971372946605,-1.1782947371625163,0.6971819274825776,0.7006674889254897,-0.1764976163408499,-0.009036289888639179,0.7823722219507377,-0.684702270777301,-0.012693871454752426
1.3458110847595246,-0.17058246085622558,-1.4443305514800286,-0.48141245962546747,-1.4257144994992677,0.6583762307830786,0.3062338773161035,-0.013683817168952016,-0.8011640519716686,-1.5637061461988095,-1.7796563755213575,-1.5010554708304469,-1.7803952227401523,-0.9699950029244023,-1.5072204561061577,-0.7530161495801128,-0.8738345339274005,-1.3305260235875491,-1.1751669015267914,-0.6250223246476762,-7.2049037079631795,-5.22955201008967
0.3607949503196418,1.0020191853791944,0.548967685666648,-1.8220182983137791,-0.9635335013440713,-0.5937184321575539,-0.4164661083334147,1.088193444909449,0.8657285068604622,-0.03808822267568758,0.12120968027312025,0.4988955366159721,1.167484228409136,1.94559816920631,2.8569553767643803,1.7857988883921065,0.38623726737514996,-0.2075364925810997,-1.285741044884318,-1.8535393767205155,1.5309462346028502,1.7391333186607283
2.274170062235064,1.756429757248619,1.6258268320443223,0.8234149862487817,1.6683226839035894,1.0770159044301035,2.5748399229486134,1.0129682312494206,-0.7411018411835106,-1.6840790130304284,-1.7901496410533664,-1.0848496894040205,-2.3087184907570055,-1.5838051284180126,-0.46669647840326167,1.3145223329672564,0.8695219154965205,0.975422859815374,1.0239216965356162,1.2312417786424315,-4.000005672727795,-2.9149496189840294
-0.49051406126052044,-0.8334119420770725,0.08775481437153065,-1.0283753000111273,-0.2791892068694569,-1.3175153761959337,-0.2013722417927909,-0.7003466736499345,-0.5621208270987995,-0.7262727562087656,-1.2000098310719434,-0.8488091656190219,-0.25623559865756484,-0.8847643680355193,-0.3346176757281308,2.476209568797249,1.538363337320101,-0.632817214828861,-0.9219688392326688,1.581739474227786,-1.3343949320232003,-0.8427371188390732
0.8840209224134622,2.1684616084990753,1.061358027734043,0.31857876703281435,0.9587879089344654,1.1462656086346459,-0.8382667151184924,-0.6443743191557644,-0.8536507570649509,-0.6022869144104095,-0.415171336370668,1.1849654088516592,-0.006686028783280547,0.5080791751372675,0.20570798560621753,-1.1417348454604677,0.20313775102821596,-0.39752147650046626,0.13697709177494125,-0.3377211829450972,-1.289099278530376,-0.04483694225205331
1.2575789581007215,0.46729052237605234,-0.2593397505441513,0.8224814299662158,0.680511822422058,0.891341276384067,0.8579753683077703,-0.4783085282862773,-1.3791488587742593,0.15210280770067428,-0.013769013190440844,1.0227753397735857,0.8745006922560634,-0.6540655994110198,-1.6762832795380456,-0.8333493814262456,-0.40699626025634006,-0.08377115200907638,1.001291246785933,0.6433539043313993,-1.39806367452536,-1.5840020755183373
-0.8488265894463609,-0.7772693580648591,0.6339989489996631,1.6520269126847182,-0.018492763446595846,1.4844918682212038,0.7625204272993744,-0.38559295694279233,1.1657796090664705,0.9497525062476817,-0.3426058681766992,0.8136522250787502,1.3448506228375319,0.8141779208538551,-0.8342239994466787,-1.5019927578460435,-1.5171163931011309,-1.513007900614266,-0.9067251370966345,0.49327512999664963,2.6563533087948628,0.38792271079857765
-0.43098410064283704,0.9190073967221076,0.6383503046234459,0.21407841086440446,0.5818139523909942,0.5756709332752226,-0.12220909355332657,0.20861638583636916,1.4583351888342388,2.029795006914456,0.48061501689567726,0.02293263409265373,0.37887718604221654,0.5222868991927416,0.6715399642376108,-0.5642272361800448,1.2603182198025036,0.35540618972868326,-0.061516677060467595,-0.8786186042659745,-0.1077126419559814,0.5280954381882329
2.053231574052642,0.5805982320997245,1.3823186602718,0.8898992129728729,-0.14941161070711287,-0.617920734754368,-0.9964293364172824,-0.7072468860911066,-0.6717426378489929,-1.2734200211319917,-0.16042904684480477,-0.6711509619732686,-0.5690055637682587,0.5882751773216732,1.3716563853344215,0.8383038814412545,0.8451015379165466,-0.8865134197606607,0.10464574311207459,0.6936149720945175,-0.3989425043855481,-1.5970368343996333
1.337445592148579,0.4597614398874711,2.370892448609566,-0.33980194597209273,0.2567513187473721,-0.1704545786993711,-0.22443335412801171,1.439184357890208,-0.04153062292514066,0.19328891890554786,-1.1842989366563168,-0.5310506020586723,-0.5314931313317639,0.4161660010512644,-1.117595715946817,-1.175976517710163,-0.007631192148157918,-2.734812406523166,-0.6968371791336886,0.005269624481092471,-0.04402519803694771,2.460013327815206
0.7364409296641505,0.4058296615162623,0.27838267385036425,0.9504986972376802,0.6421067162756618,-0.9091293297444544,0.6267347924658181,0.32196136879566895,-0.9344575873829579,-1.2942700733672015,-2.393132264077543,-1.4453169733810207,-1.243607363174034,1.2201541320865033,-1.0091589394243177,-0.4498030895526845,0.5911758537001679,0.16925840446402163,-1.7097887817774429,0.39221038609060965,2.626271448438697,1.4741237364624953
-1.3743354027518857,-0.7721006680297043,-1.2450888495935895,-1.6708211681438112,-0.9772670965737769,-0.5000220070987907,-0.4696571276058617,-0.3495453366059217,0.7503942761252159,0.7182842527163643,0.35711624491332816,-0.21748255336969183,0.1803632370189449,-0.4106904781090939,-0.5056590587930074,0.1394172798949102,0.8344002224328843,0.23441486378208135,-0.035011147948921434,-0.9181094539188176,-2.298319372419302,-1.7068984130499367
1.1163917938750318,0.773043791369484,0.28038043176679717,-0.5946777970023892,-1.2218653457427522,-1.9351048444928922,-1.5009304804541934,0.33180664097011586,1.6974329180984666,2.2106031662743018,1.2253786879760566,-0.14830094308859756,1.8605561858447526,-0.1402298803336092,0.5543680558315814,0.18276815208981081,-0.22318770807706204,-0.07969633417812672,0.9435562146576066,0.8192468062058796,0.38267281653879825,-0.03982573588623975
0.12536260040740413,0.41579189797548927,1.7402986087776702,1.6096491047291852,1.678912788127313,1.3020961301032734,1.274079240152977,-0.22682227392091706,-0.38244087065556065,0.7486175214914267,1.559642254612605,0.8025553751692804,0.5245385869665802,-0.16826457648922574,-0.1486816391018406,-0.7415420781844583,-1.4197623119849299,-2.4146819913025714,-0.7248864541679255,0.16521976282712098,-0.8891426349750708,-0.4013556180377625
-1.033840468899117,-0.6602932715094391,0.4145144228199906,-1.788970051904715,-0.037877042965044495,0.8644454494828765,1.3635623691041057,0.5069471297443523,-0.9402474250536241,1.3901427926707528,0.13264356070712105,1.2473149704423085,1.7789817852988459,-0.788613756127405,-0.029577823628787837,-0.0057852355180538365,-0.338464705681762,-1.5378706779847082,-2.4634763571241263,-1.9107028901223604,-3.56391949886902,-1.8858118517860925
-1.1320039647157158,-0.3749630869420049,0.06642744184422293,-0.21497304948751975,0.5383733940626972,-0.672231857309919,0.17081904459317443,0.11519448451853266,1.49222334377562,2.5241256682973394,0.8898615103877019,0.9749461465269078,-0.4263970638598075,-1.4843313501991022,0.6458312565743093,0.7908183545109091,0.001396910958625984,-0.20498076578118038,-0.4430303619217072,0.6413276455855182,-1.6961046802474802,-0.03559522168914765
-1.2414728833244593,-1.098542640663588,-0.43592897201725905,0.46239257298374026,1.4492646245575362,0.44470331595161283,0.8833254264497371,0.30161853919583664,0.44704888136972015,1.193133482223803,1.3525530101889383,0.3019187166279509,2.8007972203875138,0.521253471300599,0.39648611551018276,0.1595893210678691,-1.2324288423897274,0.11048655629616207,-0.87026294030109,-0.08545625312839376,-1.1546426683991384,-1.2509056068258932
-0.10689642433771072,0.02634289320340067,0.5220531637191511,0.5655355484859717,-0.2251780962258873,-1.0666795835357772,-0.17605067051657922,-0.931208248791775,-0.7495928509178381,-0.8854540659003889,-0.09729117007743601,-0.14646226078164765,-0.7078746959188409,-0.8685660453095985,-0.0791664798999577,-0.8590586192684038,-0.8159876174955148,-0.7661163932982471,-0.07630933094114736,-0.4888724982936666,0.7126826961747048,0.9549945611612519
1.1857172238788445,0.18288536821428067,-2.260400861305243,-1.898357965345498,-0.6049814370816684,0.4285361822060616,0.5790801138710863,-0.0355248666532561,-0.9779833951915727,-2.3084370448517735,-1.7029483732388635,-0.9803273394284832,-0.41220479144505456,-0.9973568618207025,1.4832413960900277,0.6835997471504197,1.5077683896932588,2.5908889981351564,0.5767855584415011,-0.10273396985515684,-1.7630741860917625,-1.091235914839071
-1.1444146791765402,-1.4658512020771743,-0.38921164563888405,-0.03632095410941136,-0.8860279334437668,0.29656046192802504,-0.4679572070918512,0.024039648418227148,0.10386104774721126,-0.0519620316821395,-0.06875313481581825,0.12952359504078872,-0.4490870706293434,-0.5257757186567568,-0.09641264103710687,0.9181313858173541,0.09800892274155054,-0.10589561438933463,0.7220202364129702,1.69330398134549,0.21545755202606076,-0.767245653379534
1.3910385349316297,1.55789485738571,1.731559470486851,-0.24449623175880242,-0.05341823272772755,-0.2032690621895689,-0.543076322249448,0.09353568689103775,0.6705469391525261,-0.48213741678785255,0.758527850561655,-0.27777658622381424,0.20924196755188562,0.7220175870570911,0.18422037541536568,-0.8355582417305529,-0.7837225951658621,-2.0197602920618354,-1.993650907678501,-1.506928462800364,0.41487917470389546,0.8577471805480755
-0.7989369645549277,0.6183542561114721,0.3320912031265217,0.014970660580864836,0.03529661351100878,0.9629746934707905,-0.1125111696726139,0.4346693146964431,0.8537734459769483,0.3986631739154983,0.7105065255568968,1.6644116504323163,1.309097843201309,0.5717395393252936,1.5597969731998973,-0.0008977906322789335,-0.45641355413650175,-0.054897967252319775,-1.338482937734873,-0.8925049214862,-1.176907965787692,-0.4660285617237188
-1.2277692415806556,-1.0477730060273944,0.7264276531553967,0.08405541310390001,0.7441850996041502,1.322943856236692,-0.4334842561777059,0.8702834363398996,2.131245623040302,1.242152318471701,2.0119784153093985,1.2940677888948644,-0.10819722481244955,-1.1257680899009843,-1.4573430094850663,-0.6946372908730646,0.2049429406238244,1.2331307989861817,-1.1115689967201126,0.11541282303804436,-0.14161727502654753,0.6325659427249367
-0.13378641197260235,-0.3408935579949587,-1.3936625681715418,-0.6493125467198918,-1.5327852221305167,-0.2511733375765307,-0.892722425327286,0.13553540501380248,-0.5377703009855126,0.450195791963684,0.8859392789423692,1.7299778641614976,1.267715864354948,3.0133412061709897,1.0572280029870034,-0.17022803878796064,-0.4693731319272567,-0.9893285357513454,-0.2503978166163175,-0.044629207860464495,2.08921797502681,2.966877127181136
0.3631367750380027,-0.4348637527529507,-0.5341514653202414,-0.3854606730284693,-0.6710302555082241,-0.7723800933454841,0.22411368144089205,0.7269391003911698,1.600019637356094,1.0891247797419996,0.11629453703477094,-1.3067615217358783,-1.0504323034905536,-0.34751308615105736,-1.653497689777485,-0.9254825166875476,-1.70933377286328,-0.2220756713905248,1.4825736963711553,1.7247897783386312,-2.1640120593645977,-3.020891061083515
-0.4085771009800344,0.30379420087902936,0.3303984268955124,-0.1316252574556324,-1.341224244991427,-1.3003792906585872,-0.5563580767531234,-0.015305432212000465,0.1990001808088441,0.3119815404016678,-0.3990176203637686,-0.7363346823835248,-0.387016246672694,1.0531718762380595,0.8271249011491405,0.6021544164280119,-0.08761899884722336,-0.47257355822666686,0.13825307049543456,0.4815942765864163,2.129225518385366,2.1323227982578867
-0.8148008571620522,-0.958574442554495,-1.4359179785692082,-0.77862067970102,0.2834062225126607,-0.3154605295971205,-0.7730454636349099,-0.984711838159163,-0.6116539408202669,0.03003111400405549,-1.3004068971675349,-0.5178062583802998,0.506099727098019,0.8945878910341764,-1.0028301244091937,-1.1436607090647142,-0.453174417743036,-0.584631413080338,-0.6340280399423274,-1.2325710511888486,-1.6910679854603683,-1.6680047809869276
1.2360943729578604,1.5825008345345177,0.998178987944104,0.11412117213150037,-1.2376936781113281,-0.47258595395304026,-0.835956816122089,0.588246623947495,-0.044278143134879634,-0.4594855320535896,-0.3619184720833138,0.4610573728742345,0.2498608284538432,1.0605094611138366,1.3107932496993555,0.49378771803588906,-0.6766252436774779,-0.33420817304972983,-1.1554543411445213,-1.8225382236626126,2.675237350203135,1.2593646879047282
2.361771544863756,1.3409217423130462,0.2316506631661726,1.2166516445844513,1.686735288994378,1.2693984474433053,-0.05289105871608434,0.5576498025144971,2.2520495694276264,1.5947649997832063,1.4694882193075345,-1.2893908200244608,-0.11915010280913337,0.6774276203808934,0.49033584783924783,0.8273899903201077,0.7442471518470172,0.03592446938452286,1.6580034447039114,1.1752410709569905,1.4013473130501923,-0.05376251598313708
1.1244360801154718,1.2727262315603036,-0.5388624782603347,0.005499018274656492,1.069048191443576,0.6796121070937026,0.2906640814624705,-0.4161842170168137,0.42071145240039665,-0.8033528470895084,-0.6267565315212652,0.4170109695192601,-0.5843994831056694,0.05011370178919244,-0.537056079165754,-0.1541776833982562,0.3658710484616616,0.8874412663496404,1.9338492081575178,1.5552307365692017,-1.6167820014640213,-0.8477523077408208
0.3605208895293642,0.5193493816966006,0.3618519182458155,0.3857345198548751,0.2997556338042988,1.300296428589565,0.016917137456564424,-0.8155962307013296,-0.655176746965224,0.678348683685758,-0.7453186725718535,-0.23490355352140171,0.794265172940067,-0.3037075688881312,0.6449059618702763,0.21754141115493034,-0.037737838460476625,-0.7919184225975762,1.048165615205709,0.41107994128111525,0.2825480305322652,-0.6923245898416279
-0.1586911917044783,-0.2552902664779197,0.8878902630091422,0.05807947739146172,-0.22832007281923133,0.537436274670783,0.7705143746733238,0.7136213177749535,0.9499649469141731,1.1623897609673437,-0.31136913395338994,-0.7654511298208452,-2.2322475602562477,-1.510872990236665,0.5540289489864947,0.2627855019545569,0.714996096973258,0.0012757675494962802,1.533814575353853,0.66466609602728,0.35274536313104843,-0.13470970907768529
-1.359075446153499,-2.1936659373949263,-1.2549735664086412,-0.20288821031268484,0.13444043773388534,-0.92851567755363,-0.6606203415665399,-0.39551049743663735,1.0747534324505539,-0.0484369622951544,0.7848475742642076,1.052079347932141,0.38454529299966467,-0.7783363902586871,-1.5723249952499057,-1.4238789644781655,-1.3228880608941425,0.648797632435997,-0.6395625613906872,-0.008586897014525198,-4.318759431057939,-4.436296338902067
0.6002189510473903,2.315655472995725,0.9694399669537185,-1.0305268628788875,-0.6401869155157118,0.4176297237025603,-0.25961683933537116,-0.09939006504447012,-1.0382960581571767,-1.449858635097372,-0.17794291831238462,-0.5765598327572101,1.4629269511193708,0.27569401920559067,0.7603119480211012,1.9019905672817703,1.8244395796972241,0.6796001152054298,0.23085892101406874,-0.5663168299419424,-3.4084300684785838,-3.362080330800921
0.5238021487517368,2.021297189660834,3.2637527311296686,1.94238730644466,1.1369917759039752,-0.06837684864066086,1.004563481932226,0.7625137546914375,0.1521480335176693,1.98349902262665,1.0843151038834922,0.4700002327676636,-0.6924709766907886,0.6759545602467505,2.0731722732902114,1.9193813411052587,0.3432644772523021,0.6041262334478872,-0.1542127111295319,-0.4760756908801752,-6.338017987140084,-7.428275004415902
0.10856682767881187,0.9943683434543775,1.2529872785585956,0.04313512205320509,0.27003303676091817,0.5809052874534187,0.7040901188380005,1.3924071486756944,0.7113391954896349,1.9690836021797025,2.085871057752184,1.770091144583294,0.6922245304477769,0.7008521724854139,0.6526441196544545,0.8284746372576117,1.8666857335302836,0.8958711136150488,-0.25511321615642557,-0.5540770543756638,-0.36438690337011814,-0.2348784213163248
0.45447549504858337,0.6052824252525166,-0.020147793603667266,1.0176014707938406,0.1929059888389804,-1.0804070776312231,-0.05216461827470074,-0.06630236325796672,-0.24822502908038824,0.874014118988549,-1.4372350051414615,1.059007108135803,0.2358203435833924,-0.9820828889790001,0.14365306681144333,-0.9319249076013026,0.11260034594930378,-1.3956381760499523,-1.5071617523191936,-0.8997416157558316,-1.3212137569746834,0.3222312201115445
-1.7562329674773491,-0.5552876067160905,-0.5849730012798067,-0.8800757430559784,-1.9691917695195535,-1.360824140808943,-2.0918092136858015,-2.7331481439800513,-2.085860141228156,0.06642037050556007,0.3039291153040158,0.8986317065317883,0.3790782202393209,0.9045043567517155,1.3982819706546312,0.37736754426883107,-0.41087205494834905,2.204087109137498,1.6629138800569816,1.947939061298515,5.855492688004031,4.41776803451871
-1.2408453084994617,-0.022358066208395644,-0.9169148711480307,-0.2028679668248599,-0.22354406380672012,-1.0270560590194548,-1.74715152015626,-0.07903618930657723,-0.4698577494034228,0.696670493015436,1.8281323391640916,0.8197609000112391,1.386488541524813,0.3120763213040478,0.1505734146035968,0.08328621603609918,-0.2149511863109025,0.03121310454070613,-0.2011746307105803,-0.33794334225303896,0.9003729453057632,-0.168653690632635
0.4963655009967177,0.3191270065068145,-0.7123351510136116,-0.2790024887726506,0.1358671110480221,0.16442644699306155,-0.8576446745514835,-2.1736286317876057,-0.9727217279370985,-1.5877108046629766,-0.7432753547397061,-0.9663994235604715,-2.083290874210714,-1.398856612128363,0.19312090339060736,0.7206181373890805,1.6866084354899702,-0.0837095906486143,0.12902845444302252,0.1044689314336121,-0.1727559554624724,-0.22125206786369228
-0.07869500069066507,0.45343328110019626,-0.30172854416122674,-0.8807741797308245,-1.6134784075949868,-0.811501349057892,-0.5390248132293698,-1.092373854384885,0.6480923426803062,-0.9522701818769964,-0.5070889999696461,-0.23090033621998454,0.9469282323117936,0.10669987450095261,-0.8849861163547218,-1.3097389360049263,-0.8408024425520462,-1.047771665631419,0.721100492407559,0.614492959198623,-3.754761205894443,-2.256511085195368
-0.29491534777405265,-0.8172936275400747,0.16305284591643876,-0.10089093755102854,-0.8219475533605869,-0.03319622782896709,0.21319597357222939,0.9475301959878353,0.5523360158080826,-0.3116684693709707,-1.1622943353392656,-0.7078873033410439,0.06529601839603567,-0.8382681884642903,-0.2798934070762882,-0.7437655353232645,-1.1777172788086046,-0.9700064559162405,0.03978905185958671,0.7710263319373324,-2.0219745207842323,-1.9723150187874665
0.1482408882792958,0.3689214773880846,1.5112995858970895,2.4112557933020193,0.27410517589245,-1.0380428458080393,-2.3787441615283624,-1.9115368263395869,-0.9966803563129676,-0.5796092362243292,1.169552760805664,0.2188614194007908,0.816615903656668,0.3220053689381476,-0.2619661201232513,-0.9529346847988259,0.08842378590771126,0.5815504855955199,1.7459266221283578,-0.1468589948413189,1.6567513809121102,1.0509722064853273
0.20615123907001032,-0.1534704900349323,0.38504179030295876,-1.6329022134310778,-1.3435786358563713,1.0321277789367995,1.2654175530278713,0.7870017987771464,-0.14243105678956922,0.4041900959851435,0.3022102460521127,0.4486672853216569,0.36869299230798236,-1.0763519364410545,-1.2856938861085176,-0.06561545153915778,-0.26399883480487374,0.9250591840981379,1.0927732035875577,2.039921731210692,-2.763602796264621,-3.6482648941785545
-0.7418578466470613,-0.5493512021267601,0.03217551191442186,-0.5860369626425276,-0.6359625628104242,0.7872979143985359,1.2349075892104162,0.9144999636577733,2.136136286495535,1.816622658120124,1.7817641133552382,0.02551843918238315,-0.927112238059208,0.160572604618844,0.4817806966293647,0.6311596520780458,0.19190149090905453,1.1285146603848983,1.0440007326065297,2.508820775765271,-0.04341156459791523,0.22518123284901292
-0.1864272996813285,-0.8963695949189899,-0.7119237968360723,-0.6328716374525383,-1.3153917246098943,-0.6484848120828155,-0.5813388508924244,0.2040296971799053,-0.2133953877834822,-0.7873803972196043,-1.1591732172283589,-0.4940555589703022,-0.13846606103619427,1.5318615550099592,1.6501914757191891,-0.37705528765679647,-1.4023678734845468,0.34806035607096947,1.1716959001824976,0.5323477692465386,3.6708296621005436,5.801992692547906
-2.4087018900734276,-2.3674132701044717,-0.8401488281078824,-1.7345676585249115,-0.5961824308825661,-0.7373507593983941,-0.6471563185984365,-0.045280021099487616,0.4334767605949606,-1.7416885201121748,-1.2971945767189481,-2.1279655665775343,-1.300275289411619,-0.9592960916640804,-0.21319971567740503,-1.7026652067057022,-0.5579728457467761,0.9261962790647172,0.5421943688897342,0.29067275522145225,-1.713638360060397,-2.336767187446283
2.1741619491034037,1.6587989628440842,1.7390423210659933,1.5230948990995528,0.6622482301058585,0.2646450829782057,-0.3762407722078925,-0.1500809657067989,0.2440007762891651,-1.0633664405273255,-1.1897075797907584,0.7237347245000191,-0.43535263648707284,-0.6967953172647676,0.22639714903103417,0.787078652066137,0.762782093825283,-0.0212718700620653,0.8479214327046922,0.36448602121592166,-1.5474096146750802,-2.6409936636916904
0.7353560451992124,0.6551584818025186,0.24876706125270026,0.3143818583218895,0.21397500644623385,0.6524907302126548,0.32790050366760115,0.28191774035363376,1.3295620909893218,0.17255628914052337,-1.0329090248893726,-1.4425050833398758,-0.9374915166853289,0.29559358056547286,0.5967966449217114,0.23341409998220108,1.1200138141734908,0.4979212800956816,0.3589844703630537,0.5451860258237273,-0.4517678131327945,-0.1801437425555964
-0.7360412197973292,-2.165144047721973,-1.2892204781807637,-0.5470425816580354,-0.4170087730693116,-0.17398129714244126,1.176315723934998,-0.3022308901438329,-0.29102803773208435,-0.8889541268389737,-1.655441041380311,-0.7043452087691605,-0.2970696058731829,-0.6123931940459965,1.3017069940460726,0.13338023417642358,-0.06738001611563076,-0.9727344718107755,-1.4771553526325663,0.16804242538705355,2.449855157764409,1.6497914561321672
-0.4179732727973265,-0.10627746571108385,-1.4968305920565508,0.07605920913807449,-0.8499742663431438,0.25292640459991383,1.118191334573118,1.2227286154168786,0.6696717832675196,0.721980119556846,1.748940781397574,-0.4890407821503331,-0.6762110319856646,-0.01336648713070924,-0.9056537228322937,-0.3130634517657156,-0.5816115930241175,0.238406779621902,-0.1613408473003086,1.4484546634634998,-1.7588233289980837,-2.204612764891104
-0.17338893553345824,0.3554088539602329,0.34056741190599216,-0.10560665093810724,0.0786221611271225,-0.1657834939844231,0.0187052530873813,0.30202237184051944,-0.02602363063592395,-0.966203233005888,0.20031368795412308,0.6805691230845393,0.5876619090920301,0.5628691344204251,0.5077661237576814,0.713778925140476,0.8899470269424721,0.3802184551620785,0.9554395968437801,0.0749629177547328,-0.772422849435332,-1.215110689486303
0.22428627472869792,1.597442118017176,1.0632705338588382,1.3634450367700373,0.1084802996467464,-1.1485126703598578,-1.0849014005971152,0.06761717148702379,0.15990172617481754,0.5335542919609763,1.2555739060254976,1.053238888671723,1.8395409444176096,0.8625645164414291,0.1735472514108883,-0.36708781025611553,0.048284422923707965,0.571241323726422,0.19111364806278897,0.9191721673493373,0.881627444089131,-0.08447349185150063
-0.366565357532313,-0.1533739325467837,0.21471265020148295,1.4982565775642143,-1.290337214642714,0.18794343606218647,0.08736990172943428,0.6880759037213443,0.3706345705855359,-1.3278451018950852,-1.3000344076448906,0.3662759020829048,-0.06452874873698693,1.018210126729944,0.5212804025216821,0.9988408703703714,0.19243948522627477,0.09027267292885983,0.17007437858819086,-0.3931070552599302,0.8513311226286874,0.020048843824452267
-1.056800801658352,0.17845814684328012,0.338850056429416,-0.5515172490375451,-0.7499575013144247,0.047276890983960804,0.6690799055125056,-1.393960125332651,1.907935471206306,-0.41725376088259203,0.44881384278250397,-0.770635888050337,-1.0275277583195828,-0.5860115698475661,-0.9705315435882691,-1.7376864152407208,-0.2027302206983907,-0.060159486497051655,-0.16647340083072656,-1.2771847579013638,0.46352067200344704,0.5077334661725529
-0.5248115655254681,-0.3579157024478778,-1.4349605106610681,-1.7102059988278162,0.2217030994600748,0.17416023065671093,-0.26649704229277665,0.1969744074465021,-1.8946288607373472,-1.1539146142587475,0.08570989406086138,0.8703273174408338,0.5320201939383202,-0.6499511068745878,-1.8048643991242654,-1.0760967580196608,-1.3688858444283751,0.5692410807879715,-0.3946839889441798,-0.16920458450041737,-9.3564347866333,-10.524810005456583
-1.2764842970586854,-1.0528254727061752,0.030588798460121108,0.34513916333413924,0.3563274230082125,0.14243888645220285,-0.4752163857479464,0.4303015979166128,1.3886641994505102,0.35897045771661473,0.07114759821756761,0.18150039445354502,-0.6128235397601299,-0.3077788432175984,-0.850367639725401,-1.1049665087406708,-0.39821959411366686,-0.9632606108208551,-1.0520606122209257,0.046532937801975774,-0.13162746434093686,-0.0386652219921606
-0.11244857348432648,-1.4900483188920906,-0.49117816896043404,-1.3723289419424505,0.41600942530317564,-0.7766453040503138,-1.3362241860749113,0.13590839993744266,1.460826764315198,1.4682270453737025,0.03683172450390816,0.30477540112729457,0.4978872821142847,1.004626758831751,0.7828598260111722,0.820906349402284,0.02091778555306684,0.3097128661865975,-0.18973730581702353,-0.7793843324769288,2.737787493468551,1.2568205765755693
-0.09083916883548586,-0.16679572718389163,0.2500803803106312,1.401883164843676,1.4881904196293112,1.1328702775497177,0.3688164263946463,-0.14308436698192298,-0.9647668394063879,-0.18877250066103102,1.0267639797243249,-0.06507220141667361,0.5338240052266098,0.9293899329973054,-0.2091925602719026,0.07903327867672752,0.18536199415874213,-0.519227481692695,1.3031707383847528,-0.16769633864808378,0.13624221234188116,0.3858226206534562
-0.38305063185968247,1.5347278187137998,0.5565111913680277,-0.6036218533392699,-0.20096937716731836,-1.1334818483864757,-0.9593389022992862,-1.405741101642961,-1.090497690012823,0.9949640113889483,1.0596626205643398,1.12414683646148,0.9247402317270325,1.7471566001557812,0.6390710883893465,1.9249754642719894,0.06774212555438687,-0.5601675411684524,-0.7532947765701289,0.12282645844993133,4.301050927364329,3.0939125570339523
-0.05562737230930263,1.217776776420845,1.3013830617691928,0.8479821989073586,1.8289293059006826,1.75463316541494,0.5538757520221468,-0.6364341764684045,-0.5431133594091943,-1.030046089911853,-1.257173704591438,-0.026697114283985687,-0.1352752229986614,0.835613564075393,-0.9531472020655515,-0.448423950493976,-0.9579742250796731,-0.8671296354079477,-1.1999545279845436,1.1098547070696965,-0.6872581046782659,-0.2389015094888035
-1.1309162894757263,-1.0385956958512288,-0.3956154179563361,-0.7666036724270479,0.9285835383965376,1.5507638573440898,1.707636537173398,0.7160451952789844,0.8334819929185168,-1.6183351538748594,0.08862371595482764,0.09766280774108753,-1.1745088020166932,0.4003581866416357,0.39081169718434633,0.31794858548302346,0.0485058250781784,0.8738816274969563,0.6517844820675971,0.17600757446837842,-0.4842932934419045,-0.745831185694915
-0.2888394496840092,-0.32312594073262557,-0.7361540503221625,-0.8972641472439586,0.4585988218071958,-0.38074917154409815,0.14103904020964578,0.16721333355999443,-0.5040274893105416,1.0714806333588882,2.117992760857439,1.891316660020151,2.6148315469735177,2.358250962656662,0.919541524757322,-1.4712273383251555,-0.362555316874927,0.19025406541253131,0.5375543588137645,0.4646065294121859,0.4760079671508262,0.6645261143782324
0.21281992410771533,-1.0493098883535557,-0.7430239779179181,-0.32711061196805624,-0.3561677816804624,0.6592002804348118,0.5882361613265746,0.055375993826999405,-0.48459572111820226,0.6832343932270146,0.9472321542753189,-0.9063762022857155,-0.12416949183074669,-0.48993607417131557,0.507541104985755,-0.3636284522932835,-1.7439734137422862,-0.6739843834338198,0.21427532007726507,-0.5192814693124952,-0.12086370459202961,0.2693120654069414
0.3516734043398883,0.7480496551454658,1.909005773689684,1.5587915427763965,0.9490318977462856,-0.9841198403801223,0.71617011540646,-0.28760959065339653,0.565362897017202,-0.6125032217513205,-1.378156873068389,-0.4220899983963507,0.43572657841835905,-0.05008841598644736,0.5162339597688012,0.7673587896142962,-1.1708529371930827,-1.7445151841003175,-0.48157432988044,-0.25261781342060813,-1.198665985331924,-0.38632784568291106
-0.17606772106776253,-0.42963592678748014,1.1057751931143809,0.5920361467104754,0.7588520123048936,1.8262484917691595,1.138763793351051,1.3875337862819737,1.0721200377915483,0.7840841145264787,1.5932839303584398,1.5426176586048685,1.0596749308179165,0.7335221718539647,-1.1273252253752764,-0.5134519332558161,0.07752221647567391,0.27078967093390055,1.6465283548143284,1.4528668945363932,1.3180640074103824,0.030801142815407356
1.151080898616865,0.6647932406027649,-1.4648194317359138,0.5837738887522294,0.1901863251951835,0.09516571878648188,-0.7810798329853917,-0.013905725240683849,0.7626893426625059,-0.5575928721735316,-0.662751816519118,-0.004576504886506191,0.6121366715519384,0.8808986076805003,-0.3662668435317071,-0.5238604188236224,-0.46838782345054775,-1.3163379112281266,-0.9269294644597162,-0.9778977868574857,-1.0204345812464237,0.248881878792092
0.7105829417905466,1.1071298333454629,1.0466228506232227,0.8855502607651015,-0.251783323323827,-0.585695613858224,-0.049460487842918455,-0.73787787198402,-0.09911822334077729,0.6207192342910514,-0.5344477138762277,0.5701842907887884,-0.013180591996907718,-1.8013455387713266,0.5303520524159423,-0.9602771852781254,-1.6741309844851462,-1.8005617572049692,-1.5151856863428876,-1.4120986541243263,0.2822297828586722,0.19853396907965348
2.115037637089178,1.7904955074248117,0.7870017958546345,-0.02969459632267361,-0.46783410027705813,-0.3088246477595965,-1.0757270321111514,-1.6649273472917105,-1.0624106708359364,-0.2670838307186979,0.2927188069032584,1.1745346193897732,1.7055481130514358,0.26889794964533953,1.4234386040987586,1.1477605454069157,-0.27027302003434517,-0.3040100877669574,-0.6588107275419051,0.06242463164176698,-0.14265849603824254,0.42985619981672873
0.4835761036935478,1.0564225578583029,2.783913121673228,3.6423918139064555,0.9855547963758925,1.81222718711519,2.4148023051472105,1.4368786901315511,-0.04098168393860056,0.732742717808972,-1.3883558559622988,-1.6428029536942497,-2.996309331224839,-2.6060398045967164,0.5418624248396541,-1.0419206860799046,-0.2655288826500857,-0.6634009047094183,-0.8023213878071689,-0.3894231907980969,-4.597110012935312,-5.918801028856183
-0.546149963183311,0.6544169845302279,1.1850983404781628,0.04019294354961092,1.9168988294128213,1.5423576911926702,1.1857109872315126,-0.37467083198022494,-0.26016832197814754,-0.4907265832937338,0.06998955535730983,0.25593600911203684,-0.34628244293325644,1.358588348455984,0.4777657231513461,0.5936793611616832,0.7803368979423837,0.6130875753576364,0.8901878852377263,0.2640410838339764,-0.581227650750127,0.14021300234492726
-0.5631923517233283,0.9242304701743378,0.14291155276455167,-0.39553739111513764,0.6819927099357086,-0.2519945694949429,0.023544977921519314,0.257445295848786,-0.035712942575759264,-0.8519986935732262,-1.5169545741811465,-1.5704667979468467,-2.446411917133638,-0.40278741841499927,0.5892911236054994,1.82105934840696,-0.45976739170101705,-1.4346354476964538,-0.3022211599849285,0.23361326989386627,0.9945850154050808,1.6875020618073133
-0.7778986825890516,-0.21386300914915968,-0.5237789294475333,-0.010532877568432915,1.1829684704510324,1.3638914533671067,-0.12432216062394189,-0.4777626488514254,1.1694849997561163,-0.2007848452586285,-0.7959153951173354,-1.0746359009223967,-1.5854984224937074,1.2059763387431959,1.7583445899906953,1.7237901838684175,0.11768822652186883,-1.3178799629656266,-0.7067089175161487,-0.2835169077913242,4.066323483598734,3.174762706419766
-1.4496272509792565,-1.388276113101654,0.4263453420745217,0.42676823186509844,-0.9642758690746044,-1.6366078679384133,-2.167320220984307,-1.126056576571908,-1.4509326538722709,-1.1182748141422831,-0.16132603515398564,0.16262869134176874,-0.5622016896418343,-0.8673635784792086,0.0925912885153945,1.2968088987722142,0.7286736537554777,1.5223594549916184,0.38593413877544563,0.053951133137736265,0.14154783654271147,0.20457711100408563
0.7997174355279231,0.5877712675433558,0.38806680593463355,0.24193320953881198,1.4266501561483038,0.16837941109653606,-0.39126428225036963,0.24278928682053202,-1.3107748419672192,-0.2603565502114613,-0.6561796025916717,-1.3589207318565508,-0.8789118356720691,-0.6796216067347252,-1.3927199908505152,-0.8858591999306374,-0.3957134061734601,0.2570419780611799,-0.22220172015342168,0.7072282260096759,-2.3785036182554236,-0.7838461428374771
0.8127833649264742,1.5843432290212272,0.8360054740871823,0.041066948725423956,0.5845755600832294,0.6615475977302725,-1.1597583028973655,-0.7356417916380261,0.013688130372341387,1.256061150299003,0.7301050134638885,0.08672544707515556,-0.37850784876889776,0.7540942800697136,1.066658085847909,1.3644250536313465,-0.3768580479856285,-0.11184156333195025,-0.5226135695156648,0.2710424741332346,0.5894807271755019,1.5507373652167862
-0.7861835427830707,-0.5604629007307599,-1.5482526709068767,-1.2051872134233383,-1.8232869632339046,-0.22545579747630157,-0.9502339589466259,-0.12696285691777323,0.7141076109383508,-0.36260497391683116,-0.2680691948072686,-0.6464084498016337,-0.7915302223797016,-0.6779084602835718,-1.4263338025079366,-1.050924512243633,-0.2717800138993748,-2.105378292852227,-1.4096553985851155,-0.18678383039230986,-6.419887583844342,-5.033808014569455
0.8349331225704831,0.5120287712062825,1.367832594438812,0.4268047336323347,0.49102319575284686,-0.30434869377795815,-1.337479121002444,0.4261940110422102,0.5554908883896915,-0.25814848023043585,-0.5501009788120553,0.5816329606334156,0.33667996857096016,0.30270484645606377,0.9501724650380157,1.6869223200503252,-0.20116724483329493,-1.301259519693493,0.03688222456376962,-1.161955484171757,-0.4676949079030174,-0.6142544233680408
-0.7851827579785119,-0.7722245725748885,-1.15563550146644,-2.688505869621427,-0.46842685617277335,0.2665783157856642,-0.2426296504048604,0.6808585849290161,0.6158081827526983,-0.21349741413635764,0.6764472449267057,-0.4843284479583705,-1.8272178339688832,-2.010850730406288,-1.1120289367707676,-0.3503395940723651,-0.7031051879334183,-0.9382415887777008,-1.7766172914739666,-1.2231231418226727,-7.987814482483598,-7.318834101399339
2.117459481556888,1.2903047041886273,0.6451611972440421,-0.7461605622497672,-0.14187715979788107,0.5378840984775212,0.8566936401826659,1.495012979237886,0.4725334864321716,0.8641398983961723,-0.05193428126447407,0.531691334788902,-0.5589288197007581,1.5581174969413225,0.5002715233038799,0.39547317388725234,1.5221030872911496,0.5821750271879075,1.1675008497237094,0.3703559074379243,1.302992040846382,0.8556901521740287
-0.3950458511425668,1.0921114286410019,1.2207289570762692,1.5880253742823243,0.47213534818716374,-0.3126049449113639,1.0842562831827625,2.058160480883998,0.43116149941397713,-0.25908602929427144,0.4832753125639678,-0.31215711244259564,-0.3145858731574598,0.34784144008945195,-0.23316274030976009,2.460629563659954,-0.3699473574133603,-1.4971723956903793,-0.7069616327491526,-0.8160213293162417,-1.3485335190277443,-0.6134286961915583
-0.6340983172361899,0.32916641846183986,0.9208896067033276,0.012752818064491314,-0.9697023702827804,-1.018054390144802,0.272665784965775,-0.07116611338028542,1.335634831935643,1.0303812910274683,0.8579247738928524,1.3834622859609977,0.9132481103249124,0.5001064390573144,0.9111762799284236,0.12498897476478633,0.9139550505209967,-1.3888845825065468,-0.827808016051058,0.511468257436668,0.28202898520937014,-0.1377961397983244
-0.48607071166879845,-0.26283497815460605,-1.9736552637431388,-1.4566547109316574,-1.3881794206417808,-0.8171362414165644,-0.4616886142495776,0.7850677643126066,0.1735104037201852,0.5496038513677969,0.504523352754676,-0.11586498440374303,0.6269907735300237,0.14155056200967625,-0.6357722893052943,-0.06397427945836846,-0.6251753108986767,-1.2511850009398728,0.17343867941598964,-0.7805973063665267,-4.397218269724271,-4.471532893722023
-1.1623513446552023,-0.9969643684802286,-0.03753338235485428,0.16450422563000605,-1.3219550843854238,-0.7743014161529602,0.15800691741521,-0.8069574579283817,-1.3315413497881023,0.7306050281908275,0.7682725350490625,0.6554387028872611,1.607711988620617,-0.1428372074857799,0.8866656989528064,-1.7887799876200818,-0.35072196519640464,0.041348142404454814,0.20214997473799795,0.4069796995926747,0.3841885210373518,0.11772809232039295
-0.28481777809278336,0.7025315188494324,0.17227180643892762,-0.400199574356156,-0.38974626540740254,-1.559923751195902,-1.2844236645330998,-0.7713020883602245,1.011648409239427,1.3281990456985477,1.0215212433930143,0.9626219841741035,0.18587877946398115,-1.4764800895908243,0.9771399108409695,1.7286871201241432,1.7981806507633182,2.8160331786637625,0.9531970093009142,-0.6653246116945273,0.03344803989774803,-0.5708084198944032
1.11144126812376,1.8589696757558558,-0.2105861743051508,-1.4003611273677001,-0.8081618575176883,-0.40579566119784655,-0.40537004193002585,-2.201020505194285,-1.8781817125579088,-1.980652105546272,0.19232979225761546,-0.2630883619823533,-0.5797323803142055,-0.1784711403238181,0.30307473459597095,-0.6733412913505675,-1.9355538336694829,-0.40669439762728193,1.5867826830601686,1.7499868570125965,2.9452700186255747,2.209659574956833
0.8491328347455175,-0.8778108893072927,-1.6801914923524708,-0.6593197629564571,-0.8891255303475086,-1.0989969557157213,-0.19439436835466986,0.49701532186726954,1.0395958187571752,0.6530986049095808,0.6822000689380214,-0.140333919668341,-1.0897132417671227,-1.0219487538454077,-1.5349632845201324,-0.4749959208616278,0.5770236955234174,-0.14140086728498413,1.144178186585983,0.23030476999031038,-2.834481555574514,-2.55983555396846
0.05441856171574985,0.045076024650747164,-0.9410230063188266,-2.3923597667662584,-1.2173520563413196,-0.4682907570673782,-0.5049867502742664,-0.2767481872631691,0.7795706467665824,-1.0341073619942744,-1.795006415450729,-0.7774403356200884,-0.062068521505374036,0.4553153219484814,1.2208285749028756,-0.38422574140131327,0.8039892082723534,-0.1571611607250637,0.38943437526552216,0.971991850969794,0.30063342244499863,0.38446278690362745
-0.2826507534454753,-1.8077073306039733,0.6705594576949532,-0.45452592988953433,-0.44933748227455855,-0.03762964764648934,-0.45218294478185056,-0.17918482757724233,-0.24560092330550887,-1.7040280660744607,0.5177979040494197,2.3574801473912426,0.2735581686385956,0.38030066075468427,-0.28974621957055924,0.21602309424659444,-0.31147408597495835,-0.400856934718469,0.5323077302136501,0.5922615459418723,-1.458325616190827,-1.2653649559378288
1.217504298666773,1.3085164473143627,0.8257730245524061,-0.4000153876283398,-0.5798248519085342,-0.44074460665807025,-0.6467474114470273,0.45927109896617707,-0.19304753530524274,-0.05903140711338813,1.2559079245738165,-0.6467091726724895,0.07364776639236154,-0.9716579546261335,-0.7518771462608247,-2.002169348630732,-1.7867053202612824,-0.8374751540332721,-1.162082093720002,1.4681156931271842,-0.8100603964213722,-2.1445568674568776
-0.06346108097139232,-0.7080043889633814,0.42181564885039025,0.7352659504916849,-0.32983870566235063,-0.22636359693379496,0.49815758432734397,0.1968517452082854,1.2483906017459503,1.0096916995825207,1.3425500927988607,1.0049780690986527,0.9094518393643147,-0.7241728178933688,0.3593483843348331,-0.26806801210522485,1.1219097361148709,1.4490028989185113,3.0611572809502348,0.13865656194858353,-2.815453015945417,-1.1999281213576136
-0.09940721877338325,-0.7813397375497442,0.3250888032611019,-0.797264738058117,-0.5137540537987314,-1.0680146701912065,-2.2917630737734895,-0.16789469810688532,-1.299247927320864,-2.281187687824443,-0.8556199189967303,-0.6330797139768999,0.15308507496081578,-0.2926654613197928,-0.8160916714649867,-0.12009314341776256,-0.20169248126585457,-0.5827698465680392,0.24065826198596388,0.8683146561212396,-1.6070797780893002,-3.1167423182112666
-0.4976409363910564,0.4838355329668328,-0.18394901774049205,-0.7156979785130917,-2.0126717118710555,-1.9567989066152023,-1.1389152081945086,-2.0846554382957088,-0.787663800360586,-0.20511248768001075,0.44973109783728743,-0.9469898654283375,-0.7108917557648698,0.18093084797391623,-0.05435628181662607,-1.4533843998986673,1.1005413656857055,1.755084077373921,1.5109099308099583,0.8684501481803751,2.1457016034198184,2.490222914505741
-1.897500355334569,-0.27641382757462696,-0.8415187103881466,-0.2872408299503128,-0.9774638288586777,0.0561567757641595,-0.4205555037927858,-0.4114654929012252,-1.49422796694299,0.5699433341124368,1.1978246484470414,2.29008778813912,1.4409619164043386,1.0220155739690018,0.26596328823605303,0.12714426541547583,-0.24844911567182532,-0.08838296401375159,1.4737712856323668,-0.2702225847958641,-0.21592740350741213,0.23847104088941568
1.4972549086935292,1.5052710280726012,1.333627969086874,-0.45066285029347164,-0.9278441132652264,0.3780007722233075,1.2034328753291426,1.7635244020743182,0.7120891723796134,1.0203736631602094,0.4798795422376003,0.0321243016292765,-1.8615189862616301,-0.9524628254521464,-1.1285669781730827,-0.6932471851130018,-0.7883402076090513,-1.0461487266295946,-0.29148049970829737,1.2080809328612478,1.5502421299538898,0.5261086563850249
1.1062915336644612,0.0789403941376437,-0.04627570852103751,0.2700965730013454,-0.8568994209645103,-0.038910353927403774,-0.6748708406615693,-1.241822100765122,-1.8820239078072873,-2.184888728205714,-1.8547739186267376,-0.9388298630781546,0.009917780132059625,-0.7089015337582134,-1.1904181395307973,-0.47193055056043126,-1.2628147593993102,-2.0195300514216,-1.0077403874648914,-1.3771419717994375,-1.1692753031756817,-2.488762179302957
0.12369448157762261,0.0385359714691719,-0.23044186144586282,-0.8663047103226041,-1.6275705739127477,-0.8859815322919781,0.10730401090562616,-0.10999318957418192,-0.9010030146446802,-1.2410555944516137,-1.2194818540554697,-1.5919250030966805,-0.12138192219702656,-1.1247875405195382,-1.3323812095600358,-1.2936777637986256,0.8577625319169211,0.14824028347856263,-1.22456254283454,-0.8739870785825645,-1.340720448961542,-3.0407538766741427
0.7055871783626175,0.1334688184600108,-0.03065052109097567,1.1033300872969878,1.9489983189686633,2.3340299167270397,0.6956532287941065,0.7207813052466842,-0.8409727307068791,-1.1590483908341314,0.2639334769561403,0.20021706834547215,0.7953729931619415,-0.02071615472270601,0.9446496930422517,-0.30963433901908144,0.5654876385420335,1.3398143415890738,-0.8990373435170204,-0.757072574287636,-2.851287746214257,-2.82624081386231
-0.0470796748862751,-0.717495008510531,0.4829342640455587,0.9086404476832021,0.8532357426464842,0.01876883629551507,-0.22345880337218235,-0.3097296952048245,0.10469115822578995,-0.585174895497855,-0.4917455743354026,-0.8766351647802579,-0.8995630520744065,-1.2254669233840938,-1.2563530211697267,-1.349073973190892,-0.10005946429597055,-1.0534014327478318,-1.1404441945476738,-0.7074219028380366,-0.8624684056388131,-0.1096976078574059
0.1543832699568953,-0.19283290255931626,-0.6097926630493382,1.1064654522810589,0.6429590991249209,-0.7538894365921047,-1.078775219877773,-1.5598589814492476,-1.451831810803975,-0.1964814179845924,2.0039825682365033,1.0325903199775066,0.6806034129038752,0.7581891665694674,0.5699320580650242,-1.3909794489781984,0.7945609047098444,0.9182101305736095,0.8813893453625555,0.5948458765610776,2.0835781227774137,1.6111617373675646
0.5218440531161613,-2.0706199394701414,-1.4955043255756288,-0.9814294220115468,-0.4500321108248834,-1.2895801463340395,1.1331871942121523,-0.9282699167457682,-2.0551490172890934,-0.825919789817778,-1.419757691969458,-0.622666647848586,-1.508365589316176,-0.8155921094438336,-0.16073386044321689,0.30801575456442043,-0.0044329698008873895,0.6572901568959973,0.2926618169118189,-1.5958805218383882,-0.4869355660067124,0.02937945486232338
0.2167462541528397,0.6563549283652952,0.8197849137077599,0.05188207412229696,-1.1146451269454993,-1.9949543932182456,-0.5652965155412825,0.8222140990539691,0.6867613628584621,1.6113451985431915,0.7745389701329273,1.1267111305522066,1.4835341813861476,-0.153918492190667,-1.4461601400951405,-1.4585950873558642,-0.15816732780996517,1.1241256696395658,0.4337019005685606,0.4033129714901544,2.063081619020586,2.0275238157260294
-1.0360421757281715,-0.0045592320223499915,2.2918325995901987,2.8172903928413837,1.9686956336258399,0.2723858005114339,-0.5387760964803787,-1.2123648996215102,-0.9975529877484143,-0.5777134641316904,-1.06794918845159,-2.6300606978005776,-2.055571695313231,-0.2975573269013715,0.6601401621848996,0.2941497073994867,-0.4073881364809263,-1.1993308888843393,0.48023511803491875,1.5433720676754643,-1.2969883871801,-1.2968332275619727
0.18902548912249628,-1.0726832647538422,0.7210508741691563,-1.5617941270415676,-1.7034919741370553,-2.5966720136294423,0.5911292436829577,0.9873683285526056,0.6788402021878952,-0.5935846660877515,-0.8422144625863301,-0.5756787178052118,-0.7131471864520733,-0.732403774486855,-0.4173388962405308,-0.3896310327503642,-0.4961319986242936,-0.5641516617660519,-0.3727356868412795,0.9728040066364647,-1.423063029914764,-0.7188925128118333
0.31048036496957704,-0.8566075877258443,-0.37620189819557753,0.9414785792261035,0.45261381464672007,0.38808810110835823,0.39143671046354317,-0.5299093444083947,-0.004151696472056946,0.6201294909427122,0.013525352196212119,-0.4440946367673353,-1.1119811860307731,0.5412754450510358,0.6532423566065451,1.2608714396012295,-0.46905566438086055,-1.6553252168185388,0.3400778585138905,0.2979615978134733,2.2641718223551868,2.482089702876839
-0.2585336276675666,1.2833245747662712,0.5306868779600411,-0.6823001011112526,-0.5345722902269868,2.299888120503156,0.34101514286938656,0.11584098962413751,0.8116596125946234,1.3334524893261657,-0.3432048627471074,-0.4971480784167348,-0.7949943166406807,-1.3155360421974511,-0.6964644495833215,0.1113553772503811,-0.07344451495241353,0.11369769038869777,0.7361375636136936,2.47975835075422,-0.32212712981190345,-0.765627990746962
1.698767406795471,1.351147399679594,0.6914054059174228,-2.159419930351645,-0.23573743614759707,0.5766178706233513,0.2572834626694838,-0.28700343449734395,0.07822596653682251,-0.38261801056092193,0.6247071998601897,0.3032856425623556,-1.6578401306358943,-1.135502209837642,-0.8997895730658441,-1.4002416315290647,-2.2091800052086463,-0.6015459547695059,-0.5013730857659281,1.0057305560327785,-2.733452010993209,-3.118440666814682
-0.30514120966355424,-0.8749502600761075,-0.12191195512731737,-1.2080101988564527,-1.9187092585990966,-0.46034056382727234,0.18942003538304622,1.1461701243901654,1.624071315464971,0.40453750629616947,1.0913926370034788,0.57034936554718,0.5700708334354464,-1.078403007790006,-1.1463103419601484,-1.2816410255228399,-1.376345287211586,-0.29549016591095006,-0.3100362805452585,1.1096229574061767,-4.71178177498147,-4.964833705219789
-0.12976268701578497,0.6923011348268989,1.572134546826286,0.0917625685324359,0.2512446165636652,0.9864299766864124,-0.3519108712538688,1.0341545497406066,0.28775885931075723,0.09602234287937085,0.39425517397163545,0.2615644565010672,0.3214749196515639,-0.03988127073111134,0.15486862577360636,0.27514175021238785,-0.5398483402549296,0.18680555931543713,-1.8035528581175944,-1.2189116924741565,-1.8947516756779326,-1.0182678818376545
0.5100562284155858,-0.5801157496100061,0.576157731854569,1.0436538699143183,1.2207960727077327,0.21583143314608025,1.1072267318393088,-0.4397986747888546,-0.8210480508307263,-0.7172727436892523,-0.27990099120716655,0.11496968190081001,-1.3431507666920954,0.019321712029954523,1.7982469873200655,0.11809230622347286,1.1808053216709014,2.9291875525418947,1.2780538826587016,-0.10800319496963598,-1.0554395234374754,-1.8272769575600898
-1.4594583060572561,-1.9786742835631443,-0.707483161336197,-1.1298143174194308,-0.576867456433293,0.07965457081273915,0.8248565144340803,1.079659780321791,1.5191843115781163,-0.25677047522560165,-0.7166080930922232,-0.11308871954912363,-0.08974540848577593,-0.7745119194886638,-1.696525469675266,-1.753757335222594,-1.706982301708663,0.16930852510095634,0.15611279522088617,-0.06699833518638165,-7.174437749868689,-7.45675539778871
1.2086752715981273,0.4759128589091604,0.5897337409355652,1.8977754834599991,0.514246232329292,0.029786337587011786,-0.3500012186628797,1.5292726774149454,0.7957155793271671,1.3138533953061207,0.5360315475999156,-0.9303663864877337,-0.7829134076823475,-0.9371425530972866,-1.8207402779734523,-0.0020323842011420136,0.9380180646204149,-0.10327146050970111,0.3811896559993963,0.3870706839908032,4.242224252935292,4.294406314247066
0.49632691265639806,1.5126225288080417,0.45777954728220144,-1.3330466221109758,-0.3295757753880801,0.24831727037500376,-0.29990981158629293,-1.5998106947448079,0.38116810829618536,-0.41178616920611083,0.6968698557656102,0.5256238655122994,0.1320949487619071,-0.20320195636430527,0.03189069988698227,-0.5037524220348423,0.6643888069994704,1.097503610238221,-0.1871600321620601,1.4063201678885757,1.1565837941331454,0.09478210251387748
-0.9461651281080299,-0.9135188904279619,1.1010955465098071,0.4911064787658339,0.8641278921736865,-1.1114600158636665,-0.35650842928962473,-0.027274240165095692,0.3836224426628099,0.26275565381677696,0.3521508648817642,-0.8575595374588395,-0.3062159837109201,0.4161161759693129,0.6437184804281649,0.4929857123880819,0.534814709298182,0.0021447084494274522,-0.11187536679139673,0.3077158867649676,0.0819006917647187,0.583072677850991
-0.7635158173472361,1.0208268316590214,0.3490037743325706,-0.5758364229106677,0.2984363022964885,3.0246106484292308,-0.4381338960231919,-0.626800685259011,-0.2324931413009244,0.7510922855597446,-1.0728472876774866,0.11461952806228175,0.9071559763550605,-0.23686234524546196,0.34978723832366443,0.024854868671287843,1.5704233158566265,1.1794696154352462,-0.7043241165314195,-0.5969868356530087,0.5963316989332974,-1.5318554697384725
0.8931444569236291,-1.1046479485313678,0.9230249011202531,0.49954991000569005,-1.2911493422117288,-0.7217148637914373,0.11481633899479357,0.46184476032472993,-0.13985284747971263,0.13725432108660537,-0.10954719769181169,-0.8715516015779439,0.5471835688416798,0.6272501575507266,-1.6663844826633492,-0.41079979909629355,-0.6318104034174377,-0.03659639004223032,-0.6154242074894027,-2.3465090494786565,1.5743688652928443,1.190246587739775
-0.7826298196203599,0.20609728387315568,0.5893800728530263,1.6314760505410828,0.6824947506330828,-0.9624476152235697,-0.9535804624827707,0.6433293578340277,-0.13250205091160797,-1.0992437123440717,-1.24464619409621,0.9968141353489934,0.04565524026631795,0.6060548793353232,-1.41126146380882,-0.5471423578274824,-0.6118999721206922,-1.639196099500491,-0.10709735886909204,0.14944891351583395,-0.6561369836909992,0.19601764094359675
-0.5442338703148369,0.6115228814134758,0.24798285642116752,0.0014866291134373703,-0.7215418206077113,0.6383365168658003,-0.5878721493916125,0.4215332612714351,1.2386579534282256,-1.1078277163618233,-1.2006039358870346,-0.5970450662159592,0.7368374062396781,-0.27246518266062525,-0.7485032114220068,-0.07739744221575656,0.1220583808950337,0.117554399573863,-0.3848284873360799,0.9147641695411545,-4.4221264806874006,-2.841496942429895
-0.7658431227862873,-0.6300488866652844,-0.4939789582867748,-0.4296684833645352,-1.6487172330635003,-1.2000672276031743,-1.635995436090041,0.12631289979735286,-0.22405785368614273,-1.0741892466556238,-0.5409386094482004,0.015893038402668248,2.112971096318214,2.291192133008489,1.3852994536223524,0.26788513730280805,0.9520683924023255,0.4943283700689294,-0.5015985904742176,-0.13116835153810918,1.1978442692771036,0.5188681738127308
0.6361752112397622,-0.381373775318396,-1.404367527924673,-1.072260644625206,0.2288062457484632,-0.07073424559746469,0.3788318942023642,-1.8147053483889868,-0.6427703155433024,0.8818949660751634,-1.0986315543155167,-2.0932951903736177,-2.4022395803026853,-1.6519617410688736,-2.262403017670901,-0.40181123866453755,0.1544794044402565,-0.3904980621528958,1.3166027655341206,0.1280447788112099,0.1463353884639642,-2.196391489416046
-0.38285209335984843,0.05090294414106275,-0.025874349221329307,-0.30259779548569304,1.2170681438105952,1.313567195417874,0.15746760586383876,0.20757557401357551,-0.7284493962421351,-2.3283148813777976,-1.4133250422676567,-0.4102009042279468,0.22446724313753613,0.7722708045162897,-0.1413967481197136,-1.6138725089627306,-2.5974706883072662,-0.7168144357893526,-0.3333563235675511,-0.4709611200699771,1.0113191174089031,-0.033636175723436246
-0.24101352131645065,-0.8932490425622978,-0.20850422655705217,1.4900246040729828,1.3049030095466898,0.5280640123310913,-0.5357457673641637,-0.22448463511909894,-1.4399527536793169,1.060085428537045,-1.4884285371273642,-1.0528524220798359,-1.8746296140897576,-2.349222287483754,-2.7378631292598357,-1.3476891649826996,0.9906957361552196,0.7297199800789742,1.7603055301488184,0.6558246717330266,4.996960310866864,4.708153321214617
1.4917170947538612,2.904607909576796,0.5797766343708175,0.6309383711099863,1.3724134397768308,0.8656764211464824,0.05899522089866837,0.5225431748837904,0.6125875407636466,0.23269787264251923,0.17179502622314385,-0.31644664242043097,0.15431813371934142,-1.403124501564723,-2.042391971194562,0.0655327412361458,-0.011897385480282087,-0.6096103344977393,-0.2347962148409711,0.683967645283487,-1.584933420625487,-0.8607424106943969
-1.5512308252168143,-1.329968892640787,-0.16024412918294836,-0.8366569778429728,-0.46200130410079104,-0.2215445376343099,0.6856402662557581,-0.8309439610425435,-0.9013791644865554,-0.009801056201271734,-0.5567467571453234,-1.5683368106711235,-0.6754932172249591,0.11438377098902879,0.4694270810393288,-1.4365294250877578,-0.9295662852063967,-1.9330615176740644,-1.3984229314848295,-1.614931757310686,2.830241566334022,2.033748658230026
0.0638067377295148,0.6772118655974445,0.0714404230448548,-0.8417268363009022,-0.888317542609096,-0.3463942304870161,-1.1683538858432463,-0.6422380191689101,-0.6756728481654717,-0.18621020940373714,0.2253749218971688,0.5041774710335387,1.4719267460021468,0.8052596656324642,-0.3564712911111585,-2.441524571252423,-1.7017709864851307,-1.6208795055889669,-0.6780272955536641,-0.7900095508760611,-1.715955383414066,-0.6586766684081484
1.7871394400341514,1.0022624269730762,0.6300935554555787,-0.3557037533316031,0.29672632754118977,-1.7272337329130483,-1.2056870055639282,-1.0056803408988122,0.25317429595939356,0.284180915256367,0.980051836702487,1.072521573186105,1.4705829182529915,-0.2944109597534316,0.021174127380430625,-0.340096125878744,0.2437989779867675,-0.1273362542344472,0.6682016216779796,-0.4514833950543253,-0.5674700721495317,0.5543813722378231
-0.24355475649726757,-0.4757360908002248,-0.7805863901290431,0.5850077519214333,0.5875868073683984,0.28867914131598266,-0.42181686942941277,-0.4558824906953724,1.3945939340478988,2.5066580901454896,0.6520413952449217,-0.6255149802433994,-0.6765232162393344,-0.32594523835599126,-0.7616967984996826,-1.1575596613917758,-0.6673192762610908,-0.28325829668161573,0.2423126645716012,-0.582395064015088,2.371261688763197,1.4892138808826463
-1.5195441435005492,-0.28244931597104184,0.016175654755315606,0.08127881003701493,0.05375782137526874,-0.5035256854144692,0.19876903112049918,0.103064539864007,-0.31525253821785837,0.9428704453655644,-0.0335846822692305,-1.416657146383787,-2.006761940056259,-1.6011312573016319,-0.6487783865038662,1.9628571977702483,1.056935792015358,-0.33612281778870473,0.727689740585007,1.2191444598480912,-0.21547546929956019,1.560605243417689
0.7429121748048445,0.7850889561328993,1.1797262515466238,1.97471691369019,0.9238754050893759,-0.06854200615778949,-0.06627038501576854,-0.6841380379795817,-0.44679233964430715,0.34406740770946415,0.9788332227511767,-0.02492144971154785,-0.4483705794173127,0.2079214358080825,0.4543124755600506,0.028283955569940785,-1.5673453761975489,-1.8185635825256592,-0.6076779585411956,0.7773095582365616,0.25145684708556226,1.4752483049828513
0.4264815627076547,1.0046031013227703,-0.48427051277546934,-0.025503251254384376,-0.8039589678185975,-1.1896034743681185,-0.8552910274879223,-0.3494173393916355,0.042810176277964906,-0.042018228405246855,0.8866792567105486,-0.07474732880917556,-0.023505967440704156,-0.1568620895731191,0.047210618816148874,-1.0638129699914312,-1.3050263195085088,-0.6160970637982749,-1.1633117383161216,-0.8353355475043642,3.4003436563566805,1.0717839590427143
1.8199821044527955,1.317313319525773,-0.3504547469369064,-0.4268675923345601,0.7259093603696485,-0.014737745739333397,0.99803209294903,-0.5298855500147696,0.08234381031587143,-0.061900004186948174,0.09751644207839756,0.021528100334167168,-0.7350104652889515,0.10152413032176273,1.094715307969542,0.10816478036213122,0.10090097473892626,0.6170280614375648,0.22180552257587588,-0.12286896135963926,1.9822974148341614,1.5426643037792498
0.4514637811470301,1.4864335754730627,0.9867692764135857,0.7932363420530918,0.46316246007582385,0.358008926623398,0.26801880229369235,1.0049433853148388,0.6252595751662142,-0.41828809772664777,-0.45003156653882065,0.30586234727023776,-0.7847616912592308,-2.8684778235393953,-1.9344542306273835,-1.3898604995090942,-0.24418425175805866,-0.035851048487204426,0.6001077666895319,0.09937095679431011,-1.56919984272795,-2.397301934485621
0.29283787804992994,0.27938503050397506,-1.2214342377461085,-1.0468142215325849,-0.8332035116044015,-1.1540477078349296,-0.13787114670261857,0.5083602432786699,-0.19182049987295402,0.5120025141722483,0.6497795117559252,0.30318401499041725,0.3107495406277163,0.4128155486825948,0.08225313334567005,1.6406258501077606,2.0243588271802833,0.7545154658688894,-0.15898896594576578,-0.7080299271460203,-0.11837964839700238,-0.50642563543015
1.1042371094942283,0.006638478183171211,0.04384048678451235,0.4786317094893387,1.7588468131411286,1.4782881409058621,1.2129566080512644,1.2933049453862797,0.25317271439597316,0.06437914903969522,1.5151247158521297,0.09106134884882316,2.944567234876482,0.48268627601237324,1.8562122185545522,0.8651971356506309,0.013140848890339547,-1.1340944146088299,0.7763302394991233,0.6197492046891105,-3.9037635232065186,-3.4751009886103064
0.45688809094163046,-0.8094427651555026,-0.5547571018874602,-0.24056779280677382,1.268663880455277,0.3506081249473385,0.005092761354336453,0.25474120350777124,0.40749384495947505,-0.08903520038320113,0.046364222690062226,-1.3344342053335156,-0.33593943114932134,-0.47179555608995327,-0.24185864392182224,0.9026763403147285,-0.6513715388840028,-1.2347695063883442,-0.6411974830273105,-0.15810010126376325,-1.1254486509705413,-1.0473954347114451
1.5680945592474436,-0.893787210763394,-0.45706564504682584,-1.7285514967693778,-1.3958941461509355,-1.5969907657413658,-0.7794318023212096,0.23265593003607746,-0.38427871779866457,-0.2733274488105745,0.8341266075293586,0.48568462776134586,-0.4063015029789192,-0.6655081121864149,-0.9518056766523687,-1.066551515417406,-1.38650299274795,-2.0242181664541543,-2.5096378135755315,-1.7895663504535473,-4.612601281898496,-3.3755160593453217
-0.4325934261505361,-1.0951011547664848,-1.044520007253188,0.5236100949430627,-1.0329106040175664,-0.46304602292849134,0.38727547514951105,1.5308339956453423,0.14928825245859695,0.3799193409305485,-0.36595036079679016,-0.7272129028920418,-0.8405204533882287,0.42589946389395367,0.9054774796894238,-0.19075493126154802,1.0482727890978316,1.5253384717888685,0.5996608020626083,0.42889698336324417,0.4634252350762368,-0.0586675282851683
0.27256135348639654,1.5542929216056158,0.15518225292990656,-0.17095272692032484,0.19270906858415396,1.4898696525444088,1.3164024977199429,0.39105082702174976,-0.9058692049469476,-0.5831514350713707,-0.7707992573731766,0.9719326417336223,1.5172557289281985,0.7825019221075276,0.23948878599562,0.5686487702581534,-0.3827829700425395,0.42711628721896794,0.5719685591249106,0.61264773283355,-2.733901954982037,-1.6406757670072698
0.32687668688372384,0.14615987962333782,0.5643860251455715,0.23807895610474358,-0.36440727896666997,0.4433663544107896,-0.09169623554803566,-1.603485576656697,-0.5049710937174539,-0.951910794931154,0.1863867006062847,-0.07613294781401282,-1.0347946532216215,-0.2613909337458848,0.9562929827511696,1.0318979707553073,0.15425484420937854,0.04410323705658526,-1.8561332399301205,0.07076375626716096,0.538987250052943,1.0754520526898927
0.25656661476520176,0.2828439428614103,0.6366868294301748,-0.29408007236330796,0.4535969595245565,-0.47043793978106135,1.0406550565326913,0.10864398508657162,0.3226058721807253,1.8336183828374182,0.4716135322259598,-0.6229568987467845,-1.4802101428192556,-0.5333484617161791,-0.012856245282361824,0.6121933505091387,0.04963014115553394,-0.6167592639062054,-0.716918682316936,-0.8069147979142878,0.9360003496816225,2.5870845596868324
-2.173119678602741,-1.1080942185534342,-1.446093340210031,-1.0055981609747717,-0.00583129176099711,0.26789139162528575,0.27251183431869735,2.4708394351664067,0.09239852069574367,-0.6676046708605925,-0.5610594152099562,0.1604535112990879,-1.0805316332549586,-0.2204682040620762,-0.48588401426189126,-1.1493507981033566,-0.9208516052448885,-1.172371295131528,-1.1250808913638506,0.19387012057212813,-3.1492273556976773,-4.140439033902105
1.925958888728914,-1.0552286350340034,-1.8065168688562194,-1.2197077607549927,-2.087528327542171,-1.8559299730426693,-0.6657992868182062,0.62061238117846,-0.31005813842304397,-1.5152318523870896,-2.1976975653698525,-1.3677178958801102,-1.3606818618967114,-0.5110991696313686,-0.06890165361673324,0.2483555319535405,-1.3510266331260823,-0.7019005847575885,0.5496373483319111,1.2973565289889153,-0.07767948194865515,-0.8793056871859012
-1.029914500086099,-0.6376953273318131,-0.5702329421035028,0.6568668729987941,-1.1401152561543897,-1.4831194767526643,-1.606738218512185,-0.8083733814728145,0.31589953772297935,-0.18749335500126563,-1.079460736415384,-0.02073936359037696,0.5670122132010896,-0.6020034670111134,1.4319597635118766,1.126857527532955,0.4561515386584878,-0.08804467775051752,0.5222240588361179,1.1318729122130875,2.940009481401086,0.3918845734906465
0.7226931197643504,0.17816333732096815,-0.059892866054482186,-0.23398025540748246,-0.6186035406171151,-0.8937872400319221,-0.4264737920422802,-0.042257361309576746,-0.2563189651688378,0.38008605048613536,2.1360063911264255,0.09463685170977842,-0.5878912799270538,-1.0124584239670613,-0.44190624882714014,-0.7519815613408013,-0.653474387052573,-1.4533570149805162,-1.083389388607302,0.7554507368044641,-1.8647705034853492,-0.3598009661479466
-0.8769388359764312,1.100050972871179,0.17375512393379122,-0.6146608552403812,-0.1327582624184458,0.028857346520623585,0.7202565413675539,-0.871942818578338,0.023453502629761248,-1.0468187018196915,-0.6704448820135342,0.8473838917140947,-0.2284667996385991,1.2512156516879933,0.6851175962287596,0.46769377896617775,0.0984859587666603,0.8038699765732987,-0.3788038563012564,-0.9390702508331492,2.9943186685817147,1.88565712119447
-0.7325567410054868,1.021094980098856,0.3859349533955246,-1.159984658353506,-2.5354524837475574,-0.07186052000985509,2.1007160073570743,1.917616945575192,1.922059461138409,0.37579769633052645,0.573009905134462,0.18506698109815276,2.0389203862977596,-0.08121609798015045,0.6546989130465931,-0.03710833440743888,0.5359573736157839,-1.15211987484899,-0.9982029568650767,-0.26723530319812244,-1.9692854092354153,-2.9205101256110573
0.709797584859026,-0.38620674172577135,1.1774841655906683,1.0898987117308316,1.209996098699377,-0.4367597818522285,-1.8792382202361788,-0.7362495500084912,-1.2487814938133888,-0.5753126333821226,-0.8559570070682668,-0.5117333221751285,0.9494059272156964,-0.9626860699347566,-1.2112350346699399,-0.5091245502117014,-0.012999365016622917,1.2264183551068344,-0.9615502398569559,-0.4443226778602811,-1.4210984218534737,-0.30076855958848436
1.704999539984106,0.08816919858820424,-0.9023195735098366,0.060227244545877905,1.1026316242261944,-1.0758199277852114,0.8498898657169737,-0.3323452937947783,-0.5169909527449512,1.2220918817572035,0.2937443654828403,-0.07618006022991113,-0.6106547163011603,0.2665477987967928,0.5930714441970065,0.6826366160870518,0.3020339485623695,0.09131941051223308,0.7772020776667207,1.0218302761489841,1.5560444611583881,1.6980677865725022
1.4437012369814446,-0.6859926585469787,-1.2930791695680586,-1.789238964142276,-1.1421155241055432,-1.036129635264679,-0.7409815550754352,0.3304643093645325,-0.40527987536032556,0.22162976158905245,-0.2423091218140178,-0.6168287951642114,-0.19648815930923968,-0.4054611569291664,-0.9270846838270071,0.14703290195618296,0.06510703276040763,-1.2321180058954018,0.5308040139209731,-1.0678014898887733,-3.401617548194474,-3.551867997506406
0.18633135488457128,0.6445979698351885,-0.328934449556939,-1.3959686567999816,-1.2006107364380614,-0.3414769664826609,-0.24469120084381812,0.13110723147399467,-0.22773438195081996,1.5540362895853945,-0.8948582678115253,-0.180495981322451,0.49414732840900705,1.1003214756315438,1.58558650910235,1.0893580619882375,-0.18683344590645462,0.43714112874891914,0.03767093071316355,0.6790620412036931,0.7098658782433042,1.467975150840823
-1.3410844005217963,-1.8914493753864283,-0.42215158788188206,0.6859275206438834,0.018809091533196716,0.3051199170135072,1.7892634039909352,-0.08915121167009832,0.6420282630547792,1.0750426986905797,0.32958557322674087,1.4131476403720455,0.5648755086230575,0.8872657502055372,0.17796621219674003,-0.7391889330973274,-1.9638628655024135,-1.401679806758254,-0.869382651188648,-0.1372183023740247,0.4474502202251266,1.298232164435436
-1.3083494140832457,0.8520721487921935,1.392616839851422,0.5721376967725613,0.4560805493427222,0.03907923293532738,0.10655650463020078,0.4387444597598011,2.1959792607189623,-0.1574553363007955,0.976905947769691,2.3112507738416315,1.1872244430985246,0.9926528616079229,0.900400062737971,0.7548649888331832,0.360564578179329,0.9239644559029766,-2.2261128744729883,0.7615193722379824,-0.24626872652215548,-1.7247798887064556
-0.9066127923881669,0.363319759629151,-0.1243133430552809,-0.8210457688734015,-0.536838256004954,0.15032841824655144,0.8229981543184884,0.8157314385255768,0.30985229646048557,-1.0818948352997855,-2.5602498448565036,-3.138535589443159,-0.5829948900853369,-0.24955275145354533,-0.6041960283872282,-0.3302878769908863,0.48120811058542734,-0.6077887529747144,-0.33701804753012893,-0.9764885246198455,-0.5125471217466007,-2.163835177642254
0.5897445329117065,-0.703808741999112,-2.0047417320329037,-0.7352966801164738,-1.7601822276763168,-0.36133877366858896,-1.82980221936084,-0.8684807642055363,-1.2039795908969988,0.46539032315216144,0.058911879727991626,0.9273182574779791,1.3547282527091526,0.8288236391024222,1.0663410966859768,-0.3343743718290518,-0.31664168039796975,0.2888970848499453,1.2685909522835361,0.2011688979871261,2.9040316123841876,1.538335607015812
0.5682395703252602,1.424351378324044,-0.1827017990825078,-0.514014517944937,0.5608488934721256,0.9402463965840083,-0.8603724547116599,-1.6880254825857182,-1.5948185250039455,-1.516688330693019,0.12903860723392424,1.6941444673370343,0.5123081763619152,-0.22113689876295725,0.2008848176300924,1.6828241804954573,1.3518991902403572,1.8629766179963554,0.6388041012905522,0.26222382270995764,-1.267021355602329,-1.7355693575523492
0.8256301280529028,0.2776362962873486,0.1596001804387173,-0.9007485864634036,-0.6075008736192549,-1.3313283808736611,-0.3572549535466271,-0.043760856057636764,-0.8748431083198478,0.7495513054365414,-0.549212358212682,-1.5547594052625904,0.2487825361189934,-0.2608736702585116,1.245346474108287,2.5118981460324847,0.9670027690665,1.3371712592049592,2.2038348612686014,0.08153749041900614,-2.0296677644924674,-0.07915258507117318
0.8290593135262104,-0.8034815292826653,-1.2691779127920977,-0.809609153911301,0.5382158490499123,0.35231667176183273,0.2163043055448618,0.4425169701261497,0.24643681148311705,-0.9266300627612714,-0.18499649658300132,-1.2930410687884564,-0.9793304646949511,-0.9681384043756123,-0.15022662643428025,-0.5770094831290257,-0.3288450564932974,0.43770076103257155,-0.7577050958158356,1.0839753173072733,-1.641758674784136,-2.39124091698971
0.46686050257608974,0.41623648670001506,0.15129133965287328,-1.1143816114284024,1.7694038174934315,1.2947452932534373,2.454710181103042,-0.20557471963441362,0.09771572057039991,0.6159554645120036,-1.3593909224861436,-0.28594422395588875,-0.14374117428339078,0.6763581382082915,1.7769415013626633,1.1444871846425813,0.009336458256984332,-0.16607997205539562,-2.436951908505767,0.6569616831602639,-0.6318360260779098,0.9592868864556526
2.0592938380977373,1.252500521618002,1.001218555566906,1.9120498702464912,1.6667147568263503,1.3678953411092372,1.8947597484293426,0.862134738550911,-0.9051166692938155,-1.7988739786948174,-1.0499046617797947,0.7321949791077871,0.15487007800485292,-0.604025275289618,-1.3670252236866405,-2.174736118417031,-1.626340060264521,-0.13434556957316648,0.371624697254942,0.8843306956200424,-4.148684877500797,-3.2379266561524194
0.6740578444265266,0.9396727475946315,0.35613224249005465,1.419573150756236,-0.7610343417834026,0.3610903278200411,-0.862557979976006,0.6966054417493615,1.225661828375983,1.290551928032804,-0.047347102708446824,-2.0604368571383174,1.1737905363252645,-0.7835870674448158,-2.414922842199959,-0.5649974716427676,-0.6572856310505653,0.15881187473580122,0.16453857293155907,-2.223211895575517,0.7436076227700147,0.9901738871824179
0.5574486107842377,0.9118598340235089,0.6226658266053382,0.7527277225115928,-0.26771044230603497,0.5095514554513485,0.4881913410567871,0.4207570608338068,-0.05685160800085294,-0.722958766094126,0.06501759701734332,0.6304383495626162,0.4236826630192971,-0.6003862846913447,-0.4509078016164848,1.171978857794337,1.3585812690140602,-0.5043996148376804,-2.120513010750365,-2.16023891922911,-1.8776864250805254,-1.5490253324598662
-0.10464905218333968,-0.8552268795099762,-0.26512241116182944,-0.7485367394223661,0.29270912113494285,0.3969127102635823,0.5608343784463795,1.2053257488806395,-0.23798087754415026,-0.49222303923256244,-0.15859428123552274,-1.2819024681017697,1.1722980876189237,0.5763339810956747,2.204469593492843,0.3410243367982242,0.49490391878449297,-0.01391172114606647,0.6124988190994872,0.044009989215885593,-0.27074551984848916,-0.8013296843348361
-0.31464956074522943,0.06956385349461035,0.8321944311901213,1.8490867040122578,1.3517833105799355,0.3416666151545885,1.0339067510813602,-0.14235615719494482,0.8412373975327266,0.1878316040691398,1.920110368956747,0.9089322289473807,1.0566803662288375,-0.5338677314935283,1.1581291637503608,0.014834823976253133,-0.5616997122775671,-0.11662888164325164,0.6883470316232166,0.7751571353606835,-2.6247996955527473,-1.9939166197239353
0.022239202216604397,-0.7645190537623446,0.3416764765594036,-0.9185618286474412,-0.62529213109652,0.5226931815613237,1.0265735644538534,1.232064089439964,1.6978197380305287,1.4363842523986494,0.29118539572076174,0.38844772739508987,-0.006667344827460486,-0.20923866028183333,-1.01064947488274,0.009083484807756186,1.3666748477131963,-0.15383917000718084,-0.2886276566643388,0.6289153500352088,1.7094342608818773,1.6901471029620079
-0.6240460565323718,-0.5283200004456822,-1.895447285491371,-2.2721689134320044,-1.7407239414865667,-0.5941227962599895,-1.1639598074780535,0.21318376906777894,-0.7229210517218755,0.15428820961467835,1.4120958049857504,-0.6168267229425308,-0.32189179704471466,-0.5222703430140189,-0.6764062357505229,-1.3192766332141472,-0.3769039591964934,0.0009802991200547912,0.6228155342458269,-0.13656662981423137,-6.544360976859819,-5.435107549242549
0.8468796872271587,1.0125385180452784,-0.022844760143170675,-1.755135242168144,-2.0912708280615586,1.3419188815712961,1.3510602229478847,0.769875904913212,1.8204034670043068,1.3303894580066233,1.4711499503448784,-0.20435577546681716,-1.9180872546475798,-0.8018761833293868,-1.9246608786627402,-0.8038980725859701,-0.7106371086414532,0.0005141104182099312,-1.502247836843107,-0.3480507172993962,-1.0068609498864496,-2.4001856474667713
1.7889841687885868,1.2044850134626146,0.49237639863750676,0.7423697531948271,-0.22666328981900302,0.6792727733908611,0.8529208238962903,0.2571307549002269,-0.7552749061974098,-0.14703333293072177,-0.847327216723343,-0.19880004481321525,0.6982594322151416,1.2191734928762987,1.5621554092163354,0.2830609681779657,-0.3928334473431601,0.4694620449416126,-0.032085413929839504,0.3423529771218596,0.8202535473333138,0.24159970589196855
0.9192395267852158,-0.5503032003628459,0.2990781784578424,-1.3569487387941008,-0.05232057740307773,0.6097702908896839,0.5199188590023078,1.367897736098123,1.605463825840899,1.3743209090746074,1.3788791439736676,2.8238437157519045,1.32721069010932,0.8456734618316254,-2.3306344882566385,-0.710278610295431,-0.2970496744689364,0.3829719644565806,0.1888126428338611,-1.1035810401182997,-0.6698279526919203,-1.1482516436357249
0.22354742838534533,0.49780109121895694,-0.3579165332507628,0.09745256310808298,2.0885586102223983,2.3673043426956455,2.0918373065062967,1.5635786902362503,-0.761879696038794,-0.030851852612735774,0.31088807974411786,0.9537360655853453,2.6619794230456213,1.3754935284046512,0.07047453767056183,-0.403529805499895,-0.005914894889828518,-0.6643631989243384,0.662596091245901,0.3845739253650693,-2.457230734696906,-3.2070088734410636
0.716152754708897,0.6351510274220802,0.5602963972266054,0.6517989757525775,-0.06574873237881185,-0.29849560798737934,-0.25712952307867704,1.0681694503748178,0.15218225103532065,-1.426194176791945,-0.7718024871496375,0.6030929530976704,-1.571401072819091,-1.1045515499696523,0.08228195560803264,-0.3170697161568419,-0.07620910919814997,-0.24414156417539337,-0.039749055828593345,1.0015228450952065,-1.6101058804167814,-1.363580936125582
-0.7302717471309665,0.40099148914656346,0.7194572919388068,0.3446465898169124,0.7306625000355039,0.9120880006268745,0.8536131785360275,-1.5725524618792988,-2.1682530029494345,-1.9888751630327077,-1.547933403191173,-1.116909806048318,-0.3457518600876992,-0.007514574103576846,-0.24334653864265637,1.3854561633527276,-0.11495267913573276,1.217294618214878,0.9839178584730899,0.25246434605346063,-0.49562807131457437,-0.5023897993664754
-2.222050709389692,-2.0827587412014306,-0.8954345135673707,0.6828298715276554,-0.23713907925162822,0.6595618872464167,0.18069729696996636,-1.0734987223352084,-0.49528836752760685,0.6849259174007858,1.978918531985304,1.348376813547874,0.2380927673551373,1.400501145779876,0.04792487828913905,0.8519135624064454,-0.2931500927537303,-0.15062429842397063,-0.04513290484541495,-0.2615984073260183,2.816301193414472,2.2990980775775474
-0.8819583158957311,-0.7473762486928268,-0.603254429352955,-1.0929312307939834,-1.149413927262826,0.3540534112219583,0.1307161063760759,-0.8982404198865164,0.592776801181138,0.8711186161768488,-0.5188214985838637,-0.7253814817124652,-1.6260164737223874,-2.1142196914119604,-2.604389013787934,-1.2305400688073018,-1.8155804746437278,-0.7320923331382876,-0.6042166380563251,-0.2869448422416691,-7.173206873344676,-7.102704076073655
1.090933091226046,2.7172970967126955,1.589690884582043,0.129849258229584,-1.1494553882785077,0.09844247720432253,-0.2516856495104393,-0.15476923899982417,-0.01504080256859569,0.2903961570292321,0.9423886419804371,1.0648764216233855,0.8985352773033506,1.0951093533809428,0.8398454837542605,0.044175075465247425,0.3877577447996224,-1.3758391421524352,-0.8224535472408684,1.0769384709290044,0.674469224909813,-0.4405992393062834
-0.22712821082722037,-0.1282836180831023,0.31877747523942646,0.6982310227719251,0.1130839621296867,0.0852023161211174,0.32423039632633627,0.08266658839398795,0.015970445998273016,0.7111722167976456,0.3088612688079486,0.02366930062995306,-0.7910875404342712,-1.0987320261251399,-2.108184797316992,-2.3196192857619597,-1.0628650545050018,-3.151590298643727,-0.7692160591542818,-0.34152309039234063,-1.5406068472778605,-0.25818293023906036
0.48594836400450203,1.8045733081467445,0.5521042467362346,0.9145857348571695,0.05623230211074452,-1.17340637032879,-1.0415384083681396,0.3101778969765087,-0.12448003853126842,-1.6937028769568714,-1.9567380737410414,-1.6078630285156097,-1.7640426006687466,-1.2432001760660998,-0.5317177951966234,-0.4477716912550215,-0.29997021439093496,-0.7484407540463722,-0.9967097935637237,-0.2524663039486008,1.2605638194549182,-0.4530609889109032
-0.24334773799697454,1.4975551613405091,0.43126518261418745,0.4537237980136831,-0.2841875837236098,-0.6255861084907369,-0.20698743566230995,0.9035316289136895,-0.1552625553524964,0.6596848424332175,-0.2808786896261263,-0.28551708248621305,-1.4171880203214948,-1.4149077619338273,-0.6819651346800814,0.22756852404985697,0.06098773438445523,0.17289534991569883,-1.1872858855839619,-0.061414140317161726,1.4098876679249661,0.4932996139678389
1.9873152985928482,0.7323020917661629,-0.1565355855320251,0.7039876342621392,0.5249544587021066,1.445585536951114,1.9388362126775671,0.20320416014870715,-1.0719633472485814,-1.2618709542529252,-0.08686117025948299,-0.07081886159159917,-0.09248394388375362,-2.072612053795858,0.13923543656698578,1.2519134297121086,0.9142193549947178,1.4128706343706845,-1.1305717002960751,0.11316215606124749,-3.712189354381315,-3.761092592002069
-0.8882679369150208,-1.143057087550959,-0.481440170948363,-0.28989451038727043,-1.764266218938694,0.5090270648534185,-1.2423263931636683,-0.08521003087512266,0.11267859775585111,-0.3547922899638569,1.2751772844932063,-1.7039527107512284,-1.209094536391111,-1.856829543184431,-0.8628444905423152,0.05518268599544561,-1.27600881027982,-0.6872178355554067,0.8813224071379022,2.1235673719900343,-2.6972605892398525,-3.2204897312764422
-0.531008581704737,0.3542311560413879,-0.37626144756966523,-0.1450091395692949,0.8424117654062218,-0.031646415904589754,0.5577146483205992,-0.1401983601092151,0.3662417735026098,-0.01918836108073624,-0.8924453287639071,-1.1940843757479156,-0.6079284339074358,-0.7663638626297866,-1.800671749392623,0.23306979696676514,0.9701739468449773,0.09943771403641329,-1.416837556930847,-0.26480289153708486,0.5184701386777902,-0.11602473981543573
-0.31951385437502106,-0.8161580112752761,0.009103304080285545,0.09939824106789458,0.41116120448837795,0.13736907513811789,0.32130962644899913,1.0801178355114944,2.031572052798722,0.9164951720758914,1.5180404752531975,1.9389388797846903,1.2159535462943558,-0.8151198762342406,-0.6541450388839494,-0.24278103056945816,-1.3117979097983241,0.046966541725767835,1.1419388165664137,0.8497775714026167,-2.121466629702631,-2.865428395125188
1.4013008317663576,1.019459500476118,0.654986488305238,-1.7597181873946364,-2.1551076013904993,-0.6581656410642982,1.370711648668299,0.06428919944709588,-1.7979753002173495,-0.2502286890504337,-0.4121759791175851,0.5243394069537896,0.2768255268959319,0.9519558351653978,1.1397483634734003,1.5643334968908724,-0.35523151590819346,-0.9642707234019132,-0.32849900253580755,-1.425904788786352,1.820350285605715,2.1337841939523523
0.1833918459807455,-0.1393069626533342,-1.1348722780895493,-0.9079857659512885,-1.1153599298703287,-0.500542810787839,-0.5539286524800415,0.13905674185270311,1.3765604134002691,1.6565522735847062,-0.4317033517758176,-2.4633569039142342,-1.4839049680813978,-1.2351327319147254,-1.0545971405325723,1.3127372707136913,0.11963418029106333,-0.7451345567499984,1.297523906293585,0.7557511704328035,-2.573265151167244,-0.9683907138058228
-2.3930153736517727,-0.8136459477861833,-2.0464814500156505,0.22422095491709387,-1.1432242630227993,0.5426447818324033,0.3008816503243145,0.1565791982485189,-1.2552563637835787,-1.6795256129128986,-1.5518831908287296,-0.7369326997959923,-1.0934173411135213,-0.9527712911123446,-1.1787085736201148,0.33323413172602234,0.04700675793172312,0.3470277048608377,-0.7912733988099439,-1.023784749671697,-3.048093894466439,-3.6240311196579413
0.47374278285422466,0.1818041702375928,-0.6308840243965645,0.27211175340545646,-0.2537485870170499,0.22790722887512968,0.35999811336506876,-0.9604860890405305,-0.9123148571113667,-0.486251250308093,0.4486032667222187,0.4231027756970438,-0.4344724606917919,-1.0311312577552623,-0.4610975060333563,-0.7459412287671262,1.047190797377912,-0.49263952958433516,-0.15042503681502795,0.849232797746443,-0.7874079343683461,-0.7414485527423851
-0.5541921754840861,0.852233271705646,0.4275723710323024,-1.2867890303649603,-0.8815826578343553,-0.8713406996950299,0.9230934878539852,-0.0768655771068338,1.5751117660984482,-0.5063070984312648,0.10634980936090999,0.39736415958495674,-0.5210630511823812,-2.2733799843117413,-0.6784431426370804,-0.47005158131179225,1.1288656023654047,-0.09106063205626361,-0.34317274694799255,-1.1056580949920987,-0.8499587903881226,-1.6553061567091274
-1.642194248346629,-0.8967955447570342,0.11079921439124076,0.1364418616007319,1.6643859301807897,1.205514536510259,-0.5514610090208273,-0.04257994977989647,-0.2153341921788572,-0.5017794249537301,0.8210760331764062,-0.10859209264525269,-0.3943413423534889,0.12288471652443111,0.6651808789103438,0.19942193185406848,-0.3065194838229729,-0.8157401914796731,0.4454753268296411,1.0577489472458734,0.3207848942525921,0.03997185430726974
1.527183579356081,0.4353536349171581,-0.8423636977026359,-1.665715347067196,-1.7733128810758678,-2.147108363665162,-2.389823795071243,-1.1995860693406084,-2.272711915431465,-0.7048199195435642,-0.40413275086795575,0.03806713647084007,-1.0823197659484196,1.2961685953793474,-0.1689631717685971,-1.1300187819536285,-0.840775714178525,-0.27815940270685063,-1.4550109106044087,-1.9540836022532788,4.302745647974241,2.1904496561506215
-0.43606025783660857,-0.5976603272688267,-0.12451441809420788,0.813786063676397,0.4593047941503043,0.6846671604632516,1.20232608858534,-1.654422583939974,-0.18507734034212414,0.5983028708477691,-0.5691611471809639,-0.45792882452582395,-0.803302499757441,-2.0173427602316982,-0.36900620940605744,0.5702357261200679,0.9040856418631315,0.5185768523057112,0.24541703210043705,-0.403275265835654,1.177381660406383,0.6537310605824583
0.5297794704569867,-0.5328185606283007,-0.7614078528433454,-0.12221882310693695,0.10602167529478224,0.18838830570847404,-0.578649160208949,-1.1544074457717866,-0.1495747300145047,-1.3605855294608553,-1.045348669481329,-0.011042234942776537,-0.7277413815499016,-0.276128173445329,-0.41795005630850746,-0.6547249967076472,-1.1079978424577015,-0.6580282140972604,-1.4097833837984581,0.5506096443731662,3.3172898502848867,-0.18299369797806034
0.2079358163570517,0.30128566490652775,1.6156402422319707,-0.16437079108348393,0.24604975255168643,0.2913390092094644,-0.08525907363743059,1.4293301806674044,0.6659367038098233,-0.24130043537476348,-1.6088119448582514,-1.7102681321675124,-1.048053150031953,-1.382327061471058,-1.7826160896797194,-0.07584049937307774,0.7871622569722005,-0.7968093503283382,0.5671272575578513,0.7270801660482427,1.380568029051382,0.773036324798411
-0.9500128996366758,-0.7603877285391524,0.6612984876254658,-0.2545796246980949,1.748929165842539,0.2813475283269326,-0.5654358046770722,0.0805701796501399,0.45647578957534646,-0.18643945708898518,-2.2606304229002405,-1.63801028860601,-0.060374383120203094,0.05124316958384492,1.003384715821593,0.9245858055400946,1.7658451133978252,-0.030734473706305977,-0.024609657736369243,-0.0023461388469158575,-2.614046852542428,-1.9211960382989013
1.0924008546726016,0.03308781504703114,-2.164465520137242,-0.7344680616066411,0.9257439740124304,0.9692310595410407,0.9578872109057401,1.9616848270658147,1.0929210682796597,0.8520560511697074,-1.0893824468797297,-0.9372193541226524,-0.8589393518171072,-0.9910660559329666,-0.9777640093860306,-0.7761570574364699,-0.1967158545605196,1.6887887959234598,1.0295615655947268,0.8700693946400155,-5.551145438458593,-5.752000696214297
-0.4699775919066108,-0.4797421339141479,0.19969565241496523,-0.31471160448352575,0.43245240723755424,1.303476391625366,-0.5246541668202448,-0.6713704281834125,-1.2255537883333982,1.222715521258469,0.40483701937394856,2.128045491593996,-0.23183765077146928,-0.7630106777240062,-1.3240309877951233,-0.14274904661376503,2.109455193099595,0.659955727235889,0.15450189020306876,0.38223661694759004,3.0912478092446154,3.6269599053057786
-1.7180329346000562,-0.27448721854333424,-1.232461822447647,-0.5733192719401131,0.029017636245253733,-1.1216197670192136,-0.7610264049316003,0.17341716324776615,-0.5493890761104722,-0.5950362882320962,-1.8122413947849516,0.6686901329591318,-0.6652566740659772,-0.7384910159377585,-0.16631690747113526,0.5527052587662533,-0.15868871242983545,-0.55618271171944,-2.341605803399552,-3.024022242203318,-0.8776014374290001,-0.5579854519968905
0.41346861990880696,1.808320640630848,1.8152216967740133,2.24730296318168,2.7975407467152347,1.3341538394473238,0.07812928316205839,-1.1840408037902728,-0.8666687571812837,-0.6709649113735281,-0.8169203860665817,-2.0449029498733595,-1.1013441867632618,0.1042785312927766,-0.06582603545170888,-0.8984496002966447,-1.5582602639420204,-0.32421505986313087,0.9645284549238866,-0.7718075712546908,-0.38558389276499017,1.0733952922300256
-0.23484376249876857,1.1277544256121144,2.074531871065122,-0.48145363325220064,0.3646126288591502,1.1935052167337605,0.2097464350927434,1.0782601857914387,0.3732600332427248,0.8922156804932686,1.0639606100797412,1.435530877536332,1.163479698132291,1.5957285787168014,0.8668963090454918,0.2382845641022088,0.1667815515433411,-0.9632570892652919,0.344797456319566,0.38633887921374865,-0.38911320226246304,-0.4941529169160366
0.08556659849869547,0.8450467321540094,-1.3760213064229598,-2.5049524696703047,0.3553789114427154,1.5381583855129675,0.8715331226732272,0.4255473023805287,2.1183555791110322,0.6527587493552731,-0.021569076924513184,1.0002303724881907,1.113652528769727,0.42333420329598237,-0.3844451243307442,0.047095122781770714,0.8955584017377612,0.6115557174983279,0.17736678504886258,-1.7497004936109726,-2.9280862034758544,-4.043842410958703
0.12116090893882484,-0.2971772209088693,0.6731698811684093,-0.06965429150504593,0.11950388010751833,-2.5680007308593256,-0.22969477283644846,0.09809644559342101,-0.8470700285692374,-0.27239512064846394,-0.9377446430005876,-0.6010850284266887,-0.2829745638316576,0.509137550384337,1.7974217567085655,-1.1224033746591848,-0.7284367915005654,0.6191074460121148,1.042379837263034,0.0839866513949798,3.2905416467207083,2.9841370360941535
-0.38449848691250016,-0.006402698253751735,-0.0003928614964555931,-0.04856600007333625,-0.4952494740471907,-0.15707614394931332,-0.08398023746649107,0.7748621920823608,0.39767943578143655,0.32608456604097263,0.10046902861315657,0.9349865800518373,0.9883765188568207,0.5795296641961624,0.47195512631545666,1.5857203368528452,0.9933803993621932,-0.03201540109419157,1.0550668357465176,-0.3795706181575289,-0.983671376680537,-0.9176561758095062
-1.0607811369869145,-0.00943326122430537,0.23656950997590628,1.0417851119804653,-1.373845425231241,-3.038716120268549,-0.39314007767250636,0.4129502100619883,1.9568845167545277,0.1802556168844827,-0.45874444484224375,-1.400797382786313,-0.08685230509166574,-0.1712959694655584,-0.3327633357815091,1.6033587701446923,-0.6840504636311828,-1.1938958906543704,0.13771525377832014,-0.7286934579324069,0.602756437379711,1.738611291707408
-0.228523481355571,-1.1911524965786526,-1.988312630429765,0.10365828389159265,0.802581495573487,-0.2266514858099185,-1.1786691305681862,-0.04293590251019849,0.37162131000294385,0.5671664487295124,0.4600189301254146,1.498551714471132,2.137235387754742,1.6439479965417492,-0.5180813549509877,0.10335333603228662,-1.2009960211231328,-0.19162276148047241,0.2748795174101734,1.3527681814920314,-0.26508372682026127,-1.6114681494862526
-0.36778035359759137,0.1811488549136316,-0.414106324170605,0.03489965813234251,-0.16521303496282935,-0.19327428217514525,-0.788326308701979,-0.06898584968324117,0.4087180601826065,-0.19899239514800024,1.269864173046117,0.09264362583435763,-0.7633054387248637,0.41985184593549646,-0.18503789548116975,0.4067125029274681,-0.3857271953346496,0.6273256343722938,-0.5666479388786141,0.05358469036998588,1.8107820875014737,0.8847221784541457
-0.6931119092901441,0.5767007855034112,-1.1098775795295304,-0.923285176465277,-0.3087667462948209,-0.6186349422093801,0.00749308121625902,0.12660283374672915,-0.6189309781854822,-0.8451772970107261,-0.7589786387667015,0.95509868918892,-0.6196259973942572,-1.4538441655484058,-1.0521436839315579,-2.146765205077323,-0.47418230668437933,-0.0026573054872749656,0.3717064331446557,-0.2038293529252514,-5.829638918654984,-4.4470977226164905
-0.8509206341025376,-1.117228439753925,-0.7858003146552167,0.28102457284511184,-0.7499981391665257,0.3407823231209633,0.17399434012524942,-0.6182903885081974,-0.016944462137865865,0.2923739960780523,-1.3488704564879592,-0.5572090807519605,-0.702279718201811,-0.7322823506978906,-0.39181016851486994,0.8113066604189298,0.5372171498598877,-0.8114739428195329,-0.6150558160401356,-0.31666679367049383,-0.2095033671438506,0.21955064388252582
0.6817599974401226,1.5723243465092795,2.418082035968436,1.2169926453705107,0.4470487180939074,1.1163098026686482,0.14341925752824125,-0.09743847197247837,0.5982588779520166,0.08202562243576746,0.7364605168717742,-1.1152323161711037,-0.7168223235891815,-0.13724741506209778,-2.8345985369037727,-0.4918457158466077,0.8298344864887642,0.7253053811861715,-0.18227002222269534,-0.0711217084940997,5.754847943781156,7.7401660371260235
-1.8205514944142551,-0.1603732441001357,1.770426130211032,1.3181577621961023,1.114431307690198,1.0962480583347243,0.2730533075903998,-1.2263191902822117,-0.7117904213199305,0.01874646786680737,1.5003806267096071,0.9183940833023256,-1.6744961208938811,-0.6005258964267669,0.3649249294124206,-0.1019114957607403,-1.6844109785884696,-1.6286827922051448,0.09458136306156446,0.22203254150181487,-0.2061527951036537,1.3062636644169021
0.19028474988013583,2.244999510415226,0.7518690434950541,0.7770947520351372,-1.5956867968398898,-1.652083513220332,-0.017844956526058827,0.17387061916191524,0.5715954285517535,-0.14552470606670728,0.42991687776419224,-0.8555881330009253,-1.9677644239273795,-0.15723635969517832,0.38814028807206524,-1.0300206931980262,0.7943158728701256,0.6358558682321347,-1.2880407789061883,-2.000960582305233,1.445378258333151,1.7225738727861128
-0.8543893229938861,-1.4222074148374548,-1.4824911615920886,-0.6991521739458931,-0.4792790629719968,0.9029223068344829,-0.16302578577120272,-0.0332301690133545,-0.74626234094837,-0.36654970235691525,-0.33330373393867735,0.2970470433639828,1.2285368445241558,2.076529096105405,1.2296738032892407,1.4095204004530262,0.46538909484628166,-1.0756621466839789,-0.22415756319513985,0.3152169775818366,0.47012509326535845,1.1787862125976045
-0.5933567271434422,-0.03160267363117549,-0.8904578660332352,-1.130297745739248,1.4161811501112285,1.4319702880053273,1.5839551936339331,-0.006341300855005369,-0.17897830288562058,-0.30507567606928104,-0.011908591706975096,0.09463699102792988,0.16324612181136186,-0.08515727880480284,0.9575670879859465,0.26368810675269616,0.07960223845283854,0.7939529840433969,-0.6979832406299777,0.9066914359928355,-1.6020213467317657,-0.716929303727726
1.0600786468297332,0.9620959249898088,0.7024913954772007,0.56194794873073,-0.0015617124741552464,-0.05134199206711214,-0.01409205163906654,-1.0379593628223271,-0.5876373831440762,-0.10871566389009248,0.49473972002631605,-0.024225449933647017,-0.2547918994453718,1.3014486199435849,-0.3941624364008195,0.07557053434748949,0.12470547477308021,-0.24031252555649915,-0.6538272840329394,0.7757127275806043,2.3693855504056236,2.4003465512842905
-0.6318918756755383,-0.7176745724546322,1.015517620416066,0.40720278590027315,-1.103724904124113,0.30597221762221943,-1.0903128959997705,-0.712681012906135,-1.2721542012422276,-0.3205462196761164,-0.41112733066740587,-1.0989414625938496,0.6742402165532507,1.1362147039591803,0.9826417693782085,-0.8042485064464292,-0.434812490417496,1.190950069334742,-0.2830749979997327,0.23873844098286304,0.17104448264410266,0.7942887234421026
-1.545110077289245,0.446700763049832,-0.4673015016828392,-0.8981010714545402,-0.5719367824358996,-0.8697935546720276,-0.895072827279819,-0.5196277268672234,0.4946620864067346,0.9569837140558115,1.6992627750885678,1.1664061614186017,0.8749167178784107,1.4870565502203847,1.0624843476823655,0.9725892055640725,0.2075117117120003,-0.29090653090788854,0.5760533859463621,-0.40004770098419384,3.2148036171674104,1.9219941286438318
-3.610792475630762,-2.5322767384462317,-0.15913272037207635,-1.2615741332202757,-0.0072499522454654375,1.322833522231384,-1.0212765773752865,-0.49046266268052285,0.6488524778430648,0.5799023787234301,1.013484786884212,-0.28092954853596,0.2535227254400058,0.7735013614233415,-0.1974594231438355,0.11903711803960687,0.42402340182558407,0.3116890765968034,-1.044636109305177,-2.0970744848839318,-0.33423867922837897,0.4135785472027627
-0.2901871131140416,0.007875428943973403,-1.3897153926709505,-1.114896068110801,-0.26790781450875606,-0.843188446251858,-0.16409833317534514,-0.4811218739121096,0.3450066424042682,-0.5691573472663167,-1.2459479009956238,0.09268826923851346,-0.4264112627590169,-0.9905875354662026,0.5413954001372057,-1.4735583258034037,-0.7183353811588107,-2.0144916851246126,-1.4313734308057342,-1.6547848524955608,-0.4169089751585392,0.5459760300527267
0.6611802091205049,0.05959924472797753,0.2352779430792907,1.1435437757099665,1.2875443704203278,-0.33868177166839775,-0.4425520767659735,0.8562389143159554,0.9230247770594462,-0.6472785602596597,0.6317984462282232,-0.5264190690107927,-1.7950353907156797,1.0636624304784195,-0.268488083296163,0.29281698423501396,1.0179466809511568,1.2660914541987198,0.3322189580039524,-0.1176736198794983,1.427377718739962,1.6042309612567227
-0.7747197184253444,0.13002489115847884,-1.5145650247333127,-1.8095616805322672,-1.3024997490454824,0.8672561673756306,-0.13276095982949995,1.5012040326308236,0.4862334846969092,-1.0171884693725437,0.18757651405251927,0.6638740150896082,0.5187353820683621,0.1926224105342276,-1.0772684880520538,-1.472388618786722,-0.11921902423325077,-0.6006582656946972,-1.4787958761029798,0.7311308875418386,-6.714925133986806,-7.704400815691602
-1.36123184571861,-1.0100249980077223,-1.3838664010861428,0.33771983131095096,-0.12512274769658535,0.34180428719339667,-0.054694032231741435,1.1618905601095646,-0.7228499716090296,0.3111463327278545,-0.7548036039982611,0.5149403432696228,-0.08954916696070381,-1.774255457908425,-1.6154335439908436,1.26602803296981,0.9483700986057675,1.8088506596727405,0.9151680548151329,1.0798511687668442,-2.7105590594286504,-3.2764868169405426
0.46899686145664493,1.381582907201962,2.403854284363876,0.94509869148284,-0.9915718820849192,-2.468653279981038,-0.9377944314655646,0.12054510082656739,-0.30048469194344535,-0.6033150017740597,0.4287384789199895,1.360992148903863,0.9192853124682433,0.5221527848474763,0.8097760468087164,1.5863265897807415,1.3203493822590706,-1.155885699155959,-0.05883880700708767,-0.5846361580910123,-3.6199951013744744,-2.756053585817362
-0.12840761293170463,-0.6502925466625606,0.31916867008059197,0.2253902746339986,-0.8453941261562526,-1.0613521164975896,0.38086777015435785,-0.43182523386768973,-0.7378699987803506,-1.3988643597039938,-1.1729261878969486,-1.0047942306899427,-0.32802714857469545,0.6002389695610256,0.32712951297985116,1.3908118097360989,1.0187002332324369,0.29101035620996085,0.1259583846945828,0.004832506623993974,-0.24303348014803047,0.11926562985994152
0.05024452042962914,-0.9445888373136796,0.3676250993113142,1.0939730815946784,-0.5301286757559356,-0.5156370481881385,-1.8790136134511006,-0.31939711061618903,0.07236134252944752,-0.6897193737878247,-0.7150584524013002,1.051069908493605,0.7222670575843794,0.9445625324387453,0.9484032607342135,1.4763996814343174,0.6624590316462333,-0.11262893447541915,-0.7554498898175833,-1.700963991159074,-1.1940959778398494,-0.08000870763118378
0.44095326704526133,-0.9155305691694885,0.22524980390714477,0.018287638097427728,0.15365401653803662,0.5634929142649654,1.6676009899358215,-0.24716580509461086,1.1898017440716884,-0.6326861468810012,0.6004894855288151,0.8783405575378823,-0.1070825659044928,-0.7538003583852694,-1.2221864311554385,-1.5605127532741923,-1.2484566069398704,-1.7737553635500014,-0.6184485044219982,-0.38723588729747044,-0.6773371379867121,-2.451361348706885
0.5287862046468855,-0.04549065554305189,-0.023728146452258476,0.6481675768570927,-0.17203026263541887,-0.1171283090134774,0.44683539762126145,1.913127829151877,0.9037976270410423,1.066679455924592,0.842892267673603,1.0184468602962489,-0.7041418203832189,0.012155665195610375,1.3948999046639758,0.26296766460704535,-0.6586647174650493,-0.45295549073731783,0.11391323031268341,0.13776759765144792,-0.12136271000631171,-0.07393032580378756
1.1668784308302549,-1.0513658622119,0.02378637294187401,0.544947033313657,0.16651061247791976,1.5468933258202533,0.25554485399764015,0.18240595050773678,0.5384242726908142,-0.681078512929987,-1.2361575007467416,-0.2880419920118258,0.9769633460458129,1.620866741231844,1.126492623441543,0.776917058430003,2.152511197227012,1.042613331338664,1.1372303249166553,-0.9063832699286992,-2.8860372585975265,-2.86263219348941
0.1367516000493393,-0.026326990936955747,0.04956992810500396,0.27884045023617504,0.46900541719898664,0.8131927849796345,1.1613338124409394,-0.26178525863158314,-0.8567280006914431,0.8680147559630994,0.8212477978364137,0.7619444578160982,1.055808687214108,0.8727145255428861,2.5057717625715488,1.3531817605166983,1.8743010101939699,1.44609023600331,1.604446862310113,1.0144842451917364,-3.4473782238347277,-4.572262931773748
-1.261463740663791,-1.5836042561237165,-0.8789845930753766,-0.8561603895167209,-1.3333439246305931,-0.820251994157019,0.2834867826613161,-0.5276284254301227,-1.9111173557041747,-1.167115053408626,-1.52639666878527,-1.2627917961648245,-1.2790305915772868,-0.9679045920286654,0.16065384760004492,1.0400010672938478,-0.2646773165722148,0.21112017613650985,0.4304792065406354,1.3664738585747407,-0.3485649479228812,-0.19136873995729975
0.7888467420569588,-0.18875461681881037,0.33441645219153676,-0.7372733718210476,-0.45320170196890563,-0.2888134126995101,-0.0982403032246043,0.3135953237115723,-0.09595944345778916,1.2640817239835427,0.07132571989915515,-1.0492762604202284,-3.1710616071326743,-1.646709083190631,-0.5690343671598954,-0.12324860234106302,-0.2688683622199998,0.5973541118015532,-0.7251538520755082,-0.6599560790044599,1.0460676394075492,1.8025596494083216
1.6985068083292951,1.0989980178481902,-0.05873537430788495,-1.5158545703899429,0.44028891418749827,0.06538829024683905,-0.5900654466304317,0.9862174890681497,1.8594956167749266,0.839133982187883,0.8546347666765596,-0.002757809140524225,0.659785918237929,0.02402002886198592,1.1571678880659413,-0.0953959507023313,-0.3033154593738916,-0.5848206829223302,-0.39265513051664513,-0.9101621907715305,1.2612183491427746,-0.2878141950342391
0.09657046484301991,-0.09564756941520783,-0.7960253494763436,-1.956463364134535,-1.47914222939554,-1.305144744950172,-0.5436977866274735,-0.5316619376816919,-0.14010640927513754,1.0621313534445815,0.2080473479458102,0.3359820091846818,-0.29222563867909934,0.40052626498530136,0.30772228962262005,-0.4552035880030462,1.3842492362097139,0.9436644931705868,-1.472860751660491,0.7963369391560617,1.0394179035462072,1.0907700016782496
0.16630270545810374,0.6917030326936372,1.1429289795864295,0.15186825638775026,0.17407343253726448,0.4448298476857242,0.07266895707238054,0.567739707842974,1.0861186223368777,1.9042561143678118,1.1294686125535114,1.277998545744776,1.1510230024423758,0.05704595918575169,-0.20856939412038622,-0.8479106510745097,-0.22129882132702827,-0.09286447025146853,1.3057623023992762,-0.45014578297178215,1.0276582123794233,0.7407198554734081
-1.046490648530823,-1.8825539404491514,-1.6563350398052836,-0.7622515532514844,-0.7535373711415755,0.16734511656527964,-0.06377754318797733,2.044503245784527,1.1793026410183942,-1.0224241573613608,-1.6759576918998487,-0.5858835347027808,-0.1610963082622474,0.489572655422208,1.2841562923705876,-1.3140827824185621,-0.6096353255049655,-0.6695684928551736,-0.5072242397562834,-0.385165181827532,1.1565927332311796,1.7605029837873998
-0.18129584533799692,-1.3707385463196249,-2.0977512540234184,0.6245041900502258,0.032238534167816676,1.1895285810797844,1.9297591191738603,1.3999988547966027,2.067586371096996,-0.23434668944125148,-0.23973940548220243,0.34278396425318014,-0.41754285290599363,-0.24445611041645654,0.3849602110362817,0.924564301131851,-0.14744738077278116,-1.7593181694606437,-1.9654451504992108,-2.2420835912774404,-0.6564689510273523,0.01970536146989331
-0.6332244045776889,-0.34667325588873366,-0.14803852502809292,1.0771867881147201,0.8371685954454915,1.50091205329314,0.4850204422006455,-0.869281812212784,-0.36659724694212154,0.8656823478127667,0.6169907120656042,-0.21582879694180268,-1.1750640053089962,-1.5773698175573467,-1.1223595360475043,-0.7027147922097797,-1.2174003064731467,-0.2619040418191352,-0.5408358022336197,-0.4867513838115041,-1.3330444341786085,-0.10859828231621749
0.6266917609992735,0.2372462590853402,0.8184697913641695,-1.0213473911374922,-1.389708469121013,0.3648316901105886,1.3733782851508263,0.13916332790231578,0.9330036845334624,1.2410507225752327,-0.18477396047761085,-0.05820565630017569,-0.23416908359938113,-0.019253832228912995,0.11771229451984427,0.8443187551034562,0.47741996315164764,-0.3541288663340308,0.45383629101089984,-1.7194346430024887,0.9155952223287659,1.5859391368503597
1.2063587442842962,-0.4061107501826473,-0.44927993033781943,0.6601551558973703,0.9969545710582762,-0.09500598709990289,-1.7397581320313866,-1.9818074111134873,-1.5325085591637393,-0.15022033649174638,-1.768413459903111,-0.6524923600992313,0.2766881075220188,0.826739189581475,1.440075281237434,0.5047866768619954,-0.4660478400412215,0.6562597701697535,-0.8041106095855516,-0.6052715877736486,5.619987018869489,3.7986662861184164
-1.9337103081738154,-1.2277336163584038,-0.21287166666626833,2.1417928821432834,2.523534577334671,1.5939803965555117,-0.3284872884687727,0.4759802294935002,0.4747456384400411,0.24563352371814814,-0.04533043170506183,-0.03360792566810613,-0.13835624237348482,1.2212832107804241,-0.759581982550744,-0.9365565850578328,-0.2511540344385438,-0.26984680545579626,1.0655431048353037,0.6433718088390005,2.230005232895862,1.5469856395500186
0.11291126220677827,-0.2559244109733841,-2.1053495000555373,0.40661538899449123,1.011679807310661,1.1728985552408102,0.44497178130062787,1.4227036617956803,1.1032961848047207,-0.03690398987406833,0.7036326600844882,-0.10787378215470564,-1.0471736758722345,-0.6165613356852595,-0.4822198791415513,0.8847930240888765,-0.36181045426059305,-1.5132621002272464,-2.543277046812265,-0.656475536092053,-1.7750706730797212,-2.048591381122302
0.5214192797272529,0.05140845501658915,0.5587616957043701,-1.1343908631332695,-0.3175495961548786,-0.3547492970669432,-0.4426447356315449,2.369031172241096,-0.8408751908647912,-2.4197939111844664,-1.3682400550749232,0.037789855074041034,0.27466692695380823,1.4018642338114362,-0.5696443071327895,-0.8973333074687503,-0.3767449879647736,-0.11193617216912655,-1.1555507805091056,0.5825028490943178,-5.215090786206721,-3.6140120688599344
0.9184287135461954,0.7261517395030976,0.2832284663295889,-0.29901520634675294,-0.1355705046749135,-0.41719904856364937,1.4599747157308287,0.5891495652551154,-0.11554080812536363,0.48857850095514865,-0.2824353891594452,-1.3658397160665803,-0.24150872825269729,-0.12373718291787632,-0.9425194939079505,-2.0113429528783153,0.37971341812356213,-1.1592264029364132,-1.7059273971975808,-1.398723045809251,0.20597198532269223,0.7615985734735636
0.3953465187627289,-0.4254766002211061,-2.610930381912596,0.026966622990279823,-0.4787812790079145,-2.4578408739947424,-2.6294833356105403,-1.509287608798659,-1.8283909813433408,-0.614713962190123,-0.3522807293793836,0.3633126630393693,-0.5887717979220264,1.6816730165315985,0.5800624869645016,-0.33746253959557926,1.0268531707792516,0.6998316788635746,-0.07688589374920363,-0.8930529439031047,4.262106574298399,4.545390239725668
-0.9700366316413351,0.2579303546295603,-1.0664613449244211,-0.3476529436324705,1.4994888793483523,1.4551051477417005,1.4569888195512912,0.676835269026795,0.013292120474367973,-1.3372709762496358,-0.31539964392812153,-0.509656207982886,0.09354461573654439,0.10471329970993634,-0.1888719107017561,-0.6740984503476998,-1.2851879138314823,-0.6931093870096121,-1.2136529651236723,-0.43206523794352475,-3.476124733304836,-1.9074793443104983
-0.12816665639657773,-2.0644175346470464,0.10059332880009994,0.416184958956863,0.677844489181215,2.27104672140063,0.8064948701211284,1.5729336900535504,1.424728307388069,2.0833839435475756,1.44840587853088,1.667936353562027,0.016383519540864207,-0.8962238328025666,-0.35721150745343194,-0.3425025849248738,1.210774615094632,-0.9574185163428537,-0.9026231819642893,-1.0002372271759976,-1.2896073409442839,-0.2699713841136746
-0.3667471674480621,-2.1374694096351248,-0.72912752356911,-0.30635387242711337,-1.3973544332129257,-1.2727785336731712,-0.6780049589897198,-1.139823114353693,-2.0613651764530307,-0.443633625735301,0.7154002936632854,-0.06825315793870829,-1.0676592482420375,-0.06413531202901684,-1.7089452412770736,-1.5815132057361625,-0.3132991442001498,-0.015211277787146813,-0.8476562170960368,-0.258578845938374,-0.020574384588930905,-0.7633545557147751
0.559714221299887,-0.6107569335272777,-1.1135811670951148,0.9738054459904845,0.048150595420127035,0.5799329740945631,0.1378057698475531,-1.4042173302067535,-0.32808172082963255,-0.09020515565889953,0.35580703089374704,-0.6344675965755378,-1.1669803235479177,-0.522914704123526,0.6200277043333916,-0.20294913744369789,0.142119341649383,0.7202322107449627,0.542195019451151,0.8974256154472219,2.370235726786614,2.035416191574893
1.6601521880063785,0.7561468613093242,-0.024036500715705966,0.19988956061477284,-0.6857930877780058,0.6886607790910546,0.8091374844105783,0.03541881624018494,-1.4509049247714099,-0.4884382228889102,0.47233383821891306,0.8454496454296035,1.3853761979200454,0.6905969103402666,0.26934514593013265,-0.8058527999457417,-0.11086290393718473,-0.08440566240960246,-1.5531855759192865,-0.25544517070007305,-1.0030391474999645,-0.7832605326017418
1.4488694022229585,0.711712080170613,0.4802139596036603,0.040786354328617276,-0.18516641103209777,1.138538758678624,0.9192720516931474,1.2410334977163526,0.5414849685545642,1.7644893106430344,1.5291809402561491,0.3926823093968938,1.0490036030777596,0.6985764563958651,0.3979578395242649,0.6543046366124613,-0.03452202713661058,-0.6294880198043044,0.7914954938086495,0.38107278666287364,-0.37022821068363226,-0.7415923310038876
-1.5000320744456284,-0.9367990535556954,0.44511103848673894,0.7075262069176963,0.7915106569785921,0.6650882143682076,0.795264214812103,0.6850653360513379,0.5089553370702341,0.7234033571681645,0.5644679927504173,-0.24874331418384918,0.3180963457697189,1.2644134974848507,0.7339280946789973,-0.9313025193591927,-0.9084607651106544,-0.21952064328605006,-0.6915513324965279,-0.33585446628924226,1.4577130834114018,0.8845940240180294
1.9518548921566126,0.39369445037447476,-1.2638056033256522,0.08118646847255696,0.10552184607738016,-0.3790577353915534,-0.34310014778497727,-0.2941289154350011,-0.22955916373771118,-1.1625014706999306,0.682282728953291,-0.3478193369691392,0.40977043805745883,0.9667084048193214,0.4997683529147449,-0.2469250036960491,0.6292589116417132,-0.6064363183267261,-0.04619836963891391,-0.2701117629207449,0.7041981912970539,0.8152025949392063
0.7638530149898328,-0.5829068046289692,-0.050547644919318735,0.7463927578856308,1.3147166688049148,1.6007566056719778,0.049283692278000835,0.45571239116779927,0.24738637513973535,-0.11013698885534269,0.8293154862167081,0.09957581517459174,1.0879706330739298,0.9165951650089568,-0.5237928054736755,0.48075899630069246,1.6773164652637544,1.5817296895593884,-0.5858966872208171,-0.6279122724809886,-0.5833779927262905,-0.6326186094257631
-0.9360161767472795,-0.24219658362723276,0.5559280985387429,0.1025374836615005,-0.785789295882983,-0.21216338582447056,0.6688151627987278,0.5430632323799371,0.6097744071522612,0.6374376722187821,0.35191316244823706,0.9792232083800302,-0.4024004091946063,0.7000141729466106,0.0163909576818907,0.14782270557582539,-0.700664307132756,0.25030522726069865,-0.18423570962590688,-0.4602509232902063,1.341224996472612,1.3195945600293943
2.2042459701137327,1.6049182893895528,1.4953331211149021,0.10541012741179996,-0.39309323123830225,-1.4986567368572228,-0.8909914694422745,-1.4493733704937437,-1.4668394195128678,-0.1799323262591652,0.005858924125416115,-0.181645440867523,-0.9041196223388565,1.2215134438545596,0.6664175895109659,0.15097246819499774,-0.810481964028899,-0.8109362200651856,-0.23437533030947533,0.8584720921136052,1.8513584006186394,3.7151092132814467
-0.7737514358821108,-0.593133077642844,-1.1178429409933495,-0.6259510350196054,-1.3324747694952561,0.29949496996346475,-1.3710987148704354,-1.4276224869230154,-2.1121821599778534,-0.7007135480719783,-0.7352726076355338,-2.079143592024282,-3.0103397137542838,-1.3024925398441998,-2.44236535660033,-2.25378827648825,-2.035241599292077,-0.5318363343182314,-0.3128113432839098,1.2548261424744598,-7.602122017761228,-7.182163726853264
1.3915473427493759,-0.26829565265234623,-0.41895022208002114,-0.40525804110836267,-0.654753295436333,0.2972651984608496,-0.7693529340348614,-0.1493122745777702,-1.7211786022512836,-2.167324549714019,1.1262010557678115,-0.7834617142178734,1.184425432634252,1.6619392920868785,1.9423221218656919,1.389833170402876,1.1153553252795265,0.794948455712753,0.3846523387427819,0.5294554935517866,0.7684388191434255,0.17295055758799138
-0.576657282550728,0.45607950790902696,0.42367734532779533,0.6569745070288869,0.9906806626975958,0.5707186111890226,-0.04051084992693178,-0.14784758190556807,0.316772446709288,1.1689157602994549,0.8524214274248296,0.06360096000227088,-0.5768379048304956,-0.2938951741902863,-0.18611756636112928,-0.0575878189928322,2.047791504210341,1.0745149871696513,0.042889817392308925,-0.02119430497290333,2.460389793201595,1.7727745845466811
-2.1683315267384393,-2.869665434121548,0.9311657703919581,1.2880674511971582,1.6443310120199255,-0.06533394306037635,2.1192288934615284,0.9345846496656081,0.5016119190815618,0.9776122467233587,1.5320134441109987,0.15017333000479965,-1.4631530578815959,-0.027511407640938654,-0.39099590015874564,-0.1843476309297384,-0.4186998991349338,-1.4503047017696868,-0.9737462818633281,0.5810595131800727,0.16642903705150802,1.7040757211360507
0.38998206419477505,-0.5011375867025051,-1.1429784989107796,-0.8417204862344254,0.05841448717368548,-0.6487932513857074,-0.45657092601785887,-0.8392373755732581,-0.7140835967662802,-0.3531088489839134,-0.3743151511914847,0.5342019140618166,1.2027558046661124,1.2598970788413648,1.0912204690467033,1.1576629115031214,0.9120831440338663,0.11931081923987323,1.991708095537639,1.5619549966890371,0.718662290946669,0.6741052445125422
0.5322596160353071,-0.7575480905422941,0.808379195942233,-0.24886846768165202,1.2675126503464142,-0.008177014698438841,-0.32242117151605654,-0.11931634750332529,0.5185994268687769,0.6234020496685833,-0.8841291144668377,-0.9156058537227915,1.7083062750066291,-0.6781839820557098,0.337040147877184,0.6340835264969662,-0.8841096793783012,-0.4641601738435702,-1.8201069732865909,-1.0842960064520057,-2.6887145345101757,-1.0590124064536288
0.8609351455576185,-0.3710612612103514,0.920616036034687,0.053313717401260105,-0.6478907439112033,-0.15356068893015895,-1.9812355068337262,-0.3825615222056321,-0.398144100374469,-0.24543055263830968,-0.706069363967125,1.15338911165588,2.2390343237525068,1.324750726423499,-0.28825750875705813,-1.158818155753844,0.49012530015703937,0.23360868267939042,0.033330206149337085,-0.4550788974067117,-1.4062078980305242,-0.005869910961042904
-0.7908501107765729,-1.8730276844453269,-1.0529309982362347,0.08960909223492664,-0.0840794065854916,1.4204377723201795,1.3930429764913173,1.1523224394876657,0.25083655071972166,0.4018494194349655,1.1169633056084998,-0.5414041147993074,0.8920135065030567,0.08907762544239041,0.32901190521337365,-0.12979543006136918,0.831949085295913,0.13588365060421645,-0.2568206898444932,0.2726933668475038,-0.6906397475552242,-2.315915208175246
-0.8466893199408303,0.734255619440626,0.8407156252056779,-0.5792643043563218,0.294226830933242,0.8174807862870407,0.6996784789323506,1.0917610011440615,0.15348241859043726,0.8251407831212636,0.24753866276736708,2.1821810202815004,0.3863296586528574,-0.42707218387299006,-1.2276949476124899,-0.7997694471174299,-0.5677343025755448,-0.9511062842021756,1.1151365803774242,-0.20320925526977182,-1.6498032373556595,-1.0430728212283733
-0.29251416615144216,1.453944546274551,0.07424547246578823,-0.7092157930181249,-0.8844069493895088,-0.41725153343693844,0.8570128510212304,-1.25195689255664,0.016303488370388808,0.26907488749427183,0.5397477664551474,0.39465049378630024,-1.8655316284938361,-1.0521058693296723,-1.5563716775635663,-0.48286561998470556,-0.1752787933119904,-0.6149069840160629,-1.3260489266050424,-1.7519908781339568,-1.4699110256926793,0.9888606676453408
