X1,X2,X3,X4,X5,X6,X7,X8,X9,X10,X11,X12,X13,X14,X15,X16,X17,X18,X19,X20,y,mu
0.8460518555839486,0.5593609020969265,0.6071026764584649,0.26240803246699246,0.8490862554455395,0.826040441850625,0.8060103194190597,0.29339835329606034,1.1152547054764748,1.3168741419254293,0.9331765953504838,1.92005104689818,1.4963276734490234,0.971990048920759,1.3232986580000716,1.042939271488281,1.6329854402850248,0.5876073692706634,1.1479795233141783,1.3131298421319733,-0.8726151706395724,1.0302920015452708
-0.7882495688150092,0.18546598166315503,0.2369043229256976,-0.7201185932245913,-0.4810798621857109,0.16820771405660612,-1.204633928966447,-0.5519976806939335,-1.7613222630611358,-2.1352126144285197,-2.05688766261567,-1.2567110549047333,-1.5668342130950053,-1.1450708035572548,-1.070885139314073,-0.09222474780055298,-0.2794462000574563,-0.1251377438698663,0.03737723113257418,-0.7666389301221628,-2.5652633836286665,0.5983207393664528
1.1994013985064023,1.758028628683223,1.6358051152526092,0.8465606721184735,0.8960883667596267,0.3576005561118055,-0.3872707045348291,-0.9793611528959367,-1.8316968722877078,-1.0650804663194104,-0.4039034826356202,0.4486250222998249,0.473928212712796,0.8407868518074039,1.0684681687085253,1.65391077871108,0.4574830319166976,0.17195778122592492,0.20395591254378215,-0.0032701077281057657,-1.085847141259531,0.6983334752498109
1.2600071381979592,1.2110764671103362,1.1107953838191962,0.2286922495964688,-0.5287710737176794,-0.4201829713805286,-0.2099379346587123,0.22391697096910085,-0.39101053245531664,-0.4464204174945313,-0.32515997203175945,-0.32734550748064,1.4359784561835665,2.429885690676025,1.0253449384648117,0.07286103955742944,0.7831839962954532,0.9616112192374938,1.1086586697858507,0.11667720968040922,-1.8538312844795872,-0.08666724618684016
0.8143938744616538,1.1602278550231138,0.5284179014806066,0.6112184722497612,1.4461230768899336,0.8237918047417943,0.8281086499916541,-0.059812073187718875,-1.3923089669564186,-0.8783489772604404,-0.5120487461058741,-0.5083028980165527,-0.627737689861025,-0.6480214965098702,-0.4948688221747349,0.02717823869512628,-0.22802243562758281,0.1478463715088442,0.6525853888150814,0.6541816917562965,0.44271617238035077,-0.7240615509358459
0.24360831807264752,-0.2666595909855128,-1.372180672602254,-1.808291489641409,-1.4613537223397444,-0.9013921776581654,-1.332453820041887,-0.5984329342438522,-1.3281971025765247,-0.9923574174209085,-0.4307046870265929,-0.7099890068899347,-0.5555245876902355,-0.6338930889478461,-0.9332714235452925,-1.895981144962516,-1.8140741430962737,-0.6833891339910314,-1.4807205372817438,-1.5418354613732492,2.001339951261569,-1.627179582577787
0.15935795867007085,-1.4411392833933074,-1.9719106582084875,-1.7977460309150692,-2.204109181269289,-1.3136873043437571,-1.877131902645779,-1.797019070212186,-1.5744174980398737,-1.6130842472626894,-1.9337931589402169,-1.7614388033797936,-1.781276137051271,-1.1789697976806521,-1.2349090631088981,-1.3514343962897681,-2.0582033366440697,-2.4968335553242946,-1.6054414012047151,-1.3524006062451628,0.479536633700393,3.6568015128016116
-1.081371752632366,-0.7706015603090967,-0.527847656622895,-1.176238296461594,-0.8305992041622745,-0.43274883281007465,-0.7120846655743284,0.04590227607016267,-0.17880278520985465,-0.1671403931371202,-0.334523645894524,-0.2938715133441104,-0.19949636072788662,-0.04909267053513491,-0.7368203805190834,0.049502879637396954,0.3664819210759105,-1.093563174084908,-1.3373751484217902,-0.45192302884775815,6.7191374586666095,1.3800039570968223
-0.5688382564803969,-0.8694718649154765,-0.8434034751725081,-0.3659209408509011,0.19854533919619738,1.4711733951117332,1.1511937321030197,0.24885469144515804,-0.5040342151361982,0.22066637645164172,0.14283196003185972,0.8961275403631734,0.03182339933652892,0.3944276265631238,-0.9114769367373895,-1.326070408477993,-0.9828026388261396,-0.7243157866583587,-0.17429790312311952,-0.1434936273567975,4.063142475380253,0.6006802423348659
1.149922654361715,0.8323162495555736,0.2559896007469497,0.8775791778231544,0.9536624691549328,0.44202964294068303,-0.6204944119665157,-1.2120174507017776,-1.433255574027757,-2.071837985090924,-0.5092670807153622,0.09087211358791786,-0.09519592261139091,0.35233194686235497,1.7929961626159072,1.5475949762890941,1.3081028498234801,1.0022708363919584,0.9765682957208796,-0.09562925481239118,2.7406846159951677,2.3638244694982586
-0.4999150348020694,0.42261708961443845,1.2567556426566164,1.055579911889441,1.2094233864023316,-0.2617616685246953,-0.48826816272352513,-0.0165766566841514,0.5177912591319696,-0.10081561108419042,-0.46202450544524726,-0.4442200406868399,-0.5483162243725396,-1.5644725623512148,0.3196626916748714,0.2939519222968623,-0.2885672714121118,-1.1704572854278776,-0.47159610538139096,-0.12020040908020022,-2.284794384860605,1.4463329212618299
0.5621128613533197,-0.5571974139319017,0.19110110835245273,-0.45652984413572345,-0.17293565714101466,-0.50147618148175,-0.492137559413167,-0.1588571451777986,0.3605746846260721,0.7418072838686187,2.018949178127476,2.1391735826262157,3.2037943469928147,2.824101706522789,2.9064236760836923,2.1510437823283755,2.2543177051008434,1.7202014877358098,1.5942408130932022,2.418915246203017,6.17904079618698,7.588637449885383
-0.32729782088422754,-0.9148053052631728,-1.0467358560393218,-0.8292401301962833,0.06740269507548759,0.4969712998475391,1.7675341406359464,1.0588813602887526,1.8391323534653594,-0.4195966329296382,-0.6158695931643713,0.05978724476977776,1.4863470490416375,1.6595814343167326,0.15537424921188425,1.1980892881448215,1.1253753066113978,0.4735037839301462,-0.2042628570131486,-0.6213853519312122,4.242356426598073,3.1628576396648826
-0.002560412366374119,-0.19161383671814186,-0.9461000350352723,-1.7209173437870295,-1.4912016617592803,-0.8325822252592544,-0.1152714269882656,-0.31146607579789215,-0.7697360924970124,-1.0786375592830904,-1.288699673230137,-1.2798796645858799,-0.197520687845786,-0.35042335470415714,-1.2887414541020423,-1.2006502961486922,-0.6791302212755693,-1.2907608620177602,-1.2581177444503002,-1.620903074801064,-0.8587040314523011,2.177627739785371
-0.02362057244861427,0.5291461607427685,0.03393868162147258,-1.0358919792335628,-1.049293562854533,-1.4380620334482055,-1.0700952384645726,-0.6414739121880202,0.3779314270499944,0.3575301339305783,0.7373336798566184,1.132100145400947,1.53629358783773,1.0374628662329695,0.19964060214847046,-0.34019797281505476,-0.3687964013569711,-1.052777557876246,-1.3828520076506419,-0.6408202645902026,1.6904145389878797,-1.3484706512364255
-0.10051074019509229,-0.7887628403472138,-1.0148410885697534,-1.5229722121572669,-1.0536115660908514,-0.8750060307428164,-0.35883015495486725,-1.0389612770227217,-0.5728767369125907,-1.2180613042640402,-1.3517577404301497,-0.8842875253300586,-1.5678387118774308,-1.1745496887060383,-1.1581118740953176,-0.7974325587626925,-0.719447767144806,-0.12309580198714543,-0.44762825502623016,0.06969482227875465,-0.2039159289217719,-0.9928854115948611
0.21202231619984982,-0.4774980055393968,-0.5195782980211772,-0.36815709597306456,-0.3631039455440118,-0.8850370622792336,-0.4642727044246372,0.5789488190929151,0.6605944485719293,0.5399351484627075,1.3060200319096966,0.5695073152583042,-0.05187397672852396,0.16628133983731722,1.0545517429884628,1.2386713228303277,0.5580419180634517,0.767549306749959,-0.6125684949699467,-0.4370987597033942,1.571295063715172,1.3805820926119103
-0.719796328045136,-0.2587193942441543,0.720325088349977,-0.39534236276309437,-0.4546215570133708,-0.17024586488671745,-0.10768126703230096,-0.40581215157837386,-0.5450514225707233,-0.5707230862061251,-0.7728027834800998,-0.12025317804253705,-0.7457924132192089,-0.4953456916886363,-0.4389181680736189,-1.1968488733441909,-0.29685950205065675,-0.3919592795507842,-1.0552083022717507,-1.1432088016830333,-2.0983577846408528,1.0066235022992134
-0.14017823776106522,-0.8273017364814336,-1.248025221691325,-0.7058126092854106,-1.3237211108375853,-1.4412440916047597,0.131130532419903,0.814148792129693,0.888783166097166,1.4910246570344008,0.24107618100395586,0.2590441176945582,0.9563981967705614,0.1014503194358916,-0.03604204443742839,0.3027461584666138,-0.021020870985861313,-0.3965958078192156,0.21725745139177102,0.13117223954798315,-1.1267011155685007,0.4543480888719237
2.0601365261864952,1.738049239354027,1.062634767875672,-0.04228139876427026,-0.3524002141980289,0.003973930522501645,0.3129002898662928,-0.382465481028368,-1.1944335452559247,-1.341118239871411,-0.9362971552793365,-0.598822829560851,0.13147346935912455,0.4015755370923085,0.12945337426578965,0.31562035128732846,0.7093967017474908,1.3847541895435906,0.6299945938917637,0.16590202089870965,-6.347820285190332,-2.123901881897885
2.3418784826955354,1.9612387275050456,1.745365242677546,1.3042942734400567,0.8792597947649203,0.844060184055899,1.2821262170169436,0.47693888897913056,0.8528752338480035,-0.21326961843218256,0.7793118372851067,0.49357425115887865,0.9906840782967676,1.0688289801488196,0.292926214113701,-0.04419851877554506,0.19639708485180818,0.10519771291038746,0.19311387412691255,-0.36573823706542585,-4.998492862082222,-2.2495141744720737
0.35924367699861326,1.4333688971488971,2.3341157846825262,1.3526184511976593,1.7186049342635603,2.2365503353447207,1.7783565300777295,1.8083753037280512,2.304280413705917,1.3983892896071002,1.016431367142274,0.5614122790903073,0.17015746981019395,0.9278994296638964,0.11920024849582272,0.5414355683401002,1.0567972689020015,1.1290671103438241,1.5509736214337222,1.6582939781670256,2.1187071511068343,0.5005809338544913
0.009824930449563231,-0.9139786132394118,-1.1099350170634905,-0.49778177112406147,-0.7814856875376329,-0.10307200608080475,0.9279955922244598,0.7732530410459338,0.4783961867194016,-0.2913036158255776,-0.57156690885765,-0.3273623358504393,-1.663350272861126,-1.0704724727268065,-0.19030527114636506,-0.24485278801188168,-0.3312944902346324,0.031094425601919395,-0.5447698439869335,-0.9666965469779415,3.014499106658858,0.9782702129630376
0.7559515712587893,0.66527586905966,0.2570112207907023,0.11467213299347377,0.2761761726881796,0.5167694599006325,1.6250007181745678,1.187762914459586,2.381562675135034,2.3470546467280187,1.7027402113809327,1.4176545180839275,2.113414015120396,1.6960461295158866,1.4977069410892163,1.2678244605107174,0.8030043115118637,0.6356357023060588,0.6103766972763558,0.6988901122280927,2.5678285889512815,1.2986473420040356
0.263546640502541,0.2750972396550724,0.7005999988126285,0.29121062250968555,-0.0826925828431695,0.12144303239587273,0.3111564947644844,-1.0025674727739524,-1.0006090083931405,-0.6342731525174791,-0.04306185531535699,0.6630698250868504,0.8852055059090842,1.1808121366816853,0.8602411706811941,0.21253796251712403,-0.11114162973346965,-0.7092968201329821,-0.46319210278771156,0.19395070496649447,1.328985890729418,0.08508986534815133
-1.5119678928416171,-1.693464096548736,-1.6804696568168835,-2.2217048998544646,-1.5591450676894125,-1.6402806184363798,-0.8243679857806022,-1.4762393322551175,-1.9709081400880426,-0.3988682088730061,-0.5406863639902507,-0.3049054218591891,-0.02062717522807965,-1.0436299583866957,-1.7551274134973711,-2.117476540897178,-1.480223580796265,-0.6733361535065548,-0.9108592869461759,-0.5008268668760053,-1.6065580879461856,0.27275083515804804
-1.159327211826752,-0.5039957519980793,-0.4536262485574558,-0.4289656646852855,0.7499429054210521,0.23341675501581405,0.4630018379550152,-0.6455836399420256,-0.8440823744459862,-0.172262227160936,-0.2848807850425151,0.942957093373841,0.49901162754316397,0.9665564044484605,0.5174913918932508,1.9231841946714352,0.24815812413934227,-0.6924384255369807,0.21242777269264554,0.11341865844380392,3.738059788508451,2.855416097440932
-0.27043252665144285,-0.05657673613539054,0.5644022342660253,1.155155063488552,1.039393514587894,0.2932331295150854,-0.5408055208658907,-0.674440711567094,-1.054942253582512,-0.048790616741002484,0.8138429925987076,0.6903781482335227,1.06272517587611,0.6392430788933021,0.03547089346854935,0.033105566737567434,0.9756294570761962,1.4757535990739148,1.2053356704016522,-0.38315256419683075,0.7877298004496063,0.6308882745840211
0.5466394310251109,0.9724419569408087,0.6813077357537349,-0.26246104607401755,-0.448161314400779,-0.525005599167801,0.24387236542501003,0.8530515420532411,0.6827096717229791,-0.33572860036408986,-1.378398613315626,-0.9773171337835709,-0.9660724588068935,-0.9172563626389871,-0.5738940207256658,-1.1769005527681362,-0.6662460566015066,-1.2560939144342311,-0.047491332921014,0.41736405263524307,-1.6495341306370306,0.8909586695959354
0.8454080015594369,1.6160753585271659,1.5976534207473434,0.9760674660725084,0.4618436171676893,-0.010671431208252992,0.4214145417508006,1.0054047386670897,-0.3352955016727779,1.0283449918182153,0.7392161819257276,0.22149081824502526,-0.13213997431737518,-0.270479866009303,0.2048201353795711,1.0312491184086043,1.0712177237938327,0.6004657082811455,0.6491624214589672,0.48435677254920495,-5.1354167649030416,-0.21043357347251496
1.9019934283548277,1.945202933728862,1.581695963277569,1.9989333316208955,1.3535388768362304,1.1272992303989369,0.7397514813708275,0.842982452119921,-0.2589968439940247,0.2849409097062222,0.726343249558261,0.133137805000562,-0.5044677156475631,0.7494009573014244,0.7698347034403008,0.599701555271841,0.32187955183976985,-0.0740882822777779,-1.0250523729332326,-0.7018497375098488,-2.8650088770773805,-2.1437070562459253
-0.24957638797975773,0.646259124830385,0.5860651677581621,0.9803498751759494,1.8029903142330856,1.1109950529291812,1.5213115107656459,2.0375201734238084,2.444398900529164,2.3046399453494715,2.625618913688068,1.9541902490791472,2.0440386743368353,1.7333437896168105,1.5378972504093442,1.8930758072537068,1.6832440619924964,0.8397293517155177,0.3189623370179666,0.11086736334578076,4.7805986720731495,2.813884295714853
-1.6771251051175056,-2.036756820512626,-1.8278305186729125,-1.6522013152695976,-2.295728202448948,-1.811757401411281,-0.9672927277863764,0.263920711805402,0.45548330283104854,-0.11679652402259635,0.27683155385377733,0.01490731133047227,0.7990697453981135,1.2765765577234778,1.3806590520962843,0.8775202390570106,-0.6929250569726341,-1.4612918451703154,-1.2653743418499068,-1.5869221824322224,-0.9518135660755594,0.48844216444302335
1.8516621482507727,2.0715077939203606,1.2913117360053377,0.7210894353658108,0.43809809730588284,1.4597289346789353,1.4195877705066058,1.4504098770767646,1.3103686159205103,0.41156929547126253,0.06454978138892598,-0.34641011635438185,-1.164671885548046,-0.762234727459155,0.7543017213335104,0.2777745060433157,-0.08272026140599038,-0.5905231417003893,-1.4160622430151295,-0.564830740381493,-3.7518008734073884,-1.9805965095982396
-1.2324809348082766,-1.2305398867704278,-0.7596527156775531,-1.8458391237509695,-1.8999115011154109,-1.132106240759815,-0.8680458837431172,-0.5561420016510522,-0.3701826183127599,-0.28910565127223986,-0.39784282374708396,-0.7982688561960447,-1.0953394762311863,-0.7688010699706752,-0.9345078532382627,-0.7236273606449293,-0.6635544953757537,-0.9706467796944118,-0.25383474497690073,-0.41477993680684655,-0.6432615733258964,0.793422320544066
0.9081997166827772,1.324197207255192,1.5236621272471547,2.4707922024720532,1.1062996118703556,0.8714891577925216,1.4270960180723526,0.4129115373340111,-1.0519993554262383,-1.7050530051406858,-0.9496538967876476,-0.6002919069593899,-0.5067783372987901,-0.14263336023847925,-0.6252470923179708,-1.281956476647135,-0.6418550201793735,0.5000054667172718,0.9736214462756109,0.7782413377381658,-1.0117091135412413,-1.5048794557545546
2.0158181880212194,1.9600342034265703,0.677655975551004,1.5441678538290537,0.8353355641514297,2.043522451472389,1.2192997527228824,0.46561101644630193,-0.6046577911035904,-0.6129188196704144,-0.8797781106482698,-0.8628231391694786,-0.46140114727084125,-0.9556462698300078,-0.780820039818762,-1.0887240330209913,-0.9437894879512853,-0.9660140616764515,-1.2108673587850838,-1.9429474881242268,1.0772166230549165,-0.08497261546061996
-1.7478255288032447,-1.8439182097556168,-1.4763970417203525,-0.804165980261451,-0.22864295744855834,0.08008357871079272,-0.4635209794141309,-0.7594586237102905,-1.3027785932131695,-0.9789036931863886,-0.0008002575765598497,0.3174913106457399,0.589681087496029,0.15353933303757478,0.21382347065397944,0.3740034389927605,0.26610483210328295,-0.16247871376391973,0.24099073786413497,0.33902310209154835,7.679306816990337,2.176122883215934
0.09227306908067599,1.1707987741200576,1.7556615371393873,1.5660546342524877,1.1387600231639763,0.7115782202424106,0.025434891326722293,-0.8885973463345505,0.22191604469795267,0.10388531982075758,0.3425083810783095,0.21697040540141926,-0.6891732778782209,-0.6270660491078779,-0.5507450488024259,-1.1493966360476446,-0.4244333935569094,-0.3201881870489654,0.565989490161085,1.0402563406619876,-1.755388428870977,-1.453873900906513
1.0695597258396052,0.8948662986764734,0.11721884772734666,-0.05964589151698812,-0.7513277288102502,-0.6134531426521727,-0.006487898419901811,-0.9769805215435089,-1.6268110133620748,-1.4856583487605877,-0.8042623287225996,-1.0050394335344495,0.48091612802222616,0.18481221539724632,-0.7792536136088204,-0.8478130531267145,-0.31867862056840257,0.9528418715789327,0.008330869378034867,0.2532570953524977,-4.273086782296908,-3.138683545883856
-0.40466495049550993,-1.808676208019568,-1.053348790146448,-0.6083087681715074,-0.4801353888152415,-1.0743732901129652,-0.5779958735740696,-0.6131838315309454,0.6001156048784184,-0.347346243824168,-0.5165443418333181,0.1889524921404374,0.39407042651194063,1.1058658524902978,1.5736515981428254,1.248056157118375,0.24328946870518442,0.715742663079566,-0.04770725739109931,-0.15909092408612507,3.037294728722104,3.232431862097317
-1.5129375292021858,-2.1325275774980534,-2.7376579665770033,-2.2247167734795177,-1.2468703884341028,-0.8382861146494677,-1.2022905400426322,-1.0349373418755619,0.2052916732058023,-0.30982213627960387,-0.5628251884218427,-0.04965032243095323,0.8363218669469552,1.6132804659417843,1.8216829274591593,1.8211585192403104,2.854610093219158,2.402253918382239,1.2837319861675074,0.7409287643009969,2.570479271260844,5.348608827527146
-0.7567200613164682,-1.1950915462131777,-1.6036948391038806,-1.5680366275608348,-1.9538265177242315,-1.3136735175330267,-0.8939085360083681,-0.8952125911362563,-0.5092384613888327,-0.279672473386364,-0.4247856264718983,0.4953760335939328,0.24870285117487115,0.20590210003912254,-0.2029383525242046,-0.40586910674959664,0.38113260240674646,0.4242493575652987,0.758175416125137,1.178705928337532,-1.5371828891660084,-1.1344536199286308
0.3910408417945804,-0.12661694537617446,-0.14440944765355446,-0.9587398971116302,-0.6533934330453371,-0.5135698606166934,0.07758060927072088,-0.6018199669408479,0.05753680979671573,-0.08173359239985051,-0.3807104889776569,-0.844539495473975,-0.3555469695465237,-0.6009522066530203,-0.7926950273649909,-0.21263424217231364,0.32965348560672314,0.7650618054037008,0.5922746807620254,1.319244540515872,-2.6378227135116257,-2.853195037244082
1.2374974676398722,1.8572755665244547,2.4922946877688843,1.625591567723415,1.1140103675128161,0.41716970949597915,0.6116736133660053,0.09759429033546328,0.7900058762055876,-0.30072395884273406,-0.9181831492890538,-1.4672983696071338,-1.077306284960372,-0.6332239758779118,0.09777269711414018,0.4110742123430487,0.45709783117050273,0.3180608012889198,-0.424083464104274,-1.0163888831475816,-0.32094746198401947,0.36012176808284113
1.7201966391312205,2.669501336486924,2.4025664689417643,1.9464312406781132,2.7198797832636687,1.1838909774173274,0.8173230509108831,1.3957494189934039,0.8966953239460868,0.8595743983119358,0.7486352894970502,0.07036291237646093,-0.42698010318698054,-0.3233470221307148,-1.5706025772551344,-1.4621611280953672,-0.8260106554884037,-1.9107759404844225,-1.6227686483099693,-1.2000021615430922,-3.803028084991156,-2.6897495006980896
0.7982855028187941,0.6657187075799034,0.3829692178923325,0.274547498079655,0.7219867190960579,-0.819877700533424,-0.6452192177986344,-0.6383310647053053,-1.0294561764397199,-0.6192171879720483,-1.5111945408796943,-1.6497970268619424,-1.5110350916458006,-0.004772290052936378,-0.36658451177787565,-0.46724483309783044,-0.30256015013913723,-0.27541256372655964,-0.7114795036884166,-0.6205251594678928,0.48820517076366854,-0.6502304806516526
0.4919657282088937,-0.9371912993225336,-0.4904304917770081,-0.3779152539199727,-0.833204408865883,-0.46400349419573045,-0.4411045455676847,-0.2603243519426495,0.25860524764262516,1.3578137481522985,0.7920680584156914,0.5430363299430231,0.7727501171354425,0.06749475524033072,1.2553577120022683,0.8464234108665475,1.8200747646451214,1.9092959323577223,2.6648813438616865,3.183480523464907,-0.7472331151250784,0.4814349143237775
-0.7878937286812768,-1.559308882903897,-0.7956965359943788,-0.925875952244285,-1.1593293351909553,-0.6793653928050787,-1.3918669496777234,-0.5442932845346572,0.0785445762982976,-0.17750932742112782,-0.30931236778967736,-1.2764406967021407,-2.8965203839235656,-2.5766056256911387,-2.7487480066390373,-1.2362000169380627,-0.43159483318092556,-0.5916411920608535,-0.2183503158386018,-0.27012671516587444,0.5100361240884257,-2.7366923731127155
0.416070789207042,-0.6190429324187254,-0.9755854535056129,-0.49242319995181294,-1.2197359190459938,-0.30335648748444544,-0.47355812318705176,-0.3645631237554455,-0.1705470644676582,0.053654185529042026,-0.022421588568768365,-0.5631530915975571,0.23527337795277847,-0.09680777187779498,-0.3138315458933959,-0.17449954570717446,0.07210109954863245,0.3518955620285894,0.27258938891913004,0.40092670573894973,-1.2361488078604732,-1.4236085291843672
0.904314653216018,1.2596502674093535,0.40104083698284254,1.2452121674617038,0.7111525473041657,0.6240721618937658,1.0739618947736267,0.7078483631306006,0.6203305654684896,1.429802237086097,0.9182627985198153,0.25397397565372265,0.8678701533894738,0.4678320437190761,0.24663910703890188,0.3370856556360084,0.42926698306734984,-0.7845247439241999,-0.8455520214619248,-0.7493205020274438,-4.36975051791751,-1.8214319155348109
0.33001059014319367,1.009959811949643,0.6003617400637028,0.3213074030785618,-0.09492122612411336,-0.7862959307279194,-1.1283132912677434,-1.2474456375807277,0.5040834974732572,0.6979676680146163,-1.096383746941965,-2.1522097496278696,-1.6233223157325447,-0.7037999481423017,0.11918521212247958,-0.5445551278726425,-0.4606709841289688,-0.724873009203419,-0.022355775944997575,0.3663071450115186,-0.12218021501997345,-0.43651634187301
-0.6374633939986747,-0.5555417501272849,-1.1757575039744326,-0.6790838461019861,-0.9056811784715563,-0.7912723697617874,-0.9103058936211201,-0.5587672781895602,-0.36749281586811633,0.4318425317409421,0.005413408785232973,0.18195768653774794,-1.2054572028638784,-0.9100171020843298,-0.913539082039275,-0.41200879047796385,0.16722720663955937,0.7351034734217649,1.1938738355717327,1.2590870999974941,-3.1549619721412805,-3.2206613825813397
0.38643356466445833,-0.9641556200071902,-0.4886825391276798,0.2770054293558592,0.3789250423412535,0.14392873391083094,-0.48120251628073185,-0.6662516794229117,-0.9599847275577057,-0.14419527202437252,-0.3552780226178953,-0.5379314470386289,-0.040342516926673615,-0.34128725363760076,0.4032063061255708,0.4594442440674634,0.04318135897488355,0.7434788916471149,0.17563085379751986,0.6780434360652552,-0.9279036418597386,-0.3715612173226743
1.485125233620967,1.7172221256926228,0.5196463904203967,0.7301979875311534,0.2980476300139801,1.3699832779746464,1.9698336540642993,1.3409618895591966,2.3383520117695618,1.7137631635423187,0.9568586891744129,0.3320973783155286,-0.5866042779276089,-0.22076174534534612,-0.8773297839427382,-1.204280084879359,-0.1856496519725887,0.434609765009138,-0.04423088879546187,0.23884598913282887,-0.9169934985532232,-1.7329183003327073
-0.30533331691028054,0.6744139732793708,0.6057546913742738,-0.021326097722814536,-0.5425710728079284,-0.5987227598627504,-0.5229594829551206,-0.4009970772212074,0.5270589072644462,0.16492694597043264,0.8371139708746815,0.646408604614048,0.7838871475670007,1.2943012314614808,1.0101372114636054,0.604222465864844,0.7901483904111777,0.7337048617165943,1.398666434403971,0.5811908048632383,0.09613698159436601,1.3771412305942154
-0.46076826738446813,-0.13150608439014755,0.33781616093569533,1.7061075554940042,1.4803606227117285,1.4118235332736244,1.104468107432024,1.1138523693814368,0.8706340036794376,1.1008975097409401,0.1940401400659004,-0.24742040075402286,0.047284594510144606,0.39893334755362786,-0.20365958528081837,-0.581947893886479,-0.1115140563980511,-0.3145279136752385,0.3842741859292442,0.3943687562018101,0.4110603089099647,0.4736106571081625
-0.8781115163131772,-0.24804146890668072,-1.5193985242159145,-0.8367041792792845,0.36418192908010943,0.328588743045146,0.8078053656463988,-0.32370870599004614,-0.37183984593831937,-0.4634643537515747,0.15224011248544972,0.9524162292487576,0.47231873905286137,0.6272350188175164,1.862782125985416,1.5765642159158775,0.40897195529260066,1.3977059001884102,1.8076633396484398,2.4311885502856976,2.6733239310575954,3.8145434393547375
-0.8631009255231653,0.25633720403033156,-0.3073863377256915,0.23581823392652188,1.386965745943244,0.69366871037675,1.117528267727207,0.667470495060087,0.519014195196492,-0.2591824930757475,-0.3256530818849579,-0.0016723950699096097,0.06375152837953264,0.23540431221806887,-0.2759704510736854,-0.8526443497277091,-0.34248774759027073,-0.883326615685249,-1.8983106341667568,-1.260098229263207,-1.2228994777936981,1.5014472581368816
0.238988028809586,-0.04866109353097721,0.4757830271074331,-1.0819713140800284,-1.4180200868129111,-1.0756609135833928,0.4067987523216526,1.1861155344846843,0.9105029561389243,0.7826292258128734,0.5216418362246059,1.0483842941997237,1.3718968065954964,2.1271288237612915,1.925443271631764,2.3039103312803753,2.116043594194527,2.244474520726644,1.492828766332022,0.7101903663050733,7.964639095993534,5.613949973422192
-0.6630071874661613,-0.08675253427300283,-0.9184989379553796,-1.333449822469866,-0.5145262008268844,0.15051480416164054,0.7850373744248577,1.6820875943000706,3.3533000862734523,2.8455192328819767,2.347857743200416,1.1232255585887003,1.5302647528125197,-0.02222956305021757,-1.0564246628002527,-0.9865423658413008,-0.6812919095965478,-0.9779592828638474,-1.6195118275835725,-2.5103265709666926,-3.7204102193961655,-3.541515063990109
1.945273763511066,1.1240275667408255,0.5540241470874159,0.32072900612864846,0.7216626873701856,-0.04053221421567646,-0.7324362771854777,-0.26142907966025264,-0.4777468569419928,-0.2833489704849303,-0.7713109113405338,-1.166019635494066,-2.279940939968319,-1.3687762911590016,-0.6299898992468812,-0.05427914315171559,0.4335969976209894,-0.16479795033616598,-0.8522761008304773,-0.15967216747158838,-3.9187751884653115,-3.0187405786597252
0.8325743436232633,-0.1495077896360819,0.975010681138227,-0.036266082139940536,-0.1697312143642929,-0.01854678792595435,0.1990940541323386,0.2191703795058879,0.6037002231829027,0.4942492503698247,0.43060515441787117,2.7133057951127815,1.4998821069945663,-0.0011799855069694054,-0.14554248883003562,0.3803194931681231,0.6764232054769049,1.6525365028245167,1.8466292366650428,1.3707808602008953,-4.846349442811138,-1.6201669660368416
-0.37809534925527255,-0.4742320674824996,-0.497085747188425,-0.33792427605819175,-0.42788710658367857,-0.03308390659677091,-0.8476430475269395,-1.5713077777809765,-1.4251747569864093,-0.9183661311083986,-1.0093620689980398,0.08404746083944321,0.6127549315598542,0.6120505308421422,1.6067760677459768,1.4055548001873226,2.7326193278330013,2.2511023120230402,2.670784744301752,2.660806923695645,1.1623202426078716,-0.058001619600470844
-0.31491641081829364,-0.33834711151946356,0.17811697329339685,-0.2741164660316288,-0.9895223617266768,-1.729373585779145,-0.832159204082359,-1.3221126904725413,-2.01143502266755,-1.701549601163766,-0.6115944450627061,-0.5283571417716447,-0.6974160247641882,-0.7086732258209244,0.15775359110594664,0.06570723648292696,-0.17745597858711407,-0.9974701281174891,-1.3800444202987656,-1.8353873277706252,0.6345106137356697,1.0818351982932872
-1.2146923116343096,-1.5483602658512559,-1.1634364359605147,-0.9456258883802889,-1.5614834835693772,-1.6570461397713072,-2.317337740316855,-1.547246479537343,-1.0405000229398584,-0.2830034743414636,-0.4961461711785696,0.5855665250968914,0.2546905805498316,0.12221086626658957,-0.138088506142676,-0.9667607121656989,0.027997426007901987,0.24312460213204154,0.34946007554717556,0.2478505203030441,-0.2604084605841588,-1.0504707308110584
0.028575742049936945,-0.28829238264981216,-1.2666796544421037,-1.0787709928663094,-2.1500121801976677,-2.1892913863405967,-0.8465902299450635,-1.1757185227852578,-0.7126819701864526,-0.9238911623443034,-0.8622198113636447,-0.5453245873022099,-0.5000232643224185,-2.156320815839744,-1.9310177407868196,-1.7185712291616555,-1.1353787825601025,-0.3912625961309604,0.28286923389395746,-0.19877310987671826,-4.362892790629202,-1.8354564505997837
1.2085291380615042,1.1947333721547246,0.7310126702430875,1.2837527888164357,0.6974868497039916,-0.21138778921829804,-0.12504808256748867,-0.9885707698421199,-1.0203693321533425,-1.0627807606618505,-0.45508204640640804,0.33064845353518374,1.0079323975424204,2.324703085012958,1.8093515319125195,1.7682577518526275,0.13877571634386077,-0.06421206664748105,1.087595129567214,1.538064715776031,3.5630961770924072,0.7856085398694639
-1.4128117352351164,-0.944784742203885,-0.6048164588049038,-0.521918781477389,-0.8944680710502736,-0.9254256792379876,-0.2364153139933436,-0.3705188650068204,0.05825366744605813,0.6544975217614216,-0.011706976502758959,0.15173985862309206,0.9079130470197594,0.8092825988225748,0.8533978304485891,1.0657575706345301,0.5905156753219718,-0.7135391230942425,-1.2012061647326358,-0.732853578260195,2.5175064182039617,2.298677873115038
-0.2874230315173942,-0.1216520168916407,0.36882519449544937,0.8389578386661493,1.6272041501301193,0.8644363226573112,0.8223605722735684,1.4927656471051018,0.09116293585514515,0.15399081102782244,-0.6961494620879631,-0.8300817610615332,0.9558289548925691,0.09279067308782829,0.8200539011708797,0.6870238505014661,0.0037449504012732897,-0.7348537260980935,-0.43470883578727204,-0.5918538422185601,-0.009829699938483039,2.090508285421551
-0.8704601833395045,-0.8323671534198362,-0.772423061763754,-0.33351631602639986,0.5314950501806386,0.5991265958103092,0.46556399462382786,-0.09284603146018079,0.23973314662208367,1.7665304728283564,1.9634857180126164,1.258870482734425,1.070684800677001,1.2686717720174001,1.3698830475262613,2.1519187451945565,0.7016304728493911,0.3556540810569823,-0.38546506680762255,-1.167747951877383,3.1786561456663867,1.9038619180317409
0.8259452363827074,1.4534981380981362,1.273507132492204,1.0868017241868437,1.953692596482477,1.8549814190329332,1.5972830741557156,0.9659092271794046,0.8080040779365146,0.8965632370572159,-0.5656151336000037,-0.5985146479030762,-1.7545921826345472,-1.2110347647301123,-0.3821977354285285,0.2617887441073436,-0.20436754061970977,-0.3992494402919635,0.5825275660316241,-0.08939808868299032,0.08281919348471067,0.48942319637041265
-1.4749347079655615,-1.7592397068783223,-1.7536266007109884,-1.7136274381400585,-0.8766289020066974,-1.4889343563030306,-0.9822669658570932,-0.15694027668946095,0.6634344320267033,0.34371088625374113,0.2941595379435161,0.7539801777638204,0.3846361764871051,1.2361412872978466,1.0918875236939893,1.3505048035136968,1.026116856793381,0.9209418419607868,1.4890480325467335,2.055970853382177,1.2810737362533886,2.228055988120712
2.0138209711454476,1.1221590152284886,2.082790315745459,2.244190696414217,2.562353964800745,2.324544140777583,2.3835261786211763,1.7629738344033121,1.759103679844881,1.542751135584132,1.1166395810846061,0.7674801816250276,0.42751659583739166,0.5070078429709414,-0.5534963312493119,-0.251722250073907,-1.089867287236897,-1.0189989017572674,-0.41112529878691084,-0.0955038164501731,-4.517000883498603,-2.5291322999462187
1.2490551015406315,0.6106627892917661,0.4895659324740332,0.6897959950962929,1.4500963616227036,1.371258873005219,1.7076328642406873,1.2678743290333245,0.5469090091573812,1.1356386948779993,0.9873462495739351,0.9384396514923428,1.5033560622887026,2.4123193763367445,1.9447005043402277,1.2846428514258912,2.3916057867485416,2.56255235603725,2.1486508288710398,1.0458323023295755,3.2114924690607722,5.127439860726407
0.4215093175405728,0.45962907215987014,1.1732703117371672,1.8648228744296782,1.0617918156067299,0.7345857611242654,0.2641172856328262,0.8006953180606352,-0.06726776514412648,-0.4101852445051594,0.7859106443743662,1.2830302605843855,1.4430734358141613,1.876390381139342,1.052912144160969,1.9731842724470825,0.772811350078884,0.8691277339599411,1.155265738654263,0.6484616356744998,3.259872045117043,1.860458890017935
-2.49477345784282,-1.6521519698003666,-2.1878937498088153,-1.0809629967004033,-1.8401309414769322,-1.5794288726657777,-0.2128138520647449,-1.0498743744000056,-1.7503485972356543,-0.46760630357258837,-0.20522010299210472,-0.21846425043888631,-1.1581948725028042,-1.6229820349250266,-1.8297473076731205,-2.1154771989766115,-1.4712683992640678,-0.5958813294430313,0.07160019412113514,0.7377458659042709,2.71566315399222,0.892833719194972
0.9168323338506843,-0.2289628817171826,0.132690777086226,0.635138743577424,0.19694948485329802,0.6705232343696437,0.09423974627967031,-0.24632411192955628,0.06823512258400252,-1.7805580037995363,-2.7102907384726316,-2.208718874856047,-1.9161912522035325,-1.681237680371851,-1.3140840105183011,-1.1164451352136284,0.14331039681971341,0.3332637437530494,0.2603806311681599,0.14498560982875838,-2.4083347503054853,-2.640888519749345
-0.4310750170499896,-0.4066122931853927,-0.6149656617980264,-0.5655139693220255,-0.3378841613029482,-0.5382121027588684,-0.7623167513555591,-0.6186169946992177,-0.5065285798692846,-0.04080947425939931,0.21060265742039733,0.28700967858062576,-0.23613441522113096,0.3890043712907323,0.4575355748478755,0.2429336682756505,-0.5753527473147609,-1.2090517289586238,-1.4881489558902374,-1.1422145407418012,-2.6842918431007643,-0.42238034487110476
-0.48533106928660374,0.41627480441064296,0.12493390563155912,0.2293158851671112,0.04761158079646895,-0.19077488336066073,0.007625529466628591,-0.552344529932334,-0.30961110497486416,-0.32970238978058075,0.12446369152124366,0.5006621358133502,0.2017593196861792,1.2804634596398958,1.0584852109555207,-0.12052173957029665,-1.0152803269381,-0.903040202541255,-1.3778849180952124,-0.28842217081998,-4.8287585890921925,-0.05674992265524071
-1.2412875846478173,0.19964850816664131,1.7454237465083917,0.5316836925274426,0.12402274446234747,0.06466182123694854,-1.0487133613638537,0.09698764990332887,0.36227229919995435,-0.1743377099478515,0.7090024207048221,-0.32695191849510696,0.06168436819249507,0.2534783779483258,-0.6611723934097883,-0.5580364049510972,-1.1546259577891542,-1.6081283468390448,-0.7592060484667998,-0.4627136386323639,-4.1174630129343575,-0.29959931441246723
1.7641277778620585,1.613987052033901,1.454362221366764,1.3657345464979174,0.600403051027263,0.1981043236600718,-0.06572207152711378,-0.0381953425486382,-0.8790945861575885,-0.7703621723310364,-1.4412868653215947,-1.368251661742727,-1.23548477133962,-0.7020720858225606,-0.08732433112160749,1.2592481886111584,1.1532653869231944,0.6398167395452731,0.3932513450182285,1.2294539769164643,0.17715994250227274,-2.866489291668616
2.0819062656401326,2.149224865051,1.3326803363648518,1.247596835238621,0.33407599338571914,-0.23121276265980079,0.3057809114661395,0.2836434784909558,-0.21648758729180145,0.463161664591991,1.3843079735808956,2.7493940119787577,2.736100206845477,2.9396364282744085,2.885265441997015,2.509696829172945,3.022843231131472,2.0270080350686963,2.8143434065555017,2.3514472865899574,8.996270551686347,5.688417246299815
-0.0958652718996862,-0.3884056245584737,-1.0612048273600772,-1.181492224917333,-1.13970463661941,-1.9372666836087764,-1.170949523353109,-1.2840753324033782,-0.5525822875160347,0.686096816954863,-0.8421181470096576,0.2012360072212239,0.42938451455703486,0.2472781941065757,0.7047925549282993,-0.07815949781607887,-0.6209363713528486,-0.10318599593386182,0.4229592494831717,0.8558023460153577,2.2724763072245606,0.42695250773449994
0.20482506267634296,0.5067130888990277,-1.2329246664970488,-1.4858371636231473,-1.3518448250510815,-1.3013009901966661,-0.5835608766212438,-1.4412330380725789,-1.452247800857919,-0.6443440514567415,-0.32450177231485633,0.24108489723319054,0.6680765074899228,0.3759647119700251,0.4976932497434441,1.604380919683059,0.8139524805243457,0.42714177926661645,0.31692522209616214,1.0038002845354046,0.6655890940726203,0.5645688958651418
-0.9321111215504085,-1.2536736503493218,-1.4494688233316153,-0.7067810728304112,-1.3512189038907272,-1.0479478843085854,-0.329411968965514,-0.31228078380724567,-0.07760608672578853,-1.1338308943503115,-1.116503444397542,-1.7374368925850905,-2.0958344887312896,-1.3303512086442586,-0.12427867586359202,-0.020046187998233708,1.142379138014373,1.5397007277046013,1.069905852616174,1.998075629833212,-6.716850566431663,-3.6708927155917577
0.6680664651868242,-0.059758310656121985,-0.2275596325612849,-0.6481847184002848,0.10877606606956138,-0.16433832549827834,0.23004024024543632,-0.4750969784739098,-0.6844381104982323,-0.7331722489489989,-1.4697814804151539,-1.5873799252702676,-2.1489854784332727,-1.4714471867377683,-1.3023121463168315,-1.6822145045867367,-1.6564876158602753,-0.6557603724011707,-0.10646504615483733,1.1820333426539142,-3.044160718772682,-1.436759212805864
1.6365535027636613,0.24139071381667948,0.3537302412136539,0.6377124140547532,0.16637057008738412,0.4221278473547692,-0.37352092232010375,-0.5110979598598117,0.1331563212302868,-0.13699088955925426,0.5378609213903907,0.4283324986548907,0.4991260862068773,0.4958483256542925,0.7318982778135013,-0.38882213905305424,0.1167405704558146,1.2698629268373338,2.179592901174212,2.893252383396204,-0.3520072185561065,-2.89971577107574
1.4976047083312887,1.3272464324188282,-0.26520176698580955,0.3459197544059403,0.628289261694972,0.8801661488899031,-0.08326910875044484,0.5636366849377965,0.6088379541623196,0.5442807910105532,-0.20533096875249957,-0.1654100447716372,-0.6462545581246333,-0.8498991786247124,-2.2992706304326824,-2.3429437807837057,-2.688436419259341,-2.5166388726378934,-1.988513193214772,-0.28039712654172455,3.7786566130157446,0.7098368494989564
-1.1744975656140169,-1.9716124791457668,-1.4514905047344966,-0.7598120488731657,-0.5093948034448937,-1.4248024142037516,0.02852171510491922,0.48359707658892354,-0.05877381006830774,0.3178463443622266,0.3543367079303504,0.3197425871237787,0.23743873996434237,0.06016977572847742,0.6734574367247476,0.652085704176832,-0.4141757380021869,-0.5793139270803976,0.04378736682741355,0.03967477762651607,0.5293485806793075,1.5224816954846883
-1.134817058170681,-1.506509602905473,-1.8501998144819496,-1.2389313411111413,-1.4238317369226001,-0.4802192271251502,-1.3284338989606685,-0.32220403163268846,0.2807013520441102,1.089673455810159,1.4905664573433701,1.6773985478421751,2.2938670654058075,1.950641101249683,0.9543700696955509,0.6203441829878195,1.9675736908012962,1.713669813629328,1.4017173932453648,1.5801390833957947,2.4005754601694123,2.8757754126688395
0.5955479767222651,0.3998903960569878,1.3128113806446828,0.46109348329807753,0.5955084780888027,1.2031785855693211,0.2588991140743821,0.312554868143261,0.17674630786255274,0.10580623737727075,-0.6556292877707744,-0.3063660510775724,-0.5564071194667126,-1.332869302567316,-0.9399931513860063,-0.5194803186466901,-0.010953915718165574,-0.13558916194039142,0.47821525612582627,-0.11843591740214335,-4.496732062838269,-0.6047041026821609
-1.409924182686866,-1.1329033239758592,-0.5175836479027272,0.7538930061775457,0.8955732824539143,1.14080116092158,0.7663804981319571,0.37827217656889156,2.3461841433391863,2.0565567147141217,2.0429504207978537,1.2334482521859678,1.0587148002129554,0.7229554483624783,0.18796233472657312,0.539444660216488,0.0057026624817002654,-0.05679284321963734,-0.8465984348140672,-0.8995338234819267,-2.2885094955356644,0.4877901133684105
-0.4854766667376355,-0.5385021895605349,-0.58200754796105,-1.2015702276218876,-1.6543836166323165,-1.2225460351521769,-1.0400844313323332,-1.469029224531123,-1.4719883452562983,-2.2956652963048616,-1.788152895627597,-1.5794701193528087,-1.7071921279684503,-1.4287661265107472,-1.7145576351471168,-0.6539987708591709,-0.3022372917564777,-0.6380125697926583,0.19995766841332563,0.3010811869916696,1.0494435480372508,-0.4904703172487204
-0.8956915445125554,0.3166360028771157,1.7649662938197568,1.94615775660708,2.4096023013482184,1.6180173390861778,1.1766162688951176,-0.06153494389197348,0.07176410637521806,0.7951627822648857,0.488929257678642,0.4922926126236119,0.9390585862210679,1.4185382155333681,1.5091168218103426,1.946727196132359,2.1868622612133373,2.5162771374184536,1.4272087888481444,1.5271839529409368,3.1141746471852336,5.521021130240831
-1.1461241819500796,-1.0382863550093975,-0.8362350887884232,-0.37976474573507313,0.1993410248137685,0.5701960503675533,0.9523439043467884,0.7305577674776724,-0.1473388752569561,0.6657268879054788,1.1596653835101873,0.31080504884764326,-0.584781479894626,-1.6170248787965447,-1.2169761173603362,-1.1470194711138195,-0.20937424254183482,-0.4064272058699201,0.05367229021603222,-0.029406227857085344,0.597195662668322,0.4589369818371584
1.1023252811278443,1.8757765111163034,0.9084001933146965,0.948769238201256,0.5617156318762192,0.5526561870611278,0.6873725976502045,0.2527648808386023,0.132485796765815,0.48203105989413825,0.9580999777353264,1.2944955555027953,0.3487991967952462,0.8913492119250173,1.325981727570432,0.7462051802794423,0.3332372198583659,0.8867511411803407,0.2363150834789209,0.0756793157549249,0.4180759815351755,0.8557796675873329
-0.7092961208207499,-1.6342487028856525,-1.4520257161119263,-1.265306607638173,-1.3916812808178647,-1.9177677287584085,-1.5988525206660873,-0.8591623544805215,-0.11196211104459716,0.7555075126423093,0.13651893763841136,-0.22276520140354844,1.2300790373193662,1.1419133305119478,0.7707827986663843,0.7612908541685502,0.32771495301647696,-0.06741706540681296,0.4471448675719073,1.0440376079499267,5.007113227404371,1.1769715212983476
0.7392732194074257,0.7751820326476775,-0.5031879372968808,0.15155635262030726,-0.3317542090122399,-0.35810043263929936,-2.0691902448915975,-2.0049776337175693,-2.1551810781533587,-1.651971901385375,-1.867217278066567,-1.3497833943891462,-1.6567137635014342,-1.0004566550797394,-0.3506034307282126,0.03177956693087982,0.12878938557535022,0.18123738372246032,-0.16345692785081173,0.18926223587898505,-1.955864879067852,-2.8058324408196382
0.5891131975496088,1.1123186200117983,0.4412598513447627,0.8912041726862069,0.1255622030500478,-0.472069625469476,-1.8871099920599783,-1.5384626054484696,-2.0733104015355917,-1.958499818186419,-2.29932652843364,-1.3101852871411879,-0.7641242554188306,0.7461032434068307,1.0969277297212825,1.9672483758675603,2.164211669747704,1.9173726841869225,1.3755269820061848,2.4823173702781105,-6.058980196534613,-5.276242512788875
-0.7566983896249864,0.4160485905419869,0.17454020346594953,-0.8568255779379613,-0.2412054230749766,-1.016692440454684,-1.0050382434195446,-0.49216295660289255,-0.5317015726576937,-1.312694112575206,-0.6708846262019094,-0.4798301080129007,-0.43426323424988594,-0.028494827526141655,-0.13113079988344714,-0.7312814587540732,-0.4404704046554357,-0.694017177327306,-0.770914937369507,-1.6525496787573761,2.406874001645527,0.9912722413333613
-0.311416160400696,-1.3094466606987714,-1.5344984788676965,-1.2045771801418783,-0.9799043873181745,-1.7357813178383985,-0.6990938446159827,-0.6001619201265789,-0.22464982705342842,0.581469398033563,-0.030605892355984352,0.5888354805132457,0.45284871015775235,0.595203571326613,1.1064077730226987,0.5680676607811757,0.3094522021278909,0.12815725420922372,-0.1563881667370155,0.2307307636678851,1.102089744883365,1.4282109966959804
-1.0530773870900891,-0.22614803640239178,-0.764177767136466,-0.3036914080115265,-1.5444178540351046,-0.9972845205488323,-0.8923114251119598,-1.237725374578297,-0.27741457297958794,-0.38534191023192416,0.5489224374510426,0.09651559086818325,0.9436397954859627,-0.14900889103000362,-0.8980421114862879,0.07691993164454622,0.4601306746181995,-0.15837864541912727,-0.33816948288329823,-0.11320726601632451,-0.9324208551236532,-0.07017872522378849
0.9442537203314861,1.9201385240942128,1.6309689045221067,0.7094971681441821,0.5774691941914856,0.7371862284236301,0.2987275632974797,-0.18583703705007823,0.3805336672759176,0.9455293741084755,1.2125069676884936,0.7029587836846328,1.8362875424785081,2.075761793490252,1.7297847823980752,1.8434668108006946,0.8491095756151207,0.5593117773544241,0.7182509143995405,0.21248736025442144,1.0362022270538658,1.4862924213741366
0.6141933489504642,-0.10240511736135889,-0.3032828921094643,-0.7025785964049154,-1.234856890822414,-1.1576021923644804,-1.667352768313897,-0.7841242085656762,-2.198334025730715,-1.7726135251108173,-2.255305659282067,-2.4534821777700824,-2.240889264566496,-2.3917815822320767,-1.692358267363178,-0.01473142636073826,0.2547237916325654,-0.08948060380879352,0.9752323527363892,0.8639167998391264,-7.691373381383848,-4.670041271431626
0.590836087711319,-0.12965467135459535,-0.25130740727971834,-0.049415132264446604,0.4137111043614006,0.7676597428439244,-0.25279887381289096,-0.7202966421554072,0.32217455466483774,1.2701253280579397,1.2168329762381567,1.588476796210863,1.2849894713982215,-0.05112192923042803,0.02187175350120629,-0.10003876674521281,-0.9318304483755415,0.7922993913738537,0.38022159651315135,0.637764056431059,-0.1978261310253422,-0.7988325670062907
0.31387495510039465,-0.25888955436412,-0.5993266045659119,-0.7737004572861665,0.02096270443691035,0.9867213465417689,1.172876851605097,0.906009561029611,0.4846886965767554,-0.10978396844637049,0.6348119925592293,-0.17347183781122594,1.1606439634611536,0.8223234723537991,0.015242338639983529,0.45271688642000685,0.474151803110797,0.7479887762764319,1.8550597886487579,1.3072569977899249,-0.7715464150618874,0.2695471891659895
-2.0193970523581495,-1.529075815043509,-0.5206539680141208,-0.8518203708108922,-1.2666520290126053,-2.741831346827493,-2.7013906570384565,-2.1996173891803235,-2.431910027883355,-1.531589849308335,-0.9324441702403555,-0.9159190151241824,-0.13002526795066502,-0.36866156400318123,-0.41420041511865485,0.5123357702810922,0.20294011128953723,0.05851927185727029,-0.037096348057741965,0.48221803884340864,0.2399301278963378,-0.05373364946755796
0.14747555485845915,0.17235410959683525,0.6030886817593586,0.5148152347659553,0.48746887858237364,-0.01699648539385597,0.3234314974831553,-0.8482572782556618,-0.9811824974236486,-0.8081645596996928,-0.030521347096326253,0.96960942454256,0.5272123173365911,0.8149948111327063,1.5299747297192683,1.575957650427125,0.51208427222059,0.41239035495411164,0.4128134631537531,0.43689828739393044,0.9904430884469848,2.2089964152316544
0.33010744563214567,-0.07914529722998671,0.30036068602445654,-0.15857669973796745,0.5588752040174559,0.08771250787525564,0.05228126016601306,-0.15882606906974606,0.29520076965172454,0.15176828573600007,0.39719698705312834,0.8582076827196996,1.1367600401983635,1.120258361535883,0.5227704610417667,0.10640163431233181,0.5046355265371896,0.678166650307216,-0.13254097911849091,-1.0238215782416193,1.9609795750678924,0.823176690183743
0.6738347611557237,-0.03821460720680333,0.01418897869283605,0.6057343881250961,0.9364556918609951,0.3454470301468301,0.7159754167620659,0.08055406053791583,0.18679905638278116,-0.05691384228118495,0.9856192919209062,1.2545547203864862,0.5886468200105572,-0.7989931708870983,-0.18785351739230693,-0.8651009362689851,-0.3587114519385191,-0.2720198877391893,-0.3539780338624408,-0.8233413746766449,-5.314539309512819,-1.4294701736943276
1.023623119971545,0.308307871088332,-0.21221397745265275,-0.3782140446070659,-0.05063035386573497,0.44902420933990034,0.6600323045293408,-0.36401814734796833,-0.49433338588118336,-0.5039913410285851,-1.1227381027183718,-1.8515958896464209,-1.532931769038513,-2.326631036837049,-1.1216716553738109,0.14593177846547353,0.015313411220256147,0.13510573633373,0.29936200182217226,0.3259968619314352,0.3332743557083452,-0.9304674978271524
-1.9323950091662279,-1.9906873576766888,-2.3055398158957394,-1.834829047135341,-2.0086498788330305,-3.0261183723328533,-2.012380213029439,-2.505923822189149,-1.5513610710528503,-1.4676855843128884,-1.2024389418891854,-2.127230082816143,-1.7398158549837985,-1.8913825535839504,-0.7290270464464146,0.32480194882022667,0.6414852232849875,1.420099598535008,1.4732301162671175,1.546372586919713,-5.456686722393682,-5.278228791237435
-1.7881609042357467,-0.8187085107418826,-0.995050183160087,-1.291574534352038,-2.2887040642043788,-1.4786270231892005,-1.8070502768404533,-1.0402410707457466,-0.9761807912512853,-1.4721575415895063,-1.1865706380694698,-1.9710068670615566,-2.168963047213904,-1.804334854996027,-0.3524772951353609,0.06861663586018336,0.46845989035197594,0.2629875159536965,0.08519866967876344,-0.06882593973425317,-0.6342520770772916,0.22498625810690495
-2.5039443988849577,-3.383332806756016,-3.603393033900628,-1.739809679209553,-1.8207252081376764,-1.5688929653500951,-1.0708098778176183,-0.8649470825357374,-1.3903730854534173,-0.7604990277540213,-0.2649687641655876,-0.28920897242716487,-0.15130904501755363,0.5908114089616161,0.4408990580318377,0.22128064466227737,0.7836772200732234,1.1194238977545405,0.8215775366610646,0.3884151394611175,1.0962550897521006,2.213822700326783
0.9394924602749469,0.3143567323167146,0.875812181060619,-0.4632190328918732,-0.8417589344743248,-0.36124293097872384,0.21392075124771068,0.3058033851634941,-0.2020348678942042,0.24797671116225592,0.6413546888485754,1.2800050139038412,0.8245885970924791,0.6028315874192904,1.3250386764064914,1.8610637599043376,1.790155415657544,1.4836883522392752,1.2483428404728445,0.7200207642732157,4.627562072016486,2.396555397024877
0.2527442918236209,1.0181048745324868,-0.20703828251517364,0.3511380626723852,0.3798215181700619,1.1763173325986074,0.6148110043717577,0.3957792594945772,-0.5927993405016796,-1.6800838320868918,-1.160696635429345,-1.8184576982571827,-1.847874537492465,-1.188991260114649,-2.554297288696089,-2.5273675421109445,-2.0455749876816616,-1.7180165663957088,-1.4916084476265714,-0.4007595251488185,3.9668483262590875,2.758749903275666
0.8889290860083318,0.8449414692874962,0.43724470498073575,0.10666830811426216,0.04552382422271547,-0.03689728944704177,-0.6968011827728975,-0.8942262877100688,-0.8119926247524927,-1.7042925423998194,-1.1212381679937544,-0.7838368692070568,-0.640435052381635,-0.7021986505693564,-0.2790834705297458,-0.6557304675595458,-1.2019783482244708,-1.3973309252331196,-1.2568534184981097,-1.3982339528558487,-1.1500103345338804,0.4085946920712993
0.5342811909991728,0.40962843645723795,1.2540705269202257,0.6400909443678289,1.0428311457735473,0.6951321506889708,0.9964726954012567,0.4160031607049524,0.18830543442417697,0.7458960278061657,-0.14480438239557078,-0.28359392587226595,-0.08232959048915783,0.48824018472793246,0.2815023350449937,-0.9726075712057667,-1.753154594071692,-1.3002772734961956,-0.8768447269626687,0.04731719559102496,-1.5358523895157288,-0.940686202109291
0.12449162070127408,0.39705720918424575,-0.08652015461517296,-0.9336670724224442,-0.5395854786395563,0.5161406728500455,1.5237427383101012,0.6461120154668376,1.076948351408336,0.30959104806050636,0.06411372380810186,-0.15773430226852495,-0.48303141577444514,-0.5560450257909322,-0.6108490952832105,-0.7005130330426487,-0.1430306335702036,-0.7724646561208153,-1.0801917889062567,-1.4937933033269963,1.1587908406472849,0.3592868511522808
-0.4622792122947816,-1.0337685057969515,-1.8425272096163658,-1.9185787707296007,-2.252426081005637,-1.673563241137236,-0.8586032016163776,-0.8472512686371727,-0.5550680754270716,-1.00444892125154,-0.6583117961919639,-0.3973425561675165,-0.06583022484496151,1.1824229030595763,0.5026834220230091,0.506480341906548,0.7018733679199775,-0.3886403091606521,0.18511611622646845,-0.7796273361188936,4.271835038712006,1.3137213550683713
0.36078138679427985,0.8970780183575926,1.1554742221991017,1.2775165054754882,0.3122055238238079,-0.5908902847628306,-0.7608261496430333,-0.18739574382209598,0.27992531147932537,1.0270768002873463,0.46903186267357516,0.7443433250348431,0.6240357266359753,0.6797134781910411,1.2810800546452674,1.1986655053058164,1.355087188616632,0.38967888108908844,0.34558602606419075,0.9432036063368704,-1.4542983909132783,1.1087349834894016
-0.12744289308788131,0.14541875082898872,0.9136152483484312,0.7761513957612177,0.9044725167785864,0.47586156853093353,0.8493857361876906,0.6718874153183945,0.1478275668419813,-0.035304715846667355,0.9967269405293786,0.40744625961964087,0.4032969556266701,-0.06220014677908245,0.32819703936652433,0.39532619914458866,0.38111727294139736,-0.41226343934455006,0.45732195029881717,0.44174070098546486,-2.7083637254112607,0.04757746815224409
1.1880016953384327,0.4300823918637878,1.0978288814502142,1.137208405712476,0.8432148037469799,-0.33359644260624804,-0.3028530733792156,0.10528190355602424,-0.36554652620437145,-0.9846569428889006,-0.022994245124256872,-0.4269761692242457,-0.680938495697239,0.9004688442197787,1.0196338908682405,0.7952166855127402,0.7236316708695302,1.0389437783541264,1.7629449506079116,1.0331796857865865,1.3088253391648617,-0.6304912399383049
-1.110758786656256,-1.183096968980165,-1.4839041747387651,-1.1330511795342246,-0.6351854278589377,-0.9451693715238647,-1.813023387918399,-1.8176247150300662,-1.6267589038873853,-1.0770074159549194,-0.049349979001040836,-0.8610371434757494,-0.28318478479481773,0.3448066148012851,0.339885228133705,0.08897791374151298,-0.2493923322946196,-0.6809636025426482,-1.7465159098333567,-0.5606971449799066,2.980723888910064,0.8026790964308077
0.6442492913464868,-0.22263881616321737,-1.072234093868312,-0.5600301891086655,-1.067474012205013,-0.31686071183891207,-0.8345733522755344,-0.7110730877263972,-1.2324081037246573,-2.326087541381855,-1.6174221407244647,-1.0048801528789777,-0.7960796058029506,-1.5534359082499505,-1.69853575471682,-0.7598925711748126,-0.34216712534780497,-0.17277804266167637,-0.5184424680023362,-0.49386545298295303,-0.3804496090558427,-1.75598450657978
1.4462674002033271,1.2355738109684764,1.8363951023540017,0.5375188524820103,0.4720261764083849,-0.5439603594788208,-0.5974354349255625,-0.922828827472217,0.51257028304578,0.134739521683543,0.8372627829199906,1.7216115078371108,2.105816677940402,2.1197230066353514,1.3781387227389454,0.627769772874094,1.7321306552136306,0.9751790046362433,1.4045354053093444,1.2905753804718758,-1.2451393743868684,0.32196268186382304
1.248373743654396,0.5232060290878968,-0.46487248863495617,1.0174646459896637,1.909845331127198,1.6396597588324808,0.5992873589209263,0.026366034922703337,0.26860694455751594,-0.5525889691251384,-1.0632164858244983,-2.3499110309098996,-1.3840745178112381,0.03267391861042395,-0.37991422972318084,0.6682706980256272,0.6744367292959927,1.5501180369065553,0.339832907623103,0.20798447773567758,-4.220723439712531,-2.3802746906042818
-0.5017504422086956,-0.6531126933119207,-0.041493488344263196,-1.2614275231147218,-0.5407621163423322,-0.6414280146724514,-0.5456729947846011,0.4740628114962677,-0.24302536950580603,0.004344099267079933,0.33430315595037907,0.06343344839260863,0.010218388743138082,-0.0781188003846439,-0.31466934780348416,-0.8619014212563054,-1.0525466823750522,-0.9015122867640056,-0.7996280470532829,-0.2063931444047468,0.562431708132015,-0.517547557174404
1.620237068838615,1.5988233714602471,1.4798697274816655,-0.3178513385524885,-0.6559143779521275,0.23839983089249273,1.1783967992840259,0.35711100464434015,-0.5783954601368008,-0.37199682942852846,1.0170828826600415,0.9175070448528533,1.5020276586864925,0.9280745259461938,1.1416077190903628,0.6172972194044083,0.13917988041902665,-1.0826912779965248,0.018771774587503953,-0.659431006688202,-6.178529320523157,-3.758986894061257
1.5750805356206101,2.743336549578634,2.2771617344271906,2.5289540591795974,1.1540703886025163,0.3288480016198784,0.46582685256094514,0.6959278798167698,0.8385827568823891,-0.48396301981584733,-0.28252035041958745,0.3035771306016821,-0.46786828246334383,-1.312273636280137,-1.4347226470202825,-1.7177423660989164,-2.2624950425532773,-1.9382655633645884,-1.8388061489594307,-0.6725870888056567,-0.3210702509342934,-0.4207315137080039
-1.00031467348688,-0.3535424134085525,-0.05705919725293487,0.45649706031262627,0.39535463590132275,0.8015676217595954,0.9980234374056315,0.5523595340568425,-0.5857459099901283,-0.514281785521413,-0.176013121739658,0.6213456333888995,1.1800629783958352,1.1491269974220588,0.4629804034727945,-0.5139331864228134,-0.09699718366065481,-0.7761330519217935,-1.2041992049420696,-2.102320252271002,2.0926603797028234,1.2363944989441424
0.13020280698184003,0.11305181314776473,-0.2582464440545269,-0.47941334799289004,0.17469505513369696,-0.5465094657670282,-0.9220839593096231,-0.3339554818289774,-0.21635771605750864,-1.618700032217665,-0.8479076506355492,-0.4279833583374463,-1.113848161465717,-2.4756661507948015,-1.767700484067998,-1.716518292529449,-0.899181172274293,-1.4095130411955548,-0.2754366109070366,1.1068610678091415,-1.3706877738020269,-0.06394543118311852
1.530761371851277,1.3550551587390556,1.4341025509825758,2.040744026167039,2.3797969885451438,1.8193910060304694,1.84903720087263,1.404919691070911,1.5254787292673926,2.626866433170707,1.5763497400103743,0.8741039497467457,1.1529886121683246,0.8829621575553166,0.04128945943111852,0.9179338963606936,1.0682541390586209,0.560996481895976,0.3264000921723611,0.06144825197606149,0.23148118480459545,-0.34962870094791987
0.16488185718921247,1.1027640420335247,1.3496903801625688,1.829805089733273,0.7316698818598484,0.7242999253966819,0.6981557743678422,0.029116655735135725,0.5157968024518232,0.16329807174704294,-0.34236280470015606,-0.3576710814960534,0.242280346492099,0.23308573172408273,0.930574954705018,-0.045788927835021934,-0.570510069768379,-0.3687371492122185,0.006092501846931353,1.062839349887132,3.0149756260275513,0.4985429815412389
0.5040580378706209,0.20250886003253257,0.7994850530253944,1.0926280340056769,1.633863581358326,0.29490102162738263,-0.5343317496199383,-0.6600863783698842,0.04181118893323986,0.8443215439735157,-0.0238609705143327,0.867002188868294,0.7750505321631731,0.30639511830681804,0.3825823690124679,0.6873533899487428,0.7026215636514337,0.4527370727636858,1.3310379438704927,0.5299937329107777,-2.016280949098046,-0.1726146247386094
0.9736427064157315,-0.4278160667380168,0.36825259882679373,0.3160424397552464,-0.31198540069654845,-0.7022679527092839,0.04446856332909434,-0.4979419846147264,0.4380977671858023,0.34775629678631825,0.5558197554416524,-0.11159411505896584,-0.10753765528859664,-0.2890183609738129,-0.6518981308358427,-1.2394173338290198,-1.1764028246236005,-0.9288488185921826,-0.07192042893090742,-0.802844420087458,-3.0022289111574914,-2.433070818950093
-0.9546167146262341,-0.3142585468629745,0.07034257732484057,-0.7107483906747615,0.11977154734607692,-0.458745600200895,0.014621550145129185,-0.5027238942719977,0.0848940271921071,-0.19058468249947394,-0.8944559866072453,-0.18132477278328143,-0.6186977453292001,-0.5756300283765088,1.0890397410283168,0.3940101215720926,0.537369733458993,0.925162190322621,0.011586497893480447,-0.2942254731887086,5.836766353084059,3.1995990632333338
1.3940655534034991,1.4264861706792333,0.5042260427061692,1.8212103972725595,2.726757594899309,1.1560301440257543,1.831229282282848,0.38282908115436,0.5447908983116722,-0.6233851625761083,-1.201793468396506,-0.5183145607210728,0.3976641635151828,-0.43706176685597825,-1.2860936569849069,-1.24437593340195,-1.4443406037438569,-0.5449754548186343,-0.8797002590126659,-0.7770157702121548,0.7903029465667564,1.3777828279652145
-0.8741665794063517,-0.023085367149993083,-0.3516609478331465,-0.6618398903859717,-1.8725329731997025,-1.5483782283198337,-0.9839736451276404,-0.4137681786153919,0.27247716961872287,0.222203341231762,0.5520448466113659,0.9143971063476405,0.09504443973638096,-0.3049239317036405,-0.3245794700903826,0.4218982054578771,0.4679666391621805,-0.05298834551206607,-0.21747544965749893,-0.4588699039340127,-0.46755335347896754,0.15684170038479714
-0.4708236292892318,-0.5765937885209514,-0.3960106435680786,0.3651354476226308,0.24058468338509287,0.8398233561996599,0.46805811666484537,-0.5100670897690628,-0.07263573603135191,-0.0768284535111532,0.2659582197591323,-0.3020127574407788,-0.04712669937012028,0.3687783630645744,0.2636747305470701,-0.7745366487745708,-1.0864148185996543,-0.8864422139963992,-1.0718681549676412,-1.2223272054616539,-3.627152656565504,-0.5258651718138443
-0.7716176883517768,-0.11394576516722764,-0.5056942643332933,-0.08638973286152853,-0.9258315441997135,-1.0673602497715187,-0.10910778084583513,-0.10314540121498686,0.2887901697382261,0.6146206076085594,0.891437243792239,0.9453560205189943,0.4216472012167965,0.9704852382966698,1.1337181806655874,0.26084719839923926,-0.6537835323333977,-0.9420193009254609,-0.22709644938150172,1.0968856470977337,1.5256633098082837,0.2813205830379112
-0.5082256034481324,-0.44243330003968695,-1.1993595258460477,-0.25295969181149924,-1.0094620669711027,-2.0292536712843536,-1.4448146067095378,-1.226497168697694,-1.2613302616248498,-0.7193262267380397,-0.19452993801865673,0.11602697073791397,0.26568062937906195,-0.1568399471785871,-0.7573265093979327,-1.1218335840305196,-1.2525626970184187,-1.1728159562952887,-1.8595999602878048,-1.5474551026382044,-1.6031694684747817,-0.2960631121792355
0.6926028959431137,0.635600835828737,0.7812602116649993,0.2206241217802901,-0.20285433864680907,-0.2762726116102425,0.1409170451390082,0.24272934788334763,0.4039055270038596,0.2503247449068501,0.1775003858006136,0.19019132083309884,-0.29441335482501885,-1.946021507427857,-1.5071236772230794,-1.5808136103631483,-1.6527967119370186,-1.2752947643573682,-1.7601356607281633,-1.3240769020428458,-1.556146837935048,-0.8753262306625222
0.34676614615391615,1.4502721512173373,1.932783418042531,1.6641493366988371,1.0554141077503447,2.367326072552099,1.9233759109021074,1.9850664983289275,1.7243291549830673,1.5757186596228514,-0.2283695028418331,-0.6147211536165412,0.23457928361346242,-0.7236942527745597,-0.9304407931580795,-0.5622312100339885,-1.0260040977123117,-1.471420817171706,-0.3788853373259558,0.14184598682500615,2.0537009887933855,1.7893902804787325
-1.394824650397504,-0.46336090968836735,-0.8118591818053998,-0.12082650539951598,1.268619544384401,0.8554670339409121,0.12503824214577824,-0.5841902930133326,-1.0164035415563533,-1.1381748523387125,0.015203011822131919,-0.46663384640362593,-0.6537491472549526,-0.21961620226668915,0.36137143324227433,1.030650620829575,0.4481234642151235,0.07451507615490195,-0.3672323391181596,-0.9373740170135899,0.9125728405456508,2.5967367122496463
0.2885879936370043,0.18537679309437075,0.06750725445396677,0.6534022866577937,-0.4276726849943605,1.0482392802159621,0.5762151725912341,-0.138271186733739,-0.613541725196829,-0.38296903297107865,-0.10277967536286702,0.38958701566200393,1.290709859599715,1.3797123985564093,0.36531398702774787,-0.10187026528143005,0.31178295953572827,-0.2582121566379738,-0.3301362668834922,-0.11894235862822745,-0.19118513334803322,0.2667384551956143
0.00789536226973709,0.072708421539524,0.7188842284097932,0.5770557858650562,0.8515911900893451,0.8049436142128346,0.28208665664756805,-0.8921695690982744,-0.9720566077135746,-1.0751562812360334,-0.6896004946716433,0.705981056231048,0.5895767367278816,0.6887698994406865,-0.2753866641653916,-0.9365228011544273,-0.48329978343965774,-0.611627178450158,-0.15480793572211227,-0.29898944509431735,-0.1509157960946897,0.4921647092437615
-0.5618994110779983,-0.7556608974934553,-0.833779112363247,-0.3951329547689254,-0.043345260523911314,0.39251551793037354,0.26258705369808727,1.0793323259305856,0.39698652738087664,1.094569519578617,0.7180304650253173,1.4992431147004575,1.5435611571072276,0.9976179006100245,0.6244049781733858,1.30208094377468,0.7182898319641519,-0.20150512214147306,-0.5153584697398143,-0.870473098768409,3.936688848207992,1.298392655555579
-1.196622352360621,-0.48312805017532634,-0.7246450394269099,-0.44971823565175334,-0.20551377057656475,0.56483644061354,0.0021838174692910004,0.5290105681021334,0.23394269960144096,-1.1323788388234248,-0.7765131687739008,-1.0146279223341013,-1.2392278777798766,-2.448893994907838,-2.045725882951127,-1.8343514194813417,-1.3494928465061795,-1.1869775455407356,0.11005136914561943,-0.10540192047861632,3.176701304932105,2.1387098167021645
-1.1521716802192465,-1.5772090752121373,-0.6553229845120442,-1.1268032756565556,-0.6870336772842701,-0.15548956380444154,1.4596902164505858,1.2122927648238477,1.2791990432827212,1.4049431566665274,1.3954635525497974,0.9432742190765275,1.2909482655121245,0.612063255718145,0.31838739141084177,0.03843035281934077,0.31705604991131353,0.5075768461812918,0.06103494378309272,0.6260559471707331,3.6047654684562254,2.0952139294734295
0.9337832319571877,1.2180040474180243,1.4398109781766617,0.967509420746543,1.2552446621163402,0.09068171600757631,-0.33000893717708885,-0.448078240702607,-0.16124660241202837,-0.15227045136125772,0.22535038806692792,0.6467812347889506,-0.358910381272588,-0.781578854061733,-0.8066252357209988,-1.3113510340781103,-1.1785575866831117,-0.864510687266109,0.07774904999721267,0.05364245350290971,-2.818496681743796,-2.098215968160111
-0.8383642100306737,-0.9130555421127218,-0.8254507493370762,-0.24630529403972268,-0.20436563500701108,-0.43810738647781516,-0.9283114770702208,-1.2576230200515897,-0.15554128619303342,-1.1966387371100995,0.6143376260177512,1.356164888709732,2.350842041074092,1.9192560236938425,1.3746008178977223,1.9605343958214678,0.9808681726472607,0.7972840964210731,-0.05289078962229034,-0.16686591109066956,8.645383124126168,3.9782604824602954
0.05204630093527987,0.09633739247579977,0.5898343409550237,0.6427115469512198,0.840580926020393,0.6557252455382023,0.40565960090905906,0.6069269559999464,0.062206612003889286,-0.44743703356747333,1.1069719886485818,0.31732158546854866,-0.4534564671842738,-0.10305245476061664,0.2229395264539861,0.4994799340883474,-0.3189151197933631,-1.0681845071149967,-1.3447420125604166,-0.6245519363289527,-1.032958511896255,-1.7754633879546757
-0.8530434043241945,-0.491454998010341,-0.19934156008995788,0.6780647389715675,1.3122701450334595,1.3826287846368859,0.9160340365425055,1.2635630436577638,0.5793357537055268,-0.3591516118880769,0.0294526940601639,1.4412634159720863,0.268532258305797,-0.46284962911611144,0.8032811731704891,2.0761933856215413,1.4543286126882171,1.5377195055453405,1.4603526777470524,1.6295424857971992,1.3793151730163056,2.8965065491735293
0.5209022158286333,0.6596932503001228,0.6756935438234776,-0.12347966320800229,0.04279187263108244,-0.2931746868391186,0.35828082278524087,0.33289589020766686,1.5732324613921318,1.1198704061828473,1.5708588456107149,0.4778408630571687,0.3162348332596734,-0.09415124953183716,0.9261409151406811,1.102289166635729,0.9417668735559261,0.8424432149216884,1.644636327815288,2.358645844385962,-0.9906669161601835,1.070476202121205
0.3554268244566575,-0.5042029934977683,0.011122802334151206,-0.5215577296152404,0.8955377409049177,1.0987642410110565,0.9632091855623808,0.3724061645088754,0.2268944961034336,-0.48418012810119454,-0.946088490978621,-1.2635789853235073,-0.8111066826854841,-0.25623139537052786,-0.9922351597528095,-0.19312269160831338,0.290348414264779,0.23832948996594083,-0.8488665150765626,-1.1318928387111071,2.903460643005145,0.9231913285891639
1.0423921525033844,0.9941500129940342,0.5781141466976514,0.42025107708169623,-0.009293454920053127,-0.5246771656777646,-1.3432973512697006,-1.2093578309059947,-1.0186537593275617,-1.1889809294449194,-1.0255675235861488,-0.29109573335646155,0.48902294136453184,0.38508787336803707,1.794642798796947,1.607887807272522,0.6217712003798306,0.21788414505521764,-0.17918311045972438,-0.4163153837848817,2.6597899575660344,2.498925531689092
-1.013050017171348,-1.075100673566575,-1.0320842851576433,-0.8209206979541236,-0.20024128014873777,-0.03804073393449217,1.0493915673472014,0.9852365008820596,0.5679278190907434,0.09648917823986589,0.10408183659259233,0.7386578173338093,0.34008135067179346,0.6977091631284499,0.8285602217519495,0.9837541254198042,1.3383067786899574,1.2146669811061386,0.4374758197736503,-0.6473342012170096,3.981839652817824,4.033244282007757
0.580544204732866,0.7204377038301448,0.18675634540664707,0.35914897428874515,-0.38582716547913304,-0.10263487816399054,0.19547633582224383,0.08261551962603829,0.07242443094688972,0.2410757634665278,0.24985718272769314,0.7870174918361086,0.7893886139788404,-0.4416880941678952,-1.0213171830238508,-0.9247726945700716,-1.0236845599620548,-0.6386560522523526,-0.27773212101537287,-0.14200081893303254,-2.163949581806569,-0.945522695149398
-0.4428951766060978,-0.2494755873052304,0.3860350963072755,-0.12163025794883173,-0.4201211698410026,-0.9768016786156365,-0.329720039754043,0.27561700628573615,0.5007605664456908,0.3555502215377482,0.913363334234992,2.2435590020383906,3.14156192907586,1.9853119164148432,-0.11036028236393047,-0.612505776857373,0.872695855012944,0.8411444180491067,1.18037077749647,0.6495922978597836,-1.8563817540602126,-0.11901065087677004
0.99418918321259,0.5093161703949667,0.21659985463533354,0.3640539018926549,-0.8966756096764963,-1.2211137889543293,-0.684602683319171,-0.09343430157073256,0.5268312374246221,0.47692230804480984,0.3192439160034042,1.2392448295109633,1.6496382062804515,0.870437752918856,0.1138859584754965,-0.48763550509314335,-0.3810771703288601,-0.6303668429314127,-0.5911520427476005,0.6374215403330983,-3.6972526239375068,-1.521131607490026
-0.2886555976427471,-0.4915112092777407,-0.6736046645130116,-0.6510153020499752,-0.3281235656531307,-0.006820968300595112,0.7337038595336152,0.43824791040761957,0.47264095926180655,1.1339436238252802,1.2653772722418024,1.5898406774008074,0.4199496039209705,1.7076450865196684,1.9318632840932521,1.21110199354237,0.8006866391217698,0.565502339904793,0.9408455396176107,0.1439000229241431,1.3518532783853412,2.1560270237575887
-0.2835678009791613,0.757107008477903,0.5055836096698195,1.1858593406965086,-0.012374174675390223,-0.1248265925533679,-1.5284905296899667,-1.5514700805350365,-1.5378170269250693,-0.8478991277260167,0.21690389101155597,0.16505315892820063,-0.334861334313091,-0.6113275466389301,-1.0883084263382277,-0.8332735515613242,-0.9332626022927557,-0.4779621627894217,-0.07404122673883332,0.3048314059430634,-2.873933273184522,-2.0949641370183567
-0.8747522170291511,-0.15141134922361887,-0.5290902523582547,-0.5069871215711367,-1.0176192499141434,-1.0040721276401041,-1.806699242245403,-1.137282208445597,-0.2421610522028432,-0.27059828131455466,-0.519764285557917,-0.3613463873602681,-0.9153292619033799,-1.1570058843820419,-1.4027609095094817,-0.9762335052285928,-1.2461886243492415,-0.9821972724349165,-1.288723452041341,-0.605692704052381,1.0363244364198088,-0.45440140825987196
-0.40508909170602136,-1.1993049683557873,-0.016042774804896697,0.6190108770681043,0.6795861823070547,-0.32389134434831557,-0.773217238212742,-1.0479184197791136,-0.9006571302089373,-1.1717469756780876,-0.7774987299547987,-0.01778077177244351,0.1751890635298049,-0.533436449714581,-0.7184248303585643,-0.17145002842328785,-0.13847147056928724,-0.13086436038941057,-0.12079939127614796,-0.07187301284224899,2.3501970148243605,-0.06441892464253901
-0.4986961144431697,-2.1498234253263537,-0.6077566696187696,-1.16276150892324,-0.8201165251798239,-0.14586083386846482,-0.5983056577163286,-0.6761467333649754,-0.38798969109552184,-0.7126676845025345,0.20475075092362427,-0.391352308557971,-1.0206168834949403,-0.755328544600915,-1.0602769630357505,-0.6336858237579841,-0.3200053353542107,0.3329993683951903,0.6637877724228733,0.22925974263168955,0.9834427599461073,-1.9285636543315936
1.0567032829490568,1.4007334428660747,1.536516999978923,1.3901264988954032,1.1705230926260355,0.23709554216432843,-0.45119648446710187,-0.20787782319007597,0.1634364565952143,-0.060695961408400646,0.9990076582588292,0.7747006604168165,0.9585301428576506,1.6458953446132774,1.293571799568244,1.3057640334343263,1.770006475442359,2.3571072411434457,2.342533162624695,0.6528127209260681,0.9988773074335586,2.735092028193816
-0.3216010517747541,-0.4660571349457014,0.19901040069036405,0.8304663762799916,0.046377420175412194,-0.3808336432080315,-0.014668674440815956,-0.5260987088970335,-1.2024326880732357,0.1252517373129286,-0.2646380985020444,-0.5858136082093305,-0.8429113555893021,-0.7128107910021747,-0.4059855465995953,-1.2100454278322792,-1.4434189830897919,-1.0528574412547018,-0.886817274428119,0.2940449286032296,0.9078361654001997,0.090282855450708
0.5049622442336188,0.6065807112814532,0.7914388123505569,-0.5585265672249906,-0.9209952257920375,-0.02822236932614693,-0.08289864216108689,-0.9415790573735822,-1.3697363057935885,-1.1494761875881692,-0.3764654531279402,0.7819447471677765,1.0102267479583575,1.0559666659937568,1.422415299931785,1.3186364954522487,1.1679516856041279,0.7110704084928117,0.68254846530475,0.9306645910788901,-1.2642541980673059,1.674634783535816
-2.2909569867680424,-2.526166677728821,-1.2657446841872837,-1.313332571509758,-1.7916731219882958,-0.7640527086418112,-0.7292219259208415,-1.3142970019189542,-1.4157486643135124,-1.2821615797645642,-1.3741625832047804,-1.9987337370327918,-1.703608813935507,-0.7266235881229628,-0.6060857999912471,-0.7243070632970676,-0.8004047511987659,-0.5841389341152425,0.16304750594320977,-0.47284127093176376,4.502927550218959,2.6697143868851243
0.9647343549273601,0.5484137409610956,0.8428428758589352,0.2372992536122243,0.011170098103934168,-0.36646080196606984,-0.6960403339226258,0.07976692629131495,0.1979961980640376,0.3203549938448474,1.0433016457330995,1.1380042145265505,1.6191417823041514,1.724182572673558,1.2279557667581205,1.0047427329184955,1.5489338621284245,1.775314066264847,1.2084846757493768,1.1328010659168295,-0.46278600637970535,1.5628815650881192
-0.9933716548843258,-1.294092400160441,-1.6254221793170338,-1.1752230823554493,-0.6055663970790778,0.09279210583250258,0.34110000260175766,-0.018553688046372134,-0.5791288723796844,-0.5890278365001184,-0.5061874764768819,-0.22182621301577363,-0.06496360678733831,0.2951558854190982,-0.3496578269281719,-0.4654676361223146,-0.20452460541999284,-0.00596354163070662,-0.5976519757256988,0.1250607708504484,2.882038418715727,1.0301213913556995
0.2852082385407458,-0.0017866366889736525,-0.8309725244194026,-1.1478929392985024,-0.6507308528591714,0.02164708058607818,-0.3046480668213892,-0.6080460908758311,-1.1785889378869427,-2.5484308810667757,-2.9509004008948163,-2.2441662819337314,-2.5275694822781447,-1.7424292872535683,-2.003161841616081,-3.4131255063833548,-3.155357293345233,-2.5222656526996037,-2.252270455525939,-0.5549449867792299,5.646735560112733,6.479156923565385
-2.5737264997258924,-1.194960899742965,-2.0147339204097197,-2.2166665208937006,-1.129162331537257,0.156811340044382,0.6367883849168849,0.696315122368906,0.6173753882364332,-0.18556892222595214,-0.12251161130131379,-0.6413225516392248,-0.23393840754188094,0.2331021736599609,-0.2188502692040003,0.23850297791450725,0.24171840025367924,0.30952025616923584,0.43973733617280486,1.182495822453573,3.3206376623575498,2.505583194875111
0.003002562821719739,-0.013854810735182013,-0.27098563610690485,-1.7294204845205285,-1.3485999681465972,-1.3441847255874881,-1.118566658662476,-1.0174408420045626,-0.7010136058135126,-0.12645146735199278,0.42759059263757376,0.4700771308334139,0.14856399101748527,-0.2821024554715453,-0.7574369551586241,-0.8273431024466098,-0.43954497358207806,-1.4501776337862027,-1.261417663470781,-0.36063890526715175,-2.2973266409819604,-1.1979827408827641
-0.33286565316148065,-0.7669644391739683,-1.557224940659722,-1.157257648267787,-1.311220577651288,-0.7480329893599081,-0.7543424772468275,-0.3716041549030612,-0.8561370255568235,-0.5226901451758981,-1.6183139830123332,-1.2252776431665098,-1.5385766611172267,-1.774651874565036,-2.2091864936892547,-1.3631338303637912,-0.6345862221855202,0.09993758309233398,-0.7564697698208648,-1.1378944323007998,-1.1649400103629581,-1.5799187936651646
1.4614485363995315,0.5700952730036536,0.5986693994037963,-0.10073011783600268,0.1723651328343407,0.7023199905365827,0.859432493529822,1.134262194909182,1.3200436623291327,0.8705780190052512,0.7325741136960879,0.18154856780243575,0.6219583990366823,0.3392439604746163,0.3498219069354024,0.7166510734139623,-0.2826575199533533,-0.058051635414872085,1.1412689162936613,1.1267500568786146,2.9086452836674086,-1.0675313796506158
0.6107579044230991,0.8719365102270306,0.6280516544138647,-0.6405584201180556,-1.3528408228492879,-0.3936081344149919,0.9504398844306859,1.3579890860166337,0.41260197539312754,0.9012519003162809,1.5002562243963444,2.223626774367304,1.298238507192969,0.36913180541074775,0.7783835201792217,1.2732003931302998,0.467790908965743,-0.8897006538074625,-0.8739595050890037,-0.8260727840735538,-6.632009638065226,-2.405061226336676
-1.575730237747633,-0.9111864881187557,-0.6222037176248261,-0.8173848260383525,-0.9094812877384767,-0.20318945534219965,-0.41767076634314443,-1.4852543209179665,-1.323582726205301,-1.3421349346866003,-1.7541541450382914,-2.0691173688438664,-2.5098556711715987,-2.0442794041259518,-2.571610914203138,-2.394553779063472,-1.5737313181899255,-1.6674784768283253,-0.7367523654473621,-0.16539983064154756,2.066463396160528,4.019210337049664
-1.7131462910824133,-1.510094454825052,-1.4179303252085071,-1.8659416611704873,-0.28772554163312425,0.146877187954042,0.5283837930823655,0.7596003489206159,1.56392138257183,1.1032865096799538,-0.27706122226280544,-1.1945543376538812,-0.6715702289775134,-0.5015295890153748,0.030653408236202943,-0.22695182985541185,0.5343709658079152,1.3046007821924432,0.4361781333187162,-0.044133108441206395,2.9561265982189147,2.0859968103596698
0.27972729920856043,1.1349568744379508,1.8801606429062185,1.7414249843008969,0.8846560949701224,-0.27821181194312916,0.4374394277407859,-0.027695423459274546,0.9512497700359321,0.1760518034746928,-0.8023247497895456,-1.1831645694167179,-0.1851349990954242,0.1786398987425857,-0.792828516103396,-0.5003005987227842,0.15527964974876315,0.3590200640505697,-0.15137642836346327,0.3897887235550329,1.2977232321831758,-1.1656201099573527
0.2472905892515636,0.5961535417790228,0.10383069820585338,-0.17008262273755298,-0.08641699410784501,-0.4489930306028805,-0.12384962437731113,-0.1943645083728218,0.20619159513038685,-0.15324175361428458,-0.748678937635683,0.15339267146479998,0.0687966100645448,-0.08910579392086011,0.3803900539076139,-1.0747332616396839,-0.0660457028255675,-0.5784329985196712,-0.7584979601446116,-0.6363904514869607,0.9273544510831286,0.20485537631400078
-0.08076085420432236,0.6631037131740631,0.01093323179624933,-1.1684307058275858,-0.879677611336369,-0.1777297000031706,0.26662459775159325,-0.530749672771435,0.1841113596511545,-0.37695419985318607,-0.056078582947628595,0.24725938861124358,-0.3814558965770309,-1.7950248711890886,-1.4103882339280889,0.06369753418987396,0.5077139335053572,0.39723902433612657,-0.015704177702579508,0.5388886060940297,0.1316258193064226,-1.103097902209362
-0.909321421802244,-0.5962227501828756,-1.490698403808024,-0.9067229336883069,-1.0765004896562518,-0.4031438851950431,-0.5895007142002201,-0.36141275889985536,-0.3962447280148535,-0.6306582120606016,-0.1838526795247976,0.5469143816724769,-0.26096510198803874,0.1450704052844558,0.9189552196611634,1.4331525727411696,0.5006978360567854,0.33693974721690445,-0.623125387933792,0.3718725947355298,2.5420957071911587,2.3384190369990474
1.0918365832075418,1.173050246668395,1.0006032476192255,1.3861703741840183,1.4445964928751747,0.6183493181283448,0.565342367284445,0.6780718916653505,2.032846782955681,2.7373810819079027,2.0878180621977687,0.9485359657899768,0.6178965078722537,1.2602255926382588,0.5150554377054142,0.7582988931704333,1.9878703014454833,0.6631217980190862,1.1387070751520312,0.34678255251470563,0.5248402297863626,-0.6135498363747629
0.26059389544469225,0.7809230605616809,0.16420196791713637,-0.04086701020283811,-0.37165098313508727,-0.19798939179766245,0.14951297199143995,0.6806671576928363,0.9469377371121985,0.4807450591395306,-0.36915411387300107,-0.4122134628155894,-0.41912664291666524,-0.45925710670969855,-1.0022017047496976,-0.8336024181096853,-0.3015246164195191,-0.11329373898763613,-0.24087456425582904,-0.4702108863200299,2.8671266894367955,-0.7656010633492498
-1.2918399488554164,-1.1590042618124197,-1.4627411553243097,-0.9020871134503959,-0.9390801648211771,-1.1057576484626561,-0.7154759966880968,-1.19556781749522,-0.904538939238259,-0.8093596330740108,-0.1315804029225494,0.7423358389891206,0.27924227345315755,0.8652182320030715,1.5092165248491014,1.428526415905434,1.4360125350420865,0.9870933427031077,1.05622241997769,1.3508437168766738,5.294379177734115,3.3850404112689696
-0.8495890103908631,0.057555536769917134,0.8921501908542893,1.6126595086583067,0.3567015472387488,0.19279480858407563,-0.4350279238151217,0.12868792835398477,0.2123987380441995,-1.397771479632268,-1.3628955326014032,-1.4503230208227842,-1.3911351032716768,-0.7366740834445736,-0.355165232045064,-0.37618591071742535,-1.3825369056723447,-0.8373433836907372,0.4811046315781383,0.6637638151874846,-1.1371250855987325,1.4436140382387601
2.173123937636753,2.173593081095331,0.8036251662059076,-0.9698619475016704,-0.5461087336220735,-0.29105785881312146,-1.3696086999518469,-0.8724205604701097,-1.0157936138582968,-0.34060238201258863,0.10465297697718916,0.07658898764888396,-1.1801855165329898,-0.8795387901336803,-0.9209232146321051,-0.8964972379146454,-0.46445316901580797,-0.2754765879516029,-0.7934459242059977,-1.4489429134754115,-4.376391114444806,-4.321604236987842
-0.2953484586274116,0.4493041959269998,0.11256890201539595,-0.6791717798179129,-0.16792367668676197,-0.5137414478137787,0.7465809054786007,0.8529963244686073,0.5837408823617605,0.14036189778470487,0.33348818538612834,1.3783176433930162,1.2062996596561182,1.145256733587345,0.7407296496363324,-0.17868519632591742,-0.03247173239521574,0.7169862435491693,0.6539276703585858,1.3721498756565012,-1.0065079781422972,0.906135814566357
0.8702823636835667,0.7892884891547635,0.615137513940884,1.6406853317306274,2.2197231080615683,2.0871316477327584,2.0888196467878086,2.106049084561463,2.3114971826868893,1.721517981531006,0.884623102295124,0.9466478841103525,1.0813097606645032,0.629104640890833,1.1619130797048935,0.43838826080927706,-0.7701663028451791,0.03231486831838945,-0.06771392385930433,0.28443526990507423,-3.568115027554502,-0.3451792918144574
-2.526277371550944,-2.879821928261042,-2.0347392647585805,-2.0105361931212697,-0.8625069413241756,-0.9166327279615458,-0.36208058828311357,-0.9995913459396277,0.8056016302952008,0.20034208019908087,0.6668670259071836,-0.7405816083016953,-0.1384892205924689,0.3727337549947469,0.9995519249010417,0.4521534592819312,0.34597451750284264,0.5813944124480535,0.15163621610827893,0.9278878545254386,5.113723044027349,3.4689560964092507
0.7507116890227195,0.21105272194589111,0.6691477618135312,0.9312239184707984,1.486927747189351,1.0212337598497676,1.0785419459485772,1.171253877944092,0.047483921161337185,0.3397100260823371,0.24787593346629871,0.26876853345314994,0.6748843267847471,1.2930899848975423,0.7533169523313119,1.4197068487703648,1.1941166856267018,0.5334460925206601,1.2302522990638445,1.3285695046362997,2.0943163126673827,0.5610096664883897
-0.5428500359383097,-1.4722259318425184,-1.3583252065034686,-1.8929861877922711,-2.501884511359879,-1.942848336312182,-1.208329676340752,-0.951148626247284,-0.31070546607288024,0.5800942417594304,-0.30264308328272116,-0.6547207739081329,-0.8561673050010149,-1.0445884275380772,-0.46353346866469386,-0.030510099103667504,-0.00848456912288934,0.39288201997432287,1.152101359550674,0.335573198325077,-2.4428316391722387,-1.2802648227683093
-1.1318905695510626,0.2516709475918574,1.2645793395769982,1.0142715419415789,1.440541384030909,0.9425172658173262,-0.3131235944478645,-0.9247784880308335,-1.421962696286964,-0.7236722706096393,-0.5722314028540805,0.13782874796721628,0.938098957679345,0.5040725729840524,0.6866068278805496,-0.4440822478501491,0.057573105682122844,0.6282863170781504,0.8096962023309432,0.524904381491659,4.178168640019733,1.662195835323241
0.13406244348683588,-1.309923854090473,-0.9580875352143693,-0.9694579241737187,-0.8244287987249921,-0.5794277412061797,-0.005203519429540649,0.6634615980736961,0.6708170768700428,1.122131742333484,0.48487830896350936,0.29897363090034856,0.499431107922389,0.19264225323672646,1.1444071252426704,0.8648711640687556,-0.22168861770489026,-1.638861169853658,-2.226996707880165,-1.869688196354419,-3.2906809887273494,-2.742609268489111
-0.47446612150654915,-0.3420977836868875,-0.5158891531286576,0.23967081154194997,0.21644966303332355,0.8090817890338002,1.4395630307023828,-0.05000544522281793,-1.3863947008663833,-0.8760928918378548,-0.4681777154462395,-0.3668656670915896,0.2037960461767219,-0.3415712182780431,0.005489231302606018,0.15479052195860085,-0.902774695634893,-1.288287496861758,-0.9725976573459545,-1.240090628039085,3.564808169487075,1.7924839153691803
0.44563911265927636,1.067654221474364,0.4527060861639885,0.27138242045711863,-0.26819526074142713,-0.6349937775530198,-1.4524496911355502,-1.7797050203926112,-2.429820284642804,-1.0656286495505527,-1.2551623417676525,-1.9619013587311478,-1.2795516628402046,-0.5764668656888665,-1.9220792506412363,-0.8916439595076503,-0.9901420838216812,-0.7865554379516329,0.08171558540196307,-0.5399492790507737,-2.162090661422374,-1.7068244677839444
-1.2673495478659917,-0.04706915451624509,0.16850396193335299,0.7604891923416967,0.821691426757521,-0.1140127026088487,-0.4862863794323137,-0.1258538120815921,-0.604409824830268,0.06847969977330878,0.4739422678668379,0.5097821506340341,0.4798377104591831,0.5602613137106528,-0.9733697754507299,-1.1008299927061687,-1.3258293497810887,-0.36697833657167606,-0.7228363259109518,-0.6099930847533113,3.731030969797655,-0.2286537699172477
0.6314089880204424,1.4494713686282612,1.3227977121279648,1.0092128903773856,0.698575190272358,0.46896626183317525,0.3394642528040298,0.9035272586703103,1.580934841513463,1.626944160082423,1.8092659203674155,0.7450891013036511,0.4448481953710033,0.5393487499940572,-1.22177642938951,-1.2010974239095389,-0.8464984374959614,-1.134648559023807,-0.7589486123543185,-1.106896517782063,-6.602406050882582,-3.7656930285074
-0.15468668707206157,-1.3176119131981325,-1.5107081872055912,-2.4094854898798914,-2.8469385365284845,-2.149796207535612,-0.2575009702828372,0.9805183870296058,1.408579862742575,0.7434609068120587,0.6411538998720995,1.081630020896315,0.7852599375289221,-0.2383457034057311,-0.3205780556217246,-1.1891134335712334,-0.6934759914374518,-0.06069221102944245,-0.5669635571311815,-0.4212092937076103,-2.0356106664760882,-0.9395503716919245
-0.0958268405457128,0.9748785460116562,-0.328504149531762,-0.7149409437455702,-0.8779159743096113,-1.146626731115832,-1.542705285965986,-1.494171496620624,-0.744009171548998,-0.8931929083259635,-0.3658163537222174,-0.7766829394629493,0.2847516574402814,0.5781656904528386,0.7126536246648091,0.4998104415129047,0.07264601825929862,0.02336358383849139,0.1021913766985768,-1.3007753138740084,0.5132786708020005,1.197809626975521
1.5870559203067536,1.2675277684416064,0.9956910566010388,1.5005692249939213,0.35910997539720296,0.5276525625231075,-0.6213155408229768,0.34840364344001495,0.03207923367899089,0.516372284933019,0.6840360145824648,0.3872368244196655,-0.5263664080443834,-0.17528959577172243,0.21196020520711606,0.07212878705941989,0.008805072808418801,0.7839638280676382,0.4851546882512004,0.6757035624757319,-3.95113699963324,-2.4483281683150637
-1.2845974646822278,-0.9348031378358411,-1.400610418852239,-0.7283824985157624,-0.19657237047906317,-0.1456011109316028,-0.8286537973010708,-0.22103508131363345,-0.725192861736576,-1.0568421647188575,-1.453181484107277,-1.618262487819061,-0.05630859992866631,0.08010435234260166,-0.33042203116205954,0.3821228873340655,-0.987334032390912,-1.3041491170277737,-0.7974014338229553,-0.7573510927785604,2.5504492277880386,3.7400228820628922
0.18248334360219162,0.47491856943791483,0.7813867083031465,0.03570541029745342,-0.20075968894883114,0.323463127123953,0.22009154285426805,-0.44018520191394267,0.21504521103041455,0.858717911586642,0.33770524744120517,0.7752413501452997,1.9553280202076693,1.6244255307690387,1.650347670315227,2.1638835980477853,1.6003408286194676,1.1855155836068654,1.4026650620113617,1.510530673783263,6.018222245142232,3.2204811313226545
-1.3494985676738902,-1.0781382558626929,-0.038537235076928,0.5264937045010947,-0.6331095060041861,-1.4950387944132164,-2.2602506320199116,-1.4348739933896615,-1.707382539441743,-0.9578579317586439,0.35626861804796583,1.0855349523765132,0.19734567727725263,0.09314784305012998,0.3325183224188549,-0.9396966331742268,-0.7630298020182683,0.27864972514458936,-1.0495340976382013,-1.5902500915132953,4.075719313800944,0.6710669270803095
-1.4969147003497958,-0.5478092055590085,-0.912535440487892,-1.145466705538148,-2.4797922612653283,-2.260040335867885,-1.6158252629750132,-0.9430822722332799,-0.19756471827380737,-0.09310889679800008,-0.0789033825737287,-0.42429132870817077,0.045098815385367565,-1.0840069913385408,-0.20180896230270795,-1.3228702879993262,-0.9615019532886889,0.30450831758648694,0.23109761527924128,0.00785441127469799,-1.0980072924116613,-0.27705405874529143
0.2476847795039798,0.8019032623239934,-0.05427569237617034,0.2591513605078083,0.22760026210329268,0.46118222688764793,0.10449244263192896,0.08463260521336546,0.4967308236515665,0.5306627829539144,0.3485723201116074,1.5043899859708267,1.021480561452916,-0.3584553865921491,0.4413756855018418,-0.23081784898433286,-0.796156556607325,-1.1315656891109267,-1.7518686906002738,-1.6310805237319062,-1.8263681245579546,-1.2218146768459393
-0.9178190619688004,-1.556626114654529,-2.263775420337508,-2.0652048287294797,-1.5479270910380007,-1.2784685326578542,-1.180429832461406,-0.5030820404618143,-1.3523034098139264,-1.2683591823450946,-0.23831672786742975,-0.11969064993579759,-0.08622770033573883,-0.7967942960835251,-1.1451825907884252,-0.7795146497832351,-1.2053563866432615,-0.3911217222473175,-0.2571600446430208,0.4768165576980416,2.6269528334922008,-0.9031041101198749
-0.5561844058833532,-1.0015805947641174,-1.6309967376001113,-1.0633455124093931,-0.34798072720513884,-0.42510827619448116,-0.6371888073842082,-0.6613031088260872,-0.01597655364427628,0.5822293669735802,0.7926074454819472,1.8341961714008013,1.35946734014184,2.67447857478416,1.936144662777788,0.8117370623762387,-0.0959706674573483,-0.35683502006370243,-0.006655696550326298,0.8179702212210014,1.301045737056641,1.3881067266167142
-0.06684026875193344,0.2888784962154252,0.1574316738527735,-0.8471737221246559,-1.3427486754347073,-0.2589975402457639,-0.35307587656659095,-0.02384827695720168,0.18628701940180803,0.36574122949594473,0.7053843821748684,1.076836583980771,1.8616466188277008,1.7569948233465378,2.40256160952905,2.4476793160989962,2.703782913894131,1.5579528096899817,1.118835510295613,0.9176610632812038,4.839920704252618,6.096238719331582
-0.33074518904864186,0.168580839752222,0.11325291991889914,-0.17163604627670573,-0.28295989980657343,-0.5321839409632046,-0.5449833949902816,-0.26192487483009513,-0.8709999468166671,-1.4008380375704446,-1.402356523109167,-1.1948158583003683,-0.22867508066090428,0.04435568385987019,0.44529907823430676,0.7686473374577429,0.582609507795227,0.09002332990407831,-0.17860159750582633,0.5303742970359961,-0.9500782103303667,1.2131405746641215
-0.5550683750624343,0.774067675260774,0.5793533328654853,1.7624980250367734,1.1163496885366087,0.841278531871072,0.08223508942073787,-1.0614276256093402,0.08510669574693001,0.1491295687723493,-0.2965575641579151,-0.09254676808631834,-0.30359695170654327,-0.18016720645540293,-0.4376626837955751,-1.0305897738402074,-0.8190483247252671,-1.3959563057208724,0.2600008908308051,1.1436502152302854,1.0729681000437865,0.9818340563021927
1.2420170577474163,1.7565888980731643,1.5036648323816224,0.6748676040411417,0.5418483356703651,-0.8298537519361254,0.24034582879576605,0.638977103172179,0.9272079262597106,1.4008418547509294,0.9376291688938222,0.7121318057450252,0.6333706177157882,0.9754024270334206,0.6275654032425911,-0.11733024146737026,-0.05018352762776898,-0.24565983319328763,-0.5930961757477193,-0.2311608735769336,1.4017694776119765,-2.0104274063587617
0.9916318843339552,0.021772733543330976,0.43332230124059523,0.5443407304965092,0.769259216239797,1.2732740608340758,0.6454503569902894,0.055755911454939515,-0.09875607587304332,-0.9716054624473748,-1.8596654174273823,-1.29140536210574,-0.37106325379193894,-0.7410670976713039,-0.3366470897651117,0.09173229889727146,-0.021087070886908983,0.10133619828182769,1.009728185761668,0.8233134483768131,-0.9799688107248125,-0.5413286112425771
-0.0614311548416579,0.03916107988443826,-0.18708011186919943,-0.16928065743894846,-0.5519238541543404,-0.9228151579137089,-0.5416613016331092,-0.36500080858232237,-0.15693009519425313,-0.7166037837374694,-0.4821145060312148,-0.5279608735667235,0.4610764298253943,0.9411965787187991,0.39367406421080886,0.032219946124860815,-0.22312928145972658,0.06806755669047627,0.5099724623074942,0.8895392341584695,0.10366832694314863,-0.09960778222738854
-0.6462017695278001,-0.6168557890352845,-1.409837553281676,-0.18791637723382046,-0.05848043706702812,-1.1512983104320604,-1.2193557990295534,-1.1563655481904036,0.0943448556466851,0.022761781602715477,-0.03855367095218163,0.5558850767356482,0.30364788141888527,1.1424987229629053,0.021702493787335235,-0.5828172591741934,0.46488876759720066,0.2974299208503286,0.8167702369061017,0.9736343632451855,-3.1822767876468907,-1.1527540115652912
-0.8196502653748271,-0.39666564008890276,-1.9867022430203538,-1.05925098240423,-0.10090925487236826,0.10345674071087642,-0.7286717054054543,0.13901294259191116,0.16939648554088718,0.43963148331570834,0.7837536821981189,0.11727858560107346,0.22026690492717785,-0.3000408993466928,0.4756871877671393,0.7623699552317007,1.1046108956885456,0.40418274828737955,-0.5651004171628782,-0.23017399429039884,3.060367784800621,1.3541876974232439
1.470475961369651,1.318364792770195,1.4704600607634666,1.0361530027958468,1.6440009500059236,1.1553671483313916,1.8016090574548604,2.2376268414117018,2.2184270872756455,0.30611488150667127,0.15768558564432666,-0.9059546078826021,-0.7668080415770575,-0.8560760649400306,-0.880796747552844,-0.5116208114494605,0.3351314061399376,0.8182167469790336,0.8064351310505878,0.4442967699456562,-3.613267714756183,-1.4420093142752113
0.6286147320133879,0.25045445206052097,-1.1421237129149167,-1.9957196019783057,-1.5178181715026258,-1.092647470325269,-0.4792440133125643,-1.268263124526107,-1.6665731902050673,-0.32234513488868793,0.013316791375963513,-1.3318392449954297,-1.8815181053780623,-1.3674649443456743,-1.3992237982762414,-0.8968910430606759,-0.14027294009116326,0.1322551127221568,0.28292557798248086,-0.12135661437302186,-7.300754954711911,-3.1512900150657432
-1.205160015771956,-0.7145784247027421,-1.1647393543903186,-0.2403353085192727,-0.041796786310613954,0.1955108312087229,0.14779047242511584,0.0082373158244342,0.47073924597872974,0.30776379688362504,-0.09387681368244946,-0.5213891227180966,-0.1374462875766619,0.22787122369147608,0.6331614928957496,1.050685896506304,0.8833120731814528,0.529550081384874,0.7580817799024896,0.19517781000490417,2.8637955968836617,2.5025602373131766
0.4852861680202431,0.945631277751449,1.1266639216920245,1.5610196890446695,2.708535624083003,2.381004362482747,2.626131583544342,2.3009176290003928,1.9770793558552393,1.1691842262130059,0.7064504117619719,0.286332131711389,0.4580135801188739,0.46728553984581206,0.5220170391078048,1.1651271186556527,1.1538422844242422,0.8997430687938354,-0.3109234652944514,-0.35819347040645466,3.9030511747389722,2.3089243125312255
0.8489494981925543,-0.04095354935412839,0.6110514349582192,1.2905801030121653,1.4584312406879627,1.8791549959531364,1.5662538624024758,0.6501084630172127,0.2857065234190061,0.3238255523896464,1.086820884727471,1.8267740579205003,1.23385088808375,1.206618429365219,-0.056561382464209116,-1.0658856329849757,-1.2999398066939392,-0.32366553825056255,-0.3269690440765118,0.07902386595229376,-5.855746541883179,-1.6237537262786172
1.0177206015248046,0.12245233904228131,0.18555917528211746,0.11633960516132127,0.9732577332428431,1.3744054468290272,0.4551929253730342,0.5089044860045675,0.3832812372697612,-0.5105559407421376,-0.477109086654458,-0.022123727668561653,-0.8347925257133877,-1.3100163933628655,-1.4159999108773185,-1.9559381429010019,-1.2773496294171787,-0.4183696936396211,0.14344022242737517,-0.7479098068575321,-1.2958517711332223,-1.3747368338411408
0.32208854246320884,-0.07514114732849692,0.6255288387657626,0.5943899053857724,1.782216829935758,1.732394660225853,1.7252180257517655,0.9686620401492017,-0.14581924956091602,-0.867655947440449,-1.2570548879209231,0.3770148332509065,-0.22175176945680533,-0.3046839743709499,-0.4076378955144251,-0.09329636658285483,0.16915046130048939,-0.9806400792709228,-1.1395222740707114,-0.25318603124140787,3.393531625633369,2.491206311568898
-0.39866275643589716,-0.9504864295057076,-0.42335156372021776,-0.12164252354224075,-0.6870915632383457,-0.6589911236939817,-0.4108565131004373,-0.26792218703405635,0.4095690542783308,0.27775027214554915,-0.24403398805408993,0.1350689297440382,0.21622344476592326,0.3409354981341625,0.7949595869454725,0.16540196183478084,0.9115646736723833,0.398056526474336,0.4771274674730272,-0.5946716128596718,2.4600207231576507,1.583346455698649
-0.18733138175813682,0.3053031354891286,0.3219548975119385,0.6860029937042187,0.09995022234196048,-0.2241656891316754,-0.22726123567170464,-0.008894575687876128,0.2453703668539293,0.21426662445775377,-0.2699211974253919,0.021962311395298296,-0.34793215911758296,-0.8656677250952843,-1.4154901656867271,-1.8708384252553594,-1.1334545027402454,-0.7769935793061413,-1.0650895998580887,-0.3061051693815309,2.9736467689047634,-0.6517576281852456
-1.8213112279766197,-1.4601644504744333,-0.37260460805434326,0.010687033228970605,-0.4975721136431388,-1.2724978278650838,-0.8350679642204334,-0.32117722587944414,-0.7139459404082598,-0.2695320023128218,-0.11183756045186381,0.06248586602295597,-0.5053082936364414,-0.2532467236347584,-0.6314811866960348,-0.3598609221903109,-1.9624501786761839,-2.3360315631662822,-2.2096397029999477,-1.6043777194020286,3.264505173426776,1.639966529281526
0.5607960107083724,0.7855975825892592,0.08450713062510647,0.1971068366035899,0.6336448750444202,0.22033747732097844,0.7721175607087902,1.6539970409939428,1.020257339350577,0.8997445825225281,0.417087287076415,0.5404578630050954,0.17293452291526887,0.09896062989466331,0.015856447067384,-0.34787527786572237,0.3669521174884063,-0.5280514000698047,-0.23567551128871592,0.37664313287016976,-2.336524035503265,-0.8234073502535052
-1.503173191924185,-0.548461462698443,-0.37733386874916014,-0.5719021976789407,-0.9799853041604678,0.12845504431581556,0.12698703033744355,-0.7150427681070289,-1.0065501454601482,-0.49069592298460135,-1.04335049263387,-1.8236505679206765,-1.2688670719413873,-0.8692934242243727,-0.7345261832758716,-0.004590454321116172,-0.9080145506442865,-0.9680254713086097,-0.2362786566018796,0.4363318088596617,4.826049717842686,2.8253038476522843
-1.1261637429346996,-0.5039597830690827,-0.4616234091460976,-0.28616675670481045,-0.11103277288081669,0.4030425474511201,-0.09558461750942378,1.101623608870043,0.20951515454260256,-0.5543974387976585,-0.09981571307337002,0.09350993458068269,-0.4026133683742539,-0.7535715223941818,-0.4540435760930002,-1.2323362348462905,-1.555749734221732,-1.4208142681845919,-0.7630809438561534,-1.353072648948088,-1.3067890531196407,0.6792058730384829
0.22958729919348775,0.9427040090524423,1.2816963915197215,1.6146981391072115,0.6428202223438103,0.4151385027441842,0.3790004059145396,0.3036446402735901,1.1295912810753181,0.6205541994946415,0.10063371984471654,0.31619763172759585,-1.0626792305396173,-0.15548288008396347,-0.4063477380290555,-0.08239527791391249,-0.13241369615531354,-0.4527385059614862,-0.4926365223736602,-1.7158244900496844,-1.9478902860628649,-0.3695139173345419
0.14423133473410288,0.15986988396102653,0.13819887780545323,0.19177137040032838,-0.42557828803413783,0.18568523791109837,-0.1172973626842741,-0.5635995356003093,0.00038622001118645785,-0.22173117154548463,-0.25998548316157244,0.03567843769672001,0.05329540634288571,0.5051387971853059,0.3539015498043175,0.42506215366759453,0.9182059634145523,0.6002877822975613,1.137982241917341,1.5275968715773416,1.786980642724283,-0.686062215549977
-0.4608399449324081,-0.16489152828629539,-0.28612085397230663,-1.4054145295000309,-0.611880983585452,-1.570010724840536,-0.3765721850037908,0.9693529518490721,-0.02231650076820152,-0.15892764586903357,-0.4993729344110189,-0.2719449668661359,-0.31768379082075604,-0.21128838975405378,-0.13579964395795419,0.2071247931974963,0.5154585734051095,0.3161724945549764,0.48091395260679504,0.5977151578023954,0.11176606665920903,-0.11293566406942797
1.9482351378717193,1.3880228700309436,0.06642411172270181,0.7614403624891849,0.07560016965916408,0.6697346119663052,1.089825321383861,0.5210928808667088,0.6841869141411381,-0.2502606393110965,-0.743844430791202,-0.41954251343624027,-0.4533782708154573,-0.5196672073042408,-0.2018845047039842,-0.5231690180595197,-1.7776071220527851,-1.6125378905625203,-1.417428540778383,-2.099695825391019,-4.424720388930135,-1.0719980149435304
0.3444700115943726,0.2390843788515086,0.17692426448553272,-0.3762926440675645,-0.8368097043244871,-1.4359177774776128,-0.7679394522333802,-0.7887814122981399,-0.8851424441862585,-0.8273287263459577,-0.4654133153259632,-1.1161072722547367,-1.5550629827076679,-2.341286592900692,-1.9654163947748422,-1.3056467139998378,-1.0951444964590455,-1.6136484139962672,-0.8283450970886435,-1.0647852381345602,-1.1962068239027566,0.2619613916233401
-1.3275063891055459,-1.1083418761874422,-1.5029130232606553,-0.8188014422357279,-0.17466815830289045,-0.3458307929773068,-0.13198589944676584,0.39779239139493583,-0.9766831330874893,-0.5184106741190118,-0.39781210256308247,0.22094441393506525,0.24993443069422608,1.1279340442196948,1.2371821510150707,0.7472222643123669,0.6644780414449526,1.2082351392103872,1.5396782273978376,0.9335298097766008,2.661022039356945,2.8971915802209365
0.3788406987132635,1.0238072274044623,1.7779133701957857,2.020283542161617,1.3326926268242585,1.3031986753964013,0.7939531528277884,0.4216870735104737,-0.21457506424763043,0.810430889108304,1.2863236322107354,1.6462537690721206,1.3267880652627115,2.7914344196294185,1.5230252609319064,-0.0263230445024865,0.08984804928183966,1.302334910437016,0.5099585146731633,0.2726398784501154,2.3820734558578422,2.1105168490858595
-1.4081319056178332,-1.412252964587649,-1.0695590892432234,0.2412465286716556,-0.15291786229159857,0.33366348128487977,-0.006035781881625893,-0.2487071844683911,0.36530376812156296,0.5841644424185451,1.2944047866594444,0.9938770026514836,2.229635646883376,2.3462278492204685,1.0223384167895249,-0.06553025213156458,-0.36475463917530676,-1.1431321365600429,-1.1077795494720497,-1.5651062586796822,-2.948711270122592,-1.8498783033039596
0.7310380028003324,0.12202784824270718,0.2598408206740457,-0.5211130135229362,0.5251387385188923,0.7314873028273418,0.020019368321648506,0.05141838351076354,0.5594608648316328,0.5865550354233602,0.15762831648816122,0.17527458871482712,-0.529471203526777,-0.7491542539341652,-0.5445852339952282,-1.0337344172787828,-0.25935755326100685,0.3087030963500755,0.1075511342402688,0.11970534833699215,2.3819129193146016,-2.0504658891868552
-1.049442301990931,-1.6993047282947953,-1.6348166502537183,-1.2634454926940963,-0.9015146421143088,-0.24301795956600403,0.0647852664818968,-0.3680103921882932,-0.4617929112560756,0.10167261140028344,-0.3348662629795356,-0.0074249613430329596,0.03357301524360924,0.25271790353237295,0.743053257619176,0.7480316363864449,0.9035152724401607,0.3153181941407157,-1.0401426403573748,-0.7271031238085724,4.543848461579993,2.809330582699878
-1.0345943865189473,-2.007337288622627,-1.7451494535521326,-1.0194870021561262,-0.9652236688281316,-0.04535415643128067,-0.34783883889249917,0.4359157483856146,0.8664473484596064,0.6710891781757675,1.0198624988680975,1.3070928317783617,0.8992987078267323,0.16336426939599846,-0.09990202638162414,0.027989216710920427,-0.24516401508151456,0.22426606402749988,-0.2873000025330675,0.17974280230835538,-1.385379712502055,0.5750889406875311
-0.7085345557669298,-0.6130059127788777,-0.2318048083200509,0.45078561119307325,1.5122903917569126,2.284476783544877,1.76431106169688,1.8933684430716353,1.5085748962856578,0.9768086650055455,1.4066557486986477,1.5353724754677005,0.9125193980007252,0.6582984330755551,0.27884478072693836,0.10450996286461979,0.36488958926071524,-0.6087960945561632,-0.9774546646259452,-1.1789718606310255,1.1510493566211892,-0.8442860639315508
0.486169663684957,1.1606666902368437,1.4741928095739638,0.8129842044393649,1.075298589008826,0.7572558525811025,0.5365880686013463,0.016495073837700745,-0.9282968695591161,-0.41545257697747184,-0.770548579222598,-0.1935239453174913,-0.05943239075260479,1.1462312131928467,1.4679011087291087,1.3041893388266677,0.7808784296326358,1.521497698417778,0.6150281448369312,0.6452353492230811,1.4864689399964566,2.1168775246013083
2.4690253583352657,2.746817786283481,2.366637573484305,1.1265701559552683,1.106238456021028,0.7513766820845619,2.106797717445333,1.416123245070455,2.310222344106782,1.6429056195688008,0.8667452086049648,0.20259147255720975,-0.05658729021973415,-1.0782002605846215,-0.8035621917148003,-0.40948370214038377,0.23501236767448552,0.7194837491671113,-0.29119367603593516,0.32845443052161266,0.9221350529569965,-1.76255835267472
-0.39598071802256135,-0.1774961435396087,0.4523943152255534,-0.24845395808998003,-0.8864841722619102,-0.5632408455924911,-0.3508813040488368,-0.1158198305060061,-0.25858627179605037,-1.5884432706756277,-1.3135768493486122,-0.5285416288213705,-0.17187144169915808,-1.2169795514441395,-1.1173086712774,-0.6916727842123738,-0.008371283347990284,-0.9073491280947673,-0.6439009040467459,-0.2979171283098758,6.1923353704117945,1.6994481712923477
-0.7917727771678766,-0.9734933986968985,-0.27189835998925493,-1.1514978605470827,-1.0620373820769982,-0.8810410677484858,-0.8474732673799318,-0.1135301826053823,-0.6973735496141096,-1.773664400666492,-0.8842943254817062,-0.39424692740674633,-0.4869891414508807,-0.8760937278915268,-0.24829628722769292,1.0389028856558231,0.37671710944725073,0.7505307207467453,0.7043877832132399,0.3837434208261024,-3.9770679014706536,-0.05149924103622444
1.3449361878201196,0.3386889902555421,0.5655780811114288,0.7907601249855911,-0.18504307562259828,-0.8865195552362891,0.44434254098024895,-0.22124350761965358,0.6101072409431025,1.3891283684719176,0.6201027718631206,-0.2453575407354989,0.576494952726987,0.8578148568565093,0.31059187733617777,-0.29034531752741805,-0.29289017781346527,0.7347584021918484,0.7571904100914985,1.2020462358000483,-0.11586280171924912,-1.6727369563091314
-1.1687938351559186,-1.5407216979687908,-1.1594525584433386,-0.29566131196445194,-0.20541657589727896,-0.054259463340971016,0.6240988470405728,0.4246394480882946,0.3247064258026056,0.29831942955175295,-0.4046994544701502,-0.2555246281878624,0.4312860487563628,0.4056515665079108,0.6201932234968435,0.341564052224737,-0.3829797413245692,-0.2164786952856827,-0.41632867491518477,1.4248840853680378,1.864554425136687,2.0346224903124432
0.7916404822714559,1.8032026605163818,0.3997342555616665,-0.06441652201285705,-0.2982196756308504,0.2875512468249302,0.021732785155427255,0.824412659791952,1.0523734322151335,0.614731484024301,0.6967349092339775,0.5336462722155149,0.5686888029579175,1.0409090703981112,1.3492938735384565,2.3996849745075495,1.818765638676465,1.45187635737926,0.9530830785578436,1.5318117818114454,2.8983207240154716,2.0970255346502418
0.17208105366935655,-1.35198341888594,-0.8517208450308222,-0.2723792895804277,-0.5820586543021714,-0.4530818206435665,-0.7636679369335179,-0.4260688498649832,-1.2958474774674522,-1.0965049372514952,-0.13533489657957667,-0.45991978398760514,-0.038447518832534916,0.40918964834924987,0.6475276555275902,-0.558013108758458,-1.0475638076854088,-0.10258213470168019,-0.10507142614195103,-0.8431488094958085,-0.09799043234281259,-0.07309161370358216
-0.030714305605944008,0.22626218502675868,-0.46920283073983476,-0.2116564690657899,-1.1453979896491575,-1.2481083523421153,-1.6180986248575626,-1.2432893211382063,-1.5663295337435958,-0.5917665976122283,-0.8818364984790329,-1.0810434323615732,-0.9260141167087413,-1.1647048605531038,-1.5922797658667205,-0.9704945602210614,-1.5736857673835847,-1.0509863718773853,0.18568734481784988,0.9842014579003763,-4.1201230542529625,-1.4098152229801115
-1.00517994618068,-1.8121664179280266,-2.198366318449483,-3.1953524643338396,-2.8078210242840718,-2.179215042091618,-2.2339585680877074,-1.3148568309141067,-0.872678586197315,0.12513061321056523,0.07778983060132524,-0.23721407437353237,-1.3589873223976154,-0.7307910393995724,0.14185547885849592,-0.11948662485126418,-0.5777759775132184,-0.6243605279223107,-0.31502648217587054,0.8063017704498048,-2.4932494701411443,-0.12169797007842914
0.2942440826319834,1.3867682505332015,1.6186362038907458,1.6654012119355939,1.4418647348434845,1.6786219638469617,1.204666693530224,-0.5345454010979594,-1.5845793952878096,-1.498034264957555,-1.4697100829357985,-1.4384362668744182,-1.1880130975633665,-1.0483051255788507,-1.049841443240044,-0.12299774993070378,0.5677096734095316,-0.12107563526853235,0.5203332522699599,0.29274500584585816,-2.2017326671949777,0.9308987217046208
0.17789152405433536,-0.20453787178492586,0.9337847702581642,0.5766813940495489,0.42666122981036964,0.04251003094201658,0.5947450911916664,0.6268227407897629,-0.523208202263011,-0.7287933578950127,-0.43806863219192343,-0.11886895378992397,-0.24143033697956157,-0.08239390695999425,-0.2350201303627898,-0.8909027525391148,-0.5407833692159938,-0.8320221094315919,-1.21062662372959,-1.2114925653550264,-2.1881615379326433,0.2596829464125995
-0.7216365934676607,0.4567107271786219,0.1671612162239229,0.19470188040907077,0.2438418866705356,0.12576827745314514,0.029584224303932136,0.5025374596576919,-0.009807919558928003,0.03340177059523081,0.28451925246564963,0.44339156478370023,0.005411399027510265,0.5986643811856107,1.4720487451758109,0.18766832476760034,-0.12566272434406545,0.07581621085300329,-0.5267057242037494,-1.5495424393944321,0.7247876092928217,1.7222266573855414
1.0083954602543728,0.7433940969182518,1.093359375569496,1.3758023614041468,0.96702931971673,0.739820483938976,-0.04485614380207211,-0.2135150007358674,0.26630884176978487,0.09958520454209102,0.03132830030317782,0.37629540638938525,1.149263828840208,0.7186525714953444,1.1679445001848439,1.3984103233995788,0.15636149615509207,-1.123327091240277,-0.3809772684297938,0.02539743516165223,-3.016095196520964,-0.384179278442055
0.6445154270862508,-0.21536091354501302,0.7677018096301723,-0.19949043508171693,-0.3633610728282279,-0.9984065464345905,-1.1948111454329802,-1.1086874503194581,-0.415772152919348,-0.5719697859891419,-0.7699313134637504,-0.6287435147059343,-0.7358028445240383,-0.689765277622143,0.0571439366656413,0.5156761306673022,0.9038622679411102,0.39711386853055586,0.595739851920244,0.6315722942240306,-2.0853115580109867,-1.62826487444804
0.09843176763861161,-0.38282563236850997,0.6295674952891273,0.6091955737038028,0.4933714959263425,-0.4411690033779152,0.6492714632983689,0.5193043402748974,1.1440821961555712,0.48809552324921723,-0.5908704789763585,-0.8453365741268366,-2.395394956975145,-1.8694008219464506,-1.756544902623959,-1.2645151114229611,0.0016741839768164243,0.4213001207075962,-0.6950447046419497,-0.5331073630300948,-3.373515768999633,-1.4472362003237125
-1.5087531172140047,-1.8457677335333764,-1.900962310149843,-2.4716688290703104,-1.874163592766008,-2.075554473880624,-1.4210273228736594,-0.4522871298843813,-0.1335553776805464,-0.41400518261248054,-0.381422618656463,-1.5630870069303162,-0.9705800636835087,-1.043365602744835,-0.10966877191677442,0.25189734293370286,0.1936925007159613,1.0172569848147572,-0.04051490307186222,1.05756485856707,-2.4533072211225218,-1.040007801468859
0.12496914858723294,-0.556551407384838,-1.38259698766062,-1.4005440604224568,-0.5415717591454986,0.6567594591702702,0.8364785991645421,1.1732532326073903,0.6135994659915828,0.6215837627209095,0.8884227460205939,1.3774465881500177,0.9486498987939308,1.4220409680048778,0.8634351361586304,0.20578003418578036,-0.7604615791095518,-0.7910091315791505,-1.0819937407714406,-1.1900460565940554,-0.1934055060783746,-1.8542321489545248
-0.35324759808991324,-0.7975740800343231,-0.33026500821813315,0.5840050759484346,0.4818052138848528,0.3091284139918404,-1.089703884671092,-0.6894596502349138,-0.3455467604608147,-0.9137080481967339,-0.8080635413729104,-1.7630301013782639,-1.0045735088530712,-0.6275487120821552,-1.0786674250123784,-1.6056983393061621,-1.1683522320251527,-0.7830650945227904,-1.1169204601186287,-0.10163789927224909,-2.4959639111253082,-0.8665136482505931
-1.095988636584308,-1.3905157812874995,-1.7590878703321344,-1.3411087475917485,-0.31843898207959387,0.04227933978158623,0.2348173002340434,0.45826811569562703,0.5062678498217077,-0.24105754408321056,0.5668780435267455,-0.6641402136518939,-0.9406208761294776,-0.29801462049474076,-0.44325705601746873,0.674181526544458,0.3836398558006042,0.06111188908843415,0.0736911649534221,-1.0352796011980838,0.9228698234783264,1.1114480973512022
0.24595554859677696,-0.481385089299389,1.06034936190272,1.454851052779555,1.7242922320008738,1.6452335285765831,1.2455115373399284,0.9409073074899386,0.5825438885188159,1.371058370120371,1.041579906016575,0.22740779293377317,0.5731933294504167,-0.9166197280247671,-1.200591729546273,1.0062524712048153,0.4300392105451825,0.38498039639610476,0.5599405839908466,1.8973345266962431,-0.8067480157029874,0.07953422135866751
-2.1141500309454964,-1.1311921301334882,-1.3243292918240297,-0.1536306474071914,-1.1095049839247315,-0.6566153124608358,-0.15052262792951762,0.5223123287457951,2.3219322225151564,2.496757289579181,1.2254611820296488,1.2506925106325069,1.425653839459152,2.2058648055800085,1.290774261798381,1.1338673743840328,1.0734162895999642,0.6714219590496403,1.4375183124818927,1.3222290538431154,5.586855635116729,3.9468512799074453
-1.494253999452155,-1.3072383673996923,-0.9819132553689515,-0.3915588138799308,0.14034336602245312,0.03369741099558494,-0.8971742030285216,-0.19878779636109564,-0.3994991184410278,-0.4058878598392507,-0.23885426848307809,-0.08041329949952504,-1.2632579258886592,-1.4540153627116674,-1.8665426500647644,-1.3860860726474804,-1.7392829607365257,-2.114783959384883,-1.0622425943097722,0.2017597216782452,4.979347121628008,2.6868147000605003
0.24869201325981383,0.4288804574792703,-0.3701903261147591,-0.550476915380171,-0.9282319806944722,0.023258837107787703,-0.4536309846198895,-0.7180117531824626,-0.44972276376881837,-0.39907145458743554,-0.6023159166378326,-0.8401840222160151,-0.9095267281844791,-0.8173858051126773,-0.8486644668667706,0.5063106731221524,-0.5220559661987253,0.37356493960345605,-0.989437595832597,-0.325319187514988,-0.13786799630708269,-1.0467985651419516
-0.45997733325820717,-0.37328441074598423,0.43279511633395223,0.7406546913955426,-0.138065797372691,0.08118053481644728,-0.4109794255847225,0.7632396046704318,0.11811735393379101,0.36480941070895123,0.4386860014885003,-0.3494522122664365,0.49433147752747936,0.0566943897321147,-0.5793379726331104,-1.9042289926010456,-1.2057028370748044,-1.7576049195011751,-1.979302965402743,-1.8058596697908207,-0.8100122591071288,-1.806466029860515
0.559374541161748,0.11989889178264428,0.7903555277553365,1.3782666885872463,1.5367043717301239,0.332067492780005,1.0663137362096256,0.37257249625018757,0.05747805333449661,0.02278957472658406,0.24666829840295265,0.43841138641938904,0.2070266279346638,0.43395859492379446,-0.7351708740289198,0.17060244703651253,0.6555558873056011,0.738968385651691,1.5199234286236492,1.9106494561972387,-5.271287225626818,-1.737000121417201
-0.8810898809340239,-0.07501121904064434,-0.6294603755028336,0.027102959337002255,0.4156123530606108,0.7009392497283129,0.25543543694875154,-0.18161014764413191,-1.24491506277295,-0.33316124447075823,0.336886992001913,-0.30919454815152025,-0.42756359431540897,-0.1809571041679284,-0.3923914044531086,-0.118984795255055,0.22494424910690516,-0.7895972572852514,-0.3643949884757577,-0.8471703328018687,0.7105095366341407,0.5472101320544971
-0.23244083481978747,-0.40442136717802224,-0.5997662696916072,-0.34247523191297424,-0.8175027609453155,-1.2610381902010257,-1.5387934448034595,-2.84018747644729,-1.9198475561736155,-1.3069165026458303,-0.8016820714671575,-0.4318932185435557,0.31013891495315005,0.491275951237509,-0.032883346987410376,-0.17802344206870288,-0.5765258918140064,-1.2852997014392875,-1.0790604828590762,-0.6940364545444494,3.0008943945810995,0.9787536117575164
-1.7287698614233729,-1.576494826222902,-1.2136312381503602,-1.1954152049724054,-1.4345133175405418,-0.9903538980742528,-1.648226867423395,-0.7745874668720459,-0.10309410625251533,0.05928270665346453,-0.3076686011608886,0.23705376751231472,0.20665462274387014,-0.15430890122002505,-0.19724054343567093,0.34713858942371845,0.3537836041618534,0.5073461712457752,-0.23420691107085442,0.20182024145199076,1.3451048398650172,0.4437853588790833
-0.2844197121827051,-0.22996221558550622,-0.1795137970169348,-0.811215947514984,-0.9238526766749713,-0.4544999307470027,0.21312587069850017,0.1741368535885331,-0.10226852815388995,-0.6297169308452083,0.11285633544492452,-0.5305523480373946,-1.1822070027894904,-1.826691513644733,-0.9138950484217798,-0.7256929712588864,0.3902589588417746,-0.2547530069611763,-0.9504441435385624,-1.4381434640276987,-0.5209357436301395,0.10866651984458753
-1.7126427777908613,0.3541029427058401,-0.06829678403395015,-0.2725581001481878,-0.6484168353839928,-0.8248718680088102,-0.19132002423115915,0.6395651139353004,0.8133846889286033,0.8349571070455606,0.9341318759974254,0.34953785076454996,0.18542123015380116,0.87669332198338,0.06649731196684588,-0.5903400174903137,-0.6485099605227305,0.16073880692248174,0.19475652429212478,0.4897081254835788,2.2659539771036057,0.7803536495847065
0.7978058595110928,1.2166703687605835,0.3009281789591202,0.6654710723358629,1.2141613208675361,1.223103012376397,1.2590187624416194,1.6167355618796952,1.1654210620675525,1.039398834075179,1.3894536769647194,1.3021217793635023,1.6601488957186252,1.7736811910496975,0.8717238697834311,1.119082068161143,0.8030108918136516,0.5261068935719141,-0.16586148564846315,0.25602384005819917,-0.050480018192873954,0.5554567891337014
0.035687111761330374,0.22425352005733845,0.02328774611408253,0.8769696901915845,0.8560084959096494,0.9761877527148035,0.9310914532061279,1.724284866215795,0.5733064309645982,0.06420028815238293,-0.1084945851206888,-0.5223269723660587,-0.70441231987412,0.23167505567976188,0.5993589626809256,0.38197447244944194,0.48548594315831983,0.42181705777060086,0.5079594417297433,0.19561300210195962,3.3061416480313897,0.8551635885646973
-0.374559632506484,-0.5823930878301953,-0.2777519259143765,0.9331319919423143,1.667002540987046,0.5722921383660958,0.5221938681460951,0.021590751229846508,-0.24129971383198928,0.07412945788395477,0.6222384718012406,0.5887701908775308,0.3790660854446521,-0.34723091826524677,0.13709387323028194,1.704715724773002,1.6730790089069387,2.7699551839684444,2.1092404665914226,1.6652093534713737,0.4772029686180349,0.7832375740532334
-0.12921684437529873,0.12763568273081008,0.7473600413014067,0.46608752002488285,0.9699783829834797,0.1160715767177629,0.7053939445239612,0.6465174307928295,-0.0639922924311194,-0.1505779054531074,-0.8242109341735679,-0.6341991254447,-0.7120669316783165,-1.0203586811282404,-1.7613328997140794,-1.8261084806568517,-1.9861091905286894,-2.4234486559705775,-1.2100767675374564,-2.2125572932982154,5.180472571899914,3.263910321595287
-0.3204553644165124,0.8389036892954412,0.378889557935458,1.3741074545712975,1.8230115992586342,1.8846681756783923,1.4042966737156999,1.272606263151157,1.3196882121137923,0.8066336797916843,0.2543843479548171,-0.028108829977001495,0.3487530340623386,0.507207115883387,0.8938340757386479,0.7077028909777454,0.32812586367295876,0.4706386931386256,0.4073841205807045,0.6450992427474079,-0.2590959829906425,1.7895657740525053
2.235001367562742,1.4015124071820177,1.6237441744571297,0.7759336620348899,0.5592985327922474,1.4733084770984126,0.8431144143457678,-0.6626215454163573,0.01728107021922698,0.4443213468820513,0.17582127133135317,-0.08094837834459064,-0.5717123628450104,-0.5797707267732831,-0.7641569337670167,-0.7656641170702745,-0.4655029148322865,-1.7867006542826913,-2.884877812451461,-1.3991305266161072,-2.006926003443756,-2.857734980163175
-0.5665174677509228,-0.309193692380181,-0.5411587178317336,0.07265615777034412,-0.3387945937866207,-0.6833537372179755,-0.4052251528510662,-0.6095629809549452,0.5346081144607622,0.33154775412811693,1.6500581053405747,1.4869921490267468,0.9181843366605346,1.1030237781754937,1.1915327719937996,1.9997350173244945,2.285294593242357,2.2152793393188457,1.4359306912408818,0.8058284859143824,6.164483361347807,5.115551281722107
0.718933811376876,-0.15950930926527107,0.4436324471164413,0.7881568521895881,-0.029747501501828474,1.1223792520060711,0.9685018354629653,0.46875064869916877,0.7754263097014322,0.8008515616320907,1.184560981174018,0.9837256083924852,0.9954273100159724,0.8675361992222123,0.44286773976637045,0.06650685775758251,-0.8971198804718962,-0.5052027780925714,-1.4123075221140047,-1.2462240780330942,-1.5339871270079537,-2.1271040755809403
-0.9799294016838196,-0.3667028344879274,-0.6760902661753416,0.10150465714701641,0.3215009321717043,-0.6522869988340073,-0.9150730493885785,-1.3013790825307168,-0.9027242268179136,-0.639287313762689,-0.6451618531069343,-1.3153392188683293,-1.7568054761537977,-0.8650104697944175,-0.41755407885803464,-0.4830644324417209,-0.1937529615942318,-0.4726472235426956,-0.5852009212156246,0.17900075037377308,0.5624144692093866,0.18149181923597502
2.187805787802373,1.844067245143856,1.3960080146894775,1.0677855368611435,1.2659522203150086,1.2773750858925748,1.747435754044134,2.0983860212652936,0.5015095010527192,-0.2267021020152305,0.9102573488307638,0.5581352997768091,-0.25517291340662374,-0.2738234553857366,-0.28758281452825163,0.7295941522121943,-0.1283735138547559,-0.3968435906379509,0.3162447631157065,-0.6156660231132874,-1.2365042880738923,-2.0711172036045635
0.9237656594065792,1.6235954640571784,1.084353660688086,0.31866561765272805,1.15090482589837,0.890082793047841,0.19160308981707155,0.5080791992222163,1.192622424662538,0.7547349892147693,1.8488914306124105,1.0915060668743384,1.2176662016300628,1.3175436343266933,2.3006032992911916,2.457516858000399,2.2819077979322575,1.5513819517449523,1.0647530891797545,0.7219733632590296,1.995366769953375,5.076037132495017
-0.1647744435625473,-0.06688879974706478,0.9274721041399424,0.4540334278086089,0.20805294414254663,-0.17874255268291395,0.5516046994768318,-0.06689223445689253,-0.9668910277714512,-0.43988944369735644,-0.6325303157589525,-0.13141749110720793,-0.7557850247519586,-0.8333160073837953,-1.2340692468710293,0.003648206525420473,-2.078608282947722,-1.7897580174109813,-0.8937967550496101,-0.4730961100908936,1.18127895386339,2.7157545792021094
1.0127121303809583,0.061596709472435895,-1.0764376773783042,0.1291337087500029,0.6351970045461557,0.15323304795850093,-1.0152627105201097,-1.34223834549929,-0.7821483236449808,-1.2240220691099877,-1.0116098553838633,-0.865379938364668,-1.6321825929973037,-0.4089963758148595,-0.5036819113694551,-0.0715100579535914,0.5677298266235267,0.22306946076888823,0.39488995934578197,-0.8546701729231316,-2.6735781456251035,-1.8516715092275502
-0.03137916562398288,-0.8405660161442572,0.2428485843145358,0.0403484551385463,-0.37706413018206997,-0.6122273715805281,-0.3716038197818406,-0.11416746602821723,-1.3793895147907453,-1.195334496834162,0.30673843746392104,0.8008944602496089,0.7500220932847513,0.7081239562368418,0.666363945271125,0.3744231589822452,0.18562622469862183,-0.15554815390970764,-0.6214303920626776,-0.06898928865060411,-2.6278838484254052,0.42010865819185106
2.011171340860779,1.5912048085054296,0.16276672827551605,0.6391369578032478,0.30052225066357885,-0.1324138557485265,0.21568523184874858,0.4714824495801503,1.3914490368859151,0.8076690394172374,0.5301198462852872,0.6116992950648533,-0.04583645440877466,0.38960693172139477,0.30427868099531324,-0.050867451447118725,0.4912546775899132,0.9521452940478623,-0.0297857935490411,-0.15885048289956122,-1.4442632513068914,-1.7879614197077345
-0.9227154512219973,0.048496430462378164,0.8986762095281593,0.31152694517866675,-0.17633566088999397,0.8703629138364828,-0.21270384858803004,-1.5653459631581434,-0.6426608897926768,-0.742317909884522,-0.10590981102064927,0.25841036068051626,0.42270680119011134,-0.170286865250024,0.09060625155036035,0.2569002156240715,0.17267288455945745,-0.09359922941662814,1.2653150343768838,0.27501788497995255,0.975056896371962,1.3000868218776649
-0.1661471691634102,-1.0475914741406285,-1.6583948830205604,-2.1407826820430955,-2.0829567050699676,-0.9440201221521592,-1.6310016874892181,-1.3521772622603394,-0.08113595543148429,-0.39061658649882325,-0.07149917439680466,-0.2144923392095032,-1.1552413229722385,-0.915292085838876,-1.5123054592556455,-1.6116939477056256,-0.6640918785195338,-0.9164908095366773,0.09551590845041968,0.4044057852824389,-0.5534475720950676,-2.464995924977138
2.7264035019799073,1.167564817151602,0.65373517657542,0.8562708212505824,0.4684394846981782,-0.03317906506515718,-0.11925551618984308,-0.11548193483888088,0.13490499857968483,1.1014044824967708,0.8324165807144828,1.1252314296231087,-0.21347409926994634,1.202703236408343,1.3536323587675718,0.8661043433675207,0.7163150061936063,1.484346832590064,1.5006562811005966,1.1499174553732898,0.43843717553646366,-0.8815282906319416
-1.454531470999899,-0.23619010774787583,0.2144026262290291,0.6278543847004181,0.4876804072789696,-0.6276557904885509,-1.241559758999801,-1.5577522228833214,-0.17781468693262725,-0.08865081752572475,-0.46032887068873585,-0.5468319744767417,-0.02296169057202132,0.8991512865538112,0.8800152253757804,-0.5763674614250078,-0.16730734923567347,-1.5881137031737034,-0.6240986693166772,-0.8035050768270571,3.257618918787528,1.3313200513764705
-1.2669662532179111,0.06174750659619086,0.3264446471684789,0.86971462196207,0.9380668541512853,0.0402542751064214,0.3333577094970241,-0.699393702272587,-0.9481082618887743,-2.0064067809831685,-1.4813895854434995,-2.239069878129363,-1.0143613541043588,-0.5233091451770454,-0.7574997730026667,-0.2448380996770279,-0.4316924344482489,0.13188949415236506,0.49925475367193856,-0.17277005895194678,3.247078522052358,1.6798924082341666
-1.2857379004090483,-0.3508925855640186,-0.8868824718741549,-1.5151713700674545,-1.203598066142212,-1.204564931956133,-0.928889453099836,-0.42058391416805424,-1.1225161757296915,-0.7545955543236217,-0.3050999495217789,-0.5642278125658375,-0.11808173120430734,0.1058264421427113,0.2986478414770099,0.1440109916056031,-1.2512881559045588,-0.9027940748672794,-0.33512438460904836,-1.0241660273153341,4.825810574401421,1.6418840777403962
-0.9246076759440227,-0.8332584232689259,0.9219072533698003,1.8517670858174489,1.846737724192134,1.7739996346073736,0.6287949828140371,1.1064849189617374,0.14184714039398744,1.0162200429441481,1.4075387169790308,1.9738328822586275,1.2720284623200235,1.9000062296338238,1.5681007110591565,1.2484731423981754,1.0373023649722104,-0.2901650336820937,-0.016224247288423494,0.12466914576117562,-0.15694763734539385,0.8192722452870992
0.13509374074712516,-0.4017363883033934,-0.24919397964073625,0.0758477172529795,0.625554508343745,1.5514297788595937,0.7988811539609498,0.07328519052952077,1.1112829144293017,0.6812310564073125,1.154139618595645,1.9951251899080937,2.134707080498089,2.366550001882234,1.101537414513826,0.8508842899788863,-0.0422056786420462,-0.09254570842868876,-0.039554670874376925,-0.9253201440802279,-2.5476754080970574,-0.1642451020666471
-1.4737040076648937,-1.6000847720804279,-1.2085420255848902,-0.6319319014386812,-0.5926090519915796,-0.24570638192930647,0.23600272332319758,0.8404458820048712,0.7164755601974573,0.9024358601808516,-0.3114914848981438,-2.2991187987536548,-2.0181646714553523,-2.319302704165998,-1.0310586886854274,-1.0905007545520342,-0.8344632313073017,0.38897374151219793,1.9473966246586571,2.5375701401366917,0.030677956598671674,-1.8988016396112009
0.935428395964977,0.650652646292969,0.917411408402842,0.08052163639578751,0.7840574683372331,0.60756362097121,0.5617743326387821,0.9621980561571755,0.323985354958201,0.3011565667860877,0.4691233721360103,-0.4844229116192702,-0.36275472071175213,-0.25825195960178765,-2.306999794927526,-1.575185243076848,-0.7083074811899847,0.613394506913034,0.06803914332385737,0.09027171307912005,-5.580921059590361,-3.8829246215996296
0.9803072300646798,0.4462654107194535,0.7057605711941886,1.1725197272140635,0.3111882541552076,0.3667508367741673,-0.46259269507929834,0.6422230534204918,1.843399826315974,1.5651297052469402,2.351836346225248,2.0498412672795765,0.8536365261923684,1.3764825450509752,1.1136349220896355,1.5134795966851606,0.6748729822505982,-0.4508629238101513,-0.5106035684899481,-0.4191103007638582,-5.042131545552751,-2.7672623968769527
-0.38504511650300144,-1.3015286569558226,-0.9809622668663953,-0.44852253950174953,-0.7057326972318015,-1.6401759941612721,-1.8878099816878318,-1.874974058785952,-0.6551565386443251,-1.0883431031910151,-1.1977814480079405,-0.9500337831185836,-0.1801584183470746,-0.06834373398832899,-0.4812605054509397,-0.30481840973456875,0.42768504535098484,0.20955102926291494,0.8231463845575913,1.5583917359860262,-0.27127070648027507,-3.1956101691607164
1.4343619870712454,1.737791847258496,1.9929570276955864,1.5595340198184116,1.0660279880939731,0.10480581064309857,0.9775097072218798,0.4386191011517554,0.4039604247588872,0.5198442041600737,0.36792928279407344,0.62753806293552,0.542599156296712,0.4577618857405901,-0.05150694984973591,0.33045084316560225,1.2753861736418293,0.8216060184362736,-0.1484283763515,-0.012951459703282417,1.0173721820127883,-0.6779742535978792
-0.508087743346498,0.30085457544924704,0.7730815826049183,-0.4710322125041039,-0.9513202115805443,-0.3541925915808854,-0.7475465458509536,-0.19448978111643925,-0.5085239927604479,0.12129811758819757,0.3503079965945617,0.785957476585027,0.30293386500228386,0.15119710094411773,0.00817239469363506,-0.5152438945345434,-0.45156077530411814,-0.06682857010517715,0.7226071722967128,0.8416746991649443,0.29913756440422856,-0.47431846165962044
0.8399361789224363,-0.2514698945588672,0.04457532823094031,0.4036426886241862,-0.4563295952368425,-0.42038003099511445,-0.27948978734240415,0.24636195249104662,-0.08194078093807194,-0.490042860622098,-0.8686575778202776,-0.7579203561423429,0.7443606079378376,-0.28219208504369225,-0.8608515794128974,-0.16309312449308475,0.042682227272934324,-0.9117358265943522,-0.5707553361742265,-1.8544942048349624,-5.360447942095313,0.8236216606870445
0.13831569241388383,0.9474446933689376,0.9048368500418634,0.18982324575251133,0.24030307873595388,-0.7401022775339261,-1.2495959928822187,-1.7397891989041303,-1.0145169396524567,-0.9258981393633002,-1.5836270946454556,-1.7003243232140108,-1.196645931084943,-1.379828916509202,-1.3550327620973048,-1.1406792583286767,-0.3627692353916536,-1.665018663261933,-1.0522020658244058,-1.8985575473071672,2.0600113759341605,2.2206667868662184
1.5403060508025597,0.7401586279955866,0.6574760718543258,0.8578773515483146,0.6359941440784245,0.22825885679915675,0.34190525706142,0.4267526076274052,0.6853061583538119,1.301347121885189,2.1472123732578847,0.9078110065976571,0.20659490031412883,0.48518781806284167,0.18921457229342067,-0.43753717843547396,-0.018300421534546137,-0.4543607762426279,-0.8166995724342913,-1.5021551688806476,-5.327800152971924,-4.983518112726506
0.2671918082135112,0.04284965526540252,0.43103981340184333,0.8542503836312271,0.638370178042941,0.043165316321888865,-0.48141949358020364,-0.4869410644675965,-1.8992611475281402,-1.5084193166090183,-0.8756358934802599,-0.9591601986895687,-1.414979549882149,0.19826363770592353,-0.11369630882152425,-0.040639560454413505,0.14252550786453075,-0.9165561107134504,0.0412111753432583,0.7778107085443742,5.0319507937331265,-0.062187153585804025
1.5680503270596395,1.0362065289429732,1.5818269974972599,1.0764736386776625,0.2560097092647762,0.2755692652434569,1.1285365141497212,0.3025519693638092,-0.8837525501562258,-1.8650483027843345,-3.2158979699606,-1.5705265366434218,-1.471021709593611,-0.6618353229965078,-1.1135398060625306,-1.9035793804047563,-2.400641931102759,-2.5594168873024716,-2.2216013887132884,-2.8732728295499124,5.4196574194197,7.62678889944712
1.0731324230868198,0.3371632353916683,0.8812595519725722,1.247674104801185,0.7838769988779197,0.6319975119980092,-0.30925281830535994,0.7090877441407281,0.8438749715475767,-0.1708054906971196,0.18173070045183698,0.2308263728141733,0.7344565041137358,-0.7846355563574776,-0.4384372211166658,-0.46316966977245627,-1.2238748997885163,-1.2207199485670093,-0.7585305331931507,0.0443484731119498,-3.408096192184426,-1.1866696226495865
-0.03401702097076682,-0.38626485590622867,-0.5812149069619401,-0.14468923545897142,-0.8247190239723359,-1.0128158828231797,-0.2888794101658853,-0.3709016693296273,-2.048055699095024,-1.0729303078503123,-0.560869376858664,-1.0037843625525995,-0.9538448816407328,-0.833969121670082,-0.10278043004437282,-0.3101358914614223,-0.12774788156643022,0.3374165834205706,0.07816826608010391,0.20544453767345774,-2.904158671240591,-0.48189078389982853
-0.03394276646062258,0.4641807832124574,-0.4944952348130105,0.25326283257189425,0.13146850911250121,1.04340376251982,0.29801880863603614,0.10409493269714998,0.5001036290097532,-0.8880077504076591,-0.4457775837858384,-0.29345204458075075,-0.14910659818130925,0.6450077085255553,0.5925712149333874,2.263908489844631,2.2837985111433574,3.50406050540381,3.111712949377713,2.761260507479425,-5.432218747555509,-3.242477999431783
-0.5524622126734843,0.23121488912668042,0.4753789796730419,0.9127864111546856,0.918621383966223,1.0064399786652316,0.7009561931627933,1.355211696496906,0.8371137509018558,0.9079107859492406,1.3517933516935443,1.6048937574351914,0.633144298417743,1.2529421722872085,1.5036157580618135,1.5360825842173973,1.544816500015113,0.2607794828316379,-0.03313048580791145,-0.13727669433544387,0.638002457335614,1.7010155731194565
1.6565364691728488,3.1462083505422576,3.2542259182729065,2.241919851152721,0.7870893556811815,0.25257754493123274,-0.8417001127115366,-1.612295672055763,-1.298101392435613,-0.21805482098728482,0.20627228797203995,0.22082184879532943,0.3110299049343733,-0.22385411096816052,0.31845597739632775,-0.5071457347941064,-1.1377117369488388,-1.6267986906745937,-0.06830342161672404,1.6703074902261323,-4.738726835345119,-1.4587268218247165
0.24925277696020554,-0.08308973171433448,-0.8968040011994725,-0.9029095504928949,0.6804751131407738,0.1687613130993397,0.6588624894746524,0.10829839875989561,-1.0354668445896869,-0.3663031446222631,0.4790581565975005,0.6275705464222635,0.10192085224089897,-0.24634937103717391,0.014152013047429761,0.5493200285211881,-0.6596713885388291,-0.7523902343187673,0.029939005118806976,0.1972432292820728,1.0861852630464042,-0.057857539608515224
-1.3673333292045862,-0.41993532451216903,0.055366748592283486,0.3218829429047637,0.03768791424274309,-0.5374325496940869,-0.21348318581847858,-0.6194669602100785,-0.6578271185290842,-1.1336073108752636,-0.4585988600495023,-1.7223906422566537,-1.4884596902339788,-1.095289570121691,-1.527821462610051,-1.0628038782795435,0.3737230798997777,0.6681909918908325,0.2223806564299962,-0.11115728151947525,-1.8577197084315213,-1.5063179647804847
0.4177642970792885,0.9658866917405213,-0.20290255900613657,-1.0282587250039024,-1.7849794346550307,-1.5421186469551464,-0.6540788160570773,-1.0053296678717885,0.34251224420742077,-0.3604223225667056,-0.3500376476876755,-0.7245439733927139,-0.552429109837894,-0.7907184946012739,-0.4926884885301825,0.4852178356392826,0.922200421674149,0.4725988658454306,-1.3648394752305155,-1.109628983543697,-0.16037637623918644,-0.4361035889268585
1.8091387076324164,2.1030084539573894,2.4940909986311164,1.6237644052204103,1.2712435325862796,0.5966684006048876,0.5914994703468108,1.1786065218231303,0.7023681198932422,-0.19164697271540415,0.09184567872497815,0.46788558249119944,1.299716603732419,0.6709384762563374,1.040896325833995,0.3201765161741811,-0.3607541615148014,0.9309396947428463,0.9769652181915168,-0.10316873261637255,-0.29080124237685845,0.2073515277132659
-1.4929385860614741,-2.30931632340896,-1.083257969918296,-1.3322187036385493,-1.5423042952723103,-1.5760433016297992,-1.1692398038128589,-1.6715468849180857,-1.6987138504912196,-1.6106911322154698,-0.7355662938993275,-0.3500664531078323,-0.03478106993165358,0.6643160309925633,1.2372719219566877,0.8561049308510937,1.784273363446482,1.1508361635149542,0.7607311038712071,-0.1927506446929698,3.1715433966379494,3.744380602732562
-1.3563428193862581,-1.918198248900949,-2.239694159168703,-2.041100216106384,-1.4133874104948758,-1.449861188901315,-2.056375541196758,-0.5179171749484163,0.3009525759345115,0.2509643644106054,-0.04879939519698536,0.8154268453700718,0.8048910179737759,0.6425514688894578,0.982014391111485,0.7497270091984406,0.6794787126952294,0.40158192230584033,0.3171908631098812,-0.38608983053761753,3.115283410579858,2.680479440921156
0.5113458798534317,0.9004717043057165,0.5441135702411911,-0.3548296554569868,0.08784415731323927,-0.4809320756713033,-0.239730153989509,0.10732663865877619,-0.3557954234516137,-1.1587308317412661,0.34113853253252213,0.8927384798137048,0.8005282545858963,1.091875442524842,0.7268052542611526,0.5144629593603935,-0.12251138083046423,-0.6545955484363127,-0.31867989085134757,-0.11000682189963874,0.7816308571629237,-0.5576948819334456
0.16647414025100452,0.5169390787804361,1.5153451480252123,0.9478532758257919,0.7288525852806519,1.074806910865434,0.9129118387800833,1.4594539575644525,1.4646353214839047,1.7485216691598358,1.64958490918514,1.1077309259296297,0.7177743271549216,0.9028605718639016,1.7975705372367952,1.5455048475777544,0.5946778525406061,-0.4703652036408716,-0.77796974107631,-1.6031335934977364,-1.200178502018026,-2.486461010501685
-0.03092659132471507,-0.5205880899028511,-0.010342657756072078,0.022183434976765518,-1.1650238755629605,-0.8831780566425728,0.48099029168871327,0.8204085307683316,0.2126317357844729,0.2833839464506571,1.0330584128383282,0.9196344517779226,1.0069959625509948,1.6252108006055126,1.26655787097556,0.6418306046187383,1.9305805341159314,1.121521275388988,0.43104078665153334,0.18199066379292178,3.5833316744732113,2.3690814122083177
-0.5693925297101173,-0.5723539447626368,-0.11714161568660206,0.42765608919267767,-1.3960241919138818,-0.3774461656572491,0.06490929228191375,1.150242589085184,-0.15343997723659042,-1.2570153887878706,0.15453958984365715,0.38578743819193645,-0.2528858384095863,-0.05733136833841967,0.6279801893351487,0.31946430524970937,-0.47787644332984175,0.27267129941853707,-0.48278663587256065,-0.1379692324037679,1.7272096800175747,1.296580330469393
-0.2559398430165803,0.06674212309375013,-0.04950672354653271,0.6039547573291616,1.2025807425282717,0.8921059699003431,0.8460430843108694,0.3697057600992907,0.028538578084817523,1.238841455364217,0.7782326174587284,0.18319827781068662,-0.13954625605128304,-0.4435724010202166,-1.3694831082642718,-1.9503178929949276,-0.9123373800158547,-1.485826798083839,0.34749749835202426,1.5837636024590258,1.0470224107967971,0.43052135049568835
-0.197703987989267,0.696754154858563,-0.2314393899842034,-0.10282662366129985,0.5913904873086406,0.21289716727312621,1.6211237260591054,1.1136752573391684,1.2623617483904146,1.7727124924637934,0.6080267863629972,1.2197549461079094,1.5694441223356863,0.7303158474808057,1.014147894859636,0.4246090636888337,0.29499738563696615,-0.05822902933437647,-0.22463105104608402,-0.7283146940493057,0.9871019755896997,0.9671119995676152
-0.511171261937335,0.06829888644667224,0.6877546871108995,1.8816802555797507,1.3878328448385995,1.050480060408634,1.3224583125514329,0.9541957494603142,0.4244469307116024,-0.5697784202958546,-0.44720608325384426,-0.8535701188467695,-1.6804479379205697,0.24362162963593978,-0.424617761438432,-0.4503161472536318,-0.2379094768485553,-0.23616385301459117,-1.226480834894389,-0.8752649018331427,1.5229191813735103,1.195022417842851
0.12602166811007878,-0.30275691245097774,0.08474455650930966,-0.1834911605365147,-0.4293901098608637,-0.22288965531730076,-0.41859395018314827,-0.10836247081901532,-0.5493612200501204,-0.645792243779642,0.2815164841098315,0.22133791007404677,-0.7153193072244298,-1.5439002857286113,-1.258321331813386,-0.0788952527766159,-1.006715593866045,-0.5661067742601101,-0.7221164810906475,-0.7335861375134818,-0.7417601946257227,-0.8012590467426824
-1.6768921273848232,-2.2715620685174542,-2.701809173335758,-2.942919075984138,-2.8492664707837205,-1.6422332546401601,-1.1322158975729435,-1.1563523996958056,-1.2045998210245439,-0.8758876599967199,-0.3086845621701865,-0.6304733803852841,1.1310863828994302,1.1479587978237078,1.1260664668858051,1.2227973783586148,1.4380238691459937,0.9309538822836892,0.9779912336780456,0.5632876442640911,1.5923486030426983,3.4930282780915762
0.1011325759471949,-0.653397256321497,0.20761379014337736,0.08431697386025035,-0.4216623613759928,-1.4550022752149872,-0.9845063272427865,-0.5021500290575558,-0.782384437773416,0.46227413268895584,-0.21598761289238494,0.06649414344926897,-0.20881678858082253,-0.38825887745448145,-0.13044242492879393,0.15459820001103275,0.2894822361520753,0.017314451460107353,-1.1883039873871635,-0.8635076398004753,-1.6483677258103802,-0.2069788064438556
0.7235690176857635,0.6970396982930098,0.899025268285125,0.9814704600532638,0.7358417334283166,-0.33681020538476236,-0.23650279459237342,-1.0247162096241862,-2.0497412623105062,-1.4315225471296624,-2.3866528239908793,-2.00259657652861,-1.9281485446157467,-1.8366543190625155,-1.4351230916063524,-0.7592513225878555,-0.3455272936362456,-0.30620172561473263,0.46537977563761057,1.1992335298311712,-1.8637185088714623,-2.2834681703858157
0.2900574259015968,1.0938622057819092,0.3989232794374184,0.07577700767445221,-1.0189614072314173,-0.6835146337298689,-1.0518695090611383,-1.1552268893921405,-0.3425080241877641,-1.0402354475001747,-1.0575352751128306,-2.22906380145257,-0.49153283768864636,0.18334345047701145,0.9412770613758059,0.949513120614774,0.263081708317055,0.9769308943635755,1.1363541931255146,0.9087312265601502,3.074062586279905,-0.07092862921104406
1.5918164212377979,0.8665989898779758,0.690520783557789,0.4443058758998617,0.5918120655149357,1.4397574510956397,0.2607566421907502,-1.4084296515405903,-0.9412470633518412,0.13222226245104135,0.6928815715769401,0.5522215257895288,0.554345773986931,0.3553860119762525,-0.3225923519396643,0.33793883733031665,0.7117182684917529,0.9824487510962846,1.4611807136870103,0.6083135355997643,-5.1278672486878145,-2.0891181502623315
0.4963763593273747,0.2664732291111772,0.062412026978603596,0.32903756226713465,-0.08655404791187382,0.11175082411731391,-0.8689005169218393,-0.8691183511995655,-1.4362666556934822,-2.0767892556906973,0.06352473961667773,0.25887209170306774,0.15818606687804204,1.0509956954804436,1.3502892176053216,1.8813302725987664,2.104997788574814,2.629112185810258,1.5894476517695972,2.1609853454683186,-1.1579961227112725,0.4633000688663492
0.7930935109326791,0.8414646918162806,0.06869645421084866,-0.1968264697098283,0.4628726712575978,0.12964660376344866,0.19715546492803698,0.1724235870162105,0.7018950836440392,-0.38229181082682195,-0.5506703228664146,0.8511481962575702,1.9461876738498947,1.2518244406418384,0.7658699335054635,0.6284088989996051,0.7324525667434618,1.285378449080851,1.9368314922958703,1.8350077252354504,-2.9138386090871435,-0.7657826062734945
-1.3924459532087747,-0.9877565421288841,-0.36941816553193396,0.559897262512392,0.14014467167989306,0.36894186935949147,1.5622071524450074,0.8085329081483513,0.650218099275346,0.08375835755330657,0.01460727497254928,0.5208651871347115,-0.6726968768335354,0.5995737859603006,0.23824941670613017,0.49314896393411883,0.45165803832391205,0.13539893572693332,-0.9797117515597017,-0.46050653970644745,-1.5355761288399332,2.58138091142494
0.04419278276908533,0.12999637236760408,0.4345519603514864,1.49597960787581,1.049867283308897,1.367619862212876,0.7082510534770406,-0.2272375377543431,0.029683289014471394,-0.30982028891106567,-0.3206322341257176,0.3404593276382291,-0.29797047554134287,-1.2963061326625467,-0.7940503325529081,-0.7503156329036482,-2.2177952390573763,-1.455077339233668,-1.0994960104275222,-1.031789998009858,-3.9444164642127353,1.0164668247791047
0.8232827537286465,1.1962304496583214,1.3730409534547385,0.7562882140015703,1.4053129656098902,1.2893435297166271,0.8629802142586607,-0.6590069092451752,-0.6200209564085774,-1.0561765794055231,-1.8409572536036065,-1.9695255374902891,-1.0996467871100217,-1.0521987563563824,-0.8992378493577209,-1.8085648293559413,-1.9193221690834539,-1.9214570949753782,-1.3111776978049459,0.005715577885357111,5.861364202834306,2.8797695110177135
-0.01160953585255961,1.2555449066268594,1.1568046560667113,0.09720350574027949,0.16283621649423916,0.19364044300638825,1.278706378618593,1.6222031179204686,1.287698395521795,-0.22052140170532722,-0.35884294587384225,-0.5359635815769282,-0.9623974177397616,-1.16745624088539,-1.5220352673195958,-1.887566491502826,-0.7522234520656976,0.2559229023859855,-0.0742045466588445,0.2709364091454438,-3.229591876697393,-0.8427913992259499
1.0699234891648102,1.198024740673033,1.1492986179083344,0.8199999270221926,0.3179352376299324,0.6262808916226864,-0.005193103195684753,0.009212730956702015,0.1651202918485589,-0.0404605145816286,0.3265479619618565,0.42172516536631477,0.7980872342832919,1.188321340042385,0.8579787668574316,0.9570307234476346,0.32257023929842826,1.068232137393468,0.5724325401441731,0.24247400442016495,-0.8742930116732409,0.4837215144409065
0.011406470907466807,0.03496452081642011,-0.7168566667245315,-1.1036331016848442,-0.5023421120770469,0.218876704651457,1.1936740317864836,1.7239371558957202,0.8818818874536204,-0.32803787478733837,-0.25954837790977847,0.21205566748530294,-0.20134721579263892,-0.5904059733610147,0.0611844674337018,0.2978828773683996,0.5793185755947585,0.7539609221391388,-0.04478677959406867,-0.39385937088516065,-1.7210965244446774,1.5478925034683308
0.04339912549969924,-0.9397165411839881,-1.2465687805877026,-0.10503249255137696,0.6983646844512503,0.19982781694198962,-0.13548909585867266,-0.12931966474606763,-1.1717058099580657,-0.9312846608406042,-0.3684146885663916,0.29600909895616667,-0.16108423612607578,-0.5076146741079103,-0.050259266959806426,-1.4362391374855532,-2.300251110479951,-1.6680374730074505,-0.19667667736746006,-0.4922374034581861,0.48843713157951757,-0.16436692380020018
-0.6379995092513183,-0.12030435179865209,-0.12017305434674082,-0.8278882715931359,-0.9887077428693867,-1.004305485177548,0.13509093663875285,0.6960761955297379,0.6454296172696459,0.6190091537380074,0.6307605709293296,-0.5302060321531926,-0.5413992948578479,0.2500814825498871,0.08709676662398103,-0.016691370662846792,0.3209745557766504,0.11941562380248684,0.0644697028851366,-0.43779173439050995,1.2235656773099004,0.2766728022068511
-0.4014226029445528,0.940282010165236,1.5240773220741617,2.1576055454772463,1.7725390602322098,2.3537534492315824,1.523812408699303,0.6639480534753577,0.5882525179533585,-0.16509784967910565,-1.035733110891775,0.10653091538007038,-0.24737575333734663,0.6944325327682672,0.646527258893366,1.7542392400167042,1.7923768663341182,2.7847271319634648,1.6150574476773953,0.9405393410819582,2.446488586919557,1.7343133265965542
-0.5439346143662868,-0.13746683934301307,0.7726215867522439,-0.16535663530403033,0.49806153677623893,-0.01899673018400358,0.8904675581690302,1.9423950280652245,1.6091899625320807,1.2006329248593666,0.6872882145605809,1.259658620315046,-0.4775244801953921,-0.7387762478962794,-0.7781563203407384,0.3217426895255384,-0.0283285282673205,0.04379568429174794,0.44155770907244324,-0.3583223815911547,0.3607845051683227,0.7231212613556154
1.5887574900583306,1.8909057989862936,1.540903342345504,1.980501025094802,1.8413495273736846,1.4140332225103698,0.7757010203960127,0.045289194881921624,-0.4350721047361653,-0.2439272323227186,0.5261802699213957,0.545162735902393,0.9946315608863646,-0.06658601747355015,-0.6053600378730072,-0.04356044129477806,-0.843568910246639,-0.7283398397432552,0.22427346046387425,-0.37403270877398526,-1.2119764238049577,-1.5131992851328773
-1.1353734746514919,-0.3199926427551389,-0.8690964818727427,-0.7378101009315851,-0.7007432460301349,-1.087169133123808,-2.1604820944421865,-1.718532283037605,-1.8277746132781367,-1.0722374573449718,-0.8387819891119436,-0.26733494890747994,-0.5010315309556604,0.20057379861517946,-0.3339712575926322,0.24577346273116643,-0.06120767471823401,0.4628560234919887,0.1805866934063914,0.25156117132663103,0.29743219537900245,-1.29387988670073
0.26847274503245827,0.17962378018850672,-0.4855317183192215,0.30518942853701375,0.3598863499300346,1.1083249235297212,1.279723861667809,1.7934882890204247,0.9087921472603904,0.6927991760857763,1.6682791577508738,1.7734681244489736,2.216471269964035,3.0858175132588452,2.9339239959055683,3.2605591834259724,2.5219279260179044,1.3060094918228338,1.0127795130638233,0.8367588037209087,6.259534969449938,5.914209285449542
0.8421042400960795,1.2222102984117778,0.43993265751417826,0.9998438034502756,0.11806206582691033,-0.45080587912678227,-0.23700311940434687,0.7661236430855121,0.9893470723811786,1.134987499999955,1.0825939774493953,1.23040483403976,1.8619960927473016,1.7882150240822308,1.6169273815226444,1.5910193705260616,0.9002718782662988,0.4985980813213258,-0.3786353289959716,-0.21237689241213173,-2.0117214757752495,1.3815984246792579
-0.882798111242355,-0.921549521307815,-1.0765979713179772,-0.5091035611511757,-0.42040190409743916,0.2250452896364171,0.5158394809727667,-0.029545351510683587,-0.9270785241788149,-0.25028695484477337,-0.9475228566733689,0.052496396046782065,0.3378791993358235,0.7774164340552605,0.44000584644388085,0.6587519074006983,0.7010339936606413,1.4377847482785449,1.2282318083856154,0.20530230006810626,0.8685755426727895,1.9921900125084078
-0.5751158571502738,-0.31144012981104124,-1.029139799737278,-0.9494825258307187,-0.08811532960235302,-0.42492524069916393,0.3401118710209379,-0.40521099883937256,-0.8972032451454287,-1.4935347737441684,-0.8237339316259704,0.21232158713763413,-0.2683132967800629,-0.6595612346785762,-0.26102463426096956,-0.4140883679166992,-0.4432842203526914,-1.144250027705616,-1.8356107391613437,-1.1701451621449792,0.9061591512546403,2.0549258922118465
-0.13776915127745937,-0.10601044395652948,-0.4061032158736357,-1.8037618359089789,-1.7546300812350861,-1.4116580240845387,-1.156845319806615,-0.6472663984013655,-0.5868375759223889,0.39388556996971585,0.5488467647767826,-0.2229375894544406,-0.30554367267866017,-0.21067314161483322,-0.25816397102818933,0.09834263654718207,-0.0595542429213996,0.3313405419951738,-0.17151595515402374,-1.003909695981948,-1.7645345296473063,-0.7996630918571755
0.27642770817290885,-0.47534582709692674,0.19879592981998534,0.3221860026551659,0.7172302095399228,0.9962413550572355,0.8039832191855271,0.9987364571644697,1.638399593100337,0.748245203292522,-0.6966025652149058,-0.6049401546391003,-0.5944097742907332,-0.6035240195274845,-1.1279210523792242,-2.1061057249805875,-2.2573790714945527,-1.196979059743778,-0.8697379483396562,0.5249912069097799,2.675572914816504,0.3884418569893549
-0.6182524184947474,-1.1503347911662942,-1.0620339554200362,-0.5860599644908921,-1.5963591982211982,-1.3606458939160309,-1.7785486104632777,-1.1804561891089442,-1.4353720571357818,-2.166459500766226,-2.2991404198400427,-1.5867235768316599,-0.6580993690520162,-0.7901989823032055,-0.4019181959117378,-1.4819829278637475,-0.5995287821075374,-0.20838446934404525,-0.3772860664843617,-0.5526186388189058,1.439224564750424,0.2753033034193896
-1.6823417765397233,-2.2497058531911107,-1.6850763308346306,-1.2077886716248094,-1.7375241097011482,-2.1142141957337173,-2.220894982710492,-0.8262687262014289,-0.1522299122730129,-0.4151025140604645,0.2213093930085461,0.6147891338751859,0.620090556030508,1.2877997317564869,1.1659418767648897,1.5729648527199993,1.6815179783234628,0.6333991805050759,1.604526827741035,2.042741213298518,2.9513341196711775,2.4828435624797125
-1.8510896618192993,-1.7581333630825642,-0.689784883316008,-0.9309703755173927,-0.6601703198438191,-1.032514933673352,-0.24970245982915182,-0.049159980781073045,-0.40161626026523695,-1.3787633517065478,-1.2836707950023252,0.029865160582963547,1.0292701194474096,1.2539530456839183,0.6507336935997108,0.3914184041087779,-0.31682018524471617,-0.16110861928761425,-0.029642015265519118,-0.6338624129910032,2.589010336097024,4.064739666769489
0.4095033068096685,0.40968258336989605,0.5485988745390262,0.7132822823248927,0.7692638624718622,-0.08824426205686364,0.13821279763601654,-0.7721365662125,-1.45279364662384,-2.1158194067839964,-2.102827890894719,-1.5059899712721916,-1.956794396120105,-2.2026066755954696,-1.1560944024703868,-1.5031043119792262,-0.47724054920555,-1.2658510064698194,-0.46190438887567714,-0.4186354258190774,2.4635976884999504,2.3648627611297166
0.448921684347016,1.637086908217548,1.1584806502207616,0.40100535483455085,-0.16261707393899374,0.5023527009701045,0.7681115642638358,1.0833505844597642,0.3770910436399955,-0.21909881203131243,-0.5930649724491168,-1.479631481253233,-0.3501347519350329,0.28895798699403263,0.7222255597241206,0.4545524330891612,0.18829083393432458,-0.21502063663235324,-0.34685539736509186,-0.0920570284723182,-0.4534690523631838,0.7040708947107378
-0.8763530757229113,-0.3303605699580026,-0.20287664040639578,-0.3731180225316092,-0.17781721210931922,-0.0494010093010432,-0.19897151167871596,-0.11344652339711458,-0.26430321242856497,0.2369679298678781,0.36142103125414216,0.07181455660825486,0.5402823815165371,-0.06784556558915203,-0.4868431717716991,-0.1827095731134492,-1.0355173656979255,-1.1007450891960593,-0.9132290051442864,-1.4218453020262711,4.539553536986155,0.3305546867531197
-1.2157335300011574,-0.6565927320475122,-0.12097726551683614,0.1827289309714316,-0.1171315449446098,0.213747788950162,2.2444989204451717,1.4095220349554525,1.3297580112597145,-0.3290487709517265,0.7967452814023416,0.9730329875151212,1.1240055905971778,1.0116347053411594,0.9661051907034054,1.644647289827559,0.877408443922187,0.6102279622226612,0.3213450103465663,0.6954986965477982,5.353441402697539,3.7133047096033356
-0.5240028953366724,-0.5211225339827059,-0.23634373927104216,0.12075901775529199,0.6316211475045832,0.5579811075375309,1.0174654671729066,0.2664770019183116,1.0043762597776218,1.48835742629388,1.1617104574862769,0.4507746412289976,0.5786951579947276,0.5554428761239665,0.4611314739816117,0.7671552848431289,0.8070101870239323,0.6620391983316042,0.17272628618049596,0.46908986628445143,-4.8667292922899295,1.6963059212673641
0.5280230292491618,-0.15512429476357845,0.0807159363209013,-0.11463813988397933,0.11378698281179161,0.7818572817765779,0.6012292301978369,-0.10062955338846823,-0.9962827923481596,-0.729273218239549,-1.1129719072897322,-1.0313592408630128,-0.5209676825632011,-0.2306557432408454,-0.381396586748872,-0.3256457567659072,-0.2817502163018227,-0.1762552549485145,-0.7922415424001356,-0.6057187376514361,0.21631511505494977,0.6593484096492296
1.5367560628003847,1.0519915056218867,0.025640267313369044,0.12905804335024432,-0.2277807225156209,-0.7067768036486379,0.12718807207293598,0.5397710760676274,0.35058914431674426,-0.028827954749700967,1.5378381437064697,1.851894420702722,0.5397967222944683,0.9808685181162731,0.07950834291891615,-0.41989587619565694,-0.5167959247593135,-0.7040435285721045,0.579737582758443,1.2224319087429123,-7.2370416803054685,-2.942797178364852
1.0766209997364429,0.6961976942573429,1.5268785904801347,1.8387888841628932,1.3615258004969208,1.4199827527147761,1.025620050399243,-0.2802057348160651,-0.24388755021053107,-0.6264348360849923,0.5202577131351532,-0.7897357572549988,-0.08308103420073257,-0.8242554602734647,-0.58847870710316,-1.3349539245852626,-0.22285423064446933,0.18133778217885566,-0.049059157908837706,0.928828727355875,-5.026950650594465,-1.8763850886621105
-0.5922442976286147,-0.29417409979238235,0.027343991834857816,-1.6795272028989607,-1.2067276355492786,-0.7941595401827116,-0.2021999828820872,-0.7675247779073991,-0.8404437742064994,-1.057429403118165,-1.0774706145277992,0.07676683773253216,-0.05981214497298366,-0.11456139426283882,0.2050053764637563,-0.03479089481553835,-0.20925319895740901,0.4506681435635518,-0.22667935042129467,-0.10388683663451509,1.361823814623886,1.1983732818463904
-1.3822656352753417,0.169641772800164,0.27415968675422153,-0.047079849049167975,-0.14681092029025944,0.06595339760378283,-0.42785368709320776,-0.3366925631428936,-0.651002379372917,-0.2663680962376059,0.3521156166101891,0.7204860488436569,0.35691291981348555,-0.6211564226277825,-0.19685396677503475,0.9386060266710754,0.4225977875259136,-1.4111956875912737,-1.7333536087781403,-1.623786802494906,3.0994193231209772,1.149125346117398
0.8304943393426419,0.5159187363898091,0.09450843850275763,-0.7023816112609336,0.32700439876309173,0.41950644523389774,1.35309618216924,1.796732752564103,1.3769122809264824,0.7083215737871353,-0.2569178713182023,-1.1315493863842467,-1.4374774189967512,-1.4895752550951362,-1.7588246801536016,-1.483956203596705,-1.7650621468613756,-2.6239697809837046,-2.7424913053792417,-2.594973476517435,-0.6346267194212444,0.8328805107052296
-0.3371691476788035,0.30632337644038965,0.6471078600599259,1.32640666678955,0.8180830152721859,0.11029196315609167,0.30052832793544876,0.7708886927971547,0.15512522936854878,-0.0798334362205652,0.2775018937354054,1.10940744682102,0.7447478928443263,-0.0016394406779555873,-0.29286312770638784,-0.8179345418304199,-0.9982809369118468,-1.2109199537945599,-0.41911206890625785,-1.4700761116610603,1.0015680112752854,-0.41738609516253533
1.357144823104517,2.001142576756402,1.848640324961094,1.540194852668316,0.3093461426478107,0.20292966202530044,0.630004598279291,1.8817710136949575,2.1738375171555484,1.5174105300753613,0.32691711133554363,0.3646619835353274,0.8549084384370277,0.4414168791279995,1.0325073328288172,1.7225058194816354,1.0768307238962065,0.4983298904454991,0.32426820798845307,0.4697734326224304,0.6477484085986704,0.5899800323654697
-1.6179574548241291,-1.4072957576708913,-1.241337947545833,-1.3393997457100464,-1.1582011812833435,-0.11757187588382714,-0.9316256830950614,-0.7411782203361735,0.15587889518921152,0.6826252333364459,0.18972005498607686,1.66379776568433,1.3583974633690894,1.4282843905557114,0.9341793376658083,1.3003912346104307,1.1153305148635984,-0.9034697940621274,-0.8256111865749777,-0.7029120939746152,2.5392133374129853,2.229134516995843
0.8456989266360727,0.4510683947890937,0.6108031403273708,0.16211213575326314,-0.9009092110155379,0.2656746974781118,0.7431331865362157,1.3402188182946306,0.7585489979999616,0.22372934533207361,0.596749683935081,0.3604892021242827,0.11610895427308833,0.2777175569626722,-0.41357716493858215,-0.5719863476568215,0.7789829335872014,0.7169072590689006,0.2879501934053039,-0.26872277261707334,-0.6561825243585977,-1.1153425535615196
-0.25820313409105516,-0.7801766345169864,-1.5327631737144336,0.5343490296240434,-0.8549154738102478,0.19562269795042161,0.33148020883711893,0.29543241886318,0.3456245995957541,-0.3116934191282657,-0.5994064994644891,-1.4170086065454532,-1.8533272916179715,-2.380415907051221,-1.570003521493406,-1.3976511303348462,-0.5397773474078517,-0.12989642790799996,-0.9219477804640516,-0.34372368686054927,-1.034509480964606,-0.4593336739636864
1.37387487048558,1.9580349809180202,1.0841631867210095,0.8712887565944161,0.16657392488700354,0.6519632778910984,0.7014276167617561,1.0550463987344452,0.8980731662964531,0.18955437285492585,-0.45309598563935827,-0.7471787286884262,-0.6927971734147845,-1.8743243098386457,0.6530637897404112,0.6992458039897292,1.0086268455444827,0.2547787030785185,0.8874144621037597,1.0263645259110035,-2.182685510916027,-0.31270005114647065
1.1082699854528442,0.8944060190174855,-0.2569911238453913,-0.3443507052370474,-0.16610572622285874,0.19001533299027018,0.14689473756950835,1.3880429401174224,0.21426306944806328,0.8083686320592184,0.3824948260641434,0.4522456269406491,1.0355943372412588,1.5062964706039197,0.7515772599876069,0.6198769846302545,0.7043048930511845,1.289877703579745,0.6537006138796794,1.3068201272129465,0.04238810062129211,-0.44508931866265905
0.6081090037482255,0.3451830570838308,-0.15473443157571437,-0.08677343416906522,0.26761238986961167,1.2449507514372298,1.0415478698060872,0.5704569211608728,0.9854322656149004,0.2867178695360114,-0.9071312456154013,-0.7650674227503956,-1.2288970008485192,0.304488922385842,-0.2716744650684608,0.1746518087924686,0.3086173067725995,0.5203890164055788,0.8512863075767868,0.310261821060525,-1.6743054959450494,-0.494467208098472
-0.7752360884096636,-0.15434803478535006,0.5130820046572022,1.3700907806952844,1.40166531228806,1.756937179955328,2.0709765751045817,2.140814667856994,1.1613011049121413,0.60381486995536,0.3397403126018466,0.400933772024706,0.0031928229634704186,0.1626518333029067,0.8613099953327095,0.6365738022390652,0.49409996928717975,0.5155102605812985,-0.08511476286719664,-0.622314673970333,2.8466764806528655,2.7856404010138665
-0.3123172412546567,0.43498459075524065,0.15499254271495919,0.35712580539955413,-0.8122390494474812,-0.14505350806810596,0.04692878171321546,-0.13265445338212925,0.20411439136760087,-0.20925625045508955,-0.629184995144145,-0.7920325165600824,-0.8485694861161063,0.5056300300621802,0.6600930053622225,-1.1609027666226897,-0.34006806282529023,0.24454606168073487,0.9333643913825866,0.19318441419547655,-0.40916614380518745,0.11548901606679231
-0.5194298216878023,-1.3589025509693762,-2.018240850234012,-1.9590913711030917,-1.7062460667288237,-2.07868061895233,-1.5664692220179455,-0.7040819643562864,-0.783000326110019,-1.0173650703635242,-1.2633223525634951,0.1719734311102221,-0.5269012160353188,-0.26447945778321663,-0.7496753333619388,0.5916358703815761,0.41090850421752734,0.9135406447835469,1.1279779856393124,0.21872794667050838,-5.0035722699898635,-2.8489294291302856
2.7237614270593196,1.930962178674406,1.6002260037246143,1.3213156395645334,0.9335027849066604,0.33686484329062677,1.0750204157033736,1.4148898162287635,1.3349080021503474,1.2454919624163572,1.72768632560849,1.0430061905121126,0.6957020540714706,0.813962103017419,0.5662329738637594,0.37040399342335945,0.017176087008991665,-0.11428619224644886,-0.33832856730716293,-0.9548013246118819,-8.128051180717275,-4.096480980276821
0.24665228481510343,0.31899140730654874,1.3350838128780964,0.6658239905510167,0.16153337412806978,0.41759023829236824,0.9683827570913658,0.7430846654912155,0.495762170129901,0.9122313664673318,0.7721182685481734,1.136943936741071,0.3499320496467339,1.1825083279376034,0.7625480098976303,0.09958712836511963,-0.7095821681359226,-0.7284200236646237,-1.0889523141741397,-0.7108010458850462,-3.2604228615189013,-1.5838555087428219
-1.686265119948214,-0.08451350326550487,0.051586591082680745,-0.39844053894940495,-0.5567926366286177,-0.6438673865016936,-0.3515971347509648,0.8047479721590014,1.7244981003646958,0.790689402541696,0.08586701839518285,-0.07166713415212836,-0.2830650114032608,0.005785879198739171,0.09981888093820215,-0.2829094956216179,0.33273655233902766,0.6705991085641507,0.795943635305617,0.31459848142105523,-0.38283948482439123,1.1567805493090062
2.5078977017406787,3.610267263758984,2.8977534968275562,1.6512379441601142,1.0962976337135304,1.718858415318567,0.7975237470681739,0.3397886376099065,-0.4852837432875404,-1.6070235514900149,-0.6235550036501392,0.9169615418339154,0.6010490822032558,1.2333399258942999,1.3795136020451066,2.5117116693534363,2.677834814801498,1.8158323713346627,3.07593741096482,2.0591841786553307,-2.345971832320692,-0.8031342788863021
0.4370692283382453,1.2373487102104799,0.7323817600685352,0.3289239922015466,-0.2355441619252058,-0.12539999382886868,-1.032427103031114,-0.7067289116506847,0.18190905488529346,0.4048304390078372,0.17011590474816085,0.5377307814178459,0.9822731401300363,0.05946367854995505,-0.13128776003061854,-0.4105875259567638,-0.14980137770127,0.18970601682717936,-0.31745577355352944,-1.3554268205581261,1.1832470417260788,-0.7429595398544351
-0.306644567833806,0.09797261483104149,-0.0924943524681559,-0.1999022469353264,-0.9629356058290823,-0.9962841390485133,-0.6115055959411119,-0.8161950304973558,-0.7736285448425224,-1.145834353203377,-0.3466447755511625,0.46186018073061585,0.2148506773305127,0.23309999384079214,1.534489617562863,1.2128900496876382,1.3292358973702385,1.2546665763019502,1.3972744486342226,2.3547539490075855,-0.20361440645586226,1.4688705487493454
0.6404906591084738,-0.32803591755493383,-0.6165978871150614,0.054318714439146064,0.7429640317174883,0.6442459490302588,0.49141388097244165,0.17136612139748633,0.2824982334193696,0.3052418038291591,-0.6526393899866924,-1.429961560862175,-1.6012185050968943,-0.5126449838345478,-1.1644367284528254,-0.42806539531764076,-0.0639156054892322,-0.4845414087818512,-1.010371687718765,-1.2444877787282578,-0.1525549125344443,0.00582832272708543
-1.0439122759935668,-0.8362315147588592,-0.9448630994734125,-0.7004658268129932,-0.39359195142053593,-0.13711952332595279,0.2972501140698649,-0.5882778915683973,-0.12038608637718891,-1.3774078871611966,-0.826234495611027,-0.5352494631375736,-0.2060355328369619,-0.675530740498572,-0.15431693740495164,0.6588628888301651,0.6376650676792973,0.8844180676556768,-0.6153241188604239,-0.21134155190061937,0.6495860358499785,1.893232793555715
-1.2301609407967953,-1.1836625479363683,-1.7262727593718306,-0.8342393725366087,-0.6427358689235965,0.29237232690010306,-0.4980084709986334,-0.4774175184874645,-1.0058831714192389,-0.8380797307813056,-1.4769438081229256,-0.41451262725338117,-0.30874468320069176,-0.2356580727400662,-0.881138422568115,-1.1586803821501381,-0.7049619891324396,-1.3107275235408615,-1.2473493609068436,-0.2584108698495946,3.55797973287521,2.9167976206578086
0.6434938613613671,0.43070564890390955,0.8704163228437565,1.303723985034112,0.784610007983219,0.3852839311173669,0.9549297580714239,0.009605174762675176,0.6482522610562186,0.7366529207239193,0.79291122677567,0.05033446653774227,0.8535126951378853,0.2781986680803084,0.2897874320202608,-0.030436982906550586,-0.6860502359100114,-1.8560153032041948,-1.91202410379815,-2.099374005289826,1.6429611930264256,-4.295151272016659
0.1780731920091811,-0.1489108286342444,-0.908720813378951,-1.4836988936112878,-0.8846203296319198,-0.18406361379040176,0.02071337515453345,0.5400025650897015,1.5117440696767022,1.8665894691268619,1.3620298230959447,1.0933550782500667,1.3950194536413842,0.7233310381696582,1.286882448450265,2.1367546060175173,2.075295720289025,1.079580320373518,1.3566312663852855,0.5840188804009737,2.978571197293205,3.0613466858039424
0.05910341995553147,-0.9616505925890708,0.17201249586100684,0.1193253973924463,-0.6836943264640075,0.06625246708728054,-0.9767388117088358,-1.4171918859401642,-1.403204155506057,-1.7676841196145063,-1.9601443668775533,-1.393636121775605,-1.1614924784595373,0.4368375116804913,-0.20020612265366308,0.1347855609896041,0.1883264106240136,-0.07788277691247106,0.26357463722254953,1.0346422615117106,-1.2790389754101328,-1.2363995848720293
-0.5556563457612763,-1.7489632920644933,-1.5451974927195684,-1.2135302871202622,-0.5216913565804809,-0.38724603313750866,0.5124847867490746,0.6430418459170998,0.6632661915130315,0.18944876094638255,0.7099379986189378,0.6205120513967101,0.5869297595764762,0.42721212212825765,0.3959392759152926,0.08563563513430957,-0.6540879849412895,-0.8362764589753192,-1.2769892598145602,-0.46634867342215824,-3.001920766696784,-0.22748347520559042
2.0622699592778395,1.8131114845562142,0.6787883689311398,0.5268690465553032,1.2444475319345925,1.5552479944455848,0.03328804379811882,0.3391269940670679,-0.596692068418094,-0.31264847611384344,-0.1248819803684125,-0.22030629099839563,0.2959275175845533,1.3052557394173219,1.200153567426915,0.3083502248995572,-0.21242934702142888,-0.557857103575673,-0.9634487424188627,-1.7293240352003743,2.993728770636274,-2.015012145561129
-0.3684081534120088,-1.1351246003950801,-0.41378703738368156,-1.0480529749758813,-1.0969181580748375,-1.6965971242555051,-0.814796223130252,-0.9625798399399925,-1.6564800628404928,-1.9887546358525334,-1.8940045568420651,-1.6279720429672273,-0.7700448508756007,-0.7725913851120294,-0.9386959213978953,-0.23377704091946758,-0.8969867361060814,-0.29710443755328075,-0.27488049326866804,0.3418748185102592,1.4861981430733753,-0.08836339848819437
-0.9685712999466716,-0.6891565889763297,-0.36388194070043356,-0.6413970144682919,-0.09505103774132713,0.528701359659131,-0.07886530865866201,-0.547771891968003,-0.6488137553480294,0.05562505978833692,0.8018969231363064,0.05544535831318195,-0.07422735908715829,-0.44586746208449574,-1.9234613673765986,-1.5544103814129242,-1.1377210878826216,-1.4342402360639703,-1.394084823255174,-0.872705241417075,0.9922961393870894,-0.058188682146342555
0.5211135333071568,-0.13497748467487725,-0.2756197315899627,0.1844577253956638,0.7925809490887366,1.0056112800863863,0.17717386035009536,0.30178050528615097,-0.46944419152326977,0.7069609735542,0.6503481416046233,0.5632866780970858,0.3078979943087318,1.242768992034007,1.102246461435086,1.444609770885285,1.778458237372252,2.4511230897641108,1.3865537716293999,0.8935530126981296,-0.5366629676189674,2.630784088924276
0.36649073448244346,0.8905774905917349,2.254124864033101,1.3310298411870969,1.8300927826482642,1.6845427767484193,0.9874303395965296,-0.7758321332621854,-1.2346260969266505,-0.7662476128466041,-0.564279597017162,-1.310660082510148,-0.639908695031579,0.18316335474142753,0.43501947188721807,1.215011133490888,0.4066443572959884,-0.23779620185573463,-0.7664321319841204,-0.2754515226136366,-1.8594018232648877,1.2494788979937266
-0.7722990110711495,-0.7439108820184059,-0.6950429434267904,-0.12543487758414093,0.376698601087038,0.16792123517031654,-0.7846480096308972,-1.2661510779657177,-0.7505577357039621,0.12910443734972743,-0.24775078629378067,-0.17263335292647664,0.03692188301380548,-0.312779304513118,-0.693632799024882,0.7397868397264589,0.5870749456884906,0.8486094974547702,0.31394503031229176,-0.22722437875659832,3.0230078340779745,-0.37357434385728505
0.41637736318057206,0.5049474385502005,0.3110853907218696,-0.11006781887259623,-0.30264360491096687,0.14643441625553577,-0.16484415034579797,0.6433313095142525,0.7821014553648062,0.5168529577951791,0.13555407044650722,-0.02230194235358385,0.44969650449257526,-0.46088424538423417,-0.672269898404893,-0.8266098763143032,-0.431621725087707,0.26590081435326723,0.628617882506563,0.5039688728131659,2.622183375427944,-1.80949549413937
0.2234809263709143,-0.05774452231412463,-0.6768779824696664,-0.5193033915793132,-1.1689755505688275,-0.42459134515626373,0.2745579137881892,1.150069442600094,1.5702833036018575,1.2701570043540449,0.11464418060348844,0.8969694746403033,1.437424679523999,1.5554843328650836,1.7956539053649931,1.7922446114163924,0.786300708410441,0.23046639828106547,1.634973292871087,1.970341130906187,4.710404634818824,2.0542059703133604
0.09990953280508306,0.0035005308172028067,-0.96684738460131,-0.7569527956939126,-0.08014616536772104,-0.5402747825504416,-0.7016964489573441,-0.3649804216598863,-1.444320845109096,-1.2855018922821355,-1.361770925720738,-0.43568281331241376,0.37936941638591715,1.2953284215805037,1.9911082931680741,3.252672817344803,2.8759626624828774,2.319066765412934,1.2617008235390874,1.0934598569182015,3.449255711856286,3.698425757178438
0.42795981357164387,-0.6446998670967906,-1.2674018948455903,-0.5016498804971316,-0.8162951918658571,-0.4875898197469023,-0.9538299910006047,0.2423583897581623,1.2735658992396588,1.3131880728299063,2.0013666705100337,1.7141543448277023,0.8012743782904228,-0.14210470001218142,-0.6356389895465389,-1.3637635237001693,-2.1155213402368394,-2.2396139339856505,-1.0420174842004524,0.19032437318207485,-9.180031595496452,-4.021170144639627
0.4222473959599375,-0.497908681871732,-1.2770481836688663,-0.8991502724308319,-1.1393363662897664,-1.6757812166203099,-1.283709894623305,-1.3263771783813303,-0.9894208892918822,-1.1039306095764043,-1.4944755620970391,-1.1490226828108054,-1.0998436290781972,-0.5892351053553947,-0.38392401142276034,-0.027834646596774457,-1.187869887294613,-0.3898224992298837,-0.7719469514376777,-1.0677614230633352,-1.83427041397507,0.24900581141516284
-0.5187754252766605,-0.11436728064259347,-0.5282080940607109,-0.5129358131827375,0.35565188115573604,0.2385868268608901,0.2315703125185615,0.44711232857661604,0.8446539092939861,0.2390276514177488,-0.6070227866781909,-1.5917452861646162,-0.852074877825372,-0.6093985429095339,-0.2659994943362637,0.003496811306413273,0.21442980917988635,0.34111272700037454,-0.36510038104086595,0.03166234398381306,-2.3367701167664805,0.5311293654772606
0.779521636317085,0.9180449183369008,0.8184943719370781,0.8304403087592037,0.26014116513589836,0.2473004335937561,0.1135573533602178,-0.9095066728493806,-1.017531087647331,-1.3250376246782065,-0.6851675941137941,-1.0300265621799731,-0.5755708243089886,-0.026906254558035407,-0.8321397074850907,-0.6575413880079509,-0.49088778712722647,-0.7339809037166499,-0.7045155002211144,-1.314826866362547,2.286211214488109,-0.14672432515308106
0.5145779935421572,0.9262908977444081,0.6023294786241793,-0.16458809109395617,0.0765479447673665,-0.10307830046719291,0.01046473444868227,-0.7999029023899554,0.17470485047187892,-0.5931206625905113,-0.09942850412303039,0.12720545920873982,-0.46532476715936466,0.3263687295251452,-0.9288740299960802,0.16442632451740055,0.19227880940744427,-0.3075117893189149,-0.2886528440226679,0.012727935152327665,1.5476360618083693,-1.0291360394432747
1.0457718602145798,0.5540712419045567,0.07162673485162124,0.8367350302888188,-1.1653017651095396,-0.8213001807682407,-0.8707666895263504,-1.0278754216099095,-1.1648644693567347,-0.5024013721650065,-1.1235756790669669,-1.2973594883969508,-1.5083559517122573,-0.9036492328550679,-1.235437253301959,-1.7534070819759064,-1.7360370746246634,-0.35482482883594324,0.3742993644531647,0.6106259332611411,-3.4678220457388464,-3.595235099403625
0.5879850518369676,-0.2894376873127915,0.2071089050970491,-0.363094160757451,-0.36565937449249153,-0.19549357320293603,-0.4912102006366035,-1.679177533904581,-2.2890916188445694,-1.7952412362219892,-2.335405607444717,-1.783084182031309,-1.3829373703912744,-0.4400599956962403,-0.8123390519286696,-0.5522961685217458,-1.7409516298192385,-1.9895177444076877,-1.6231185954104905,-0.9637021190380367,7.791028761928191,4.033665503770802
0.11782533986088872,0.28254122532460946,0.5352426674308411,0.3216890294162404,0.2851707979309013,1.0837129310966682,1.2954397505422788,1.3855430031058218,1.3414996217600172,0.7738919022009059,-0.029620685734672154,-1.3332111935226332,-1.2964172876326256,-1.027440736626914,-1.4296508479159338,-0.1302542744067588,0.1877409705640443,0.6978676769665302,0.6251567853362022,0.5685654066288998,0.4231562149281407,-0.9349784098251681
-1.0236857903895227,-1.1299164263264232,-0.910935594975974,-0.6561819242034164,0.019203042194614522,1.0394863444235596,0.49088416087630893,1.4782443947275412,0.23906993422366274,-0.30986501439311487,-0.56644183609385,-0.7044525737054945,-1.0244245974635118,-1.7609653234081304,-0.9778620610682474,-1.0307166094594504,-0.8414590186618865,-0.9085280625024938,-0.8790669122141791,-1.3772996634981094,-0.07213257734263046,2.139649928398786
-0.9619349566762422,0.26399105093438224,0.17288924480295137,0.6737548336265635,1.4412300999166596,1.2653584922568903,1.8636275348735623,0.5792407572140965,-0.09918204936008491,0.1753856320823191,0.502100239641368,-0.5568800708404994,-0.3385029894586377,-0.02214037754678305,0.3406002057732696,0.4136758530692108,-0.33988616400517346,0.18218049262234307,0.507617858160936,0.2367506121772133,1.3314381117385743,2.010572415054511
-0.46431714367411836,-1.0060030055653615,-0.855957718164937,0.024518002435772013,-0.16206589934303145,-0.7645363057470421,-0.5330805189044128,-0.13301277963028565,-0.9796473612195157,-0.4010606737375744,-1.206030962857929,-1.2228328979073464,-1.632208108667323,-1.2099267059351537,-0.09824057984343365,0.03514279251213945,0.3446500767232511,-0.6303083768866986,0.6943676218255123,1.473829894190359,4.317486694851372,0.5432533598698362
1.8453416280412345,1.2716070223926896,0.10990740165630512,0.20584282892684727,0.82863785217779,0.5601041617821148,-0.5546316554402495,-0.07866661480413878,-0.4217948403306893,-0.7220867714975274,-0.7832883966635916,0.3308651725160083,1.270381959929242,1.204312334606528,0.8881855110109034,0.9624461211078958,0.5527939661115522,0.2007722595570669,0.03112055799718943,0.09646066268289595,0.09696261781381849,-0.3443153485082203
0.8975220216816839,0.45093890665103914,0.4712642057318594,-0.37497712395956534,-0.08789110825643408,-0.9559283699789547,-0.7683541918567853,-0.881255157959937,-0.9582062600418731,-1.313553274732562,-0.35052201754162293,-0.9513298790843008,-1.1250810410512389,-1.8971737622906828,-1.161855575278967,-0.7840232376903543,-0.5804544198898337,-0.9202951146542384,-0.30707483816103476,-0.6294587517049591,-0.7114603232366831,-1.3529638370313335
-1.410206855210768,-0.7383758129814406,-0.46030088541138103,-0.33270440590050293,-0.45923604733870216,0.10489610667813086,0.051653476473092014,-0.5134527937005913,-0.6706726791569657,-2.3979955259126515,-1.774217193478713,-1.142314212175826,-1.036576222614684,-1.2383921029935376,-1.0499205124403874,-1.2040056555247833,-1.8647143008504992,-1.35161495110875,-1.1537279917032965,-0.8233880054318671,6.418301231610808,4.349726082148454
-0.822347138831134,0.26052733634881214,0.4155739278644111,0.9245703902644601,1.382247919606244,0.4108975413529477,-0.08202342393878342,0.17944932695514618,-0.39192711589571255,-0.03369024633628983,-0.19181837124976897,-0.6931416533122475,-0.346513828821566,-0.8820706895887519,-0.6158108628041605,0.15423902957110366,-0.01118920742321744,0.6342910348899601,-0.19271958228084882,-0.4388818758840812,-0.4546203308009552,0.6020967673650023
-2.3282515605691727,-1.7587274828848634,-1.9515003593954805,-1.8134043614084678,-2.724623073321249,-2.4116002333478535,-1.5868839405751973,-0.28914060796402047,0.21053208648817984,0.9594633187345261,1.3967806664790334,1.6258443804168095,0.9695318200493788,1.3636670979487289,1.3329882089353104,1.5074784233283096,0.8097472687988084,1.6267557782455337,0.9910908984481125,0.7325919818446617,7.835365862608798,5.635597748771024
0.06230082748709808,-0.5585022283902084,-0.6228649613652164,0.03178247684661581,-0.0231276686498775,-0.3824896447738388,0.721358515937876,0.44658904866927446,-0.10927845265082375,-0.30682169602451315,-1.147254608276094,-0.2212210267934835,-0.280002090537795,-0.21200078529372862,-0.31855809709931104,-0.7215793742254649,0.12155479062161206,-0.8729082315176908,-1.1764607662545965,-1.1443942587244764,-1.6069456648615554,1.7564123363253568
-0.2906135878152041,-0.8288575235083097,-0.7429352765852313,-0.20492725609280885,-0.27599391055746836,1.1485375409678475,0.2771331627062165,0.704315672619212,0.6040485031035505,-0.7066350563875595,-0.6254629135012031,-0.41383985715485333,0.26984883257163966,0.5770895779089152,0.5305682953689116,1.1026182767526647,0.6337466768807146,0.18421537506451863,-0.37105393150822435,0.16076918706388693,0.7047678353672602,1.7242111686915904
-0.3877342310826658,-1.043993799575763,-1.4220452892937117,-1.3226044234941652,-1.3508906236312819,-2.582190616420803,-1.9468815695025914,-0.8819895207756804,-0.9763284539065582,-1.568618612194386,-2.2151319726591345,-1.1638052512904087,-1.2165669197955804,-0.7966097969064123,-0.1790686404041185,-0.591190798256007,-0.3718632472740173,0.2144477520985498,0.1147512113833802,0.5374096977545204,1.2696385638915573,-1.8354468041659329
0.760727184213874,-0.6915548022146828,0.5547096165690624,-0.4273814441496913,0.1017204751175747,0.134883503871799,0.46170507896519897,0.260731170036141,0.7963848562244662,0.4885422751250896,0.972368100813827,0.6719612031888046,0.7159287878701569,0.5747728697052997,0.7896610571533629,1.2356697822499307,1.2218299783818132,1.4344719432879318,1.692606259642364,1.7542977969154525,1.5384778646294144,0.8234643992737485
-1.0527220393589747,-0.3749539414254027,-0.7691929844389889,-0.6010102232772232,-1.142742072874031,-1.0308354176300734,-0.8786846934206884,0.47118649840654786,0.38919050931131,0.1403577736841409,-0.8857350953640754,-0.09560131024189582,0.5352344727848432,-0.04413029005784846,-0.4061342523916934,-1.4811578221285486,-1.0295409955636787,-0.7379767837649411,-0.10336120331673505,-1.6760621467780288,2.3785147672867137,1.536021922705992
0.16581968778057019,0.1108492261903007,1.0015539003034792,1.7318122957953808,1.9882435000334755,1.1944607863283654,1.1916449629867687,0.5601252507171905,1.1269886363657395,0.11027827835166433,0.6516260339288192,0.40561819938920873,0.48721955887337587,0.32620626246261447,0.6486682818221975,0.4303911328671255,0.9741485170477474,1.0464570421777233,1.1939749573045746,1.3274849161435907,2.4497102100607266,1.0572525676656856
-0.5409277570296409,-0.8963909977171954,-0.7640180073194605,-0.7325393161948459,-0.9443455942980676,-1.237307472566537,-0.25341493751665856,0.3418260242108006,1.0408289692580746,1.3322454442633955,2.5471588601363724,3.059609439382633,3.166859906361004,2.9902088154475868,2.1048436246640803,1.6102940069769294,0.08987400906331336,0.1786659609249583,0.09420870719404167,0.3422102254369941,3.148607735300586,2.0003694310595304
0.3354750114285686,0.41487914845683915,0.3521005835170735,0.512320236776142,-0.27937381409386497,0.6391992713112243,1.1887399224740525,-0.5332779540223419,0.4998237000286424,0.396503879698545,0.7434818113950502,-0.698044081454857,-0.13349403600799695,0.31568638686982076,0.6070249375381049,-0.19436467057886708,-0.13739930494226818,0.5126418527922265,0.6624385351178275,1.2947477893853778,-0.5427461831356721,-0.01160535498673504
0.17529425755439157,-0.15939922848324894,-0.7135853372940876,-0.3864024402633231,0.05329789252265406,-0.2718453561364935,-1.0441690240240977,-0.9923914917936911,-1.2340097361129232,-1.2950077396050088,-2.594767718113161,-1.2599834654942594,-0.40064505809722134,0.1362674917654612,-0.006709982814752145,-0.5773629707903867,-0.739779755735653,-0.1930606310945544,0.026071268730921922,-0.23466728043951268,3.280263583134742,0.7800300580406037
1.3012163630711109,0.8150682285873446,0.8580126401597603,0.5067516121511475,0.9491720416870687,0.5355059757511341,1.2251703240615097,0.7474990278089467,0.5149611213674108,-0.13084145434564565,-1.7734253223151921,-1.521715461118184,-0.5424048674222733,-0.36768765651501717,0.6614254328088179,0.7485270050567613,0.5726251765681232,0.7417914654878693,1.0592203876002875,0.1509999031863783,3.0035067910054027,0.7608624530717744
0.8933408194923369,-0.018292719484567073,0.28712678299975725,0.8983878680389938,0.7497557362451241,0.47983931734378665,-0.022740333514030105,-1.2936709175408132,-1.7506111547281618,-0.5714826750927665,-0.8411316053519411,-1.1139781183386803,-1.3370424067917754,-0.11988538792428381,1.2929976332548359,1.255001419409895,0.16373778948912698,-1.3166733560991486,-0.6916580327655607,-0.5381105167441232,-0.6023467326323267,0.17745673931563452
-1.529401287637612,0.0334155269649406,0.45557350304652294,0.2968445007758709,0.8982237546476685,0.3315344207245984,0.6865598229878449,2.092928260939379,0.7615334822453758,1.2575071713945845,0.7050487479438147,0.5022171862216193,0.5407514410372277,0.6058136151817489,-0.10340630920699552,-0.5395513922341819,0.27439998547521965,-0.35866977885628554,0.05914912664377864,-0.5643835635067542,1.0334627380810077,1.0594467573666368
-0.34541998339091634,0.2171713123292551,1.5834997676141296,1.6571055505179175,2.053242581450655,0.9713966048070539,0.7855893584897242,-0.10631102172790942,0.1745025618842026,0.4630388723166833,-0.17546750011946266,-0.00818117808208799,0.1880614854748192,-0.5136832045390515,-0.10324334200536071,0.12712405303072488,-0.1487588103420356,1.0649797526305989,0.9666583464959709,-0.1546048059661454,2.578232937688011,1.2931491194879212
-1.1370506670317477,-0.4397734558153787,-0.40991052412867646,-0.2535581777748978,-0.48120166764804245,-0.41203111606941545,-1.207810415146605,-0.44603316151138395,-0.9288479252578823,-0.6895704838782496,-0.2863952011202372,0.05774355874318926,-0.0962139980756254,0.6109431900410346,0.6250392027564359,-1.2216227972173925,-0.8469877524152217,-1.4556353662868908,-0.07510778593705254,0.33140660871907235,0.634370799848397,0.8152524837394823
1.4066306360151382,0.7182078086274319,1.2414460797689462,0.27318056510061467,0.06937117029537598,0.3360552662658083,-0.20977089014045217,-0.35420273232063504,-0.0028157423630960094,0.16112032674146226,0.5750369687670889,-0.8597975291886207,-0.8228018687427328,0.33548715419723446,0.6709814219637187,-0.49688633817716127,0.4627732070136899,0.7236532116076351,0.36090589548208335,0.3097393253033682,-4.899928667873844,-1.7166474027936778
-0.7734082011016918,-1.65199977009249,-1.4910030604716,-0.4291785650722774,-0.3026879131745624,-0.2988538973905602,-0.28921610300954187,0.19380497281670456,0.5551994503430296,-0.10699419669578376,-0.7614276943840826,-0.7294584787837551,-1.2833543980976556,-0.6938013490101097,-0.5537516851594644,0.2967821710909416,1.1427179152940259,0.7391719518192429,0.4605757984335328,0.2757053174795758,4.380354549746509,-0.6280072468108602
-0.26534839994102766,-0.26442095701291357,-0.453561524021382,0.28778623043346097,-0.6123821850099355,-1.558119400194822,-1.5145490746276977,-0.6184073753488823,-1.0896547612725904,-0.9874787976189798,-0.6129273317036963,-0.5889903481150671,-1.0194469737488345,-0.8187071123164765,0.02080771497971585,1.3426665988710411,1.2310774986509225,1.8656111001109243,0.23020655229447293,1.4702883837748921,-1.124422220995322,-3.578057258615223
-0.9414131601340578,-1.4152232381242877,-1.455400018837586,-3.4059197115093496,-2.4451786140946408,-1.1694320786480268,-1.2301851704117173,-0.8863829606949651,-1.7053758412775977,-2.4651720888805966,-2.7934591868535055,-1.714545696712968,-1.2040678422365785,-1.2368991264786593,-1.4647442136838296,-0.4317179445369452,-0.24015294485885763,-0.7769238400865288,0.13337876238941046,-0.22856829187780633,4.629073200672959,2.0688670399721247
0.4089071290921702,1.178741241959444,0.7838830151357628,0.8128144799230549,0.8499948306454509,1.0671117628407312,1.0135499809573798,0.2864814061771025,0.4529605149375313,0.13910562152722106,-0.6176833511636527,0.16575996637477755,0.22420923031997536,0.3974551186999114,-0.05612451262694412,-0.2599267782374182,0.4102676357844055,-0.15855875009892859,0.5465751855382871,1.2618763694714488,-2.2244660108562253,-0.10375805184182421
0.12773364980619864,0.06302564952827744,0.3796220814590944,0.7658531371009152,0.610835127544964,2.3408915193629753,1.8939461761449368,1.023976939121163,1.2776775081438354,1.9909610087085385,1.37296583862326,1.0432874073500198,1.3356433663448128,0.344293913977749,0.20942506665059923,0.05441783091254875,0.752717764830834,0.21338720757698348,0.19322690744977228,0.10453060187312291,-0.2771776920083344,0.532407319630176
0.7408589944483205,1.0462385308126145,1.3318592104718852,1.2126101860133982,0.3454082328490732,-0.29074546367727944,-0.24707127620769367,-0.8338263909278796,-1.4888641437686354,-0.9689075398400824,-1.0719283534766462,-0.8658832164515585,-0.6530866946548214,0.07130804131798464,0.15139845527080295,0.004005481511670843,-0.11214270387099026,-0.1738039512753067,0.18145614744296776,0.33142187094336145,-0.9499281876298153,-0.4430639568972051
-1.2697312960483191,-0.8197832799355027,-0.015987605309231934,-0.3659286624267623,0.16813450663887597,-0.3023895357295847,0.6109038843321041,0.5337678753303223,-0.14376154486248893,-0.27552269908713944,-1.1602137743145304,-1.3452670577136905,-0.12377164028529575,-0.4832073769491031,-0.2163475743590817,-1.0124249684726412,-0.8363768328590719,-1.3654003142760853,-0.8870179110299609,-0.6175238615933165,2.319171753594004,3.205977493478178
1.1421896298622451,1.1055264144441568,-0.16345536800597596,0.6000020676976369,-0.2275748693046927,-0.21873782273075967,-0.08817558181089737,-0.5605137020014143,0.265844281079878,1.4722349816730693,0.41474172292526096,-0.036348002022510185,0.46801480903642423,0.07630695353763048,-0.6880911336329474,0.35104311857521514,-0.3632984879381559,-0.6142620845879587,-0.7961415601825707,-0.3082778511339816,0.025905367646302135,-1.4741140180619496
-0.47011296398954805,-1.0816171208831893,0.26376611662807115,0.35174031638439224,-0.41321433740764807,-0.3575279534031656,0.06600630642792064,-0.9094286657210692,-0.43707977159452926,0.059718510231114436,-0.6002102261308496,-1.1429644277917221,-0.8604256928073718,-0.9353411275137747,-0.33678613641488603,0.33849456569406106,-1.3687526012718003,-1.5189010135597147,-1.3389980973024773,-0.3908368040782724,-2.81750165976947,1.8954592112929605
1.076550584907268,-0.06833821987510692,-0.03605066049636521,0.012534654675951433,0.5072127492696579,-0.11509236479681682,-0.16461212655628696,-0.036780214137535724,-0.3019452108218644,-0.30025396093012635,-0.561096859921198,0.18944734121675244,0.32458471611478223,-0.09339438643033804,0.9297492099968528,1.4898304933276447,1.1522471454510144,0.07003452347344735,0.6413966280740196,1.7736182266013887,-1.0052034384046846,0.07640908141918404
1.5707737079898856,1.8193084216707285,1.5481529572466677,1.7485251085818787,1.1586631006915111,1.1919565136076726,1.0705834977764908,1.4337806773863593,0.8473894005366339,0.22775535958614407,-0.18877761096370488,1.0357153771912073,0.15047004853329404,-0.32328271710162115,-0.4095060999061757,0.06040983589932634,-0.5316972178891948,-1.0751612692772643,-1.1950766822907886,-1.0095552940473294,0.4655813799288324,-0.7305749064121176
-1.334534558759622,-2.498950906573135,-1.4009101514185414,-1.7231170183120448,-1.1176468548965361,-0.24238300351816722,0.5562315870500424,0.4368354232243564,0.059633901436152686,-1.0979771216705452,-1.0842042627136017,-1.5937005924357524,-1.1350318591766528,-1.4169731299591741,-1.3930993613136087,-0.6158840144838323,-0.5239847448123218,0.048924743801365723,1.6758244167050484,0.869763337271729,3.887694973411348,0.4465919548663728
2.9778323413997883,3.2288337251613104,4.5582935451444095,4.182270880476107,3.3522088690966045,3.2729810511750457,2.587903223750743,2.2698689090895874,1.5832172455476785,1.3148789537820766,1.6059580125482908,2.038556883453188,1.729109249051246,0.7954959583148183,0.924599486417402,0.4961327349368837,-0.4008768579842445,-0.8823213963027872,-0.21188373105203312,-0.1594195554829166,-8.818280411170912,-5.520719387304882
-0.46873662136315036,-0.0828486549208022,0.3773084930456474,-0.043122660124620314,1.3523402990532833,2.2756173767434884,2.2258665176081815,1.5437418203219853,0.815325508976362,0.42889632993797927,0.8797281851499816,0.53729355370542,0.4455310791455369,1.2655319933252414,1.3614172168629821,1.1678298306036257,0.46687630838541266,0.09530805273292985,0.2334214402251752,-0.09880326048269165,-0.983593925386459,1.1970705399562793
-0.05769928504783419,0.7182133106485343,0.31902149876010294,0.700635385656382,0.12947866678553213,0.18659848347006944,-0.09095772790067974,0.21954824301979167,0.6261519053937146,1.1660326901055846,-0.0852961523147368,-0.29067896702379126,-0.8431114900944893,-1.716840636807472,-0.906723410774001,-1.46550827846557,-0.4624195217782806,0.4486588501966227,-0.21481941606653504,0.12738686331845195,-1.876220399401841,-1.8408178234480705
-0.039106520679738674,0.11442310592157647,0.1258530038313102,-0.07109602080579688,0.8072003659253048,0.5059634694324846,1.088321795184107,0.9113159453420745,1.3906272634348817,1.5412327569590514,1.3241940413641458,0.86571865540509,0.9498771623659084,0.934049067932662,0.7841789738211724,-0.45447286051775243,0.4720759760793375,0.37931261342524797,-0.16257650466959211,-0.3524229107048929,-2.6532226513596506,0.186740345475623
0.6132000888625531,-0.6674032766246302,-1.5521545452849326,-1.0355637692295225,-0.3232126118187719,-0.4159401920216763,-0.9093442112034733,-0.739633164589032,-1.6354380441514007,-1.5370007113488244,-0.5216678444663968,-0.8561752278998271,-1.3498213723890942,-2.006293054311836,-1.5201156888459673,-0.5488525110430426,-0.5728504552699315,-1.1183141115161022,-1.499801154195812,-1.3222295263425754,1.5650579853118225,-0.46172328344141467
-0.10783402582402914,-0.5574634397747807,-0.3586176133504441,-0.1865920952588113,0.14263968105345218,-0.5105826521648553,-0.9981468491621159,-0.8744026005139681,-1.6319620083912545,-1.641572908153374,-1.6986997146850706,0.4844296084982066,-0.13988148776699497,0.2233817042985057,0.491727368085953,-0.6132476572747471,-0.37247580901016414,-0.8896939628550616,-0.9483324876424875,-1.5529289757061537,2.047015431583447,2.3622008047211516
-0.06358552314130766,-0.0022407727566390867,0.679502696303593,0.15137294596959391,0.48922202815847987,0.9142494669080359,1.2032740357511722,1.7730568693051747,2.169611868317375,2.3118158082563127,3.4336166422387207,3.126457621860061,2.4817065327098167,2.2724944369473565,2.1427239087616545,1.5560582867335957,2.216937102459155,1.1083643269897432,0.6786965771091471,1.164747144809617,7.0748289826820905,4.377053110507
-0.9982664528999953,-1.0597309761828417,-0.764597277703147,0.15447471725396328,0.7612244667002943,0.9221804825494334,0.949373086126915,1.5143034018116988,1.526520763625662,0.9682729161481716,0.20440309600751635,1.048559494188507,1.3799267371525399,1.3192853934938293,1.4598550095474543,2.221602004927616,2.075843702586532,1.9936138183137366,2.048517910896527,2.241893781075353,4.264687089731049,4.136399839374567
-0.3933864468867727,-0.726214972183363,-0.6092155480498422,-0.8147151840164636,0.013763102849514982,-0.6919635645690067,0.6773696606746237,0.2709786130483666,0.49328440132479434,-0.42855089960061976,-0.27030922052785783,0.5197991506895911,-0.3824312135858234,-0.36166112459212574,-0.7012275703186691,0.1999788831618489,0.060282408432056775,1.087458848819949,1.8161813491859742,0.5690003399766893,0.6030034126687596,-0.5298924964359606
1.5570363672739478,0.2961463709111504,0.7167114545760322,0.9289617065476559,1.0393890913667296,0.14273345792240644,-1.2904771358960099,-0.28042156662557555,0.07304312932083752,1.2166178911098455,0.07627759583025244,-0.8712765787201409,-0.2525855793259356,-0.7683761955232744,0.05767939729485916,-0.3196551582349789,0.6303762799171172,-0.11906701064343386,-0.39897379854584153,-0.29409502052841646,-3.4008188036288356,-2.4350694898027916
-0.8988707770971619,-0.8327252071400162,-1.4567716164688367,-1.4467412390255368,-1.3312689064414847,-0.9752070992575946,-0.3263532624081673,-0.004115433565150808,0.6226083128312104,0.5865547748428223,0.44760757636147236,1.0871363450650633,2.1595498339288466,2.7346297074916976,2.5147366458232305,1.4182050343112511,0.35874564003503057,1.1152028504971083,1.0350336960966149,0.7012425561543724,6.464172003982349,5.682053152405399
0.9090323152358435,1.2315648561714547,1.0189068865850235,1.2140096033670407,1.4742964849927782,0.6908570069390891,0.028450667235326917,-0.7461289530729379,-0.4513145214437658,0.27644406808148525,0.33264144304075277,0.029223282415870952,0.05752629280846878,-0.5606826567349399,-0.6222655807497373,0.07031937329426678,-0.8794754780876322,-0.5192508702056823,-0.5293352290250468,-1.0979186853766585,-2.9436818284619752,-1.1305557773571302
0.5736162641153248,0.4231864256599232,-0.005126246951831396,0.5804518016971215,1.5996537599411773,1.5389294833340386,0.6970819423581344,0.6635581376041932,-0.11101686447612316,0.053968286323421606,0.2519949814943657,0.16347780516797744,1.0630412315930768,0.369528980400351,-0.8499627676208221,-1.5376183459675965,-1.3529547520398253,-1.1149268846726368,-1.3680149067702057,-1.3181428132074207,2.5875513637697676,-1.040206332540492
-0.4999874363871926,-0.10728309062232759,0.6131174287246967,-0.003271889593141884,-1.1471385459642072,-0.9956467875172312,-0.6877661300389061,-1.4353251539730691,-1.2250954360031086,-0.6353751928573229,-0.1779354017962599,-0.7145621425925954,-0.6251603259836934,0.6329287817068431,0.5686361813760766,1.0781450000047135,1.4437984475387695,1.1174606340883444,1.2899704282003466,1.0088176783312932,-0.14036189009631267,0.3150911733652375
-0.3231147721125619,-0.011551121070213286,-0.3902032856242559,-0.029049890567053392,-0.14674342997342896,-0.24053976757687706,-0.07056668969529871,0.043161747288140075,-0.0013494595694486151,0.6206851155455019,-0.0986175666220326,0.5494690277633323,-0.02659578646916196,-0.5492856505684629,-1.0794673738382639,-0.46613349254017594,-0.023255807467380537,0.23904196428135352,-0.0738211429187891,-0.4486334228687986,1.8912022350812574,-0.5177120094036551
-0.4768018245795451,-0.15690674900161508,-1.3497007765283549,-2.311470239958481,-1.1542834922820269,-0.13452438297923622,-0.42242506232962473,-0.8421326493621663,-0.26317586536882354,-0.23414041045917447,0.8501148524741547,1.3064587530615548,1.3461192268071323,0.22392295198834378,0.07691358950370335,-0.21373690380840157,-0.3715291417279666,0.8375794069552874,0.7354221171572513,0.6572445452684725,2.908375817763723,0.19080372255593922
0.40916675210215436,1.0437590931248721,0.9452922892511676,0.24230005738390986,0.39262909870061585,0.458628182804203,0.19013847026452882,0.4275087966096563,0.258665722711791,0.4966036475084901,0.6440563401314471,0.5034491263606592,0.13854807355148774,0.029812867806654802,0.6835344214656442,0.9047710063950888,1.7489828318226686,1.2974236548366844,1.7004298165084566,1.864361768790216,-2.4434914080656376,0.2350161737128677
1.4943777731188996,0.725667095790042,1.0781593980472821,0.5248727204760055,1.204638715677729,1.5337329156995465,2.001122416832437,1.7243051563507292,2.048780740048892,2.0629362468681434,1.8976783780651778,2.1933823894526276,0.6390795264775251,-0.2955062136335468,0.6162004904013115,-1.07395285165505,-0.8373236855984649,-0.7367302384861768,-2.3126823671289882,-1.0392236324655815,-5.424872206767419,-5.2656628959494025
-1.0631951921273803,-1.0010076265521166,-1.0755946174549087,-0.7651543865398085,-0.3130667986035514,-0.6206491030039859,-0.849992160532784,-0.5524716686417346,-0.9956661345535881,0.3848936307420626,-0.2661468421743935,-1.1601416729455793,-1.4183096680265679,-1.0072151021863844,-0.19646393860872388,0.31880062661611624,0.23264008231037162,1.0444310013567697,0.3205823490059655,-0.13515259007323338,1.3481898623517004,0.019663252998893876
1.036752492782298,0.28772669067179163,-0.44656557469594826,-0.45837131230393485,-0.39760008358253635,-0.7745208055192052,-0.5367228077054215,0.28558289080273364,-0.0717285100750161,-1.0193289205335456,-1.756711619960415,-1.8353853137677694,-1.446995184343974,-0.8933122435629617,-0.5469962357896885,-0.7093958632020977,-0.09129218862730266,0.11470579540218118,-0.7204291530837263,-1.8138643328329158,0.6692598074957276,0.08266632925049866
-0.0012219767873779235,0.01803513570611949,0.5083718085568277,0.5468276770290872,0.0328617459265949,0.5251527659137605,0.23240629084162776,0.5135066971259145,-0.08273614233561151,1.1478344676453525,0.9249511722413426,0.5099049266868977,1.2381654316928672,0.0771123652277187,0.7774209851409865,1.3943535055012923,0.9363194604225599,0.37383271845508514,0.8700689247413597,0.6918916645384524,1.4889992075950236,1.5247091854010995
-1.3185896348526556,-0.1882811302522165,-0.8214488587185964,-0.9269512604783399,-1.689737879701504,-2.038800624263085,-1.835783607771792,-0.6396965528088535,-0.8918770564975319,-0.9513974184797832,-1.006609385425297,-0.6011589249584189,-0.2094156238530712,-0.8277500449435994,-0.51674513544016,-0.43196549642191656,-0.21661897352021509,-0.8200233105409235,-1.4808362990719444,-2.207488643492316,-1.6743744615960168,2.201752791314831
-0.035067526627368395,-0.1563314940396144,0.3334022409530978,-0.11371193236918394,-0.004386041589412672,-0.07431948712023013,0.06536230409442045,-0.9472230728567148,-1.7779073179472469,-1.6926988792960478,-1.9548880829384947,-1.1689627784407024,-0.7804839058783957,-1.260750655416818,-1.0332832954947164,-1.1890848704098478,-1.2916978306086884,-1.5019682047825016,-2.411621359221729,-1.5612693371103654,3.7002096533867,3.883184334392854
-1.0004724308121564,0.13097823541643655,0.27648615911033536,0.8435761137680136,2.267061954113781,1.4031875071320488,1.4631062386429408,0.9027732437337701,1.3314217888633315,1.297590170904482,0.4459054764704418,0.33975965731775143,-0.29498060477712507,-0.178050336609918,0.12791584762667266,-1.2216390307024407,-0.7825230785487944,-0.41702450018057,-0.45268111855208476,-0.2412937042415014,-1.6086547486817975,0.5341638125361285
0.47406291195051836,0.7485298397882453,0.03731145701192967,0.569293880352765,0.40608532921351526,-0.23816356509431152,-0.6020404395860083,-0.6221856463140389,-0.279819080367907,-0.37515232698300255,0.2819061351526018,-0.4357045514478133,0.29690913925104057,-0.44494836011481004,-0.595170194589515,-1.7114985172785762,-0.9440079340428211,-0.753898499620195,-0.44554353112889616,-0.19982737814941448,0.13640473924148622,-1.9514601432078977
0.07508903313670197,0.5375328413906805,1.8781197537740544,2.311468134550495,2.4068682518901774,1.9286083123185003,0.5859287503646937,0.29224783661558434,1.1243598237372856,0.7346312902953539,0.6694537047587098,0.40524113556685154,0.21954035609036138,1.4177231610001981,1.959996446647774,2.694934257312173,2.6686561631468453,2.901262392250175,0.7523130777162201,0.25999322562890925,9.789250164787248,7.827413915914512
-0.5685323836125983,-0.5438277095190378,-0.6011113947396088,-0.21933436707899212,0.1907437325643565,0.475238811644034,0.5960096865073282,-0.4162822489519636,-0.6022426862701845,-1.078144390664779,-0.7557309215876968,-0.5601858201527722,-0.0487959750659808,-0.5884831959657002,-0.051327059021660196,-1.0039289433996152,-0.5351239503909878,-0.3983634924451108,-0.5871085004971179,-1.0491985892912339,-0.5590703921827878,1.6732596107305295
0.21874688775145784,0.21767196812136783,-1.0375528225670219,-1.5655737948901376,-2.06032721825593,-1.3055189920515748,-1.835831752469616,-1.1892870756022227,-0.882750780140049,-1.0529066536408003,-0.26549607400337005,0.359646939475671,-0.012335006588020345,-0.23810780605489557,0.04058804304114096,-0.08972337265988312,-0.8053764866296624,-0.8577206431779109,-0.5555226524250524,0.6574156910308532,-0.47249348523665624,-0.5957201384892259
0.8426696033372096,0.7709553175876763,0.9117090737957355,0.0432540928306952,-0.5498866229455296,0.801350144577196,0.5079958508061392,-0.07774212189469239,0.9408418033889832,0.4250790861882871,-0.45445300934945326,0.008905248013759966,0.8388905259220859,0.9437022590176279,-0.4236263378875126,-0.40553738674217915,-0.7695159499554551,0.24168896048892893,1.08859910663953,0.5276493136890918,-3.138762154607206,-1.2303575360050574
-0.8406076768781683,-0.03655303803391321,-0.21598039452202913,-1.5944194607267164,-0.9673276110406344,-0.14489807086842574,-0.9650398134222179,-0.8222748461475446,0.3686264170997011,0.09606114626803207,0.3370876559873511,0.36162012940858806,-0.02178208538548661,-1.70077452126067,-1.8276857636361377,-2.1403788369000245,-1.9428209045435973,-0.8520555917364382,0.31097028532969256,0.025984427396673726,-4.091246877546116,-1.2501065931777353
-0.33597182159095773,0.23878423204208543,-0.4188604293127163,-0.3269608442315975,0.08608103664376834,-0.34685776607030844,-0.24206261132470924,0.44611218326924734,0.5724973263421007,1.0215530470472616,1.763240295728575,1.381906947824409,1.454881017613467,0.1513557788709337,-0.36658878787479654,0.6398024396397151,0.8246825349353701,0.23830120728162377,-0.3376094577046351,-1.5117531834158286,-0.3673237131748134,-0.23621179554324057
-0.48857143753275156,0.5277484570754516,-0.2985691570592683,-0.8230918192558374,-0.6051806509433839,-1.0180345790007876,-1.08352080516235,-1.5551317090601229,-1.926402289029494,-0.3332866558706948,-1.6033657188600683,-1.1921461282665498,-1.5868449508141345,-0.7987984251883968,-0.8363627658965939,-0.3906022573614296,0.14335924171609576,0.6818024863986926,1.606076803514264,1.7620743553277274,-2.8763929107924064,-4.9551218694278525
0.9028316297402569,-0.12468580503027939,0.2093030061961729,0.4918456776584563,1.0098518847984481,0.3371792096273414,-0.026661405427615362,0.21888751449538613,-0.1531835789369965,-0.27117572621645103,-0.5220274969085451,-1.046310073555318,-1.5370071168667112,-0.8005311204969049,0.19088394909918285,1.248035688299441,0.5234089691281667,-0.6061769482356585,-0.4470507913360016,-1.8919563381445028,-1.3949726615766298,0.36746995095827056
-0.5546202625729794,-0.22360980685461185,-0.4615097777634761,-1.22367205913248,-1.4693612767045223,-0.21461244959916365,-0.8034803194408012,-0.24436452227792665,0.25324974622889346,0.06549342829557205,0.1782298649195374,0.21659418215813128,-0.707249823009733,-0.47945951257033065,-0.7204047727601209,-0.8759355583553705,0.3834792349516754,0.3052056332801407,0.6741004883946468,-0.14336147191033935,-6.577734025614773,-1.5155406534891869
-1.4982668479292598,-1.8235706757820507,-0.9271281234063387,-0.15606060975751973,-0.3112018736170974,0.07145962828763502,0.7887621001445171,0.8358172038034166,1.030551882126463,0.755107831537324,1.2117505226384737,1.5955312347320967,1.5999272555139996,1.7601372722330144,1.974085488266132,1.61053272063196,0.9684402507551199,-0.0961006056484601,0.36140512253138973,-0.21834327039608756,3.2342706176915486,2.2512365345687457
0.4368655305164045,0.04685344385104485,-0.08065496299743032,0.7100424342823242,-0.7187437669853399,0.4670626390425175,1.245842197670645,0.7737240511596077,-0.4499652653265361,-0.34854707637904114,-0.49888431060029936,-0.3298968682658493,-0.4771319284413514,-1.9087101493205876,-2.1469301504553124,-1.5024048802973433,-1.6348450807162827,-1.7913050758811924,-1.8186418790023222,-0.7877722354827545,5.002647348314735,3.076959534313424
-2.423924337198018,-1.7348275129271287,-1.0398299027769877,-0.7647381136540062,-0.7840615389794857,-0.37724610619714655,-1.0282880432453034,-0.3016930831044394,-0.762999414241322,-0.15926276383706775,-0.04796926867700155,0.5614660443701578,0.8416540196527924,0.5193984111429736,1.0607454960492335,1.4045486956861408,1.5272481287606527,1.0699882636557492,0.6597001700249578,1.1290148883285387,1.679986686916211,4.004941357115977
0.6250295573246383,0.5678785546200998,0.1178201426449003,-0.411012244460382,-0.4842019336217201,-0.46009454076991413,1.1127774828213828,0.9754572741838953,0.12868583157107755,0.29988542819895136,1.0949845101800821,1.5772361859980897,1.5529916546796205,1.0404476829415499,0.566481128981881,0.459961681942169,0.7374252116104052,0.4207071373347024,0.7594074784063577,-0.30999166939873934,0.6928735116110538,0.35465684499998296
-0.6837278818723641,0.4316007635519555,0.9887957894344594,0.8657997077107233,0.9651639239200493,0.016990364313969372,-0.40545899674618857,0.43737680906006804,0.9281443410004032,0.6830296605923163,0.9903356963339004,0.15995366180525525,0.8987270208979697,1.0977943550483384,1.326839303156289,1.5125581330666258,0.9748212251377572,1.3105284098814831,0.7986118913292052,0.580787551085468,2.4541119886374814,3.6517853737459967
0.16804668037695186,-1.3338022950643307,-0.8921156502911479,-0.39005475321592736,-0.6531768783152259,0.5976680876373439,0.9967430616867499,0.5280703704538049,-0.12337642784183936,-0.8460598479361324,-1.3320360521133001,-0.6763674680680137,-0.8375396308698919,-1.3825936082400196,-2.518833566719143,-2.1989644978112555,-2.000909375908617,-1.6166434927850246,0.06367020930394644,-0.3067458200628805,4.9515351492823125,3.910726340407107
1.593138959610179,2.043763268816704,2.4832082279611516,2.807670599289779,0.29426063842609396,0.36217324552923624,-0.6218559537640362,-0.8032964432826395,0.03503095066027829,-0.054767218293494666,0.04375676557540833,0.18252759960329012,0.9696039804982911,0.6776719207161563,0.9092412529197564,1.1271848336920862,2.001974924835666,2.200455166863427,1.7634273124738944,1.089985633186854,-1.3433241689250788,-0.6433357272002476
-1.8779208456877319,-1.0125810651820157,-0.9615333609211038,-0.3274501195100789,0.10435370828003894,0.6916911035717092,1.6041519755974616,1.292815386294561,0.9417609534391677,0.738404891806988,0.6923538555420151,0.7070681349223673,1.0118873686620327,0.2954304279804609,0.45645455868584783,0.34189182042666916,0.9160468745754514,1.133681915899514,1.116572484337047,0.6594948637963965,0.9286880215594921,3.9324764004641066
0.9036692287896884,0.2468281450680339,0.23347141765251286,0.9193485239500712,1.779256621596469,2.083810141866201,1.2089780471280422,0.929190678110708,0.3945603318214916,0.22912820225361386,0.04437709431332965,0.8646072003498125,0.915952043532352,0.8023605313642492,0.10727396732145068,-0.3159711712729332,-0.1824833621582191,0.13525615152701756,-0.24280326016994894,-0.33793757412090525,3.2854057105462005,-0.18433512202276625
1.443579321927179,0.7605781905750133,0.7723811200876353,0.4491915855211029,1.04940043302606,2.0889206748947933,2.1894871266935674,2.0470005384677936,1.1810167328031915,0.3826715046441101,-0.353634752277225,-0.7967314201165728,-0.8010832074305402,-1.0002578068288044,-1.0971319781027549,0.001409072353179198,-0.49660441511793113,-0.472017133585438,0.31624375590039316,0.1364650743816823,-1.0982921216836565,0.5450170667050596
-0.1830742995361496,-0.2298124013749889,-1.1437605315884256,-0.5370861546454873,-1.2660019565984735,-1.7605399335225833,-1.1124453488296662,-0.8998260411712667,-0.8243786555208443,-0.9305019380129026,-2.702773844103677,-2.1015870722598975,-2.060087477459741,-1.877861438251281,-0.26871688334229277,-0.7625342289131046,-2.5780316193172097,-2.322730704335574,-1.8646378558585524,-2.1163767154312683,6.064696183171822,5.9604123856631075
0.3495280575145294,1.6390392521262873,1.7050871738965543,1.169811535785469,1.1941824382243513,0.7249367954144833,1.1711367032226179,0.240163524692559,-0.1939995555525449,-0.1306747235080031,-0.3231328555223252,-0.10368862327405018,-0.502986979351228,-0.4877948804347771,-0.008253999233732627,-1.1463642524976614,-0.8788917352752204,-0.5614693698677409,-0.907924441905654,-1.25265983217988,-3.326151572953962,0.030802901979260444
0.416321552745234,0.6675059233502915,-0.4141426060766304,-0.6546029550520449,-0.6555386209020796,-1.0780101214383577,-0.8730107529191506,-0.5770982431401116,-0.6101391480407622,-1.306989734572897,-1.3654868752073477,-0.6948224351271762,-1.3349638005044173,-1.0932086760935982,-1.9395438428368519,-1.168248612726695,-2.012078255104351,-1.4060185380940644,-0.7859123658138351,-0.014510710775402119,1.7657507665973817,0.5051497997889051
1.8759755605019746,1.105900753722473,1.7776851324261373,2.0439204957376345,1.9928201134337438,1.9328061594484984,2.8252640437893857,2.5449920060842333,1.0337406513725853,0.7553766958897881,0.6006221695256961,0.9922498653603291,1.20692786331638,2.074281889177547,0.4986137492509889,0.04044590960251612,0.5010771502532818,1.5247232959978483,1.197967542516004,0.5574312270135645,0.5242897147693979,0.6120992079118927
1.685726640543557,1.086510174280741,0.772024159608424,0.9308824635876859,0.015575024554972158,0.30856483382782196,-0.26762097330417756,0.6061128723254506,-0.18605853797086322,-0.20752611659105188,-0.5217627503767783,-0.10025385813620818,-1.248622719818249,-1.0634640838574665,-0.49340703681719367,0.1964518954173399,0.4023439303082698,-0.09762917833667137,0.5709643660727739,0.44177926686832464,-3.8443587814955436,-2.3625700405901346
0.09132642856169762,-0.19413583335605622,-0.24119638488897852,-0.26193602407812816,1.1581335305704503,1.0733417528955174,1.4087892582945363,0.5762121895775641,1.487620527232105,1.3001882816060186,0.607758925330545,0.6477411469748693,0.7764377636781521,2.125870427519528,3.033799786614428,2.8997807670315807,1.968179423020386,1.274339234436716,1.1831787452348703,-0.040153575355211336,4.577467363817914,5.774424504355767
1.1561366221457363,0.2902148075703401,0.03508693476918472,0.3307199074078289,1.1759798413359153,0.9166027337437755,0.49273081733117713,0.06807154105418826,-0.2717758070640065,0.18979188056378682,-0.3592307451552794,-1.8916603612175238,-1.3258650819385778,-0.5302987971532797,-1.0265070175460551,-0.8214791884942622,-0.6459851124021154,-0.516995209208673,0.5862625271204585,0.9371941226258896,2.3470605630071812,-1.8287147893122553
-0.656369432852515,-1.1430450539722374,-0.6039676288770441,0.39153919380033836,-0.44821834593943827,-1.4662758799106084,-1.4207068680812578,-1.4008598583832002,-2.163700186614105,-1.6818532651624516,-0.2653026903762666,-0.454891476041641,-0.13047956614172757,-0.40140829635995434,-0.49211481334944657,0.17241828701105574,0.7574729251851997,2.1032267830439775,1.3816564279095607,0.8403114377772473,-1.800645310883453,-4.063972042716826
-1.3261280906716657,-0.48619728155620406,-1.3095236679536817,-0.8485807099927496,-1.081501563763326,-1.1401462510238376,-1.452753938232799,-1.0807541388449338,-0.5189037298998097,0.5556716039036976,1.7679500814669953,1.734098711737699,1.1682665881084688,1.4279990102918017,1.496868391611201,-0.08822217716093166,0.34525191074344647,0.4333092304066249,0.180984753751991,-0.11541494651744791,3.0495497496693496,2.2619531858026245
-0.3455024275067003,0.22147842655911554,0.2957570868494782,0.6290327263209357,0.1956318230064949,-0.8620681057982215,0.40062862186415177,0.44017967314154954,1.1991657422811304,0.9030511382324473,0.9959512477136837,1.3231170986165866,1.43743250303338,1.0417485908437094,1.1136495764868377,0.9594251534784113,0.9270376474633141,0.8250111803947351,0.7464976688097423,1.1187716171195803,-0.3561427361964489,2.2624632736728745
0.2766610731362192,0.7348338531290755,-0.23764069826464032,0.032394578011463795,-0.941837887797993,-0.7570632879992623,-0.5695738072396711,0.23107968170500062,-0.2964143178652007,-0.2645888909442075,0.18911341557822883,0.8123436126998455,1.0860542830399762,1.1013685592100744,0.4832936585905694,0.9055693610622726,-0.14437195414932177,-0.15092947075022872,-0.005928061609027787,-0.3608042299303839,3.6617765700759137,0.31065046357680914
1.4472172538154562,0.8621578378597152,1.5077763287744306,1.2478899055330257,1.353570668664715,0.42229318246107955,1.3125376720849748,1.2037811348884524,1.3425413880126027,1.840291621090054,0.7108104592490178,0.3798321867650798,-0.06513936459789736,-0.6957074356939539,-0.24067209868144007,0.0534817663204798,0.030444096084322934,-0.7306993805922135,-0.27019511613499236,-0.1750277031220214,-2.452302313931935,-1.661602076535564
1.1875256136301182,0.23724164289130967,2.305350222625018,2.9998324512086443,3.3169837519422494,2.059385335011207,1.1451772058426297,0.708140927059347,1.00256366768744,1.6801296291587065,0.42735617595604725,0.10199593872580158,0.20085771124803986,0.21676100036081103,-0.8673194492485768,0.13036104398411913,0.3608995381248995,0.8089538018794935,-0.0835430207999177,-0.8180699272056867,-0.17407876938431205,-0.5705996541859568
0.2531841867599861,-0.06382222205703582,0.6801605897281215,0.3428869969129556,-0.33970582127844484,0.17150736816087728,0.5343235697810144,0.3553796975344868,0.5072597146634282,-0.1395156744603418,-0.3012985297681812,0.24488783086951582,0.4297901353213445,-0.04242210469641211,1.4399873203599558,0.9388103906417957,1.218158447505458,0.754733568987248,0.45324260527584176,1.9575656972391384,1.7768389624573417,1.3407636352219292
0.6546456773109272,0.5393752892300893,1.0293524999102197,0.7011448831375127,-0.12333575555866265,-0.2871386641182606,0.34815549601275975,1.4951471782587415,0.8837101959350532,1.795324972828771,1.9421584006618018,1.2351557836925735,1.4073582110552298,0.7160025282628869,-0.6311733743979315,-0.6012531258948794,-1.4821121317477526,-1.537503468011989,-1.6191468941462395,-0.6553944960881094,-4.809813656559855,-3.9528618743797814
0.7848919958386378,0.6532240892503788,1.2802402021498929,0.028013212535741384,0.3832980264019288,0.3793647910783354,0.5452091141391627,0.6249606203649265,1.378430911047443,1.0446753712688572,0.8542106511708576,1.1041908344388947,0.616138656502084,0.7073514036792272,0.9492878219608145,1.1854783213167208,1.595892075503825,1.3379374145438507,1.4552222981657847,2.1271904070814904,0.8135208096432387,0.6778221097065209
0.7246834706567162,0.6574011076076548,0.3003180665849731,1.3011670503846866,1.1614423695035587,0.8520253749287099,0.08986563936285752,-0.3431607419336834,-1.1598302228778739,-1.5905363552492429,-1.0659104027703654,-0.6822534248237517,-0.9276744697775854,-0.4748087939654936,-1.0808145810549548,-1.4912842324846025,-1.4174574899151458,-1.2421116234211336,-0.4927690193050694,-0.13549048592533403,1.612337344906931,0.20487788616761152
0.302174617217902,-0.033983982915119545,0.1961656963224117,-1.0454040327142882,-1.3651094409069224,-0.6394256444854166,-0.519311926599002,-0.6567638767508696,0.2183822583758417,0.49987656742956976,-0.2009991336497245,0.02781138087177819,0.4909886940133979,-0.1608315086339831,0.51915637132945,0.36975566486305256,1.099574649127332,0.19220683517212442,-0.010055317121009568,0.1467922194953336,2.5957561136003093,0.3297345405977381
0.07937164435045849,0.31890135725267155,-0.7268506599395536,-0.5083649498671649,0.7538327850258669,0.7439796856978674,0.09561325665095087,0.5507853709656558,0.055868309297557574,-0.17764032515733108,-0.5530861211343531,-0.41018979805935657,0.012597164631921726,-0.659539207154662,-0.527916035395134,-1.3294950968911041,-1.292148008340531,-0.9763620773171959,-1.3422436944592506,-2.3946170163138594,1.6215950092572355,0.5155634860824452
0.17256112303446416,-0.06954516306329883,-1.5843408287662153,-1.0514466545620662,-2.0109915083034258,-2.0954773426772624,-1.2565820272858432,-0.7110024837748621,-0.7834096817114146,-0.8724318868953271,-0.4002146982902715,-0.8940674636067146,-0.4943928649115406,-0.11594482610025852,-0.02444030722065851,0.899178008165628,-0.891808370748267,-1.000910085707785,-0.6038357033729019,0.7019360581150623,1.1481060386578554,0.26989980751265275
-0.028712522482424743,-0.48665016436821096,-0.5580382796188014,0.026654150664159475,-0.854709502543765,-1.4295024879459042,-1.6837679671987087,-1.7737784590808476,-1.8161812068057275,-1.5449870670584822,-2.171924876502182,-0.7197245501461431,-0.9912010133255839,0.04081920131387783,0.14492552556271698,0.2911828341028962,-0.12726807569009527,0.21617732853494495,-0.029036765696082555,0.10820340214389654,-2.6699532911207684,-0.38382525438787785
1.3870495275006596,1.108029686982066,0.6163397096387313,1.514667997124483,2.4156569159445267,1.2025348139260206,2.297431469909546,1.417842279884325,1.0095460110023309,1.1556634486649193,1.15548263170619,1.005656070794558,0.21829342324236567,0.17803190190734605,-0.1244169166896854,0.6108025082199446,0.8211731310892919,1.201514016446602,0.7147279641737025,0.15986316905923317,-0.5399593866303453,0.6961429430700429
0.3225349772189516,-0.20019834812311493,0.14948085167426078,0.02624064864255537,0.6505058283557763,0.21958016495305482,0.5521438400961303,-0.3107195857893753,-1.1266345719330166,-0.984478281609509,-0.556475236274244,-1.3755399912905055,-0.6709358527383064,-0.3039475278073762,0.590830624371646,-0.3221892124177707,0.00505674058224822,0.6881564223203425,1.3339799764694042,1.1928077153095118,-0.4923327264090417,-0.3998179559037575
-1.007080912590985,-1.9341222246406107,-1.232461603270334,-0.39781740665450255,1.297252742710495,1.9550727321304233,0.08799062298011653,0.30910822075124045,-0.07369309783022031,0.03646943884742528,-0.25523690220377804,-0.22409582878744963,0.31991698713694217,0.390528264026875,0.6579064072112123,0.08817242015278465,-0.22851012614390886,0.4197430907916645,0.713684951582036,1.027222037385162,0.3035708499449259,1.4499233801288878
-0.5919520547390884,-0.20943625155243573,0.06265236011257103,0.22204828553571374,0.8042828295340937,0.38289337247743427,-0.8612548740696552,-0.03431021916346374,0.0590068024935677,-1.0840955857829337,-0.8520939273415796,-1.3051149412402792,-0.9719812798949246,-1.1948620193056572,-0.40442780984278764,-0.5355114807859143,-1.3826240896852329,-0.692124068840636,-0.5877221798736421,0.1149022157228801,1.5922755139385596,0.5636543646972517
-0.25201203783730064,-0.40772445650654804,0.29019423367752056,0.1432433587991586,0.5484154061946348,0.7574300905344415,0.18330588826270877,0.4986753879327949,0.9681850575807955,0.8882566369095963,0.4296266527521074,-0.04153576754569537,-1.0209414535982677,-1.8387285425822224,-0.9353111314722884,0.05438912418644632,-0.13095461718812731,0.3110824991565655,0.973319011342317,0.9823080616307474,1.6811522022823226,-0.9554414748236317
1.429756850580172,1.0833248604578178,0.7321445949192743,0.8126698407511822,2.0269098120232574,0.5966452333042838,1.0285555719657946,-0.09582088499373123,-0.1831259801928184,-0.7726290526602596,-0.4096679182570116,-0.09378121476174152,0.7414038893389324,0.7555208439584191,0.009113480239862732,-0.02846783637139982,-0.38329288104726544,0.028321944042557178,-0.1499218970745184,-0.6285964146157219,-1.143966210451999,-0.297618299156373
-1.602256304804991,-1.2277469310214373,-0.3681604554223689,-0.26240301644041547,-0.7486895450921974,-0.06589216461169596,0.11848983554337633,-1.1754757178342201,0.07273830169801372,-0.45052619248764564,-1.077517878009923,-2.5488796540092187,-1.2508669925938836,-0.24629381688959096,-0.18534992202977232,-1.2853788835099642,-1.6687375873406363,-0.22740542758652796,-0.6648051106758557,-1.047531709796119,-0.17771814429415844,2.182309001619661
0.5366067529359659,0.28531953163665585,0.5595342152802282,-0.19666937946281843,-0.0379039737220896,0.7665604080233377,1.7326044212584513,0.7400391657352948,0.24312407497500876,-0.28964877980627135,-0.34736054966861074,-0.25287067391447554,0.6041031699663609,0.7159946934657371,0.5578248961933299,0.14449195468320838,1.1642709117806374,1.7021852509181818,1.4414836243768763,1.7045766961197364,-0.15192626942888093,-0.0565043323636949
-3.229552660807754,-2.4867532258101113,-1.1999903887709364,-0.9905637118180945,-1.1403732981763868,-2.6636246505430092,-2.8503001424225323,-1.4970058764288525,-0.6086426599508545,0.2553429617934385,0.9415994558143798,-0.8686231907594414,-0.1979529791327559,0.0030400783860978484,-0.4986368619215932,0.06426749939219266,-0.09242676999294364,-0.10449155987348435,-0.7158906921485632,-0.5387851671304676,-1.7923044012179132,0.6637192232775787
1.1236091978379203,0.6930280521139404,0.6977405941877577,0.9412413208610076,-0.21759867583229056,-0.26009382969729056,-0.7444240963430948,-0.49060417777169263,-0.4875530418619191,-0.36580820360882077,-0.8436600864484063,-0.3999637479421715,-1.2690671504819102,-0.9524697288782918,-1.1758279970759902,-0.024941052971702432,0.004305171279587821,-0.20014134440363265,1.0133953199789802,0.04237749578782533,-2.478788466266309,-2.44365815652759
-1.3883730521404145,-0.6248247857111768,-0.241755041625199,0.5171012474422618,0.47942569728140444,0.12848473588293266,0.08043438410863389,-0.18359519790146026,0.08161229727412239,-0.2853737491523561,-0.5966047304099348,-0.16229708039524213,-0.96425877504051,-0.6505589216266144,0.3800042769798604,0.9223985485504163,0.2210766929908302,-0.12237769381610801,-0.6685116409238842,-1.2960950432410916,2.3065931700851876,3.169586274435909
0.6323422645931563,-0.047584983158238954,-0.8572731523201782,-0.8546499102700943,-0.8220459608149816,-0.15863895398379707,-0.723156722510639,-1.1509578482186746,-0.8145798192210723,-0.5142568570793176,-0.3563558876763436,-0.6714041485494625,-0.5546408158483075,0.5639112333655982,0.9413429492740897,0.5202165965817062,0.5183974526286805,-0.6169213645314021,-0.8666200949483611,-0.8029196568689203,-0.6188217771201697,-0.09502105287768162
-0.27327612425627207,0.3290018460929014,0.2927303677880779,1.6537280759684136,1.4140891849150454,0.47038834500329835,0.7725395742117614,1.3588142117184843,0.9559526959841461,0.8625173740644545,0.26160111818370374,0.835415408420277,1.1010172673311056,0.9243043169110969,0.8949736051492294,1.1635670512761491,1.2024737875578586,0.0836194491506033,0.2766823171384517,1.754769371878673,0.47173565280730667,1.5233063203203834
-1.2270529871489393,-0.8542524473023029,0.5468672568508629,0.4160788162963086,1.8903834548167862,-0.2289436495953603,0.5621372088928405,0.11999754047751196,0.34663092341111285,0.7322817473104767,2.2254932749969685,2.287035552959482,1.2921999437298144,1.3657601200778728,-0.009516523239284464,-0.7949456822580729,-1.0240866684614487,-1.4535696461852123,-0.49419779898202926,0.12715186499518277,-2.040724321546544,-2.330341032113265
-0.07322511819451644,0.8532206174587191,0.8230244850825769,0.9209874564184912,0.11834131886905296,-0.018867326400350787,0.18782736857001028,0.19070628640203927,0.14084936107111054,-1.047294353489773,-1.302918158408332,-1.3322406196623884,-0.9209308589279358,-2.4613687253017895,-2.2383145763467263,-2.3092172835128504,-0.5584206492087229,0.056204645697275964,0.8847854716410589,1.387280916959689,-2.595105855582923,-3.5178331526888194
0.6908579099195283,1.0364823826539158,0.8262919151829984,0.021529506282305596,-0.6331336990501738,0.1050209640362363,0.826502605879864,0.09995606926717769,-0.15774109802649708,-0.5748299338563393,0.9802981949832557,0.6488429591889763,0.14982965428138667,0.1739325686439914,0.10884194743971101,-0.30534844199532774,0.22094715235114684,-0.14521639305984319,-0.5611649296849698,0.27886592087761286,-0.769303600088685,-1.1946762829825532
-0.4826501564705782,0.11976825420888801,-0.24877125140058,-0.486405918791896,-1.0322586835381538,-0.9566590156068333,-1.5309052951256,-1.427788717973588,0.21201509574322486,-0.08324298536613584,-0.2447312889721026,-0.19787695352498758,0.24175086007987567,-0.3387715121116451,-0.013773966688914365,0.8295052729360174,0.12492299788808407,0.2865311930640755,0.3467740179254778,1.9198927372329542,-0.046246886841353474,-1.0945940118438735
1.639082819171412,1.4886787183721728,1.6935055387145261,1.2852241131975355,0.45665460697414534,0.9956634279070674,0.7192180222706267,0.4366415290136976,0.45255952384676285,-0.2863635605272344,0.042263524164570895,-0.5077348867083479,1.0165819651566206,1.2179457812452241,0.13970704886102678,0.32911566786257246,1.1672734191653122,0.4483295365045172,0.5120223137571372,0.3237054721855861,0.6910076494203672,-1.1678546349305876
-0.8331933509004315,-0.7140444837948118,-0.9499092869050627,0.05204935990081797,0.8286734864977348,1.194361198111117,0.5877521229044148,0.5690756645877139,0.19881827612846617,-0.4420026747296994,-0.2886298024335913,-0.07836297119000613,0.34802553106233386,0.2886024311969049,-0.1954337996713322,-0.5267358458054008,-0.9587655038702912,-0.9100959565863154,-0.145412345982424,1.1147116186930472,1.9310466949171192,1.3851073055079062
-1.417237116437989,-1.7129024936520625,-0.8268550323630881,-0.672533105392601,-0.04379053523690384,-1.0666120767342,-1.3385587398632162,-0.888688124536055,-0.8862112411371624,-0.15919408486036976,-0.9479248117471848,-0.7161873156439527,-0.9083340387042321,-1.6122701033456064,-0.8957494661969506,-0.8968858487218562,-0.19072974974502563,0.33727997706138785,0.8256886652336001,0.718938420713086,-2.36648050319821,-1.8299864659128802
-0.2586288785654707,-1.2806794374950903,-1.1758474667362429,-1.3916418400723896,-2.180259433195062,-2.20109661967219,-1.4254039137443064,-0.6705664229765186,-0.42695301722181145,-1.1496337411176065,-1.6972344826881314,-2.494184157842645,-0.6668110969222762,-0.9828319417627329,-1.2504181610762057,-0.8131729910942722,-0.17078158157790257,-1.697365669480782,-2.2590557836418483,-2.1736179526735513,5.883997514300599,3.1334511607479696
-0.9689459762665392,-0.47772986835732595,-0.23756763360209812,0.34047514385199784,0.8574303575387365,0.06258939952916359,-0.9657012453195345,-0.45981427199740366,-0.5949953404787368,-1.0329368288991945,-0.2719072395766916,-1.039664853233329,-1.1597322652823485,-0.9021162725939814,-1.7625898831133169,-0.6824658930862604,-0.6906533388605316,-1.5502877904634609,-1.8111857296223526,-2.016300027093802,-0.5475955879940766,1.0954802030151232
0.3814641919628075,0.3649763443160557,0.21647723742742053,0.8579357425792513,2.3277872655532112,2.272197141117578,1.5229355880982935,2.5313087091675714,1.8938352669089025,1.334385510487088,1.832477309099528,1.9106411727513113,0.6122959485593898,-0.5967846584857374,0.5610046496377071,0.639692726795644,0.6671608477013291,1.0958987669777212,0.1796899672241495,-1.1769500945282156,2.160071132097027,1.9680082927393352
-0.6327858289707625,-1.382328395131681,-0.808118645384171,-0.6039451829093914,-1.1698943642385105,-1.0085321248457741,-0.9734123257947062,-0.5590535701708063,0.031517770647650954,0.5662657978623652,0.14405812464673967,0.12617255277262698,-0.3527478606853943,-0.952790423673004,-0.8847750015808417,-0.7947922371602913,-1.1595283599549877,0.6137725348715946,-0.7396687407298632,-0.5614379405819102,-2.7520246898405425,-1.4813072595520467
-0.6887331292616331,-0.6867667709324351,-0.5955165258670241,-0.8609771778911282,-0.529949327284753,0.012697953004346663,-0.2108535487301388,-0.9160772191760399,-0.03296760368178543,0.011716117203645163,-0.07155853222819587,1.0575195669963164,-0.17608678619112583,0.5502352786852961,1.5119428876651384,0.7442068994619638,1.2276604303253016,1.216342924458111,1.3583143547444476,1.3189409539031245,4.35123034569294,2.5048401095835873
0.8897517729564197,0.09352856667172577,0.365639195630199,0.484593473832108,1.4653303797132828,1.6814278565288396,1.6088709259888192,0.17195430473211576,-0.30621309600554075,-0.6325574886581241,-0.6066575142830799,-0.6518202959711595,0.36654023722229007,0.5128079306385409,0.3559509827220049,0.2272637894966246,-0.7301935188577603,-0.05008206625649223,-0.7990771403833964,-1.0096240682903503,2.973057603521311,1.038759752320055
1.127286372303411,0.9001446230577417,1.2466621078106321,0.7747464433838065,0.8843084694045498,-0.4035063172051599,-0.20572708925524025,0.2814962997339176,0.051065616038451396,0.3358238209630453,0.2633706507790679,0.1616052494472048,-0.6221950775703727,-0.35638872788800696,-0.93039134124338,-0.9645283369144396,-0.48061846147266496,0.03176677454449571,0.1979406222820165,-0.6131876659682286,0.044488429800407125,-2.676716364751562
-0.2318860701599171,0.7230328683690529,0.9005077918666451,0.9703084505726081,0.8661436610290535,1.432616520545345,1.2504522762210795,1.3568132580588086,1.9016710900625646,1.6915603427107497,1.137221475147305,1.138780139843614,0.8233130365718172,-0.4670879539600161,-0.18705339487491993,-0.5055121072896999,-0.6783294433018999,-0.8098780606137671,-0.8145091012175053,0.06028743375761801,-0.17802764669312243,-0.4605655611156696
0.19041509432111034,1.6124907803064814,0.505794205403115,0.6059670457920673,0.6632100147742653,0.539223764499793,1.3123148104093258,1.1933064116570449,0.6804450184903169,0.5970335969630133,0.5125434790313022,1.4296753266346207,0.720979824759379,0.17812335413708294,-0.5400643497925519,-0.5321896690013116,0.9749335648550668,0.3084712275355485,-0.6574378536390454,-0.0067688377526132805,1.646846576986691,0.13070887730355255
-0.39000448893127815,-0.5790434945443901,-1.353326355726605,-1.692867821577401,-1.9517380376054523,-2.1170698693226764,-1.5190501242698256,-2.364213228457211,-2.4031564506264687,-1.5862289962135712,-0.7646938481880512,-1.4010422921364583,-1.2337252631952598,-0.2865075668636588,-0.33233073798772456,0.327731281774127,0.5278164980002127,-0.09567057875108291,0.29424863825697783,0.9989573282607054,-2.422668719814567,-1.2797443793666028
-1.1202384141550115,-1.2008459228304966,-1.0039678958289155,-0.25041589226046185,-0.2263338008697574,-0.6324414637628284,-0.472885729952116,-0.3966859943088779,-0.28555796891814367,0.0794449680718802,-0.026955087960358108,-0.035437696137796224,-0.2496625162668988,0.15760502186787093,-0.8692355669827476,-0.5433762975817316,-0.3656910418116989,-0.869298943193317,-1.0347951362650114,-1.1199894837464073,-0.17171700214224805,0.6556359211857987
0.9398944602448911,1.3023967762782152,1.2994287330093646,1.060147351716978,0.7741028825489858,0.2853440934668337,-0.8660297750693967,-0.4205391546456207,-0.6798986493765102,1.0513155323973193,1.0769217169557281,1.834128997646925,1.774557547574166,1.8577995673578496,1.3689758598430606,1.7025494628347448,1.1938808323989685,2.3956391000143142,2.4406421984653663,2.620442099487155,2.082035636580904,1.5318284669686397
1.188863495333434,0.15563804594132952,0.18352125047343062,0.31502519134171786,-1.1860676532848256,-1.9455172664085594,-1.0875220657307103,-0.4511430882411719,-0.3463611429120577,-1.2014092237436862,-1.1912220473602144,-1.0391384685076364,-0.4135086298757698,-0.290855158695256,0.41221346610039167,0.577716969008123,0.2196220299728339,1.2359549419917202,1.2663879281221249,0.6095881757304888,-3.6808384764410933,-2.35283511179703
0.15120419726825188,-1.293127828561647,0.4430817685571718,0.6787798756154572,0.7200934503925913,0.27597682621160674,-0.04032147406007055,0.8381571091490972,0.8672643425763992,0.7849777197490269,1.4919491035657133,1.6883440160481098,2.242646497697377,1.9842196807967105,1.8890003290483182,2.329202178349353,1.9434255996982734,1.1443492460802953,1.0029768406200747,-0.01045815078318733,4.071796459272181,4.331750244297656
-0.1622419966674341,0.5610763517234827,0.5405043440015157,1.6152056489180826,2.194697481955224,2.4624829548039147,1.2094538422910308,1.3010713392639268,0.7443743653564779,-0.4302235841123683,-0.4075613683167542,0.3831311838755667,-0.43786046121084093,-0.6349047222493112,-0.1581575449366297,0.8959192188608771,1.6664314078975482,1.3471310296792156,0.4445066141700372,1.3352186943028572,-0.16937269463331547,-0.03670159968361025
-0.1780153906272834,-0.8322143713725586,-0.2566266303974935,-0.25480617922411153,-1.446980462311693,-0.979640444314594,-1.003173642085848,-0.9367244993477769,-1.419262455081925,-0.5317033381551467,0.2727609004749853,-0.2619241723103176,0.4713097120268794,1.7040592462858173,1.0776147956436184,0.860893993810271,0.5012549672672267,0.5770174709791914,0.7792104032797917,-0.49002801917542194,2.811408504163908,1.5621945433834865
0.13702412434302885,0.5954530213793885,0.8973729286838653,-0.12303049729447414,-1.0053819413098353,-0.5058143251833764,0.028874931766017454,-0.18451110170042423,0.6141172205493006,-0.516900781077335,-0.5576211908735853,-0.7007663758163254,-0.5439631619945495,-1.1193436639069727,0.32435078005670526,0.9769188546132538,0.1563111217532793,1.4039626534970733,1.3884550013258667,1.9250385682704263,-0.012528376017085563,-1.4280409115927601
-0.5780620847248499,0.27007282544605377,-0.17397868261698926,-0.10937259496083057,-0.5736591663936799,-0.2976971560722314,-0.8817719365737258,-1.1905744234635056,-2.8055849241991857,-2.1464835199971883,-1.557366217578087,-1.5889016344056586,-0.3204203600306163,0.6444748668366758,0.32789101158549444,-0.42138383885451486,-0.5536662872395769,-0.24332719359659585,0.08160290636753426,0.36888504890892,1.1169350717214162,0.9496832848910862
1.9965761503651036,1.6692467748631228,0.6341878070572721,0.07414417757838704,0.25040000156303094,0.6037944987026912,-0.5947437244078303,0.35321906466230185,0.8018623862542876,0.4964169745841215,0.041685646571384294,0.2051821557828473,1.4491998271479416,0.8773037004278607,1.3377354898724458,-0.14564350600288947,-0.8591148045191485,-1.698584441004541,-1.4095337695127121,-0.46930313399712514,-3.111993999840234,-3.0778866510226206
0.5249555568138672,0.5223651525497051,-0.38088730480016875,-0.5061555178456935,-1.0207198261789838,-1.4257135971667756,-0.7127891718699134,-1.4242373350941957,-1.2744068498378207,-1.1699736358562598,-0.08685831877355334,0.3720195137232886,0.6917209971480968,-0.2555045902261897,-1.060977078146923,-0.9294433287551316,-0.6112116949255163,0.05075877280160691,-0.7359596775728817,-0.8382442817679419,0.36198289668761907,-1.8179146969184359
0.5706346291948244,1.5732875697988824,1.9649011804767849,2.3893200028986747,1.7629796842448349,1.8027187981576989,2.330712176786891,1.5573036470867556,1.2226636646855116,0.3960668879282363,0.5424148849938704,0.0654022359860668,-0.1613353076563323,1.1259100164182976,1.4740430755849174,0.9310970047065706,0.728501727979897,1.1786500482421842,0.8985941742487971,1.0967343879424225,-0.7365451328945509,1.9555854203796774
-0.027152625266930363,1.6281073646855282,2.099372300750722,-0.15829821009156925,-0.22222994967977927,0.2886829087919576,0.7655731264873734,-0.29927692272055617,-0.9135727778413854,-0.37890336045871925,-0.3938394587545084,-0.4294705249340888,-0.1062406068134427,0.24366185095649634,0.22309865953909652,-0.23014990295559,-0.2555398639992096,0.6889351760002753,0.5026743744896933,0.7885859018408813,-3.1096120214627208,0.1169259667520352
-0.1104424578798024,-0.28762400978929625,-0.20409288644050877,-1.1157374374500195,-1.6618094698691215,-1.0102674645505956,-0.344755354145304,-0.3573118831838098,-0.9295065071447531,-1.2059288599135825,-1.2500573855298385,-1.7520953163542679,-1.1754184599028512,-0.7649886632649463,-0.8975821960855731,-0.19173106905966558,-0.22481119680666992,-0.9807026603447402,-0.25771051641546266,0.3241969349097953,0.3554739256530236,1.0420406869954169
-0.5307935836962353,-0.9381411671165809,-0.252355794982232,0.11771372135667717,-1.036150907286447,-0.7484420918130429,-0.8463075190645358,-0.37324952777796017,-1.212136634434367,-1.0943583766566407,-0.7586941754599189,-0.2875175512235149,-0.3479176856530913,-0.19515125933253394,-0.4638456094055127,0.4295900096962767,0.30822841338114093,0.6257691756405006,-0.6462763060360146,-0.6605033346131907,2.78323677630387,0.07716665679762744
-0.3587555911537647,-1.3417753257636131,-0.11122836241626693,-0.9048070680248181,-0.7677403179765455,0.7257726494958898,0.1409911031801668,0.6619433698252366,0.43171291093719166,0.7732118296259579,-0.1487919515972587,-0.6407378093704418,-0.24968703278911544,0.32466450640088007,-0.022256677961834954,-0.3505763444510788,-0.49888189690589757,-0.45991639387505273,1.416194959996397,1.7829430233995485,1.220784447906525,-0.0344311911628115
-0.24220216541990652,-0.7467326401501532,-0.761536993888013,-1.0815914614139381,-1.7991438077815287,-1.1387805175475512,-1.6315538311255355,-1.8544072580912798,-1.341232421616558,-1.1640604493211442,-0.29797572688673246,-0.1459440694236773,-0.19658194843187565,0.026320130933930663,-0.1318400112600986,0.7164584392624048,0.5019258892873728,0.04180000052815211,0.6255321873015969,0.7563301195935003,2.18984806091656,-0.874666392787563
-0.289633936682615,0.0033338826625937323,0.6884601078167447,-0.23447735910985212,-0.30110180186584984,-0.7888540121296916,1.2615876814792844,1.319031177885585,0.8703848079347091,0.2275452546486201,-0.03218529541306781,1.592845963827757,1.6551205215610756,2.4345359423481976,2.0812491335847794,1.49351938929201,1.0708482975070548,0.9411196486444642,0.8578014456488264,0.639366902465502,1.3304234766229435,3.78621101748212
1.2039254653576317,0.6272332510507156,0.9331703430879469,1.3549927646476547,0.7173533056574145,0.5455670633241306,0.16933790851351843,1.087245724089926,0.4389389825396651,-0.058606605858520205,-0.031122582263455212,0.1614451094613037,-0.2577912751612,-0.3288071838305527,-1.4251161341989529,-0.8978767688754717,-0.86243839913048,-1.2035879250294794,-0.8098613910914559,-0.7910399736410455,-3.8918523069730897,-1.1280204191321228
0.19304436157789695,0.47555004630952813,-0.6614697711588005,0.3614615082005328,0.23590038844965777,0.06715588714638651,-0.22478297892552845,0.9668631127571516,0.3038785269415948,0.20698110881510834,-0.6863342501574147,-0.4303004945113139,-0.0006211260921956635,-0.6838117341240122,-1.1009687573581846,-0.8022091075821687,0.2946470492858654,0.06014565399638156,1.0687271821478852,1.0579641507450737,-2.661592782384912,-2.14705581146599
1.147142178026005,1.6029118870436099,1.0480706349925053,0.7553189423367928,1.2580292322202964,0.7488151778544005,0.5683161653975269,0.8854065837863235,1.0812606691406523,2.1830929200024056,1.5294685990540613,1.1771164483013126,0.7763719013501998,1.0486017570916113,1.0841983812218123,0.4135886691203881,-0.10856120571964967,0.17023745825092748,-1.286744313406033,-2.3185735845908253,-1.8929852079681162,-1.886860513120425
-1.0516466646194838,-0.5339581181583525,-1.0455329353802305,-0.6057935943505822,-1.1359324157248967,-1.018637250722507,-0.5873570100998676,-0.07516210411052858,0.08871333928435295,0.004978165702865611,0.659428499346842,0.8538946392088704,1.7619550676168587,1.5523434543599655,0.1182641816539907,0.21210298186525045,0.29219328173828174,-0.7760380469485296,-0.33327969431406906,-0.04400482474078145,1.4186267663428083,0.6000828763511727
-0.606542210597814,0.8607545438498094,0.4905363048277274,0.5517413697693572,0.3164860594973422,0.08458824958256446,-0.9976297237511098,-0.2831296885779542,-0.5698141226430522,-0.21289952986406704,-0.6021026618806045,-1.0699972892223273,-1.3775824415998084,-0.5547641321693078,-1.0671127538516634,-2.0123748708305813,-2.1317301233339943,-1.952652306873604,-1.6498399811567221,0.6946627434487963,-1.8382019164351318,0.9903095694208892
-0.1856629903469121,0.02230804195488935,0.0908720880966858,-0.7739042529824622,-0.7512192675958447,-0.1176232881395761,-1.0881639169529236,-0.8154156718315294,-0.500084302373786,-1.2763956173981899,-0.7597875512661646,-0.7965788629993048,-1.3244832888719746,-0.718041546238035,-0.8176865325627857,-1.0657374292949966,-1.4054873404727442,-0.033441294463403416,-1.3199087334953863,-1.3617644760776884,-2.051360882589165,-0.8820166382279571
0.38865886929306137,1.1386772092519772,1.1699239677922693,1.079218354565334,1.3909509224524812,1.5305523857825827,0.2643060206230352,1.264556610627391,1.4098336964733533,1.5352319500777467,1.6595108729717578,1.07325114558927,1.8622860639261392,1.206135622691621,1.2464357454791615,-0.4143163087637936,0.06910303308477048,-0.21097515478528509,-0.8025372880916563,-0.9086472225511484,-1.2162344292946905,-1.8287701328996913
1.4187151262022186,0.8271129361294498,1.7184536948577813,1.2094131162202464,1.337846313625096,0.778615980455243,0.6373372420015921,0.6584293382356359,-0.09668236720413165,0.627199501003053,0.6280572201966717,0.06717914086786,-0.11514841671189838,0.9459835407391699,1.6123187557117031,2.2692426982016034,2.149689367962402,0.7043906400636937,0.7308207110909002,0.22386808200830283,0.07061506599350964,1.2147723225195104
-0.5204395806072308,-0.34697939444371106,-0.38064391776998374,-0.2470273990535968,0.11222097275203373,-0.23393079695123942,0.796888286030954,0.9344940907228004,-0.20382779595984346,0.9213245555818452,0.6269068699837199,0.11956235298168821,-1.0680327349610548,-1.3412608398775827,-1.3025180367819051,-1.8901090623170138,-0.8582664218533876,-0.7693518350576009,0.19518314754482224,0.17077207137545083,0.606456620861735,-0.3652992164100791
-1.3259928391948903,-1.5067635876865226,-1.782605166544976,-1.4114430289070652,-1.0762400047797447,-1.0680555252773998,-0.5642580885003329,-2.1068031867082375,-1.726342025959367,-1.075321847593884,-0.2876574120346636,-1.1741246689397675,-1.3689780371045652,-1.1460320769537498,-0.6417702421723933,0.01565350337826483,-1.0069197690655374,-1.3680053026565417,-0.37800939798610017,1.2389002716973194,3.8694508231644913,1.9810108329871539
-1.2546905997896212,-0.47363026800179264,0.2845392753440032,0.22131856903402253,0.09948138980422082,-0.2564178634285791,-0.8688339276986748,-2.111681651299275,-1.8448370288719298,-1.4303847506144725,-0.08123790520751911,-0.6786535811324158,-0.9678530276714675,-0.6410286588590955,-0.6882882379742166,-1.4907099417161134,-0.7095823650532759,-1.11943819305908,-1.3194458834611342,-1.1763703669316692,1.3657431220809706,0.17990860700474384
3.184922689968917,2.3813599552379316,1.7252360050050433,1.9299901440252347,1.6678364960786447,1.6738487051157762,1.2355069588080276,0.7741846968881512,1.603927351222618,1.0559843073235993,1.2831997160449686,0.6732985655862813,-0.32814569312941366,1.0299457264928864,1.4299141262661685,2.8649713918586728,2.082438382431107,1.6469396222787807,0.9723617779867875,0.8453436206585084,-1.2711188395623512,0.9200393810504144
-0.7337792054118484,0.030439823292095256,0.31068428619820515,0.5885460173775722,0.8823516818568283,-0.5469723663227173,-0.9107591843097692,-0.9247647803079394,0.07711851678609152,-1.2809189730925836,-1.8070624395711261,-1.8160248021241288,-1.4631409330599674,-2.106532407655302,-2.5956556912230755,-1.8837940380831717,-1.327831208625244,-1.0847434852383993,-1.346937903890826,-0.6229355883523069,2.8670390522038565,1.3046459196203792
1.4099354735179304,1.3734289745110597,1.7770047115154075,1.179525548693008,1.6554802527461578,2.143262231567747,0.6969042763514397,0.5175608622001686,1.5881647915194932,0.37573273268527374,-0.3375816914344936,-0.8640876713723987,-0.7210180198156575,0.15506933100099435,-0.3746215722309819,0.20721199698334802,-0.20210778702591325,-0.04285410788756429,0.20603794753628166,0.28805664833843314,-0.4891192336774488,-1.3859908793706548
1.9782341622985489,0.7117902062199327,0.8437521712951795,-0.6594657873800434,0.24096281421937343,0.4565192009041734,1.418010463472598,1.4857621049079164,1.6154285764106846,1.8500776669955306,1.7299829636829107,1.2096637543404307,1.927499778652661,1.4099639683566625,1.9267079589942215,1.5953424246133077,0.2541758224873488,0.7069827598094585,0.7728979443276509,0.6455401034888287,-0.6891522734909074,0.548760745835397
1.1249723439134336,1.5331389885035855,2.337776195278852,2.080202168830245,0.6044124958646113,1.389010258023911,0.7114297059508369,0.9298811167777574,1.5110539662173545,0.0253806704459414,-0.18006516876415263,0.6526948290054365,0.7026131581078139,1.3702905557411613,0.3301910079093242,0.34865499932930377,1.2277936861445524,0.10274368834710411,-0.4809392367017164,-0.2765832012329108,-3.780462546846017,-0.3613951233343925
0.6389644329679076,-0.10708705165102317,-0.4720930709029573,-0.3848045726012833,-0.7184281463038631,-1.073743054306931,-0.6169344061637332,-0.5284357576578647,-0.7072565366493716,-1.043973425059064,-0.4049235419206488,-0.16963959726498104,0.3131293163225375,-0.2805579617463158,0.24085678278122202,1.3283789331057994,1.6399588949518322,0.6412893130354569,0.41460682418665445,-0.7309617542919976,-0.12786160177100803,0.7355377655937394
0.03815401850370187,-0.33611947653180957,-0.009265348572257248,-0.7290245019378544,0.6709982521430227,-0.25113301368914503,-0.5489993955002374,-0.6320760690252972,-1.008315507069486,-1.6893388215857634,-0.9218266649700443,-1.3976599294459515,-1.065524694790643,-1.7461768995140448,-2.437837105426751,-2.874886708421602,-3.1488544606902034,-2.7658580431284725,-3.217922561639758,-2.3311736934435974,3.2410948291337554,3.388217024125292
0.6899051650189448,1.7897490593397358,1.8747037710966008,0.9999032003405912,0.35383759479929994,0.5440989589662375,0.2822316233020487,0.19066515049650823,1.5645752156847443,1.2721581234617494,2.196519728517636,2.031687084715195,1.1113798218340636,0.3311718360611134,-0.3104744909449889,0.05456243905235014,0.4144266383996523,0.4872283289701888,-0.6189411019075942,-0.8594022532285978,-3.8530514814422427,-1.3913318360194884
0.4840356596013172,0.715743862127144,1.0764350683773347,0.0665152594834669,0.12941248605303643,0.2586873508508989,0.35608283884031433,1.0886837110607785,2.489896398719732,1.6361369079227006,1.4304987198791943,1.7685853659704975,1.179352226010341,0.503110016629233,1.4717937248578385,1.2537812756825677,-0.17874976054837366,-0.364611082739053,1.2070122186461139,1.224631403069345,-0.4421055097364433,0.052195451136663164
0.3361583812903764,-0.23753631705159592,0.6645408918026299,1.3670463030237738,0.08825501610005307,0.6596284308791577,0.20201211333152969,0.005449012418876562,0.46552729629467043,-0.06960679904818444,0.5539594288613028,0.24808142179701603,0.5288781876292498,0.9971471448097861,1.3778833609635595,0.8533824109655109,0.15450420029548298,0.499881341380235,0.8419542802153561,-0.24690738713147797,-1.944985979626562,1.3389495211158144
1.0520880219536204,1.154964017412986,0.4388251645661758,0.7753052470660285,1.5386152628391006,1.827046113933372,1.4197566256522325,1.0590557890560526,1.6399194113839102,1.5720448476791726,1.2452706431057714,1.4822066179797078,1.6965725185384524,1.498724429411216,0.9469375977946605,-0.09407726871980403,0.2973926221621085,0.44460923493383653,0.07788000503682578,-1.1225731371154481,1.3919757537960178,-0.47824178666084416
0.24460187071093487,-0.5179111290585318,0.9796330391537077,0.6179587862236345,0.5618502443751902,-0.33646011392762465,-1.0628464712947403,-1.1644781394314823,-0.191546259357236,-0.5583581863786182,-0.5390442973192761,-0.1697396474113557,-0.4989642797355939,-0.5556581641817432,-0.23898733520519894,-0.9455700823489618,-1.5931170261233338,-0.8302175326526331,-2.413927561359717,-2.7144873283205704,-1.3146935524613201,-0.1962596831817261
1.83765207508795,1.1382973489807966,0.21602319865919664,-0.09508406532099371,-0.1387719843933175,-0.8007360765750015,-0.7382257716073541,-0.7352998039078184,-0.5440876616699383,0.2535306068293291,0.5397645257024568,0.9864701688619001,0.22790454053094178,-0.43357497141261797,-0.9839345250578119,-0.7691942029782074,-0.2741098380003977,0.11427640174091713,1.247394018608436,1.7773774622339282,-3.295183129002485,-4.770500274844822
-0.6274361642996727,-0.5641309481722387,-0.9853731818242213,-0.11875845300674355,0.6143449988586742,0.951529449726838,1.3737416475958981,1.2777699735593973,0.5058299537342537,0.6341651660247339,0.3409953661292512,-0.775710785890928,-1.497080257064757,-1.3611283547085564,-0.4940456528070628,0.15388406277393407,1.2801021409819742,1.536242667630296,0.6512210104227968,0.8627586762258429,1.2167913329156508,0.45438356111386685
-0.17955511421758993,-0.9907373015768282,-0.5900865542203619,-1.5141217108301557,-1.0660394253323258,-0.7432755472255752,-0.1778285220661843,-1.2783920575468002,-1.817214379983496,-2.3382066538765103,-0.7879065162638224,-0.4598466575538853,-1.343381193762063,-0.768757046069797,-0.2505286526162801,0.33566836252889753,-0.46614172053477076,-0.5574386465656634,-0.17204603468540586,0.14094264480960497,5.951677127304002,0.7525657637343743
0.24895519912845687,1.1261379369778513,1.114231279228133,0.9497688467164286,1.0171680283536522,0.3014126119335637,-0.58600276558091,0.08771739538617944,-0.450722910042691,-0.2654804593589652,0.484355825183702,0.8876730154881266,1.802175862966912,2.9183066089439462,2.193924325919552,0.6844973517964074,0.2827184981198595,0.6423711660148842,0.8812731604441443,0.07045365250782928,1.1266859741337323,2.6358697826826547
0.9668761395046565,1.7650589485642703,1.9105999773681888,0.9822171256741914,0.9084372827937233,1.5524008158956024,2.0367131393360154,1.1754600751631747,1.0711954126235137,1.1407911511734303,1.5268832742626741,0.24327623195235082,-0.02785566637336757,-0.9331749059178737,-0.28267210920871916,-0.5409985660939568,-0.060703172960870445,-0.25492102881258044,-0.7320446053584023,-0.5469676132111111,-1.7194345245576417,-1.605696463747627
-1.016658437836374,-1.0933285648382847,-0.8269936295369968,-1.0180732234463648,-0.6806679443482426,-0.7480380796953192,-0.07574589001060507,-0.7997666937532523,-0.41178664992056496,-1.5082421093160479,-1.214783058949165,-0.683588572419927,-0.8886064391271904,-1.131559230762359,-0.83933429407605,-0.3415256237027029,-0.6777387370235803,-0.9121457822161749,-0.819377679134296,-0.09474954951587262,4.722967589105883,2.411163004458644
0.2698350615037927,-0.6343133471279613,-1.4870246040412625,-1.651277603097701,-1.0418841586796523,-0.19816249327057006,0.5159169431240255,-0.47674997789598855,-1.223590551208264,-1.0042760962546273,-1.4252310616127117,-0.7956700280494973,0.4503763824484709,0.015234456878351376,-0.3711613204754628,-0.32958134174469045,0.6648889774596427,0.26411896678661195,-0.39037617052566653,-0.4941139260244748,1.1654014709999767,0.9506429163351849
0.16959373377644246,-0.5087945940446899,-0.7967103632016448,-1.3646523769178636,-1.6114768467888967,0.08945813567668999,0.30882817233392973,-0.04172145180804278,1.064207414989088,1.6739501891944002,1.2288024541493252,0.8624592660044489,0.1742849706606829,-0.4488137251895899,-0.7250869759469483,-1.4471163255348267,-0.9187342351855698,0.13081668467401647,-1.1304040918393568,-1.7520425893495963,1.4214561151085587,-1.6167260968648685
0.39757158082503957,0.6482644085348663,0.3905472617133968,-0.6309238895848142,0.35635033570108415,0.07021011159502297,0.5988290017348379,0.8663004593242557,1.083021164651036,1.5953459807855703,2.042967002541136,1.0202609467369634,0.9628155785694962,1.3318134581020578,0.3987617676022095,0.8637141676180343,0.6489734716838755,0.24798359231022893,-0.007078154336756385,-0.8668426172292502,-3.992132657025803,-0.825670308326683
-0.5444035689630516,-0.07745990029533585,-0.15132068463399262,0.5590262229351123,-0.3001649870927619,-0.6002703835453033,-1.010004226337352,-1.1249217899315642,-1.248254022690742,-1.1748406943015042,0.06356144719277144,0.5811013312221924,-0.5233736037933954,-1.0520380768268767,-0.5988877448685493,0.021076790603313446,-0.028365839677181114,-0.35605309533363144,-0.7505771443324366,-0.7805793771707986,-2.5128773498414305,-0.11287588817824172
-0.8778493131745458,0.3344030294100078,0.5301056796596222,0.6590746555048246,1.1874564154270826,0.9185506776455189,0.8345099691506452,1.2249144021472873,1.7074465654223028,0.10349612938435865,0.08266765962194053,-0.5193169906028495,-0.2637808716828831,-0.3306515477681801,-0.05309796210547493,-0.5688342554968235,-0.7391169748064487,-0.7706235190313009,-1.0212517378361508,-1.0068894734824632,0.10562911057306068,0.7957419426109796
-0.48035942719108554,-0.9800224189594147,-1.5005488372615303,-0.551518459548008,0.19622004877802435,0.9260571792888007,0.7452191208007163,0.5919620942996363,0.21325049373713434,0.6986753559562275,0.7444176139393512,0.4636199947402284,-0.4102757917179293,-0.401699909836505,-1.3644091754568726,-1.259625292021545,-0.6863439216331502,-1.0707639302133378,0.37763665616762543,-0.10592074393875546,-2.801942692302742,-0.10528408342685773
-1.5661597601122494,-1.6257949854774467,-2.1333653598518527,-2.3789105751050177,-1.6720488427626004,-1.598820759791969,-0.22667263631659834,-0.6107127218131916,-0.19004572023079827,-0.6504790154719258,0.33712916062151765,0.6557272088346655,0.8864952637039231,0.18057337939440588,-0.5458882163807453,-0.3280905160485475,-0.31597500431245695,0.1454410255539241,0.06910810285298016,0.11628744812207235,-1.5215336555656602,0.9515151039976448
0.13457341389445227,0.7947224050074958,1.5189751810646228,2.1144985823931464,1.8047626305977906,0.7749195075309092,1.623718077917443,0.8797673391598806,1.024795212289179,0.4790272368821433,0.35053245186620496,0.6477185455515262,0.2499316096419892,0.47991909640664787,-0.06638799535836484,-0.022544796906645622,0.5745398266211793,-0.10014727350453159,-0.42636599912642914,0.116249024902148,-1.7096609503188867,0.4322299213869766
-0.5104088321319377,-0.7532446317813153,-1.0438020133088495,-0.5255879150665554,-0.8368460753521515,-0.43312932798308557,0.266058929851376,-0.2351487591156597,-0.21995080244986218,-0.04120700253634011,0.5522387452533758,0.0072415588897858305,-0.4964018052052697,-0.657066279606991,-0.4982221116035258,0.13217436460779064,0.5234772233660837,-0.408967751323703,-0.7770463676542984,-1.0583370820603342,1.3661764746865337,0.21453169155012577
0.5959404205512616,0.8602839944730928,1.12543282290247,1.4528864917692965,1.3471696232013344,0.5362499396566376,-0.14002882024718116,-0.17947039222839772,0.5515779000141752,-0.13531944435931367,1.2566118849115102,2.020445187175383,2.595117656006142,1.617304658253628,0.9705877505328407,0.5198832740501729,1.3583083469970416,1.459912451214122,1.9490554883752258,1.1804862509150458,-1.0877340883446704,1.5501003120223618
-1.2310182231475368,-1.2048428638068585,-0.8332846394819514,-0.3480838197616502,-0.19171342089235444,-0.47777943411053586,-0.019867610275068334,0.01268548314297696,-1.0151597194054511,-0.5727871413680159,0.4871199423552856,-0.4930527426226448,0.15268734731106307,-0.12850029720504524,-0.0030044408306096177,-0.03316055585846245,-0.26734935541852445,-0.53708899822703,-0.2408410026317892,-0.8766941527721825,4.320223047894941,0.9101534709093844
0.4154466917144156,0.007784298009745056,-0.629433709867175,-0.3004589654782394,-0.891492832759536,0.20898563948421184,0.34911363711295745,0.3360413452557904,0.24869135696204553,-0.2305945528490114,-0.36357682396061275,-1.2902156471428532,-1.4141812989365437,-1.2559328464900048,-0.8809725673648398,-1.3739993893668416,-1.436470408692292,-1.2070118152748948,-0.965109439241333,-0.766555791041315,1.295690294375213,-0.3073029158288264
-0.13642887301282255,0.28759613104258075,-0.18679673942437178,0.716475348061527,-0.4289811706921608,-0.476662020474419,-1.0943151012297982,-1.2689904375007024,0.02463689345675858,0.5046141748454017,-0.5261485239603122,0.5813611622696101,0.5688097029505482,0.08410131062598078,0.5095932925401105,0.9181785222337764,0.3949476072293196,-0.7600717294471965,-0.8829601812231618,-0.4090158027807533,1.0723069829887542,1.3540012087382916
-0.4248397430922285,0.006892800227433597,0.39364408996832434,0.3083865323199551,0.3399355863714769,0.15755977575370161,-0.18466155167632814,-0.28340366529887673,-0.5646489751223263,-0.38556359955096137,-0.2242735114283171,0.924024580435046,-0.24999683288258182,-1.0536508814802685,-2.4385632079640334,-1.8464352629568412,-2.6934635997326475,-2.3811961622360394,-1.6150562010368263,-1.576524126793797,5.944704731299666,2.6804009341712036
1.683240813182192,1.4150117826871107,0.7987444104382039,0.6028641996976704,-0.3343859548147298,0.6870009596548157,0.9637797441109354,1.3335809642372274,-0.04383706934371702,0.6418605762576081,0.2436603858111791,0.35678298239891065,0.13335292925913167,-0.1960421505112319,-0.49434019926802614,-0.8532195218624309,-0.42530583953541207,-0.8101253004158245,-1.4521648139952372,-1.0863124262508042,-2.1023448528229176,-2.0091547514006756
-0.7142268813826578,-0.023897639522954744,1.6197184767314055,2.3182075485487785,2.6608264561165975,1.054874712825036,1.7581710605809273,1.6033632272002147,1.6616317653349975,1.474816482726769,0.8852667763524618,0.9296916578314651,0.5280617439932574,1.0479833527139866,0.948944351306242,1.0623718485330107,1.1162872136511428,0.5562419868722349,0.5687357921240839,1.0762137829447547,4.37269293935044,2.325766652020904
1.1801878472181977,1.1175721550226259,0.7692410811403289,0.9689512925820766,0.4748349904558837,0.9005700857576843,1.06499051153376,1.2873091693934713,0.4519802378029983,0.6939476863238108,-0.008945639058451227,0.35132937629021355,0.946992523552718,1.6873997597813437,1.6788813342080626,1.7123126701433324,1.85506585936858,1.0752612879625352,1.3960137710956966,0.5713554071554664,0.36042295976148697,2.016298476822904
-0.8755628286805197,-0.8086906035678181,-0.13940379187581364,0.22194323031464253,-0.4344161040006861,-0.7390012251657043,-0.4444468730273815,-0.9598239721017595,-1.6953526881275296,-1.0515216441596127,-0.1737883596621205,-0.40809726248858436,-0.3679398181605547,0.468066132664051,0.5590110641100524,0.2170244878010502,0.02295511256757656,1.3685205899790132,0.8106562403960873,0.9209280430064618,-0.6181001503726711,0.5515328485049473
0.060564600511302615,-0.3427745505025055,-0.49769840209038657,-0.6239521617600167,-0.7255326619283406,0.38058361961,0.03494062619493586,0.12091100993595448,0.2231849919060123,0.47913472421616055,0.966929675556128,1.1798003960492758,0.03267527267293135,0.4301982246641721,-0.7070530184632866,-1.3299931037298534,-0.9655078917069163,-1.75260341199205,-0.3278401564184753,-0.6701077060636993,-4.384721624202818,-2.406550374919927
-0.5546809252204313,-0.7367376248849511,-1.049484003712186,-0.6742465763744316,-0.9642593482369778,-0.6128643412750623,-0.7428700744452633,-0.26082403267301973,0.5732237747492592,-0.02850063261059885,0.650994728621522,1.207361807768186,0.03485552111828635,0.186766363606484,-0.0707019227575932,0.8528430671569744,0.1331833814620555,0.006834044891022143,0.7507811506685896,0.7634127217601123,-1.0215988790305677,0.029178943662346173
0.3666161666336201,0.8732118320191533,-0.022772992189309695,-0.2632822141321128,0.4960878027865364,0.5319621891411769,0.3261555789530031,0.9625297015553304,-0.5146912607841798,-0.8114113949832134,-0.6572330134228058,-0.7431047336547589,-0.9622787021898912,-1.5456344273814782,-1.8696280803345144,-2.2373632755712864,-2.2193889740211556,-2.2853121516376884,-1.5684967886159829,-1.1969624584793168,1.5394608968114982,2.134494881013092
0.8706463376375576,1.2308645561869334,1.0199586824566227,0.9422567024845502,0.6574662860958049,1.0014591071232253,1.7312190641999528,1.800497834121611,1.1789217567285761,0.5438317203818345,0.7880078679478546,-0.12343432101097476,0.8276599095553594,1.1309919389537644,1.6046679167647255,0.6328172572793176,0.4873084694091742,0.7078646774988687,0.8069223992044148,0.7439240731359242,-2.092415375797887,1.027825860439259
0.8582999384771586,1.2463037995298185,1.7351143456122426,1.6871244248158241,2.4926700669904642,2.1064497089689938,1.8293618342559916,2.389542564226136,1.9098668287955636,2.0244414659831365,1.6461134079594062,1.372008615354846,0.9406297686334718,1.2655321119518315,1.3420861692714257,0.8009039367028196,0.7158605860819472,0.5367865647284861,-0.0003375128762782403,-0.7628989702657334,-1.0241869288029228,-0.003933271502260249
-1.3566817262738418,-0.9901991294269995,-0.9066120711285257,-0.23195481456061678,-0.7016763502217752,-0.9396818258752127,-0.2339389442925571,-0.7595825787528303,0.37760825979588697,-0.5078215622671455,0.4071813634822737,0.25149211461710047,-0.16108633024877173,-0.5907335621193616,-1.2266449811101503,-0.6070199937104475,1.026666712124403,1.3617940905592594,0.16896833841762945,1.3899340757323908,-0.85984150284773,-2.8334161773351374
0.5226967464908703,1.3504407482266019,1.5008360308828432,1.6617254353156508,2.0547439652307053,2.036341699498944,1.711530368455247,1.8563697448116927,1.9996143800722808,1.6839548024913713,1.5185063652850699,0.8001273064217104,-0.2436725912218152,-0.24795576961787014,0.570305922642815,-0.06785403943973835,-0.6713254558350841,0.14440075396258986,-0.03140021816914845,-0.07105489019215772,0.7729605834628493,-0.778504953261279
-0.7857192978852162,-0.7735264470300213,-0.4856900877968518,-0.056369798772179666,0.3414405311676724,-1.7951709603031494,-1.2567827500342423,-1.0674189712658357,-1.3533497309769142,-1.1351230726827808,-1.518680943661325,-1.5749253814432893,-2.455859828139215,-1.2190318332449177,-1.8912579058324197,-1.2980077056160477,-1.5125305630266122,-1.047926517257638,-1.3678494050606045,-0.9684793597548986,0.2533403083938286,0.7330971283686485
1.3393189323307162,1.3618741107663028,1.3629222785639534,0.6807456331857389,0.02225017086937642,0.6760233035107402,0.017011205560770726,0.9562402925143871,1.282505946889712,1.8167253854635725,1.973194868305923,2.5420957236542296,1.3274721955757283,1.9367844414509183,1.5212384232889617,1.8259178851693554,2.0297253572700438,1.2606765924614924,-0.1613005886511755,-0.31978899989591486,5.73565675458407,2.1463771261445173
2.2654367635364068,1.8264465120487583,1.6004631521638297,2.5773494352410626,2.391023103989714,1.7315962154306415,1.5746392959875748,0.8708138228773186,0.14665577325520202,1.2310800099705292,1.3147959960385969,1.7174517327416168,1.2386797132737635,0.28790872152018576,0.41045465727827624,1.3403769785641155,2.7061196100724416,2.4159866583467204,1.4847020743600827,1.0076132666392703,3.9055078282883584,1.335758824864814
1.9830301148542169,1.546659784771689,1.741101783539742,1.6701662144245875,1.0596241497127328,-0.12846952339035708,0.43181540451356787,0.8598299383912191,0.8504133985264355,1.3594408192122236,1.2134444773881299,2.364643202741456,1.9127689452019951,1.3221732669087463,1.1504433987447202,0.5637522584882534,-0.05621454195215953,-0.5420978744581774,-0.09439097464770398,0.5306672098726981,1.0438915597595804,-2.4475744334489704
0.44918150308559485,0.20377394171567056,-1.0029365290837617,-0.5651768700382115,-0.599080764427357,-0.0968718008096259,1.0020952576533426,0.24169833514227668,-0.1381330786277565,-0.0064173055858307675,-0.42496343631176403,-0.17964521770724542,-0.13336819853526521,-0.1643715241622828,-0.6375198132437625,-0.9893278072569872,-0.1673451304620912,-0.06595958716074758,-1.1516452363963727,-1.1715906257355622,2.239919338795714,0.3451474296766123
-1.51198192138375,-0.14551801718572663,0.05128656806659005,0.26246188441904283,-0.49869060376804597,-0.7505140561738254,-0.5657043702886778,-1.039587733027079,-0.015376051023858753,0.20254780606216358,0.5539277844412627,0.4863510466662176,0.6482021818293852,1.006639403225507,1.0275198165834005,0.999965978429202,0.6570291163331907,0.2444104152325589,1.4330302594236712,1.081647917908512,5.037747791656987,2.567476672046726
-0.6271628534329259,-0.5975392809787857,-1.104537021283434,-0.8033885170692595,-1.339676468294592,-1.1067683009982083,-1.0714129741902918,-1.1412759751226043,0.6289448296133225,0.22370760425822794,1.1898701526720243,0.6147627898606167,0.4198479055082304,1.1783663791175627,1.572506413916008,0.4006599978968993,0.1703066555801394,0.40011563002453177,0.7853403035110261,-0.3189800211960012,2.633742322910704,1.7851834065152141
0.6597570209749665,1.044539285044688,-0.17729098113483488,-0.41714425946563544,0.18044344922483502,0.4943727223581081,0.6390215033147769,0.5998301054741716,0.33391124063807714,1.0422021540532138,0.9911923966081747,1.1370593662477697,0.40800223637708305,1.2369458311315458,0.6496574376561332,0.5925727234688182,0.5019260171476599,0.09853416618369851,-0.21398137868915545,-0.5269456414568245,0.6315790439882502,-0.6093556770969576
0.6203888467787269,0.41638847775039867,0.5598935823636451,0.2623906533453123,0.6452292550853602,0.18600337317844431,0.1411649404111491,-0.054928750210548,0.37173625165075697,0.41537430424678934,-0.8050229479981281,-0.3649195497753822,0.08397642230548875,-0.9625943702012172,-0.7081035336612074,-0.1895173817652718,-0.3342596659001144,-0.17087163170068745,-0.8861504384203692,-0.9907423589799559,0.15556827864236214,0.3968654596259813
-0.5195676548526552,-1.278628047250857,-1.16195477088727,-1.4600003210885255,-0.1935554636805658,0.2810304090447005,-0.008184675910416786,-1.2881585423145174,-2.230102471299036,-1.5875259691698098,-2.6725943856543095,-1.796168004161218,-1.0252280518097008,-0.40074758083421663,0.6142519491986141,0.1626994151072146,0.2143301731837035,1.1264963709214517,1.7881394641111201,1.8534915042308548,-0.6167002041436962,-1.947090847979825
1.714577653086952,0.4475215446902302,0.09688914033977607,-0.47094486064796215,-0.6596565029423556,-1.264456366469886,0.05869461284363333,-0.02564932350164075,-0.6907633745103099,-1.3133178108632035,-1.2249962853549887,-0.8266105926958599,-2.3584892296250364,-1.6390590886055174,-1.5211361956339156,-2.4876519487883666,-1.8299331049250727,-1.0829324097180735,-0.28086502284919357,0.7319168886004189,-3.675393570912265,-2.111621764367629
-1.7139008373823468,-1.4453465416830762,-1.4669874661817848,-0.30963759364762483,-0.4326919519093761,-0.4981710331330212,-0.046959927933738536,0.7315868096784872,0.1819924964675461,0.8725115839162537,1.0704355844538067,0.7651866898797703,0.9627344890896753,0.5578046795495754,0.8154648067649595,-0.33696836418824905,-0.06036814070158203,-0.12860440109942906,0.21884867336711214,0.5734383499528002,0.002129951521100626,1.6193528907639387
1.3669763656947753,2.3035362043257206,0.7888145258088127,1.0632037551705475,1.4782293826131416,1.1510002741505327,0.8875070780959031,1.236912847724484,0.6525247517494372,2.14444775396881,2.224932577435864,2.0784594529045033,1.800577092067149,1.4349160917229675,0.4819650383811841,0.6333794882962401,0.0305410311823629,0.08745637855361402,0.851265536908072,1.3754150621880863,1.4273256516323476,-1.0865119225226179
-1.1231309430686451,-1.6343264737564722,-0.6252425282777824,0.6720898708569094,0.7823994592498714,0.6985015925888994,0.04462078569600672,0.5730931445679972,-0.7479122212639234,-0.7679561574060128,-1.312989531419141,-1.0950269738328224,-0.29687271215133026,0.07460351837832488,-0.5631340135606164,-0.36890011366467784,-1.1169252880753433,-0.47654817865887134,-1.0817650411599997,-0.39509703700687393,1.335911792503162,2.26621493743335
1.884564256517214,1.6925937873584553,1.3829165279074496,1.0965728937244787,0.24965118258886349,1.0791198454318944,0.679305433551395,0.06722091504077499,0.650796054927811,1.856728281992533,1.3946701849181138,0.8192465084298691,-0.5578847728535324,-0.15741466538049148,-1.1740656669411487,-0.653506181103871,-0.9755891318070032,-1.5476039164465214,-1.6461728033783576,-1.1578991601484312,-6.673018877450792,-4.395814012165591
1.7233967479963792,0.4081360300273528,1.3936800501077335,0.8062171234173616,0.720091739023655,-0.3144332447735563,-0.18148884000321786,0.13100439143335432,1.2125488293484534,1.355700142247791,0.9166578800642196,0.8270526291256369,1.1383754593439974,0.3511530528379176,-0.45531311904555477,-0.9362691331334648,-0.3698347909589517,-0.1347212201778673,0.3885481047347462,1.142078552294744,-2.322344516248312,-3.199210267680014
0.3980373314388404,-0.3878969855522702,-0.9416869585404041,-0.3203481923416192,-0.5853208507323817,0.14946597637963796,0.18876943726834927,0.8327635002301804,0.021506311239441713,1.2255199198090243,0.7335118168259935,0.701222330418347,0.5616831955413681,0.7075720430175321,1.5659573994526486,1.3396721482332674,0.49541442094405735,-0.5265898694673401,-0.9684874451931456,-0.557674796099931,1.213626373985102,-0.43292124787540875
1.9704765851315862,1.833290062978547,1.270024655105274,0.32121134431592135,-0.4287888258217152,-0.8128376197125503,-1.1080643996687378,-1.537518027108361,-1.717211083891322,-1.419788671223064,-1.4233610351338501,-0.7815753663608282,-0.24462979187063263,0.7777230648296732,1.275243550202885,1.244746300692757,1.6030818500403186,0.8297183251989684,-0.2895513585395758,-1.2288399203671176,0.5912203934318777,1.3284111407515562
0.29822858103125344,-0.14197457987438167,-0.6000303713153994,0.8262982266267406,0.3194426406868624,0.8788346699600341,0.8037531187158841,1.5756285270621708,0.5541121219120525,0.4023360889054197,0.26045287168836545,-1.262360471587465,-0.67269570845555,0.4235644798946978,0.8865314190619058,1.1287519686209022,1.0485120789145457,0.655360026432937,0.20137468200723949,-0.4409611161405589,-1.259619142917643,1.4144080212888392
0.7691909977348454,1.5423899543733526,0.3030034437505215,0.16282518482667124,-0.43440322537484466,-0.030325601252246977,-0.0829624655917548,0.3215394074057942,-0.4123235457418367,-1.5349900651313613,-1.1071587296700893,-1.6788905519352337,-1.744903864505626,-1.6672314076114445,-1.0747151681024476,-0.5539280094349625,-0.9290739007653402,-0.9969853419658012,-0.7432176456361048,-1.1819807034264214,2.0736976600331576,0.5946904733370536
0.39887874892326824,-0.008712982553327496,-0.4179034238307504,-0.18643807437208118,-0.19518939151505857,0.5310935742149998,0.863101043028957,0.24463707480589497,0.077930505394243,-0.7568019684939378,-0.9481279975363047,-0.9435369087061255,-1.7650107664210153,-0.8342689138447505,-0.10154962553976433,0.6013435160377856,0.023451013360588854,0.09003296656297141,-1.0230216408806598,-0.049865084064365545,-1.0061866620766386,0.6523590768409702
-1.7692851125343536,-1.8142512254945617,-3.0744753680633354,-2.456872236431865,-2.6496547531617507,-3.041312295385165,-2.2071240817455817,-2.238096486531575,-1.8082084394235305,-1.5969478980711491,-1.832463671828269,-1.095533433496422,-1.381021153533495,-0.3583109462362598,-0.44291341621638014,0.10640137982706126,-0.17287096517315956,-0.8736201785171224,-0.8555034064826368,-1.686290429615588,0.9368742113445663,3.431600074178164
-0.9232735983981056,-0.18279668539485633,0.7713891221723476,0.7245283057805609,0.4850240971115323,-0.03787161809090361,0.05495870842622454,-1.2286773615892403,-0.4819881914209997,-0.28875923884541654,0.17810553095419634,1.0255028057765265,1.5502371547037923,2.580325898993889,2.0378805826517103,1.933309193421113,0.795670316108415,-0.4780975075243699,-0.4820613128404002,-0.34514673337551144,2.76961900825185,2.295082730129046
-0.3789602985253419,0.43370795074797897,-1.2125907308976072,-0.7903015240925443,-1.3490105145335944,-2.2362779970194855,-1.8024319177951753,-1.7543617594268894,-1.7369658143830204,-0.2364113011461472,1.0571058486036766,-0.1439786740334081,0.6697190857502489,0.5864803066921801,0.3626930354489027,-0.48426593414076524,0.07974926552390228,0.19789167041354527,-0.4604266911469099,-0.2367448731505679,1.000577978213172,-0.6955500887020348
-0.025116865103949657,-0.14253189190873317,-0.672269703531379,-1.2149122752817028,-0.8314705771207935,-0.12059114446335752,0.35764745107506035,0.9193355202463482,0.37791665548733266,0.886774744313301,-0.2500015530491349,-1.066128197257963,0.6066126939743435,1.2000037912550763,1.4796337503813242,1.8509841062456474,1.9616175578232142,1.9243139343279951,0.3668103190090742,0.2164419615060069,6.887963792301582,4.129714806833887
0.44307378163398997,0.4919167314266369,0.20268884633074763,-0.05636959104123069,0.7052335837589473,0.2608733244285017,0.6210045394887215,0.45240908018211656,0.11281719342004862,0.21084130752919586,-0.2934921113580463,0.5069905818189826,-0.4311810781502286,-0.5794662491849453,0.05583014552910849,0.7491962763303465,0.5396947550924621,0.7065289077727182,-0.07337063568365483,-0.08831608815282803,-0.7223117002113899,0.571019434574602
-0.6308148258533318,-0.32714401824035594,-0.41454311306543484,-1.4121027079253736,-0.3746958676696779,-0.3013412152121367,-0.26462609132397286,-0.35740724215978786,-0.16544482727671225,-1.036987046579892,-0.6293855260120564,-0.2637635979806207,-0.8243562186468623,-1.9838722063917276,-1.7878939380061913,-1.506159948032605,-1.172082452098389,-1.1995675082798227,-1.0886010214538309,-0.23990651445402073,0.15697471733724244,1.2405632124993138
0.2555147806976603,0.9465893131552026,0.547744915610767,0.25800215938284493,0.055747621350714864,-0.6694670450947946,-1.047966009459262,-0.6782007443459098,-0.7629596953864933,-0.6276915026571886,-1.9236071341631567,-2.3739072851898273,-1.654593619935058,-2.307889230828119,-1.7618560247044617,-1.5999079700819303,-1.635987384898979,-0.9808207285543846,-1.3341258213178524,-1.0153140950122819,-0.5621165930560803,0.6638466276885191
-0.3043588040422917,0.9797285162376229,0.4249655650634606,-0.40270435487914225,-0.5496562504653089,-1.0726458860298052,-1.7079834224853316,-1.2329002042297184,-1.3698932795203198,-0.5447875298437432,-0.5115991927268767,0.43763452456566426,1.5675670793714482,1.1440090116901895,1.0709017983855695,0.5197871226646088,0.7170766778172389,-0.1446092162423633,0.2655110843401973,1.2496847669343276,4.25443238543752,1.344369647655269
0.28489888762428034,-0.18702447256394936,-0.7645925424341928,-0.9975516691500294,-1.841132421375695,-2.0597610641588413,-1.3968369320493175,-0.11808718573034002,-1.4918834653512376,-1.9948503555590436,-1.579162917392574,-1.2972611948595463,-0.3799346454968369,-0.28268728787443326,-0.493929496745514,-1.2501367202771858,-0.8861163003360464,-0.3931234002215637,-0.5094575346814326,0.2328674480527456,-2.7111751554887897,-1.3023873293630137
0.050898059075905396,0.1794055097686722,0.7533285309154671,0.9415830781795944,1.6229954352854623,0.9007918275597704,0.6676104812787729,-0.020432715811656354,-0.2191841497309414,0.2570166821456948,-0.7476944051283791,0.8154834570510182,0.3846148947961073,0.4991407831046008,1.388453376925394,0.8409408331070549,-0.32238245664248677,-0.3880762827142438,0.29845572987473645,-0.2469138005361805,1.0196555634991649,1.772897402328605
-0.15206088953976088,-1.0840005260470205,-0.6568833840081395,-0.583441288432932,0.43130325437380196,0.6116130489855885,0.8550289923269726,-0.1618771949351155,-0.5252334537236764,-0.6363213659834913,-0.5558113138922695,-1.7238199774468277,-1.1070678620631471,-1.7364022041796936,0.03729995263243568,1.4421057829309143,2.092978735253,0.9745828941353838,0.5545052395450333,0.03834537913298487,2.873527231381237,1.7763299544405236
0.4196609408303849,1.1801893744986873,1.679393764688461,1.3409999033207176,-0.12544186251247966,0.2511603387911513,-0.96538033239665,-0.8170063384914763,-0.9164632348522438,-1.2208418125426688,-1.0338795164878591,-0.6385383978588891,0.18159097449000836,-0.04844911960830056,0.04355307352426448,0.37024621520042666,-0.04609801700855416,-0.20363122884839643,-0.5343445629887865,-1.7608642960346828,-1.507533754025698,1.1998812931080303
1.2997892811514213,0.280085001716219,0.3768824124318999,-0.00031469340317574263,-0.46595275442038087,0.3336993736451853,0.6261754582969353,0.20313097978582245,-0.18141220547978715,-0.05601023927599804,-0.1518937407933013,-0.08572718926553483,-1.0106611035525128,-0.9158265022602508,-0.09578026446194876,-0.5690933064346652,0.4705407895966436,1.4334531934826444,1.2060056145389504,0.8144005246022702,-2.0948231531127717,-2.43998913087404
0.5903266672914266,1.4264563621881396,2.0087621514503127,1.1343040097867014,0.27750946010728134,0.27225474581151954,0.15849079317008843,0.1762279375205893,1.1043959718728125,0.7403571253522186,0.9204393466828358,1.4014939830345754,1.748517124128135,0.535966573153517,0.08053064401637211,0.6751923898034975,1.0194662864993376,-0.07560298869758507,0.6425649883710912,1.1948955429245298,0.9293666549782619,-0.3049840928329307
-0.671313208659334,0.2525139125733671,-0.09849391598772739,-0.2805568829741286,-0.6516314742698175,0.026357462173555748,-0.33129440547093986,0.257240699538881,0.3633178565880805,0.9438935260057311,1.2122622940122296,0.6349345486289915,0.7764590355860842,-0.2435285928684134,-1.3450913775100224,-1.1953360425503021,-1.3055209248231696,-1.347177852518809,0.20575840337247106,-0.18152517199796508,-1.1016342883315804,-0.9217449424434875
0.17379396962678595,0.8928684538281151,-0.3399918686441406,-1.0167082381742354,-0.1360068934013376,0.4447249223199249,-0.41403460677041615,0.08773298634368441,0.2364700653539176,0.7054435701489494,0.38191814305559163,0.7010570919631106,1.1065045459482077,0.9973654989009533,1.9350234356403129,2.0873171977340825,1.1429921437354222,1.0400082096235905,0.31016577661080535,0.7037196325572282,2.951970214381059,3.7555384815349147
0.18521568411859646,-0.3899481792740471,-0.023586491359720282,-0.24304705878641342,-0.12592924109754197,0.22926230092009878,0.9872002641136455,0.16531643013762098,1.0723298032143904,1.4623354001039564,2.034310464345758,2.5472979082828147,1.604759586492432,1.286398938668894,1.067259707964094,1.3139743073777073,0.7999351156940653,0.7156882370166165,1.0288058296077496,0.44845481776164375,-0.2680453588012943,1.7071274836158563
-0.755187281707752,-0.7743368290591007,-0.010191991501795354,0.8082173186103624,0.8228770323046549,0.5450579691987757,-0.09588497233629037,-1.1716999997933304,-1.4456423554371145,-1.0811750417809545,-1.5166878303418598,-0.7938499277425696,-1.1442024614538515,-0.9921536775381204,-0.6003400473769703,-0.1034745607135005,0.12012915405608898,0.6681302939378323,0.3050332366669832,1.7471921363044127,-0.1977717154333618,-2.3890155674949263
-0.13883153771418918,-0.08281715665978108,-0.14545113943531154,-0.7439596785769933,-1.7092728089563802,-1.3823422138600185,-1.6257333375649654,-1.494926334562156,-0.8905388001511835,-1.0920221793403289,-1.205884981269304,-0.7082963308707022,-1.2443727144429177,-1.5162355503505425,-1.045625853127383,0.25738614290710826,-0.20608181008903353,-0.15150350456108982,0.49677913182489114,0.9222803542917049,-3.69208934057367,-2.3526264910068875
-1.0895378364031605,-0.7231433677332063,-1.2067986078511628,-0.8925971490126191,-1.3781238715917334,-1.5734880477042932,-0.9363263198395697,-0.2677592109400014,-0.5483092882673997,-0.7341110077468647,-0.09828264355362346,0.7093244088211726,0.14708137471576238,-0.1711434239349664,-0.4113598595633622,-1.1249330460779332,-0.7182114247297643,-0.10781182133366554,-0.2045918543951409,0.4331051140451458,-1.209077498476197,-0.4178042523494892
-0.8416383445286507,-1.3463482528622075,-1.7928451183493337,-1.8431468136127456,-1.1678850010308897,-0.43427690473184316,0.21743366437591305,-0.5234005366770768,-0.7763681032453096,-0.004929267479690774,0.37200369057494664,-0.006540421134135533,0.14013809119792087,0.4151707506033264,0.8016616038807726,1.3013330251446003,0.7358958137752865,0.8118656188549539,0.8563336329577996,1.309911962238477,3.2708588751985097,2.085858873443532
0.5711205513025501,-0.011333479139296228,0.2635318028577558,0.2976703554103026,0.1646545437857971,-0.14836347544540113,1.397582172582368,1.2995557975366148,1.382957671543933,1.6965932021226477,1.0039864007291308,1.2525466925409747,0.9422110061226922,1.3124241618678854,1.0172817918384929,-0.035231432307257664,0.6891168128712047,0.25670676084822175,-0.33362224907106414,-0.3269606854692518,2.3426058194015646,-0.2469651398313374
-0.33697962370990825,0.8100178002139441,0.47923100353999865,0.6621178453939629,0.63918662650929,0.6490284986819395,0.8456688848215492,0.6945130177731366,0.8201605343504562,0.6089580418575155,0.8812350254569494,0.40650041975352824,-0.14088346141471297,-1.0125744015917173,-0.9521156250184794,-0.7473560235510328,-0.08685112804213713,-0.9406911673499948,-2.0058958820259902,-2.859969832747199,-2.267877312485738,-1.0394718766437168
-0.0617471327049142,0.9139168078995186,-0.06047647611948073,-0.5899702832210789,-0.5266140565364232,0.3481823997448061,1.3289812189332106,1.001507874483436,2.031658200805925,1.5153489114593894,0.9311199184883734,0.9479999929683098,0.6245215093178648,0.8957490761801346,-0.11571957377892145,0.961310758353127,1.440224522604588,1.2494815401244441,1.1387722240950362,1.2156005006950799,3.587493854561259,0.9382892920620471
1.2586678142914152,1.3491046942181464,0.9897823560037373,0.7065082022008163,-0.48604100482178786,-0.1705071672082333,-0.07213873879534709,-0.11475137139826118,1.044135992811577,0.6111422660346328,1.243777039579535,0.7834352935716512,0.6876941681110533,1.12761693723906,-0.27023829769950813,0.8559563518217853,0.5277142495956314,1.0645617458585066,0.5659832126007587,0.31868139777414434,-2.07688550609205,-1.5676197074444835
0.354823034522775,0.6165478049708368,1.5847598781331833,1.1486791142829387,0.9604297381418951,0.8666039587056101,-0.6817959817820609,-0.9541846302189874,-0.1973969818222055,-0.6341862340334369,-0.2496869275080755,-0.6304933125034546,0.7632849772979213,0.39937658366035067,-0.627711488567979,-0.24559192983313186,0.01059597604061695,-0.7867832127742078,1.1187591257765659,-0.04072421612139984,-0.8895351787221188,-0.5370133872544833
3.1616572336419475,2.222438199078064,2.062157847721601,2.699527212782598,2.914323613407713,2.8627689349731855,1.8991131962501084,0.4820589765974186,0.7895689980231463,1.6717290094536383,1.962943399646672,1.0693642273638257,1.0266117987370083,0.8050107305071822,0.13298007574661594,0.7013573321410803,0.44296622296703064,0.43952252977013256,-0.16002329409303828,0.11170818692885712,-7.651100834027272,-2.6213661890373934
-2.933814812524401,-3.185254812239982,-1.4618168854631919,-1.3636542509178768,-1.1006547486399352,0.4133126367519596,0.8464249675312291,0.007541781187479731,0.7516466889849575,0.04551052657889273,-0.3290347636314262,0.4017215381084845,1.0265758681609054,0.5701636452106745,0.44475611833669376,0.06979430963805199,-0.25350287016277945,-0.330396155548355,-0.6297884752314744,-0.28676245738603856,7.324149687340602,4.332439703503811
-1.0641866326282847,-0.428073229078937,-0.5579695272489622,0.8960303178148982,0.17860792402716788,-0.20672507943305501,-0.44900543624608197,-0.593851640393897,0.006557958226541701,-0.7261442177769327,-0.7424796944186389,0.513036684323137,0.33610071351713094,0.7401120026195178,1.3804701107632797,1.4721295438996675,1.2349845092095229,1.347830284549652,1.1412544127783044,1.4227384569733132,4.947509435168643,2.622173930305288
1.8176403905812186,0.9609122276815705,0.02912044585230732,-0.4435827412146247,-0.888493374895042,-0.765852832286197,-1.156343990037078,-1.4867363148483557,-1.0868262537955145,-0.11624527944247842,-0.2151468554689668,-0.8543964542774604,-0.5380074398420533,-0.18687220361408097,0.2809769223754468,-0.3181099223845161,-0.3246051206604374,-0.6064252007242276,0.0784547558350981,-0.3924323921271505,-4.310132934791794,-2.3213535965784917
1.3115620998630921,1.0339589629035622,0.6424377736666212,1.3420541363916774,0.38362104130999386,0.558570222032224,1.087220601215401,1.356687258623911,0.27931430826264,0.27703327216421025,0.6749891679811112,1.2785539470846081,0.8547554224545878,0.66260090913452,0.8096080392556014,2.1943369223587106,2.3255017834576206,1.8087997352271272,1.0489992564275354,1.3971318678668345,2.140451376244437,1.4773461435073678
0.6838151539949903,0.6195553790394421,0.6758519909819434,1.58184811811874,1.582039557833307,2.4383676258201508,2.405520954627458,1.6731895534204981,1.8356188169422756,2.827755210023728,2.5295676681517314,1.5539207613354313,2.193374906154951,2.131292034837193,0.9772378628789489,0.5619740491315399,-0.1301909581507339,-0.09271853892336686,-1.6677847599115376,-1.494990894680237,-2.3397609502655365,-3.2877672052215527
-0.6060543527950156,-0.9700772458633496,-0.8479451680727127,-0.9331914724043597,-0.6712596369942967,-0.03399587832542451,-0.9650289064416139,-1.1904741903089888,-1.5222486552085888,-1.3632448394816605,-0.4561385300266665,0.3983465522961069,0.24685970946593763,-0.15936010372538334,-0.35091969312715676,0.09227505827399263,0.5679431124568045,0.45975596834567545,0.8628235353148269,0.6096671619266308,-1.4821396183306172,-0.8122934753682421
0.2014816552891103,0.4870081160304268,1.073592650727844,0.34845968259323323,0.11695518542815342,0.017850162973162116,0.10307950633554823,0.6785573172053737,-0.21254376823091817,-0.12474746685333919,-0.13966714311329873,0.04370978979914077,0.037332625156565186,-0.19917622511670377,-0.1717098265261755,-0.17644143931259304,0.2054742400663892,0.23189631749238038,1.0273441130922993,0.856824067636881,1.9960756917385687,-0.7367388932646974
-1.4666384165211328,-0.8018873978822465,-0.47356206970466674,-0.4373099725778437,0.12587868892843165,-0.20761013557942123,-0.3457412040605302,-0.5204730204620027,-0.288075258224532,0.298406269616207,-0.06922767655257778,1.0679193883125544,0.8671549623759858,0.09569181728981126,-0.25847848856431355,-1.240573280499549,-0.49521380112074503,0.05909181690120501,0.33026702318023005,0.30735420730956353,-3.1460670116616183,0.6469768697207722
-1.3174758098591095,-0.5550936934496026,-1.0108741143939355,-1.5907915871885607,-0.34638277718079347,0.5991720675483316,-0.2842675783653283,0.3027208409206823,0.2527259425107268,0.4163170959186209,-0.48104543787781157,0.4312045696767909,0.31648805666669333,-0.13691195811327855,0.6057221387182585,-1.0234828778350211,-1.395859311403282,-0.9438496441739189,-0.7826455817909171,-0.32011397785851087,1.0792769572332184,1.6094573973585302
1.6332700636773103,1.890976744422973,2.3452599472306512,-0.2893199194555485,-0.7463012406063092,-0.021270927442415224,0.24395337521478974,0.8655607765386097,1.0620059426303088,2.0871177576679445,2.7187827291840008,3.524106484738289,2.8050036458734287,2.1779909022850514,1.8955275542074828,1.2049206450894876,0.3643403567635663,-0.47465389788437684,-0.4026780033604498,-0.22900360862915103,-4.573245394265233,-3.8567290037369637
-1.7315610064306015,-1.5722983401671804,-0.9903143399889125,-1.5728703711338035,-1.648485082705251,-1.2403413797175353,0.24176620326452578,0.4171286614586671,1.2821406917211962,1.389547420221263,0.6388424838231078,0.632712983396339,0.34181924223060595,0.5540818768464527,-0.9782518384297549,-0.7793408342892151,-0.9863700001530151,-1.5622070792276244,-0.8199132341565192,0.07659781455635883,-2.7935447602250227,1.3290861725649914
-1.275499373265707,-1.3957937574726536,0.386671654916522,-0.5619579160513223,-0.4666635847183714,-0.4596155625872164,-1.1221582967484398,-1.3073757360359033,-0.23274232483977209,-0.8905063903552654,0.6523159786136471,0.49437334673855665,0.3938992044033858,0.13592805406874373,0.7833866712126647,0.8507718702707565,1.2847783087946514,1.2101264147465765,1.1969986835035415,0.012255840628022412,4.882849301540569,2.741299388051704
-0.8993729817596923,-0.768556914153131,-1.417959166741528,0.1351017941061226,0.6445775270858327,0.7976392186878157,0.6222021751276351,0.6293278696038541,0.11832025572402957,-0.32287725732586325,0.23465991327955885,-0.7725111997493753,-0.9542628823494993,-0.6212980047276798,-0.4735415374405728,-0.40551620871092614,-0.41737099052318677,-0.07001996894764524,-0.05883880310355188,-1.2353106469645037,1.1673660240180612,0.979593964660666
-1.5658316956690466,-0.96131211988244,0.16611982131233546,-0.4163689857454561,-0.7731944410379303,-0.9555256264145574,-1.0622703602339036,-1.9182044354298289,-1.94990206167212,-1.8937606770510873,-1.7139138894298498,-0.5839557161534555,0.023262995074948407,1.102686037633058,1.6136785136151846,2.2143203086763656,2.482519397476519,1.1375068120950673,-0.30728642479271323,-0.41026291480071414,4.653301825991259,5.723408506522235
0.3643688478298435,0.32426814609511506,0.5601753559714239,0.6392589425513164,-0.03529636892180936,0.4489785690911734,0.6274535233133981,1.127479310216914,0.5124817189330608,0.2458647792485429,-0.3782795040416112,0.2460328302697719,-0.25262682280143256,0.5574024177583708,-0.3240239591075841,0.17244316408829188,-0.052346319098602434,-0.1566001581182575,0.8158724975980625,0.14384720172016838,2.2018361281517542,-0.038103117123113484
-0.7555885736331158,0.27557532767409,0.631163518938589,0.4138957935601013,0.1488249899284367,-0.8529391093891449,-0.3419428554902802,-0.5242024476148933,-0.2981158193269021,-0.09536179832211279,0.09285791676594002,-0.18617561268791416,-0.4021500725625313,0.541247674836195,2.140924478047158,2.361786073641801,2.808579446539948,0.8978298274856344,1.668226395619857,2.0490182663873613,7.885951379205961,4.123275883724401
0.006048304207528336,0.2410446351591769,-0.32834030033931527,-0.9043088388229736,-0.6228545592169499,-0.8103578845304672,-1.173019560121702,-0.8137329090346336,-1.5399780461080281,-0.8957686353454812,-0.8658101349288766,-0.1718949555884651,-0.3267152156125812,0.05566091118432573,-0.2773113694425201,-0.1599269738125739,-0.9225240700001076,-1.5388088618571516,-0.916313909961298,-1.121952525210053,4.960063966773663,0.9958232659502554
-0.5451216645680761,0.9555400165288821,0.38934898481521274,-0.11717899567707094,0.6914903798476602,1.141021713397376,0.9313919040204499,1.0970303286012963,0.6501220818775988,1.4978845170308035,1.7175266567787026,-0.22588738917003315,0.25755513268582936,-0.8760318880087059,-0.1888340200299055,-0.9907998208315937,-2.1157211804497322,-1.9068044592121858,-1.577198321819249,-1.8072413949342405,-4.786057800178458,-4.839435189568519
1.5811587988400142,1.3774971186349676,1.5314762833573936,2.05728329058539,1.9491919800845763,0.8493106417330413,0.5987656201478041,-0.30652587612329035,-0.8441248093518476,-0.9384839550365923,-0.6912448588860239,-0.18443905427814936,-1.003920223050164,-1.006202339296366,-0.4131840177866972,0.9964688596645604,1.4793129876532496,1.1425212027202196,0.4963990951237317,1.0345081342701563,-2.000015098665744,-2.6942397843036496
-0.8978697053375195,-0.8739501187372432,-0.9134179400328334,-0.2946354409088175,0.19869631884376115,-0.9115217131716429,-0.944922133037148,-1.3083485432677497,-1.7707930952032327,-0.03707773994555496,0.004600230448325086,0.7635051048629787,0.16928199810305425,-0.18480237052854964,-0.18340333526376562,-1.0855188786937144,-1.3418864611269545,-0.7334623742832952,-1.647733380569097,-1.6495322413018867,-2.797581235844196,0.16184981394501732
-0.0004854837790355337,0.12637241488614673,0.7803567870242594,0.801265578136254,1.0769797246440447,0.4979275031554173,-0.6325522808473689,-1.0718510800517431,-0.30470525010299915,-0.308346846613547,-0.28586958694457854,-0.6137762746761026,-0.4993387019855015,-0.9982300890527015,-0.8301731698227092,-0.6682084488941393,-1.26418979689908,-1.4270073694665515,-0.6829555270417079,0.11833828895055722,3.0929238925936864,0.26973589885384197
-0.20438001225806848,0.33733598938040066,0.011970507385465616,-0.8721243942827919,-1.5011600196647168,-1.6514334884611248,-1.7286425419260651,-1.1724426962910535,-1.1267176699737314,-0.761655611316012,-0.1002631350374082,-0.21448238782327947,-1.0782282143109638,-1.39446217577976,-0.7500580404195563,-0.39460699503155494,0.43835723219210143,1.4758693987310005,1.4968992606132354,1.1441183525455354,-5.197590247016641,-5.476666763251652
-1.1878594109092444,-0.8345633822693275,-0.8192613913445547,0.1728609985298266,-0.4171982080325994,-0.16937469800765576,-0.8329922131623749,-0.2593049558275701,-0.40902043174632513,-0.5021823653911603,-0.4836819107614127,0.30322862682348045,0.28096669089197013,-0.4405445718295,-0.8312688527666501,-0.7018361087492484,0.1356873291460604,0.5656168739950314,0.8587235657130201,1.354954313178849,-5.071999857954678,-2.1232791102913007
0.5616613631238607,0.0772685940443181,0.3115548645795007,1.7146205675072308,0.9291734932219712,-0.16073162938801644,-0.7689757889405272,-0.3269260771872658,0.16817813323395303,0.03953702769117033,0.5405090305960496,0.4916384942024625,0.7629163386318862,-0.57685657819128,-0.1834870179804219,-0.2502070104632159,-0.6520448723837469,0.1801956035241123,1.4261972266898324,0.6800283075267198,0.26370651182090765,-1.540150327623517
-0.921879874376472,-0.6335600174849562,-0.7632667946218045,0.24277945886611307,0.07475254587955688,1.053587922032533,0.25459775167709386,0.7279988073864353,0.5111434012507303,0.058265904902016885,0.8053795084820154,0.6557531101594143,-0.28867282071394446,0.12210429754840742,0.08974764047023123,0.46900938928419716,0.4394882885785798,1.5823653198754923,1.352892677196671,1.2352523304788519,-0.910666129313372,0.7655194161220309
0.17879883373515285,0.3091479246043873,0.46107003650211903,-0.13013092115308303,0.03018334508228712,-0.14342047954569767,-0.25851120112042364,-0.10557737998675276,0.1587490034516489,0.44197404655063804,1.0545890415630104,1.1302921619745845,1.0125171042392098,-0.07507314878926018,0.10447190723994368,0.22440174577046917,0.301279302374123,-0.6472054774411645,-0.7194468539759727,-1.7889386667027716,-0.7185334529218611,-1.5256279699739093
0.3124701553137422,-1.1941818636872157,-2.336896150534561,-2.633828873908962,-2.828450594000624,-2.567341263260937,-3.1170063615007657,-2.2923426600504055,-1.8548201990733453,-1.8008097719215208,-2.239105697998691,-2.3818439708824495,-1.1255047038467265,-1.825864279166436,-1.862375174372577,-0.8689162117453317,0.5185612786216176,0.7970648239792083,0.38307931521352095,0.2642168628345819,-9.635195210977766,-10.131769577605398
-1.0790904956528473,-1.5127484004862775,-1.0556752550879556,-0.4107915050560343,-0.48432077024653797,-0.42497317619126085,0.3927277599450721,0.3624208251792967,0.9539903278008562,1.0904381915114196,1.2854058896104883,1.4372268514700433,1.0772506796309083,2.366860053924516,1.8489656575278846,1.2719706742663184,0.19190639317870964,-0.10057682502041097,-0.2902314742067911,-0.017320178617729127,1.5298272488653193,1.4259479433988531
0.15802194942308084,-1.2388058208036015,0.5016063424750535,0.24958679621233795,0.36420868822521635,0.6539467804623582,0.5084754436143675,0.5413410895020242,0.970131306923966,0.8651498218617704,1.5736952699606679,1.3452851483293207,0.841130676398383,1.1673519889312125,1.1820943174156588,0.9114529333126378,0.0750112701445926,0.5214420187683914,0.45326873756045816,0.08965326539382991,-0.4437304990513554,0.9791334599953746
-0.8893682482172335,0.05023630784174565,1.063330838764351,0.7721202589488162,-0.20072279830673723,0.4675475043326957,0.9502261399699663,0.7240853691353039,0.10156862781156134,0.949885008580005,1.2508536753978312,1.2011693103562369,1.7301093718151122,1.3101800751156358,0.3648956216532147,0.45232745993793433,0.36637534771381763,1.261753160914185,0.7455356744689053,0.56181392749017,4.781335545372565,2.6662821068928007
0.5833442961453935,-0.6497027391570886,-0.2897202391884358,-0.4109826137366879,-0.33553413160266055,0.15548059517817264,-0.99261107621672,-0.5308137182975169,-1.5087860374312936,-1.0118881587601414,-1.2449268574069605,-1.714863682999186,-0.9244396475524668,-0.5182450983386881,-0.6804921902745811,-1.239529174921642,-1.5524489042623482,-0.5279500735503062,0.33710353051590736,0.9569653675723411,-1.4180987689449556,-2.034850143869209
0.09755145421591283,-0.021208120100044688,-1.4094412883655791,-1.8137037001429097,-0.8563425792714937,-0.4567275701373023,0.09016153997802383,0.4820509960028333,0.7410945931804133,0.12836150659085885,-0.18093065915825385,-0.7840399270777662,-0.4206247112318764,-0.7663156717942765,-0.3348056736371337,-0.13915021631267088,-0.5502037320621175,-0.4737328911900191,-0.7278317343149643,-0.84211485741186,0.15676587318900329,0.17766339855284588
0.6033866859744718,0.12914304622578954,-0.9724564498707183,-1.7127544577352702,-0.6550660681001446,-0.40526632607167806,-0.3014046963883497,0.48416168734560217,1.0995564737500025,0.8240906309427525,0.5829675314937885,0.6834104969513384,0.2569410647438453,1.058795215992659,1.8954244469669865,1.8026631706716458,2.1221294804665902,1.689092414278483,-0.19418736692262312,0.5539329103682272,2.203496785834243,3.823550208479951
0.6829909312539763,-0.11963129684922576,0.5494176390471583,1.5483359459604356,0.5651025089008471,0.8374696930509549,1.2540397650826736,1.2842975195914699,0.04067959395021001,-0.7245148658210759,-1.3177216361582647,-2.3846117618941762,-1.5562865053745092,-1.9694893598595185,-1.9300471109473198,-2.3765404170675084,-0.5849115142785132,-0.6850687371884986,-0.62941586146526,-0.05985321694857466,-0.012761219850361494,0.6657256372891052
-0.1456915586954942,-0.695802610265607,-0.7716440116522908,-1.2592257612213038,-0.39226176252398565,-0.00587554237686985,0.38232132107829464,1.436275203381359,1.0686164915252419,0.49128125736616907,1.870048747844373,2.158481448636965,0.8608605703810558,-0.2957529808559077,-0.6443555298413396,-0.5959197596910688,0.1123097246188369,0.41092967692544363,0.30146811782223065,-0.01812323732471236,0.08310099601123166,-0.7398176325852484
0.03299682211399254,-0.6712372579700067,-0.02183969083916714,-0.02354300762938202,-0.36740482716783396,0.0913637135520853,-1.0780308491785797,-1.9075984383169926,-1.8354945551590975,-2.073378374798389,-2.3835324862141984,-1.9199541622261942,-0.7312214111714532,-1.0787798998190825,-2.3136931256352553,-2.8012758220678586,-2.984257433297902,-2.8971285966555356,-2.4431919203531676,-1.5165777920352395,11.20572086143644,7.222973364498601
-0.46242015608728826,0.7951598751616905,-0.1754216494259402,-1.0756455108262715,-0.5926037150944535,-0.18303186182339046,-0.41337976900592777,-1.0347221585681776,-0.16090398660310873,0.07781875999813598,0.4538061465973093,-0.2414257867908249,0.2885997103924425,0.7923632017781376,1.4316217481786029,0.39619999464531147,0.3237524902336073,0.29001844491122064,-0.3561511623671682,0.8451009577053082,2.083144012013148,1.6041688568819703
-0.6762658963164934,0.03783645015465716,-0.4165712826568987,-1.3181594563974728,-2.2695871425102245,-3.027366233407642,-1.7495200189901907,-1.4137084379816884,-2.2502097983276053,-1.4674870148747337,-1.3418121431043544,-1.0673282000439617,-0.7987864883700898,-0.44271480694729504,-1.0099365528182827,-1.762604629675158,-2.6514661225644347,-1.7438777267300172,-0.5575325989885596,-0.08782326338209638,-1.6439711448383885,1.5509953385371857
-0.4995539556594176,0.05320286851706377,-0.8764279889861231,-0.27301620769974805,-1.160389428932173,-1.1288189356335936,-1.71846735990828,-1.202609356226662,-1.3121791645198004,-0.04234194236808688,0.2696660199660016,-0.47652530232659324,-0.296830233702653,-0.00910909559778899,0.1537540857369897,0.5355776592632694,0.9498024881826408,1.1753419034865356,1.735789052121474,0.8763106546207948,-2.575479100764948,-1.194834150321125
-0.8891364525053178,0.298477465530647,0.08730968234432177,0.37727415966686323,-0.027392019714587802,-0.1849768983671722,-0.259294990632695,-0.502224528830411,-1.17477789837216,-0.22609010898725435,-1.2288257165201988,-0.6124896608544785,-0.14582166179905998,0.041974011744879934,-0.12793435166392053,0.046504389545131496,0.669209372994044,0.6948049746806935,1.0642028661456011,1.125605286482907,-0.9347341205901849,-0.5973424132966333
1.1930166125456825,1.158595140325994,1.277201025122626,0.842509791943914,0.2693606412769789,-0.8635173479539933,-0.6428563791905185,-0.7351621702726395,-1.0930559537739493,-1.1431498745053124,-1.2113771955595791,-1.1317203108161433,-0.2090191762813776,-0.3422658835231879,-0.3918852280872193,0.2638072652841128,0.7233342046151269,0.667714764104953,0.09645819294531907,0.010091032025249073,-0.6078834228973253,-2.214886362542591
0.80764173126861,0.19674780787167398,0.13506126713380537,0.37272282699867176,0.22479892736122115,-0.1656734803615067,-0.6710094713668232,-1.416138948428184,-0.7835372692658601,0.1570632825568287,1.1821527234827611,1.0960100972609546,-0.2907206967589717,-0.9301955942054577,-1.460896664404629,-1.603219181764442,-0.752128855917521,0.24274978543683995,-0.8478382496483065,-0.8673137059975781,-3.90080438185868,-3.887576152634272
-0.8588152498365963,-0.20573218837491716,-0.6996322808477032,-0.323582719247498,-0.04046544596487489,-0.6145658907394129,0.04222857600707181,0.6434278118151598,0.6655889672626604,0.10016558089121085,0.45789316055589413,0.10069944320463249,0.5805255289955104,-0.45364495244815184,0.8123580830506341,1.1743816978050687,-0.15905034685009356,-0.3916879717351253,-1.005962171278114,-0.12762469998815376,1.1452781400424235,1.74415976800754
-0.2703443166252776,0.5961972589194747,0.3579597243329199,1.0028706690610196,0.08728870281995173,0.7868834253935131,0.30325157502096095,-0.5556494253010354,-0.2184792123606126,-0.2532064922353311,0.4833207528861517,0.35332012141141966,0.6319460901325271,1.1395181673043435,-0.1335174078115211,-0.6041850718931282,0.2624361385852897,1.102868524195929,0.7873506548766552,1.0128621295274904,-4.9603675863228425,-0.794565230378708
-1.1426496946487832,-0.6173782247029289,-0.08617531430107295,0.3054838372991394,-0.1954325867809271,-0.309259470304769,-0.8909409369348281,-1.0505454124423068,-0.636390381828783,-1.6716298437583839,-2.5279531127823556,-2.187206443206054,-2.9943314620121684,-2.3401686651600455,-2.4161540066896494,-1.448619353440132,-1.7625298365834206,-1.994186189707884,-2.1143902201670133,-1.1510503021870808,6.429100457051152,6.2754216865128
1.0964353987255868,0.2686217291345855,0.13930199117441833,1.0330656281271575,0.33318764510918186,0.4797113871510265,0.709650670111862,-0.7203260258844328,-0.7949889071499208,-0.2891418859366897,-0.3893637680194713,-0.0018558736361689724,-0.5800193611514494,-0.22115567488145635,1.0108434395322998,1.8409072028904334,1.540171488654407,3.180674462424732,1.724370347114525,0.3949752236187741,2.7811292607853972,2.42641856143838
-1.1546011995626202,-0.5645159977040453,-1.022247284056674,-0.9488097943988268,-1.1513520776787947,-0.458563931025589,-0.7290957281536629,0.011322959068489966,-0.11375328333284754,-0.39296803289887516,-0.8752521042307074,-1.1837282126458977,-0.7620611287414569,-0.7971484063053103,-1.2100771255533442,-1.7357681026736844,-1.7057432737433076,-1.3270358893033323,-0.8803487580842131,-1.2538495509584646,2.068214798977612,1.6635393521470712
-1.9264855887966366,-2.068209334166037,-1.288499888884188,-1.066099859701987,-1.7004179073540076,-0.45590178664201103,0.6533795476610355,1.1784635202961828,0.990029604123504,0.8720377845596871,0.045336500320097506,-0.7538828163068041,-0.3548523274269096,-0.3498625876052438,-0.9077930456872985,-1.5853726127247754,-2.0079526250626003,-1.0146731364950234,-1.5971029523190012,-1.1850228849461055,2.403926987011364,1.7581366919624237
-2.52875595176547,-2.2459160445543467,-1.211084794389989,-2.1132731958204403,-1.9976347883717225,-1.0685706418019867,-0.31305574690410454,0.07249170933012866,-0.27871486963673725,-0.359821019930285,-1.0991173582358607,-1.6747767281700001,-1.4297777097476356,-0.4792081435457474,-0.22826264330503257,-0.5752061270827843,-0.8986679418302457,-1.0553543234559613,0.7340184953684632,1.7393916255335677,4.63555262198252,3.065110061694138
0.4791841413978705,0.639192782282194,-0.31161926869408835,-0.08462407406627936,-0.18724244993227623,-0.22831711535802365,0.7343942596914611,1.1886201438693722,0.32639516027582954,-0.8246884774657518,-0.14489049727679276,-1.1555127209392952,-2.489518294393339,-2.4305699860209176,-2.4034238857482264,-0.6014463004100156,-1.522382203686679,-1.7401370481033844,-1.591326913305203,-1.16308311529356,1.0769452346668502,1.8907357099630329
1.1806925702730127,0.5004408558041992,0.7648123062529257,0.2013682171402911,-0.3465315581918187,-0.28319715332170753,0.25351651994547014,0.32417663706266475,0.535763603853853,0.573061387042379,0.8524231978885508,1.361705766873072,1.2649792119947854,0.9073342150395248,-0.4748087618347998,0.11570958640828727,0.2224460263658777,0.015975985793015696,0.5064223530632362,0.7799412437239293,-2.128938683092788,-1.766410962847038
-0.9844087447779529,-0.9028518940137874,-0.7108477001703499,-0.3951264554063755,-1.8346083634928756,-1.1092359654130073,-0.37478342004847975,-0.1784112618487688,-1.0367947246504465,0.3086308678949462,-0.5482217381526922,-1.0632295180358204,-0.29758355713277057,-0.34615876426105396,0.3684836598167791,0.38194416684129884,0.622595971250884,-0.5995507982528447,0.9964518949667602,0.4672549093893488,0.7676888740436967,1.8069096143688652
0.12092254814449174,-1.522157104549186,-0.556852271804013,-0.44500897692698704,-0.7825081059064883,-1.5234367227467442,-1.5251067594495142,-1.6053160262295871,-1.100252985700782,-0.8734641535973208,-1.3833028529872615,-0.8463674478901289,-0.5572719078725088,-0.5000328906033358,-0.41811946753471907,0.497691561213818,-1.0294927943566043,-0.5277954059532437,0.44402970708236716,0.5454065701241098,2.5430549234775386,-0.2582576899202136
-0.4854682320463416,-0.8544018642457821,-2.232983719730097,-2.6465961737154524,-2.927758254489389,-2.4445996763342626,-2.31672203671531,-1.9715520870887906,-1.8322531932826844,-2.1468297250545576,-2.0948624517436296,-1.3959297355652327,-0.7783387790146937,-0.7548080536035349,-1.1038615736626471,-1.4244110746827912,-1.1983506530310792,-0.09587153651200223,0.724728111041407,1.192881063421544,-4.182793876698546,-4.374917285359426
-0.5535724220006354,-0.7792816531292692,-0.3833883224942907,-0.590897461230172,-0.19876599736541867,0.29873140060755105,0.014743604856731153,0.20219120625825096,-1.1378607823852105,-0.2866400472076546,0.3987158030137615,0.22635978299118292,0.20145110383023979,0.37723123483076204,0.09845713353488787,0.20191946654233195,0.9658487182515686,-0.10983576804684772,0.6368242850851596,0.368103733786157,0.09257263835657481,0.47363408854768035
0.8464314330712885,1.5091896333582115,1.1686312082553239,0.6009575702061141,0.3903463596892721,0.038857296371084794,-0.2850940614831614,-1.0826639618925804,-0.736963936494062,-0.7191896934122722,-1.7556917563571566,-0.41625616190475867,0.16148257051465473,0.8774505610507892,0.007196963232501852,0.0012817337497080538,-0.35008797211910775,0.7062637275530242,0.20214332919303535,-0.2467410615487097,-0.7110873736612172,-0.7687969128032627
-1.7295671196587077,-2.687634307140285,-2.5196839768596324,-1.8235143286928297,-1.211749312971348,-0.5038482453471719,0.7684289545626729,0.5508698993912886,1.2298777989733447,-0.6200284617540198,-1.0879901392932274,0.11359486553562528,0.20374826351094888,0.9132821023243711,0.45868552667690876,-0.6069469764684182,-0.88915130650583,-0.6663672495211453,-0.32115634505163704,-0.2565216269854025,4.565661115240912,3.0528350071184978
0.34414455443067204,1.2116747999646997,1.1011757424480453,0.29526096588750966,-0.2990047109569718,0.4954528121008805,0.3746597146431363,0.38343134870885487,-0.16566617257769797,-1.9229723886912682,-2.0190887181701056,-2.033091421682645,-1.6015795646969755,-1.3075203518891496,-1.4892026237387703,-0.4096345596022446,0.2694301889536486,0.927697790470171,0.32119903723175525,0.12501396287510672,-2.47717940412472,-3.0449740891672534
0.44137169811522386,0.13863622509994092,0.6537979172202288,0.5673709152272409,0.2662587469543003,-0.08601380407931343,-0.18892821594372303,-0.5531843654506388,-0.24336251726329766,0.31351827189264125,0.7253243547622312,0.0416307079946446,0.2754864232272362,0.21762614588666154,0.7342951695808911,0.5402807347691999,0.9557407390386541,0.36428888509942925,-0.10558387670123348,-0.9636905421799016,-1.4126851252099721,0.32510753486773236
-0.07315750006589047,0.4860876126353252,-0.37385936076258436,-0.4474054496891768,-0.6627003073411116,-1.2303235659419842,-1.332499563088934,-0.5224954112664827,-0.4467823238456218,-0.4259081454296819,-0.4708341734790116,0.29676128526378515,0.1084422978423838,0.5106426767634548,0.15016844461990736,0.815218363437186,0.9950833010564328,1.2784398724597887,1.6623457578127383,1.116890168005439,-3.2343184702672776,-2.014442445710258
-1.0292592048276812,-0.45717619932367387,-0.7239863048358401,-0.5297546326675914,-0.2902364874332087,-0.040732373679978666,-0.6280133674121086,-0.37429086234547587,-0.3492999564262536,-0.24690482170008152,0.6490023698076214,1.2297371378160662,1.528387287863831,1.4879798732857974,1.7995912640740916,0.7951084829205278,0.7502288979790915,0.9928366452568876,1.0095790658558186,1.8506466149198506,5.403967686652981,3.709611922831936
-0.2273392294935757,-0.15280965273208416,-0.9519090396199882,0.10564522476077723,0.1629867758558005,0.47497387419056447,0.16027965268011948,-1.015498317829715,-0.7251401430121057,-1.082313433106425,-0.2590119314394854,0.5107279076766479,0.39314286128842174,1.146301429257903,0.9094975926944099,1.2505629596703594,1.6078527664447584,1.474089039073197,1.4527538481794395,1.9058103476762165,1.946599494562948,0.6041319236912464
0.28864389898606674,0.4162741580507804,0.10664391267859999,0.6504026016714177,0.49716922083404724,0.721570240009698,0.059998874379873515,-0.6782418253046264,0.7537135903200908,0.46563979017445406,0.5756977559461937,1.0351131155381281,1.0885498740707056,1.7508639062420526,0.9933256161217501,1.3233227532534946,0.3139602009079984,0.22929716762151936,0.2672264696019052,0.11082695996381481,2.322568899335878,0.8657861244703702
0.9797111861427819,0.5406343329472758,0.4174269146826873,-0.36282766476832945,-0.44473816671630356,-0.8807302406457338,-0.5009067414201908,-1.6861957779533736,-1.9197921843008627,-2.410123871888667,-1.4245518523708174,-0.828844007679621,-0.6298727023335372,-0.5480543952131178,-0.37084954343400006,-0.7549150425291008,-0.32935438532025846,0.9306930826874478,1.3229460785677751,0.9492712759023503,-4.697498394723219,-4.11413373784662
-0.22554132412227054,-0.03137204483008174,0.03196255416236737,-0.029215129827127973,-0.16856804602820308,-0.3018993535818314,-0.9827987697129412,-1.0140040021752046,-0.5035910018969341,-0.7696599671278348,0.48949934458888633,0.7137067859248933,1.3487401091898839,0.6238453355358788,0.2203669466022916,-0.3560046575946826,-0.41805220091001355,-1.8856676090653586,-0.792985411024469,-0.8204681498118572,-1.9671413738141106,-1.2472166645161964
0.39509198433304493,0.4942655503418617,0.5639697499271444,-0.7907724684780228,-0.5418208788457853,-0.2419587035414266,-0.5716884658189169,-0.3134206520322634,-0.36251247936220077,-1.139603506661762,-0.389149719255264,-0.7247507395206484,-1.4398991927255542,-0.9152188963222166,-0.1459965420273524,0.17011215673534524,0.25806169251569294,-0.5063853064542828,-0.30358499249863613,0.7253016855807082,1.0636156978416067,-0.7630024190510779
-0.2134597904889913,-0.7081362280727236,-0.2585598134564895,-0.7850287510678079,-1.6303802272727244,-0.649083506625277,-0.8421389978991976,-1.1554048949293445,-1.6322556131653398,-1.4717874049174664,-1.4140100042240837,-1.2103365402613462,-0.9176748770046285,-1.0555800308425127,-1.3182200207786987,-0.5811255522706753,0.17592428850873335,0.6316964756203742,-0.0810329346583452,-0.4751053335732887,-0.8083010455525261,-2.3356416092440417
0.612567929609518,0.4346282917902766,0.016088473254346997,-0.8770254169239197,-0.45463066572304695,-0.1399999671523089,-0.4909411478579468,-0.9699587348806434,-1.7848408661685393,-1.6025209541300398,-2.165466732104919,-0.6719297273091657,-0.18199057111599373,-0.4650047690173363,-0.8480395730731791,-0.5041520485205476,0.9483754893713601,0.8389243131097832,-0.47280929133196825,-1.5469589797305654,-0.23767350450020722,-0.2822249720763902
0.5424483231013825,0.6843581991929711,-0.1319021339315,-0.6988031746346928,-0.6417964535485886,-0.49530229215070004,0.015268567807888185,-0.33610273498363713,0.2244463499988409,0.7220967095098172,0.9448233010400104,0.15045767422344153,0.4649794344603585,0.2068946964158234,0.09090904940936273,-0.0827949538209762,0.4789110301967915,1.1596648376696699,0.13084697184115993,-0.1601215172806273,-1.291595255677932,-0.2379086191166196
0.2993193993225593,-0.016421890369551762,0.025986265685718463,-0.30323381962331303,0.3307541217244668,-0.2580769750376548,-0.44310160500883694,0.3281834144480421,0.04875374662341036,0.1786818980301756,-0.10982479475340316,-0.04003159883420806,0.3224418899577005,0.9591422554631581,1.3621892922159209,1.7955149222172766,1.895541013431303,3.0979393631344787,1.756390006825814,1.1412272769504275,3.3984390441323544,2.4291574471562347
1.5509055523395614,1.4274001699771395,2.2743850145354565,0.7432530115863117,0.89829852947551,-0.24798393774388033,-0.6601777273673431,-0.5294396555664654,-0.3899703213957908,-1.4727129284381195,-1.5268345875594416,-1.9670817558506304,-1.0644460737823334,-1.1345415348532653,-1.0886573975017,-0.6893377617148879,-0.028102767741328197,0.8501332937022008,0.6599857447536439,0.8829131138496206,-2.1469808165069404,-6.229162038529233
-0.8077573026410062,-0.670215640996894,-1.2221387415253306,-0.39614607460521245,-0.151809598956335,0.9709522181289625,0.9153383526228562,1.6073463760457198,0.6510169229728454,0.03521378820299309,-0.5335665422131852,1.0787646991239443,0.8035056168918862,0.6184925742152516,0.0795305145812705,-0.36706450759239834,0.6529771084369171,1.077883945558708,0.7280780233306579,0.9709101318340376,-1.1401975409478748,0.6562964435726335
-0.2975733159664546,-0.8325051233283296,-0.6724202333664581,-0.5978874161202732,0.5315930032622816,0.8641664583146192,1.312869889737336,0.7645761959287166,0.729313511959018,0.040950392488680716,0.05333605737003428,0.4922939500786706,0.525312504503723,0.13147641939297686,0.7045350033261895,0.6281068025521225,0.6795909987143267,1.050771935167277,1.6068968440539542,0.800709984121378,0.7506255924463119,2.0613750597786535
1.0114280983471844,1.108191061173137,0.9107284031099426,-0.44361118739895317,-0.5765810600354427,-0.2989602500008822,0.38145460814958687,0.013281450812872983,-0.6878386458400009,0.20614214802607406,0.6135159116015263,0.32836591366325846,1.389022894197481,1.2922409769862033,1.662252214843944,1.429272174275687,0.3665376259057106,1.4834213530233382,-0.7729507271641782,-0.3371440565433377,7.913323050768126,3.405407609112511
-1.1188282570301398,0.4696697484323387,0.9932054017905072,2.3613802755474653,1.618958002473694,1.6614442950541017,1.7057957010796203,1.498606783465111,0.6361026392064942,1.3225919540137843,1.1956455389846938,1.6349242635158325,0.44090873741663933,-0.2513961115233163,-0.9097368547475719,0.13037917121217207,0.1767624726778266,1.1001799336814528,1.4521919404272434,1.7585310905254319,1.3084157546158226,1.3136373901175
-0.9119715126138321,-2.120625404641728,-1.9556956327160937,-2.4893431584973276,-1.5883775220263956,-0.6467283140598301,-0.4493390339861894,-1.2096269689144452,-0.562597042635788,-0.13435814758122192,0.25446486450655526,0.24881490523173314,0.8889659327826511,0.6895096174593437,1.0381611747779436,0.6431357765652043,0.8642175727047191,0.7567995593068056,0.6231094535628826,0.4021707222670109,3.920275511738338,2.4701528323042328
-1.8412441940806217,-1.6700386304994006,-0.32277656292694584,-0.9014396796608687,-0.4046642057859199,-0.5381852612633798,0.26915052999177097,0.2091546140858171,0.3447194157275056,0.7699282539829444,0.07179792371253645,-0.8325606818634896,-1.2274888369276746,-1.1809652348124557,-0.8355591852413993,-0.4118158611888129,-0.31909518494135575,0.25176793679185167,1.7247935952107238,1.5328275840050296,-0.12773503004574366,0.271755754574023
1.3047240125529758,2.1106781624636053,0.6432979291098908,-0.17730184284425668,-0.5681515534742727,0.3038427845458917,0.08030124606521767,-0.6101289657326182,-1.3065607158876256,-0.7759684033266497,0.1794291269117699,-0.25800318790648574,-0.3059554156170502,-0.9751185823724438,-1.398783721066629,-0.9647516329350018,-0.6716354166000422,-0.38420593835614897,-1.2581522545417865,-1.6235846599232104,1.1758735025316287,-1.8392141299571108
0.16745017101782003,-0.32354490952190174,0.13466210762896003,-0.22101403364737893,-1.1553444300462326,-1.2311474313556356,-0.5201827283625691,-0.11410417587344053,0.6343785399665904,0.45425327051317,0.1340887962787547,-1.0059841368550415,-1.2670293117781808,-0.6092912180964916,-0.45759131465154007,-0.807227398491231,-1.194518942040126,-0.825084882442684,-0.9115452391516335,-0.917456076837583,1.744608464258101,-1.3684609661420823
-1.905312362943167,-1.3130807304792065,-2.4531403185047314,-0.5708053114669424,-0.05734269757696624,0.11828829150939373,0.02054834431989577,0.2870622561743509,1.0789884501298266,0.4896830919202126,0.08067557729918472,-0.585343527204563,-1.2502618161882226,-0.39191292918804094,-0.8492711801562761,-1.539724258837112,-0.6460880959581317,-0.7546106111668824,-1.1912012183201903,-0.6018590652882375,2.079801591309998,0.8559282071778227
0.7736051931590822,0.5224940832004485,0.28774789921286203,-0.2842962898836857,-0.6212079070986716,-1.181690628559025,-0.3609633680598917,-0.16311352754336178,-0.7587174870437237,-0.0034882013843950603,-0.540076249766373,-0.620922285758777,-0.6114334860629509,-0.043863916105623624,-0.8506783884034077,-0.7054313445588222,-0.013289537365618935,-0.8404943581503155,-0.037255645642623694,-0.3497018337058684,-1.9466438213001531,-0.9744922287453843
0.8736016405721434,-0.06646195801287942,-0.6972832444884433,-1.4629923724052518,-1.738529274245375,-1.8974606492246937,-1.912592609289765,-1.4896729301064293,-0.9904928094485678,0.11317410279580606,0.10989474415662717,0.45980539929959796,0.3996191065853489,0.7990091737864188,-0.3777823015383223,-1.115535441832084,-0.4568333582699729,0.018616145593187965,-0.10153371623007687,-0.35953573882470763,-5.352601951143995,-3.296299095873759
-0.6828736445018018,0.12897210709657664,0.1407023611665916,0.034179620901194294,-0.47325006655607066,0.4004809125928369,-0.037074428153426944,0.9312003176200337,0.6496760301602196,1.1274397434175474,-0.15822108947941557,-0.1833625694356649,-0.3664442112129927,-0.5101650073322759,-1.542702945457889,-1.8702576336585064,-1.6535392555263368,-0.4543210124280268,1.2275357843659616,1.0426344741827562,2.8022281463885155,-1.1315439778866843
-2.1477960580836837,-2.3992500415648856,-1.0511140203728246,-0.4533277110473505,0.022900427165328842,0.17872077520510574,0.9474107479965687,0.7064920685797202,0.6390553653615534,0.7173098825242898,0.05247089042028278,-0.02612711102315797,-0.3996360741814906,-0.565150867043145,-0.8572342227694223,-0.13088728510214367,0.5050756289117406,1.1199419345061992,0.7235254744293874,0.06923488237234866,1.5670356249241966,1.9758542906877
0.7018456821986745,0.8846647635637536,-0.17923742763497136,-0.13300475165872216,0.2636790253595834,-0.5146555279304752,-0.5495761664856461,-1.4017522574291514,-0.46759889220596385,-0.9279498915427545,-0.3641719999997198,1.0151117983012061,0.3667718732661217,1.0157391774572027,1.215574605905099,0.16133233208463346,-0.9969488277062506,-0.9463261245715657,-0.22529022244837657,-0.17373345893431627,0.5793970900966833,-0.28695515044165354
-0.3864525591024697,-0.647639686542267,-1.0377500049703503,-0.8170521011973089,-0.49291945770107026,-0.5765490884262368,-0.5303122264385922,-0.05368090912857582,-0.6389677333942255,-0.6378223517623621,-0.9280327031044188,-0.7409001145843492,0.11905197992518975,-0.40169566474723095,-0.7517850960215572,-1.4014088320866085,-1.3034204809835739,-1.2703048577619154,-1.6096735446075614,-1.0100840218565246,-0.9081349984612477,1.2689635238033172
-0.17538278968348775,0.1511608902411817,0.7720978984052921,0.1023257549174061,-0.07307131438877366,-0.0423593732110849,-0.9284543626925827,-0.5948014673404047,-0.06064134213632591,-0.5211482781575812,-1.317210229853726,-1.2540462071288747,-1.5425302876563758,-0.08889412918262078,-0.46356227570802,-0.7334728408968226,-1.3581370400741841,-0.6981806184291457,-1.0473280875567925,-2.2977728230588372,1.4844787900208936,1.255410579133862
0.6562620474104668,0.8488500873162305,0.7893490410885409,1.0273114252381494,-0.230158416601727,-0.4734219415390275,0.5177433921961,0.3219371528882889,0.8965347701239227,0.1335408260167778,0.27629886123846065,-0.07282580959810857,1.2976950226375634,-0.15789183271147525,-0.4081353343824206,-2.0522286820162896,-1.3557711563032948,-2.0284023165112988,-1.5281356326612785,-1.0293624896730598,-4.511941994558245,-2.0429655058064444
0.2840550134071336,0.9749977772570763,0.8885472121758176,1.2133797993225655,0.6044430496398294,0.08034131769441397,0.24151160935688723,-0.002719455093832034,0.46251614030450544,-0.9581534211422208,-0.03505485509534498,-1.3442515118233898,-1.430884642658456,0.4360730432009407,0.6294897344677244,-0.07292990342218443,-0.380371788924605,-1.236037287585815,-1.0707072787170082,-0.6649384151445872,0.8144528084409444,-1.3138668576328187
0.8940820798248351,2.275314248773697,1.593833762521133,2.170817959762725,1.4817152527027406,1.0178668678004674,0.7543689655252063,1.0425439057916408,0.18307525266360491,0.17094290150514177,-0.43199934399359363,-0.43888714668948436,-0.8707066969403338,-0.5954386385967494,-0.1934010860641608,0.12456804704637904,1.2115790003163205,0.6213642053071982,0.5210480700396691,-0.34401490846432314,0.11840421452589922,-0.3005563106779368
1.7449759771973086,1.4808269840653427,0.8734054641740066,0.6302404818138161,1.1538135648673469,0.6536749362025119,0.5636524990005497,1.7123206156372524,1.2205444383985202,0.6882766216919506,0.832728464192433,-0.1430617481882304,-0.32004864986577847,0.03211389931685035,-0.5997738080647189,-0.5921712763012427,-0.09353274336553778,-0.7031995916148537,-1.0074345028353242,-0.18372013581060823,-2.4723542347637,-2.9828405620669107
-1.1865561818809343,-1.2604078357444422,-0.7634285351216095,-0.3101056827977382,-0.5313129750485797,0.674132846193203,1.3788308601313972,1.1517105970681734,0.4993884350511707,1.5019069164026042,1.415508861715207,1.5250292165449777,0.9565873030766007,0.05760595073252847,-0.01747041513917497,-0.12388362714832538,-0.20082856561985885,-0.8284016451746689,-1.6152419716471464,-1.3070659732288445,-0.4746711414510868,-0.5548802499116059
0.5677516247213417,0.2844714665483318,0.030571835448337026,-0.2916284740386854,-0.05965066445896689,-0.3381497700041423,-0.6055759496630992,-0.22586643476151178,0.5709052965616362,1.7779145139350006,1.6212181385577524,0.46408549319133763,1.5190455924696045,-0.9001086914953732,-0.025341985435980895,0.3078732590822686,0.32438133618879406,1.5441699868787147,1.1393911245085662,1.9287008264299565,2.379681737051549,-0.8715311545611142
0.18920049979707784,0.6886266706340127,0.274535711575405,1.1552192811175948,1.2287959519151503,0.7316396932843037,0.6933746501188274,-0.28681361081899726,-0.7826151117587706,-0.41354629651888003,-0.8311000124926278,-1.0586257745243108,-1.5118841315981064,-1.7083900858267693,-2.2815430809095467,-2.2063061463401605,-0.6664673940496658,-0.1817727192874073,0.05751915672096743,0.13378201619597266,-1.146080367286133,-1.3049014975952824
2.195405386673482,1.6610492282388603,0.9688110460432399,1.5671601225361746,0.7063396741317141,-0.5835988912172347,-1.1698478961218677,-0.9782193246403882,-0.20444318377852486,0.617390990884338,0.47719640007527825,0.4251669223816486,0.623911778617032,-0.6737010162369079,-0.178590067245191,-0.9355002477273352,-2.0149410650449027,-2.2059014192925335,-1.1358037230311082,-0.5136126658571417,-3.9031504892933624,-3.720672827391878
-0.9983562258257789,0.07268108564413707,0.22419957697680246,1.57826238404465,2.0546374031774532,0.9577371341567614,0.8866422612958049,0.2995268607944833,0.5373603885408881,-0.24293755369240544,0.35470249614973515,0.9516872310692618,0.3361345439293134,0.20144141383460187,-0.2355845884053162,-0.5409486946200663,-0.618094129430125,-1.3260319764828754,-0.7045159184959996,-0.6344407715798914,-2.311405237368771,0.5142823606650168
0.03925249742511787,-0.045454417156627465,0.067133760230967,0.08845603460640392,0.2240381557616522,0.11395363798495821,-0.1615156657756722,0.711232613095773,0.7062055954257523,-0.4747149941761554,-0.7753675584145142,0.3021838904645269,-0.7895462658480407,0.15730947084239008,-0.4117351577627922,-1.43769208107218,-1.4250622286921415,-1.5725993910385634,-2.0345232595258076,-2.2560572186389853,-2.7626431853778786,0.159287707608939
-0.4553670517344824,-0.46341896896187523,0.21759781005089693,0.2845268693323659,0.8175541621266837,0.8379965896097553,0.6048899808768611,0.7724379937024658,1.008908675089882,0.20191639824809626,0.41895901227911386,1.5526778117870685,1.609785661807334,2.6235627401875927,2.2999015557844626,2.260098637160069,0.9976011837510921,-0.3493198672729347,0.07295884795347037,-0.6404892867253643,-2.1010916883068593,1.5054223123021147
-0.8124072768663304,-1.3089284601403757,-1.6916756652497726,-0.8731830108480292,-0.0007120381834415291,-0.14267007077676458,0.4399857023261814,-0.922670139275871,-1.225893456654758,0.30034126526783805,0.7958217412527272,-0.15389094805262096,-0.025716664305713552,0.6113602328151648,0.637519990966713,1.5779972147157584,1.1685521165355515,0.2369263425340822,0.17871831225762266,-0.5802126743436918,0.4195738035520362,1.9474289009652814
0.5090734056097581,1.176714726586402,0.42625668464764593,1.1902825545608948,0.32393386534892155,0.34416071909222606,1.2270894162306492,1.4040896367598246,1.5039444807435935,0.9668740316540005,-0.4420627206459521,0.4234939427282761,1.134071185904664,0.5355514506477247,0.3804726350061568,0.2443169876076475,-0.013634202101199517,0.5443413640756668,0.7000533765298338,-0.8856949639866621,0.12292059859753657,1.697983131544674
1.2885149314337192,1.3404039898726208,1.7464583287972497,0.524358268847081,0.2067141877046793,-0.19101368886311793,-0.05965613806234054,0.07798935357510109,0.5877702280096914,0.661042803736158,1.0860203226252283,0.3974893776203279,-0.10954795081813644,0.6383033813131045,0.1709658389439752,-0.1841189222575327,0.6628750459771271,0.33988922956745676,0.03188900584156238,-0.2979035803122898,-1.9810865067962804,-2.0629872214067952
1.9878537318512088,1.1361241761155174,1.0718566194041812,1.2645741400198247,0.7745973523636689,0.21114016022542745,0.11562079132354575,-0.6191386344442041,-0.9879572139243847,-0.40008352257198554,-1.198071788140187,-1.1492762135057464,-1.0253617303375715,-0.7762707918364968,-1.4500798190666668,-1.0348686877751092,-1.5732072260318357,-1.5295407863966535,-1.0218529704710158,-0.8805093953950085,0.2289548434823088,0.16031119959753673
-1.161605182731775,-0.661777120798516,-0.10809193561795662,-0.425474881148869,0.7248002672926384,0.6156688645384293,-0.059959139769307945,-0.1071613267706199,0.24864719954050354,-0.10137102603764597,-0.043980117062937404,-0.7806955417732754,-0.8547382845487025,-1.2657872934525123,-1.0038747799827625,-0.9134282694342909,-0.9155672837659546,-1.3159446174248595,-2.128383458451749,-0.9272935996247959,-3.1807569067456196,1.1854331137498368
-0.5420587013708472,-0.11388882833941465,0.11258969527184401,-0.1509483793832308,-0.3659471869104718,-0.06677547893240351,-0.14184853734854408,-1.0889912371061297,-1.0822923219966394,-0.9347343621021884,-0.8047054142978456,-0.12837964004948924,0.8005028646150871,-0.551745104078605,-1.3463842303789635,-0.49036522317942605,0.19970968283087237,-0.22703949001203055,0.4218878574308433,-0.695148807246959,-0.2781295994794505,0.9320408825609979
0.5471667152281443,0.8430203177894638,1.2489740876002011,0.24540089947147078,0.8175017752488708,1.2770367133742746,1.523051018759256,1.2847336592957628,2.1056332506596744,1.3329939929611048,1.0005663324098828,0.8224842028891604,-0.3451305864215689,0.5039597850325318,0.37681564979986376,0.0033094088636557157,-0.09708190970685351,-0.32207403281981783,-0.6612832676622677,-0.7252341764329324,-3.4321720138614813,-1.4580264701105388
0.8634278722590232,0.6894677180741562,0.6736489552915284,-0.20102908264254046,-0.7695726923441027,-1.3050044891931016,-0.3387132944589548,-0.8012483299731109,-0.8596229461014431,-0.5698130477108352,-0.5975570844873586,0.7818236965924713,0.8235376565894752,0.6229597088103326,1.2075262543973266,1.4888060327695518,1.4760635793422805,0.15840264755150477,-0.4615509386647212,-0.7324095617566511,3.092177111512739,1.7290902026559423
-1.4568501129750533,0.321068980000816,0.07594667520409047,0.4209377908888404,0.9256645266459622,1.1558955000259512,0.7481051173615125,0.5523932053943188,0.7455710095162135,1.2376002515853644,0.5075961470591198,-0.3871747740589266,0.23239091616747057,-0.06074499419061943,-0.14160177560882267,0.0905639050802275,0.6728902761832485,-0.09527874673468185,0.13047065751332348,-0.6721714807320114,3.2554663508207815,1.8319811439644982
0.19196338027945561,1.0126006749137006,1.0352422737679194,0.7767471718743315,0.005476671288059032,-0.8320439966883185,-0.5345299989447315,0.7457386161727731,-0.2850291680039867,-0.3615018661066576,0.5926790854161317,0.3823957551391069,-0.18504521594191992,-1.069732684178387,-0.6306886800507531,-0.2933223469456824,-1.1998553502471554,0.07095348722332435,-0.13074061366102135,-2.0575143083568856,1.9574122046667397,-0.8185850126377576
-0.3453900649364477,-0.7121307240745852,-0.3570842817326248,0.23750066389439778,0.6735647263647623,1.037748246202734,0.13948570228746085,-0.11749393183706136,-0.7567900165153691,0.07584151052241106,-0.19360797114427544,-0.2630693617734015,-0.41788520605050117,-0.4216541033484374,-0.2324809912645882,-0.025551754362992514,-0.24238989497894897,0.1632052945127545,0.13469211542640147,-1.6111235599745564,-3.4467470400391274,1.20077692322277
-0.7966466442944591,0.5721081064461865,1.203660640658034,1.5327473301476928,1.3582183425136296,1.2725997838777825,2.608076766234758,2.3635599997739147,1.0081699916254259,-0.26590348313167306,-0.45131164698556875,-0.35905830441387504,0.26595867186300914,0.24914609194521764,-0.29488456600454355,-0.9425472746542214,-1.3146025401038248,-0.44782345360174364,-0.9955766359212401,-0.6245730480801089,4.4116493959662195,2.5886289931216053
-0.5536611829282666,-1.0484954529142296,-1.5015527785335934,-1.254241056335185,-1.0905298483342598,-1.3476116057083827,0.5422002703926547,0.66748775911684,0.8019776983330944,0.6644704041313441,-0.17468133737194622,0.26055369214208113,0.1177758777173293,0.3127256537976012,0.019052358501559008,-0.3978566525234037,0.3351153535158107,0.6989713777068223,-0.5132762986614948,-0.9537101098159766,0.2975666794307035,1.4779180419316842
-1.3188525316087099,-0.10814168061770334,-0.10306434975408117,0.3351359440961969,0.8556583392337836,0.11338638085783945,-0.2603874938419745,-0.04837108907367984,-0.5888061959623351,-0.30252637015823575,0.5322373876179431,-0.07735046143185137,-0.09312279066291769,-0.23297464931907957,-0.6459333751632119,-1.7051959834487425,-0.9612746928952683,-0.4767851570014562,0.2277650417734835,0.6887768260742225,-0.9851441764367411,-0.2904952450987017
-1.6363392698280008,-0.37058323743107796,0.02808899696802423,-0.5003957152599057,-1.1243216025483973,-0.6306651736308986,-0.7288878359299283,-0.6421227601719043,-0.3532491151821529,-0.030708504444437092,0.11306193036275636,-0.8822200403164931,-0.5138962568336944,-0.09377619272816333,0.1884586925546906,1.2477722675871785,-0.11797720713003615,0.37509675439325757,-0.5886074909210497,0.9132393154563166,4.901102973025472,1.591840523927695
0.8382927055038373,0.2834102414324711,0.31973408969678796,1.3397757699267419,1.1452357380542901,1.7353886725290655,1.8603900351237352,1.6417396119048662,1.5135513072773488,0.8091805274967236,0.310663166217979,-0.33856550261167806,-0.24668573259231966,-0.3369809847964017,-0.5104208380457146,0.6691151762027348,0.033694250976896135,0.5332752651353015,0.8535318102880661,0.4907540966906138,1.9218071382907456,0.25810475889466344
0.17401349195985355,-0.20193327477852857,-0.2322791445133306,-0.13632523841437483,-0.21605085035859334,0.4589963128452547,0.6889094942647711,0.5741367330216506,0.17196997087037233,-0.8562525764194862,-1.7164814923200653,-1.306189695392153,-0.7116709176186975,-1.9251957612426487,-2.066412756839685,-1.386073511976515,-1.5498716033199107,-2.07929896221801,-1.1199859331536588,-0.6567036249590735,4.751617389228319,5.606797516606499
2.0377927473017077,2.2944787032960168,1.5177357133088825,1.8106247691298716,1.3358366602198581,1.3453485570801968,1.2520814763750885,0.6557489545008774,1.1394654734644585,0.9185284391425534,1.0821815570898852,0.9080048344035366,1.2727679217225443,0.858345597883808,0.4071359036477922,1.4967334606802745,0.823208314454341,0.7879011902253514,1.5175412762185914,0.7989916456330081,-0.8579822498713924,-0.40927826367284575
-1.655126786303589,-0.9025831073882103,-0.9582853129966666,-1.895912491166932,-2.004801229598118,-0.2665326021916829,0.015166645941191093,-0.11474851838493745,0.6411412229681355,0.2911706828812248,-0.8750871526914394,0.08530223843411083,0.24719262195518607,1.2074209518257135,0.21217860546752357,-0.6704965682837356,-0.1606624471398162,-0.5943840480566904,-0.5056640230236631,-0.06483285922299332,1.3260997135181876,2.259831055490798
0.21562050822371545,-0.22806561320854507,0.8623004784362701,0.8653480228180674,-0.6909126697386282,-0.19950531109844377,-0.2177835894513787,-0.23958556419308974,0.6825463873707227,0.6072091806960204,-0.8190480291243136,-0.49571795847242583,0.7253332252835758,1.642983310948354,1.0458051059566345,-0.22344812165330588,-0.49791702169140983,-1.3370636896786317,-2.2928935081162303,-2.090131583889359,-0.3851311630004709,0.06779671272438567
1.374801549320574,0.9998303555005736,0.05148782244984445,-0.8791231404151872,0.20304460920000886,1.3823552301440023,1.0380557240903623,1.6068922142544673,1.2592972953092916,0.9806679151851658,1.1895795030021779,0.9823544060120851,1.2229988951021782,0.7057991068543114,1.792629628967588,1.2861579836836203,0.49743258081496966,2.732325824557898,2.351906179292818,1.6133765122731651,6.119589279472384,4.701906252589512
-0.28341232759999974,-0.41123743629620313,0.14351036060690878,-0.23304094070570822,0.34104277087245044,0.7469449478024734,0.877595179506603,1.3962717919227778,2.268627178991701,1.9014252490878867,1.1403782831168825,1.6508072217333707,1.5807075321524637,2.0760430910759027,1.238374138564749,0.9724162342110684,0.3556377748568502,-0.22963069389212598,0.31434962819969176,0.8567206504356916,4.667268123756284,0.6067503713876633
-0.4136234811772981,-2.029169208097302,-2.2712694268030473,-1.627756773712181,-2.13465733725396,-1.5948302671900974,-1.64585903295126,-1.14397878960344,-0.9053467010038141,-0.38172627740814,-0.06552446346521892,0.3075984981713908,0.03451790844249012,0.9114371554608055,0.6284515230045798,0.8233114435711942,1.1498226862229515,1.1688923324612206,0.19645461495305855,0.08246994791618559,-3.135813067936476,0.585621064160624
-0.8789460053011849,1.0338608204590318,0.9785783671582009,0.33284162065211975,1.0568580292557808,-0.27674032237594437,-0.2229954485146762,-0.2362825428549859,0.02319535142913818,0.9852205637049282,0.29950248127985585,0.5391466810314554,-0.012409121273109091,0.36574187396661334,0.13277590955797383,-0.42473890740305764,-0.8620668065577108,-0.7782322522805473,0.9746367667884328,0.7624164395166659,2.165760217225834,0.3964597731293575
0.16329186092144576,-0.09306103554872096,0.7216986416489285,0.37003914958773265,1.0078808486793538,-0.15581183887838157,-0.025699125803925242,-0.19223626175375522,-0.2593119781214394,-0.10391342711064826,-1.0535027328352886,-0.23397198952379109,-0.07315586245232497,-0.08366122676712973,-0.6285093292389451,-0.06376448553711303,0.8288382014446413,-0.28484895127883475,0.5314365655217228,0.3943107038468475,2.715945787101158,0.01621845821894135
0.0708219394997025,-0.25939146964057463,-0.22562819801153303,-0.9980860169742746,0.12424389028399097,0.6754172642784254,0.7698410588614342,0.530055961043245,0.549667381136805,0.607178340228768,-0.6647635030057287,0.3984050250106119,0.41070639195112835,-0.07395474755783361,0.8382996283652131,0.32511921345180606,-0.408967040889785,-0.24091484015819795,0.36284142258720276,-0.24083869437941016,2.1280492179620296,1.5236814634121567
-1.264729899771062,-1.0874516236620635,-1.4756436619190048,-0.761414596012015,-1.8506144639185513,-0.298417428335133,-0.12827310746062323,-0.6341138355490298,-1.070774605014007,-0.14914840153322165,0.3067435775996135,-0.2086501990721886,1.3105639154438997,1.3820557273682554,1.9808385768712546,1.059962999819089,1.858981317423154,0.627504924123794,0.29218549661195703,0.022606410858454683,7.16724796835853,4.418058473155513
0.7411856415137792,0.19776009690329882,0.40085033588182994,0.5015525393992984,1.0012491133057595,0.47718346809477097,0.8930939157156418,0.5600610585973116,0.9126044086637044,0.6942421972904202,-0.5093340365380679,0.10381681649142706,0.33383793195078504,-0.2531513211561096,-0.3446448187256962,1.451183374944374,1.529520541967902,1.7196447663193493,0.9971870432008586,0.48421453219832133,-6.077291648063187,-0.531347141137048
0.2129962555464811,0.6488107383955631,0.49383756286502406,1.2239147192704245,2.3592941225020794,0.9484858237666601,0.15522597670832544,0.11876916066778596,-1.060882912545555,-1.4826461291863817,-1.3601612782671941,0.05758804645447525,-0.4462209944122508,-1.0896741241996302,-0.9476787369824342,-0.7461222800100207,-1.1960940336761652,0.3151620534213402,-0.18462891992945707,0.01807416239684752,-4.177513252174534,-0.8582099923239459
-1.6017745246457684,-1.6411929406941705,-1.361810401413214,0.45254450568030397,0.8204535322742965,0.8927326811554666,0.43112919803692384,0.06731586202373883,0.09891749693751951,0.7444650157886282,0.9448378178523817,0.9584570031740549,-0.025138527987393515,-0.13753136790225712,-0.5291975655267473,-0.4738845875488031,0.609513364356493,0.48105701502169407,0.6887022676044697,1.0930682976870645,-2.8289593039562853,0.7157451006010233
1.71602301120267,2.2296944369903025,0.248972477164264,0.6208714616455456,0.2621089222363544,0.09584153477647395,-0.7318854245951742,0.07955038902711888,0.29027673864047054,-0.5896750908551104,-0.5137855756963149,-0.35705025636068605,-1.0924908942888456,-0.26843069829189875,-0.32563493434614577,-0.7146677520497642,-0.6893680745656684,-0.8285719183938695,0.0024927481512316226,-0.28902061985816446,-2.7268631709118147,-2.345471739740157
0.7115895477455121,1.1261977937063454,2.0912779180342884,2.7603869164573918,2.1402880341443153,0.9681165408464317,0.5137334848685143,-0.0025968381544748563,-0.09756782253904486,-0.36627427529182927,0.06564728092632442,0.5177036320615099,0.28840788949452334,0.5703024706353047,-0.09745520909235249,0.301823451797894,-0.2560202922523234,-0.1629059799105958,0.1822741479349764,0.1537463841456312,-3.050549855957067,-0.4709088846467566
0.1060257630826885,-0.42361589662378474,0.22833916406944993,0.1737610557680251,0.07995488498206817,0.4781631001559788,1.1814284088845552,0.9765605364749965,0.7756569618674044,1.6535921014240724,2.1876547761940612,1.3069448805410901,1.447080579370801,1.3267994481092305,1.0779174690519195,1.90992298429022,0.6020404265079867,-0.49151282114585276,-1.9705256886117035,-1.2940839955458787,-1.7919081261865881,-2.430842183099425
0.6953133716272373,1.106578996073354,0.6600483632720149,0.5526483361127619,0.5466345647103201,0.6488119020819902,0.5730580142557385,0.2838016006418479,-0.31156289343528143,-0.04521493231145108,-0.5354626745082,-0.7013969360807037,-0.6579685869046623,-0.0189782583714735,0.8243990486755225,0.7426717650114115,0.9953964470868546,0.3335495330617017,0.4392808078425647,-0.07392359125322494,4.637498480544652,0.7629015370900236
0.7150229780540264,1.4678211537576642,0.9365587535686823,0.7059288845787911,1.2689372739178102,1.032287151069881,1.61805368361641,1.5254553418912724,1.3528234979577376,1.4993078111141172,0.30192665486307235,1.8835246499707885,1.758770974633288,2.560918960421582,1.5842417303733742,0.05404088327629633,-0.6440130176108096,-1.001510830916229,-0.35349542096895864,0.20283892493280412,-0.5971182742381482,-2.0386775118048472
-0.7690195598103127,-1.081266165558209,0.18733872984363778,0.020827625534333337,-0.8002848755417831,-0.6336683787809173,-1.1420039035290095,-0.716042832408631,-0.7831313777732203,-0.12582297529521555,-0.2584903315160966,-0.5269507218548417,0.1666684231004694,0.4852856211504251,0.6299311902385799,1.41266525166174,0.7490473358189319,0.702624546792343,1.1216320036131697,2.1391230097174727,0.8056680390703772,0.26105321988734886
-1.0382767986214825,-1.053787097944243,-1.7715531850868875,-0.5543734139804248,-0.0643007657455097,-0.4999299889126606,-0.9112411375664227,-1.8007058801945006,-1.095441082201747,-1.3698541593651232,-1.0958607190452365,-0.2481129567339434,-0.9520317163223442,-0.9790932521804784,-1.2176058502589269,-0.9222846304315483,-1.759018233078102,-0.4268582308884665,0.2581231282778916,0.35224118303335905,-0.45068171697643844,-0.29076315203349756
0.5213349011452885,-0.7706376906828992,0.31326558370971097,0.655770586916087,1.24061489163524,1.9821981141786775,1.7128488436014229,0.5177444434432481,0.23657559421055332,-0.3818688380724884,-0.12782297948110655,-0.49973681239191403,0.8841850065664985,0.3934317462903712,-0.4785268986299818,-1.4850260448281343,-0.9072523794322863,-0.057512255398380174,0.3156003543645919,-0.6527826618193574,1.8169327125634047,0.2273685381925698
1.6909830647889317,0.7564500848287952,0.8288981320211081,0.6961994639452073,1.365796258175392,1.248170344713053,1.3919356798983775,1.8217066249517577,2.225754758878517,2.3258506894225106,1.4098896630170463,1.486539525406112,0.37054668055795764,-0.9130541450048378,-0.33390524507529473,-0.14819950615210256,-0.44979516032122097,-0.2657355524064339,-0.017413841726666546,-0.8110163816790055,-4.465054259812591,-2.356211424068091
-0.3695420114162448,-0.13021504545625717,-0.03892299873757397,0.46466601516839917,0.6481481261573419,0.43926742668296703,0.44957977716468733,1.3123545892329493,1.5848462197547233,1.2502448635125516,0.837762138118649,0.021803165020750224,-0.48468183163083994,-0.39561204140208983,-0.14143694623580386,0.1683273589364762,0.1766732211021012,0.123225072592112,0.20695512817191278,0.38562831988313445,-4.454538070503034,0.055629457359811
0.5521529596258665,1.1146363854007832,1.683543007592724,0.5143820267104952,-0.03753021670744998,-1.5775209542698976,-2.0126941607341426,-2.451888505373804,-1.752452182228583,-0.7098368263401412,-0.2844171716425822,0.27030717723340925,-0.3191325853450891,0.8319667148879683,1.0252964180470479,0.6566631765618068,0.8768365957957248,0.5972093421735969,-0.17675253892254947,-0.34180485446802084,-0.6061193471445264,0.3713765720469151
-0.05090117290463387,0.25095993215007895,-0.5485433685358402,-0.5888255842990467,-0.8857732716531013,0.45947314202638323,0.20380505811919475,-0.11983368386662022,-0.3616477343097659,-0.19574487078699265,0.4435875032069688,0.037784443059942045,-0.22741462413478275,0.42963844156763203,0.2342378194443234,1.1456940614997375,1.5044265057656767,1.3252244007628626,1.612432698175811,1.3831252633627453,-0.13346232158259164,0.02191288789324261
-0.5966810524054347,-0.4829856486351396,-0.39588328155870567,0.32484383471396955,0.32606044281350116,-0.29360169176577977,-0.6282046280671215,-0.005178687539794671,-0.14590985331103218,-0.16150176921851825,0.024208663419363226,0.17332602998314287,0.5859946124259207,0.3171324939148779,0.9750435578455915,0.04874664981309458,0.16978899256276045,0.2909187192817997,0.1453100891496244,0.34302671028028225,1.9237949432711479,1.4367940508910775
-1.3063145321331953,-1.3705102967441747,-1.516740293825059,-0.9168290029898939,-0.4882999973302305,0.046064926874017455,-0.3316387479803511,0.3767099200750181,0.5192021811751123,0.3297232346275937,0.9675981359121699,1.3967288340925754,0.4810084419482868,0.1533251726753285,-0.38355466980178693,-0.09301477814345685,0.9835003653544474,0.7159914459295105,1.1772593795888493,1.0097813905913036,0.3726509693237984,0.11471896688787588
-0.5616253386920517,0.34469043613304934,-0.2876033292508427,0.14528514595862263,-0.07173651344743792,1.2184624236806945,1.2042923740389901,1.2728363835719048,1.9778035211125047,0.7618029687552843,0.9452386192376606,1.3318826230122613,1.2719769066879247,1.1740087349727297,-0.01693828738494101,-0.606967420554811,-1.9596030760042042,-1.9786585005542074,-1.6075311016526082,-1.1948752128592115,-2.0477668817200163,-2.59072764260467
-0.46613344546949925,-0.5511979313557193,-1.2357028784082111,-0.8411406541992098,-0.5651808994510514,-0.27626714272817543,0.023677754737263627,-0.9026619038787516,-1.108758241923469,-1.2340091475962234,-1.3951886093909323,-2.017140393857588,-1.9136933116427743,-2.2268179920562123,-2.5379671150931706,-1.8931790440625609,-3.1493129268855484,-1.9534920480725648,-1.3619373192584963,-2.6553725649171787,6.510687669597317,4.9712770779675735
-1.1948242630597874,-0.9945101023067268,-1.413749838805085,-1.5670665560402335,-1.3764717319786994,-1.2175601939666512,-0.4409784925767098,-0.3505937013865072,-0.40462332313613886,-0.1130651336569734,0.510607492271883,-0.5103290020460501,-0.7461653722316606,-0.4632630242463477,0.30476078616155655,-0.12611085002701,-0.3366810486370425,-0.44699580314389065,-0.23911992833536747,0.8510153983600331,-0.2347080138790597,0.6925544300475801
-0.7253953775780713,0.8219718912805497,0.6818206028202762,0.5966118956299766,0.7662446244148831,1.128815145983681,1.5961674264909416,1.3753523753671244,1.76760274542668,0.9190389464473707,1.1267018044524666,1.0835141204081897,0.9653206761024937,1.7117784604419166,2.2595245876739307,2.5221653901664847,2.1181243726667685,2.387668815934013,1.7057715108184832,1.8067937396514637,9.18930458432771,7.7584258385224745
0.3999997851033452,0.04548454538854984,-0.5218391670958435,0.08141281576205608,0.4257929843700411,0.7452083541447878,1.636885581656566,1.162167851630154,-0.47461761313786716,0.1660304951453459,-0.044258983107700614,-0.5473607511833696,-0.5107009329531516,-0.08348072933087959,-0.29596322558855315,-0.003978937603993007,-0.008508590119198887,-0.23614974285338303,-0.782225188737161,-0.7574156784968661,-0.257486449594452,0.619606446598975
0.7323985458309265,0.8560753863252948,1.419135763856846,1.3542225127174234,1.1630121105758908,1.060358347363267,0.5307636268873598,0.8987457039209439,1.0771535588182066,1.0047574917386488,0.8881216732296053,0.23703304053096294,0.17203219125823185,0.7796330287620101,-0.17829040096302015,-0.2462096264985436,-1.3888253242328907,-0.06341980948031631,1.0137562123830999,0.2740423592171501,1.0821949201407421,-1.4947251565267266
1.0179290239576726,1.221140257886611,1.3380903340815622,-0.4904978124646037,-1.0787645015659055,-1.318665947134803,-1.4503190830883101,-1.6470586761872075,-0.4028791387099329,-0.7539711052489324,-0.4917709050939473,0.22187620571104386,-0.22834618992655073,-0.40393802380479865,-2.5245070195129213,-2.095106875185219,-1.556620401816066,-1.3812773264666995,-1.22973024869737,-0.744357654446303,-5.792394211338296,-2.2498514141256987
-0.6660265506579373,-0.3843933744011626,0.39207790996482655,-0.5665180905962117,-0.5305794294585965,-0.6859984975681703,-0.1161437306269862,-0.03817950567460239,0.3082400140125897,0.3992223982031511,0.16992177430132036,-0.45688032559854325,-1.092336985351744,-1.7485558428960875,-1.4937262948191086,-1.6400611440122685,-1.2091727923776492,-1.8257825099953437,-1.8411164052316733,-2.162321213018787,-1.349453286633622,0.04928031874740552
-1.116820057400169,-0.9744007214291969,0.3459709570133861,0.4978352214084795,0.11600472488294311,-1.5795740811713601,-1.5284058336351247,-2.272967225850609,-1.3122284320406488,-0.4799845363852532,-0.9280783268609771,-0.8713187296134752,-0.36658164051437636,-0.09503265873217887,-0.2899853981379471,0.5808219267084637,0.02492117042466121,0.7145473269261368,0.2595777408964369,0.334928679418808,-2.3267744938589403,-0.7759343654251413
-1.391400919090491,-0.21699643474149105,0.3225111603072123,0.6478827024969877,0.6928829963766442,0.21260726958967752,0.34379886725780406,-0.20211037330602774,-1.5317848911560044,-0.8049080397982354,-1.0245951757072402,-0.8878874082173146,-0.46230324072569157,0.7513428288353706,0.7402970541211016,0.0981173719149237,0.4836313153546546,0.625571718260742,1.2779434680607147,1.2414211970467948,1.9240833951554575,1.574356324618428
-0.22098794720337647,0.02141853738760025,-0.04582000430378993,0.7245027949829758,1.5711533791758545,2.489445060938813,2.0554399903564304,1.7286384628203302,0.564758651540582,0.03105057213209035,0.7333554703061644,0.8133715077902779,0.11891751399830135,1.0114661936270277,0.40761567434617507,0.7541864619026644,0.9645321920770558,0.6533967060981377,1.8211980759363378,0.8893123137052544,-0.16398875732344398,1.5885266877643085
-0.4745223688679152,-0.15893427764360912,0.4085750460948221,0.4955084258326274,0.9426316101937485,0.6676409581846801,0.3108647293318307,0.26784509573490906,0.285592888297409,0.2265974965425163,0.7554041553539378,0.49742163913154286,1.1641362819003025,0.4758504616901376,1.2031453342896752,1.1263241231896566,0.4456900401972778,0.5426441579290838,-0.5990465366174085,-1.301663782811062,5.4002984590521415,2.700625975713462
0.5471061077400983,0.271959501031214,0.5157899629345948,1.1114238988158658,-0.010971233439019686,0.33876025355599143,0.12290667251711761,0.7384375566340635,0.3794225129681589,0.8860305793011998,0.11330598054617301,-0.11339500810522454,0.6153568243910394,1.6605064086307644,0.7204289692248341,0.3498221358019545,0.2606593145745342,0.8082994737681949,1.7210085283615264,1.8731096711009674,-4.102667622762598,-0.7330804129250577
0.917194652049305,-0.1399945351999523,0.15455272977972007,1.7166021468331112,0.5823268416753717,-0.3781736948040615,-0.5553390814444968,-0.3241608325588792,0.7304560525288231,1.4065327934684988,2.0479046779672068,1.195784969244349,0.9743342260616976,1.5706372388947716,1.0563686110129586,1.488258783376714,1.2799929392065599,0.9807871334332048,0.2669291978739651,0.2724524186025676,0.9586038452515678,0.9764003634681033
0.6216333257158588,0.3607567550831219,0.613315458736709,0.3399248119298428,-0.026505126247334764,0.45405242286200415,-0.401698732382209,-0.5842068240138085,-1.8274548146041705,-1.3803483818486504,-1.464487613622496,-1.7361305237244118,-1.6016044842281418,-2.2997500249797245,-1.1042022471422737,-0.3290222615995552,-0.25317507342045203,-1.3671848841593082,-0.4624679707955652,-0.21933219922308494,1.582286166994096,1.6008385610504197
0.882238060513822,1.1128158503371925,0.5074943018609095,0.16228906130586684,-0.1690719298829924,0.4264038115943608,-0.35455872330126476,0.10271629007775192,-0.2905004599097418,-0.5281823087771921,0.11141893724257107,-0.44274855009587083,-0.8557989351215185,-1.2060490023965529,-0.4164194883773471,-0.017126064284564483,0.17574025441252691,1.023543959012281,1.7703445343215207,2.004607584400302,-4.057548963428778,-3.8713414796779873
-0.4250124849097557,0.29736504088915844,0.4187693183822557,-0.16560650233792723,-0.4456492073945471,-0.3851683358428084,-0.4635052800362328,-0.2732323610145409,-0.3724649786150385,0.09410420965658368,-0.4245947847792118,0.8399283394167893,1.2940172578560531,0.33485614799036867,0.3835856875604332,1.573202372644927,1.3507967178569444,1.0753269456034886,0.526922004868258,-0.1512993902250795,1.6994852024294553,2.0597402491891055
-1.2119553364002815,-2.0320206973293073,-1.098403113873467,-0.7264593616295665,-0.7125302152653883,-0.21494648732346963,0.6250323633040091,1.4314826935866578,1.3592453608410966,1.4625607543289447,1.2665477589325906,1.306066537377294,2.0131647854651478,2.1798507305375225,1.619152806828473,0.6957450318130424,2.1265922976845126,1.335814553082221,1.2261088064609071,0.39312098253102384,3.4412834019454004,4.762333756870807
-0.08670074779492778,0.16723813133625168,0.586744376334246,0.943608854111835,1.1639698467470216,0.9500627953510489,0.9420267348182133,-0.5645122466343817,-0.2923009840822593,-0.8615755814950998,-0.5061383777483499,-0.22692196985125557,-0.6911749246055321,-1.0722349449628241,-0.06678851415730938,-0.2104645254933148,-0.7137119923366754,-1.7496078918282132,-1.2797928041701963,-1.8594404958253536,1.2427689123162882,0.585737012864095
-0.8647668526188603,-0.29846318111156395,-0.3659008893905146,-0.793514545850194,-0.8755350514927845,-1.863904646448893,-1.955324841003337,-2.133188860973761,-1.8354524928945177,-1.4864112089722221,-0.6682978120393213,0.8736129751161187,0.21143664217310762,-0.25005181805157217,0.0939644249187372,-0.15927756519362835,-0.3506590280305646,-1.0868318486291615,-1.3658004736225717,-0.9776772553956774,-0.9936703285678172,1.4554946475582633
1.3895438932534423,2.4674932433259618,2.7240965487936197,1.6024362601719706,1.2823369277418044,0.7707203608804183,0.8482937250199505,0.36227859608878876,-0.7488193037193979,-0.6658385320827905,-0.5159097884280224,0.05576029705366767,0.328160562860788,1.6480335297873485,0.8701768862772798,0.1473577130911651,0.4971835411599675,1.5345712134928176,1.4861126716083262,2.626639840120846,-2.739270724677031,-2.598335256871526
0.8512676803395272,0.2701281170883317,1.104440791226691,2.1340587054304616,1.4795617637850658,0.7955729466753652,-0.42355580976896207,0.05280555157459791,-0.5041075736477927,-1.107995219527536,-0.4655681109827082,-0.24757460302518855,0.7099246802943339,0.1583623883150669,0.27447673049583743,-0.480025668386681,-0.014255511080413893,0.8524458838281337,0.7055234789291112,0.5126919565221768,-0.11056980738522482,-1.3976515307398902
0.205494317196817,1.065845292385297,0.6521993088426319,0.11709282379032089,1.104352774496024,0.6750096885866098,-0.3126272991147253,-0.8915947972048779,-0.3540676426832562,-0.9350314214268629,-1.1247832672243734,-1.3514126517412315,0.09087858710515968,-0.32594356918479095,-1.2976312686042872,-1.5522156355596541,-1.3363574453520495,-2.192348370619127,-0.2688166689818967,-0.19575776424370603,3.8713584510333217,2.6249186812880305
0.16279478000469988,0.6241856635617243,1.1000522984187135,0.9260759614001888,1.665863938706872,2.2291980308799615,2.794326623643506,2.118350962504811,2.155566682069221,1.3441776941065018,1.1165100503220886,1.0280570186249252,1.217647928904912,0.8993278723998772,1.673853739584926,2.4419189654730107,1.6625590196172573,1.1299369213362898,0.8044762412786605,1.3171050791698409,3.8495946829523158,3.861289744735567
0.15792516242988056,-0.5715780003882971,-1.090711297556805,-0.06693756146484149,-0.4739659590688614,-0.7844182179638738,-0.8407411967729344,-0.2516007567617162,0.04589916097284849,0.5885052089261993,0.7776576892325668,0.9143274072410327,0.9622132351514853,1.7186035765291812,1.6032540371309814,1.2610658478839838,0.7683696051708616,0.8751089195485422,-0.22199204141430467,-0.5014065709167382,4.5178178788744345,2.621581027309105
0.39382691315624185,0.7056552733376193,1.1139939798739953,1.017766488702711,1.7293285048467502,1.9515982169242605,1.33484362480196,2.113979079528018,2.125608288806622,2.504382969224907,3.088591231940981,2.820142848935223,1.2051776799349836,0.0006247059429633278,0.18555215015772814,0.6870520085855548,-0.0757124880844557,-0.49255691189147616,-0.3149480187106024,-1.5430922925808293,-7.769626126446212,-4.231383012940761
1.3502021247608713,-0.4180323822260328,-0.5198605841092471,-1.3644286645603931,-1.3782672916414045,-1.0805343245109147,-0.8893590092010092,-2.018685994775654,-2.424627186040545,-1.7568698633076485,-1.1903287940548968,-1.34898076031899,-0.5127463423944183,-0.43802947936530173,-0.4232293176115489,-1.2227101484237364,-1.1352290133992948,-1.0015506402374033,-1.0154937617197097,-0.1800296584282803,-3.9978853288120453,-1.0638306190296711
0.22395087306035424,1.7265374379444178,1.8359697144941236,1.8759717528430382,2.0845919064409975,1.7292232951728224,1.8370895450270275,0.6331266823880051,-0.3006191766990702,-0.26560244336451677,-0.5377427665684666,-0.7438923255743339,-0.7031786241082499,0.1600907570359156,-0.607369676629673,0.1766717872759967,-0.0037707732814813632,0.8255240936162184,0.19822384328154302,0.3454605215655807,1.636611868545332,0.4920394388123392
-0.15254061025010165,1.0597507392462546,0.2637406376969313,-0.21416780588360643,-0.7662553078568711,-0.35013336482385804,1.1622270680992,1.652829197564018,-0.14242694962146035,1.0664846077833474,1.2197076254175199,0.928326398915712,2.241979522680798,1.3219394483519549,1.8563818119428963,0.1569226862388903,0.17856901974264777,-0.20302405872430143,0.037873085763275235,0.4874914646646091,-1.3384644546462119,0.2261191549604396
-0.10497006573271865,-0.2757554029667834,-0.8101617814915083,-0.09314140560833274,-0.6862400058802999,-0.1512184220716256,0.7832199214792956,1.0178636667776642,0.7414480499191123,0.8038425643067902,0.3515574135774152,0.4478792859409751,0.09493165277939948,-0.6735546386206576,-1.0977339073783037,-0.6172192249092069,0.8656109070559407,0.6912967992578369,1.6709798788714088,1.3039280495136891,-5.6592242048149775,-1.4572438216192283
-0.412065117654039,-0.9391729957087835,-1.4308857828909332,-1.098863592415462,-1.650224540409106,-0.5023361769653208,-0.3620666427594389,0.11050630258094551,-0.3735257882714435,0.26150428112128604,1.0423911726097639,0.7804578236674373,1.7980067504053825,0.49927757932176536,0.5327325090413979,0.910701512776261,0.846882817530096,0.7702558783050171,0.07823565952371422,-1.4197916555326329,2.865943725216665,2.190186167013092
-0.5171674215274521,0.815579711162374,-0.647835457187737,-0.10003928022904836,-0.07294811737763186,-0.06533597088682436,-0.41884171730834563,0.3067505068996177,0.6305669107513997,0.5979005421798559,0.6141806994450473,0.40441514959812647,-0.04692722959116022,0.08011058077965225,0.6369279221116677,0.47009671058778474,1.4916708314679792,1.3211386384169785,1.1771528389040748,0.9986827570526933,1.0259983929282315,1.002798793555537
-1.2055569942251698,-0.9368596561398483,-1.4892470905245816,-1.2737108427451809,-1.8433374949029264,-1.326568680002499,-1.9272359362133997,-1.8354511131305047,-2.068424152343273,-1.374471633793796,-0.9402080162018884,-0.6673305027173726,-0.4822652337178021,-0.29221730504060595,-0.849344544903673,-0.6589812350613198,-0.004161758463980682,-0.44757342426290625,0.9831829299916128,0.9860587719223155,-0.8613780936818004,-1.0692830835880949
0.2603885313272922,0.13859184649213022,0.5542036556921819,0.7820626652176292,1.0062167835141138,0.032360326608579196,0.4110005957594121,-0.03512549699210169,-0.19608743840944237,-0.13871568579207721,-0.1514992372504814,-0.29600888234680844,0.06859884601686561,1.3385481681643883,0.6361813656201739,0.6494182587918328,0.6514162241689506,0.21920879607366467,-0.06814726622798133,-0.47562123937629325,1.6508597591652423,0.7623053217912583
0.7343444277394084,0.8425573028799822,0.9480899823694838,0.4455031262988591,0.9163609961512524,0.7299042453668038,0.9890109355361021,0.360168261570961,0.5590123086141879,1.2785069578186448,0.5939890863506336,1.8468009982902711,1.6450812077391561,1.5358212416684012,1.7726279985839508,0.34952558355601254,0.8142814043286914,1.3547508074156211,0.3135333770487334,0.2801459779748902,3.112740122522165,2.755321287470782
1.6703684673761057,2.1411696590441585,1.8579931976169184,0.9901410006754386,0.8054437992830727,2.183632807417932,2.316098123975119,1.667292216202682,1.2562899107132062,1.1639219241207959,0.04931883519440267,0.25410842562233865,0.3825607913985045,0.9596862066964233,0.5287609777679996,0.6966531910064251,0.2956886979901713,1.4096136040978728,1.7526842043968027,1.3753784146928123,-0.28330907313466136,-0.11926706446742097
0.10323255811313099,0.42391645755731844,1.1940941528295792,0.9931532578641288,0.01332751965241456,0.8811413369901536,1.797937953847295,0.5007484109656368,-0.36945999770444854,-0.39788849241971475,-0.18054813016811336,0.09666759580718744,0.0357678577446136,-0.5399269540991137,0.14998263261464387,-0.48982729439938605,-0.6261615529774354,-0.9693711407248419,-0.2512957044873934,0.5575378317523964,0.8663877610249953,0.6818755448187097
0.5850971093412197,0.21856758169614268,-0.7237580770474334,-1.2001878784616147,-1.9296723435055967,-0.6831996818499155,-0.4272878302125264,-0.8804613646400239,-0.9530392685033616,-0.6370266754645763,-0.6928152550863431,-1.1992270686771798,-1.7015398872886232,-2.1001843763563093,-1.9479497304837443,-0.5918494229177284,0.6958360354138464,0.9250481677760242,0.5786151657551151,1.3704646887180691,-5.780748247200059,-6.833748865205166
-0.015602178770116196,0.4723125266079045,0.04037885830338621,-0.3718460539092633,-0.01821174379663528,-0.6849107068922723,-0.5108388836445676,-0.8256009540393118,-1.3708564448166678,-0.6555969423159753,-0.3535982568649844,-0.4996617384753384,0.8385020455845249,1.1902838835506362,0.5645011208057064,0.6791702669687293,0.4476990784773067,0.8701522963859784,0.7090140245388368,0.859685158838435,-0.3586599260374484,0.20244229742885295
-0.6393467325661142,-1.3554263745371604,-0.9332068564196765,-1.0068438385335146,0.2023679343337505,-1.0534972270329872,-0.9400544258462353,-0.7607979484151756,-0.8407850336329287,0.25852636017466313,-0.3039528418917686,-0.8586044960448735,-1.1993954053560374,-0.7058002613110055,-1.0917379360918011,-1.2861615331712548,-0.9101761253057252,-0.6220080184567996,-0.35362506956559236,0.35781446042183995,0.9031641088451448,-1.1400504329147365
-0.751939529489365,-0.6898363194263617,-0.49353627150569057,-0.7512846702388829,-0.5176003514634749,-0.7682775278292311,1.4109059221557467,2.1344526597387423,2.351175926470763,1.8481696150336888,1.832258038995257,0.4615931878547196,0.29315752649978005,-0.3197423016737099,-0.7338902858363696,-1.1670283655961926,-0.8305488975917308,-1.0564767347360713,0.6037848264425971,1.8253723893591092,0.018636767117983732,0.3194901317526
-0.5824437536731911,-0.7855023099194369,-0.8635528813474194,-0.779991668018503,-1.299479620878172,-0.40533928020639365,-1.107787070176296,-1.7567939281774336,-1.478769280772285,-1.4919971332838793,-0.933768622487324,-0.22994426489946673,0.07945833853333648,0.04834179654196167,0.4526389002239927,0.8720715888326613,1.0007400139982272,1.9609992706161752,0.9153248107806375,0.7703235434590714,-3.938029745293276,-0.8298082058433376
-0.7255961314961219,-0.49783157844358106,-0.5026367068163232,-0.3487780585519858,-0.97481069005274,-1.543675415844519,-1.461541728202197,-1.104993513008658,-0.9078612700194476,-1.1161287536406763,-1.666197980606572,-1.18035953702433,-0.7991745602303616,-1.7746223921221551,-0.6897682824466632,-0.9107077718032034,-0.06483653613465108,-1.1100955923407971,-1.26906404044026,-1.0815824045213758,2.644337614014752,2.3128748502941687
0.22122260175640646,0.5729830086825228,0.809807130482205,0.209253370085583,0.8421871610352628,0.8108765354339925,-0.0977128370484191,-0.11328427406923716,0.6764270159158708,0.7892327870256158,0.214038003152718,0.6952724054207771,-0.0884143587630021,-0.6212746172910542,-2.1101610990138457,-1.0861017582740509,-0.9068074333377548,-0.2882777999371804,0.1288254309931728,1.6459202588611186,-2.7219866739840533,-2.720427373535669
-1.478194650168675,-0.40922597222937185,-0.898546363407948,-0.5290048055438418,0.3931788068668374,0.8284513368998574,-0.2941062586968706,0.6349855271801983,-1.1627272936740716,-1.0380488582701395,-0.6997712898290801,-0.05456399563563046,0.07159095609858704,0.19565800810601974,1.4568684075461196,1.179131716093127,0.7980468474400801,0.5210232123719166,-0.13790190838732513,-0.5897961245375863,3.8866544779558367,4.610983784287234
0.5840754801177611,1.3436122951022942,0.8348153558288016,0.7418905631780904,0.8479335856144595,0.7800880992043996,1.1841108481410347,0.9875318105176375,0.6560425476714169,-1.0069315050937526,-0.3148297251512283,-0.8084678553653479,-0.42999078162583965,-0.9901460605133624,-0.8899138300364949,-0.8115818908229011,-0.368488256359223,-0.6729911898091918,-1.1439336105752607,-0.6065693574778858,0.6963116610628026,0.3807508956713258
-0.944675543439889,-0.9579981320480387,-0.87936524371101,-0.24397292199215714,-1.306522946136212,-1.4562020075069795,-1.4668225574369258,-0.419468156679574,-0.6261932622488073,-0.7937739173445161,-1.2121441638942763,-1.0604279936642678,-0.7089754783134284,-0.28486337930588185,0.6776879341218335,0.0699359640904491,-0.8023167919180969,-0.38225975171947957,-1.128016401427022,-1.729335222186478,1.557478005194451,2.858067964725679
1.2823980110250082,0.014934119813199621,-0.2740196979035033,-0.5177917817780071,-0.08242666259167467,0.9635631011705025,1.1486763911968134,1.5332611800098745,0.7506196215345117,-0.3859893822858788,-0.5832423387429094,-0.37190008274778913,-0.10025023613542493,-1.006434137244566,-0.4720286255752702,-0.4420798990478872,-0.9439719715751516,-1.1565483365979514,-0.8747701631545437,-1.0491573369644933,-0.8993992271768121,0.18621440969168296
-0.8234130247628277,-0.43243884361293317,-0.7442853651270747,-1.2187559765339167,-1.20650157009017,-1.439500365519511,-0.3785916956243723,0.24964250799635862,0.7192924496873065,0.42738934093861075,0.533868466279837,0.2648759523705802,-0.07536781244913905,0.4413199575425977,-0.3240277211361093,0.3088492733524232,0.3550074649159673,0.980335105907917,1.1621999570668806,0.7009735299621356,-0.3341661005829435,-0.4721198946478
0.5051866436689373,1.23460218892987,0.2118105833149754,-0.8082336866098955,-0.6042948324496186,-0.8985415468480328,0.17297636584120815,0.5722394219909901,0.9919673131174426,2.5223840610882924,1.0802484663084941,0.22353673643359342,0.4777499258997663,0.50141345342146,0.01965185044979843,0.6295268360512611,-0.2228932448476848,-0.1380125590144852,-0.3356983860641513,0.21334963128714252,-1.533471691477867,-0.8610766572677363
-1.9570030435827055,-1.0119872781858892,-0.864103963573313,-0.438861132045153,0.7358005159273238,-0.02314929707198684,1.071564019834634,1.433634532465386,1.2856663153974413,1.0070888035726624,0.5879017357356865,-0.1297754457210209,0.24496604549638332,-0.2589416226829709,-0.878180994703192,-1.2845299157215702,0.11640403458549127,0.13822051892221335,0.31718185936306514,-0.558845692870865,-0.6965433184982426,1.8145709551411375
0.903741889062966,0.21608995669325742,-0.25072888851712666,-0.012976218852224967,0.8682811698858853,0.8713252607763787,0.6402281564753911,1.881743991972796,1.302661930330963,0.7191639584991398,0.5638293263978036,0.4309926635871448,-1.85471619477257,-0.32535862943405097,0.1822338582434887,0.8396355042240178,-0.04085366646946726,-0.5797550326404253,0.07529218385835047,-0.14865535932146764,0.3450298159843832,-1.4682237093073427
-0.520176200140979,0.32773384915429626,0.6546129964132295,0.668052972109249,0.4985402937572827,0.5933845696517995,1.1035773304405512,1.11567194684877,1.0237968905787116,0.9959900419554237,0.732474493640676,1.0377260515153077,0.5255246223457609,0.8723473587269841,1.4261641178798394,0.7800621442850295,-0.09716198250491326,0.2973588432150862,0.2649216186437984,-0.3122970144689551,0.8102533039888858,1.7804584894317017
-1.9953843573169245,-1.433926864511781,-0.8293627615652851,-0.7752671002971326,-0.864539025492284,-0.3183784132119253,-0.9483825484898573,-0.99890338384085,-0.698241474994501,-0.6407762992667707,-1.1002361051622482,-1.453161379006433,-1.165937684279811,0.14541922049983083,0.033950187993998474,0.15441486832253898,-0.2159879398445323,0.03537032760986011,0.5791091906029702,-0.2478695394016615,1.3412402719355419,2.099853768032996
-2.4530360243255847,-2.4199327308752685,-1.8884761920758824,-1.6373507854934868,-1.7128206648172941,-1.0977310462341825,-0.6020915524954381,-0.8584271335849446,-1.7819318084977829,-1.974290217125023,-0.9288506283484449,-1.1565344036297653,-1.760110574300934,-2.3795042682712855,-2.02865598225859,-0.6410915732797184,-0.2875161042509591,-1.4716947302126209,-1.0563625002985553,-0.2155499350163123,3.4413227590988726,4.202706953643628
-1.6964449803782924,-2.2729726868332056,-1.7874886067379925,-2.3490512537731862,-2.395796661170382,-2.6379345106915038,-1.9367908946139516,-1.7298670635942357,-1.3497850261646405,-1.2738895808045219,-1.034070010192349,-0.2532249872002003,-1.1180657296982766,0.059389506053442905,0.03753261661837505,-0.5961614873815251,-0.6633010130401001,-0.23866260140523177,-0.0641856077624049,-0.7520674732316175,2.178953239429931,1.3222019220134686
-2.0881286017288985,-2.076687543595671,-1.3959543665315595,-0.6239832878506694,-1.7981036073239047,-0.2238044427542766,0.9117324399762158,0.905765736343398,0.7233561811371962,0.3892493167337462,0.5489845903964283,0.1522608007489767,1.0714053973918665,0.6993573981826877,0.47292054989927684,0.9361135308081572,-0.07699901181561535,-0.440959404147772,0.2993126401312471,0.26938999110344053,1.736943532751058,2.8953590889569614
0.12921425946488738,-0.015153843088100508,-0.44472447663718323,-0.975130624943018,-0.9159890369624916,-0.5588699421795985,-0.3450905924810661,-0.9034126213508081,-0.1535329319955606,0.14918041585546324,-0.3110263388017651,-0.5249797620631651,-0.9126335737209235,0.43589694265734635,-0.05126300477171,0.49685167330645374,0.3467879242874165,0.35082297887952774,-0.3350119847505975,-0.053903484359242804,0.5831916354634671,-0.457805305750122
-0.5889062872013318,-0.005300401850393997,0.786743979701189,0.10307037177388999,-0.05927875120388091,0.03699883104383639,0.04562548199936821,-0.8090052336412917,-1.5686895668997816,-1.4733920656915003,-1.9876129727896914,-1.4045535703065035,-0.8963732917395811,-0.2009486911598264,-0.3523498206569471,0.0771942061383475,0.37201689592105924,-0.1513392352214755,0.5085588016767928,1.0795349852856164,2.103906247337581,0.6048744804716292
-0.006145604267867849,0.5487829636815547,0.5845663927009905,0.41744401890370414,0.5686082757827232,0.34450655458864754,0.027567465109978814,0.5386670116343198,0.1505250643561542,-0.6131635716298693,0.4255574168972667,0.7107519780917858,0.26138478541436927,0.7310481274336929,0.2580998054675631,-0.14880018817689442,-0.43206519853369874,-0.1303458712083308,-0.21996810992840063,0.18275085425351079,0.8796884011658561,-0.33902477599187714
-0.6277950229163319,-0.36401373330052084,-0.7260308027395674,-0.7960227347705136,-1.7263528977828835,-1.331798076144179,0.2918360016575845,-1.1467586147922952,-1.9288597604149167,-1.8847327971477066,-1.8732798000261883,-1.8131722671185462,-0.343531779097199,-0.1301245800693991,-0.8311082426727703,-0.13392066521087156,0.04450659780299326,0.3371683867350677,1.621677371880158,0.4992507994577022,0.9930608304212609,0.038454671950510166
-0.9390936825471558,-0.490083192505266,-1.175468440566186,-0.798314991173763,-1.2633368984921636,-1.1256996462872997,-0.6133438970515985,-0.000978708165110053,-0.49338090178828764,-0.7466936326519636,-1.0161534231940312,-0.14075769739318117,0.17085261274056707,0.5525296399559675,0.24981395102985784,-0.1705337719413623,-0.6944094916797421,-0.42592559876061203,-0.7576615040723266,0.36855158071587746,3.8239245196089193,1.4934612501998203
-0.3837660659085407,-0.5858973071973013,-0.7251059626212829,-1.3059452423895872,-1.3326345122079304,-0.7244668315996488,-0.6961597157626654,-0.06476134253700307,-0.06252278873177683,0.16145591152203204,-0.6319479732025994,-0.6839356187913594,-0.6505388911586708,-0.5787382910885791,-1.432773267723825,-0.8641440560879345,-0.5735778293478027,-0.2054716702540888,-0.6597196520984947,-1.458190179947956,-5.232812647391787,-0.34395711700602544
-0.20986164890822057,0.2726378375321637,0.05663229286879222,0.36619529365198084,-0.03370544355067221,-1.3016151664362052,-1.1319907553878685,-0.09157909099236392,-0.2179771074886625,0.7287394760551493,0.982761561558442,1.0892151850610832,-0.05074537378862782,0.9358784660409323,0.7265889790026905,-0.05195864887069483,0.33119247744735425,0.35587261376154955,0.6388191272658899,-1.1533082797805374,2.7646415529338912,-0.015030567492348518
0.5852308769743226,0.30897764109821724,0.7296569151587909,0.48197105210618907,-0.5213799855722558,0.12010232777121597,1.0745981927179111,1.835763298249802,1.44385897699829,0.4317034035173644,0.07775173229010811,0.2811631689744514,-0.9084207569571314,-1.1156998169593177,-0.8497336169940699,0.10608970438063195,1.1167783099023973,1.0626655055007488,1.0705723632788875,0.5011517046614593,-0.7836951212275227,-1.1784301823452776
-1.7388412013654586,-1.739155503780411,-1.591978521688634,-1.4787105540812622,-1.2926921171114607,-1.4449748020536861,-1.6375397350621563,-1.6059490856137164,-1.7283905005883313,-3.0628208521916225,-2.4329333234329242,-0.6083866323393243,-0.9047558434649463,-0.2534852068729124,-0.21917320237693796,-0.5349010942794726,-0.3962019419654529,-0.603433275779083,0.2070697055051044,0.7027230980829487,2.98945487598208,1.9007523769610875
-0.31716625101601537,-1.198572150250416,-0.9699205046814003,-0.10278140757815002,-0.8936860283235225,0.08276346674479011,0.15461784866680642,0.37652223726082257,1.364753260789702,1.432741181887517,1.3898643117410314,0.7244075722408432,1.2783471863421125,1.6304958597014565,2.0548322910814556,1.413264513697335,1.4624648466746277,0.3305344711455238,-0.529459740302635,-0.8635405323026563,1.9202748303172121,1.8532601976794147
-0.6832714030934647,-0.09382720655050258,-0.34004316445557836,-0.2323051697649818,0.3904367655786795,0.23001371593563077,1.3860467874789522,2.313642260812193,2.1714409062581983,1.19811570097661,-0.4358737115228622,-0.8551867728470229,-1.2013539614681092,-1.501274507092962,-1.2809445209813985,-0.7588572511802579,-1.0640963923313993,-0.9022903875599825,-0.5831149389134235,0.6030608223162615,-0.12611332858253155,2.1203343299019384
1.421069571383913,1.275454192072319,1.1462653526526194,1.109586081785614,0.6345139368324916,0.9821789648270332,1.5631560217072857,1.389187870003787,1.4064605523166482,0.5439011753104099,0.30102163533907034,-0.2404541333779221,-0.21550306995608526,-1.0663254400695814,-0.6477797646336423,0.21924282846995513,0.36440817534700876,0.5511641858714807,0.9655523543931065,0.3006779932774294,-0.8288824741442963,-0.7005832774336952
0.4474348992487734,-0.7391644128238307,-1.5941918112490225,-1.9575136802144102,-1.932285382416379,-2.7163395475248286,-1.679684016926541,-1.7395999577046062,0.2113858301145803,0.40699154781824504,0.8301797450308434,0.6944799891465174,1.2304596022371355,2.1192336714252145,1.6801023178630994,1.042984792844922,0.4963629642026491,0.5682715960607837,0.23011092183466939,0.5757173318845048,-1.2531258296551364,1.6237191555428852
-0.7819021374969142,-1.5749376446399852,-1.8755651331411975,-2.0359465121949927,-1.6722656272079108,-1.2722406435067335,-0.5340466749257377,-0.15245677991706952,0.3105269424752765,-1.1733356708169633,-1.1720068003515824,-1.6195357519388989,-2.4361839421912665,-1.9965226300684857,-1.563111042630968,-1.9520422668076125,-1.6430945948489242,-0.11236759720923199,0.002792776348185666,-0.12269666707298667,-3.0285864316626743,-1.5640028263873287
-0.0005767190407307217,0.3261395321783325,-0.24484841916216715,-0.5162110198466587,0.7537479550421657,1.2727968101325262,0.9911019300238186,1.085178545551854,0.9670761727280364,0.9206835080294624,0.9041413487508352,1.9902944311837165,1.5097731763349667,1.606315977102292,1.540347482909188,1.2721162321371524,0.48820643722072943,0.8357107176208239,0.10267392077726453,-0.7083622243278996,2.3381296401061054,2.837189839715581
0.4433617811642463,0.8256289178399574,0.42999966261902983,0.5074811176654722,-0.015833487472075188,0.5897692577465657,0.2850519440800104,0.5768811154882426,-0.4076631667096912,-1.452958121377849,-1.923625852899188,-1.8511707509634492,-2.162198764905023,-1.1567560140892355,-0.897269049913673,-0.15433360264782292,0.6267018599132387,-0.4878922992700659,-0.5009423628506007,-1.4889167392951035,2.899673138335213,2.0629030412768694
1.3297470550401802,1.8758377925093104,2.2123117958025693,2.686224704799577,0.5891868232989329,0.3365311751391425,0.6848213196693814,0.6791540086591386,-0.459683649906817,-0.32966428245645163,-0.46835785980456507,-0.9595435721679167,-1.7923663200402937,-1.1025922853726662,-0.9222488338850685,-0.9200083789248927,-1.3836343094747041,-1.8835115358675325,-1.0871808503086848,-0.914155604204696,0.5815796253351073,-0.41117063975354673
-1.1684293357842748,-0.7362135099161714,-0.3235181337033498,-0.4226505185803611,-0.9407685477407334,-0.7518869269645871,-0.12776827860594706,0.10185282084014564,0.2644496175701229,1.2625806532333075,0.984734031996398,0.992708739634307,0.4637476807684642,0.26260514795862366,-0.07769438316222577,-0.928495410760058,-1.025841378736089,-1.0394048070020498,-0.14396460184068247,0.12238273173382826,-1.7807438776740074,-0.34150380036735273
-0.020752198964879197,0.284054502966696,0.964351833732664,1.1919563451571793,0.7215749905135991,0.764056181727115,1.8627982904356277,2.412226710527991,2.3399630237929094,2.3982976475484845,1.7494096355872004,1.3618582076355985,0.9781325358377636,1.3313403973169828,2.088253616695377,2.378567768472393,2.734734007187518,2.800806678574268,3.312198891929519,2.3024733400126753,8.320901876073592,8.073383334389892
-0.6905494389500173,-1.2216331996968173,-1.6681724261853197,-1.2926137162404465,-0.8556796237672325,-0.9248875725965358,-0.8086387507753725,-0.19639638047640368,-0.06615630322565451,0.05703443591987536,0.8971883649113377,0.36708223653941285,0.3872308563994249,-0.3474285937343212,0.14219445683601162,-0.9417231275928603,-1.7569065568486475,-1.3846249134536146,-0.5051486432774407,-0.4704551057132139,0.350020328511083,-1.333521628962471
-0.18040922314015825,0.11639642686749267,-0.3747561111191592,0.17612863414587515,0.8548250380184808,1.2962659142319761,1.5509086241825616,0.6776853905911955,1.2455687381100136,0.8238276359031846,1.3776518120060957,1.4877854780589197,1.1135665480524493,0.9829982187236315,1.1218645906130613,1.4590748677362368,1.0177895253272664,0.9366046186788285,0.364512464947188,0.6737440728549858,5.789899397776075,2.812609733099372
-0.5704413623368447,-0.4746886675244962,-0.1558702474596516,0.02347499025533321,-0.3709952231131008,-0.7133878474802101,-1.3243863458215488,0.45306810902987593,-0.04441079006902971,-0.2921500321207774,-1.2558699588166207,-1.2819079186133189,-0.28369068502921796,0.4576991843331743,1.6061261026569325,2.4901501954683605,2.5543211683689124,1.742490068138312,2.504877207819418,2.8053348593565866,1.1832152966796468,0.11060811400247272
0.9394791725596975,-0.45436067061982754,0.3433352670055429,0.35565028065248594,0.963293615974016,0.9732984073901098,0.23859085494503304,-0.38526802943819116,0.3436757155671991,-0.055880375111869524,-0.3383348246840927,0.14929210832643006,0.5159589888748892,1.6547155104602804,1.658681870647482,1.9036898658262962,1.7918650415363606,1.078818982543434,1.389680282822744,2.8500576204009462,2.443747086765666,0.41542935116877566
0.8161467334945732,1.8547865317812733,1.84897866206303,0.706068955260895,0.4925755023270894,0.7547049171479411,0.6913536321066337,-0.44654504655176064,-0.3213061053363187,-0.614906628917274,0.0021178087819250044,0.12295744187172061,0.5247620218841345,0.4020920911806282,0.5196556184459926,-0.8020936720160038,-1.0642112158496098,-0.8470344656078141,-1.176565131532977,-1.1837849167589736,-1.2550226427285216,-1.3565367011130218
0.9641916635736942,1.2578414963510727,1.0695300402447403,0.9536712726336699,1.1729850091485925,0.5123282370148404,-0.04047480863595148,-0.6726271506745167,0.04659837974955429,0.1114113757227303,-0.06711832049706135,0.8231084915261403,1.0384583121768018,0.6861402797761809,0.2641287278090761,0.616387921078692,-0.05417456300249677,-0.37063920885977275,-0.23413832650456035,1.0128469932999722,-1.1735873357890467,-0.5061017158503518
-0.8912165675913589,-1.6282158271566982,-1.4530974969273784,-1.1080074700811569,-2.3403110077122324,-1.5213012214704567,-0.06789166512657172,-0.13120212751639426,0.02579834819006759,0.698007336826196,0.37243481973594883,1.3382330989366538,0.1376105026405347,-0.6744575397637809,-0.7451964097547532,-1.4019700659414887,-1.686772051708158,-2.5300479023384246,-1.3088772833331455,-3.0413916995734493,-0.6215387567616637,-2.044171490028389
0.21172394156997615,0.8368781554539972,0.32998383140977033,0.5436560183439726,1.1941315586750458,1.9866463978540752,1.3878385097723207,0.544236119399051,1.1715577111559972,0.3485370927587089,0.5408918747550162,0.19799703532265706,0.19906739049705277,0.5970731098444979,-0.12092455186624203,-0.648820917550312,0.11067557180886599,-0.2876491910687908,-0.09691271439602414,0.7186852744846989,-0.732723007136282,-0.42009350849466026
1.97191803451395,0.49835888807194195,0.32908854469899584,0.21793433839710255,-0.3272041921872602,-0.2384370905174045,0.25965757935723904,0.5181910171374701,-0.10509362756627717,-0.43948660262895695,-1.1727777405477744,-1.238561754982132,-1.8615111438393013,-1.7323055823609246,-1.63742176042539,-1.564482718233568,-1.339579774212628,-0.42985798856102897,0.23432277135509771,0.5978286509366076,-2.119173650106169,-3.067112716766058
0.13568574085350746,0.4979832321529718,-0.009016347296474858,-0.8045141102382196,-0.2881638588229449,-0.3992666538594963,-0.05229929662093789,-0.17929454115023408,0.2920751953410226,-0.9096261094997868,-1.7696912138754393,-1.2175024012228248,-0.9057638791437496,-0.5027562105972077,-0.257358173827766,0.46187217991566937,0.22164150759848628,-0.7908857609658396,-1.299505789962041,-0.9439265260069433,-0.6393003510366304,2.5178790088184355
-0.3041941920284182,0.07155801222471073,0.5466270766667763,0.5587422125815159,0.5816312454035171,1.0327059695381937,1.099126821549634,1.2049426248957282,0.8632414136536881,0.9348615750868299,0.7932461079653219,1.2676700493358912,1.5565049012993042,1.64541584524318,1.16789605053639,0.5598581280694077,0.7842451654298123,0.031574542607065464,-0.4183251793718553,0.4453269366682301,-1.2987956983293936,1.06362042127519
-0.09302378993483816,0.1269647364704012,-0.23149673930711695,-0.33321094197957424,-0.049930211516399564,-0.12754737596787066,-0.09579676535814649,-0.4085126516923421,0.0769339284786704,-1.5118235371875774,-2.140984989238936,-1.6281480610119214,-0.9000729986963769,-1.1972982572211597,-0.2261254845531066,0.28441655388281295,0.7889747573704309,0.11873250365464566,-0.5119491115763424,-0.13962296291636883,3.3188683657535285,1.2667326300133763
1.0641415751230205,1.527217929824564,0.8954158671253127,-0.6090813522709981,-1.56446665834992,-1.8617680135411663,-1.3718670380110685,-0.19584016546952862,-0.14595168186601173,0.8287000103913515,0.4603211212993289,0.7761584967605506,1.5404180249699644,0.7845392655677048,1.1397324282779357,1.1707832981942743,0.5652240423009938,0.8074664635623785,0.08624753597364865,0.5755504694996392,0.13280500982659887,0.6212656825185416
0.11999605797951791,0.10217946996590278,0.35904120106617976,0.0333088784607977,0.09988574420130648,0.004867079009708622,-0.4360637574964957,0.032371558130770146,-0.033808889452796885,-0.5661984081109296,-0.6085018288726105,-0.8707197325800463,-1.4321332023584326,-1.6121145494321265,-1.3950134200443578,-1.2229928314487932,-0.6244895823611913,-1.041985888106175,-0.2059554736103973,-0.6544320579248422,2.6766083012121813,-0.14320497724614878
-0.44351302399914944,-0.4201301946438736,0.4104016918848677,0.1142793770598043,0.22584011906768744,-0.6214747285069205,-1.8749768205472594,-1.1386877799491202,-1.3079288885229547,-0.5440222716036316,0.5190717588596065,-0.13509998324844621,-0.6955833584677169,-0.7986055718490034,-0.8555880722641626,-1.031133731569535,-0.8065902884538003,-0.42382799628641693,-0.44057835346068575,0.446615254561282,0.7443898584274073,-2.430836548325425
-1.6056126437221394,-2.136768150862253,-1.1073890775303645,0.23038783582719174,0.029300085460713415,0.44273916203727365,-1.3950467216341687,0.11517842801694368,0.5121709611649924,-0.03508518446917528,0.7725714761631549,0.4055549774628312,0.38740848024402363,0.5667962500790769,0.9230617577564778,-0.034241979826129795,-0.16017089595818043,1.3803332949791578,1.2040821718511443,0.35325939822152874,1.711891939181354,2.5987894389719353
-0.08692460728096375,-1.2009106160798184,-1.4408500792162484,-2.613453019805712,-3.68326373904075,-2.633652920056654,-1.1492410750421223,-1.0491014890004535,-0.7136469730591647,-1.0049455521751178,-0.9930312816988536,-1.4451175269854095,-0.3329957545206463,-0.32981759320499987,-0.3363849336426463,0.7422048433513141,1.2616438443089724,-0.08493742456648207,-0.3112151061994647,-0.8469327365868525,3.1737514412079424,0.6130431800458284
1.636881465776069,0.6864211213406382,0.9153293078291472,1.7316177938084114,0.4775630251729375,0.8707847293583592,0.3223486836059071,-0.6342879504549772,-1.1763138778926918,-0.674624396104652,-0.16143606773263106,-0.3873598787486148,-0.8004365677310507,-0.9179372806467252,-0.2416735877036166,1.2248162885358667,1.432302463761129,1.393407543697921,1.5947874398459634,1.4739996710595522,-6.028559303293802,-3.0379114744357456
-0.401459514585754,-0.1940300698503555,0.4673561935508325,0.17063441786074765,0.5548296171448567,0.6663884380858841,0.3574021442725182,0.582300868639636,-0.5734484241097993,-0.3645466321287124,-0.5001817915747578,0.3741706552158547,-0.8803029490988529,0.2790610586238732,0.006496492533008523,-0.1612190437898861,-0.45495464239374367,-0.3298207009823756,0.09474142364161119,-0.021557831982693558,3.0432766592490994,0.6661578090683313
0.08176540820073022,0.7971073567638757,0.5489539013353031,1.2705653521816687,1.4616672536870243,0.9099134160493066,0.5132976990164608,0.21249561194103253,-0.4839005243392983,-0.7544724372407304,-0.9693132985493312,-0.9257187403064912,-0.2026399228269377,-0.4995467934374178,-0.25017189349870966,1.654259254291096,1.0443630621809041,1.6627113343653497,1.1724773681376772,0.7585866779062659,1.7826970058767597,-0.7443084090106461
-1.108874211269258,-1.1009483882953925,-1.0756630264857159,0.132040895720493,0.5563395887183293,0.9042190554057215,1.1622809806695653,1.0685092744052782,0.8765424256788221,0.28244845754189674,0.450267595472539,1.1702739775929307,0.5274369467424436,0.8379886878404483,0.29063491746360337,0.4234660667906688,0.9366961513427866,0.6821563558733119,1.6357123306458703,1.021255339302506,4.450772655121441,1.9229722262699747
1.2926246466098503,1.286130168920297,2.456918828552996,1.9430051310111585,1.1339293690772014,0.9694130913665885,0.7501415425814241,0.8402899639945236,1.7120218815161992,2.6393545700012186,2.2051233687099057,1.6051996767773482,0.8820499278246074,1.287186959959698,0.9308233940313962,0.9811866403675888,0.8040456112800591,0.7535661001245816,0.5011487395368355,-0.05650873437321202,-2.4636408571512725,-0.18027297711881088
-0.4321113723749673,-0.5294200477218652,0.11543217369549495,0.9606414654368052,0.05733916434831527,-0.9089080762290956,-1.4724558133017382,-1.771008649626214,-2.6063169789465714,-2.4249334964686615,-2.205030239627541,-1.5377960853661987,-1.2453278046510856,-1.2493905148891324,-1.5093282044185046,-1.2432607312988992,-0.5296510793272922,-0.8554027168833577,-0.059672116926924694,0.1385975749051689,-0.5828226006788798,0.04103491221706301
0.3985774618211915,0.7937799002185452,0.5242964819801026,1.2608001098410708,0.6177113532480637,-0.03238005959461827,0.047798257843370356,0.4099823837308587,-0.4005011569851112,0.3450558534050143,1.1799437367499201,0.5055543236297969,0.4359859615961479,1.4566535458648995,0.5994302755157972,0.827902100326702,0.14848163943839235,0.27856640852536757,0.7092867181055476,0.4290419499821361,-2.8010009139149625,-0.22324273283396606
-0.5013747535012572,-0.09607139603353951,-0.5849098303609034,-0.8017369459401925,-1.6674601481068674,-1.7774417734453989,-1.1541633192772898,-1.6940646281285945,-1.1310443482834358,-0.3863657843801077,0.6279833267628391,0.8500552299412002,-0.11681992350636192,-0.9629897384412396,-1.7635986218656559,-0.7095709944922705,-0.5454701538261946,-0.9607765003402039,-1.0915032531268165,-1.3809054222201462,-2.4801429422284387,-1.323132431745755
-0.9793939080031403,-1.1702152801423704,-1.5480695042867916,-1.1224327956094722,-0.49988772184531305,-0.6132102815091974,-0.299254794558851,0.47546616093725674,1.3068191929513504,0.08162063265589051,0.6964506979946549,0.7800972042745515,-0.436319881095542,-0.7198881503006043,0.07711960741848357,-0.28064211665692174,-0.5714252610597486,-0.33565071473221947,-0.9407953034014688,-0.27019485157434653,-0.8940188104146158,0.21174960786103036
-0.09707254611734142,-0.028945021307594198,-1.1973172523620574,-2.4460793955520463,-2.7442051495830517,-2.6355015976763783,-3.1572191259071407,-3.5823998606416696,-3.415702487420552,-4.120655827047545,-4.268405130743092,-3.160453278077815,-3.145214554217657,-2.304280135878796,-2.53031622819629,-1.3467760323523088,-1.0277462526385002,-1.918468119230007,-1.9431076881718081,-1.834134988357612,5.0590033505953995,5.595257722731281
-1.9288414654393418,-1.785945582182607,-2.358179326367922,-1.1692171977094357,-1.6218219428097387,-0.6077380413482163,0.3947326514796475,-0.41307464839566893,-0.25575698551482645,-0.3401186961751565,0.198914811868171,0.04842323474013759,-0.5086689536389278,-0.508036938336153,0.16694292282728368,0.07477018032224331,-0.1440021707289295,0.4574146087743014,1.6194642911205774,1.8698928621453936,-1.5233763660940536,1.6076906282603094
-0.7014467270902345,-0.1545534417130599,0.15006405495469555,-0.010221007479046421,0.5249714702922661,0.024472138653062914,-0.9721896404081422,-1.119336769958356,-1.1612130312970088,-0.7553834591616323,-0.9254213267063409,-0.9052513098282853,-2.6759550173653426,-2.0016776795323272,-2.114858381061756,-1.6424103173037872,-1.1975232721310436,-1.0745954701436753,-1.3725000511213388,-0.9974706628860415,1.0588594158207578,0.16012081260415356
-0.3419006269336524,0.36571754687122415,0.7541896929682635,-0.561508956917189,-0.5392299618104186,-1.1114061765297238,-0.14676410639400692,-1.1787976572308265,-1.4009407548494737,-2.1407369203205118,-1.6809384117821762,-1.5187772519576679,-0.6904859883242954,0.3285852448560825,0.3699682798127738,0.10839072007388934,-0.3219786002718139,-0.8468833813361468,-1.6235061885773503,-1.5663935378640208,2.654828532028313,2.987247987962715
1.527778520065753,2.5882336303003486,2.2817479424804894,2.4954749306457464,2.4345856867388425,2.2582981208294752,2.4976162557709536,2.2764551803717192,1.1656613810707264,1.2806257117496627,1.193998364824022,1.6504647335705491,0.8703623380609058,1.6099914220005833,1.4039729085966968,1.1822087930438747,0.5266726371564694,1.240809666748094,0.9798720809039666,0.7070906623373899,0.02908255848339425,1.5613408928371681
-0.23769813594290198,-0.1724620198042492,0.1325872222659865,-0.147315471970101,0.18844510294015174,0.18738295195621166,0.5049679740509716,0.7071783777744846,0.6753048586868229,0.2060626427009338,1.4582633944957493,1.964605977750789,0.6187592723414007,1.2859628500015778,1.728994714891797,1.1504559239864187,1.1577812675434977,1.9986438798099126,0.7461890230830817,1.014461813101227,5.852829507342659,5.096636018873298
-0.16953711215715808,-0.614112086853269,-0.8277203200326595,-1.2551456705899242,-1.5258743770294687,-0.39507440523277465,-0.9575875948731079,-0.9202401234503682,0.16293855623377107,0.7921781085007412,0.417494348043214,0.5463350329998992,-0.24243354281535479,-0.17223023103691681,0.00664205396935002,-0.5241475723181962,-1.213997142364172,-1.0511671969089034,-0.26783411464091783,-1.0024279325876473,-0.6624014012506558,-1.2209977749428458
-0.4767401694807308,-0.6415407552011706,-1.3865879654123043,-0.6020536645126083,-0.7976924102870433,-1.4303398446409628,-1.7396852473346411,-1.1837231166418851,-0.5176326378352958,-0.3787324375489697,-0.7688271685849319,-1.0721656826141732,-0.3301584061362231,-0.19149840437917398,-1.3325920806743778,-0.29518175185563383,0.3773086124490792,0.6217822614078679,-0.23251746931568282,-0.3324811599394724,-1.8952145531736362,-3.4997138177508162
0.558098224249063,-0.09447021576853594,-0.33175708028265827,-0.7393418405701727,0.28861316534388054,-1.013560421077491,-1.4825023125222287,-1.999611973994866,-0.7237152950922451,-0.26452506146880117,-1.5336663176055694,-1.220782488236573,-1.3359643526365086,-1.0023357803624593,-0.12697364425179322,0.11373298330027092,0.7607033557864726,0.5921409899895216,0.5973998029864603,0.530192724560683,-1.3362529727233097,-2.7190267445690544
0.4272423694713675,0.16840152836807504,-0.49038790192522874,-0.7011712488186238,-0.33051289916203797,-0.6755190579663218,-0.7144867425968098,-0.19965423722153527,0.5232169599570784,-0.21325994594647346,0.3834449526570949,0.4205277049079014,0.8436731611923066,1.1546965008097567,1.6796795486218692,1.7373540337045428,1.2625015716189196,1.2476551981210435,1.4395603052077994,0.5944743755010382,3.576763577322156,2.927302357314448
2.256797726998637,2.7600923564041286,1.5062681662140947,2.8967957494005594,3.297658409793713,2.798799951237052,2.9959994616836743,2.192814378815473,1.9689896364596158,1.5445098968556865,1.4522136752225212,0.906847760990426,0.6698236938732337,0.7368539791542611,-0.8937163455291026,-0.7082732019821756,-0.02941371679678553,0.8854724005955373,0.461584082536346,0.9754423656257719,-3.761910728424065,-1.0664492818011557
0.8004051197411325,0.36516674694595946,0.7486795356140191,0.5995487871303349,0.3893866517442902,0.1774943849007343,0.27502755322909417,0.8852642881069066,0.33506909449173333,0.01721101814807441,-0.33638234995200944,-0.4523225328411741,-2.232159478398887,-2.6438515979709925,-1.8924413262417807,-1.670406719197563,-0.8186680531672063,-0.3694130809878713,-0.4744957641490262,-1.182173678102768,-2.3445720754210493,-1.3680888092709669
0.008177970648455832,0.23346208066398905,-0.4326694154397172,-0.18769851434055268,0.3832638807167916,-0.3086100895578233,0.2959308607468835,0.09176647451228978,0.509139772516462,0.829677204552694,1.050357420736148,0.9596951078432219,0.5466518779446959,0.46227942553033813,0.17588836498521007,0.29806970796616816,-0.4326249859056631,0.0908154077257116,0.23302027531865693,0.16980748563292933,2.687004054313208,-0.14367536167105588
0.21696647682950135,-0.25849178927708066,0.44536783720288886,0.9372430335527007,1.495639505845067,1.2402826571596177,1.4268898742680085,1.4561686065577975,1.5256999694732574,1.4487580673172882,1.7354859301408485,1.368978625962677,1.1696313760755463,0.22346761791926567,-0.26138867057085674,-0.04033421176292027,1.1604184471551333,0.7731943124696657,0.18162952485768122,0.7100974663268899,-0.9007924050094533,0.5233878925830169
-1.1507914182341845,-0.41919242066705215,-1.8137395665351064,-1.2368362135405127,-1.8520105181975528,-0.4320004100091259,-0.06370578291351267,-0.2387218153843982,0.13092906663758871,-0.525705920743926,-0.5246006351079695,-0.04342726993205117,0.08682986591522025,-0.41995621802004734,-1.0134936606341296,0.40559936598290175,0.7881022079171028,0.42648782478102976,0.7237615356883081,0.7332590928715153,0.2742415385587471,-0.10908029120322721
0.7963076310740569,1.505034730924307,0.451148142338588,-0.8240762732611256,-0.6503460511044438,-1.2297948234659135,-0.9880833167504162,-0.8668666362609571,-0.9595486366286218,-1.2962727394565947,-0.9742333749166344,-0.6114975796183758,-1.1979697626013563,-0.554255101337417,0.45024171374941163,0.392961731834172,0.2442630023287808,0.33996759341212995,0.021762325772809028,-0.35383906288857414,0.8602686224897234,-0.3160945759499993
0.9782477570776011,0.6181295056147573,-0.18012952999992576,-0.5273461785619717,-0.50355305615367,0.3397641123132659,0.5876094823693176,-0.08502972406126817,-0.39204449551121034,-0.3542200071617991,-1.261036203608844,-1.185724656073552,-1.1364555039697604,-1.0974878131265429,-0.7300777145795371,-0.05053238992120902,0.8230193730310121,0.7119721996030132,0.763448284005721,0.2707137970160814,0.16879844538317057,-1.7305320439909493
-0.3633290042691888,0.06619505702084923,0.32147237188289374,1.2623764684585475,0.7884652888664337,0.3986604972760609,0.3691757687136986,0.0016606393471667574,-0.5614095670059374,0.9600640380304688,0.8008540203299306,1.2373794052652631,0.7454503088789702,1.1750143736683127,1.1079050737933935,1.4427062613447825,2.3014593956528713,2.390966060831741,2.0873702795804396,0.9450424803909347,3.347685265109078,3.9878762390730937
0.33145428650268294,1.8441189038030714,1.7220532478571966,-0.16034674387698616,0.08484255723716957,-0.6211947665872596,-0.3967885648313788,-0.325497139278112,-0.14512897891194884,0.32965294680318435,-0.884730621457351,-0.48660069428203584,1.0851596138013704,0.4104831200991984,0.6833394806343243,0.10396889972234617,0.11622242345323988,0.2865062395491463,0.7439773509793727,-0.2739169584820891,4.173126417433577,1.0791254970297548
0.6728181965683598,-0.41672318348486737,-1.29218111032632,-0.07405020654876042,-0.65485014248949,-1.7611628545558107,-1.8224103050603875,-1.7625589952857437,-1.6132920085177187,-1.6327813494548753,-1.5746538590173627,-1.3748177107291624,-0.3488365035227156,-1.3014424809712632,-0.6706723611336414,-0.10474436096119741,0.11183142811719694,0.27879469166677684,-0.14949915529300203,0.31693063749154704,-4.765651236032024,-3.1186589987697704
0.6508065897227744,1.1930941148991558,0.16126207731896677,0.34883768887988653,0.08519047554540776,-0.07465109170120637,0.12683933300944544,-0.01261663479012919,1.1770986356422528,0.88705791578752,0.31831831227451496,0.01631626850638685,0.07427344531017335,-0.21056346324586084,-0.9597003062484306,-0.3513802796202793,0.4121292788420301,-0.29657813885367185,1.3197266648083552,1.5331683526646989,-1.5303912214836828,-1.7441464197013774
-0.4676902474350371,-0.5650458918824314,0.4257562089512703,0.8115465144109874,0.35306050032838665,0.04224688059283282,-0.9060438347686259,-1.065562118262117,-1.167105185313022,-0.8632795791230212,-0.6507039331165155,-0.16396544273617797,0.028800646578462086,-0.6512023839609746,-0.3488211094291573,0.09707115744366274,-0.5609591681502265,-0.3587407043913488,-0.10604691151792833,-0.7213405541484093,3.0021969753627884,0.885288151797263
0.13427334228749077,0.7011600644247126,-0.21055417659206993,-0.01770208499967611,-0.770828378156006,-0.0633610669631769,1.2580111529489573,1.4439040185222551,1.5122471998207834,1.1699439355226908,1.3045506077655096,1.1437163289644703,1.6493205011421348,1.7151469566104212,2.3405752910277036,1.5556487667426464,1.8586488590541215,1.634355361103344,1.7108628598359974,0.8768293424264946,8.236781082220064,5.4040072548876505
-0.033835213391686235,-0.24877231119424215,-1.2135147103880666,-0.30888623867932097,-1.3267905362131616,-0.09683717078937165,0.1122004289942792,0.6947344312772648,0.7717194218600759,1.3052356397894624,1.2860029471146284,0.9752872661081667,1.2198814316242015,0.9712486899495568,1.6400998948196694,1.713038697754976,1.1331543241464574,0.42720235290829917,0.6652092921978895,-0.018853982982967973,-0.44980152906776105,2.1300160832992656
-0.7850070112341461,0.04197747252034301,-0.005050896833194513,-0.06118622842716168,0.16954288989643104,0.7125467073160833,0.47753559964164144,1.0121319108201807,1.5561200059634033,2.60415321120031,1.0413594313376304,0.9965886689459403,0.9829979668034683,0.8602915015391412,0.16485463611648613,0.1403850200165767,-0.8561838268051901,-2.069685058408804,-1.9499140295774307,-1.6091783401927098,-1.262066577690119,-3.008490760725243
0.34039070535748855,0.2526651932803583,0.17974412453262462,0.49199291655989474,1.1065423675564647,0.7657047864699563,0.33931618836573857,1.2508217237099881,1.9850953243584615,1.1446139733257588,1.0554501403004963,1.4359113615171246,0.6122051826942213,0.17473596763091176,0.5228986897305176,0.5340465697160668,0.8472340259235754,1.5702920066911752,1.0818725481567018,0.7976470448876751,2.799949889591253,1.076553027198232
-0.9148667567567776,-1.9079741829240289,-1.287698651545549,-1.094161079122857,-1.1791902020420906,-0.6326582617403432,-0.43300322667451796,-0.3517704440681574,0.06351815331788505,-0.33809358310530363,-0.3413940180777136,-1.2735305636814243,-0.9437966525492759,-0.5572619644467528,-0.7584448922667938,0.38385697697146676,0.930065306141001,0.37440519625653845,1.26032677322493,0.7773984724804789,1.0604088600616688,-0.7535407171334132
0.47183510684708674,0.7104281210840575,0.39591971214390603,0.042925417390078345,-1.0011964016871358,-1.032571419297396,-0.7034739633553797,-0.10616572399045815,-1.148788672113345,-0.180481832661501,-0.36225785323645876,-0.3071006989656201,-0.06405069151325522,-0.7068770653238451,-0.27467340472715446,1.02273808289052,0.559927570557448,0.014642819821424617,-0.6489524079126486,-0.9218121590537501,-2.4832381309140654,0.2181892141144551
1.3532050084004092,1.8094099061857658,2.3155929359472256,0.7341551592065769,1.0445383919698428,0.5623634031792607,-0.13996014815450275,-0.08100439757270866,0.004928991618198059,0.7575453933731525,0.14703517984473627,-0.05288721096457745,0.4856158079010535,-1.1739632902045734,-1.0286753474985988,-0.8585096805418765,-1.4824385968942697,-0.7619700033873552,-0.9534832543727828,-1.7940671397960295,0.12179031637319593,-1.6527183307379874
-0.48220743081153983,0.015301236073330607,0.13169952604551444,0.11440333183484709,-1.5598134389699867,-1.31597292559022,-1.6339692836455286,-0.24114860055536325,-0.10008490640128663,-0.8992416272188675,0.30764991303939804,-0.9906385985074418,-1.5312904169634223,-1.2831394214762661,-0.7911370070533821,-0.1876861102307304,0.026048248364843027,0.010607487379307199,0.22945994306435763,0.1809442442964077,1.6668778052006532,-2.1405243597425407
-1.487647628871956,-2.0356773344531427,-1.100020828055765,-0.5449945968194577,0.16142739093444375,-0.3898744419125123,-0.2539393979785988,-0.8251968260843667,-1.1395985620877704,-0.8571028585834056,0.38536931608201225,0.8420051624501972,0.5813993033155819,-0.7038498423845971,-0.7878700645728497,-1.5149515307473378,-1.2295680162745943,-1.0203483840950582,-0.23277110442435017,-0.5777373781581747,1.4874909462253285,0.6661042895736191
0.5481698250194095,1.438785725147379,1.2497140667490794,0.2100480699186091,-0.27966226284988327,-0.08267493444985298,0.31600266851774717,1.2857975344365458,1.6139897555225018,2.2247832319607186,1.5798435581503847,1.345774363640825,1.1627744752105582,1.0644863734352903,0.41976496886663683,-0.23787945571044364,-0.20228237537246824,0.2628195374696357,-0.31148859388199973,-0.6810192586955929,-0.4341766245530708,-1.102305466169252
0.39553807149048925,0.46774317415916206,0.769563285178488,1.2851257064391484,1.7517166090314886,0.9266516162383929,0.7426331077377498,-0.07190077026166464,-0.013372657606404721,-1.034492624451315,-1.125508332513701,-0.2199445166293788,-0.08842968611574581,-0.0022008558941830794,-0.2738555165078138,-0.013318087101057889,0.35252876737229416,0.9940142902606487,2.135883061421147,2.4514727071665994,-4.683345224632157,-3.2924408868089112
1.3934701011613324,2.0812807347545594,2.053321907706408,2.38528209278142,2.2803229465885275,1.559174760097145,0.801587736452378,1.1820127707990113,0.8294670731713963,1.0226785632357243,0.28583075962572146,0.5116450488877218,0.6432904158736493,0.4839513468639948,-0.1718154446875895,-0.4185445892574729,-0.07374972572181301,0.4893164179015412,1.1461958828258638,0.33767808434596713,0.07026838042556172,-1.5286115048088094
2.2672247608937295,2.510022439420531,2.327243543388511,2.597240787876966,1.8399397329240774,1.8855085966249814,3.031518721803206,2.9496196157938304,1.7209426306854703,1.7601063299526538,2.5502167865629852,1.8443468620980827,0.2331491501236634,-0.7455313789853147,-0.5552854530285208,-1.7180791303397713,-1.4297869186150303,-1.789045305405103,-2.5062606525737174,-1.9147877838944878,-8.554225401605061,-9.630988005174727
1.0454169489332923,0.23040936972393486,0.4676619913128872,0.029025306510589804,-0.32348402483116184,-1.5904701705779234,-1.444068966351917,-1.7799463306805312,-1.33433633201251,-1.056458001765152,-0.6570162592817023,-1.0536889820517317,-1.2429163870043083,-1.864199664546154,-1.8327015195770904,-1.5767206309608368,-0.6065447918463741,-0.6724272799696371,-1.3138625763881657,-2.057956378052735,-3.553043084299677,-2.319943087683811
0.6088177549470819,-0.4168127550758748,-0.2424124553637076,-0.5060847554832725,-0.3566441495955425,-0.13747748287134132,-1.0726952064491795,-1.615865307106111,-0.6679359533170622,-0.17575243679364227,-0.31401732844118024,0.03584398019690249,0.19306196487168037,0.6717041776316786,0.662082709273595,-0.40984028303152165,-0.05234948413881546,-0.5879426388755931,-0.5986009767011892,-0.082479250420466,0.8897073500329543,-0.6481044770087997
-0.522700902449112,0.7913524118973524,-0.6943249636938955,-1.2319132315164893,-1.2770933552652113,-0.9423847170088947,-0.10316991884448591,-0.12922302254828238,-0.31478657586482983,-0.6842345132576516,-0.6709342669411669,-0.46642327455575167,0.09623110548353217,-0.5828260919357017,-0.7172073781949571,-0.822514925497949,0.07084085734037726,0.9769334743250758,1.0341808342084502,0.2255824036275457,-1.4488952709225815,-1.3399388670467267
0.3092428101358113,0.6197036809077687,0.8111403096785644,1.5124221676621208,2.278227543614833,2.5653484059482605,1.6636995286269216,1.3110619731709205,1.2629244433301,1.0390048800445464,1.0455951529697203,0.7347472974195314,0.017112675534087237,-0.12909340649559037,-0.2396797604467409,-0.19610578964301728,1.0178572347177395,0.2185698101236155,-0.6647224219736135,-0.7331425360364472,-0.8983773413575098,0.018481878605719856
-1.226919245275673,-1.5305330313075893,-1.8757886498408918,-1.4072329713847727,-0.5310905472006103,0.0618414527148186,-0.7113349431287169,-1.8039716032693154,-1.987977025379679,-1.7768813558974188,-1.3924056631233284,-0.15470871474711495,-0.3547749055753814,-0.7201820789756284,0.2723903882871809,1.3225673972792134,1.8958782679545538,-0.06282687961895228,0.363900403769611,0.9306817917811073,-2.3323687967281095,2.22618520632466
1.293269907971694,-0.2931209191322417,-1.6380216670970855,-1.7903247670892137,-1.2952108654430918,-0.5092423194215542,-0.5272021709312293,0.43733915566562254,-0.06166241452028121,-0.6547890260207292,-0.32121973035224305,0.1765139266401109,0.21929740370733733,1.7425999306306308,0.8662982365900291,-0.6827205456016154,-0.8064887320190075,-0.09573047195458001,0.528360286661648,-0.29138264633205924,-1.9947825969178297,-1.3934208671503525
0.0437442420958353,-0.46489108158581116,-0.6471033224821939,-0.5540440193557478,-0.43903000848692886,-0.07327927217164018,0.4788352275605778,1.518488839381343,1.479407682856241,0.8530386337868633,0.8328649041868001,0.23318867357491035,-0.8685475576397921,-0.29953618863000026,-1.3759430147050826,-2.2616652372055337,-0.8932378725433592,-0.9241374007928788,-1.2979424652535143,-0.19138474903627206,-4.365947057120531,-1.9013313735361954
-0.39108974449367323,-0.05400027545876278,-0.754411047193813,0.7170480577238294,0.8987009011229148,1.0347331128475348,1.0288077527537869,0.9091469394064207,-0.43089504177621635,0.2946165060456446,0.19261136653037525,0.08093495876435455,-0.41391241706877857,0.6294097433968087,1.3856255288631214,1.8742503783027544,2.7335167303577874,1.8751766956795717,1.8520827707907057,1.6482456154392904,4.922097583920044,3.2651888905250934
0.9653364737282667,1.2640450507219994,0.8158636241670445,0.44699853298112785,0.9607417586287018,0.8625732189825411,0.40176236867069837,-0.025019608707607836,0.5826047520103268,0.4102274539918809,-0.09832108010807496,-0.3198687722960088,-0.569314435636473,-0.5697202086043814,-0.7916913882534842,-0.9803710753319101,-1.7691430496518357,-0.9682587196614553,-2.0911990837260457,-1.5738515736378091,-1.3722476798174812,-1.112694472101726
-1.8261937925627518,-1.2621558523102376,-1.4303863979357605,-2.1939664452883836,-0.6199506594979094,-0.7922506829863397,-1.1038117967206882,-1.703570141458946,-0.9565062170683334,-0.7700937445214334,-0.22700651706489028,0.24518520321309903,0.38517989458919644,0.044044492534637554,0.46439078785770577,-0.21747415957573107,-0.6005824074727844,-1.525379877608231,-1.3523214478976275,-0.7622170689306451,3.1704203863714895,1.9601557682302548
-0.4791172578780631,-0.6636878425316951,-0.7136849975741518,-0.16571189325098215,-0.4874990095037534,-0.41777115687407096,-0.5165184784895603,-1.9647598868603637,-2.4502690166915864,-2.2987878167998335,-1.3839294762555934,-1.0327639181746067,-0.5527483827038289,-0.7803539816292056,-0.8277103862427825,-0.80598584006303,-1.6245166048870967,-1.6202417323004055,-1.923432593822424,-1.4603317930466122,-0.45874940937515163,2.9659393618482706
0.45112778626118966,1.163400372038326,0.6483851649378981,0.7383315793796885,1.1010321050216578,1.0925638401736106,0.8331094225370691,0.6637123724333853,1.1031246545433535,1.5793250372092154,0.22938007550758177,0.324532790992659,-0.0214795064495344,-0.36887945252146664,0.5942167530170364,0.1552877364749358,-0.1301639907155253,-0.420831135095559,0.5724704725366873,0.7772226692148009,1.5970379896556355,-0.13352391101635766
-0.41296279299113187,-0.1334242544279066,1.0247103182116433,0.5568975616349121,0.8677863260645862,1.1400781936811697,1.064229973362072,1.3443555844613537,1.717894996619576,0.9283553672057946,1.1231280677661284,1.4261167734071016,1.975707118468367,2.1520104576727324,0.6681161808972936,0.3057119341099512,1.3683480658016118,1.4198659707923404,1.4520401991883831,0.4659065963751109,0.41522415353919495,2.5534313976727048
-0.9709901171309239,-1.1374461165284109,-1.1160276608211706,-2.013054570115498,-1.0197007192929235,-0.9071720411570745,-0.9269863947231373,-1.2140038375329614,-0.7681467272191201,-0.26189016134125237,0.5114451118151574,-0.47174016620031767,0.9237843032238247,0.8047530149766466,0.5683665292115176,0.9883419602446685,0.43643610242816455,0.20151183845117707,0.3987075175921928,0.1968830794033491,3.5837673089597724,1.587845602387669
0.9186407893668196,0.8513774550036142,0.42075040268638814,0.060416236612718124,-0.22187963030606453,-1.1198695265291299,-1.0695074691558135,-1.9317799861237448,-1.154485090249693,-1.2078344566442467,-0.4852284040342543,-0.16812755115730801,-0.6981025733672349,-1.0093829545757518,-1.0622622245907092,-0.4578976741305239,0.7577255399189209,0.5365309018327208,0.7507802262242181,0.4877159180511161,-4.717560661022745,-4.305990477896567
-0.5890543366200507,0.8902271098098946,0.5859247017374466,1.6185503583646699,1.952743329010311,2.2599189911253053,2.863071149974149,1.3958784725146807,1.1168623205865544,1.0283784308930457,-0.0003105545074500164,1.2426997108002344,1.1079529413484908,1.047194858927399,0.29126324504409457,-0.033619227076083065,-1.3437739831911433,-1.2194230423221366,-0.6829196227326748,-1.1268414748212081,-0.12572793899236256,0.6393817617308085
0.549094832409499,0.6426649454087265,0.9491739172058608,0.8973476906912519,1.4497306060589865,1.070936944628556,1.1932481026584691,1.7470046972795978,0.7471462677134247,1.6773595007626867,1.3855825163017155,1.3716212691499623,2.2541175518814485,3.041144537515195,3.1637883223993044,2.4417918281281796,1.490031855622248,0.9270873056903145,1.2638650145865202,1.2365641990987681,6.780753245778719,4.260659830549299
0.048507769692318174,-0.9235569859153749,-0.6629099043367577,-0.5825240423513487,-0.026434840303285655,-0.8198913170391673,-0.693048675156505,0.1917712341049897,0.38912329746050217,-0.17057578878240154,-0.5097951074158574,-0.26791028324775207,-0.4346123501520479,-1.4381690794397477,-1.7239943104322977,-0.612599751282774,-0.8597950431024824,-0.49519085414316305,-0.003109000577195823,-0.6122639885044268,-0.7012776281581033,-0.8322082142031587
-1.201365044165584,-1.382856925250151,-1.0129139388942432,-1.0723785629140241,-0.36205915917274345,0.2811267450665016,-0.48940015953162397,0.6718985584873375,-0.8495785117787915,-1.34739992189915,-0.6507944879054383,-1.7292228696792915,0.19562536287967938,1.1520515337331998,1.0303737749190764,1.278514928263169,0.7532315682930214,0.8163234466939789,0.8001005097969356,1.501093973372799,2.674266372632583,1.9250599877180883
2.184748726044152,1.5607690652315531,1.4939245167632245,1.8242911094510652,2.047315509990553,1.8168481463765207,0.9801719618226387,1.1762169294357863,0.6476874588040822,0.7344373038796033,0.8974636553857771,1.5813024832281974,0.648480875429479,-0.027671146603117966,-0.5827972592768869,-1.4805635473482222,-1.5212364972009957,-0.9703981103157704,-0.5958590671502296,-1.0629437789473086,-5.687320960298324,-3.900638461541427
0.5382653000868495,0.45472388979870193,-0.07648061727587092,-0.306186021427419,-0.2939042776557822,-0.3983351867231981,-0.8083185846850977,-0.4305278291688287,-0.5096020996188056,-0.5385971219589052,-0.12405054491582133,-0.4383677494233652,-0.3573787924843335,-0.01855630036331887,0.05918786809175361,-0.8278334257404568,-0.5686890028648266,-0.2880930497644265,-0.6322229428287636,-0.36790863852589295,0.04092983632719327,-1.3377285270878692
0.12813015267400224,0.564428088058341,0.07723893991378887,0.29270097682871293,0.3561241222678555,0.11470530789327586,0.11377238743567611,-0.6773262242188139,-1.0535493665670135,0.11562441127658356,-1.4364493454944338,-1.5506094815256,-1.473292957805197,-1.0743980373450537,-0.14330598605528358,-0.08345506221125841,0.013944002090253142,0.38769453964655937,0.9814337665784997,0.17099804896363036,-1.1803817807555195,-0.1317371742041756
1.206167635697599,1.2357985408314534,-0.3114864195320693,-0.2955097599283957,-0.2180034748813495,-1.577683039452453,-1.2982750024300826,-0.9512376992790605,-0.012492149807115145,0.42980311876427046,-0.11793875438263561,-0.12304951839493801,-0.3300056516504411,0.0993187626010964,0.13917247223249757,-0.5608441210245781,-0.926714310055072,-1.3928575902428553,-0.6644171822637205,-0.5859645504000172,-2.5466334014946663,-1.985381406706587
-0.11509712783780704,0.5690716624228749,0.7037150716391407,-0.028777755637226836,-1.138855696507297,-1.278527108248418,-0.966555780495901,0.03171640661247694,-0.1253419048280773,0.4869989787454338,0.2984337141569248,-0.656778113332084,0.12036631005638498,-0.20556769011321127,-0.10893064138675411,0.809226827469004,0.4386332491864042,-0.04831781175189343,0.21007389580307295,0.6555762250720898,-1.5360094172360483,-0.36576171436177796
0.6802692413196312,0.4565994738303562,-0.034196098835101586,-0.5689171927727994,-1.7453895065113816,-1.710737034916456,-1.0731301566169724,-1.4872695611297169,-1.2259061097527502,-0.6139659901316076,-0.6406377798196426,-0.5649040483038968,0.4099734721509919,-1.3085441719979767,-0.7740558920737253,-0.8016119687288257,0.2958577536207187,0.6356203301497007,1.3869235219767038,0.6677778055489283,-3.288277120369707,-3.640747690796876
-0.565316419149028,-1.032794755575555,-0.7193087096656778,-0.40266683918904217,-0.7038519133258891,-0.020485822093541897,1.420796467021018,1.9548853124298242,0.9117425049827943,0.08220132649009233,-0.564370315572141,-0.5533684666230133,-0.9962365075743599,-0.8760937070195883,-1.173533254116171,-0.3711987962405086,-0.8699852357906075,-1.7290177669934972,-1.2222403837847902,-0.9485948747151235,1.322204093507181,3.0966478059239337
-2.036406985180738,-1.2618940015087499,-0.7009815837929241,-0.4005144808601087,0.23791755953634167,0.5168986773201814,-0.15534242389314207,-0.241394204729707,-1.0106343992516247,-1.5232900793142348,-1.2686121290109524,-0.4606715274659113,-0.7990617240204348,-0.4753930248534046,0.23802430735711377,-0.00468088528385242,0.013915842158352764,-0.4470511004399931,0.21429947620642867,1.0075510305899176,4.628709598205752,2.8375343231402894
-1.073991315251927,-0.37533492039566474,-1.3396224708857027,-0.6690039961544282,-0.14760930783519147,-0.48489991329762044,-0.7071741440498938,-0.8353968222831805,0.4017169544006548,0.3847933133212659,-0.16642222473779378,-0.364142398034474,-0.7481248573615719,-1.7375044358579956,-0.20003919424006686,0.19959531946423145,0.6102513712283791,0.3422533776255147,0.170442022914448,0.8763359545769412,0.9032577320014431,0.16725970276501342
-0.6456601031109033,-0.25947855184907626,-1.3639657675734578,-0.8604372998515284,0.11433240808349958,0.16065934082126557,0.7799634409695693,1.8271771542292041,2.2581656741624636,1.0560011968455842,1.2969744283134574,0.9236572697953878,1.101023439186108,0.9712492839097485,1.0596122985200733,1.3928483962033575,1.0907161442446967,0.841275148915122,1.4063329704138439,1.2206546779923169,1.5564311002247202,2.793188205846158
2.17443551033459,1.258477941143362,0.17796542541899435,-0.3775880384795618,-0.05752672663779419,-0.18710445323900343,0.23706390857657456,0.6904869701511107,0.672360358374449,-0.07550122139105465,-0.49320415754783686,-0.7749244711813701,-0.7036717473983205,-1.1875936914069953,-1.9062109022016942,-1.057445671430114,-0.22841802980805673,-0.4870864241106682,0.757760217269442,0.13224878099864226,-4.271849623961327,-2.8611581918723537
-2.2777309145847235,-2.392090343424687,-2.4009517779603673,-2.751123701821679,-2.115339793094306,-2.2222640548647083,-1.9884503102742994,-2.279808031411511,-1.1600817465905815,-0.6108726209435085,-0.16403583560113583,-0.05120391066029628,0.8961744803102778,1.3316471132328966,0.6410098481471652,-0.5444189772111411,0.44797992231011885,1.2951051655208683,0.7804965154844601,1.2384771242911317,2.16990159407382,0.6426096220750163
0.10597392695540873,-0.28739657058654083,-0.13214625799920118,-0.07354298982872934,-1.063959276288585,-0.7315093769500433,-1.1872850104041026,-1.5636289751732062,-1.6614803927676571,-0.6040671342216962,0.36727291227976794,0.8997654633952253,0.9527984681539275,0.665448566764368,-0.2999658783063032,0.5688347523016531,0.23794631533445226,-0.5456783942796293,-0.5798506161312804,-1.4770067530267286,1.3398260189441142,-0.6001127319734156
2.014661164462141,1.9674308294478182,1.0054803152865908,0.8563648516355796,-0.1251114437850256,0.011962124479226005,-0.2819434493245783,0.09006609795313986,1.039669731548692,0.9385153925579217,0.2317572008026949,-0.057343904177612766,-0.04401498403914309,-0.31814697884814064,0.037604196231207816,1.0232818161914377,0.8120725819531154,1.0499004429552325,1.0957654031795405,1.5053523762344718,-0.8599864987842176,-3.0540846179864882
-0.11384805690216826,-1.3730197725629736,-0.8107564164544125,-2.0500264614681285,-0.77730814621664,-0.7520629831168454,-0.7015421170739194,-0.04439910650996603,-0.7386147622046139,-0.12989603428326435,-0.16461755666656025,-0.3822184582940696,-0.1616631234635337,-0.27409875977738324,0.11424059150140162,1.3896353950493916,0.7504034527937523,0.04673897706098258,0.6876405427341011,0.6101193482592303,-0.22235318153338807,0.44591302088962376
0.31618861851886354,-0.07947771279950443,0.13599955461005472,1.3754496760880675,0.5588432383092771,0.6139389408841756,0.9399405156745914,-0.028683441102861494,0.45949383422078727,0.3747427370286869,-0.14125620411411452,0.1719582573277297,2.199368314917763,2.6257377202503807,1.6417599479817615,0.6276129626387137,0.26345510911995973,0.6509190197872371,1.5337801086603693,1.2766469561998897,-0.1731213986833975,1.6823851660259346
0.10078711910408811,0.5132916762112538,0.2489678063318727,-0.8421864607972899,-1.164845004341076,0.083620048487178,-0.4355492040279083,-0.5515564948029733,-0.5552327288857045,-0.35695409012775847,-0.551530900075008,0.2609750868942833,0.633434967744291,1.0386662999813983,0.44454634150455874,0.4917838635416066,0.2047881370932565,-0.6758988416096456,0.1333633330115698,0.546818511193655,-0.5147615066522909,0.6737558793074089
0.7646971633668277,1.3852678494855633,1.689496962528467,1.7976514712197225,2.148378151065783,0.9273129881705975,0.8495836285827114,0.0791584038035735,0.462734083841963,0.5532963516689816,1.2141289981698835,1.7007396471161818,1.069289699325481,0.603856207646021,0.1255600249142341,0.09342924229942386,0.2887613626918674,-0.7641364124976774,-0.693389658928494,-0.12215494163002891,-1.367986787275692,-1.8208894524263712
-0.487052718884107,-0.07187610366753655,-0.35630162192101217,-0.22279455404395415,-1.1043161517807354,-1.0479426710941646,0.894071494973456,0.22620649113791233,0.1227167521717249,-0.16712944806475127,1.1636018210749104,1.2957724282609921,1.4910127799792245,2.5394569421621425,2.2691733001982404,1.743304719758328,0.9223621340088333,0.001833450775898934,-0.2417704069698248,0.2797045810750196,0.9598291231648219,1.545990302249219
-0.16452099326798914,-0.41592648481672745,-0.24689916609654436,-0.8251109128481805,-0.24887898564084465,-0.6705821989863708,-1.304627208141578,-1.574627998429121,-0.6916994285407162,-0.43319715580024093,-1.3472506578351335,-0.6841344300155996,-1.3108854441578726,-0.891357821057919,-0.9627175031782138,-0.8791099430990933,-0.807411739284753,-1.1366083574608339,-0.7702082820113539,-0.8605403420589226,1.2849818028778506,0.7782235164462397
0.8639583111279692,0.27624151514719114,0.6903352852060464,0.6052596283460887,1.150386261993612,1.2496790013925108,0.9078180561378044,0.2977840779155377,0.011394057057545816,0.8411943647164986,1.410104067165227,1.3478436851257902,1.0021347899116404,1.0969598834559233,1.268607426561819,0.17608723287498798,0.2529684923000393,0.5384187297314457,0.8688575075730006,0.37425075046929135,1.7740853675350892,0.11254244500336452
0.503011787807185,0.23038152427029657,0.12143271473049465,0.40360986955958505,0.10823037123748389,0.3354770326719447,-0.036812794762883835,0.037102931624570186,-0.48032437647611737,-0.6340232302938598,-0.06978495597307091,0.7304351012586422,0.2101646714475135,0.5243991460404887,1.014319724281604,0.6959711444345751,0.6415702425782873,-0.1860877668902266,-0.8184994853871823,-1.3499553511225553,0.6169178729795866,0.5642686284691979
-1.4411010348648146,-2.309833224294599,-1.6844806044884126,-1.202248268044597,-1.3828206449388405,-1.1523923044946935,-0.19078458081349012,0.30571133814222984,-0.17159123588540723,0.8251023156653259,0.1295390479271301,1.1757008312214243,1.8914810386930934,1.3959964154512285,0.6300303795007217,0.610859564208893,0.6441098673155404,0.3503911796129947,0.8902222178895511,1.098988979562694,-0.7902782589376867,2.2964234545418125
-0.24031552608725948,0.06254430186621061,-0.018396771044295525,0.7333349415915799,2.1810752898785193,0.9014494103135443,0.10199852021434808,-0.08935373653324948,-0.3941571911770371,-0.323303223463197,-0.3914330760097641,-0.5890356568636029,0.05163984435765046,1.171040722261315,0.10601797651483234,0.5242106746897941,-0.6060251731777235,-1.1203589714815148,-1.4221396029911522,-1.3048148360271608,1.1177545645661908,0.7934310596764104
0.43981640669099714,0.6623711306254069,0.032931834953744306,-0.1790485916451994,-0.9732225191522701,-1.7796790492242816,-1.51293738795825,-0.7886784261588683,-0.8373980680187377,0.164767186465451,-0.49902254316062655,-0.04722981829174998,0.5596545890477541,-0.14221150937998348,-0.17001441549818908,0.09882855903409386,0.6438563555725595,0.27663240156095625,-0.46108305552305245,-0.5947541106520358,0.9640135911719734,-0.9318584906638463
1.9876021587366377,0.9845711605431258,0.6999136952558974,1.1659333357715609,0.9690703852070135,0.9821206384405303,-0.09456795576371112,-0.12863011146330516,0.5163026812336181,0.742642729062624,0.1740174991614526,0.7066285521368479,0.35843684739946274,-0.7144743207829046,-1.8100771008061374,-1.15917360922229,-0.7769576163265245,-1.232202846793938,-1.0319318405609177,-0.8433958080796795,-1.8083537183711569,-2.1966372000156165
-0.5977348049895995,-0.587574491888998,0.5166060174507261,-0.5902470446720749,0.8954756593560875,1.101998854504567,0.26206453020257187,-0.03660571037082527,0.7871068729261603,0.2550972200146536,0.6592235476774908,-0.2810996512422424,0.35309814949947677,-0.28816565831203095,-0.9526152500507082,-0.9561122825918774,-1.2256299432131832,-1.0593453006052476,-0.14455921520766443,-0.689826770376494,-1.3435390577694637,-0.25895005881673605
-0.24414635976225,1.2164625209756927,0.6367196677207498,0.8181547573195289,1.1496864833378808,1.1042612749617173,0.44111326108676324,-0.18406259803107866,1.1818262684787604,1.3308380455914097,1.0184876831109733,0.977093289599614,0.7307714054665773,1.6265663941902466,2.312498566058273,2.277647679320323,2.4049014571750877,2.096988318558404,1.163544455028686,0.6693867020301263,7.689398589967338,7.058181542725851
0.9624105203973199,1.660628843636246,0.9146871092156218,0.9903506550749659,0.3753596802844602,0.0713072755436499,0.3181592373886589,0.29712394168783407,-0.31728109508072594,-0.5984380014679205,-0.7750176703017315,-0.4990941401862007,-0.4766551750275266,0.5398309240100135,0.8299265284029652,1.702749037100834,1.2708292321640189,0.5271819482841817,-0.6276238431072738,-0.7382190159802412,0.5544142298524272,1.5209378287909487
1.5109790221271433,1.747516767601246,2.0622225780849304,2.6490341934511754,1.771633059563313,0.8674940242161898,-0.2302399835549469,0.16477237567974257,0.9656940031806367,1.1891791037364254,0.12502706803320293,-0.22985739515791948,-0.05194965303559992,0.2174819886425273,0.07166359919493227,1.540828388516474,1.1856235972064377,0.946730242819924,1.417050629115519,1.7317203057777806,-2.6372490282171013,-2.389886279637821
1.1022818058287047,0.15836434868817506,0.34613258420676923,-0.31043622777561747,-0.6850422406080839,-0.18769767046238592,-0.6111597907649269,-0.038063289571962956,-0.22552623908420602,-0.6855967447900742,0.10766616750301612,-0.5630561660742192,-1.0701708497655789,-1.5119743640962355,-1.030210872361871,-1.4225048013653714,-0.8896141790464882,-0.6226047096686749,-1.5949319314322126,-1.3292932404527282,-5.9866324136369755,-2.5533676845749227
-2.266990966035849,-1.0046784056761562,-1.0830437202813366,-0.35461820895380747,-1.0418294004428537,-0.20938980356213358,-0.4350657489657944,0.6821674350960856,0.6588482281392174,0.984942533995317,0.6008919029708912,0.060646853034696135,-1.3716247527553878,-0.6701735007554502,-0.6470086169736753,-0.9628330580275672,-0.37963500740413814,-0.7603702945997355,-0.7361915531670719,-0.44283335039313204,0.021488067375831643,0.6773762566062463
0.41871568811908844,1.5587057878700732,1.0977598819143388,1.7347388488817765,1.4551240421132277,1.5090560960533688,0.8760382277185245,1.137298320243555,0.976441358120244,1.026731189620636,1.296833279316815,-0.023693341076159405,-0.772960285810872,0.1518866601940285,1.047472464427132,0.2483356780277023,-0.8101772421447725,0.09871432065239182,-0.6013321163447002,-0.23128692432915002,0.11375158417038855,-0.7952998997942785
0.11412111530973443,0.07593182827748415,0.1873534554339128,-1.2368133219290596,-1.2975287065334442,-1.118402076868026,-1.0946079004285574,-1.454183021658939,-1.2743539911059387,-0.07435628097329745,-0.614530433231775,-1.3075437019713612,-0.8809578839526466,-0.05534647905534041,0.4372675770599145,0.26262281123067377,1.013382082369036,0.8114072622299914,0.6968253906913962,-0.26732751605586985,-2.3715761078005926,-0.08224854020300654
1.7822142161670202,0.8870920373306511,1.4429507691699213,2.0884004030325625,1.6481528364881257,2.2962615112081344,1.8432175629722356,1.4552536531947067,0.9140996637411906,1.0489134880482993,0.4053047090891695,0.9958162009961579,0.3875873186233589,0.29568601633080105,0.9389840372405385,0.4376184856874618,0.011040135137741911,0.6281293403551986,1.1178746057903064,0.29392097578225784,-0.6762326695887689,-0.22070220508386967
-0.42438057515142846,-1.8387739982600466,-1.1680170552860434,0.00038909487356269894,-1.6611816160330262,-1.5799018260566227,-1.2364058760234304,-1.4686454633805759,-1.677198774468339,-1.9652075531325606,-1.2570222416811434,-1.2696338634116509,-0.582969495956479,-0.30239890135659925,-0.30474813565918957,0.28394758544434046,0.13413892886952308,1.0053805820031756,0.9735869977261026,-0.05444431526040986,-2.296079128904096,-1.4291065689602087
0.16940626567241768,0.644980408445723,0.9866285226373817,1.2835945400196502,0.4122077431418942,-0.8798867105548055,-0.8688599930271865,-0.3946395347273959,-1.2711193034846309,-0.46410865722808803,-0.6046698574235125,-0.3231261278062091,-0.2944763741773557,0.2239327648746524,0.4644751298668095,1.3309831710540416,-0.20783841136131587,-1.3884028277122242,-0.4812669217224276,0.7004236923028454,2.7398908859350497,1.3474454736634407
-0.9037880881106185,-1.5400003725981404,-1.1053637440162376,-2.5775249526778046,-2.2318300887799785,-1.446480553004554,-0.7225769934688796,0.14460638885359592,0.14751767569709862,0.7109895639995617,-0.08544596186185412,0.1668969701367934,0.33299834134613104,0.9843308463266044,0.987248272565363,-0.15385167046769807,0.05112724362912148,-0.5860809415702626,-0.5031608656334502,-0.670014793030284,1.6644917414545377,1.0726319224494463
-1.3688104827423613,-0.8128778810425822,-1.5450637115247696,-0.5972949776208248,-0.35962066001736787,-0.6830121992595075,-0.3404974158422912,-0.39960583065618405,0.27935210672734007,0.3704507791906927,-0.6507324188472529,-1.0997492006926646,-1.277074692177912,-1.087845536005672,-1.8254807773908612,-1.5779529085300201,0.0725437144568148,1.630953599019698,1.4554821718990558,1.2874688076361551,-6.635723464733069,-6.803570761594762
-0.8219374367373434,0.31338778995836253,1.0518984286384891,1.2008088422001106,0.5891102857941672,1.1684671980480925,0.6260884155513932,0.21656710519651728,0.22035722886452092,-0.3737698325714725,-0.8898198398726797,-1.651931153709974,-1.7568607963664407,-1.0167126841365475,-1.028573039302441,-1.0483101068280425,-0.34799154339224964,0.13442748090604112,0.8052327592670226,0.7202618883592811,-2.547273561522874,-0.38295652844184447
-0.3952958241228962,-0.12947172253473,-0.23948431904676712,0.04088235292599969,0.07207279866502772,1.0090084666295618,0.6257467871938045,0.4912744679974071,1.089601661761593,1.781042739073049,2.144123631529605,0.8089898958734338,1.0200796355382307,1.4979143096720566,1.773455201633957,1.577461980062201,1.6245582154338225,1.2521383979098664,0.3927134871990456,0.4793547677920761,4.4463760278237565,4.277541448548019
0.19143954395838264,0.4901921131555835,-1.0971668987375882,-1.5625108154354266,-0.8799136023947093,-1.269939886587408,-2.3066237933307576,-1.6039842710854249,-0.3879645111136218,-0.41448517641851984,-0.3745264564180427,-0.637262819595543,-2.3824512894662107,-1.3193733528655283,-1.5442843075463362,-1.8730441198179806,-0.8303821133302383,-0.9495515153390118,-1.1211029633343712,-1.4597627120201977,-2.455546753996153,-3.1692964899941565
0.9717324463843625,0.38488383522963054,0.4682395417278607,0.4851698784779605,0.9277914075763597,1.5463187977842203,1.3049273378431958,1.4048600211357098,1.7660319744082882,0.30458648312262837,0.07938187794869057,-0.001391593921608561,-0.1780920195636578,-0.30936538056249563,0.5479824193439585,-0.20815375355357202,0.3372801626011135,-0.9160237122599352,-0.8689816208371228,-0.9609973545457029,-4.225178706243162,-1.4627892150667063
-0.04987498371305008,-0.1005432701579866,0.10909536784249173,0.3893903373262262,0.4185835558606774,0.4672490184947852,0.9336921840543648,0.622101394106385,-0.7614653944149516,0.22946589123563793,-0.5258153608788186,0.28361125788876523,0.3823459649514818,0.480372863255673,-0.9423144313597114,-0.8586413335356706,-0.8228129539417548,-0.3455643789967211,-0.07238069550421308,-0.964054235345581,-2.554131031556147,1.0403261617216806
3.1477862729603987,2.2545166150658402,2.2680929280555153,1.0460177199832013,0.9975845217697008,0.7820678984729763,1.3139777997523023,0.8705544007891229,0.4751033807234058,0.756058978699754,0.7069967288873926,1.2546686610231021,0.6273564029222707,0.9414373938231189,0.5085527872514098,0.17208142025180723,-0.2910686955892423,-0.86111643571828,-0.9428144649821228,-0.7835873631811713,-7.0503576981510125,-4.559286061655348
