X1,X2,X3,X4,X5,X6,X7,X8,X9,X10,X11,X12,X13,X14,X15,X16,X17,X18,X19,X20,y,mu
-1.6419199289109567,-1.1209628877990305,-1.4771749825518223,-1.2212286398088823,-1.3495033284923885,-1.7167582705289193,-1.643085651590053,-1.5308604141328668,-1.1284129133674965,-1.5613626524846471,-0.44926046532097186,-0.6684595985363693,-0.09843774716276543,-0.44711476335699296,0.18415302638547226,0.4752721774362972,-0.23084908528828552,0.07102297474206808,-0.43837669987282185,0.09234973687410776,-2.594945171944451,-1.4511018735176027
-0.291935863246554,-1.481171421607089,-0.47388176925155295,-0.7939098166621328,-1.61434234306615,-1.6536688333519014,-0.9110667561969875,-1.056959610197803,-0.69586156408567,-0.7505656773769436,-0.5813423981485752,-0.08534993384378357,-0.8984000899944793,-1.5734809459629429,-1.648952917836904,-0.3985977129473384,0.7798419594744215,0.2398716450662254,0.03293575237622309,-0.3356787058819218,0.5889026802981375,0.8666020062200358
-1.9020680198806037,-1.678026655415127,-1.747526853927973,-1.4125243545287642,-1.251105370173911,-0.2444838340604653,-0.2005297611715416,-0.8807401874274792,-1.0718989695650898,-0.3787258036973909,-0.053675674333097265,-0.19792254896716727,0.014415721708620547,0.2598125015821088,0.06921919686811968,-0.26029190678338504,-0.44684850972625806,-0.34974596188875956,-0.359414040143402,-0.6503878432615738,-3.0581364443251235,-1.0584651921138655
1.1557365104703954,0.2708581263140608,0.24807525837180514,-0.5637054877315087,-0.20678241402259326,-1.034971531756407,-0.8389556571542077,-1.2370606031597193,-1.7660991033196942,-0.5515661507538514,-0.09409347313128416,0.43208946717692615,0.866342979539584,0.7462404764630507,0.6583581963868107,0.40861285186186,0.608361819322431,0.004712201660311675,-0.23739399922388618,0.6458166488280243,-3.9466002003951832,-4.39127700033529
-0.07163210693368424,-0.2994562046042262,0.14734799560057238,0.033303072889781266,-0.5468089705610113,0.10723793429871982,-0.4437255427526404,-0.6178697921620422,-0.06791820745327863,-0.4573188553597796,0.5286628507361291,1.7824589651260843,1.801583776540322,1.2316102419996906,1.3586222535133703,1.1240234758038365,0.9935824746555225,1.1452062191933905,0.3362618685424908,-0.596982176846058,-0.05860189012326106,0.43254457439513555
-0.26676490875245484,-0.3886834095311901,-0.45453057910120453,0.41045988207527195,-0.17464593400695674,0.10384684295619269,0.3172426366115599,0.3631594982205832,-0.21409752193801207,0.6597857661335804,0.5542535267360701,0.5155767321686614,-1.2799858831045716,-1.9280751843999901,-2.0467957045723857,-1.6124850539377111,-0.6952092880831084,0.18527877991155303,0.21971524844099347,0.3397732441237161,0.2857292936505488,-0.7855001638820508
0.14160708975292283,0.23843300793168168,1.5852463159372638,1.4438277073484986,0.9347692122510745,0.9102255267645449,1.3678184022534845,0.835991658256064,1.243889288606387,0.12713427591752471,-0.8734842839024511,-0.9083050748774283,-0.555870486240187,-1.0337258832056317,-1.268526687561618,-1.1537127493886783,-0.24087472890278797,-0.04789697325442558,0.5061977839786844,0.6196980099893411,-4.557081019768486,-1.846956999640954
0.6005074169934359,0.13602295738117676,0.6363109736015673,0.2518670652633,0.8140727288399146,1.0797708950431604,0.5600268182966243,1.1666949333098031,1.8315187171373675,1.3817113570909554,1.7437158530529362,1.2327167901826326,0.44705591403053185,0.9711033536765171,0.2711207859082264,-0.23439564003664176,0.6701039718821847,-0.018444349226604175,0.16447410202876497,0.2775176137489727,-1.2018827376095271,0.2600119751762259
0.16514136205631677,0.43353521078201124,1.4445486258070879,0.8507750016816189,1.514490378642617,0.7417549691515835,-0.23185817023121433,-0.23040171921454994,-0.01902854196428973,-1.1254023004679115,-1.1183907470095447,-0.14342005897784027,-0.9195344062524732,-0.7411625983500125,-1.2687131797581306,-1.4685695087525361,-1.67690602053267,-0.905088447571301,-0.8220754084831497,-0.644144247202044,2.8627803368467197,1.2289694509955522
0.7482896901268062,0.5109672276797674,1.2597141563566892,1.467749661570366,0.9264546552480536,1.0510273151427916,1.5065678975950885,2.228668954057282,0.9573589541554387,0.31628322295716904,0.9200994669059993,1.1866295375179328,0.4327217713248763,0.3020571558368884,0.43923016548586197,0.7467515166268363,1.5277232343856546,1.2279870866338674,1.09800960232762,0.6343287246830518,0.8958292495251633,-0.09938655983808731
1.0285030357622142,1.9156581816231097,2.5784847857446946,2.1461926664592608,1.1822107444270629,1.5166868321075255,2.478625090373837,1.7456575804730161,1.135876086637629,1.701722927993861,1.6284238252995262,1.9705266580366998,0.9541854262358066,-0.03307450696871031,0.3091393500307249,-0.32554616399978786,-0.209314081167234,0.7764180286081922,-0.2769705096572302,-0.4683035278547872,-0.6738178587223742,-0.9317271918122487
0.896200437525679,0.9211557074843637,1.5019495467058495,0.5466051020585924,-0.4924853598000362,-1.462489275020269,-0.847043474929392,-0.686324124783942,-0.76595316633364,-0.418098078500705,-0.5549070370700458,0.0029413473793997247,-0.4240311790649634,0.5645073458302368,0.5377995657553674,1.4063570160662315,1.5029154940630989,0.7317112347253075,0.21167463953932547,0.725939720349302,-1.6741140578728033,-1.3724505937073839
-1.1608655381572306,-1.0507522791136217,-1.3237532591815508,-1.3771669256543646,-1.0360891544044326,-0.9462136024530942,-0.41137702240414725,-1.7014260572193243,-1.7456746094282671,-0.33806338834453276,-0.3104862713379452,0.02380484870209054,0.7088893641273516,0.9505461055653569,1.5922364799615127,1.6066482109926667,1.0110368098897748,0.8172097785618824,0.8603452278893824,-0.3592500017291523,-5.113717002778416,-6.414276587347665
0.01896664180727017,-0.044104337734009874,-1.0381860946074606,0.06166400894899149,0.5720105698949806,1.2493842313271961,0.9973824099155204,-0.3813195320318753,-0.2677945353116676,-0.03114784456522601,0.05009149533955918,0.4433701517584229,-0.9369220224269976,-0.32808189638333674,-0.7113504105718625,-0.5268854999809547,0.746707572389616,-0.4371663734957185,-1.2205784789659582,0.08716952272467608,1.1572745405763238,0.3216791029095609
0.33110203056564047,-0.1897473400255882,-0.6838128670735146,-0.6503659808899798,-0.26588425904479496,0.1980034346842922,0.5739588118910741,-0.2574946515532013,-0.6650461714307829,-0.5017504834002483,-0.5008271980344784,0.2071188025747515,-0.3229737508323387,-0.28773793009811377,-0.5791924930959851,-0.13343302627488088,-0.11538827888011419,0.4546490727730457,-1.1085007641915934,-0.18343728366431905,-0.7118705900321263,-0.22771768375856105
-0.31531841147137163,-0.8796047844208617,-1.0402489499062475,-0.592637518276141,-0.012198317921493531,-0.199056521890653,-0.3458052982163725,-0.2923564647486546,0.15652003096023373,0.7254434938399777,0.133342483801118,-0.7650312646747742,-0.8770113494065126,-0.7204586036521194,-0.3940408845074697,0.028757904139852644,0.09725536323927911,0.7171129266084534,1.2458894425105107,1.2234882955754711,-2.139325954240629,-0.8349428385667321
0.6266262312159775,0.8925875133997513,1.243228208778527,1.014282129303505,-0.08059456714129358,-0.07643585782877786,-0.15795666260642288,-0.5629593419573126,-0.1871003450687938,-0.37250916654015315,-1.7320577755419093,-1.390268165317569,-0.6410818479829883,-0.35382601432796373,0.45220751477703386,0.5762250683819051,0.6433823081590917,1.3434127642440536,2.3436075579973137,1.3008821907841368,-2.2266588868354895,-1.276999859972954
-0.8402983325080913,-0.5426086557336401,-0.8549989917159173,0.08404401938498694,0.44506106645171994,0.037895521314140396,0.23248239118483802,0.44036448599650607,0.5493302510966792,-1.0174922434139952,0.04756662197525448,0.6595069098232599,1.4262064923807185,0.45578563156911367,-0.5964486386623228,0.13333623738744318,0.5073914086626616,0.5429017683828136,-0.1628682592545154,-0.12715540459991484,1.477995220162694,1.4532869861704365
0.5773972502785927,0.42959068091150854,-0.8806732934837626,-1.6905990969394322,-2.028762510127509,-0.677152125778799,-0.6516134047124134,0.04914836394631508,-0.7691263580815634,0.5317294504747427,0.14360701050509533,0.9206825125805752,1.3332174797956426,0.7751558534326468,0.06688425360934451,-0.05060542066696331,-0.4225182011045283,0.8482655914405284,0.18883884739139997,-0.40139334103378305,1.6630406923353096,1.783579230961778
-0.7500112335263114,-1.4855614315429044,-0.9054431676529304,-0.7777834140765021,-0.2055775843725709,-0.92847477191759,-0.9330193278462214,0.25033130369480994,-0.5758404045573146,-0.3651840517295852,0.07225157411245929,0.3028322844412577,-0.20273470531630713,-1.2002045805824066,0.01703543862325551,1.397203070627678,0.15050775947335124,-0.5343181488067343,0.5245987715158186,0.26287162022078253,-0.29296809486922515,-0.9795846629541682
-0.7204386885615666,-0.8665567153155799,-0.055981244255997285,-0.7299841225819304,-0.7646857395454449,-1.2966822406563592,-1.295098512453754,-1.4544111381591935,-0.7542133625459045,-0.8384519348998021,-0.5618288631039456,-0.8736173413339088,-1.2950960685249242,-0.9904412954436266,-0.8724878634427234,-0.36067929453937153,-0.1956718795426696,1.131778305428244,1.132626356327182,1.7888478599424567,-1.9411240466404105,-1.7334913717397733
-0.7718958021543809,-0.5042326117963883,-1.2286676513235804,-1.5760531559008877,-2.1682565466309383,-2.445572745329686,-2.6241625286205834,-3.2144162157130154,-2.431060579162409,-3.0075519396424433,-3.4424338540343036,-1.921321015592412,-1.4304559395071512,-1.952952790050348,-1.4473437552074488,-1.1573681644614462,-1.457998316397608,-0.7898935743348234,-1.1288729761388885,0.036666291729706556,1.2408690443057384,2.6621497724990246
0.8271995597751515,0.16838780975812995,0.5582587321260327,0.009684512897027434,-0.13717009268029387,-0.6045578833008838,-0.6544383853199697,-0.6564142272425837,-0.9271021858529082,-0.6640634107510182,-0.6035745389232245,0.2521409839531885,-1.275586741061415,-1.580912331148535,-0.9937573369760202,-0.9629870666787036,-0.7846013115651133,-0.9592503013262693,0.28779851783740823,0.5289459457498312,3.0831379040937303,2.2089122723740404
2.1543861887400677,1.5525027515150405,1.318413207748523,0.33748210102441684,0.19424541525951167,0.033598902502434795,0.3879927752394164,-0.07036007861286697,-0.5361246430636826,-0.828305495995201,-0.989178344785341,-0.27713856118699887,-0.9502383082950089,-0.20818947351244774,-0.7037859188862473,0.1038907666195612,1.0661368971750431,-0.1871182793156154,0.08917233484807147,-0.02084889329421056,-1.1293670835642575,-0.02734984148257381
0.10503502053468154,-0.875212697576142,-1.3360020367233945,-0.20499971313351,-0.07351045402770745,-0.13765812357998736,0.8812241120383957,1.468250625214384,0.897396583390134,2.001986639197317,2.3006507107747436,2.1645974447388086,1.3263695100325281,1.5515143273824805,1.1639254070385006,1.0383102974984812,1.3469601569837197,1.5600328286550538,1.726447621653062,1.0553073153302464,5.093427834178916,5.045309309966125
1.4494164708009243,0.3982641344080466,-1.1819370663738549,-2.1764831264362536,-2.129746247302879,-0.40235604061341107,-0.2460578881117075,0.04302800672505309,0.4092884553811965,-0.6950560091119617,-0.25119101998550886,-0.08350761054784846,-0.15437731863762047,0.014621805733213563,0.06488606944400728,0.21525143488650508,-0.6005241228110599,-0.37855543664930996,0.31495662289347204,0.006700534057349512,2.1142401292921265,0.9879668188865954
0.815395036107577,1.262160351766199,1.0400596636573178,1.0540796711149563,0.7507692875128104,0.9147931533610937,0.8470797828774059,-0.09237420643163005,-0.6380915832422774,0.21300845233391127,-0.595887243444109,-0.750754205029375,-1.3779301433109616,0.052459705801119,0.8737566556057477,1.087655038715132,0.5392044211735884,0.7435037209555097,0.775897429943546,0.3641038017892331,-1.403733002165984,-2.081352475488324
0.6659741771363358,0.42822121515763845,0.882712516561151,1.374595222829597,0.9580107420223059,0.4454080385149518,-0.32401971239389177,-0.051544810808607316,0.31109560159888633,0.7128650284521344,0.36625411958853915,-0.030675855846591882,-0.7013014782677691,-0.465603185806877,0.11622258470862239,-1.1800496504649123,-1.5226050910483846,-0.9342394332812326,-0.3279666088486096,-0.8625347568643097,1.2070038238452525,0.171539800145374
0.6572385143606413,1.2424519548858102,1.4208645416785186,1.1320103306033622,0.593155754481201,-0.37365559313183994,-0.8330440409908199,-0.8906053857521748,-0.11890473071125794,-0.807235279492525,0.16957712558779317,0.17728922157196564,0.930183458886698,0.9118812075146545,0.9954824075785006,0.7623030470290518,0.5059822428053944,1.0185940326644447,0.6074654474537285,-0.6249622502607259,-0.4624035350796338,-0.38208036945541846
-0.5400593184458619,0.20274667598797033,0.4977039978364625,0.4909227085885869,0.8392129693730577,0.13877765739108752,-0.1629557887625693,-1.336305091280597,-1.5385240146392685,-2.5297328747548233,-1.0015754967707933,0.03647777092151209,-0.1365044057549463,-0.0015631977599898002,0.37629780258089485,-0.17200462934079358,-0.28738531543601264,0.36308390705729493,0.17393453809512882,-0.43325083659959274,-2.611525783326358,-3.344545594634277
1.1566394828272764,0.5675570753311736,0.73887932303706,0.6415984957338507,0.8728052421849927,0.26639976592142367,-0.39013634998609,0.6158965574111617,0.49120913163925234,1.3288365846227714,1.4446347528378496,1.100409490257314,1.2713385773252148,0.8884445235737377,1.7193185589678661,0.7401759949083924,1.2173572577624394,0.605996165778876,1.180381099328039,0.7468936575871014,-1.4677261455021011,0.289146456955619
-0.4518156126500339,-0.024376067240308667,0.02841268100155793,-0.7323150823880133,-0.10357758508480222,0.5174653066630056,0.4367111390003169,0.4386451003554612,0.25144304646732757,0.3223469365201237,0.5449330868353325,-0.048413744741016985,0.40939738488431165,1.0073914844407976,1.4057050194339185,1.9702628379966716,1.3321153703156936,0.2495607115930612,-0.708371883211558,-1.6384082349416145,0.6487618994453697,-0.3564405107180198
-2.4485137855413175,-2.047520767469281,-0.7736717613235934,-0.752464490057021,-1.5299290014080005,-0.8273989767576725,-0.27244040796776164,-0.49983964860542834,0.010137682891551902,0.39390381124475854,0.7973718082120591,0.6730996047762051,-0.02533585036238012,-1.1913438633693958,-1.8648620800279954,-1.1189578828760018,-0.6674052401139577,-0.4441565780431808,0.27812842638033447,1.0468104892558392,1.5895937230132833,2.2853761895262843
-0.26476459227461063,0.3306175958310455,-0.05137311333328412,-0.7525407299827833,-0.8877167826007306,0.15947652610096974,0.9307598111052937,1.255816373223524,0.4565878734718112,0.747635674007141,1.3197101238780244,1.1903882842074363,1.7829212272101445,1.6466053141735797,1.9753693638435839,1.9908045886399495,1.7083714490545612,2.0747364928734413,2.0434679253045713,1.6930773790753932,8.766075536500562,6.538742576598344
1.5766691468502998,1.5363595469282196,1.6989123216635964,0.8680617346990355,1.061194083780901,0.5931565944122524,0.08841254469175866,0.2870274260993187,0.7882619279383287,0.6567974969919743,1.995249517676387,0.7067078327585851,-0.6255188999920314,-0.8772674838619106,-1.0533089864321252,0.3772334378396861,0.7840677437705166,0.16501082982093113,0.093049788114492,-0.4364898999684678,-0.7249235353299424,-1.1962622522366853
0.2128282611760186,1.4054168460817067,0.9583300674395873,1.8732078923563693,1.601249140572164,1.9265969451683447,1.2684976361608422,1.103935116225656,0.7507199793551226,0.8320944255447871,0.6313043410159652,0.6328899463724856,2.4122230426751563,2.7363279151818305,1.6935899307468587,0.9266871888109639,1.1040788757050428,0.8231390264662307,0.960874391013914,0.5312457959394645,7.767631888337849,5.0227754941590455
-0.2160678265241925,-0.8908769442058466,-1.6037740613429656,-2.5911886833064877,-0.9619811066001215,-1.070934166328171,-0.8039145956803125,-0.27060202143772333,-0.7057650182109795,-0.7717624162294324,-0.698421056465852,-0.7154665650267151,-0.4718208338037276,-0.7933044151714607,-0.13724157933731623,-0.2927759221858757,-0.969955040082213,-0.4006453526256687,-0.38200611818180374,-0.4616004657250401,-0.17410556920638215,0.21544756495143963
-1.13902577790155,-0.6241552957548606,0.2733973339883588,0.7390430498209593,-0.20722704705014508,0.2573283189624841,-0.044854387877500936,0.2351632120942372,0.8294982041323893,0.8838442001534197,0.43178595670871206,0.07085930238144462,-0.6377568198356072,-0.47766672535209437,0.26600895584456946,-0.21747652524295014,-0.8530426833088897,-1.4774090753064038,-0.2058739091081784,0.24992828422732474,0.9074570829095676,-0.2105127057201715
-0.9158650881261867,-1.5315973789127324,-1.2449482205505296,-0.041162942472067185,0.39272561126649014,1.31903562788214,1.3477281109628045,0.918656962310983,0.28494262913662394,1.2755813716066646,1.0818613827543615,0.04764826625010338,0.045377333271760155,0.12916161314442398,0.8297201707275458,0.48246620137898233,-0.12268940092177354,0.06359556418154706,0.2648245991207061,-0.7517710850485222,-1.5273252100796604,-1.3773600693737507
-0.21740342754908062,-1.590148490187131,-0.1569058043531474,0.3940282904555861,1.6436914964614286,1.6099637640935154,1.2581325382170954,1.1987308429214123,0.7700195018274884,1.4261049240580532,1.972735532891601,1.049540174114311,0.7541848081273876,-1.1641183263702757,-0.9212839636325647,0.06083152090762009,-0.05323813728523413,0.34643347795610885,0.06244189523407965,-0.34863139762929546,-2.8907944115530935,-2.9674740879142085
0.07754754624914495,-0.7357065921793526,0.40905611995454494,0.21149140556980672,-0.03955817057776203,0.7528723972162441,-0.06083945433373231,-0.49707689203929484,-0.11547025930840378,-0.7047527508514334,-1.4099556595170422,-0.745656457522232,0.2496215526315301,0.49850184221262994,0.3688142843666244,0.50035397328395,1.183432652733414,-0.17451418458657603,0.6706072348453828,-0.23615127812405548,-2.097873424033447,-0.24121444512714746
-1.2697055069551137,-0.9962383450678404,-0.6624698963424522,-0.7898253583280306,-0.2865088241378544,-0.2269859148945745,-0.04554756570259955,0.9120792125460074,0.7500429418765585,0.9931755772084333,1.6009588585756824,1.3670653141399303,1.6875832562731488,0.25670165043193727,0.6085648285873307,0.5110189390453389,1.4972661564961112,0.8063180121651427,0.8994081013501266,0.049769531465839546,1.966417031556394,0.7513063877651953
0.7507853405073694,0.038578528028702076,-0.598013588890028,-0.037550875920418926,1.0628702807592136,1.06990076783057,1.032284985054874,0.9868079134573924,1.2824815508508907,0.7123898023286682,0.9196390526712831,0.04872578862629757,-0.4142748101691528,-0.33305442113514644,-0.8545798982830708,-1.2319289841267917,-1.045698802919337,-0.6922384328505614,-0.20752011445866966,0.2957318516962112,-1.232064087158704,-1.5036325596842703
-1.5008129030229729,-0.9518740782113133,-1.073565122816256,-1.3736166912827759,-1.9062816395094042,-2.086833651741747,-2.3038152082375443,-1.4665616015767282,-0.7547234413580072,0.9850782988542163,0.3911353096017546,1.0747547539754385,0.4200047491980876,0.8539866603779496,-0.41287644357395714,-1.023707393774689,-1.6549741886735412,-1.9306864608895358,-1.568406102030107,-1.8312849755533285,-1.0196393487445652,-0.7653932681988396
0.3549131991351083,0.23465494894568062,-0.06893500653980277,-0.10677871013300837,-0.5258894922732081,-0.19408171826295062,-0.12179285010410106,-0.2126025262982147,-0.8294720084427338,-1.4624285791655274,-2.2306361571964373,-2.296873172119852,-1.9368456083045773,-0.8421339243614205,-1.2986821777088073,-1.3114322856675675,-0.9652465195667788,0.3207522000264446,0.690579784086316,0.08990550356971748,1.3316507235296153,-0.050986485999953896
0.3381685412135232,0.145831561635648,-1.0166620715124361,-1.278224072754944,-0.6751349014727631,-0.8387817801243362,-0.6861298906020493,-1.4243402588166927,-1.5042447584576613,-0.743396382121131,-0.5865727193024518,-0.2037767585782235,-0.16667299284789946,-0.46859921001550026,-1.405279983420122,-1.9450052552299555,-2.29467083120156,-2.6055761318395216,-2.024849105668791,-1.8951455418044532,3.0852731093987655,3.1282564424096946
0.11903085299785415,0.5365856717467629,0.5390881023286852,1.6881767693109155,1.1192061576433614,1.6948888424967488,1.857896446165507,0.23091073844838483,-0.172919098799842,-0.24796908870846532,-0.7907158114892469,0.026036968825214075,-0.6559649292628623,-0.9044186262431091,-1.1281972778980842,-1.0137334479441158,-1.3276789254309451,-0.21170445911120905,-0.34113349842823865,-0.9996090233085374,0.6005752833494149,-0.07794936864132944
0.7412827678074524,0.04440368310327148,0.10739302102235052,0.43494466295280393,1.6000825462148545,0.1601400969703853,-0.08946340586495682,-0.5504463719057421,-0.22468043140314264,0.17987857804322585,0.28667504503904345,-0.49535599619185544,-0.09428598648952721,-0.18238874012466744,-0.9579974099822585,-1.9156306746088634,-1.4637159670368487,-0.3920752730268237,-1.0591916063069433,-0.6246587168921288,1.6804033470736774,0.7089065215957198
0.10037446159549256,-0.4880358944162444,-1.4487014389659159,-0.008900228803287408,0.2668080320828088,0.5336064513242991,1.1568754254801512,1.2772295634440194,1.7082702295789582,1.0804247713297848,0.3216224774834558,-0.4402707561737882,-0.8355163685829889,-1.5557211172779044,-1.629440304104799,-1.6597278667002415,-1.282451012399803,-0.5651209323087472,-0.845654698677057,-0.21221004254758521,-3.691448579601936,-4.178071770295569
0.6105441826199338,0.21320992376421352,-0.6765282374159897,-0.023637963044846066,0.6203619569994079,-0.18876783238367142,0.14062748752763796,-1.2869115969202405,-2.2955712192139752,-2.096688447328123,-1.8566784413299007,-1.8573971670530722,-1.1761048868957347,-1.2347376155467158,-1.5610073685080823,-1.4602565821538813,-1.4882492549109707,0.45344706442515154,0.4149529519896334,0.0021408478252355726,-1.8395134979792114,-2.0645376807509463
0.17477699734239052,0.6960427136961997,-0.8972749535938245,-0.014583059825181108,-0.6354839015311474,-0.5612470604349042,0.09375802025082547,0.15055390382608733,0.297602063755629,0.5481943648384954,1.1937646722374022,1.5884446124998923,0.8198462629082294,1.2984056932953476,2.160845118618316,1.5043840597775353,1.6041751341430053,1.1764394542706709,1.4472656260602748,1.7952757510921802,-0.008628380503747701,1.4346082217522558
-0.12303375923157334,-0.24765173055198214,-0.4464810886774734,0.061251899404166685,-0.043512886335133616,1.319933772897188,0.6929165761446358,0.4481027005080447,1.0022621468857604,0.5004440195658447,0.6139318664292746,0.8700607575652899,0.22773638324823564,-0.04841502776075326,-0.4672712243592962,-0.20927890908766067,-0.7248744035127158,-0.8130134217855854,-0.990917052570887,-0.030694481357982636,-0.5270649668353943,-0.11666844493213362
1.0478953672972027,0.4024318697193331,-0.29077455046347656,0.5138915892548429,-0.036955040903935664,0.6681719677551123,0.6098289297942195,0.5180361785462767,-0.7118212227592351,-0.4662641450520567,-0.10912343763991593,-0.4851333606526291,-1.0461980021080992,-1.0139392304236567,-1.250503309999021,-0.5130760555540814,-0.8481060594436877,-0.3945019901376209,0.1921363991064892,0.09498190304528341,0.12070839259630739,-0.015656366533200905
0.6108736605745188,-0.03917269318757608,-0.7873971471404568,-0.15828950470804418,-0.21207329419283955,-1.1593921017628008,-0.8872429741856539,-0.44286636149905856,-0.07263453930766603,-0.1169721276187149,-0.46713489268882785,-0.9887546234374087,-0.5904516240147163,0.42410484996751596,0.6370715160655109,0.4058811619141587,1.0188291368824571,1.5806677990049058,1.3958283289445237,1.5612637981613875,0.07661194899829493,-0.002648958820252942
-1.3584020387402995,-1.574960901397078,-1.1502862847377786,-0.7080511098633034,-0.5031041351495413,0.08718188316181485,-0.528030466341229,-1.3032303759288608,-0.7284571138321448,-0.24779807514891444,-0.44074415652706284,-1.55752824132263,-2.058569530552008,-1.7273159647297733,-1.4370141465067003,-1.2900604568949392,-0.11606148595456067,0.36121037199181855,1.4436059760817652,1.2315132271264595,-0.8658894396430497,0.12505661821898761
0.6599915428887105,1.2081455569963018,0.10858655587271422,1.0153184821497243,1.582415283468788,0.9825854789279139,0.17195457936251993,1.1153823427365268,1.5015719858089855,2.12894800206528,1.8295773366828234,1.067312460810025,-0.22174531970837086,0.11846040196378686,0.5263653184373865,0.5618431012558316,-0.3741688605976301,-0.2814742726204561,-0.4560489059463669,-0.1941494239655931,-2.6303925322508035,-2.5664926154530123
0.32400355498231237,-0.6579118414828964,-1.1419368912827632,-1.1731470073651464,-1.126395388609404,-0.17509629119023784,-0.9390541719079303,-0.9219316142727318,-0.68158866534813,-1.174730057104029,-2.0725871615267337,-2.2356576704935374,-2.065567869428045,-0.2505313709211296,-1.293423370041693,-0.7257294643498967,-0.3848956365247342,-0.9129928701819765,-0.4284934151100043,-0.6521270817598046,3.0021788933456794,2.0247355154702738
-1.4712748119352743,-0.8214104742052608,-1.2549884484624576,-1.257625763622995,-1.0299002147416394,-1.9577072742483215,-1.5792704766121306,-0.8558156295411633,-0.9314640743446957,-1.1014017165493846,-1.0399688821802344,0.4301189668243273,1.008188865439324,0.4297267647111137,-0.892308861375566,-0.26142262424219836,-0.3126611488907919,-0.5426692316323578,-0.8923907523810741,0.38988333031576416,-1.948672867376216,-0.34526509863109356
1.1989916084911303,-0.47485199144111523,-1.4140868517699745,-1.7059063267939945,-1.39141213824727,-0.8374633718048161,-0.5129730425342854,0.5458558333092349,-0.3331909207602206,0.4936264708597283,-0.6494171926655954,0.5760819524662536,1.182272976145032,0.6609800969205368,0.873146087187383,0.10208049973584997,0.2106991535619269,-0.4376850421245761,-0.25426792711337015,1.0330552225814582,-1.6141427433983373,0.011262581906020558
-0.8426951989090326,-0.33592728675168015,-1.7499562781521296,-0.4127018625556112,0.20527962240181225,-0.19021799544199877,-0.0316842698227563,-0.21155264948642488,-0.4486789018393073,-0.10574394013750438,-0.7979951980641996,-0.46144415350100715,-0.5466821714300233,-1.1512807036979626,-0.5855996946538046,-0.7036093457853905,0.22910350973558052,0.4732625014716281,0.10143826229546467,0.8085402223106147,-0.8580630981643583,-0.7280801196266696
-1.793546281157996,-0.48761445506207907,0.29151916746498324,0.15199713150114968,-0.00736571809021269,-1.0364111859731961,-0.6348675415591931,-1.0851804374730742,-0.5471174488166428,-1.6818600122352658,-1.2726956458576388,-0.5164191272985014,-0.11883900734287121,0.5140141041399316,-0.23957469148533556,0.5530621322803778,-0.528116087839259,-0.5281657745584311,-0.4048019613284694,-1.3874054813261942,0.4644322925127442,-0.6518437929128669
0.10843359211349064,0.4121533603731785,0.26934267664988887,0.8300705675011579,0.38115919820557953,-0.41061042911225026,-1.1510227067000864,-1.171093732233297,-0.6053010710278164,-1.1347550010071983,-2.1307412510767447,-1.7689779293445493,-2.2984563848221167,-1.7015841687056759,-2.534368990731979,-1.1132842459232493,-1.9438782947063382,-1.1510239432088667,-1.421468526118843,-1.9336283897819488,4.980377714428156,4.898768786660547
0.8673402918044826,1.4148214773006618,1.0985553733990172,1.2305591420912132,0.42315071798700526,-0.6084161551317169,-0.7068470339755911,-0.8418236285766199,0.0594453634680734,0.041909248636300765,-0.22840381886876868,-0.46078154274488636,0.4432672717449151,1.0989281300394431,0.40204363547460503,0.7132348014639306,0.42126381428800774,0.35439846398126634,0.3249798353810488,0.14992827647513485,-0.2780806688691206,0.27003657696830013
0.9608393463649135,-0.34800169617030136,0.05951547339700189,0.5234957385846002,0.40296176288732516,0.6061458060321213,0.3235817798572689,0.4491086730002269,0.36109326454221474,0.13319182362215604,0.17733038294788542,0.839137330301305,1.4980254471828138,1.323462242230915,0.8395648953614401,0.7344520942362724,0.41625015713069263,0.2613787547475117,0.18011954991256304,0.11209933292780719,1.0199290149052254,0.9005872604096429
1.018384052352082,0.9744154406482439,0.7678446792432866,-0.2876068949829513,-0.4332605511669268,-0.5182274554934233,-0.7459351777159957,-0.9789615131031809,-0.40703591336283984,-1.3412883448223945,-1.8919323652875586,-1.701072483617233,-2.566882720637652,-2.854493916036492,-2.1959987515051447,-1.2766884159249778,-0.4783770683112169,-0.7541187252140603,-0.7752282017994437,-1.2365152714290353,5.587376957464349,4.345253814148746
0.3827752009916195,1.458795177331304,2.1025631929483826,1.0315441485372965,0.6432866372112117,0.8339031140273307,-0.5649180451969608,-0.9269306993743266,-1.161455914506437,-1.7755305200401288,-2.5214156343545664,-1.8550050753619622,-1.450271084663171,-0.4574551961910442,-0.19171143100157612,1.177152133671468,1.1097970522540936,0.899306459677904,0.41427876044257855,-0.7298744448930039,-3.682142038041552,-2.780997842903812
0.7152716399945921,0.05479516098996791,-0.5631212185314968,-1.4276446485858978,-1.1974397372922123,-1.187347771780316,0.08559147706140628,0.04162997470205412,-0.6464054694121993,-0.6333118325770725,-0.5788760833623584,-0.26104596740459013,-0.027062286413339687,-0.10655823455202025,-1.0818423352050264,-1.821889351434197,-1.1787057653416266,-1.6087227237534187,-1.407638567971727,-0.8234427123546765,-0.6149984532596158,1.463959157032576
-0.9649758851956763,0.020463085834849643,-0.28078601930920544,-0.7063236919535578,-0.2830780088675575,-1.0038958992249953,-0.644507408953243,-0.43690475311199695,-0.6917326666841127,-0.3204471197923044,-0.40491858903367933,-1.30288589508282,-0.8110725602034031,-0.015048881486382854,0.10488509783692443,-0.06692249143862768,1.4432345921169754,1.026606960666359,0.38602789826182515,0.7444779609869826,-0.9418208004465201,-1.0082052141207436
1.6702725905297886,0.5064374440348822,0.343183187872277,-0.14307987827856591,1.2653753223994386,1.3404545473599871,0.9443794377096243,0.9229252445560244,0.32242673544196565,0.09439342749769272,0.8419046474277193,1.6098298464863192,1.7865855046303014,0.8167153398511713,0.6196727642965303,0.6161241828212365,0.7534406248962744,1.0986285559546323,0.4677171725477569,0.35997689827460216,1.9493584639993575,2.1151142490264085
1.4074468927662744,1.306169048398301,0.6510566476363318,0.7786996078952961,0.003342915530035281,0.3582198479295677,1.19301552129423,0.8023563562053599,1.0878772112949175,0.8294863764231394,-1.0292106171654216,-0.9188477773700816,-0.13806823355031284,0.10078528529028205,0.3059649047807039,0.6912869511234554,0.4075629401647632,0.2789722632875618,-0.40791657634538464,0.24161330841652132,-2.107106335909335,-0.40818274866356785
-1.054927617697172,-0.11502500949160353,-0.6926483520516085,-0.8462518869649995,-0.5940812224175704,-0.13296101154662487,0.7011764921775863,0.9225168162335393,0.29327526286732536,0.6029302489864992,1.2868001946109975,0.9527298533848717,0.9761540339201464,1.351869269898035,1.5513795766341598,0.7342918151600366,0.3859191020272791,-0.21772289680548665,-1.2906061964989481,-1.1345253716612553,-0.3165109283593745,-0.13716630699019872
-0.8836806188777633,-0.6886810400474842,-1.2707181048231677,-0.8185724000513172,-0.20351371917348904,0.26272393402381417,0.1962060397788015,0.28315553107634966,0.1269173137550464,0.7076313659099697,0.23016550380553102,-0.3166055928876586,-1.1320811295495223,-2.401032249897106,-2.137859673298528,-0.8573609939905676,-1.2270984665959543,-0.8801639020323765,-0.044187632379572336,-0.7712188575891213,1.396964072998617,0.7570196681304748
1.0118780007155204,0.262395421806591,-0.05132743466367574,-0.10391514464558584,0.3998377931884712,-0.2794449425243736,-0.18098135623805692,-0.46361978152123845,0.3241410606431905,-0.5289956380677473,-1.5181697198921267,-0.35654327351354625,0.21130904560611347,-1.2190968271799223,-0.22593238992119852,0.08378661022482045,0.35356848653206757,-0.2030236980245009,-0.8824160086642899,-0.07358959774202527,0.6904571265462908,0.24346907940727372
0.5426220658583547,1.0572313260889679,0.8198519400022978,0.9973130353218613,-0.12173573340547643,-0.20316073252986944,-0.026964283105515147,-0.9902093094880317,0.20986703408228544,-0.7512156451238781,-0.07061462033407652,0.39002255900312105,2.005065076322798,1.7002320868223835,1.184706332647713,0.5225499969443719,0.09352937896713835,-0.24598496576204104,0.07086618151558985,0.15186638934275815,-0.735264994520393,-1.049372352226505
-0.06042138598084192,-1.400138845308838,-1.2681444640569612,-2.0527341024900903,-0.3082435115624849,-0.670410583565636,0.25724985242959314,-0.1094404756053693,-0.5890655522151661,-0.1810681683527196,0.37824902209510514,0.7378431346600074,1.4236402201214284,1.9117056138165887,1.6621576493528767,1.7763203473212508,1.8619952304708667,1.312045411360176,1.1308895425393823,0.8239121669089063,0.46000811386652235,0.84333131375942
-0.47114763968008133,-0.8989683608030322,0.11446758593597271,0.8427944123236449,0.49416429107068144,2.1962066126080297,2.210441469907686,2.083606332177525,1.9309959959200051,1.4049240391916837,0.6878785927440854,-0.0578236715951309,0.8500219599508313,1.2355108656516152,1.0679735098082603,2.080199465012529,2.8213467414865656,2.4146784649244006,2.901979491743762,2.3739431538344666,5.8345926312223355,5.172638786449047
1.0318355542158646,1.7523297076829223,1.1982664667756937,1.0115740481625202,0.44309066557925586,0.4269213706334939,-0.742189391921167,0.5213379923716229,-0.00874246440028812,-0.956078865163652,-0.5946411325217071,-0.3069201168514733,-0.32309117531781195,0.03309366843178055,0.4619022353935805,0.6807783179611545,0.08090869527225243,-0.5394664275733251,-0.9021825039876912,-0.6959997642245574,-1.804146194339616,-0.9916663037612352
-1.1397858231931968,-0.7203043114533794,0.22407663881602322,0.5018152044476659,0.6057983587093987,0.46858464422612606,0.5348537498934968,0.9104420395940375,1.4787219197036177,0.07357257030959209,-0.018749348896985065,0.4409135113258951,0.39074300962959385,0.6280676227052063,-0.41589195706820525,-0.4086435249355947,-0.19735757928861236,0.18811650639330274,0.0802930868539228,-0.39399910944811795,2.159305369104322,0.8746219457515612
-1.498621215635578,-1.493037919611944,-1.0700502102377196,-1.6832008395115623,-1.6746933200098415,-0.9870359082583519,-1.34971506836479,-0.7884948716675795,0.037815059403369516,-0.3263416728210239,-0.12105139510449395,-1.9133111638590128,-1.7976733573102226,-0.7339319797937013,-1.0049938890711114,-1.5214190143978363,-2.0919204072592685,-2.437644314563349,-1.8654367315781797,-0.9592090112522043,6.392151514786387,5.461706037220182
0.4690587383494841,-0.2568144496066488,-0.2606305882245527,-1.2436896203196484,-1.617399631912602,-0.8631132265463792,-1.6251003406053235,-2.086994321792904,-1.2464221967900753,-0.5576921115628609,0.013800309876104056,0.5824315280638818,0.188001160672683,0.44769859746897056,0.6285904622613852,-0.2674381698921572,-1.4446813569930435,-1.4004194456785863,-0.3476280389458921,0.6761553032188892,-2.7092482144954397,-2.1104645079956486
-1.3225129476874702,-0.9601680321459298,-0.9910454576637449,-1.267793751673276,-1.4875381325893893,-0.5842156279665562,-0.4384050911177447,-0.3306599636850305,-0.7824960566783884,-0.7523268097666367,-0.9910414358519339,-1.7777008969319414,-1.2144433113793902,-0.6106950740008276,-0.4684119806718619,-0.12997503990747203,0.025613710491808838,-0.34533119296328857,0.14870622637831163,0.5672511653974933,-0.16507945173771937,0.27817141063392736
-0.28713187999536566,0.09082765368108567,0.5715614662741134,-0.1529185984743225,-0.4822492077687027,-1.5717518308975547,-0.637693792889324,-0.15686574026090155,0.4789356981702479,0.44775244338299774,0.9853074196115906,0.38303309873857583,0.49200194376408024,0.8255522105993657,0.7992528098318793,1.5842962048693894,1.9600918396201799,1.513653207232272,1.8387301356978196,1.0599479234252935,2.2108200008964616,1.5589318512062762
1.3262939890315815,2.0693496715220006,0.8874108279859465,0.624668997392398,0.9507130682324414,1.4480412999497347,1.2053008838323747,1.3741237285891612,1.5525324051979534,2.265658916916181,2.121157023207483,2.187532129691271,1.8502578899692528,2.7343881942322525,1.8666009820964007,0.917089192402755,0.5253716914863601,0.12204582943314388,-1.1198960344486089,-0.11639531489271689,2.8047156486482625,3.1281410809325325
0.09400529112897842,0.491793811259311,0.3433927803704513,0.4561341972450698,0.482827481409649,0.21436328281142583,-0.4451227614675945,0.005514484830802798,1.1236247187921466,1.091749103389109,0.19132636904098843,0.20513843956871436,0.30982238390432126,0.5581118504542902,0.17942718856278284,-0.4030164591316694,-0.16925636425537233,0.014354879369778509,-0.0373260068966231,0.06487980490070236,0.9783853227076051,1.330227459407544
-2.656257858464802,-1.752678167915705,-1.5793865506441875,-1.3468158730848911,-1.3528519931991396,-0.8752430271894484,-0.15501002153318802,-1.0934261119558213,-1.311866519929355,-1.03294410680013,-0.02430629875665298,0.5206410358462752,1.2262487921427927,1.1389421335131993,0.8583943202129454,1.0139502855429023,1.866105467091896,1.7455056821975738,1.3058936898163875,0.6461593007623047,-2.1998068551186316,-2.2987301151009087
0.6161370081657092,0.40216383181113347,0.8220897490335964,1.357134307123012,2.212576083921192,2.135844933160914,1.5770324309488681,1.7642800225519082,1.3062617209153662,1.5549590296122093,0.4542872379871826,0.055629405306065555,0.1340861659518871,0.20037739390515008,0.6601685326103215,-0.14766915921729845,-0.2821174231150649,-0.01735009884657786,1.452445467406947,0.5140864079360951,-3.3871634597649574,-3.061252159386342
0.255515936023993,0.6088128584690441,0.6694104429672997,1.2944848232113821,0.7007976744012259,1.2587888456734082,1.540581697066142,0.6815353583452934,1.596412364099721,0.824119757814143,0.36929683887692216,1.4671814274687096,0.7085959506145534,0.288017173920217,-0.14698679215103153,-0.21194072465463834,0.03329525526417613,0.2065124603241591,-0.3619028184782093,-1.082427661234139,1.2493203406466968,0.378765021349534
-1.3917639882912138,-1.9002993717179388,-1.7106222360968328,-1.556124375055425,-2.1355327116307423,-2.023471597607786,-1.532331733590619,-0.8972893233110395,-0.5466975801952039,-0.37586827102059023,-0.14389851137480592,-0.03233130936343235,-1.0111458977145813,-1.413052780135413,-1.712011392449563,-2.019087621344296,-0.6535602545226267,-0.36076303193977394,0.331308233540534,-0.13003317319489813,3.5618574927621824,2.833615379779801
0.01682203144009909,0.292972075312883,0.24615287461082397,1.698310721833033,1.711205925652673,1.113098546289505,1.2024832614941796,0.9015345415663236,2.0254790442457353,1.3627929842527504,1.894675205222907,0.8462763722266659,-0.7729350424436963,-1.0314094437577899,-1.5111410780399037,-0.42841817034311674,-0.5257434491390225,0.24572627180772855,-0.5922170166182528,-0.3270142108702901,-3.0417705618930575,-3.6059703837434567
0.4367611637766444,-0.16988803360733581,-0.13667206898413267,-0.5219226593025018,-0.6646279227386116,-1.2931842457255407,-1.2597835092522958,-1.1320532506264955,-1.241224684453446,-1.0896923833277847,-1.492635728688198,-0.5308225493006824,-0.8883758638390585,0.3273084305335187,0.06929976464109455,-0.9518175824172833,-1.167972503861514,-1.08619832802846,0.2825060451250083,0.5183238052193997,-1.0663912573788799,-0.8446642555372017
0.18693270363664258,-0.3192151410488306,0.11649306031646321,0.5456296242165779,-0.014845318576226289,0.34236495649203513,1.4076460031312312,0.9227380460549347,0.5032466882859324,1.021644986322896,-0.19291930318961822,-0.3872188395760323,-0.6935319835573516,-0.12076702752114964,-1.0970577015765348,-1.7802732425464622,-1.1313618058678028,0.07107258736522747,0.9770330685793217,2.1521500142874843,0.0995213898177687,0.3647677501100193
-0.7090470932598046,-1.461460371141841,-1.157393000408008,-0.6583465983566223,-0.06384186977969879,0.2943919924105834,0.24515026437046553,0.33847854130197547,-1.1612120324681732,-0.8896961100485203,0.06068710790493157,-0.8180423852292921,-0.5109445309001489,-1.0110829719783567,-0.677957868658631,-0.07890975269377229,-0.9559340652153877,-1.778519570375982,-1.827361102413354,-1.1061492465256684,1.3873207642629355,0.9033894458224389
-1.5177623147093282,-1.1973550195709024,-1.597039950025458,-1.6605090884479095,-1.5094883474607879,-0.5873298477084637,0.7534484318236143,1.0626999022440118,1.2869200790997066,0.9446715002551185,0.9210267211087253,1.1085204594248113,1.3430720695161797,0.7673734272578144,0.5557637679428001,0.09515878465618957,-0.11774496398589672,0.09062831465841532,1.3343053261619622,1.372019880845645,1.865290216107091,0.9500825392629324
-0.6807128519406667,-0.739292901881569,-0.5195247046079545,-0.3227836104591486,-0.575657462132499,-0.4525628094570291,-1.411746289982095,-1.2796824367391249,-0.12949322539845132,0.7210868760794991,0.24764608920377035,0.8781165255189919,0.27507790770904694,-0.5497834235665581,-1.1739189093819717,-0.8356747436194453,-1.3623532249739174,-0.45061276182549115,0.10753721058598321,0.42866851390572913,1.4582306793741249,1.9610634768396447
1.4794374846598664,0.706967277226269,0.7566677723533087,0.5857387230878957,0.10411893241162973,1.1284722290460136,0.19970760692529593,0.6634994341859465,0.6741786488192711,0.6695564661176502,1.3003261838460645,1.4298445647733944,1.449233690886448,1.118570729221283,1.393174962142858,0.1313359134825433,0.1032260728997015,-0.4538681506197049,-0.940509041471145,-0.8737353769081035,0.9267824174990718,-0.48824210725890227
-0.07584454207684317,0.34371202932391465,-0.7566074200284747,0.0010648996263455176,0.8550532622434063,0.857347184403251,0.9053017345006049,1.2146545015931196,-0.14758595700841218,-1.034790191681913,-0.8243215698999081,-0.011632229974893438,-0.5345833168401665,-0.8359461159912791,-1.5402566595929263,-1.5986799629149193,-1.1890881092957586,-1.3056089190068294,-1.8611281330534253,-0.9523047057391615,-1.9580616413224352,-0.3326092075047207
0.026133370854923753,0.6345071147134796,1.0240684737136097,0.9783804560879213,-0.028819176295767402,-0.14063914580543857,-0.39769852012047685,0.04179568131559113,0.31839116331950784,0.7702224245247479,1.4415545183123903,0.4911331647871234,0.6021520843572514,0.1671671343056133,-0.4946609874764662,-0.9684049278822712,0.12885371643132204,0.6485420306382986,1.4247719265525625,1.0501773604808602,1.2663756670187847,1.328104193005132
0.17947370776085564,-0.37937775036988275,-1.1244616960090055,-0.7056007817973197,0.9128545580082924,-0.16954430255098146,0.01038987861655954,-0.2170250862660986,0.2690753666855535,-1.5658014779786973,-2.5051521488204402,-2.6013677911153246,-2.009582679190268,-1.5505779040397123,-1.0359634656994248,0.1797587128383894,0.6304368910136751,0.8959234304151418,1.174895352971116,-0.5237481918286508,-3.441898117977516,-2.717198009452982
0.5410533157974664,1.2064439420041704,0.6744023238622163,0.42212129407379273,0.0011588500163084157,-0.5759345342383585,-0.7750779931708957,-0.44942806042443606,0.7790069678934524,0.7651241679678211,-0.447857997269237,0.4761064647698243,0.7129296138643484,0.6440667224573711,0.8132756719879145,0.7385699581860852,-0.6456496428299167,-0.3033387410072446,0.2212790369921825,-0.5177385206054546,-0.17796075384785282,0.6418837572984077
-0.8252543347079583,-0.8320346126846059,-0.5454937780491022,-0.7978638021784881,-0.7370041431838548,-0.888863400667998,-0.7016577895680508,-1.0302008454207678,-0.5510804591188516,-0.4004590354792191,0.7385848826861846,0.31686223092510774,1.235291427174378,1.4560560241101463,2.2742590636469115,2.7341151522813547,2.505807335765899,1.744737521119116,1.634581278912854,1.1215872379005971,-1.4958524965982947,-1.735159506083399
1.119883871403062,0.07329278141006758,-0.0978915900574791,-0.0019147222431999155,1.0747701544594819,0.22715679528319435,0.6744630132121193,0.7465918045867055,0.8677842136415531,0.3258683639335656,0.2659419150797467,0.5891046478529344,0.1396929492479714,0.7863652062740869,1.0209082652417971,1.1777842199477313,0.5645107478820144,-0.058893316018733204,0.061545642838377754,0.24396808321479901,-2.3663048889427603,-0.7996014272723959
-0.3080524990985734,-0.6024503856693426,-0.7426745386101617,-0.319988089314993,-0.21116862291460214,-0.949755620137472,-0.1890870786818652,0.6547557062534193,-0.25159689172697886,-0.16807167812063256,0.8267988917120965,-1.0200951989796738,-0.2247532414044519,-0.4884722287424496,-0.5937498379691563,-0.2154838490902895,0.34125897328331206,-0.7599481157742847,-0.4586086868263393,-0.006057246752049383,-1.0654765649885853,-0.35069581511966924
1.8076542700277556,0.722846109155774,0.02054800325866998,-0.3786003525069498,0.13065711221094056,-0.36344942850396994,-0.6555575195389641,-0.6758126233336946,0.4470084100154697,1.3160313573738063,2.224828569038456,2.19679787878772,0.9013446365612849,0.8009839165264181,0.8316822975935528,0.24382455793293237,-0.8160208048726226,-0.9666761497877563,-0.06301768540510296,-0.5205427654354684,-0.27229093222744416,-0.44032352819940024
0.9315632266916706,1.1580387488068375,0.4428389029662723,-0.3822749012430431,0.10684035289771932,0.6241048777218487,0.9576810549554927,0.6266158161453629,0.7527595470338779,0.36490613448676634,0.025263721723985236,0.1250804448536324,0.1085908248441247,0.9144425386784327,1.1433832583484538,0.9737076502247074,1.145789407039185,0.38564787377562804,0.8391069796485382,0.8101375967438439,3.33509546908805,0.6084357211413367
0.0887014195975299,0.21171314858853002,0.07742158235638831,0.8563070271654036,0.09748195390339554,-0.07983727398580188,1.1064008995101025,1.0039542173623306,0.6117806750409022,1.6251194370174769,0.8997125582249434,0.7134838078334805,0.0956325918876427,-0.4254440440537908,1.0330731294342164,1.772921133172112,2.261770194781588,2.027581626358345,1.072916798793168,0.9706617987370896,-1.3331574120756349,-1.8951585759968064
0.7002133570154809,0.11216263254315519,0.6703767844515819,0.19269460278660225,0.33542107831259915,0.33740827017484454,1.6372627568158944,0.9623750360336265,1.312112378402358,1.0350113188599026,-0.26569158075657145,-1.3871848367384658,-1.2998901274689452,-1.200160553580823,-0.697168757085744,-0.20052599205289232,-0.48220692996851794,-1.0107009184191897,-0.6674474174389851,-1.571786432415305,-4.128257596593479,-2.842226600268857
-0.25200534816566345,-0.15597649009547004,-1.1545072164609944,-0.2529194136139636,0.2515410349760203,0.8852238563536257,1.0379516020732298,1.1766185223890233,1.1845389368928445,-0.22442173806503388,-0.3808119064241499,0.41015328848780286,-0.10037443280650929,-0.5301701656811588,-0.9514468268983964,-1.8628823261435565,-1.5515883490663183,-1.6994208718919686,-1.3659702150549446,-1.1089528458324005,-2.537532569077073,-1.7279877318292853
-1.4340176924284969,-1.1310808721319736,-1.7058560419218327,-0.781083456384525,-0.29314516407292257,0.3864810371972678,0.7479338947563364,0.6739728996177926,0.4659843091755088,0.5293304255519752,1.7980027339215685,1.920381743746116,1.1887969325236551,0.42080266160318786,-0.0167183783997146,0.4349409680424286,0.8296941201169159,0.6222643965159914,-0.5938152812379901,-0.6850483230650676,0.5900895490667694,1.0103548900926997
0.35398175185609093,-0.1878372595689113,1.1524343422595364,1.4628238282157364,1.4512543984784785,0.772931530727211,1.5788706729538882,0.4617469382772836,0.42857204046087977,1.320913156551548,0.5430160846370486,-0.5889825352065804,-0.024553683030652973,0.1996509464527952,0.27414351767469064,-0.2005827653675904,-0.20118107799741589,0.595735775706535,0.7591013104001533,0.925838564444233,1.440173177952909,-0.3049012148745399
0.44120970956720645,0.4141496161571233,0.6875150988899826,2.310724323059262,2.224477952144484,1.0376840048157365,0.18681009160617648,-0.5917212263903303,0.23877174627091405,0.24006789843720858,0.0799784081488292,0.620142655483198,-0.38255859758643695,-0.7788486292799137,-1.7226203255133539,-0.97351733447812,-1.2508423583149046,-1.837528508515596,-2.020807125169812,-1.8920181224913304,3.423721756074255,2.634729271572099
-1.0869414139174842,-0.19416722651904297,-0.09535313169793858,-1.446339804588747,-1.7644262294864175,-0.9265497623317442,-0.9889688451340529,-1.119195152068413,-0.9976528793484707,0.10197382652336358,-0.28105370090561854,-1.0294037289370142,-0.4741619550697729,-0.1971190769187205,0.6870706104144015,-0.10781994737872862,0.13049549549982337,-0.1155644054995557,-0.7550534136060443,-2.281638894891485,-1.892262494204553,-0.8420630439433295
-0.015315745921527773,0.9526099830517267,0.982322566751842,0.5494982800822446,0.3255649830962745,-0.0068051260285205625,0.6580210633655369,0.9151948730492199,0.7292814414976451,-0.05700197356212762,-0.48930329251397725,-0.28033452922582824,-0.17821757168963953,-0.10938330237102453,-0.10639951806699915,0.14296810677269647,0.22007830755170954,-0.2064369822730535,-0.03947792936686752,-0.16686414009866188,0.4971589308080526,-0.9284336881949533
0.1893384112443341,0.028037612920856065,0.3415747335383639,-0.3306274011330996,-0.3168821628979596,-0.4583011469462625,-0.7462400726226001,-1.4429039793537533,-0.906601540379506,-0.3497462799116432,-0.04488992603910243,-0.20346698974593536,-1.2289126248694766,-0.6769033899687146,-0.8253861428736171,-1.303915496752252,-1.3539285667450596,-1.191927380064796,-0.6103273828898587,0.5020087118967871,4.0175127167039975,2.3318528740427524
1.2171237781018527,2.310293641638563,1.0878170484402216,1.005093867386978,-0.034433930879900446,0.4131655098544298,0.17688292330046448,0.35994540103181105,-0.38313800567064915,0.44285228830384193,0.2624185534862525,0.33027001150002355,0.764213212054815,1.3311082745943934,-0.22520863935621036,-0.18086215393610341,-0.36010621391856806,-0.1717539786105632,-0.35205239633329305,-0.2594565532803728,2.2226956966957463,0.7604694173906669
-0.4611416504415257,-0.31863358192109825,-1.0906350975446066,-0.852253093046254,-0.41352513816675446,-0.5026290850546404,-0.8131564263579719,-1.2327279258502002,-0.9468785976440838,-1.2063437514742024,0.03182160034847292,-0.7547829407955168,-0.02117303181790416,-0.5506099113945374,-1.0064147028964359,-0.22102269749733028,-0.35251277133100406,-0.5303214082253925,-1.1581533654000802,-1.1393207584854257,0.8074716873905373,0.4836923349335512
-0.5301242823441276,0.3861968983459534,0.19280852267485823,-0.2589415418885829,-0.5896426773976697,-0.9326852568967098,-0.4667935222002071,-0.7283337660817643,-1.7241247906587005,-1.171526887527714,-1.370875786384713,-0.9636329185134128,-0.6586119423446307,-1.3083009434266186,-1.399884900853742,-0.6157185222836274,-0.23366374148267355,-0.56462553286514,-1.5582460565514638,-1.731229861745965,0.631982779765947,1.3137805498166584
0.2916793490462587,0.768141575411955,0.5081234624525363,-0.45030710400464813,0.7842676405283069,-0.11956072113876645,-0.1548526403134326,-0.2704483307676229,-0.9821216227715025,-1.7237365397619004,-1.847501030706632,-1.4539344202264457,-0.5418180975971252,-1.09245656158716,-0.7951353455104788,-0.985606234162871,-0.12120503571753387,-0.055968939431852965,0.4392443942506304,0.26021050193888834,-1.0503941786702642,0.05850001088080112
1.345996496302723,0.3485796278613333,0.23931220349423366,0.7049797348229497,0.20535366135581987,0.42284106577001007,0.17579818219150042,0.06319008774238197,-0.5684544786210434,0.20065883359835562,0.08274615203265566,-0.25820038227148273,-0.1660988808261759,-0.19850804791353813,0.19626273137318068,-0.33891541331917047,-0.8087130570054503,-1.1327728927158656,-0.8313375113415616,-1.7568418773995615,-0.4763502247318201,-0.42356707609399874
-1.109126924307686,-1.5102987673631443,-0.03939288952049491,0.12028321081749571,1.5289453962540651,2.3032627924469415,3.022888236304365,1.8502781540583135,2.419018577810531,2.6799349279722553,2.8780535901426583,1.4277154960933383,0.7849125291587995,1.743577370905484,1.3932965169494422,1.5050802369412086,0.9723253459436906,0.5784529667263776,0.21235887805175746,-0.30569044437414405,1.0584426569782546,1.0334718103083094
0.05767659507541853,-0.5825331811330136,-0.06585246448616937,-0.5107337802246271,-0.6385213847442363,-1.8833350107448794,-2.0135490167456402,-1.3138123483282589,-1.1160129080633772,-1.0690021404798338,-1.1543167017595823,-0.8926799633984962,-0.9329002369512922,-0.45174079712627085,-0.18091759761288864,-0.2554901104500354,0.2771043089971342,-0.08444802369048006,-0.4933737181472578,-0.4626163141485314,-1.6803494019223248,-0.7743302457198191
1.2924422587440616,-0.1314134423121209,1.2607068175312042,1.4716758917734696,0.1738879657704873,0.7089946632458852,0.3277939456487746,1.365526243989615,2.349404417826312,3.0748846046806033,3.285953473181251,1.7042199213123486,0.3794455722603238,0.07515618302984256,-0.6195058515653766,0.06722183758591206,0.12511625795513165,-0.7167284802555808,-0.6699084980251714,-0.7041705940399464,-3.928900013720879,-3.071591935407714
-0.07065369027439804,0.9008447310985195,1.6921749343844552,1.6475051481683276,1.321986236022759,0.7182130830375952,0.5479272549599417,0.4293833319940735,0.45361428672717535,0.11270823671114547,-0.9308691636292975,-0.27503371875753163,-0.9505864534116888,-0.4328204093957307,0.9803245445734552,-0.4095362482330748,-1.1324403035878678,-1.6946549250798024,-1.8130821249253397,-0.792909182201221,-0.1087301961409135,-1.351189326446011
-0.4738457293571037,-0.07563068885759118,0.4511951863820693,-0.7013773155976886,-0.6540847187721127,-0.5376566190470952,-0.8875837260923375,-1.602611830795817,-1.6031095367109365,-0.9671737291779998,-1.5322985981374633,-1.1173859870807374,-0.7573959546806521,0.13061383104311805,-0.3335133519574035,-0.569316423849689,0.42058505873634167,-0.508147396767261,-0.5038191050266617,-0.9023239396225354,-3.129811486189384,-1.9297267445788537
-0.11564189144037564,0.345329148556141,-0.4428740561227634,0.08901751630674996,0.031074230518881422,-1.6845377920900022,-1.3621510802531542,-0.8962541224812135,-0.8323935231425085,-0.14470341796196814,-0.9672945800497285,-0.5605470766902475,-0.7421874716934601,0.1122577157840918,-0.19499879903547002,0.5941321215090104,0.6736478098460795,-0.27617772479318564,-0.9086890003645457,0.4806625914468476,-0.49894867733788506,-0.8803897548113738
-0.12615454131478185,-0.29538517198683484,-0.268270865960135,-0.017589443597841075,-0.22807862788038724,-0.7974606517110631,-1.6788287751925521,-0.8543813062816111,-0.5941277438174601,-1.1018679407075291,-1.076759772385259,-0.4128398572411327,-0.07187906274920991,-0.427147671816441,-0.40677973181628563,-0.7307136025106638,-0.4923122935008504,-1.1749155748388997,-0.6560747384030752,-0.3458356450532065,0.10025674437463161,1.1756915046399956
-0.16906143062757348,-0.081547219995876,-0.009114705617774053,0.9173739958490926,-0.5472346654537367,-1.4817446141979862,-1.35574875135799,-1.922268071915622,-1.6969893394690405,-0.7770267135503653,-0.4865526422723247,0.9551443369807338,1.161041809006372,0.5562841479485398,-0.23564166633797126,0.1568192967282615,-0.38592428827995107,0.4393360605408306,0.11596578404654817,0.14202853506935886,-3.147954929696114,-4.763960777108687
0.8108743127874234,1.2380379327923032,2.1057019089849174,0.5398530253874898,-0.7348856823464097,-0.6315326777237665,-0.6839017795005174,0.3604430015143035,-0.6464505403277117,-1.8849022400340814,-2.8235052089468264,-1.7647497161922234,-0.7838674778686578,-1.5883533897605837,-1.2836972206481678,-0.960090266361625,-0.48966584862549667,0.6858140412927285,0.9842945049715836,1.7072175019263542,-0.9667585146974826,-0.4497718711543436
0.7968078742246532,0.7276027403709102,-0.42102873381200207,0.32791121543252627,0.645160539161852,-0.48974050154635773,-0.8353275556386545,-0.6980326025222328,0.09515429150696725,1.1336090810307575,-0.07631477421072481,-0.661131884620618,-1.1385721132205548,-1.8434234946233345,-1.8490360793140466,-0.8764221523575311,-0.6181415079487487,-0.3046078791005233,0.013403837268093386,0.44186125335338494,2.4402257019284805,1.59174034288701
-0.8828929249549318,-1.626052780869574,-1.8478554108572673,-1.8440036915432323,-1.8108742342138435,-2.233983413046972,-0.8967702067702151,-1.2927530132287524,-0.5574065022756334,-0.08940628955869329,-0.8355210804671411,-1.3682751783721698,-1.5780315690748823,-1.9303680069801397,-1.6410222350964985,-1.0462709453358787,-0.6667983766826416,0.07918822689549422,0.5578083277711704,-0.6118731710222839,2.552806581099353,1.8259390629970722
-0.5802261668375467,0.6731875192416146,-0.24144131211971215,-0.4729594483762652,0.9276813020172294,1.6548781027823565,0.5647782316245179,0.5148754938844995,1.0924917330882582,0.7387838183955254,-0.2576449689774842,-0.036987199295689215,-0.3458279694130375,-0.9758007852361887,0.4430858681460261,0.08789414996860372,-0.3414879765406237,-0.34312540142864456,0.11060628227373207,-0.2171709817287289,-1.8269502377019586,-2.2277827312917386
-0.6000836484313105,-1.3539441871051279,-0.46201686207934645,-0.6168463446778206,-0.20469020235590743,-0.5802980543224957,-0.5105396149950585,-1.566390519788614,-1.2611837333096263,-0.7234235650133563,-1.0895301735804035,-1.683174775464651,-2.2015530823421927,-1.6790701690848342,-1.3668067669039954,-0.787945068273667,-0.10242743786458332,0.538067500216181,0.4621761741632091,0.5544038878216353,-0.5916187295076215,-1.2800912514166816
-0.5933690649861106,-0.09943178541264132,-0.533840834828362,-0.27138665076200846,-0.3582967787329353,-0.3095173161660636,-0.7314427040735484,-0.8526443881747062,-0.5819606890945356,-0.445232628667209,-0.619662125426069,-1.2207325860002411,-2.0689864034440237,-3.1006294503156573,-2.8728990384869277,-2.7089042626003788,-3.2772753939349806,-3.0913797037009503,-2.5645782171396045,-1.4186225199837073,14.006643166364153,13.887217171381312
-0.1317740164674055,-0.6334453824743906,0.07004411663771086,0.8539384576030656,1.014486796262311,-0.22244510403213563,0.2423265543462574,-0.17356039265265558,-0.22302588965180195,0.28185408240586546,1.0796114640018362,0.46461008042885116,0.7722641868673538,-0.2481957532747994,-0.02881095309035551,-0.5050051361316091,0.4913025736486703,-0.3725900627874417,0.6681491866166177,0.6239008716345834,-0.903876669719008,-0.41140419651586924
-0.06135179394679154,0.5956491470350981,0.49324474970897,-0.30002072868384333,-0.09231592704357322,-0.6981367532499009,-0.42672311661302326,-0.15526894234803992,0.20612017585289344,0.7197163195421371,1.3107630260644276,1.1278946173505862,0.38985806863097455,1.185872410425707,0.2360617310155818,0.5280499963367087,1.4806770737722044,1.433435342057156,1.7014708262232403,2.3990233472547273,4.009517124441457,2.4084606883460737
-0.45236399149867634,-0.49683112634489024,-0.006527053491995898,0.6823273891627858,0.2691095262508932,0.3882916326973747,1.5216905140880763,1.801763498091743,1.878816535009989,1.8926056388080332,1.552317673990195,0.7414945145849648,0.19480954332485897,0.7128588606641623,0.7220609457607184,0.4170069126193317,-0.42214254053767464,-0.18503905198542972,-0.3238042105658705,-0.6508085057494691,-3.8567816812203493,-2.3449413412284277
1.135477679963877,0.14332317088889815,-0.7404404107320061,-0.48055040024232637,-0.28104774906854396,-0.91157043195942,-0.22578360008283307,0.36257376254488216,0.6687350003880407,1.1234785340011881,-0.28833403823811615,-1.2907915670730958,-1.0965222400549235,-1.1691473742049334,0.04581848843752058,0.655846197826359,1.19200252475047,-0.0832097726255792,-0.012541632904233622,-0.36485829860696434,-2.4125289573127606,-1.9119854357807693
0.09736618132162385,0.21519458988221968,-0.22369455392880755,-0.29810941030941474,-0.6627326732801024,-0.6644776552856535,-0.34385227029364007,-0.3446118554909868,-0.4158006288468264,-0.2047407380949811,-0.7166585189631542,-0.3173205779579052,0.340921399550954,-0.38797978409713507,-0.16925216101650364,-0.09940709862897316,-0.22735305858293672,-0.2770194929101746,-0.8855547047579557,-0.973026329995492,0.4617196260923963,0.35725476716916293
0.7351248949619903,0.003135420549019993,0.916103015030074,2.0449553803478784,1.9739722076238484,1.7519308205374529,1.7640469479932852,2.0033650755458963,1.6243462252926726,1.3602793172522343,1.632087883218721,0.5015424084186596,-0.5550702548316463,-0.9359913690195294,-1.1505458659375487,-1.3063834324270736,-2.27561179000766,-2.610382342656879,-2.9376184684333877,-1.2226364527342233,-7.161245098047799,-7.023349177930831
-0.32048394921443824,-0.6137741821602557,0.25585919306117066,-0.1682057511150994,-0.0805505784138998,-0.4017866921612812,-0.23335109959290296,0.47064835917018694,-0.015577904418759602,0.853282140147601,1.59147930038224,0.7571178420266512,0.9734892031382261,0.8620816366685138,0.878794385601373,0.2882545465633853,0.7366169257926894,1.477131741881102,1.2846107254341619,1.4947940353682683,2.146188843314311,2.056147662017887
0.1346251669764204,0.41528711123180156,0.1460435464126372,0.4024634375707591,1.0410832244842758,0.485521951201595,0.18585189866190646,0.648320335026472,0.10038460529585017,0.2863516999054386,0.1703562493869216,-0.30371011728954295,-1.1387732063527807,0.26513812258400316,-0.6167221241346665,-0.2632456970064741,0.041124639356036566,0.3504986103676604,0.4498264765115709,0.1319770153869704,0.21369460142282937,-0.1494460444289416
1.1522161812339882,0.22772805211404942,-0.4141218706288099,-1.2083488095232648,-2.5021735949944692,-2.268156690120922,-1.9074108186873455,-1.343990297858786,-0.9636075643073235,-1.9421227472057254,-2.205829517792587,-0.9859793892081253,-1.2723193729454485,-0.9026167725240309,0.10583902636972113,-0.01175796182850459,-0.037457323324183035,-0.12392507165682246,0.41112241298482527,0.8497420162650824,-0.37192110719260874,0.573299277287192
0.6600442898556556,-0.9688031178161256,-1.5927316976331052,-1.1615164871174941,-0.4424156410331078,0.057679988821602544,0.9067626932539504,0.38111895799915996,0.4988837303795028,-0.6528748298318197,-0.8822537009153416,-1.5567721335064417,-0.47608259300388983,0.6400183688504054,1.440857972213499,0.6168463215852013,0.5460437640903096,1.1369464412659134,0.7566917512205337,0.555693787242379,-0.03188070883840444,0.6267953911364106
1.001143874004798,0.6165726282492211,1.3400613444635574,0.5988351504924856,0.3482419053206536,0.09738674795778376,-0.4836172870917416,-0.5146436896986333,-1.0701399477585425,-1.1072155767872758,-0.13253804041456443,0.015106184656356254,-0.5810997847539855,-0.6589111334161586,-1.8188075956185452,-0.7996814913900058,0.20672224076628753,-0.40420271275263436,0.701382451536771,0.9163120882715491,-0.24725715979851293,0.7968553461681451
0.7090417549170955,-0.08231747878065543,0.8440154848980548,0.9839520292627837,0.8828995860872649,1.399699640224631,0.45841353508723776,-0.5667726392978597,-0.18524496963844586,0.3542462961898103,0.2531109945328778,-0.14656550334727658,-0.6611323827177413,-1.1828520363783215,-0.6018008310451076,-0.6171626767640217,-0.08724757889877847,-0.6340197174196353,-1.4684696458888926,-0.4642882133466226,0.8687071532738414,0.777262128746003
-1.0770535310056153,-1.4135451362449873,-2.2401222380473644,-1.414332645620901,-0.7158500473765252,-0.39389681535110876,0.3074524160936696,0.5595077596199438,-0.07586566398925933,-0.16764835217534252,-0.5460237607833658,0.024079599295714134,-0.1732089508197797,-0.7464156864030416,-0.29305687206952397,-0.7491535293161768,-0.35798315052847923,-0.39238660979499734,0.3100055591049254,0.44364754767056386,-0.32682206793858093,-0.1812600982676354
-1.1464601441230775,-1.1186670267250056,-1.618634322166289,-0.7670009252581594,-0.6220403490604437,-0.7118000330297427,-0.645012615025507,-0.9837629112285431,-1.8682218578875662,-2.178409732069903,-2.1658100884970266,-2.229693027936148,-1.354675762836235,-0.5973744895693058,-0.747692589069209,-0.066355351348497,0.07556271249662096,-0.585857935776631,-0.485687150702719,-1.324531555421905,-0.07260543763800897,-0.8243493752250812
0.6264940932339499,0.7165106205599929,1.4504983448440252,0.8068268231336909,-0.05419251772995597,0.5548039492329161,0.5795562314348026,0.6143610892094983,1.0879152421568352,-0.09214031682301889,-0.5903184740023637,-0.6557557604473379,-0.41305511181698296,-1.4828208034891792,-1.6464123163751472,-0.6042782646027769,-0.11495759538707749,-1.025174121082845,-1.6349760036368264,-0.18367351941957624,-0.5292037968750634,-0.5225181586722737
-0.06333811170745332,-1.5445862037830853,-1.4172568502581449,-0.40644329457878625,0.01627275484755799,-0.6026537301536441,-1.6054016058379041,-1.8952334754164526,-2.3065831233039487,-0.9773216655126571,-1.3542352652775063,-0.45049271079286907,-0.9703770691425978,-1.292304608612976,-0.9800236064417703,-0.400399323080259,-0.46270839480548936,-0.2514520866881378,0.2267218148340937,0.6333145332234705,-1.8451230988196643,-1.6903457007311162
2.586414016329409,2.8529435488908153,3.576534583755848,2.2829072646104187,2.0341560229380686,1.5541523973104974,0.6587686054569166,0.6552820542689786,0.10721373925844593,0.4535152702160253,-0.40042075031619534,0.6721027428064136,0.8614285170510424,0.7123859025284122,1.5983295987101884,1.7434961994511518,0.3772902540683506,0.8118188615095515,0.920309696016744,0.1835614066821249,1.088659585267199,-0.28288926610849663
0.8230815355111145,0.32022398736170166,-0.6036136559730584,-0.41726403841273885,-0.3587171710550758,-1.3033987253924655,-0.6989390928894856,-0.7592986272492837,-2.2864410860092876,-1.6865322824829434,-1.7893094936184268,-0.9069987343184878,-0.2960539372068713,-0.7630113503016707,-1.1920290879175053,-0.6154360589232447,-0.7290354534575921,-0.8347102612257129,0.05489822626337114,-0.39889701737020594,-2.9528226272660283,0.2361369983199234
0.013827678154787663,0.3058400528845797,0.7117450637422241,0.9496441234088869,0.4785809353428736,1.561869402929864,1.35257691130272,1.096839222366498,0.8044647030406722,0.2444088259384496,-0.33178218488637373,0.1551906893185334,0.16391909985620148,0.11845487617591399,-0.034080870145765066,-0.007195592736369259,1.0413654207638434,0.5680164598577195,-0.04425534569017631,0.5177982174537111,0.6564542498230326,-0.12784864919762035
-0.028917698385103954,0.31405148087463725,0.7623564698865007,0.4344417815141232,1.0330049001092203,1.285843835851823,1.2975235994198642,1.2446945937714193,0.7226301972765586,1.4153901800335345,0.8984228839351457,0.851498701531783,-0.7322080272211104,-0.7119129612367344,-0.33290926769539847,-0.30299927999821974,-0.26374074793698327,-1.3039581236256792,-1.7844152283378891,-1.1463322657509358,-3.112222478615253,-2.935963605309732
0.8793293872194644,1.016441838484885,0.9145413877251406,0.8582357949056573,0.7892901879991163,1.4915933153165306,0.27100194754370854,0.4712530114119478,0.45801964204552625,-0.18206557817996047,-0.24656573728954592,-0.16538667766514925,-1.2492744079928493,-0.5816645306489568,-1.1350203494904887,-1.4580253228794067,-1.4267072540545804,-1.655018597771551,-1.1335162411005109,-0.9166014375883373,0.4512374858138282,0.4952099039786672
0.20753247134126826,-0.10852318182321079,0.855365059812431,1.7834570518498256,1.3291844860158688,1.3098017185098116,1.1394296459536235,1.4854428215192523,1.4071393935246574,1.4967355347398372,2.571778888490941,2.4875496584613024,2.169935121476736,1.6025629735267315,0.4485927827150401,0.003365939955487704,-0.27194643022441756,-0.12152889434822223,-0.7633686089110471,-1.741268256167885,0.684877799603325,0.7531300016392892
-0.4626953310720906,-0.43992664079370186,-0.18659151564684737,-0.047775331614925746,0.12376389590409272,0.4876633987600949,0.13132564436049976,0.40389006407545286,0.17707433750333587,-0.5274543043757319,-0.33467565423976325,1.0868824069410061,1.233775044705471,1.2022974517092768,-0.058525434154173606,0.12874220919487037,-0.16062231104332586,-0.06224260072391697,-0.16543503641132026,-0.03349244051393352,1.2756184755466924,0.9348493079936403
0.6767506305842272,0.9668760614309292,0.8721536693609164,1.5373551999263446,2.028916281221781,0.723486814795696,0.3198121085632714,-0.5874631490458883,-0.420779315698334,1.2919827263407304,0.12792028956498347,0.4378515744716136,-0.14292935632835593,0.37663048224449514,0.47156331438043003,0.6112386808561169,0.17221750945814976,0.9870148623693679,1.1350049072120176,0.9762195082569275,-0.8503299135679327,-1.4911501565035663
1.534592439886666,0.12673050268812983,0.026257508419246067,-1.3245758591545065,-0.8046366029370755,-1.4750527469301482,-1.2755291513299434,-1.608456909122063,-1.2337934015261518,-0.5429694016863793,0.5534893048028073,0.10531241483009583,-0.46350607704311,-0.6179842707463151,-0.23850599739056683,-0.23715353462900635,0.4802109788854984,-0.007140548310346444,-1.4231040076215877,-1.3063411876237139,-0.9823781829456321,-1.0541650265865408
-1.0893047086693726,-1.1166889743421757,-1.2714983619586326,-0.2492860371803197,-0.4624012403308976,-0.20497526117240567,0.579909717812847,0.733525091271464,1.001355841008519,0.9858902917485696,1.8430864145143242,1.0679040974334606,1.5870411318302933,1.0167613003206042,0.2883034351610661,-0.482575079186821,-0.3403555208840411,0.5952183673775873,0.35812401359122636,1.811608813795208,1.016302143788914,2.461062999862156
-1.4908589722923729,-1.090223786297748,0.3856271988751112,-0.4589563745400039,-0.5061650601211021,-1.114287642214744,-1.3690786285998384,-0.8979520053567186,-0.8070661936703318,-1.8695686424465126,-1.45424262701454,-1.3782648841769432,-1.1063018311148975,-1.6708244834187067,-1.4530984107602807,-0.8958163005379776,-0.48382949644894185,-0.21720243103907994,-0.3800563932114994,-0.5484347829282934,1.008179332860176,1.3833596356714242
-1.4191926448666132,-1.6086089463131208,-2.0043829525254133,-0.7767581888839268,-0.9196037888851002,-0.12817304923473613,0.2765800931056988,0.48068113780625504,0.7176135515959852,-0.12880484840907577,-0.21572440026759737,-0.07299782078627728,-0.33045054302066634,-0.13997238656758537,0.3857894428751287,-0.25903181808806774,0.4600580229811477,0.6355155505794109,0.6960383301972894,1.2615847235677573,-0.21225919561992024,-0.1507984305366475
-0.6289733245077875,0.13275553521865321,0.4702465122218366,0.6811207795843321,-0.05580443045973797,0.7757518767821152,0.458107959209009,0.11018445137133481,-0.20206435813232668,-1.019747236186908,-0.8416271101724194,-0.627622742157453,-1.154053534122084,-0.6694899180657489,-1.100043209700118,-1.1943379920477417,-0.4296318575513331,0.561099748947611,0.7786868356803571,1.2499308090662247,0.3814023860755337,-0.08649528449116027
1.95744780630712,1.9160933502812976,1.9805255670442328,2.3033519265612044,1.8133989936041695,1.9657385332551225,2.7556948354690953,1.976012735542265,1.5207403690244725,0.9911475928372905,0.6513476625754484,1.0205453768990358,1.1760990574831796,0.34575768074935553,-0.5540020705535987,0.4082219294210052,0.9884259569305759,1.8012388835105222,1.486222488390149,1.5199516396775445,2.7064870529400964,1.8062511860196484
2.073607622611895,1.7329631903138771,1.7558840730143395,2.3745461889135764,2.7196825739541373,2.2933732772493203,1.2400080755704184,0.918508015057206,1.119398961374618,1.2967291757749373,1.6232109256386216,0.8655379571385899,1.3686888136948063,1.5555822819850087,1.7412112305737404,1.329049954277374,0.4490020114068315,-0.027791995858980487,0.322024710901004,0.34028276337989305,0.989349252651419,-0.5759728116055128
-0.21300589356794858,0.15010648972411836,0.5944176690131799,1.3344126156467522,0.6866546687989576,1.6991064832297733,1.84165260815431,1.290392738985176,0.5036444471522716,0.5796923019832478,0.8734293034490281,1.0073435785542544,1.2496726479341203,1.4085285523429576,0.9010730919378352,1.0908214442498962,0.8949475572785236,0.4963429816233421,-0.09508836520727124,-0.0918668900595403,2.1824621803686832,1.7433368641213682
-0.8567773549222667,-1.0565066457293797,-0.5303556024547273,-0.823881751515697,-0.05499280255577206,-1.4733806068985142,-1.6077293081001451,-0.519737355927806,0.19601460873464177,0.10899272720676147,-0.047445822322941734,-0.5007117029660036,0.08422450971935765,0.6247395577259794,0.9688333528965994,0.18847428635054872,0.36078012440621765,-0.5797667702272328,0.20690901509854534,-0.1673660632799905,-0.05438409299746361,-0.3250660278071116
0.25294096286610446,0.22167853577560562,-0.3214930703046168,-1.259658652413034,0.15430863368193642,-2.289284294401586,-1.9830610418057866,-1.447116275455531,-2.234309527470041,-1.3790479547086925,-0.6692373739120747,0.29108624904807157,0.573927521523754,0.3753012072053517,0.4901577180735953,0.5195409287843615,-0.1417823304610206,-0.3697884155983804,0.28544965644193826,0.19584613910352866,-6.802878018208485,-5.27779854818662
-0.9246829866453979,-0.8172442837768903,-1.4331281224865893,-0.8983765939167687,0.1243283450699124,0.47733369112890384,1.1397994239022524,1.2786318252188327,1.8434369515137308,1.5187622847579634,1.3046571239900233,0.3095466130377824,1.1527356726312208,0.9554174829692497,1.5924623739524661,2.1825345152679785,2.3364454927097067,1.5497372390993764,1.3445104864453716,1.510929511098192,2.49718118591341,1.977360708793939
-0.4774681593087577,-0.5078375824119641,0.2098402372626473,-0.5381124472739298,0.5751893858726964,0.6832378050574154,0.6989369776809938,0.31889712370784346,0.34316645648417077,1.213122249768919,-0.28148366419208065,-0.38700373802899724,-0.3452628453647342,-1.1961370541105483,-1.2580044174841978,-0.7984130919030187,-0.750231489234301,-0.1483666266331218,-0.4012905630478688,-0.0546230137171668,0.01717214355499358,-0.41421698934878215
0.5682114990130231,0.7437692885804028,1.4320325158521579,0.1805846608371609,0.32436097344670595,-0.46145489618252766,-0.005314448584617019,-0.7589916925776407,0.17199820324673568,-0.6660911543653564,-0.13669132985928237,-0.29722336199699984,0.40503324003022934,-0.37136429217619965,0.19960635567347904,0.02010487969958954,-0.2298053228352103,-0.7281892865679995,-0.8220846454703835,-1.1903012471155192,0.6261454561261998,0.6402945013317138
0.3484947616152675,0.12801406510976618,-1.5008569738218245,-0.9652057383219053,-0.7268780820896689,0.3848076807830897,1.1326037851815434,1.875106089633976,1.8680839516083834,1.8633992148454952,-0.26962048633319696,0.04558197287517053,-0.6745542243726078,-0.8106788186344102,-0.672729435253637,-0.8482544773772215,-0.474963602232009,-0.7816059206070401,-1.0281021147482605,-0.07811057489705857,-5.947710107295487,-5.27805639608979
-0.45936696516557457,-0.41231519884551804,-0.4916884813001624,-0.9760384314852613,-1.953455157189942,-1.1587449370205494,-0.29710124578391905,-0.6537001763163977,0.004310989163587239,0.27595016595899113,-0.2468615816878035,0.2598324804575939,-0.4975759431032563,-0.4944997827778109,-1.2660996841595231,-0.9818890601589509,-0.8019680883923604,-0.5796313852287656,-0.710489781149088,-0.6034282243237595,3.257584015185109,2.556935123247059
0.0017257707131510854,0.03605337448506961,-0.03157813832783844,-0.5998342125054589,-0.5679957954177168,-0.37287787453984367,-0.456788798446996,-0.5948064050698212,0.010214055528318873,0.8370743695927184,0.43148501288254754,0.9697774051733582,0.9468302062526512,1.0595429872363515,0.8076047808518421,1.6413207868578759,1.3930162842638758,0.9901347290204217,0.5416034370955557,-1.0737464399741257,0.649767106089636,0.42624590046050553
0.8517305886981078,0.9220118344590376,1.0151091061436173,1.3094367808845624,0.9967885190958156,1.2593894166436783,1.2914759929701078,0.7318486403834408,0.9319262089749761,0.40586861538045316,-0.13222290227646738,-0.05777361930677205,-0.7957243943228823,-0.590509882273694,-0.9574565453046399,-0.7630267201857326,-0.2823144742840552,0.4167131061247642,0.4328752347804063,0.8004947515824647,-1.105795133818536,-1.1268823659843192
-1.1991457995464807,-0.666192092581503,0.10530570342666282,-0.002704312009202874,-0.43675608682299466,-0.1408163905262309,-0.4147669390160836,-0.9500119192158415,-0.26706109912109116,0.4660814101374676,-0.41327686438574185,-0.4633130513914279,1.1220342338892164,1.4535112817597786,0.794268705003909,1.3062595157685435,1.545873278868886,1.0003595011973434,0.023658207901377352,1.120737428201662,0.07471659698547795,-0.23691347070639285
0.3506398173806192,-0.46171576508927037,0.30678748323497795,-0.4191003416989973,-0.6651223140691431,-0.905229628892823,-0.6681547523020422,0.3383563674128861,0.4117977836464347,-0.05604640412071632,-0.037517351207093576,-0.11909169872262003,0.5931987587746091,0.8617131817628065,1.1463226269407756,0.6672115327193684,1.0935509548319582,1.1321542199684358,1.4186747350065352,2.3458663301324445,0.6545658151504277,1.6749046556578693
-0.33527501931241865,1.8395365143816713,1.14043725871407,0.6312189003192674,0.322779796454087,1.1589560403892898,1.2641622676533109,0.8687611448402247,0.5408385902274288,0.2736755439796874,0.046165243796834454,-0.8957482644075186,-0.39146206059450867,0.5439058082545264,-0.2751457039491048,-0.18707428809847032,-0.24760999439700324,-0.664032494007587,-0.610307348096264,0.16791844262563868,-2.45570117446898,-0.2503869317124662
1.1477349208103835,0.11978498045366172,0.26499744337704195,-0.05101932729868678,-0.9523403361921127,-1.1732082899982297,-1.175255404509179,-0.8933416134391373,-0.5997756057075798,-0.569113320319433,-0.9272726080237499,-0.405169099142334,-0.08906615335036881,-0.906021265681956,-0.8071265622183784,-1.3199070974275606,-1.5949776137522362,-2.3375371771798523,-1.023697726410942,-0.03263064571316076,5.437102636221443,4.170385360362699
0.3033957694007305,0.4057511161599428,-0.7440023610030284,-1.4532807604044435,-0.49079679400459036,-0.47821476902664445,-1.150918790225799,-0.5869437438694818,-0.8544480124110225,-1.4975223331783418,-1.5074356473579107,-0.9067695309429761,0.3611372695197534,0.5776429217645377,0.1718247672694384,-0.5667018962780317,0.2031652890025783,0.844380071556006,0.3428092430907572,0.7376809038620865,-0.15378449464614263,-0.18466006565659152
-0.17592468424186306,-0.5516294262368475,0.20129168112261467,-0.6616529828663144,-0.4935239042039539,-1.597514964867148,-1.0579043016649445,-0.08032509979463964,-0.6964666380514792,-0.9609200480660459,-0.2936045138262216,0.34676908261993755,0.11447660890529637,-0.3971742873999316,-0.7917064641722596,0.03253232542449229,-0.06509497081388338,-0.3367487814177563,0.4014712422147804,-0.4743851964963794,3.3057692375421586,0.2997739488674038
-0.5075076503677546,-0.6189409573648001,-0.7482825005311873,-1.1128809619779516,-0.847347371019684,-0.9068230213437133,0.39602109607469,-1.5650048433535688,-2.219482245172346,-1.4441027390369021,-2.56123837857747,-2.822630700413304,-0.9419504673515979,-1.0298238477268058,-1.2469009498914703,-0.40575130657701325,-1.2690314515396186,-0.8626999444383928,-0.9689015361897801,-1.2273167746516496,-0.007275336397829846,0.31700125728175754
-0.48219484771314164,0.4808847871516922,0.16720685116063932,-0.3548194007757076,-0.9297769797067637,-1.179533084892747,0.0017422804840928259,1.5981621902600367,1.3997805521097961,0.8919874069309066,1.4723973191832784,1.4731468501125424,0.4221072758371482,0.6245281383109761,1.0623536644857943,0.38496987172175956,0.48905391120945507,0.6170818179479399,-0.20875775498326424,-0.1167286920899759,1.1227204624853202,0.15722640855554126
2.5131773617968154,1.7348515775995246,1.2012691237372881,0.9614030706015783,1.1326050396229181,0.2986390100213913,0.8060451134891777,0.6761954870071756,2.234728667159145,1.7589256172571262,1.7524594896295596,0.6708541264793358,-0.5814429555619788,0.21155790249917025,0.8573387912307372,1.2254661625425174,0.47835724120113876,0.25304830643373327,0.6858831139759266,1.5260510287458957,-0.7461589740646528,-1.1632713715152965
0.5103650181850684,1.2641539041377274,1.0771393241123361,0.9642049348452871,0.7079744622646786,0.13289607009825705,0.646095518470447,0.8670578915227952,1.546315841843393,1.4786335800954922,1.6956777962418677,1.4593674189942634,2.0640834523924068,2.7042125050738344,1.9000551660039517,0.9208700206648026,1.3980472324930513,1.9973612409004864,2.1195756209817906,1.4420781551781268,7.6299535026527865,10.044336907792976
-0.05097091575266873,0.6014809167745256,0.07321136765043741,0.06251309392774795,-0.42778868168668355,1.0492909293305213,1.6646296513775172,0.9885619762558389,1.436798501398264,1.2729927928177032,1.2523288656320664,0.5374202223760142,0.3195821005318103,0.30802184032792634,-1.0684203043740486,-0.28813196516017536,0.7989470107375671,1.5841461796905119,1.131500275415085,0.26924839217956004,3.142427627787944,2.497051015173427
0.32757355802144755,0.6862618632747985,-0.5112694361252822,-0.6654990703979182,-0.839935725544035,-0.47566165330425647,0.31078070937828134,0.5930751678975741,-0.09768242481841845,-0.7993655845386879,-1.6013772503873553,-0.2468369442283159,-1.0134349887562506,-0.4118697047636043,0.08852548692895708,-0.257234861271027,-0.25733868941913957,0.24087577734077584,1.2744995972169395,1.160613750793866,-2.6313230138297268,-0.511373933833607
1.2270362482505737,2.368026920690699,1.5772251547407312,1.7374273782534877,1.4841800074359168,1.6332990523555644,1.0330737352227761,0.6923670072695653,-0.19002234953921918,-0.26971925603877217,-0.4585380659865355,-0.45499836414276973,0.11882016091694068,0.2342678800237682,0.2186614120983802,-0.21976622157895237,-0.38212688547513546,-1.620223378606925,-1.5278541609914982,-1.2070921055577117,-2.186707548545889,-1.6383514259987328
1.3627589986765434,1.4154628206075508,2.146672549097209,2.1165131974612836,1.8657706847402398,1.756000574214178,0.7466927412366201,0.6894551324778888,-0.13924680762038094,-0.3793055544653032,0.2441117819827088,0.40439738320177226,0.47106704662979504,0.9668991017237776,0.6790050862921326,0.4073720571988821,1.077154700949534,1.3933526650893606,1.241326790550649,2.1821194443013705,2.652751762990088,1.6904332634250385
-1.3780489506917573,-0.023795094420450066,-0.3012554597708774,-0.23989477101028758,0.3189385024533867,0.5638717449929503,0.7170562643050055,0.586691516542413,0.5544114234109578,0.018618339362995437,-0.672625978094313,0.5736226716491409,0.45073594919108534,1.0302235468805858,0.6516750010823866,0.7107439029222826,-1.2813965211849658,-1.6268281708000825,-1.930923080660764,-1.0753031280879481,-2.917888408431722,-2.181980429996311
-0.20051622927079063,-0.34989983945893066,0.16968197663144272,-0.5028650398051477,-0.6595522474970704,-0.18842778673543628,0.37383517202485045,0.16264865395081832,0.493303307889992,0.9045772422296643,0.29272418350598833,0.954268643738192,1.283215908109157,0.4157606417341393,0.3307183074774242,-0.11352155611315222,-0.07124537098446412,-0.8022916296616904,-0.6043322713982247,-0.7958041424417844,0.7155129540769269,-0.0318326754005967
2.1725600331848884,2.3822543044689852,2.30028082159414,1.3054284844747328,1.376366265851488,1.5240200603052507,1.9876135562862014,1.130329679064225,0.8861767130410512,0.3284254851878168,0.7621536335465863,0.42016291105617726,0.08809693807802828,-1.0032957280462746,-0.3583283063639153,-1.2592106661776012,-1.4873507811660973,-2.050365830415178,-1.3795840238924442,-1.509695365754434,-2.2308628396577364,-2.226674934262028
-0.024285594095938206,0.08688591581709898,-0.41710262228103917,-0.40860877871034446,1.4920641066293223,1.6560801316427722,1.053047039181155,0.16175095730474487,0.3349493006480982,1.2106491697508897,1.075495847888469,1.2929547311443048,-0.08200004938668351,0.42491954627971495,-0.39473103423609807,0.05922479929657826,-0.13723137052936965,0.6721998901245535,-0.809191088969505,-0.7154032187633027,-0.3283429841811211,0.41452752832661816
0.2775250133637089,-0.667803475289113,-0.24173745900656002,0.28646792099148044,0.09648464093866338,0.23822368128564858,1.3822547329807597,1.314501199399048,-0.05024386553813855,0.3842437700357008,1.5630496896789323,1.925576826433149,2.612260142830574,2.7466071947406556,2.7769574329715265,2.5245917611482356,2.800241664737879,1.2239076490786538,1.4296636525076936,1.2439888776867498,6.632235452800365,5.576562908029347
0.8723057884575002,1.1023071901089592,1.7335575875455418,1.9882569950653828,1.2878025422575976,0.3694119295682984,0.01601260634634488,-0.25917284831094106,-0.13866341680180377,-0.5525372599518155,-0.14245337256868584,0.3344714848218975,0.17388932024306672,-0.4763213523778903,0.6241046056235228,1.8416740578071407,2.3034897396361815,2.7328758999857468,2.7073039014156257,2.0932789690150195,-2.7782711635960022,-2.817016917707629
0.12475815221398309,0.483068275355204,0.3582185096103272,0.004539969942656431,-0.21213520977475595,-0.15637345958614396,-0.6851743144388267,-0.6048939545873381,-1.1039651054612267,-0.9154849580350014,-1.3948691876046186,-1.3262225920503274,-0.3004092633066016,-0.9250632564285047,-1.31576796836423,-1.1511832406532032,-0.3662080664963629,-1.0591578787379738,-1.1668215322207065,0.37183903919327105,2.2952413525411623,1.9900268501509757
2.6869188925647767,2.5058918186258454,2.9338994444177993,2.0951692080663937,1.4075144447327401,0.39673588548704364,-0.16339015591869116,-0.8030190254258429,-1.0176316263366834,-0.24383745293549017,-1.2411058965127042,-0.3764731825011611,-0.18581054196588162,0.8152355124852576,0.387699416909998,0.2888918889166027,-0.2159419442699214,0.18369759168049946,0.05816606185507333,0.15990974393038263,-2.2009993732875075,-2.0934287056742944
0.010990041965609905,0.6989880403692883,1.002378197631853,1.0137571028093293,0.42930778479801823,0.018386690411668124,-0.28665533604050486,-0.5109396218821136,-0.5404865843316562,-1.3512665356343438,-1.0173341766409134,-1.39440952359948,-0.7582621042463455,-1.5164845787373147,-1.9994203670125072,-2.876878869794105,-3.283083940362097,-3.244778632137925,-2.634868482003874,-1.9405840008023838,7.982551462285236,7.528779683361006
-1.3407959104521967,-1.2286360516514991,-1.6419245006564407,-1.0484182751302389,-0.3657243042710449,-1.3542291906017285,-1.4340484093758707,-1.601943143861218,-0.8535777030822453,0.1396756535314891,-0.6897654087751546,-0.585654736135359,0.009837368261880988,-0.37612036348791994,-0.4213368330122689,0.3026623001474488,0.12700839971063443,0.11958990942628624,0.6793027314293223,0.08962092868411543,-0.18881598777904918,-0.9932775732516299
0.03046004304209502,0.032170433013702114,0.4472343909020083,0.38597904312881876,-0.356957470779069,-0.10024654233787471,0.5508158942997818,1.1229968273589366,0.3476009272562505,-0.34382070305551937,-0.63204148598206,-1.1681016905545465,-0.9687532091145158,-0.1973713757648585,0.3299458012959072,0.03368892014382743,-0.34851402897910416,0.0593991113704124,-0.016308996718409397,0.6029572850906983,-0.3335466852431004,-1.4647743118862
-0.6151940779157753,-1.2126782827136453,-1.2067638518374584,-0.5605293531615221,-1.0164001752052199,-0.8141778788838551,-0.7022470127063741,-1.2014963169492578,-0.03474070097456582,-1.5779100857889425,-1.2665284057036343,-1.7205705402005167,-1.6857737129915744,-1.496114602909326,-1.5910970047626452,-0.23194725156028312,0.4783852644622638,0.0158930010693446,-0.3150770772424251,0.25866437479095905,1.124525150254546,1.8890905525695376
2.367493267761151,0.949977615899246,0.41860020592593444,0.12277311366540558,0.25587545646687704,0.3431279945496286,0.888760181834286,0.9845564874400548,1.2780293623192975,0.4652401762127131,-1.1283939322825012,-1.4335799271747027,-1.644090340541367,-0.9659156152627938,-2.0556698488037237,-2.2466934764273887,-0.766652541718852,-0.44213640710755275,-0.5272960091544379,-1.7478753453328832,0.42887968382240027,-1.1051421403567065
2.1593174025110016,0.6642133126132185,-0.5218761733984141,-1.2661134212553558,-1.056632668612923,-1.9435489764393257,-0.6605764368246748,-0.9545375197882228,-0.38338956804012636,0.16490771589463288,0.3781453971753684,0.1413833229718753,0.7597883885900966,-0.321526391613645,0.00841193868039596,-0.32402804155992243,-0.14327441641471317,-0.6147462042687477,0.0493101076223756,-0.13254844567995855,0.34501022958415595,0.7159683295378273
-0.47783260651837056,-0.4258588802856879,0.2568991559087115,0.4043670202721445,1.2166273895998534,1.630565761500132,1.4147703508103326,1.601075468478756,1.1914441338453734,1.1068320465326376,0.10794004084564489,-0.3044888031778788,-0.2067763003456638,-0.2893578725102363,-0.4654035586144341,-0.8761307889985201,-0.3843329589064005,0.28549256962498937,0.22162981422426783,-0.3151182445523855,-5.021816734706206,-2.3724771281356807
0.6235723011049009,0.22828294022187243,-0.33617749871841407,0.19176383134706348,0.38082762561784317,0.9683412144310571,-0.2443342802074559,-0.9226338732272257,-1.4390705562031842,-0.7549965910635932,-1.280344356156584,-1.6419055870073789,-2.1795224505584265,-2.0510316254863965,-2.8357428357075616,-1.7691352110807435,-0.8056582938348829,-0.8018741415821796,-0.33587882731894686,0.23156871458485642,3.522002390117567,3.514050433634126
1.1078319491152777,1.502949917096781,-0.030375012836155964,-0.7666704298897563,-0.610967760234688,-0.36200743699920107,-0.08180656675463524,0.24856188746529317,0.21050532439641362,-0.006871302009312181,-0.2404426130355004,-0.542978535587698,0.5833097122163151,0.11734507451047395,-0.4257217969765293,-1.5501895822146392,0.0005413723292738636,-1.349635010753576,-1.720756294236951,-1.4588275348559683,0.9368371287083237,0.7853956234358527
0.8171835147344074,0.6164086772409915,0.42638549478578003,0.9880808459110164,1.979967772928943,2.1392378805458803,0.907672368009163,0.7197139139587396,1.3602379964012357,1.001935116179681,-0.31272431229200165,0.45415648991382707,0.37303207624651147,0.3548696558256114,0.39503627865476176,0.3756497472627578,-0.6577115517981189,0.3602117685969706,-0.04287766765828064,-0.6149682779089893,-0.8055169404210312,-0.4597994084987008
0.4496166447363304,0.6426100354101121,-0.22067330286092177,-0.3705975329281443,0.4458920414602726,-0.1283539488839014,-0.7856792446426487,-1.030188937305771,-0.9714814837945276,-0.9483454622774121,-1.640054812570713,-1.3270965857999524,-1.2316419879988025,-0.916627926842401,-0.3020839791182356,-1.3004615020609003,-1.0081670281503974,-1.6047210030121548,-1.440328894309623,-2.5943990297747437,2.1416589491602047,2.4795647557489486
-1.3127461469368464,-0.9401203452047738,-1.0037154282037546,-1.0061514846621495,0.25108596264955524,0.6472731236588117,-0.2200287352281651,0.6901053857082678,1.1659344385369657,1.883760430396262,1.617928993320461,1.1691516450642296,0.935140691076269,1.3323677810639627,0.8096315935483939,0.7836996547971087,0.43537449577555326,-0.32714631937024596,-1.112795181589492,-1.281071211479612,0.11396301387567447,0.08608916756712881
0.5766834923301488,1.468014538810737,1.5834276078299359,-0.5477021082389083,0.016465800864705615,-0.17843515572387883,-0.3472545186385328,-0.36950649508476163,-0.3783086280609202,0.24855516949656947,-0.2319539655567596,0.7933904817299429,0.5242615791362681,1.5729970955148571,0.987400334327163,1.3657822766546472,0.5158045510381645,-0.3442884626203478,-0.3950983207734456,0.22722871279126391,-1.2537010726021396,-1.5595755384404644
1.384866909793072,1.0775604542505006,0.8311113356038539,0.24812848496093526,0.020057343238134007,0.5502617045006862,1.2107972578395054,1.0690134330953187,1.38543955543977,1.5317642780198837,1.9908347538475726,1.1355697224557817,0.3031987420943149,-0.2643139738623361,0.18935583953586863,0.4414883751413322,-0.3280562605388831,-0.08117328327154684,-0.9908127719500895,-0.881539572742719,-1.0419560320129242,-1.9790302939691111
-0.1757828743682725,-1.3950221406416123,-1.5410259047990875,-1.5581437624478072,-0.9029817475403901,-0.38244016641029505,0.9376171153236292,0.770045237000678,1.607171744070089,0.9054363812749139,0.9732889767500084,0.6179994502618177,1.9379886897261396,0.8010562342338742,1.8586222162635864,2.1911447049238206,2.6423018718994338,3.2465694823854894,3.4296075264918073,3.0615738954796474,5.988133080576706,5.394670575635676
0.44338858748359694,-0.0032170339699861238,0.032132569279001245,-0.3356861552656723,-0.9797318235354806,-0.935723764572902,-1.312752059355917,-0.7071164656071547,-1.0974925369332174,-0.30248969242888557,0.18440548225568779,-0.8257973568085849,0.4128105674660318,-0.6255185813995743,0.2219276569628334,-0.24176418913728506,0.25372535051248385,0.18120693182202838,0.1467654252506993,-0.6483334638272504,-1.8753785438223343,-0.6279734729194398
-0.4200764726336568,0.5985104047074975,-0.2559232589239744,1.0031320403488273,0.18832628159691917,0.27738474337061614,1.1061030638462945,0.3055265834537821,-0.5070413194432457,0.054895736278762604,-0.4143069272278364,-0.4656165593717403,-0.06296948051629432,-0.02635688073249435,-0.8825615514216976,-0.6008297545014358,0.6124395665010991,-0.218607049760891,-0.5771213707049516,-0.8831614023776135,-0.6899333194608678,0.4528464368367823
-0.08896419244178286,-0.4159544138919596,-0.2920632608493087,0.3083977377667777,-0.08851622210172205,-0.3605037293685064,-0.36960169738709103,0.16775898961214797,-0.47786975896602313,0.02018947535986854,0.3547048072042396,0.8557038723752833,0.16488745604452743,-0.505904559853778,-0.25805711503015133,-1.0001596678614415,-0.7446071878684676,-0.7485392115587116,-0.9579398923415716,0.22909535101098016,-1.7172573173592742,0.2668518681340793
1.393477420241909,0.4356495355356493,0.22743272650009855,1.190776913429275,0.8239830091705083,0.9954637737988208,0.4591078894352851,1.165453598528944,0.87204865109946,0.6364393673218541,1.1320760866945254,1.1517865667543878,0.9111239534356762,0.043267745610872294,0.7393394898857816,0.5803077324776241,0.5973197663239788,0.5599171769123351,0.24878789329307752,-0.12258470298140516,-1.1020568362374776,-0.9478184627253552
-0.7875712331076122,-0.8995237847710157,-0.2014626869322244,0.00732017369195118,0.16362840819713817,0.4240178947375085,-0.17100350086860888,0.669527228033673,0.7344151857428031,0.5349666842999687,0.6929637518533364,0.1632429279655018,1.2523853751119234,0.8469487574812115,0.4345836303778736,0.4967716092432497,-0.2908335353374999,-0.3942569305391948,-0.9222337402231242,-0.21369922804362296,-0.6976622083820682,-0.2614108537168541
0.9972847885392894,0.13496652247255703,0.6607876583675201,0.6311381339229892,0.7968266787988416,0.3297644208092486,1.0051952652229696,1.3203507169567124,1.529864576156628,1.574414622631162,2.913277745788028,2.295675217702689,2.4529230576046657,2.7920677705024506,1.7625882867890432,1.096346498032507,1.4866584594158339,0.6973322155568512,0.5508993579873386,0.4573235407629268,6.16484406804293,5.3643999107954645
-0.04680094480280057,-1.075160217008334,-0.9860316720575358,-0.30761499561232236,-0.3201333518901377,0.025165113617681298,0.06554435574191757,0.2496766453749585,-0.2589070398881238,-0.6631000786261396,-0.9998234512109362,-1.556956200787523,-1.350470163028791,-1.5228082835250065,-2.105248591873102,-2.3499267707024694,-1.7353886727767065,-1.3401680159394662,-1.4172572175396463,-1.654623182369844,2.7590834741199517,2.4619174069891807
-0.3603118740754764,-0.1342291344174028,0.02144622575663465,-1.2271373373906715,-0.8179356171376339,-1.3441237285165872,-1.291330142976799,-1.6612612939941824,-0.720529069308893,-1.074956936553982,-1.7049322776545361,-1.2954922477714863,-0.3972377410663093,-0.59586359742449,-0.4124249973025889,-0.7271669415321963,-0.5586572027224236,0.7667498667505405,0.5794189190406814,0.3844734227622034,-0.7055139484888054,-0.7430764976825359
-0.7363847007940193,-0.48623111378719636,-1.0792932679809641,-1.803646837259439,-1.4011324761998432,-1.008523827158384,-1.8009532678126345,-1.474989081101959,-1.6299144311333784,-2.803656823407969,-1.4911945247433156,-1.5205681515509584,-0.6995738477481158,-0.36838651287066143,-0.8656799118675895,-0.15658145103085233,-0.46135839916600213,-0.13383648709532536,0.058795597476701975,0.19619434207718436,-0.7225103532626469,-1.14205777111577
0.6789948669036976,0.48445815693909766,-0.28946116342370026,-0.2990155139027048,-0.9692208315440818,-0.9502099406041332,-0.27004148910833903,-0.8991723032379997,-0.9294089079623448,-0.44969790279916044,-0.6425415172682334,-1.2074196377578676,-0.4005904907671384,-0.8934373321049052,-0.9978597795454851,-2.611821019688663,-2.175520654282234,-0.7463541189246845,-1.6979760529391257,-1.4185117039846362,1.7335826303030797,2.3996848256129817
0.9777150542981774,0.18825747626789077,-1.0405071533975097,-1.9001796987222568,-1.3279051191762863,-0.8006822459877154,-1.1815805985765184,-0.8398717429668571,-0.2137712703220652,-0.40588563495537755,0.15453876726408108,-0.40941201876561417,-0.1327325323933372,1.2622851698222475,0.8605692872072972,0.04418222169877913,-0.4565521513827602,0.14914456113849453,-0.7692957874536571,-0.4795806524678807,-0.17742255349388425,0.1652747715416597
-0.2495323200986497,-0.4488362499505493,-1.6684344720455224,-1.5712849063168213,-2.0688673726276106,-1.3359133097947415,-0.38556042890467923,0.013513347578357942,0.5972582922330888,1.1952700143389887,1.5844835105181208,1.2693244642545423,0.508456960455406,0.8813372950457101,1.3222298286774778,2.111916630502592,1.2886542928844478,1.5077755466992757,1.4022793093602122,1.449580189011404,1.236996028930406,1.9314549674978463
-0.5191736696674165,-0.9101691615192693,-0.12705377635590492,-0.677462185301721,-0.5225843793521961,-1.4571279244064101,-1.9613837053230887,-1.5035640558191141,-1.938181515229541,-0.6640831538473999,-1.182003665522519,-0.7715334075030194,-1.0266810871763667,-0.7349246453749964,0.037776549913866184,-0.12432473238130436,-0.8869298179109506,-1.1140871125171032,-0.7760452586570489,-0.2661554153407345,0.05183135450624465,-0.5864485212144479
-1.1932020471589673,-1.2046428496754926,-0.42037911386429805,-1.18968530322743,-0.5047370320703893,-0.9805046302045332,-0.25162482015499155,-0.028485604052234,0.5980100525177489,0.1313989827347296,-0.3925083290174204,-0.8294791112110067,0.047827719128598775,0.03087294882953539,-0.09004347171311301,-0.8636202439361483,-0.40696420785674525,-0.4867038820189626,-0.5292576853685337,0.0026173569591745162,1.2395212224019048,0.8428587081338702
-0.7935016580959541,0.14854555634764788,0.25425451655649883,0.4367511706798232,-0.28496338896432616,-0.8547034339443844,-0.7392915061737177,-0.8960279085128139,-0.31925191039688827,-0.4750975800030341,-0.9568695154144045,-1.2106545367983887,-0.6863357210238732,0.09910904618059649,-0.06650938061003073,-0.7161854985629185,0.13464027765574904,0.45177399808504753,-0.5799947646416217,-1.465039611502777,0.2998946280340251,0.20513216336474854
1.4933013871784777,0.7804271304192142,1.2985589502071735,0.3774564625538757,-0.4765741986834846,-0.05612788109750867,-0.2381657160446447,-0.6801779824472899,-1.6203822348584596,-1.5630035222787821,-1.3583750424021044,-1.1695155440662923,-1.2567938090128594,-1.3728101957868457,-0.6878743875131476,-1.1351092303604309,-2.0239157457917787,-2.3780013604992085,-2.520331011332694,-1.4370914023085766,2.5059348318795154,4.487324846580083
-0.6970477186540025,-1.6443061366188962,-1.4338496055691452,-0.5944199040905366,-1.3363559539808403,-0.708248588481871,-1.3064885193584648,-0.9678302069080761,-1.5206301973869698,-0.4471593949136468,-1.0993548112324187,-2.2391133892045163,-2.044196437788127,-1.2083304731991935,-1.0126651630104315,-2.0185455235516945,-1.683961498948875,-1.9821768111314244,-1.3093716280025982,-0.39551585823793833,4.380779226241147,4.357371602905859
0.6956439295077694,0.4905270699694079,1.2636450367846908,0.13934444183465197,-0.5448065849339772,-0.5466060702071788,-0.05993069108788149,0.6115353536039201,-0.6902876979377891,-0.71578458712663,-1.1503595376485802,-0.9381498283461563,-0.8063769010942093,-1.693992850673276,-1.4880292380010052,-1.860641907109657,-0.8472794642032787,-1.7786003906606975,-1.2951948387319934,-1.845187741367333,1.1951231792355932,2.711106609948853
0.39997223388916003,1.9691095035134378,0.7630115758584568,0.7671462335483427,0.010706334911606776,-0.733520243619498,0.6379154784875523,0.7146489152369471,0.3935924065668626,0.6905000787492089,0.6323409144846961,0.21181664996923902,-0.24904530449010565,0.5882320622149092,1.1786108928231864,0.5955195070112103,0.7182806538611402,0.38578166382496937,-0.8094121069168283,-0.47045707636371864,-2.0815639674696156,-0.06927966252741968
0.8294514262973572,0.2400676590163308,1.3442421230979973,0.8927075557702923,0.17403951656934666,0.26180140739327146,0.15714426883532928,0.22523951637105846,0.2263137746515553,-0.10878993858946544,0.3156192016324268,-0.29856594407455356,-0.7954326635076161,-1.1512313767877096,-0.04553520247474689,-0.05683454430541402,-0.07241094193199339,-0.8207925674649788,-0.12695220254245762,-0.0763282112372425,0.8922390299723901,-0.564929758844511
-0.013509783347220921,-0.24244047498347865,0.044072201746494434,-0.23178327777792973,0.16392397415565454,0.38657267342146356,-0.08285509158485585,0.22703796867102327,0.644435839141194,0.7479862097184456,0.29500184048248235,0.5027829905160731,0.5513228409796859,0.8636378747785921,1.187710257336905,0.4030745047928808,-0.07766469840353796,-0.3348677302293983,0.752040609368511,0.25553083094803075,0.8522938114559487,-0.28162261141902356
-1.2587092795901047,-0.27791249710436144,-0.5390933725221446,-0.934605786829954,-0.34650984587059985,-0.8683252659824742,-0.2242077723388699,0.6926172442634014,0.32147937711094954,-0.07596706096133786,-0.11898141375358212,0.17806224633783116,0.6077954499240346,0.292004681825983,0.8053359422303512,0.28337928722222716,0.7123649401365469,-0.15683462485185506,0.2226548381250489,-0.33809339516961245,-1.4246286434240645,-0.405586262674103
-0.17814803987003713,0.9939589566637446,0.46535350358056166,-0.2977212719528547,0.2497283880705019,0.05924309208915175,-0.15547329517460579,0.2111322855114263,-0.7925644528659098,0.15913521030764996,-0.35428142569095106,-0.1402583056708696,-0.09407242601025492,0.8514341488296405,0.655732269717943,-0.26414714784211396,0.14930139295271858,0.9583028031369564,1.6792009854692171,1.1962205696219301,-1.4212248911169758,0.38466299375431356
0.2565909826384378,0.994531291509138,1.0672646862330821,1.0948065527184005,0.2913303458977985,1.1292744166168387,0.4464318849738496,0.6458080251938226,0.08150847790626585,-1.047408405730838,-1.2964982024213905,-0.2930980492711856,0.0074912508023138565,-0.41750993273896875,-1.111788615895038,-0.8388770406146331,-1.1399714847381393,-1.3403869639145227,-1.6344325368885029,-2.0260961520279492,-0.2604133473743977,0.29813237701936623
0.10797818736910479,-0.19050162149044228,-0.14358336442252956,0.624717311167336,0.5126414858980627,-1.2102879297490292,-1.2168141503864947,-1.316611485838835,-1.2121448208142538,-0.033107853882555084,-0.8981580674041431,-1.4608015027875625,-1.3367300730109601,-1.0843242280421392,-1.5179465529036775,-1.4917772157411464,-0.6192099540024908,-0.9906850361130126,-1.54491852041993,-1.227655778339291,1.5773956872529844,2.2411538088814464
-0.8933471792100209,-0.2196692437671856,-0.844701533644366,-1.116530126661469,-0.9224049761612949,-1.1913234877917542,-0.3615928467339552,-0.8380723688679954,-0.556346667298603,-0.5234568998968757,-1.16902548700466,-2.1160685331330336,-1.7806796230116322,-0.9829243439390408,-2.459154028455981,-2.0615159939550867,-0.8574005376234219,-1.2567643147319933,-1.2538487054763523,-2.1271831480546544,4.204397433493269,4.387301299615595
-0.9112544014878271,-1.4095495997964118,-1.697910446359652,-1.2973263245610693,-1.0143938390264957,-1.5610382545295258,-1.507387984135534,-1.5198226869147617,-1.328411310461791,-0.8900003674945716,-0.11716174618652703,0.911192420609842,1.078400778693762,0.2727306825336021,-0.7152462313734606,-1.4045462955402805,-2.4542584436826824,-2.1692680183290514,-1.4301436907530407,-1.706035935448187,-1.9101585286077436,-0.9245677330222034
0.031704728447853936,0.10126196192250525,0.22677591696150923,0.5065745475080957,0.7851950206484064,1.3695287169930213,0.47691182898610124,1.489443574899992,1.543976673281217,1.9956551006852228,0.7585226172252556,1.7018772729328218,0.28957406379396927,0.05909846400843922,1.1507758610655612,1.1405775081829705,1.1161976537263427,1.3720255991040073,1.6230996550382417,1.5340063254027831,-1.8197893004033,-1.649096618854479
-0.783579013443095,-0.7507348324507501,-1.249071663460023,-0.8579890681174689,-0.8214510004557661,-0.2710576030086253,0.6110707083678588,0.0017615446568033457,-0.6053723630642182,-0.894038292412802,-0.4092624798256653,-0.382170075641242,-0.751927211659528,-0.8695212994987617,-1.7427184051562645,-2.062276507727126,-0.7945944293144335,0.07032695026963177,-0.05859524744983043,0.6327280877884403,0.17659340271508017,1.2157951040628512
-1.3335351252799779,-0.6842873355776418,-1.0074620935028387,-1.1230485483582318,-1.850056041713834,-2.31556478474681,-0.8633178603256669,-0.746507642591911,0.5939909357599835,0.47082433757261005,0.44842327458307135,-0.9638286562475658,-0.4047021528941477,0.03914399859118291,-0.30930163489415735,0.2713474641703201,0.4961842500195861,-0.6457212534389355,-0.7168989890583464,0.04882783781777672,3.389041270012874,2.213518722369154
1.3287843939145585,1.138961742699633,0.9688471925494223,1.1323167491045876,1.1478542737550799,-0.1803234054379721,-0.9067368250677265,-0.47101608944120205,0.05715475155018673,-0.37531480158489317,0.18988979023835167,0.10055880077837848,-0.12835648227364727,0.2102519893542046,-0.07691650427869147,-0.1830981702879686,0.6971411847753024,0.39798542557213357,0.1346066545794066,-0.5113683180201744,-0.06435171842951246,0.10264849099969112
0.14579494968170803,0.9369214321686579,1.3476304015950555,0.7555573154557971,1.1134550377256847,1.1408501413907934,0.5617838347658246,-0.6387166951288993,-0.8083577880750469,-0.8680317165638366,-0.9873909680829959,-0.5669360669688659,-0.959459558936391,-0.5304998308225598,-0.21349020824434373,-0.5198144366231792,1.0515853305494194,1.8854495373368994,0.9609513060624927,1.3041108052203916,-0.6245020430994228,-2.7213587404067034
-0.3153243245679422,-0.5956853440624885,-0.43134654369097486,-0.7928615185438681,-1.0818311237121037,-0.7796204664748615,-0.8262379911614449,-0.3104912640156015,-1.043377588966278,-1.5611910319827986,-1.4446719534555172,-1.4406867290507912,-1.5278136072156037,-1.8633198684125607,-0.8560765516847764,-1.2924664168127773,-2.0127243498964185,-1.0605754750759042,-1.2610948063946577,-2.6175674695991518,3.387861606747267,2.5751451926167834
0.09169049048563967,0.8345110164976437,1.2269105156979507,1.0362198228683175,0.9806651586937359,0.06618069832784015,-0.4605170833162339,-0.5818333870102765,-1.9942909310314911,-1.8065260153569227,-1.0957001200592769,-1.0130803584082622,-0.16160717691610746,-0.21891896135383396,-0.6133838756646127,-0.9182324610335028,-1.342076011906804,-0.9642399101589841,-0.9189760438841761,-0.22661141122348463,-0.08522171028019654,-1.0579408325379756
1.061579158864385,0.5294453233358736,0.9607755978636046,0.61584310836194,0.2940947962732841,0.1355742937226452,1.2335293236415186,0.6931391656515364,0.21159412709708286,0.10246940374611081,0.17636545749011037,0.8827097156295061,1.1791404107981198,0.33043925188629736,0.8476012315103781,1.0931172962586178,1.1169877660619159,1.5756553315359698,-0.4324532921712762,1.0358006907420152,0.08109599972450887,1.2981710755939952
0.23852491681362384,0.8162824060570858,1.289986355582641,1.0927702697607469,0.8069423047733679,0.5795153637146864,1.4818243283356836,0.6100076661821829,0.11892392921567602,1.0736144607634397,-0.1327051419181975,-0.39050377667340636,-1.6344413504610376,-1.3005855702336477,-1.8444941784860627,-1.2309677384756312,-0.4517675862749459,-0.11683481545711234,0.3538386887711578,1.298113248932914,-1.4682089982234436,-1.0193827729755638
-0.7066356602692225,-1.0777778730377812,-1.308572490950381,-0.1553167869583641,0.16047133585009637,-0.6375432025662311,0.2605661440999157,-0.1830181194946092,0.18987342131888962,1.6000608049912217,0.6382641391267153,-0.055981435337802046,1.1329313298396493,1.0064870933477874,-0.02904623296721745,0.21622386382447895,0.8789283517847948,0.7613641076557187,0.24976981915823512,-0.12289125736395477,1.2692276759842893,1.420409697194888
0.04116812118746164,-1.565256086015093,-1.9934233697542898,-2.0416335721282115,-2.0374880046481003,-1.705485444528113,-1.534833929452976,-1.2113910077088732,0.16322238600345343,0.18199307193372008,-0.10918964992057877,-0.845470272064982,-0.8951403625956637,-0.7281181658120839,0.058091814554666,-0.1528550758328595,0.13967665975280197,-0.3356885881990883,-0.5679313271148374,-0.5484342207142786,2.5543135862398314,2.0465992519539413
-0.33126373538468196,0.15734546834506832,-0.18262595314261426,-1.4459524103525014,-2.629028017657487,-2.3411669609250976,-0.9200481649612008,0.17227392084807316,0.5260353625132942,0.12306960651185607,0.7582143191459788,0.9597488434592931,0.22180104498828998,0.647075617398364,0.07724513377375022,-0.40163472259250793,-0.7682324387075846,-0.5195088337524553,-0.31230751328149475,0.007455637237559105,1.7775171279969078,1.516200466243381
0.042964908071940464,0.19868632562086236,0.7998740365585196,1.31401063941759,1.3914027205854356,0.4573938482081698,0.6409793322880383,1.5390923293944772,1.023471364512161,0.6188727888555261,1.228368434674672,1.9497756890579316,2.195359103885665,1.5821523616142417,1.9976611031162754,1.2246460469756308,0.23613460601550174,1.6035088374045763,2.058224925013854,1.3595880451913431,4.981431641575166,4.931110470737386
