X1,X2,X3,X4,X5,X6,X7,X8,X9,X10,X11,X12,X13,X14,X15,X16,X17,X18,X19,X20,y,mu
1.163891317483294,-0.22158492539461946,-0.4554893110712091,-0.6704735274977608,0.8790911340720291,-0.1550713508810321,0.9937943094093586,-0.3917890547963788,-0.5845725680285467,-0.49976677217988297,0.49157946066035296,0.4024106952746258,1.0487515667513825,1.382251448563965,0.626172679245714,0.33068524953540157,-0.5244409326811355,2.247075501934323,1.6713132840655875,1.1352534074861087,0.8890882323303424,-1.5714946153204215
0.017867644338941124,-1.1616731381863765,-1.4270113502270616,0.10943980144438889,0.615298362921024,-0.5008803634423188,-1.3476690424866373,-1.9442014768711136,-1.0958197914685053,1.1699377254793784,1.9361411911393873,1.5959644850815002,0.7171113653938302,-0.011821948022755808,-1.162141685038591,1.015961224877645,1.4832526811568856,1.2176899862769766,1.621088280998808,-0.3605858226869232,0.4792055774281274,2.9548346808561714
-0.44471502184544814,0.3582821249425673,-0.41310630038897705,-0.44241330004032664,-0.7866051081685049,-1.4877888969700168,-1.4530261609263189,0.3572387846810923,1.0939543935968599,0.10897218606950934,-0.5602484397163261,-0.45364835257928693,-1.2863749925145742,-1.1326712255143925,-0.22771630068728402,-0.7354674475367369,0.959881770823949,0.45479888350314174,1.8286803905005715,1.3064037942763802,-1.3848298248925477,-2.5118177828662094
-1.1989116630062002,-1.593401761646822,-2.42094363546142,-1.43410298221958,0.8124227919244407,1.94784670253754,0.28736707381594145,0.5113879548137629,-0.00537937436858136,-1.0034768098124658,-0.7425329703990138,-0.7028661124568146,-0.030136257612024854,0.6359804949240586,0.9807657647088575,-0.3086497992799864,-1.2939969271377894,-1.9334467758213074,-0.42001775259004276,0.3807130645807353,-2.758613870041704,-0.020331736580214643
0.27659920716439557,-0.9864529276483431,-1.0095339646003996,-0.5495247042110435,-0.24630263057760315,0.6282759317147051,-0.17483751570327957,-1.6309797349563049,-1.6532243347531732,-0.8645098491697937,-0.3542917544544996,0.9705546605953783,0.16079527969237778,1.3740743651756402,0.5674938749487627,-0.6346233343075013,-0.7945693483839287,-1.3407036284845653,-0.8874779235721794,-1.4645542777097789,2.313673193619483,2.6048791339216706
-0.7624784047294638,0.1741446831348747,0.003033607099506777,0.18489026165973096,1.385168107827942,0.43919572652117783,0.34422580257380475,-0.37885992452153594,0.06382859439840004,-1.9927945543704513,-1.5542437212531006,-1.951785596475957,0.17746117501188685,0.005788272598290503,-0.036714277569357655,-2.300038145429245,-0.9026529204808189,0.7569499763709807,0.25960233205611344,-0.7027427044380776,-2.7170814825877043,-2.03839844242616
0.3839661396309446,-1.5046184059721608,-2.0486975797070603,0.05888899447354025,1.8037816751290197,0.4810898943247754,0.6666540028789002,0.9975795007944387,-0.010110633647138514,-0.7471889269054235,0.2663068509506356,-0.26888937821207615,0.17060224467898344,-0.8907636912502055,-0.5763994837468086,1.110026833630928,2.3038130811419655,0.8059328451833428,1.1617636259326423,0.6517764088272098,-0.11429280302540934,-1.5470243196743692
0.9466558454863374,0.6602312465903699,-1.5006087312797867,-0.5992423969389664,-1.9488872714253647,-1.091457620310073,0.4956129956216353,-0.643148762809685,0.5131957472910187,-0.013948962934582951,1.8484516375040998,2.6422694413545442,1.5407550626391562,0.5608574926592987,0.9812836512502966,1.2099712789381356,1.366192615342129,0.558813610120457,0.23144674858706432,-0.9241775604325236,6.768683610542151,7.1203221637847935
-0.07526472175690886,-1.1712893897550511,-0.19514705854828057,-1.2191464615111054,-1.6036952260179904,-1.0512848261623726,0.5361620956905125,1.892867312012126,0.9484514253905123,1.4025785883308137,1.9022557452478395,0.23830109976331884,0.6565098354060073,-0.5745652897211346,1.0230065383166396,-0.26768841571213026,1.4636521271313572,0.528888257549728,-1.008035070532637,0.4656802328115328,-2.6270647350066527,-1.512148483359764
0.940523565330143,0.4615095925939695,0.6276444335162917,0.43020850153666146,0.6927263285266914,2.077000021476313,0.8782509378423246,1.6119872460409532,0.9999012692076723,1.9995715176449795,0.8845495701410822,1.1141885101811209,0.2591988998655207,-0.5379344634918949,0.7837851989865257,0.33740812683892424,-1.2248824455715135,-1.4316412718901141,-1.1853000656800525,-1.791044741398484,2.443693571996702,3.377972563586454
0.583470472431506,-0.9007948406833062,-0.9668207601911982,-0.08951857475478474,-0.5221751001231396,-0.8282826925578617,-0.10101434370563837,0.7506443672087444,0.016449525855735624,-0.16733013205003106,-0.15005069164790247,0.3990044212788468,-0.5995679573248365,-1.3449687850324268,-0.2974497921476738,-1.4128875515627433,-2.834277594816356,-1.9322703092019031,-2.0454660288389417,0.031110182788821047,0.4486791730717546,0.4238099178449215
0.8446587629426626,0.21037962194019705,-0.7434704338202194,0.11990267165247794,0.5637751425244497,-0.6610196463131687,-0.2947675532994428,0.09183969807446565,-1.445937538926401,0.332050934997092,1.9644917839889486,1.3876250500724652,0.6951980324338356,-1.1081339650735005,-1.9645266033666968,-0.6314976517077027,0.9324131408989405,0.3992848099669339,0.8612159069845058,-0.3358928564977074,2.9650240295508046,3.2454984927035055
1.1701501622103294,-0.3201310386957578,-0.20048406449477046,0.6499896885464482,-0.16121079081433123,0.4004473726320574,0.12640082970136612,-1.8281387755487182,-0.9818189374655226,-1.5167469578092263,-0.5000755264809352,1.4168727528799003,-0.2305670268902331,-1.2609079789424278,-0.549277529341389,-0.8452833486109356,-1.006743193165832,-0.17583407777616308,1.567510304065877,3.2426572742739515,-1.1950260580494323,-3.297903802205727
-0.5171523537399235,0.04747127935699477,-0.3294795937683752,0.16700261947870215,0.04333008833549037,0.17768980531463424,-1.1540725447925784,1.020227526726734,-0.20721204579707342,-0.38785461133327187,1.8750352074123213,1.0577387082530187,0.4983571992189477,-0.02853818676621444,-0.10454158077745071,-1.218325623347726,1.317501940153263,2.2348527365211077,0.532257456832899,0.7941709230652741,0.707403661713645,-0.735395974687217
0.9936326679886933,-0.6610580995254092,-0.737629056934599,-0.6490677459847086,-0.9057735635993062,-0.730001762809497,-0.1908827202996097,0.0025368854704227984,-0.9028923856953204,-0.02325895661190251,-0.4385350848568077,-0.2105155507409281,0.583713327410275,1.5566217787160475,0.519774908468536,-0.0810932226180453,0.7734972840958876,1.2803124406040949,1.006410401222272,-1.5513446252987997,3.8202654531923423,2.1717493671098755
-0.5007047292189912,-0.3358317263623692,0.8709080679809253,1.115968435098701,1.0129452325262793,0.5147880748916523,-1.18499393711999,0.17062495996887608,0.6453729465689302,0.11059126431459917,-0.8437597124160954,-0.9784465625286877,-1.1119357916210773,-0.7969395947715483,-1.0940814665884029,-0.0994697213620749,-0.7267152605876299,-1.4845783754739998,-1.190466811797576,-0.4471244523844025,5.818210185251351,1.1667510206455427
-1.0064318013405826,-0.7607753127537106,-0.4662164317249413,-1.1870982948128168,-1.2915132236203388,-0.7045867829254828,-0.8950429687891244,0.36441643494172654,1.1437609919466192,1.2859320247300348,0.6796696604271082,-0.07537573245745581,0.23967225002355796,0.06149516207395712,1.0242260059240271,0.20201583623810732,0.37380680633492036,0.08586372082571829,0.13965950129922544,1.6983224173089253,-1.3800458940078146,-1.2270921318240184
-0.8800511654207032,-0.5413509172499481,-1.300726867268824,1.0076824329383727,0.7459244873942013,-1.1046930379547037,-1.3356844295379109,-1.9039085409317464,-1.6418930539525651,-1.368549504563141,-0.07439740101167719,0.9301089594169575,-0.09946707680714371,-0.856096896459041,-0.8268014526769032,-0.5879001308769077,0.6786922311263212,-0.07486071060142634,-1.0678415011115727,0.736377212967544,3.657432529830504,2.919065324435829
1.897274984326627,0.6648976278210479,-0.7062564674240103,-0.0013583944031179023,-0.28257013960713095,-0.556643649228748,0.7518964238499652,0.6996966740416848,0.43370648272052725,-1.3018691661805966,0.5612015855179695,-0.06396253404883065,1.0465114752105478,1.102476386026755,0.2507331100863814,0.12355460370867181,-0.8612767546060508,-0.6733698040737705,-1.0817662177114318,1.3185805956147505,-1.5316378305464227,-2.277659429186264
0.27320530698064915,0.9647485933457732,1.3457567060403317,0.6508591657322974,0.3490608580618523,0.4560354532882359,-0.13680395424434166,1.705228830696585,0.21959677305269448,-0.7352327768202714,-0.5170907231568135,-0.3368620566313055,0.14031588429599143,-1.039724565580176,0.3539999066407156,-1.0678926503015091,-0.0909942108201459,-0.04734040884321448,0.007566544329253817,-0.46356401781328727,1.2928140497750769,0.2787947534568015
-0.5182152131327923,1.07346994756709,0.3947500494560039,0.7123349064704325,1.7027068246135586,0.074728693397981,-0.44162806147470074,0.256060401995271,0.7102810726915478,1.2586884015363802,0.4245914954227434,2.455704224371335,0.387088305243645,0.9729348741246441,0.47551196207383917,0.8455502714957507,-0.18991340532348558,1.6254163023298764,1.9595948879880967,1.4517344391138125,-0.11799597060227285,-1.7883931766276315
-1.1666802030363885,-0.3419533322487611,-0.8123812077957507,-1.2357706893931306,-0.56793347921219,1.3967905137166041,-0.022639605113717935,-0.5305001894508751,1.0826741860694102,1.2683959715982582,1.3408956594018888,0.12758855056623042,1.7055425109838223,1.3509160099379351,0.210986833787121,-0.34278634341330877,-0.40785532927887774,-0.9273284091747993,-1.8532100149066089,0.9360586165502958,-4.370713728287899,-1.1205875739667162
0.917114683695729,-0.3555079867677083,0.9961857546779334,-0.004469682945510085,-1.1151942940195299,-0.27353732795830155,0.04244109405158519,0.04608870330097245,0.5921222496727498,-0.7987709201944728,-0.049544813952897324,-0.7488859493116906,0.3282913089506501,-0.06729730230559246,0.9814208153682359,1.4213037760005753,1.0782050037738804,0.5384473819233188,0.5141999208261449,1.035082704788002,-2.167611204628667,-2.737180110380457
0.26543760675044925,-0.3670702015924757,-0.36802459219030037,-0.3869485167153519,-0.26212199487838317,-0.401169843619004,0.6974889024791477,0.017102339567837063,0.126329571656923,0.15584252296695966,-1.0133484496907728,-0.6352631943233277,-1.7026447877813038,-0.5642846590568633,-0.22151072757864293,0.002685444170927472,-0.5751099090394282,-1.036380013135521,-2.3613720582205557,-0.19753300764011866,-2.3402010086048066,-1.2394949596073048
0.6637459824215586,2.4267342248383064,0.4118642077347722,-0.6310289665706066,0.7935237081152551,-0.15685204602628566,-0.09497426004453904,0.8939844485828295,1.2095368467826295,0.02322600113435776,0.3838475145457023,1.0104435712965016,0.5975919718245618,1.8831590768715514,1.5060113281596126,0.5203211969375869,0.8632430749459858,1.0282572043134264,1.37226981028714,-0.26107092243771624,5.870041120961633,1.1749097026972424
0.5926160013514058,0.2545277881801044,1.5881199305368108,0.6536626447357992,-0.6967812794979305,-0.959884687954461,0.29754079920565646,1.2980103947304549,-0.0019484043344279115,0.08428837191023739,-0.14935799139811815,0.0004357706548737284,-0.5707101691232214,0.0825892460964059,-0.40824534931518797,1.1677850072458433,1.1768920023821898,2.047734177491977,0.5549067634394461,0.002188809165270651,-1.7373109165513831,-1.592350910407297
-0.2139387019273444,-0.1499179870928444,0.36568862431520927,0.2769137478828711,0.22279685378324451,2.064598978837552,1.2074361419553221,-0.06390835778517091,-0.7285695190575102,0.7327954308535127,0.5766518630162198,0.5973249682618323,-0.9078730896802669,0.5120833871869879,-0.7827708902383645,-0.5497096437203396,-1.2525659373726168,-0.9418932435502604,-0.45888807061297504,0.6351774597655213,2.1419685961282853,2.219307782967089
-0.8880152777461392,0.6974643293243522,0.46715880874578136,-1.255151913872436,-0.5384238167492803,-0.7242111787366373,-1.1337859364177134,-1.1301629877342856,-0.40654117001512097,0.3072630761302682,0.009465497171042607,-1.2389564116612355,-1.1861329737158277,-0.3022345228835106,1.6394672333292521,-0.6867806068887962,-0.8596846555853305,-0.8925258653543691,0.5301079187338523,-1.1540605183509407,-3.6581157016512726,-2.9032226681908866
0.5226558362537509,-0.6577775278755644,-0.46466656292991343,-0.8921775115682371,-0.6353534805616396,0.8895308226357521,0.6147337031361858,-0.18650800027273304,0.19375720974846766,-1.6336010620356363,-1.1518754176214347,-0.25018934206329985,-0.8079651824705919,1.015236806490475,0.9113333258638445,0.14966247456043916,-0.5916292383618803,-0.8628325871618978,0.29367866631036466,-2.4684434461216767,-2.5632431528399033,-1.4270791948402721
0.4950449283382099,0.6202629601626461,-1.0838198942487753,-0.004940923254156416,0.45381167169377207,-0.7176148335563092,0.2143274128742409,-1.6865884525447268,-0.6826589531499228,-0.4437624324521077,-0.27189782039519145,-0.0736213938807214,-0.8443624633263664,-0.8907340969601587,0.24713056388765592,0.2803534714876875,-0.5632651353045797,-1.112609331552817,-0.012604460805729835,1.2313887409783693,-0.9465145657832796,1.2125438101603174
0.6510012181958027,1.2410304950797861,0.4878572268842108,0.5324558080757392,-0.7143561256346126,1.1929171005822767,2.147718393884577,2.0808823083171104,-0.19909179329057736,1.382809680204429,0.43401454361307834,-0.19615049678656404,1.4926889930271559,0.8280889738692507,0.7754300541011272,2.2885416191447576,1.2168982160996673,0.41095082023536994,1.3756043886039289,1.0639313714070613,0.37021868833659166,-0.25367380023517005
-0.5828124108053835,-0.7001959345044065,-1.1850309904924097,-0.45487898769105256,0.3213068093154022,0.4894592758929603,-0.23426769726206434,0.2561718508907375,0.39307074707563344,1.3694171595133493,0.14567224290888933,0.6883307595939693,-0.7127972960747216,-0.6731747995099424,-1.0026125104244636,-0.4526325827605773,-1.0567192500802527,-0.9326152747334415,-1.07794943462984,-0.33710875032318754,-3.288616920598546,-1.161780714518594
0.6299713314793756,0.010128963159529677,0.36688823038392376,1.2271781926830623,0.7717556792096352,0.8930467418965987,0.8791943002471339,0.6193048777763277,1.9892870110988425,0.4281921570972481,-0.3228255076338479,0.09977522367597383,0.6118668641782614,-0.7921276366358774,-1.8811070646486574,-1.4067892564202367,-2.4369042211159804,-1.670798402086141,-1.3779141871060019,-0.8729075017590652,-5.267148619230958,-0.9206180524041276
1.096613714952122,1.9030448494854983,0.732130620916447,0.7486500344464968,1.9081030747775256,0.371650926040721,0.6741548089206157,0.02393346779518999,0.18991073547999823,-0.8805929734562505,-1.1794289621440908,0.013325119715996023,-1.702374430633089,-1.5113880009106775,0.08078878395013891,0.6274964531003993,-0.2913287341129032,0.23968666793710564,-1.416283124590125,-1.3391507549448731,2.8666183790049846,1.2871493196105541
0.9154168108418274,1.4063140061450985,1.0386714581665426,-0.4006620641256828,-1.2128062256750756,-1.9915863916213257,0.2708717284601091,-0.6460339551312348,-0.5273448048785158,-1.104510350265376,-1.564746191055297,-0.6245219933604428,0.46642807601549097,-0.22029782153918617,0.16320429444385762,0.7571704193700122,0.40566418492463724,0.14799694961173,-0.9560290675092808,-0.8980745908934382,0.38346164470053545,-1.111645585406456
-0.24028015998359517,0.932232824372172,0.11598494550562802,0.21744659479885617,0.9783714167471992,-0.26376897005792366,1.3424099563635357,-0.04805624377621365,-1.3843638214395233,0.9967493125196899,0.2110820718804924,-0.15295659700004746,-1.3154984511142667,-2.0262142024924517,1.238309585786637,0.24805400254271956,0.41941293106927613,0.228192889881517,0.4924647238270408,1.383371527708986,4.7115353336750445,2.2540710315761787
-0.38152755378523995,-0.007704371382499755,-0.5222149970974977,-0.5260861527383767,-1.5479938155073931,-2.2686616187954702,-2.41837255840735,-1.785793477384951,-2.0872155822697516,-1.8722601547482747,-2.0895707706789373,-1.1174853969820535,-0.573924377576378,-1.6016078140401313,-2.03597520204852,-0.3641901174100147,-0.6236538552270251,1.2594704717950445,0.28949488688883057,0.20034301338234323,-2.035387113106806,-2.179279136546276
0.9642604577384308,0.5203921750513121,0.6291555096363959,0.28112825121607815,-0.06890036569100101,0.5546430052519987,-0.8969124759374969,-0.14842747965808809,1.1524185821424606,-0.6017761170532412,0.1704795909632101,0.0722544404422281,-0.42615116470304415,-1.4061617683320329,-1.212809732575359,-1.1135742297483873,0.9781815654925201,0.22584001102734125,0.3968240490495494,0.4190993511112316,-1.5044890136618323,-2.542024852110894
-0.3184090472928554,-0.09723573281734985,0.7290448949151559,1.1531703874011934,1.9479325475323,1.2184553148994401,-0.027293532047856662,-0.1619725808644244,-0.6366592750867386,-0.9304990089092546,-1.6853230287873493,-1.9125081342695596,-0.7741395504720443,-0.05239063214273821,0.24420115299009335,0.008481959055633141,-0.7107622725285573,0.021636724876761722,0.6495642023355216,0.8324051434212373,3.4462913638756802,2.04677355450038
-1.6805100804578765,-1.6349305304575186,-0.4107750098509724,-0.488850195833239,-2.2604235379488293,0.2358751281153157,0.7600602929768255,2.3971917878074134,0.035869680115589726,0.24582474833456988,-1.2529619122712283,-0.09590981672749736,-0.20255722736431306,-0.2792964567634578,0.08030596347810341,-2.184642051516255,-1.0401623864965244,-0.16942473417938433,1.2102649087253303,1.3944935833039702,-0.8428563623006096,1.2240256301921437
-0.2759073842784573,-1.0230650971218098,-1.2038823703507644,-0.715733579603773,-0.27555509400410033,-0.9753153020204366,-1.887278924346008,-0.53279181233972,-0.824742594736452,-2.9845337603063706,-3.7649499447680794,-2.770204561540277,-1.6947081435085933,-1.67940355749095,-0.47807956228100584,-1.1944246577029123,-1.5534421148018032,-0.6105248290184585,0.1788875753461228,-1.8614227646770127,-6.367033363663769,-6.773274795503552
-0.047536846070332116,0.3425645978406027,0.761250049582576,0.8992403811496976,1.056865240631406,-0.9060399685399196,-0.7684528093394101,0.08565354060784772,0.94164252193714,-0.4975954456950708,0.9259388401025715,0.11226599121075123,0.5338918202064358,1.1718339480975561,0.747748478568799,1.0986602101247078,0.18061751843035428,0.6019850340495374,0.07127887644672538,-0.4857215762344297,-1.2865669593600084,0.4231009036749284
-0.710766218995522,-0.6759521826527961,-0.5143548995282892,0.17382054105060296,-0.30193709229016175,-1.8178597153518739,-1.2447156968288318,-2.597701338636005,-0.8632272801088069,-1.1531037991617485,-0.8638363365298619,-0.07023401303517898,0.9363998243059325,0.8270925892975274,0.6529321514303267,-0.167342403112735,-0.0701859681834628,0.2238457805306271,1.8671198413133385,1.717738193233953,1.9504156857470198,1.3728719509424396
-1.2762372855627258,-1.2286280315346045,-0.38585372047953986,-1.3201417103579314,-0.4270638708827805,0.4038660047947106,-0.21091619639145945,-0.25467424244025516,0.11577001684435999,-0.5858968519510034,0.6754764695646013,0.5869130363833651,-1.4612694662140806,-1.993643651412435,-1.422736553733274,-0.741538325302525,0.2814049118989132,0.4590868271303784,0.9863194374610835,-0.6001396567753736,-0.3580973923935149,-3.2272454033258002
-0.490859877949331,-0.4727118366976304,-3.3030174872026667,-2.9387529921105466,-0.9242466176203737,-0.5173600022393061,0.4102398918236457,1.0750296838802091,0.7653798922639767,0.18816811732599956,0.8777875785387741,-0.9992914166245878,-0.7730269339856336,0.33083928999466716,0.9484503500203644,-0.43131233908904165,-0.7426325079915469,-0.8358881212730467,-0.6881322147562717,-0.6257416883093778,-2.6693341762951768,-6.335872775987432
0.31249680894548176,0.0815270434032794,-0.5887107014260934,0.08174432494116148,-0.5110280387003935,-1.5013883221070279,-1.3975394139683506,-2.2067044832674547,-1.1104385847100762,0.7218700629625517,1.0511637711837571,0.08696932124058308,0.6268917150155701,0.4004611552159385,0.962858616913358,1.5642760609834665,-0.2556175671762051,-0.36192155008649174,2.719479931973866,0.5739047088755166,0.9394735794047823,1.6779664137869559
-1.857723796560332,-2.058054264596197,-2.813280885002227,-2.2976796010492673,-0.9463107808940904,0.8089641135696036,-0.080377917389432,1.324088051954083,0.3443923476982799,1.7246187357546716,1.4026690698252555,0.2347064819188243,0.6534440237452094,0.11849236424516452,-0.875988237827287,-0.6065370750038565,0.35626327691761134,0.25988527216081153,-0.5720354540213489,-0.47872383811222086,-7.219787343948544,-6.081494447598734
-1.0374822784298274,1.017544939692917,-0.16330206415808587,-1.436474934720465,-0.2636048125444752,0.666419664404117,0.5669366066556705,1.0296856775772056,0.6679679423942674,0.5897492079327028,-1.536732356821499,-0.41564758164408405,0.5106803648748874,-0.09356946932318082,-0.2513543213122167,0.5939841848465937,0.5866288348289166,-0.6871943382641493,0.21280280337668414,-1.907900648044868,-3.8604265434005383,-6.212345620226952
-0.21078954585620874,-0.09280267177318048,0.876634048103539,0.35934449249884043,-0.7902281478757048,-0.3465201786157014,-0.5104555709218346,-2.0159133327120324,-1.4941802123066832,0.5382237235625127,0.5913106092003173,0.4798715296232485,0.8579500582370635,-0.37053414199559404,-0.07346248110672685,0.4419229311150982,0.549614674923631,0.5138081989419865,1.1983203768321995,0.37491812081524506,-0.46809237728030495,1.886633320406972
1.237765182557973,0.6563061402654057,1.0641442283686398,-0.06397188076668024,-1.382803102706533,-0.967228065141464,-1.6384237565361002,-1.243558751277584,-0.10448915629616352,0.48374560910456565,0.14087698049305547,1.5059733240439634,1.2413913702453294,1.0990565981595952,-0.22913659337854497,-0.6197724066701059,-0.13389652801797935,1.3065399775407232,1.936757065459485,0.9010971843429028,0.027463761919922447,-0.23228169293113599
0.8841833004118286,0.6080835978004094,0.10385210905704667,0.6987635380380149,-0.8419243351788719,0.7975825395352946,1.2672115381872757,0.9091002548202674,1.0149760801906693,0.97370824455087,0.8154039765125373,-1.0495943241348498,-0.42938463608212,0.7847489933854835,1.6002332725442263,-0.2609526351110787,0.6285757472541224,-1.2492986673447886,-1.2248632106081092,-0.8586614573391607,-5.353879541974261,-0.3723321703618786
-0.45585025463657053,-2.311870415430377,-2.1404440371188413,-1.9647160054416914,1.9863750140325107,1.2215455461390248,1.1352248482210165,0.5921690655942263,1.1120234653948589,2.0578986098112613,1.7363207331628407,-0.01635259995220252,0.8310187488920988,0.34745916403167887,0.8054459003839146,-1.0963632553882632,-0.17219470670926085,-1.1292436930687357,-0.6354206924529485,0.2769142382688012,-3.692190571411698,-2.657007811537108
-2.041703866022413,0.7784806627491727,0.6295328607749414,-0.4870092952918074,0.7139512011203193,2.166231374110273,1.4445298542737897,0.4090268246273158,0.47484695592974235,0.7791157287151811,-0.13671701417064996,1.6901288296782058,-0.26673624005684216,0.1642486721224102,-0.8556946640585994,-0.1317007578963578,-0.8065678699360759,0.2759847526955011,1.147864435105051,0.7500278178911833,-4.281037219476443,-2.207970642053155
1.4296277860644555,-0.13423043911828303,1.2015575581975224,-0.9622242773432736,-0.09405713304496922,0.4422003292335184,0.9202605657339892,-1.0455377778614996,-0.6363714336897747,-1.735730368686428,-1.3375615555306386,0.4736451818587198,1.059670811327925,1.8897061723939672,1.5237975365778857,0.6916902333172942,0.10030761248514854,-0.057097866231444944,0.1571283258359211,-0.48785590153736946,0.24424475841559534,2.553436003635056
-1.2264424389606445,-1.3703946294162601,0.09804613229409041,0.5069865883654737,0.5158814149070221,-0.3277814896456318,-1.0764775388063004,-0.6314753573012778,-0.9869688054555209,-0.5581013393130277,0.03330988914937769,0.5328835954416263,-0.03641508875318341,-0.07440530802422439,0.008195534296315064,-0.8810497572584702,-0.35366900364742304,0.5768038957237451,1.2093246226230128,0.7203989458263116,2.3364333918666946,1.7977539196884333
-1.0647668380626427,-2.296958712356634,-1.8899191819450898,-0.25077056738989006,-1.6149472453158236,-0.6209042288012993,-1.2452148678445578,-1.067431826563598,-2.9401886830755766,-0.547327658153455,-0.15574944805251875,0.44176211581846403,-0.2165400121936233,1.1805492676987244,0.14849681838706302,1.392989497968523,0.8113693979101494,-0.6088732647086744,1.8832002037387705,0.9269965004424064,3.732143995851498,3.793815038231398
-0.12735056759277222,0.5539496597737985,0.11173136365957692,-0.11022291635182702,-0.05762650727154916,2.560660112200634,2.377975723248834,0.6790979790189056,-1.1724104898797052,-0.0560994057890347,0.13336512454978391,0.12761168623101007,1.688625716770689,0.05099975890463894,0.36061497583698937,-0.06596362182514408,-0.022519081275648986,0.0138940188206401,-0.8064977610637948,-0.047140824847566966,2.793828202196702,2.1636891269463256
-0.8595498905492767,-0.5714764264165756,-0.9849521312141544,-0.19505938448480376,0.4540320109438874,0.3948555483083432,0.35667970873204163,1.1330769788012411,-1.2712148562870762,-1.4226768453052234,0.31551293168762234,0.6267351390831813,0.4783704622278835,0.4429971704502918,0.44272500604378767,0.6234479779343722,-0.613868516597109,-0.9400313676071158,0.5882151410862979,-1.5178739571209077,-0.6610827310426395,1.0888113016149195
2.514663640632317,1.5600419823343226,1.0887783451823043,0.2605102155456126,0.8665672281245257,0.6808624889620082,-0.336561407556639,-0.24963510086733226,-0.37919513271895217,-0.6903656115098832,0.27445928605819403,-0.41751637648572004,0.6393823799405098,0.980514904709179,0.13948779330028158,-0.02398300106231965,-0.10846894301296682,-0.26307192076934155,-0.9434678458840718,-1.199885747304801,0.13926487133476417,0.6490912944300722
-0.9337670848659982,0.5486109948096636,0.9827921852294201,1.325892017144156,1.718876519608432,0.914233769198482,1.4524578453013908,1.3797421851513327,-0.10716369840456934,1.1490094132251452,2.9961094296439303,-0.7875038673181727,-0.19075624653786066,0.9921939022867177,0.6909006180618429,1.6785934820520794,1.7228713380111598,2.07689075734039,1.0363631307373784,-0.12248012413424987,2.5485820020155208,1.1109201670337938
-0.5350000068264595,0.03409099707308881,0.9326600230010978,-0.17724207443674833,-1.0300280671829016,-0.8663638187587311,-1.5492217605941192,-0.9826505153088266,-1.0075808381152547,-1.1385276863459917,-0.21170242632468483,-1.1453301612084994,0.2323243717500551,0.9037934305384123,0.5098976641389914,0.6914839445355682,1.6314262997774183,-0.760075382130676,0.564884639641888,0.4266837692607902,0.017483980804375854,1.7121000336541794
2.121511721322752,0.3045641178183093,-0.01827323092190766,-1.2772192715996125,-1.3580725457625702,-2.415346054841241,-1.604403124444926,-1.2258035219315127,-0.4225788997479005,-0.49090877759934387,-0.3441011988491173,0.7682841720786974,-0.9220333315825764,-1.080569589857867,0.7099008832958169,1.0547121503205297,0.4569454455804028,0.4674376668885369,-0.47772815589127526,0.4922903654849599,1.2975688461899144,1.1835168543596668
-2.3718498974861477,-2.4277668521967355,-1.7724812383284962,-1.8028923785893998,-1.0915683307480843,-0.4793682895093776,-0.6981306697800822,-1.5207588631941606,-0.508504035249807,1.2157376589280386,-0.07313145170474744,0.300828612587902,1.715192302365533,-0.34808154493787347,-2.732971165325208,-1.730368685889363,0.18410353929668022,0.0321201215517975,-0.9941129054580633,-1.2244856357582212,-7.465082281605673,-7.860588057516894
0.23699843886907843,0.9396820940000143,0.07258088615754102,0.4557737959869189,1.2191540668642598,1.9823063920722013,1.4147307922859562,0.9784433759846695,1.981759801691523,1.807593524147467,-0.234855176545053,-0.1361664084910104,-0.16440171946816412,-0.9448016785829303,0.018812046762193658,-0.8240021941984589,-1.3897518721303224,-1.0596200681608703,-2.3289357615950874,-0.8119692231051219,-0.8488755005333788,-0.9602828533899219
0.18692499719300154,-1.0129420826369515,0.10004475198692354,-0.12241627671840044,1.4087782402902331,-0.5399122447320491,-0.6884810582519322,-1.434507170716667,-0.4461979683101545,0.340237628391345,0.13537035209395437,-0.2097773100231907,0.04437123784218933,-0.46622926844726015,0.8670431241640103,0.4126075132176926,-1.5730308814197105,-0.9613502356710323,-0.5666231737786352,1.1658339935873034,4.622715204350405,1.4619311194031974
1.2982271646267864,2.4739523356716013,0.5699513515662363,-0.6914393739531269,-0.34219328073159855,1.0177321393695076,0.6179279763644341,-0.9386670159438729,1.168253218124381,0.7515265349100105,0.341344987056505,-0.18021460961763436,-0.37630936007348653,0.7787543163762994,-0.17736049295366285,0.23814260990193514,1.0503271207050002,0.7487173978258755,0.13943234437644347,0.3903322849164197,-7.817239789459683,-2.6021113032501235
-0.9245597960614536,-0.6251392423067638,-1.512573577859681,-0.3642081274528632,-0.6154248214777351,0.3739777117151117,-1.11426901666823,-2.3344871381480186,-1.1734805902754226,-0.6771297004274499,-0.20821824383862814,0.19056363416908986,-1.2990844032771964,-0.5344368124021945,0.23268503502501295,0.907077418099979,-0.37216142373291283,-2.3275040839183307,-2.216344148572631,-1.233788315358722,-0.8113134038933705,-0.4727090734137118
2.4040820759782253,0.1974580488817486,0.004352532558765555,0.7503852450460328,-2.145342744476396,-1.6134320491101255,-2.32111677879051,-1.5945032349425612,-0.16003022031735742,0.7514792423340246,-0.08926546359142308,-0.4441476151754384,0.6657352762359648,-0.5441428992528247,-0.9065885404900773,-0.479895041041992,-2.0330286768421013,-2.115973202911966,-2.861815161063858,-1.3232774754160457,-0.5213342137469331,-1.1263641768848511
0.38383627835155526,-1.0052262818127822,-2.287657508076954,-1.4253612279530339,1.354518143900932,0.17011136041252556,-0.6436803016955202,-1.44629499062044,0.2696264100594433,0.44183771162845875,-0.46887284528931367,-0.9902109807708398,-0.9626303484456805,-2.212052454771394,-2.787591173275292,-0.8818496084506348,-0.3295476757426103,-0.20162494771371253,0.17952826843233605,-0.26430851063180266,-1.80895136118066,-4.749444098399973
-1.428605952910532,-1.2383820334548084,-0.25883081731713026,-1.2327386095166744,-1.2191299875177577,-1.5492720923189154,-3.041490550546361,-0.5053951472150195,1.3557946755952097,0.7291699754104619,0.8822675531200818,-0.7115388182224198,-1.7157199520439899,1.0843055174758152,-0.4555995513387664,-0.4544507177777234,-0.927768391746304,-0.4497719920761386,-0.2538977914525425,-0.9450159803435526,-6.314967730501531,-5.63853655746114
-1.9875346191684502,-0.38841034492667237,-0.8977695995800755,-0.6916276951074618,0.12265217591357792,-0.15645203518329315,-0.505216876491166,-1.2374573324215021,1.685661029738144,1.285747510624783,0.6244089711472207,0.25805523292064286,-0.8141429596144746,-1.6038588040597093,-0.6747251740445893,0.9870885332120838,2.3646396008706945,0.024257407942272623,-0.8809364307947226,0.08197325679894506,-5.0955417602032895,-3.3421908238539926
1.0127201985830023,0.46764461733393375,2.105881592291184,2.7750872898772934,3.211016537560086,0.305106105772609,0.302161786693069,-0.7367881929126594,-0.8673095388132127,-1.1329826796561389,0.11524450458678892,-0.22101781693234146,-1.3574078981504007,-0.16055639764382057,2.0998349279954733,-0.9293635570569903,-1.6478749483411033,-0.9381265538473231,-1.2593518961715147,-0.732324477900112,6.593900402442508,4.8122860573777775
0.2902619039450153,0.0004858482439748928,1.5749970826931978,0.5915490958381752,0.8154440143522089,0.13468512657826867,0.6476342448992011,0.9129146144215191,-0.5352721548554507,-1.269984614213891,1.069026937825471,0.08466166809022205,-1.0973688992253534,-0.2058379523999823,-0.21427508435945958,-0.7284605303482274,-1.0377486689199589,-0.5678570089828316,-0.3451605484960219,0.21306920665541448,0.5146616357081719,1.6063699988022686
0.8525193948996915,0.1832211215725608,0.6755665206957643,0.906726358513983,0.5587782629543654,0.6485226071981748,0.5384326141923849,1.1219520860956775,0.9795749527962303,-0.7026152347801261,0.5531848377943176,0.5469529545681848,0.4443324420772894,-0.01724642823442805,-0.8569395316599216,-0.4151715362547769,-0.45740493921703945,-0.02031374920863839,-0.20164188605026975,-0.19777130048708305,-1.302074895904938,0.027235018612046434
0.9414130193411305,1.8966641182147346,0.5635411988824744,2.1029085556249023,1.2851473989722735,-1.5334988189918564,-0.7112171887075172,0.8472917048732337,0.2686904757804277,-0.07453165062873975,0.23203912931939305,0.1647380405415501,0.6478421482591735,1.918114487284903,1.9465551781153103,0.7469969364828278,-0.3795078607053016,-0.9490298784173755,-1.2315131761571847,-1.4512342505671367,5.518848531687974,3.814441007057082
1.2254047530708934,-0.3426996344429483,-0.749760938442724,-0.7619962585128055,-0.3232500654329089,1.3743303699284737,-0.41083573567088505,-1.2547165776983857,0.3788149053127338,-0.5576480610989746,1.271555125580603,1.0195581236785656,-0.37323083568445564,-1.7009667875221102,-2.1689575189222783,-2.3591400491160845,-0.11773504501244482,0.8179667257192509,2.0784762029696373,1.3752619636392056,-2.2928726626650784,-2.5510525224076774
0.31811113678851494,0.443296950590738,-1.5487138332931731,-0.01993747809699211,-0.32809039193384226,-0.6136464410794156,-0.45771558403596163,0.36247549481328695,1.1343685663315686,0.23550802851458988,0.3257136620127531,1.152473743733356,-0.7189050095996155,0.501497827244243,0.49035793921485865,0.17790209200554163,2.3550453529397215,0.9956614470420535,2.125458086872803,0.5334959862479615,-0.18827938491363738,-0.81285237410534
-0.4666917769701843,-0.8397591875116901,-0.7726298504072987,-0.5693014995504893,-1.7293371153141848,-0.2931344772495418,1.026798671631429,1.0010330195868056,0.20848063036672412,0.30305801197842586,0.6740111334722114,-0.07429053954050788,-0.449105522893434,0.21985436233816666,-0.07219369149903178,-0.2967273611845263,-1.3867818268337808,-1.137383134062388,-0.9592994550627552,-0.76059983765865,-0.8503235214701592,-1.223706641614687
0.6165049212164082,-0.37758434827595005,1.3045435255901492,-0.05010959176029743,-0.6589343566886903,-0.8350910368109719,0.47404680007482336,0.16676572723948696,-0.12419953697154015,0.1555750697435232,0.37435991228213805,0.3328837187594488,-0.7679997610029744,-2.1360491460448507,0.45830800728258997,0.9671377854518751,0.3213421764524838,1.239862275182163,0.5062797602563979,0.789739112874504,2.5485161922986794,-1.0752147845602718
-0.3300433847114424,-0.07620158728426514,0.7864441383139723,-0.33384181976279537,-0.5692707099965661,-0.7775720785800606,0.3410269439480938,0.05823860569137326,-0.942963626631344,0.36735411885919383,0.8795509734693854,0.6222789506057687,1.196478764157347,-0.3333731122439486,0.04676566639438781,1.531040350965962,0.11163338879959377,-1.3498966515065676,-1.0367348119855004,0.727480956367138,1.1903498040639233,1.8113365738881457
0.07603999956718119,1.171558794358998,1.386124887078718,0.7741942192312825,-1.0394760037155348,-0.6985570297858326,1.223788558869204,-0.1578853804025401,-1.1561354900791223,-1.8496971659426233,-2.1812799277382577,-1.133369057841824,-0.08291520448591659,0.794297350174313,-0.0033266751281881795,1.0602880809055668,1.8277342922009825,-0.3049768923197072,-1.073659148390089,-1.3020416940476245,1.877523038359219,0.23922973638680817
0.8103218662219017,1.0525508998701496,-0.833979979035963,-0.769316722358042,-0.9896851450675928,-0.7448148815313523,-1.1793671943288064,1.618261728810375,1.2146378640967899,0.8367681856454345,1.0660403088634056,2.1304429420138504,0.2443245910045937,0.6930160450086659,-0.16905085883907595,0.28504893960824107,1.5235502560943526,-0.16017485181058108,-0.343953611292934,-0.2627390598203725,0.6451312342993445,1.6568951871126347
1.4408862325635576,-0.28173934034147746,0.7707902721230606,0.3554110669302185,-0.39195924962630563,-0.13416192403002802,0.43523654307317783,0.06588486509229355,-0.4293322578300693,-0.5067283100145429,-0.2780375729870328,1.3006506478888404,2.696356578950962,1.923578570160702,-0.4228353840835386,-0.43180459427666434,-0.5722239241345581,-0.2365255948101937,1.1668633480751136,1.1276832691278837,-0.32365644409540306,0.129466600661443
0.20031700259695187,-1.338125475632988,0.38626471806348234,-0.8972018553486919,0.2559217215471142,0.3833501479351011,0.886796106130961,1.8075746275256288,0.970066086755066,-1.514296930164414,-0.8887776290217727,1.3752891734505954,1.2997784366989578,0.7934624340956932,-0.6760026214882995,-0.291447829030915,-0.08625426368228205,0.026412330262018197,0.6112141367425669,-0.27462220673758586,-1.6347868049461312,-0.6148614261375369
-0.6726397477251188,1.186142888572232,0.8430207373385661,0.277459654680946,0.7182081491794883,0.9480046853805539,0.2407743876085313,-2.463605394666164,0.167433730738218,0.5201925392115363,0.08018938796089835,1.1589387233838242,0.5898349249991742,0.8745229069684559,1.6447915652732297,0.7351920401410071,0.8354263235874921,-0.2555721949093969,0.5029860013524499,0.4713232411385082,3.6585729009303387,1.981275042802828
-0.9732107084093845,-0.9798655043279677,0.3756885734849652,-0.8855237189021757,-1.046870283194812,-1.5628623544572506,-1.3808042504969003,0.01553255725248035,1.54790077761896,0.4986284972168464,0.19144413021589882,0.08782388976461569,-0.6896233761353907,0.26187155897129977,0.4287677361247981,-0.6548063874573238,-0.290130476005357,0.6377110208780791,0.19338856623368855,-0.8535605142237032,-2.9270929667067374,-3.3550600062056035
-0.4715302511997558,0.004818610673591756,1.5885092422976357,-0.29833028014549196,0.45593787410073067,0.39215212931067006,0.043703109393406936,1.4384040502734452,0.2630532388601863,-1.2621091842246037,1.1900712646304847,0.456159042494904,-2.405630310582898,-1.6095357538408916,-3.157350499213861,-1.9376803151165416,-1.7171472273556385,0.016065766006468644,-0.16555157218676195,0.8507748824772989,-3.0719923411215664,-1.9947228094959941
-0.050678633426291364,0.32904426568481643,0.834521782477487,0.315301759486841,0.7228893430811936,1.628893832975471,0.9524147716892752,-0.08626279346773832,-1.2549057010823894,0.6557655513570115,0.8481208312175248,0.2652473443602047,-1.0295037638695215,-0.11682521176266264,1.1031676184428505,1.954446773808344,2.137778288482305,2.4131017904491165,1.6537355419144772,1.665292465281513,-1.1163276683864811,-1.3813697635613218
-0.49711968936047446,-1.0601142298691786,-1.3219867300150576,0.013284912098576362,-0.8350669058922704,-1.2438543232730388,-0.24349821415389247,0.2372713404045725,0.5251859743676422,0.45756755114298775,-0.09018304356987913,-0.4736602050178778,0.013093073520537842,-1.2252685031585087,-0.46973018087405993,-0.5863494143949844,-0.006139701224629934,0.6386487736458658,0.575937405698312,0.38822774461278636,-2.4346089536035054,-1.611979997349898
-1.3901315315260978,-2.0057592310065924,-1.6364833384637338,-1.9244915660800965,-0.7839346411553724,-0.23883488660462596,-0.37943425872754916,0.9488870979287288,0.09409539548566616,-0.15229568528133297,1.1890073019772152,0.554869499265802,1.4787275547033365,2.6691209781678227,2.0759949821354864,1.0378541685825213,-0.11997756074424722,0.7129076480317837,2.0465883763169175,0.26431861781254423,-2.1071393469262567,-1.9925020732317937
0.28963339219145795,-1.0332440859602803,0.15438811434307903,0.24180901336523686,0.11866683326082522,0.06584450590453252,0.09509901220962029,0.2113424252501624,0.5026223002659558,0.49105314501804964,0.12341642291705474,-0.09834001468248141,-0.8591812542499877,-1.0020454249675212,-1.5703927028049147,-0.6070503720037643,-0.5684287239327529,0.3324555615461065,0.4185291505734083,-0.23508307452155783,-1.8989550951035228,-1.4719221047708146
-1.2869072419686813,-0.8028210040339007,-1.596431361251348,-1.6581994036746435,-1.867370164572858,-1.1906142804909554,0.34452183117169244,1.460990855617876,-0.91896558340421,-0.5726875365958309,-0.3380232934885844,0.5744803053493907,0.8892287162473559,-0.14698089602287429,-1.6022979152306505,-3.195923768883797,-1.6765525244616397,-2.1941046335816297,-0.7777748544643998,-0.5563151468305094,-1.729819645993378,-4.916023795072422
-0.13478930782066412,-0.22819522076154067,0.7469142941961642,0.31304144618383384,0.5897676969372382,-0.5031830211612306,0.09800834981140191,-0.7778014046308159,0.6452445666237814,0.9747998861296427,0.9674023242346775,-1.1547828509987408,-0.5907529505574852,-0.5678141150174135,-1.4897066238341177,-1.6226115127722789,-0.6364020003470111,0.8299059353774154,0.8052252163978683,1.718394299484307,-1.3956107449663309,-2.7565877374107743
-2.1439839345331255,-1.7772693952406258,-1.811454299634053,-0.8728430199120203,-1.379708468039163,0.3504165914260057,-0.43610035547401693,-1.2150524288300097,-1.5294523463923249,-0.7060006148295717,-0.01491930514689441,0.05719577970825234,1.0570968869041113,-0.1842058750759413,0.07442999227760974,-1.0033210201942815,-1.197809551982856,-1.259959872987086,-0.9380291472462123,-0.9295506314883772,-5.015429560784118,-1.6694182560823745
1.6100475485688241,0.5297777448368209,0.7466943818944356,0.0374588132177235,1.9520372045472172,0.7902459488069881,0.7705914715704103,2.192220287456216,0.6104828060139993,0.037152583126753416,-1.843551651585339,-0.858097377112071,-0.7020855761644628,-0.5658766418856541,-0.5579671646417858,0.3715045013042167,-1.0461151152951305,-0.3859916526154785,0.8029049445322575,1.6868965203519244,-4.949402384110538,-4.304898425780857
-0.13300095351819113,-0.8927581149373852,-0.18502316111367412,0.3752634307287823,1.5296295572837735,0.5341534694802533,0.37747290138960743,0.9924095041602239,1.3733467904300367,1.6236499379195657,0.7793408556961374,0.02269090377913266,-0.462445445397476,-1.0235701743720513,-0.641118332334659,-1.79816424781034,-0.07718477604281329,0.9967422433016561,-0.1928065369302731,-0.6378386168684956,-0.29783944444225285,-1.1870450798582115
-1.2562090309200244,-1.947479719180177,-1.3734836930958085,-1.14804388678537,-0.705006990488773,0.9032831355928976,0.17185366728779775,-0.1834080914283136,1.235983915831342,1.3950508642635446,0.9476737340063228,-0.028427549115912325,-0.03696110011195085,1.8427353681790246,0.9551338876380395,0.6783393691441182,0.2839900215082476,0.7592675419979396,1.2632718454009306,1.6354613299569072,-2.015788424554197,-1.6052317563132505
-0.18537284201076534,0.37025205560224467,0.7567789299306317,1.3438367084253184,-0.39451028338741845,0.1596915108620942,-0.2462899644128337,-0.713217112484149,-0.4843318065441936,-0.43938541099972667,0.17511617245061736,1.4372929407729629,0.7277954989539989,0.5616091093052323,-0.037396360241546946,-0.9009530502519109,0.6194393491676959,0.564697497895343,1.3430186836746445,1.579248819553285,-3.2877611625276932,0.4091844193078529
0.5306881212542581,1.474761496819249,0.6051048415873505,0.6695653200930757,-0.021501617292254745,-0.7309357648032514,-0.30014830902580164,-0.5702710882642287,-1.317207683830037,1.5913542679518298,1.1072832457153343,0.31078355814973474,-1.904094651919129,0.027073041098523935,-0.34954322068231,-1.3328756749056625,0.022392706228094056,-1.3906227305345706,0.8206887268382032,2.020311033781797,4.046472172799643,2.772404137991356
-0.8994015170264302,-0.425529909454961,-0.9452291431565107,-0.0649817757279494,-0.4260593020451199,-0.30532028970865277,-0.36720226407189516,-0.23898921460891856,-1.0028198301476854,-0.5352743658297531,-0.3353425412679693,-0.02025898441792726,-0.2179578591840215,0.4541643735874821,0.07303549312992265,-1.4974357618246081,-1.6851831718637724,-2.1456224969772606,-0.1362066482656524,0.3766297147052623,2.4275513126941064,3.062276751216946
-0.7205520849561684,1.1676943285714911,1.0825133493729877,2.1846967604202376,0.647730801750953,1.1330012622838264,-0.40942718467255296,-0.8314669379767069,-0.16889134172040846,0.3740046795438315,-1.0447526526777857,1.0027840034873021,0.8049719490193213,1.0375072861422845,1.1639131207014526,0.6872044176037486,1.6828877095640267,1.0171650525690954,-0.20987213430830884,0.16186090065920358,7.258128889362052,3.459035924254607
-2.0216423597621067,-1.4373614022365615,0.022700047841886204,0.9455163250801115,0.5714606009411387,-0.4603394157629772,-0.8974030101820354,0.2394031411462085,0.2074204980931532,-0.8687546136073914,0.5517784435680392,-0.10106107114692979,-0.23692037089890824,-0.24196134553052595,0.2821571265281615,-0.13434988000347503,1.3552129366111048,1.533194431260002,2.2406795308655787,0.4891938619192416,2.6016703811576383,1.3486886397228997
-0.2377726902295533,0.8954913112556881,1.0842593927684963,-0.36807269391345215,0.5582725009540354,-0.22966347197562872,0.008421519420249554,-0.8965466482890287,-0.10097489521311666,0.5616382511834388,-0.6931061666297519,-0.5815140549561776,0.1603839062429547,-0.4796651923244268,-1.5783031090073136,-0.6885256264695206,-1.0786215673183495,0.7651051153935157,0.8897551808173982,1.3822340924047565,-4.493916938985839,-2.382538056855886
0.5730700189206687,1.7085147319694731,0.43619933916903303,1.914809798634602,0.49309087228041926,0.6098619345733057,1.479312008156629,0.9705562920815312,1.4014728455266043,1.1956441324867124,1.515209554195219,0.14556546221207411,-0.13687543545309253,0.5383358906488567,-1.0797674355822588,-0.06614133688103536,1.6286940692362972,1.048179267273723,-0.5114218205584972,1.3648637153825647,-0.15151335342017758,-3.8784311081349037
0.7747574870649455,-0.758372038526606,-0.3001211540994508,-1.0290122381000832,0.11063004749732658,-0.4102175261020431,-1.02871148696461,-1.7618160589573924,1.014738194983175,0.6442956246911677,0.4073827828259819,-0.30109790012547416,-0.16401992637286592,1.0999135107977942,0.4596747221444622,-0.45103566480933216,-0.19215540301713147,-0.01560560697775907,-1.3637246935836074,-1.3733672423384127,-1.5296352007524336,-1.6608852987055807
0.7541923638150846,0.045076161372594147,1.0789998478049465,0.8378416881741271,-0.5956635194760617,-1.35166431247094,-1.321657238633599,-2.3314117454213488,-2.223657140995495,-0.9674966488011866,-0.6241467255562658,-0.33619027131989154,0.09433118957057389,0.5636442310542158,1.144724189323595,0.23380614647404702,0.9973246756914769,1.5147414071733751,0.9618263033729592,0.2627523612432175,0.33284353701413794,0.5979470819602923
1.1767518975374427,1.9818696191685976,0.44329691052811954,-0.9199807521931453,0.6639454892997176,-0.09713259013371602,0.01561609324348986,-0.34172311885992657,-0.8800763882337898,0.9067095425114053,-1.0252189463817631,-0.8907627044336737,0.2619825273471591,-0.35480266587182385,-1.5164068788550273,-1.6856858046693475,-0.7930984479613786,-0.6591959927885135,-0.5005609307941626,0.1206710709751813,-0.7973866874850963,-2.2818394723739353
2.3984153003953828,2.177292446790839,-0.4047352516938244,-1.2630056661480513,-0.5539262741785874,0.8653287130659248,-0.8141954442462395,-0.06000064405313827,-0.5996520575218138,-0.28686150029337165,-0.9143358161132334,0.5923928085155027,-0.2943777963994869,-0.4900821662224092,-1.1872945203775789,-1.5487003190344022,-0.05594934486208414,1.3526007382664156,0.20098847347820403,0.4446069663963256,1.0797722545653972,0.8291610325172838
-1.1028946207961166,0.31292070319330045,-0.01113265871762466,-0.7406612709451956,-0.2922204933929622,-0.6434977047907545,-0.8661055866020242,0.08296055504270108,0.7669972052347905,-0.9959000891575587,-0.45411496376963034,-0.03521523848662592,-0.6581932691234383,-1.1216275759259078,-2.7891842012531702,-1.659331449731236,-2.4936466962472017,-3.5912472382180525,-1.4283811733498002,0.0180883546675818,-0.17195700977368267,-2.598457036651073
-0.6550188441133001,1.454506183896416,0.5348557584605311,-1.1010960206351823,0.4239232202737042,0.5737502805440605,-1.4925452596756386,-1.3027987509732166,0.652103974854183,-0.242506743218799,-0.6903834064502534,0.07567133009615225,-0.2675212292706254,-0.47314179312955407,0.09103470631213528,-1.1836994461360195,-0.6486269142726713,-1.483523129308833,-2.0592280014974755,-1.4511079377711877,-6.541227270406609,-4.172085398896088
-0.10864402292038863,-0.4533410484137646,-0.1215256612476358,-0.6782310949026444,-0.873328220273011,-0.48424730833284674,0.6171733232599942,1.6113235003902615,2.29388694733884,0.5249675422454579,-0.1600175730041703,0.4188235795707485,1.8628273244320406,0.44882189003125567,1.295824366697686,2.1631029452226613,0.2549983104488724,-0.5065488586720923,-0.0551632126727878,-1.585183866034232,-0.8456961825657077,-2.243829783146895
-0.5232252396667779,0.14292802197059748,-0.2263197259315068,0.208206053319661,-0.36609242057483316,-0.05348471843273332,1.0137560634489173,1.501412749562492,0.3986141086972071,-1.7298942690996604,-0.8499873150983408,0.1218539657774321,-0.46116411128568624,0.9988396006595992,0.3719503429936001,0.05354964768761675,0.5023645066998437,0.9584492037665285,1.3765906132284573,0.25298224661473667,-0.6573759147639868,-0.48803642628408045
0.7120148013724021,-0.7125056326891049,-0.5439251476018109,-0.6585933472764409,1.153083874715922,0.5615881057428912,-0.4402191749891586,-0.9915427027552874,-1.843457982264622,-0.141812094419339,-0.5976048620476393,0.15208319012663352,-0.7292271956574558,-0.11494970818528394,-0.15063884838241778,-0.5419973856728548,-0.8382377468725434,-0.9442333433910078,1.2486585475895073,1.3012462748275893,4.559232686631836,1.411715850962172
2.308028489378658,2.272377853571371,0.43687677936717617,0.22659703927341138,0.3456651372102687,1.2070084182433085,-0.4396456629995107,-0.4078754686288372,0.29097111639164613,0.3540476469530385,-0.6661500492773572,-1.6005156340790432,-0.5841640135781255,-1.8870908529662611,-0.4608216641738528,0.1796273394965563,0.32110221745296946,0.5971048670899934,1.2097984934169566,-1.2830590601923135,-5.381199180876862,-4.532641415020535
-0.010314777380354474,-0.3261744812234371,-1.4643960164614982,-1.901253675434127,-3.7956656373035838,-3.260295926746498,-0.9178376344252833,0.14162224219599065,0.013035851519563442,0.7200888676672648,0.7725655392238391,-1.5758277000890444,0.4862019959142156,0.6806847559060256,0.9370285040606547,0.13976145991789024,-0.352911654006532,0.3440363331261096,0.47100393504165167,1.3337829242126227,-3.725383835040028,-2.4656931717655564
-0.8181105746629002,-0.7028713419624464,1.7095494271685179,-0.32098913244642513,-0.6302961176561312,0.21243055127677407,0.14920028755078782,-0.8695140965044184,-0.08011305745072211,-1.1371320001830052,-1.1211270892409833,-0.1770677821958298,0.43044458312063216,0.07255976164556843,-0.7665193579811991,-0.897633085278559,0.7259546434891526,-0.009386525947439816,-0.4269295796850118,-0.6275151935557783,-0.4438769892675116,-1.2403814458435298
0.8486016955111388,0.3485887754830978,0.8265112094579031,0.6073447480698051,0.5851894701884708,-1.045189857782303,-0.7824828886406618,0.38930632213158584,0.6624846375538856,-0.025447558107551674,-0.8599362077301713,-0.30036704854915247,-0.33113538161969325,0.4642221920384289,-0.7539098256805251,-0.005744213754467877,-0.504586345053917,0.3039979914306888,0.9046344848463037,-0.04908039462225626,-6.936713934770422,-2.1763836111437898
1.2204502947351832,0.08863290819802028,-1.4165862351565557,-1.600679730060288,-0.14472059165751014,-0.036617590232105084,-2.6290515148563642,-0.5754767994554619,-0.9303702394225473,-0.8686274322805426,-0.8880358871505902,0.3732814077796767,-1.8892827962262226,-0.09596222512454185,0.4523177645694219,-0.7080292065153588,0.061788797928626286,-0.6421987625155039,-1.8438074872063202,1.1501131521647638,0.3123105553808269,-0.16050823117486795
-0.36723672815407427,-1.603101736087592,-2.322663878907993,-0.9575395310277333,-1.5795552814864426,-1.4097709928265598,-2.3877625134153035,-1.628979601876207,-1.1963220850045928,-0.5039645109962245,0.19758459284012245,0.9920281862801759,1.444640700025309,-0.13096060509645688,0.08153284515795481,-0.0008697708603165962,0.06414781331528961,-0.019694186503891244,0.4544217849112071,0.3150458849938582,2.8295909697190176,0.25153110511446874
-0.547263268675462,-0.3950064561468845,-0.2350541901042327,-0.48279892433062777,-0.20882689819076955,1.703259527566873,1.6280009755535818,1.5164083250409262,1.1371278990969158,-0.016344713817035433,1.3830806236557855,0.28136018890069403,1.1403639740163958,0.6984180514205744,-0.046286612781877685,-1.3699783609114171,-1.28416472800885,0.5804039192861828,1.810045969225047,1.0202683748556718,0.8403695757170664,-1.3558455752496625
1.3417547990552507,2.7001329369812788,-0.6364349461061802,-0.7604840576950788,-0.21038343867089845,0.15479609705076716,-0.623422568094459,-0.7660875895244162,-0.18887660167350323,-0.6708274712838359,-0.5855404434146654,-0.33228812641493355,-0.10273688446537395,0.3621266299570178,-0.582420043398197,-1.4300889905458167,-0.6994720114003784,-0.9126339992095499,0.7271914604311874,-0.6684640982911066,0.5087852751606567,-1.1796440430570674
-0.4806060873969164,0.00814286792272116,-0.20376885469607922,-0.7410354677964942,-0.4781646892164014,-0.3863826675307969,0.6642535103219565,0.8560450819537521,0.13119415605554507,-0.316760129437142,0.6876813543736858,0.18681082991154319,0.9155151660231244,-0.9190658695652563,0.8072551746421511,0.5294936708370548,1.0276631927529851,0.3541398218021923,2.6466666217728787,2.619791461759073,1.4512262245199974,-0.5456068766330674
0.7075050120480584,0.892039807167334,0.34737217377275675,-0.36367526657882804,-1.4707884777808689,-1.8905966332533242,-0.9588237521620748,-0.54063831501515,-0.6851858581850871,-0.9515919306190307,-0.6314885092885382,-0.10723389043730022,-1.0825976807869613,-0.25096690141803846,1.1927962020758307,0.084319044948713,0.855908297678192,-0.29067991439355784,-0.1329997470797321,0.3057266049406209,-0.8937396185132801,0.2660360379690442
-2.417863391001127,-0.5433959375596953,-0.21741855375713637,-0.7611501094668954,-1.5423242286768937,0.37553570104153994,-0.3877888197679017,-0.7234948575893017,-0.9075215850811464,-2.885763122416811,-1.0134783999351402,0.1293951618077285,0.1260576454286386,0.9211714310073063,0.7643258550269838,0.13576709006604284,-0.5403322026838329,-0.6552268372676596,-0.25640216882503547,0.7818481479476369,0.12073929634420222,1.6534398592498871
-0.5107258804688904,-0.7409494175309151,0.6267439612318904,0.9318766204004368,0.5236599320546678,2.6524408724487856,-0.22365450802446138,1.0012757472399132,0.2772443833035382,0.9194836691387871,0.26178028990012586,0.5039493386630078,0.03641379213780027,-0.4839053005996101,0.20647370617835625,0.7454017231725655,0.0243496792877157,-0.9911233324348447,0.23164720129657157,-0.8180687469639673,-0.13070776724727473,2.5954207900285082
-0.5417319824861264,-0.48039476611185816,-0.7787316132439627,-0.709413905611884,-0.02372852808645091,0.2815523382904575,0.2052706065861427,-0.09249422234232117,-0.5844148404687642,-0.6575666476487319,0.057346924641043746,0.6577282033946755,-0.08520992054743534,-0.406529280614471,0.25363105637492256,-1.425501370743147,-0.7211497224621833,-0.8052537698757226,-2.415625946582274,-0.9113667293167739,3.7593658230875713,-0.08190655662583685
0.22986486384948518,0.4574563477921894,1.0437183850315204,1.1954154145137526,-0.06534331819359221,0.6560413061560604,1.6412736055004262,1.5992396328673342,0.05575609241358126,-0.28598188504535255,-0.16999240160300608,-1.4136290733284629,-1.1184255905332119,0.5701166999889025,0.2367066664684938,0.1633554171420232,-0.37446820571326583,0.4125235822975519,0.21344651923143415,-0.6062262029491915,-1.268886160769646,-0.683985032436361
0.9574046595646335,1.04964661466462,1.4945563361796055,0.873865300032914,0.2476045480287308,2.206567360690412,1.8571712530624929,1.5386351729693657,0.9420732527387373,0.03993642998666136,-0.0930011137937449,2.1296049205599776,1.7675146472758745,1.342789323099516,0.44829235647747595,0.6769088817726545,-0.9771267347179785,-0.7933291036327716,0.24574244640055104,-0.3038233314045484,5.428871427000448,3.9129563892213355
0.3560515711539025,0.18627789454268334,-0.063332913284309,-0.8880727183059245,-1.127976280055526,0.0329708756871735,-0.09275018864592374,-1.0164369101378752,-1.1878719947361862,0.30864952850802213,0.705290522719996,-0.08738232676037268,0.7561103337551406,-0.11669067653554291,-1.1321022430587173,-0.6685915344883225,-0.8705013232053189,-0.07185332255193422,-0.6192849395236498,0.715877666556542,-1.9855337342900916,-0.3850207272591858
-0.23676076932454673,-0.8205507741605541,0.46458178248010196,0.321484499248809,0.22602514906271687,-1.2783473384086,-0.016704420089942024,-0.4615812670111848,0.6678662238258446,0.34310436243363934,-1.3144751249664122,-1.015832373375271,-0.4144785877429603,0.09592945540198329,-0.6636626659486469,-0.4596172111935347,2.012493122374974,2.7092941459516697,1.5619390442578824,0.9794264983602005,-5.055837752902817,-5.712747723319207
1.23629134149298,0.897398875513072,0.03179109301109487,0.5328915180995846,-0.7257112549744351,0.08193906287965269,1.5649146938112093,0.7554233868992192,0.85723563369849,0.4573413351302045,0.9295163043732998,1.8816744631366946,0.36909031749251037,0.23657263715073804,-0.260996442843533,-1.1496870629167084,0.37129174250982117,0.19943653799649785,0.004450528391450985,0.10767015913221621,5.413446119888194,2.2193743433700797
-1.034422411275128,-0.6120760739614531,-0.723987396586286,-1.900758701184325,-0.44618091936482696,-0.36023938986117243,-1.1117854849578457,-0.6577510437791542,1.3668859746187652,0.49219839034538787,1.1614915710565745,1.3340598144717808,-0.35149449039131003,1.013650706994833,-0.3122151327663324,1.3159076416321362,0.12058783505939347,-0.9059132614917853,0.021767593565447694,-0.22255219002756071,-3.9636647272655843,-5.2468985709305525
-0.2894837688828761,0.4335431653289544,0.537694057247386,0.01010760898838773,-0.7366769674950187,-0.9333888787851989,-1.7578614474541345,-0.34927493752133865,-0.26533595939657056,-0.9143243984741682,1.1296744836101746,0.38729297091957804,0.9932648918231543,0.5113320539080077,-0.8936560903374582,-0.16942207664421338,0.6373425496648922,-0.07235560031325873,0.5045514014250952,-0.7744380826701868,-0.983313910109789,0.1928926565450501
-2.033031180577195,-0.11492662583865065,0.6859874936744874,-0.43285133956925653,1.1989324649705804,0.8084537914728394,0.5011931248438957,2.029660068298288,-0.5708153676871343,-1.486417587400826,0.24941224183336214,1.4154026115246907,0.0070922954710202915,-0.7005539294817823,0.044851417634016635,-1.16602369926509,-0.7245031471470483,-2.1717599548708577,-1.9650130644728265,-1.5153934106940763,-4.746308818185321,-3.374054205543314
1.7797037700916896,-0.025715292745462342,-1.3393692824840973,0.9158899309912203,0.0742858967974023,-0.7384875664568455,-1.0802207708951217,-0.5247554615646873,1.1356938321921752,-0.7732500986874161,0.8497043531460644,1.2636797096769343,0.4512103182879175,0.4839756167084757,1.8073940947705875,2.2011571114085893,1.2878744885601352,0.29617488695102095,-1.151656597539433,-1.7413552166221715,9.849468148818524,6.628429176884672
0.32069405713472565,0.9565756298522806,1.0605848727594072,1.0399118997660193,-0.20097131828698883,-1.1830921897937772,-0.5328032980303916,0.5441625916932158,-0.6315658721456451,-2.236762263191663,-1.7483440824510643,-1.6400351431262472,-2.0576011393499347,-0.7615502496092592,0.04051097344239992,-0.024099655068575,1.951802876316707,0.7096604639645937,1.0152403811783486,0.6736618030308562,-1.6589860228150364,-1.953959592234327
0.12872660375020842,-1.1104146626889215,-1.4761362538512361,-0.8615585251320211,-1.5588805374349457,-1.2857626210067505,-2.035346991848942,-1.5638078908821216,-0.6240988341259163,1.009487032440163,1.5708553151410218,0.0312754064112685,-0.3259561805275157,-0.9508352058921584,0.23074272263027643,0.5588871306071502,0.05218050308066253,-0.4837942050894745,0.08128624052635798,-0.5213229320419666,0.7291876619691207,-0.1892720820827704
-0.17630593118792384,-0.4751685917792404,-0.19741883480758315,-0.26205807394110364,-1.409208969267594,-0.46130283949215045,-1.1930975751660045,0.8385992472595264,-0.8156305921427991,0.0486773419907044,-0.827094986317706,-0.9498066395255863,-1.5034276069677783,0.36603644035794,-0.45688850380178336,0.08177577755976916,-0.1417333047403261,1.8657526274467608,2.043801039639719,0.8198725635442808,-3.1647967073739336,-2.6191851625781246
-0.8985493954197329,0.7085899098412104,0.7598821414221867,-0.8936101495331901,-0.7895811351412297,0.4410805717968766,-0.39844613982008403,0.7731392721275653,0.8006858561228427,2.1431018745198696,1.916343662557172,2.07277691901432,1.7497943923525723,0.23604048285588064,0.31241746864212067,-0.2745267254656566,-0.8166767498017254,-0.059248695494378105,0.47115896578609656,-0.1906564703147428,-0.74846268389717,-0.9780987905551759
-1.041361585917955,-1.8077840249302042,-1.795362614570161,-0.30417876846459885,-0.7337461937429839,0.6172635423095757,0.6352429709120329,-0.3424197671247732,0.19792792094483047,0.5199360183742886,-0.9612591439034637,0.46406189553323207,-0.33751039979163006,-0.16371030697640976,0.18620596913553777,-0.49299772966699656,0.16831236256085783,-0.9623908583408033,-0.1137050288394399,0.32997561744534837,-1.2997085221048423,0.297255103271136
-0.13830469174095647,1.7324896421196607,1.0721397283015177,-0.15287623541754908,0.3596581421064365,1.7421994362967135,1.683252790940748,0.9002909272362732,1.3488141287349145,-0.15172745357627848,-1.7084100518310597,-0.3105903873262026,0.5625660098450627,-0.8132887707803027,-0.004308217117034914,0.3099201191738429,-0.9282569853817989,-1.5713518484728666,0.276962626402088,0.27188832273055796,-0.01520806339117553,-0.5320137369234119
-1.2871211775313722,-2.6920688205722194,-1.3056866282047501,-1.5150641052541105,-1.2839747689756178,0.8618989841045713,-0.16305157063998563,-0.8949750462723228,-1.7392266362537412,-0.8588272844526643,1.2531162932599345,1.868803247910404,-0.21891689471576084,0.21680272179137117,0.29343091957685224,0.47927022615046094,-0.20194775553820624,0.031090236230744518,-0.019876468149885522,0.580060552141889,-1.498441620044451,-0.4000906930777267
0.34088255785857324,0.5604893746567943,-1.1305603218717228,-0.17396131912173465,0.20003564498572513,-0.522130570088149,1.3455754123654584,1.664853201312184,1.3641168642446895,1.2547679794719084,-0.12207469757304035,-0.7163636071905312,0.1386485560338037,1.3689550299863693,0.2341424884671464,-0.21524188468634115,-1.052356277186682,-0.8382219066884888,-0.20291139369766598,0.04273955528725563,-2.875247304586947,-1.876300402750545
-0.18303864142362214,0.45963761203764725,0.4912489056252276,0.6447038716886532,0.038771842884778876,1.760248701659238,1.4021415159748045,0.35121027205888566,-1.1931740958441268,-0.7537674413709556,0.2851678862200258,-0.24506300908005535,-0.6057916809693598,-0.7190519260789032,0.23525681842700222,-0.12295266856808111,-1.9182469221506693,0.316040785730443,0.08548562292946262,-0.5164125670545792,0.548044112073208,2.439437607276428
-2.142000251063303,-1.9926354948018072,-1.9570151481306672,-2.398668108643591,-2.2186663080273856,-0.5700152352924142,0.26190755391599674,-0.5400470904277525,-2.0737527325295386,-1.9293270972477303,-0.6867168055717031,-0.5489475801627304,-1.3178371799899435,-2.024646303405856,-1.8334043089324918,0.44143054032073886,0.15754471318509597,-0.15526952246853223,-1.919950863011068,-2.8490129310829992,-6.249570102069574,-10.864087694249584
-0.8478250772818784,-1.2679535079579978,-0.02275072519077255,-0.637361873567931,-0.38307088468976297,0.041492827225316185,0.3702749012356857,-1.1441994430205455,-1.8902221910283372,-0.6298960741379329,-1.2986331828964601,-0.468956221088041,-1.2376114331026298,-1.0168451419589521,-0.44866708205582095,-0.12399618004163142,0.10112101411143747,0.4814306483524815,0.30842264655151114,0.7357545052151112,-1.3932583952581636,0.7535977589085452
0.9399898633827772,-0.40744432799012026,0.5470940126588199,1.612223846003597,1.2974879985616747,1.0892912344018881,0.026887923346292284,-1.6703297624747167,-0.9964628193104255,0.2630798334088594,0.7226943592547981,0.3618894469661139,0.07418108198522641,-0.004152009911013308,0.058196051097109146,-1.2068975162015343,0.42002891142251164,0.39663031722813785,-0.5051374798521682,-1.3427572129946435,4.309124818380053,4.372117587406917
0.22059439008408316,-0.02320992498524119,-0.7329530112407242,-1.7012666227543067,-2.048280653620902,-0.2630372483268075,0.06764745822638955,-0.10970368643231557,0.4406637638695298,-1.1105180120166571,-0.43025569258434015,1.8020329146360943,0.5299215961911066,0.9071886802606898,1.5662682481186023,1.8100815551627456,0.9299076905490082,0.23824158219635358,0.9314535694007529,0.12807389361632263,1.091578438222363,0.7419079533471489
-0.45643102242986644,0.07188373707955188,0.799249723469659,-0.830667469997454,0.3960134964390795,1.5155355531882664,-0.16481957598041994,-1.3203011964176297,-1.0020195106092826,-1.3821191545472906,0.14918892699000752,0.11515260136494003,0.822353349257619,0.8741048033135155,0.41410802659891044,0.807212700744007,2.2700293953552286,1.51906001056115,1.2263475210090085,0.8636517584204324,-0.4940644063204108,-0.26072986021086386
0.03882049546619512,0.8033262976766969,-0.5752592841523123,0.8356555962969884,1.0072962833512784,0.18361888451834443,-0.02305873006679073,-0.8271416180267853,0.04854088956834745,0.7207819695749558,1.5847458580113307,1.3963881054426723,-0.09429470340311649,0.5704374111843763,-0.504239044493996,0.6916528140673069,0.8690091446441843,1.0538479049238905,0.19439385027849032,2.2880163248504775,-0.13737960270001404,-2.7054206530203793
-0.0427381218506569,-0.7919384383210663,-1.252099132239197,-1.044461670994195,-1.135018203942382,2.002233708417179,0.8373340865185159,0.7831865953831365,-2.3894651307954167,-2.412916197934967,-0.9248742100028224,-0.9570721166346742,-0.2526479042475278,-0.22118272768616828,-0.12114869221017459,-0.11992461946856954,-0.3623145344368926,0.5811743743314713,-0.2432106567026167,-0.5564313804883333,0.6375330498370659,0.306721516533041
-2.0306359648136505,-1.4627064843738902,-0.4317918007914042,-0.8983970218820392,-0.10445206969809293,0.13946640639696986,-0.9933407130144407,-0.3266646349822336,1.0015753290324179,-0.5119460672993308,-0.17540658450075855,-0.581564048850078,0.09083124166555845,0.07966731404002665,-0.9720453306139413,-0.2702306803725424,-0.19529456148674795,-0.730028544182636,-1.498936049815899,-0.42294541377170963,-4.326805580810306,-3.5536487898629985
1.9599703321850084,1.3771515316456193,-0.3133019190822439,0.1107925382243988,-1.2474473537006536,-0.09057309478828371,0.12362863911038159,1.238907247584012,0.13940271822990358,-0.24401979221850725,-0.5517309776496295,-0.10918117773355306,-0.36002425943471655,-2.514553993056739,-0.9455996980809583,-1.7177462995488246,-1.5861351039080265,-0.678003874255571,0.3824103325825183,-0.23065837547464746,-1.2370593294652479,-1.2139270634639432
-0.5019064602419797,0.22381222796723518,-1.8732133059472915,0.34633785690622404,-0.5175876777747858,1.4637480468422834,1.471379750783428,-0.5812802058943894,-2.1628439839401166,-1.4052395294541005,-1.0355666511851584,-0.03347969954281939,-0.9620904847855609,0.13438747260537426,0.40467097609200064,0.013019898607409354,-0.6385231901924892,-2.562656896718928,-1.8562416353702238,0.30316036329716745,2.018447346851994,5.718852450709018
0.5547006398337712,-0.2708533238447885,-1.3575101257076037,0.7064336698180309,0.005692389346962017,-1.1491998382817794,-0.9501357051126216,-1.853182207597985,-0.5033702497899205,0.8763779918258674,0.057127206511771104,-0.799092474794053,-0.5022132375196007,0.2800808661171094,0.28298001880098406,1.1974471296939877,-0.22425721269577356,-1.674876339840306,-1.6503021702710379,1.0194811583459928,-0.05490724580451234,2.259650156679813
-0.5922082755630227,-1.0900411958650615,-1.107472443405292,0.33253264547327693,-0.7369236461861466,0.02650513977662218,0.9658720066862255,-0.09134163293035943,-0.8290262847598961,-0.3181225614601457,-1.5254426676845811,-0.19396751040887966,-0.2302609659193254,-1.6707727183674077,-0.10253682645230101,0.218084893914205,1.1983360639900542,-0.4617972782623179,-0.9589286674915233,-0.9219497875790026,7.677741750470069,1.018555490994916
-2.3042913700389565,-0.5506960807573957,-0.38625556679830136,-1.8574819731501044,0.13098007612489745,0.05075758019993165,1.2344301205317378,2.252578108174932,1.0444213783617418,0.6821542014833375,-0.4272927200241758,-0.1087329420970476,-0.36674199007872776,-1.265770563507154,-1.1155771655156383,-0.22450438487255717,0.6805504144307644,-0.19429297221256145,0.8627736385126193,0.4427138059614712,-6.477177647459422,-5.088922519218136
0.25106475118935145,-0.8185725037303937,0.851737033149987,0.5852079325515975,-0.856257552345985,-0.02155832295310831,0.5804451074655327,1.533564535441601,0.6468979703896777,-0.5561506690059479,1.1934707751435263,0.8302409588542984,-0.28293562616260076,-0.5899821879660261,-1.3241554090352292,-0.2038549000388974,1.542130132152806,1.83496276759581,2.273853571620715,1.1966015050993708,-1.6894912455581772,-3.264921227144515
0.019836673936821224,-0.10623068988476171,0.7867848949793895,0.6042861771898007,1.9527687629022632,2.761160192625613,1.8545443398392891,-0.42060177962455936,-0.9293462890837231,-0.4452661528444551,-0.3805576111557891,0.013628735079743576,-0.02652446316471031,-0.7370633350626085,0.06756168370495128,-0.13949670549681295,0.5556991544051414,1.255297837593103,2.7640789432594417,0.7694374316861554,2.8378231296817473,0.4779499486812455
-0.24763192965039915,-1.3199987033207317,-0.7662195088252977,0.13331028474740386,-0.05958416803811163,0.7803170270717441,0.5105773426061277,-0.1988956231034268,0.19735952650311078,1.0918043053083786,0.13312087944842188,0.23537009900867306,0.2520146787758999,0.03874825931331311,-0.16480292165761184,-1.5878705058678144,-1.1541206142886566,0.17602014246134234,1.3183460029955956,0.5596554635739873,1.3901483319830341,0.0517913761952882
0.8714260563528353,0.8198648947745601,2.3259157911347534,2.031857508089755,0.42595720908621115,0.39897826001829306,-0.2820219923869746,0.8568760258079399,1.6165800616377708,0.2981635962787323,-0.37099987866601775,0.7893619720141215,-0.3306771690986977,-0.681498214400925,0.7447677680712624,1.0810393274300305,3.0919990117073395,1.2378929388577602,0.10453547657711477,0.27666628139275734,1.3929094446529908,-1.2486936128580415
-0.5267905084789681,-0.648602901721486,-0.35955016204103885,0.05009828666396277,-0.7917913504018647,0.31498815989713563,0.43539779918633276,-0.9597892849220424,-1.1752842281385,0.6332119085989961,0.628996088846265,-0.0773313318643005,-2.296224967265333,-0.3257668520251642,-0.34197529183895575,-1.026400330750287,0.8571854236395028,0.2352904320865568,0.1799575218558465,-0.031724150738704236,1.3698824856457432,1.3233928324442217
0.4390421078824005,1.2029140492953243,-0.6914933508779665,1.527342587263171,1.2386640196319196,-0.7092869519993161,-0.1920275799814778,-1.6627790393271737,-0.8395616061427603,-0.7877937447932449,-0.7957993544768928,-0.1090323386080622,-0.007691058459131011,0.6298657257260035,-0.22833626527743575,-1.2331277309505915,-1.1539211884428258,0.12733595563031883,-1.9770895499919516,-1.6772983426389338,-0.9653394259059951,2.6887103559445653
-0.3696780542244283,1.0632392179049273,0.4707363824169146,0.48497433293359016,-0.7441314821047702,-0.9619213987201518,-0.8264359385107805,-1.543406489159698,-0.8585782001409991,-0.2898464849388357,0.2887791821631926,0.2348914700655263,0.8464743324381888,-1.1386033754101827,-0.9553198198211487,1.2451638011165893,1.3126984508143729,1.5341030122064614,1.9730501053792135,1.0713986241467415,-0.24561999556748593,-1.164239808530148
0.545098487568737,-0.19786206277160712,0.3736214077508227,-0.3326342642598217,-0.23656300319567128,-0.41012955451530114,-0.6300109228399003,-0.5984610468476691,-0.7898838438972515,1.00924536059433,1.4822487226819279,0.9447505447442907,0.3164876049565449,2.2893888295799822,1.594131670341457,1.1604956878474055,0.21697263688289203,-1.5326862309991223,-0.07904029779021378,-1.1031378241031076,-1.2266489762415547,2.957820258152401
0.7073859704221498,-0.034073116400537104,0.4659107364226581,0.4866816996908284,-2.0658527828338675,0.6909572712938296,0.39943372539273514,-0.13028111926963637,1.3508237076637877,1.3584917569599608,1.5723779512866403,0.8265275988303963,1.0153480803085055,-0.3779696825619732,-0.01706529018464083,-0.08942695532676032,-0.16504304715190898,-0.3908226251838236,0.7702660557897006,-0.32605224342720435,1.50393091258137,0.7661582061524842
0.2008174928575988,0.7657144741399525,0.775022720704863,1.1150554109461246,0.7711812080364908,0.7274014896904346,0.6990456228507732,-0.8341330031842115,0.857620321019748,1.256942474233805,0.47379483950718737,1.2592234281434824,1.469189258570089,1.8254410612798422,0.5585640383414466,-0.5025117420543297,-0.5427781548471264,0.7975152879816302,-0.19048615959483356,-1.446973898124996,4.572413640791161,4.291932761105523
-0.9942272091971149,0.21814408462454163,0.12500391670942101,-0.30077211933542125,0.23645309442124718,-0.7092897870445657,-0.8419516779268588,-0.25129392310896964,1.2996588589224871,-0.3062306417311208,0.7382650474467313,2.3089636792417543,1.1276335106040078,1.2730541873374153,1.2187184092429935,0.1900477552095479,-1.0430250093050069,0.046037739622358916,-0.6792923786507524,-0.4993552256806794,-3.173882293964677,-0.23286677962114596
0.6136197867444357,-0.4256791872412098,0.3259122354508581,-0.7989969816124195,-0.6156248216315445,-1.1053123749447475,-0.5712729898089729,1.8075702223536285,0.9405829519429506,-0.08902768984858059,0.6819722140983265,0.32462315008405784,0.4551167826485491,0.6610812751007358,-0.10726886103123762,1.003084332284016,0.5532632576094971,0.3713160350792823,0.15904268689809856,0.6263108682445779,-0.13449310455406338,-2.051375594664849
0.4530913065403659,0.7198546553960264,-1.1827246682092136,-2.1116553259043065,-1.3955866399744574,-0.6142525855408474,0.7226894758633717,1.564725930157391,1.3018821907621174,1.2756094728655172,1.7080043250064858,1.2298984071681052,1.256354823454949,1.4102382412774905,-0.11219291328947775,-0.6860870490500636,-0.22264615664000523,-1.5037485563279192,-0.5948615612586822,-0.12783095784721296,-0.5727465988763174,-2.609494436164713
-1.27951449808332,0.5658821059229568,1.1684670237768757,-1.5404730514193026,-2.1276285187844994,-1.7657009842477334,-0.25331229055449844,-1.2579072022692077,-1.5300815016932385,0.24670299514576205,-1.0743977261263986,-0.7786971006755766,-0.7987634363198214,-0.7800396041250975,-1.0865252043034836,0.6311267144082641,-0.40509291511240825,-1.1735581937787891,0.19625501298347184,0.308246783971823,-0.03691969393159966,-1.188961491238399
-1.5471455939597296,-0.8283425543725947,0.8079420290460436,0.17989446049155136,-0.25334404609957856,-0.8724437826711394,-1.8606791162694303,-2.0982309763644693,-1.6213684424664365,-1.2251859165422296,0.42838602373383905,-1.8510384388043464,-0.6723134605642495,0.7276782714260474,0.3595060911813441,0.08401254445696621,-0.36712772563533713,-0.4232449618851657,-1.758198394521357,-2.5903824332826964,-3.9858041254682437,-2.235055273099093
-0.3527924810307574,0.1336062935334477,0.3448491220753388,0.33769006430976134,-0.8397301700865606,0.07800293294360319,2.2251744895735825,2.6126782652525056,1.844986636822792,1.2277444376797189,-0.45483683103117906,-0.24172040371884282,0.41308445412655476,-0.18925971327841004,0.5612138707498943,1.8380633438369642,-0.35954975287859864,-1.1742274619032758,0.2946461776073794,0.44457588035800427,2.4530639102039786,0.16713690381560972
1.393906476658982,0.9873361530478346,1.7634738732649835,1.7402823061209127,0.4168307671849667,-0.6543018243067923,0.9360924988922468,1.2338019357851349,1.70832745993902,0.5329117381900541,0.9104152849326425,-0.029933143565721746,0.1951785448844872,0.3483457003130748,0.7156093599600788,-0.009207383980987511,1.4905515394645212,1.056379390115317,-0.330575272910127,-0.9170394813242444,-4.631054447077927,-0.586639595478121
0.9566793035825406,-0.09434582294677459,-0.4339485642481031,-0.017233959087953343,-1.4869868510283666,-1.0529748051419645,-0.340841833824809,0.46988310732548394,1.434576953788992,-0.4915251449531032,0.9273299507381213,-0.11056693854396386,0.03226715334042757,0.5050442713709994,-0.6603412808431645,-1.9827503689895656,-1.459216615649902,-1.4596216573821637,0.8771629966308326,1.091148567204188,-1.0348706318583991,-1.728327688146149
0.9739630971037864,0.8397891962983737,0.8715742149180489,0.8329821400820789,1.6176914976695533,1.1827305324892607,-0.838245743460672,-1.4805455694807603,-0.8260667939116748,0.6857629721336139,-0.6049946105081562,-0.14836619930426784,0.17065467877574822,0.6176308329429676,0.32228374470433707,1.8320892243128752,0.8598954812525829,0.5056844935799576,-1.1163166690945954,-1.3486189850287946,-0.340322770132071,2.318215233791637
0.23239239506153478,-0.31475037396413863,-0.865784036357061,0.8521254302686754,0.024271246028943903,-1.0773597227668132,0.11157610626088467,-0.401995191154988,0.26564862605026823,0.1640851972401223,0.5917484451561604,0.9879468044066154,0.5960199591979348,0.3598101193501409,-0.5167305934403367,-1.6712319290944613,-0.14441977373389597,-0.4475759412095265,0.1701713555882253,-0.3059953857335863,-1.2526730899233123,1.5676785059154061
-1.8322210601765438,-0.2200321068049419,0.30588045324519936,-0.4737141797599316,-0.06760973212931295,-1.9422386868046717,-2.040820421821641,-0.5759870772502914,-0.19838644512865092,-0.004434753383659406,-0.7614326246853512,-0.9233116481505826,-1.2927861554290678,-0.3525841612215946,-0.4043861514915347,-0.4039473417780016,-0.009440672028400232,0.3878796218454591,-0.5731725594369743,-0.7440328955397368,0.38882058013212273,-2.247018611320752
-0.901615728797285,-1.6409085625481528,-0.779153490919644,0.6437536559410868,-0.5038402494878073,-0.8098804542485359,-1.6050111143995154,0.10595555003588646,1.529766083694586,0.4546940472732856,-0.24418806739990478,-0.48912017600114555,-0.007730448306222603,-0.5256700995454183,0.46804258017020123,-0.23674616162655557,0.6143525453821207,1.1378290852942123,-0.006512586989008278,0.5441227894972045,-2.025062376696727,-1.5504618027018904
0.38745099718848636,1.2926534317324048,0.6618254871780971,-0.11885864896461776,0.10893591330044566,0.23970559543813913,-0.9770382615794762,-0.6056581853476751,-0.24762033143163475,0.03582231188249435,1.4062601998476052,0.4620795328903256,-0.7002936150262933,-0.5575861839666681,0.1384368134160174,1.2274304904428466,0.83752433760366,0.7741887637669317,-0.18452664501571192,1.293854823557749,-3.2296919159645374,-0.8771012180915344
1.1207742014161846,0.6586019547183993,0.4689388145265853,-0.7034568446560695,1.147143256390124,0.12424760615182079,-0.12612648985347666,-0.028007605852099285,0.2050744524771321,-0.5789299186769638,-0.6960471621418568,0.1521033495852178,-0.9086476911408266,0.8060085767186854,0.12464143679845922,-0.616309494162805,0.2851696334597791,1.353004256103411,0.26207869882834783,0.18396718453092353,-3.518831595321548,-0.9666300215149348
-1.4757712104875749,-1.316387241063803,-0.032275335981704845,1.1302970282363087,0.15125811200489095,-0.5109204935108114,-1.3367510902097126,1.2134115822109888,1.7592718515176895,-0.1826162264407221,-0.20980755101952842,-0.07390113008957884,-1.2819910203397202,0.20152611388783923,0.7854891397455834,-0.5437435034675304,-1.0766733342191492,0.85314355652779,1.0400985779469998,1.5864615522356877,1.8305838235087317,0.55903082353522
0.09674246971543078,-1.1349905113512733,-0.9440233380583922,-0.2374458659042248,-1.4507524238063734,-1.1754298814422006,-0.8035756938979606,-0.03408984152813303,-0.579811768871688,-0.1686824006414908,-0.5575974286740745,-0.019372215470566057,2.032557591106058,2.1743578950135003,1.0740062002862143,0.0815113758196191,0.1532567342252903,1.0617614192935076,0.9246214160531367,1.9962102945812679,-1.844192147995778,-1.629652398594919
0.19154786732903561,0.9620747381105752,1.9111626185134898,1.2351185118763004,0.8487554972046185,-0.055001546575029106,1.555081144558939,-0.11555831683614703,-0.9890112659320353,-1.3023510673481247,0.10346834347297647,0.14306133460103554,-0.5707347347604318,0.5667847485947216,2.585097433416565,1.8806700264890286,0.4111877150941593,1.1774444582762897,2.115990819528746,0.7197957088012399,4.018499492045798,1.9078667168078596
1.0030685500895598,0.4874274592286437,-2.0736017835341634,-0.5195596455885866,-1.3038544784570654,-0.08321975088266985,-0.5788496408691971,0.3832715902331169,-0.5587766344628965,-0.7568690834147934,-0.77137375050554,-0.8669233928640513,0.5609563902518079,-0.31691741630604564,-1.750702943087448,-2.077927432054907,-0.9199579389769766,-0.7144977447676214,0.4995094506340459,-0.8531493155744909,-2.645433755474655,-2.4727119489940987
-0.9452779539912044,-0.199650676473036,-1.6894024217775876,-1.582811658146288,-0.14031030996908472,0.467960551836906,0.7266740038003172,-1.446228813938107,-0.6605246715977486,-1.5758462999656746,-0.8708984761544604,-1.4492541059729298,-0.006142902490253177,-0.5480024418664026,-2.1289278155767115,-1.2104051174764368,0.04240462459413194,0.665855588544207,1.6174728875406292,0.5665895530291533,-5.0399781693540815,-2.9907067232616833
0.545326616340573,-1.7476005608306355,-1.5803743337912195,0.19113389064997385,0.55269782069005,-1.0173948058277575,-1.7970195484392861,0.5197606055591554,1.1625556040022313,-0.27818266281399856,-0.4473006146917514,-1.0577650444915339,-1.1322229715695966,0.09792625972810813,-0.7022583092539196,-0.037885473912163785,1.1265889142096324,-0.8818542871353379,-1.1078794126039009,-1.2090276749257356,-2.8654235066607057,-3.4295098107839297
0.5370407722874236,-0.6393089533535781,-1.2237396097234354,-0.6910791160732748,-1.1705689330687241,0.6770054392662564,0.14007721816297608,0.8219052270532208,0.22729482224071884,1.0724095632575845,0.5983658576484425,2.0937242909590967,0.4474826549812092,-0.06497612927937851,-0.8679380571594847,0.2815734598046705,0.9599157133795323,0.49944651216502334,0.24304270226150834,0.12074735376775117,2.939039887452865,1.6729764971388734
-1.0560532616351108,-0.8451616989748396,-0.6871704031052365,-0.15598382681547554,0.033310692615076375,-0.8788334339677649,0.3971435730649388,-0.6338873028480809,-0.8073859096802878,-0.35548975677533656,1.0052763119379176,-0.8667795186526469,0.55353897766938,1.1728317032302837,1.009438651494224,-0.46404362927276854,-0.7577295915996759,0.11052339016338662,0.21780205896704471,0.6796130007120625,0.5066390974336308,2.172425528933914
0.7222787290890132,0.10771525190252132,0.9788633550743037,0.7380981987077349,0.22146872390052594,0.7195599376812262,2.138046934526607,1.4913881307865773,1.3475185645647583,0.6533668125926728,0.705594958049234,0.7358410971877144,-0.2593626646800779,-0.9828904583439957,-1.405684916852266,-1.2946287902318065,-1.202182762239395,-0.543581126504684,-0.3993617241273233,-0.8526659705374332,0.06864472031914814,0.5258715364567406
0.035272705770172615,1.617709017714309,1.0514834250043303,-0.09559690087687983,-0.5954774423707533,-0.25068949262832513,-0.039321911430029756,0.07743104217704799,-0.30367565374097394,0.07333916987813635,-1.041878985175228,-0.17229805507782742,-0.5720064606441566,0.11012883416560551,0.6575433367011351,0.5547839127619124,0.5066447063692885,-0.3654735822410611,-0.5228773311084582,-1.185455490797312,-1.0642985002869536,0.22002760410139593
-1.2175946117918772,-1.777220471418168,-0.5529731133270888,-1.1296895561526155,-1.4586160596219524,-1.5092553025331834,0.5902973170052751,-0.10605160154883153,-0.01979256234969202,-0.5435909856119043,-0.033639660984307415,1.7134066411840947,0.6747593769722431,-0.012280089946588994,0.3713304802787024,1.0042614584029292,0.9929570330485539,-0.40355243040485256,-0.8142059585622968,-1.1443324768386016,-0.04259572053673377,-2.181356947444504
0.36933450943422624,1.056286148348592,2.6353937918306234,1.4083103119818843,0.6729100631508036,-0.5783133528792244,0.35463175501925404,0.4643097764417364,-1.626418129350791,-0.33922892123970516,0.3090897316711185,-0.17684914110301359,-0.40506097323195844,-0.5735989310286036,-0.8610991628699574,-1.3327407355437408,-0.5026331563611797,-1.944442051627156,-0.4604519969026457,-0.6026736332594002,1.8277678712861087,3.8468573833702924
2.4995504983091568,0.0056190683974038005,-1.295451879369703,-0.0400157567405804,-0.5121892537104957,-2.582581305675397,0.03113137122616112,0.48345364291366993,1.2152203334602285,-0.5910758916904134,1.0549834287781388,2.548954526381691,0.3736587590048962,0.6052466804167607,-0.9671297031602902,0.36179234935157506,-0.7652907730299899,-2.1877286878776543,-0.9641719792309387,-1.0145681888195945,1.4899861078845085,5.274786793937816
0.8737943091581729,0.907017944905216,1.7535663978541423,1.5826554785910794,2.422226601928866,2.2763999122263168,1.4328575450623722,1.6074075310300384,-0.2592403377874094,0.5888871858409744,0.8801489291595674,-0.07627521834303572,-0.5374409434644286,0.10563586501693595,-0.3967569644978682,0.8080903100383869,0.5439070367010759,-0.4826734875535413,-1.1500637346139793,1.0135361158590557,-1.263884042116443,0.8656270472929475
-0.6598155872428936,-1.5781068182887448,-1.3403313532906067,-1.2758973814644967,0.12057124055347013,0.051470785805948945,0.37612587125324753,-0.35865622875086867,0.043651523708647263,-0.7849905294206599,0.3268670265434561,1.6989199615890656,2.7238535431227007,1.6198851908759975,0.7877930308391761,2.01213997903104,0.8524834152307447,-0.6944308342513379,-1.304303758458778,-1.195571728497936,3.506439920173987,-0.8258725345726488
1.9724120202150044,1.4385777858712392,1.2246678772412762,1.2029479075632392,1.0093583542696773,1.170952608142492,0.46080009315754883,0.7911453775464421,0.41602919037864855,0.0714320687872239,-0.09342533337308696,-1.0059463799996415,0.40947121771707196,-0.8768313714507154,-1.7894062915657083,0.2500051421146346,0.18325703198167675,0.12434565089855235,-0.45944786549978023,0.03259431062040239,-3.16469897706091,-4.814436780866197
0.5381834330352968,0.8461925858314021,0.9392875202690821,1.4629270133487733,1.1324144821694835,-0.11659836494422819,-0.1798120043775557,-2.1180660087502137,-1.9603924566970399,-2.1360459390214124,-1.0750753822476593,-0.8791623511298592,-0.7459980978808847,-0.3209424182545714,0.13367974164601581,1.3684844103955387,0.4766330427882071,0.8011326664824241,0.11234528962798564,0.9661842501685537,-1.180175454911371,-0.1456783416663286
-0.938877298790814,-0.5609056051809048,-1.40950946396773,-0.71404546020349,1.2183372302713624,0.4712965923682628,1.307419752096032,-0.3125255525641278,0.5440312714810828,0.2384752357744644,-0.8071528808157411,-1.0619440159622238,0.34810951762303355,0.6283082264289344,-0.39759149479848116,-1.1812335566332741,0.3599556436465546,0.7699770069683212,-0.12414397358093986,-1.6399175807518387,-10.419451214475274,-3.796104530380398
0.26853023812979815,0.6454400918893055,0.6714588326264772,0.8485279090030214,-0.3187326805832625,0.29310401113063106,-1.0154890822740401,-0.8216813065488229,-1.1908649739358095,-1.606067126503315,-1.0625615610784152,-0.7449248362579406,0.8758103315381989,-1.4809544973805833,-1.5696847198893444,-1.039431917773946,-0.25824330596878337,-0.16182789236896064,-0.6466961835399637,0.5451173443362561,-1.5561920926996062,0.18639911971295473
0.6123361730217546,-0.4145527946766314,-0.8766370144862671,-0.05040022748722291,-0.2648373727192253,-2.091659699669437,-0.9311780746135224,-0.12598023500339342,0.10972085623397702,-1.4389923300643999,-0.009548657794860544,0.768064009584233,-1.2165181261242126,-1.1448749830249243,0.5938205465917962,0.7187243993652684,1.1436264879502316,-0.1971925857964798,-0.8227854759047379,-0.48673246007831455,0.24896388829547533,1.1302513925966233
-0.32753183391759905,0.6408516328233604,0.7489083083548916,0.4604597508478395,1.1545747592321007,1.6178034267739534,0.5884011667301967,1.053615125731475,2.0121808666856538,-0.8162662745515005,-1.4438276552764873,-1.8813952267920493,-1.550746303901893,-0.43660445900420436,-1.7658389626036053,-0.22150889094821194,-1.5861415521719306,-0.8308321970263788,-0.2562871988163528,-0.05653038046374801,0.9567514385369051,-2.527066569858979
-0.621311742737832,-0.6335399526682526,0.6071270612819143,0.10915592428459789,-1.4177861665704277,-0.11407524643952456,0.9195608887817986,0.75922370096144,-0.05639769002728514,-0.2783775227270295,-0.24115938814455765,-2.2886542515600814,-0.8281631943416335,0.11521957465638391,-0.37010854005796473,0.9993808508070263,-0.7371325405550508,0.7357781976764303,-0.47760247255951527,0.299648547624888,0.9726342152897043,-1.359422828509053
-0.6699768636973269,0.5184934840820966,0.16242703696964442,0.6073229682746388,1.700434471463675,-2.8364464770012674,-1.0106617916540752,-2.0836501166078136,-1.1579595949980857,-1.6987472738355056,0.6385302151270608,0.19559470408133747,-1.195686670722283,0.7759599572403476,0.27644572813035534,0.6879316914809244,0.5859622861755688,-0.19077709261235565,-0.6738644300648021,-0.8490331441438174,3.2991495077393056,2.144412674128273
-1.439252586794911,-1.491267586163556,-1.1577613498277783,0.6760244816267105,0.22154322340769955,-0.10470374042889302,0.4286339768620984,-0.10958153264006569,0.36130366642768225,2.532380779284256,2.035507825614486,1.6654984401994772,0.7320967872875863,-0.06340305556109918,0.8922580024700968,0.021632644466620703,-0.4659655295091834,-0.7883414580790196,-0.9182996018968596,-1.8571167453681119,4.013007500646298,1.8597618405804115
1.283876279008289,1.4909358872249072,0.8317876182281837,0.9619925897300103,0.723256139937497,1.006540660408578,-0.5504005090113757,-0.6959683767693102,0.5210213629927627,-0.10067503616154488,-1.2033664169148608,0.5890391891290359,-0.7948117683541205,0.5233578367239726,0.28215013576841214,0.3036154077080886,-0.7518167866973318,-0.4690462954773564,0.6411352910505252,0.3478599447384956,0.5454885489872725,0.20432976677638873
-0.24507675747602767,-0.3314141353216639,0.2698610256475369,-0.7087196947616743,-0.11163776668710229,0.6956667951121472,0.9381579521844893,-0.5023712172514979,-1.222984792778721,-0.8503760111602613,-1.3800690138699219,-0.34722006380519677,-0.016949709411518746,-0.45795733058345967,-0.5375452317609595,-1.1842441850970435,0.4380069394608184,-0.9763821461998002,-1.674149850388329,0.09097657202885666,-4.48141608238779,0.2610604651066323
-0.025004162461755196,-0.9695887323718813,-2.058448264734146,-1.2831600771195273,-0.8033433995729048,-0.32878419703481904,-0.7380554189961999,-0.07415220026873699,0.38446725372027984,-0.6881284685028073,-1.0533752262083456,-0.6452245177437905,-1.2234195199388815,-2.351894351055759,0.44468779078979376,0.760531687917731,0.9017551127066086,0.66304969332565,-0.5033447723027035,0.921296011795666,-0.9265004690524636,-2.6006000596658074
-0.2977963837482813,1.600916689520865,1.082937889055413,0.8063578717197849,-0.4953986184909136,-1.0684390447436987,-2.2530442053742883,0.15117688595618814,-0.8643503105840291,-0.19857715725880884,-0.4902170212802619,-0.38361667111840436,-0.6491944900745897,-0.19488249154145915,0.018557914629973752,0.7187865630634369,1.6903150945434178,0.4816476328426497,0.8121784176012292,-0.08668275207589596,2.9333741781997484,0.9338560629442901
0.5799398623141654,1.1099686891150795,-0.25973342903572644,-0.45170673272038986,-0.15613952044544974,1.3047916402689383,0.6472960936833508,1.2257320014358917,0.9497610043435227,0.009591260981177656,-0.7001784112931774,-1.1612539884362292,-0.7880001727460835,0.2964951037531553,-0.7876426681276251,1.1010947917121512,1.6370115464371917,1.0144654047878687,1.1813848736747738,-0.4415249642301455,-2.461461260830717,-3.890308585521131
-0.7226897590535293,-1.3505689933029315,-1.8473470761737303,-0.1525509341180444,0.26557952180521155,-1.4797682001514205,0.20573370749067135,-0.8518978047859297,0.4581761223151621,1.4380991177310787,1.7013758818736708,0.751739239620865,-0.11657771583356207,0.41116007471927307,0.4866918665579506,-0.34664142263193437,-0.2582987525856174,0.41398680049951825,0.7057803688945854,-0.815319374319727,-0.040496092357741376,0.2929349194714358
1.0535571799496692,0.9586186028859236,2.151118525754184,1.0326163486528837,-0.6610856364751255,0.7722690021923395,0.3091000978791813,0.5163401059018844,-0.38057027333541393,0.017516405733793674,0.26608943131438395,1.6372614268988264,0.878030598399756,1.6913540597702432,0.8134704409758989,0.5396720295199451,0.3317077482607776,0.20216354985466703,-0.1027894943365307,0.4811597299377888,3.1493582197788985,2.7617922809686357
-0.034652676251444324,0.7961256406124262,1.8624110994592362,0.3079192499396183,1.2539298439370836,1.083059941089443,-0.5305452916881157,0.24397461221753192,0.44805267925008585,0.6311755270917947,0.8138297950567562,-0.37819177102795454,0.4044731018787547,0.755359105290465,1.330570734831388,0.02400429800832517,0.7272188791188551,-0.0687797111873154,-0.1408679528107408,0.11546017115915344,2.6354527704123094,0.7442792122990783
-1.1184672178194397,-2.12201351269829,-0.043864589883583396,-0.9483382046011785,-0.21961162910407006,0.39574223965466077,0.3473326368892374,-0.5945120150316288,0.48058609281885006,0.529892924554775,1.4196902441455543,-0.6234867258154987,-0.4807560988891355,1.008959214348996,0.2768560855740475,-0.11697147037278204,0.09957182572305018,0.4925682916755342,0.08756420537624617,1.4903740298637906,-0.41845914183214006,-0.33316082256490803
-0.19283299698279657,1.1656493145134192,-0.10662882932170158,-0.5387206680923993,-1.4414691224670602,-0.6211204093283925,-0.06494386416652183,-0.3886663562757315,-0.2820382462168873,-1.07667500722411,-0.11709876177469561,-2.143694209494787,-0.4803019939194183,-0.9920329197446278,-1.0769381901712765,0.8426475761048805,2.1774662607812,1.64118799308366,0.4950867489702738,1.0789878738827838,-2.7823226326567903,-4.077113024676585
-2.1274719651706313,-1.5407658643148032,1.279995798712652,0.42749853622814593,0.16793184406177822,-0.09576944876139919,-0.3928791477057991,0.599875403838474,0.5058027375809017,0.8403179993742882,-0.7057812919505145,-0.014478367167557368,-0.12020122218464398,-0.19262358052477585,-0.08613199142628211,-0.2555941009534339,-0.4708039173778672,1.3368592338276963,2.361542191533003,0.050207599028413104,-2.028513928242571,-0.18583030401570186
0.4332827989141659,1.7992078342348738,0.14313627971677415,-0.7191191189824848,-0.5271462046268494,0.8626464657871357,0.10259654300386989,-0.1672601072459577,-2.2031806450398554,-2.3089073853930633,-1.6272300164526419,-1.2157883535306326,0.19873853463021643,-0.4848519310038309,-0.7731198351558025,-0.8519608140866218,-0.5421242040902821,-1.2884530203799978,-2.3849223558943673,-1.7565483515285516,1.2976644628366838,-1.8964180262437669
-0.7132587428299076,0.23543731919491995,1.6840842306584374,0.5747151064772978,-0.5575708273643256,0.017328102287101497,-1.5339358388911957,0.3129432204481178,-1.2537039214530643,-1.767702218726625,-2.052926939001613,0.5254247067162329,-0.1018077757879658,-1.3039837308514342,0.15530163310423004,-1.790231016418367,-1.4199920870433778,-2.6660870843676827,-0.7939055465586186,-0.1284841324074787,0.5557965982547328,3.6758645295418453
0.8335870213343106,0.253574420478449,-1.2227813473755813,1.4529844170104251,0.5463782673362233,0.7114362239611327,1.6811465592943968,0.54889055380753,0.7572215237488618,0.12491775595924272,0.6585170385948695,-0.7786492002432837,2.0674282760254523,2.839260562895946,1.015651613709616,1.7528958632860885,0.11069537047604151,-0.5840920886100972,-0.06961897528640126,-0.7036396411669715,-0.6883639662977581,0.45747380539498333
-0.5603576256899071,-0.3030417368660188,-0.7906293548991693,-0.734945724559613,-0.024773133119280914,-0.3014939893412262,-1.1634013244507397,0.6153742231219789,-0.17464941390562902,0.1776857972306028,1.0306887318986262,-1.2910563501053203,-0.9801840187745848,-0.5860633069700076,-0.9138076404903153,0.5269127944780074,-0.055727558947317256,0.6116578196331602,-0.31480177753406186,-0.09925331402922692,-6.643457323608283,-2.3578400703643654
-0.2657679712110381,-0.5975146020495935,-0.47594809239688607,-0.010004784357987288,0.3712523143444678,-1.5165677714924126,1.5883508455676023,-0.5183988291990574,0.028558253389810728,0.027391115264509127,-0.6290875057823578,-0.4401288407033403,-0.10576089730061808,0.6915232905524998,-0.2503359114690076,-1.3794480593804654,0.12428385443361403,0.5757772429197019,-1.214442741585276,-0.15423884685261322,-0.10246804330860448,-1.074867035242833
-0.3710419689560002,-0.2580881420445681,0.4330888044102722,-1.256748105369669,-1.3798249209753384,-0.6696873274055376,-0.09725781977962454,0.6292255660246182,0.44233737809485074,1.7121785651914603,2.120832606806802,1.403193132898319,1.2832848780456791,1.022736438198947,-0.5402344557487156,-1.8478191869722913,-0.5840173858438258,0.4115903346691756,-0.7371718055486335,0.06343836972598661,0.8917814574637115,-1.0667086537672263
0.29642008492376687,0.6813527607115352,0.2024583050938916,-0.6711529676322493,0.380507092283488,-0.7990734704970444,-0.6127162572773472,-0.10276854527260203,-0.4140585726857781,-0.7673999157187892,-0.8849151192161013,0.4746294520806638,1.9584964023164388,1.2228299723390417,1.1470218531914185,-0.050431307468087036,-1.2062799922338063,0.05360326798982493,0.6441807011615084,0.7275115440191664,0.515358087122139,0.158441346808415
1.6353420979848396,1.2415125684327633,-0.3156583357512634,-0.8135731392794584,-0.22191357557275798,-1.2060120413863584,0.39038859615849464,2.502618365427081,1.300313795385967,-1.2572255030386954,-1.5810096968067402,-0.01680408878995538,0.6777494826606182,0.6743292491709734,1.4254073810849632,0.9682068044178274,-0.3458332569469427,0.06460284831232536,0.3816517361155158,-0.31350039940275765,2.9683637628509523,-1.1607019114350956
-0.12690486491530095,1.2102543026007444,-0.03417043525718979,-0.001892764580072212,0.8329903220485219,0.16326563943977712,1.2453990580218435,0.20628736667730654,0.8173379847955813,-0.18423728487842805,1.0999159020025977,0.9216991279375514,0.11494591830686623,0.04639484591996627,0.9442725513388459,1.8482587053671027,0.4630692525793434,-0.48553632563993687,0.4187815346736135,-0.4564076530819824,1.2423771688863767,1.0602803439899093
0.9377088501882238,0.6090606193208624,0.07812653194821956,-0.7716311405373866,-1.522171656034336,-0.037344209361759355,1.0824560525096196,0.6456299257989843,0.5916071424285392,-1.0178370298006059,-1.4019189863984995,-0.17024045642126717,-0.2199691595195855,-0.1922319994126435,-1.9038628071074337,-1.9235132438216045,-2.0476486084099554,-1.7108890194947277,-1.8459376374981988,-0.5004902499147463,-2.4725195608210435,-2.8973731157532825
-1.4902765611742168,0.2854119656676495,2.0703132338336423,1.3026845982220225,0.5164088432015332,-0.8800986614321229,-0.43971408398835593,-1.0524279519589061,-1.500415104892411,-0.7291521281215949,0.21293616360075146,0.3974191911279151,1.4069556350857777,0.4739306769827254,0.04635733464195137,0.40369806034312894,0.8627581095211511,0.6113760053322671,1.429097052369567,2.6604229667034445,5.411491499253712,3.9787830650432183
0.2203086911222472,-0.15385655746853175,-0.6805468150899758,0.1468355885006913,0.1604413367798294,0.3179974973006555,0.1458260514319542,-0.7821720238522771,-1.157569193065069,0.029050078450916016,-1.2954699078087542,-0.9059142662551471,-1.0396444279721955,-1.3356721699279022,-1.6252108140219856,-0.5002226551759241,-1.557238296939296,-0.5933763204000596,0.5597865317454145,0.7452856714358254,0.8071493908792653,0.10667469643696265
-0.14281194975891492,-0.6958740609949687,-1.0262952468756819,1.026114998508723,-0.7129472962383007,-0.35872664063810816,-0.8727202977755333,0.229585525638603,0.5556938647817419,-0.300000896419548,0.966630510794284,-0.900607273547264,-0.11733837859657052,0.37501970935581663,0.35948360831882903,-1.0011375423100144,-1.738042401033422,-1.1188393438858169,0.16432591918500775,-0.22950610482861947,2.1966050023163155,1.4772107241699233
-2.081128605062336,-0.45026982665382914,-0.8584784840675946,0.7717275969282379,9.254145937352294e-05,0.17276657909091564,0.015363937463745071,1.1507988159343483,1.0338513029632759,0.8953620522637392,2.787524070488465,0.692888896773981,0.999986047684694,1.4155080227059018,-0.015586196333161832,-1.0791338217769253,-1.6815593110275389,-0.8150270880202212,-0.7107826925862452,-1.5053409394239388,-2.899406581363696,0.24102656390795685
-0.3376411402096578,-1.3409871173242829,-1.297699670835626,-1.3677534915336802,-0.42965045421638115,-0.13187591665972037,-1.0009480844037695,-0.4041390680887342,-0.736546642763875,-0.6263932191901352,0.8068861314225425,-0.8054695769253901,-0.018434368561171283,-0.7693177024787808,-1.1258456546356022,-1.0501950479049338,-1.1813064434775147,0.30314417416129136,-1.0401792494778515,-0.8645407856544505,0.7299256516041628,-2.740368617829305
0.02070178713183752,-0.7993036334796474,0.07841888819710029,0.9974804344507598,0.782487893641633,0.4071078540276799,0.7075605193094108,-0.12288111367475232,-0.28392021814506213,-0.2947911129674617,-1.098895751291964,1.2322611198452458,0.5731597228309517,0.7391927821164253,-0.18582522391968273,1.9791128113385459,1.2840867141093932,-0.337961557101707,-1.0627647255813897,-0.9558535807765246,3.4670997913517323,3.3344353184785356
-1.4630242803807214,0.26938413535331923,-0.7732927681430004,-1.624169950182893,0.3551585549815859,0.5977881014809999,0.4152316168902711,-0.4195752392496169,-1.856458185821484,-1.2524571683942243,-0.4232017668321209,-1.243450684479635,-1.3225280133136554,-0.7567134842974154,-0.6463203534277866,-0.5697375934702755,-1.9190040271512638,-0.47947252377918664,1.068711434084502,0.45330041097699575,1.4056640909964866,0.14267069813150257
0.16084323390850783,-0.013978631503085946,0.7887442171227522,0.0783216314872874,-0.843092784235335,-0.4309596050803619,-1.4461523821086222,-2.9951042962910117,-1.2679338349937321,-0.28385169555998135,-2.3835217420091546,-0.9135857876531156,0.5603001692433074,0.77002748321017,1.3754958544943379,0.6897691747550897,0.9836703668329341,-0.5963211534887052,-0.5889964277497824,-0.3598118953138022,0.5677258405576295,0.8987442465843052
0.10785206723988536,0.511801155245692,-1.1608247336545423,0.662369588187611,-0.2861497945510185,0.12165731013846892,-0.08266382491914216,-0.23837751411596736,0.16075889571688814,1.45237135422572,0.5699994874309818,0.7561571921766425,0.041870065991488216,-1.651650218493395,-1.4019699194070245,-0.06691387732017873,0.0001453916749918031,0.8631139846405845,-0.755589278361785,0.6168077368588297,-5.204212545184329,-0.8316813310455557
-0.09515978105102255,0.21444996541137207,1.1707577579837785,0.5640884886441305,0.4011536460618015,0.7627815178134754,0.1118099026883281,0.6263866673124748,-0.14895910826133005,0.4020316438166254,-0.8554422048380536,-0.6751285658463377,1.6189093812138275,0.08411042318701806,-1.1821153852307442,-0.053953317850215114,-1.1159554881515579,-0.820667163621263,-1.1640837658184946,-0.7590658225104524,1.7866491969230476,-0.14925285629815765
0.2606170553992791,-0.4103485581814837,-0.8033259671249018,0.2829844536767355,-0.1008699842462268,-1.1622790541732693,-1.9101397261955533,-0.7636846817055312,-1.1850198237108518,-0.3503489159668796,-0.36287501234123,0.692385537158848,1.9965631175848777,-0.19684528705098137,0.6445871724876516,-0.49758422783306977,-1.10313192105373,-1.9122666105575066,-0.25759673703386377,-0.05747065991241708,5.137033209879181,2.795624940250989
0.33265975209213655,-0.435766564307931,0.5398164197236606,-0.14704390925081628,-0.11397056186409894,0.8994603494624422,0.2317085915776783,0.37704653915379244,0.3653092456488875,-0.4481602282192195,0.3025060934287104,-0.16407177700129072,0.6690669230640511,1.63873610531874,1.8127249364477398,-0.15795076486603699,0.14801858909912277,0.10337447736754615,-1.2901090564699065,0.043832017654915525,1.8884318225482195,0.4588413801242138
-0.4137016679507769,0.2603347053912499,-0.05976314085803329,-1.6118141069832916,-1.1011967882495033,-0.38685460936151767,-1.197661589965226,-1.320498246304078,-1.355511377650789,-0.7875694421614154,-1.2715417069829424,-0.779020195321526,-0.4521813197976928,-0.16527796765613564,0.24506612089365154,-0.5585413754338148,-0.38518498405740437,0.2993571900749788,-1.9694371508784745,-0.7154136613026482,-1.7241058087495214,-1.9995153153897665
-1.075930705004546,-0.6970087422612892,-0.8914503215726198,-0.2258613606952334,-0.31253803336673197,-1.8374013681636614,-0.500245162459555,-0.8687832408780245,-2.102999482756803,-1.9903595657580373,-1.2449400114973965,-0.6368374923161008,1.367937013581695,0.3474929285943854,-0.27515482208252945,-0.5020000397068475,-1.8838693032882852,-0.7704613460476972,-0.4925630606713172,-0.8465976039491848,-1.24009994364581,0.6129968887579218
0.5505374080446382,1.860015166540865,0.6056689925932734,-0.6835862306577302,0.5700500991151543,0.8383407194457416,-0.08729489689155621,1.0141571770429925,0.21685999488915156,-0.24948077097680305,0.13467510920476863,0.6450859397410177,2.0871342459930213,-0.5035745692800467,0.10442169102251808,-0.769243378423996,-1.0986732983372112,-2.788169550766826,-0.8986425911056124,-0.8496383099553643,2.1177913667343553,-0.7283330400892665
-0.18600368910784432,-1.6392455295091357,-0.40593673602455926,0.24996923289744993,0.11445400005430746,-0.039227698711246366,0.5074073388569584,-0.1610107035298794,-0.7230768213097881,0.9696586809187765,1.627086732740747,0.8220048400098262,-0.6620842421642599,-0.4343229255937872,-0.5258091487392805,-0.030204171617008592,-1.2802111678016062,1.0294062367648136,-0.1100242043539482,-0.2353188261782167,0.8569984156812499,1.7348567266841686
1.3262719362570303,1.0346684926407541,0.7471482680275605,-0.41931257201693567,0.6348780852343787,1.1630376222650636,1.4000279159197238,1.479014684376533,0.8436048616472709,0.2897915786786303,-1.0668433794674292,-0.9411402050616776,1.2312135913806894,1.2217953297620874,0.019859945873697948,-0.7181045225789129,-0.3425361866796494,0.1375177915867443,1.4609416631488554,-0.3035053111228555,-1.964543716264026,-3.0103542683368336
0.2582269300660818,2.4804725131723213,0.3055229698679883,1.0741951427511203,1.517382377968742,0.683505570672438,-1.4384871085040967,-0.20905841026810967,0.5084476191086827,-1.5110386828092088,0.3760630757845453,-1.5383452366780794,-2.0110127851667556,-0.8167541524379731,-0.10986067930265883,0.41688423878015257,0.029820350057307307,0.419744802060894,-0.283778151154682,-0.4796013860787692,-2.0919997777677053,-1.8482110517640125
-0.3870888996293682,-0.01906048244201688,-1.7819346323087353,-0.7341434958518683,-0.4395250640828771,-0.017738557082896858,-0.5827475640710719,-0.8578546098050025,0.3258600308083165,0.2207968979928125,1.4634226864921072,1.1974479234923148,1.7043704090425809,0.9494990029765896,-0.07067458154531028,-0.017021844396174293,0.29190897136589095,0.41317119503315586,1.3674109444393383,0.7955137532031107,-0.6777361192092831,-0.8616499826955304
0.1438243912833196,0.04557027504979027,-0.28652303696040315,-0.06375684002886171,-0.54553692345156,-0.5054966631388028,-0.702930330132444,-1.2782060372450879,1.0518745252682524,1.2567052343466363,1.3332720058741,-0.1517242184706425,0.5334637537695418,-0.17802325895046445,1.4086495131179275,-0.37404229317469856,0.2640914722603954,0.22773583003532447,0.2309896266432551,0.15393743942089524,-3.804915848468907,-0.5914335633435928
2.5958076374273413,1.7273445588074043,0.9212963308608944,-0.07037690562802881,-0.5042097506447873,-0.7185679642706626,-0.46598246048571,-0.9670126155070912,-1.4570395418786624,0.023258653115819317,0.9720116511755394,1.4560740778326522,0.38819458543947283,0.1825983696080639,-0.5711599425621414,0.4970967006005225,0.9242357950781264,-0.5021050822871438,-0.11880881025070258,-0.4999047508727651,5.710269203671699,6.000321884363513
1.1872030424930675,0.14175117233774145,-0.12674443812208502,1.2072907013517966,2.5366707435092173,1.7312401368755381,1.2122933302176528,-0.29439928652578967,-0.7138522734855067,-1.5959472799295333,-0.9648692541595716,-0.9173305371685305,0.10754952437974892,-0.27676664762103415,-0.13922142234194704,-0.2963422650251707,-0.1076905353124677,0.03696170004485958,0.32030099262221556,0.5349240863568371,-2.9606631787279554,-1.20266769342811
-0.14924005737381066,-0.3876035029476306,-0.08793600343646969,1.925863911386298,-0.1387979042436512,0.1163928424718789,-0.1860884240135473,-0.1297507033733225,-0.41898977586735625,-0.26860038948532317,-0.8403732801753874,-0.42972945222439113,-1.3471796862922598,-2.086503771905964,-2.648151982590257,-0.8908636182728522,0.299653200498927,1.0468446753677259,0.27819590143507156,0.01670810653965911,-2.8693774885010956,-0.7331622179461783
-0.9049683272822737,-1.676240234261637,-0.6302558403329227,-1.0033607909290558,-1.7428468291004091,-0.8107060517195712,-1.9939389241919332,-0.5960934979105422,-0.48328602105936774,-1.1214504666528637,0.16976645471116722,0.3624018215084685,1.0788888753972294,-1.0493138361793366,0.20933609296657357,-0.9516417031515866,-1.4902161758795962,-1.59711119879575,-0.9486980563109692,-0.959836992139373,-5.250493968060422,-2.321344471903235
0.8146639980669018,0.5250905903344513,-0.6379299725817664,-0.5603848795475275,-0.5609936538970421,-0.4555823537186542,-0.6008268048034414,0.0557214321283208,-1.3621751183335575,-1.2184817135374741,-1.6500628168965086,-0.05643440139872797,-0.05049679221584571,0.5702675659929175,0.5545022420923876,2.486189259262891,1.2196507130312868,-0.43002888973643244,0.5926437669279707,-2.0865536726077143,2.081392373282402,1.579957399158504
1.244998363814186,0.6731263473204435,-0.49695488567779117,1.210529367903524,1.5094840606433013,-0.7375536171061648,-1.142704038055842,-1.6069847327183808,-1.4731942404823575,-0.9043486600823202,-0.4968695817421758,1.338800890907166,2.3609981393947566,0.6492819631337219,0.519415142210401,-0.29077179239446177,-0.7078747494759483,-0.31635366965584266,-0.3687280773946154,-0.33244109776549197,1.9851551321352279,4.714293109999222
0.6256869467848871,1.1269761573365962,-0.16687356856094432,-0.4015982975857933,-0.405952875377653,0.24152700599413954,0.5617259333273004,0.07187787150785174,-0.015355719623813808,-0.4602175321292597,-0.46652569646125025,-0.6734120430393377,-1.3706757653102144,-0.19853980649837288,1.4155983796848723,1.230727884800839,1.5855414967821497,-0.9098544326155633,-0.023084735530674024,0.018842777317274753,-3.033935460288189,-0.08688344651939708
-1.371767753041721,-0.018017808192196328,-0.32991292275264456,1.495895804420329,0.6156098769046333,0.5277821705104628,0.010018294001815165,1.0385494579532648,0.657543833795859,1.895363388534312,1.0664711477370368,0.7548894451049246,0.06379964377198931,-0.605835913012925,0.19642225380148237,0.22894229933537769,0.3302233879220479,0.24387191694513866,0.08214611444852345,0.8384153633611916,5.281097210409285,2.700850423011158
0.9172794900600497,0.452358979838311,0.6269688710944114,-0.25013286671863005,0.9061911783769985,-0.12753563629016296,-0.036556427969088166,0.04923714235112289,-0.3444009999728563,-0.532084027793934,0.49374630747017834,0.7677531148230061,0.619441925619068,1.5901998132878814,1.5358013688290042,0.01991137984343727,-0.3191420630152886,-0.799972624054265,0.4277010329070691,0.06525518567345864,1.0889629781495007,2.1886615333844666
1.5487804830694163,0.6366159955852173,-1.5744404566248913,-0.9458730547846336,-0.5255739420846594,0.9663449180447853,1.72939418019036,2.2213595072078,2.3076478252512667,2.023332386003509,0.5940633245387595,1.0451416885129006,-0.03456468350994629,-0.27593953705339735,0.02620151294142689,0.8727229377502111,-0.8811904610226597,-1.0279595738364868,-1.097221144953206,1.9237235764839387,-2.9523147695257577,-2.9340884699127363
-0.294294826258684,-0.42610069559622893,1.0317724383258473,0.030822629293165732,0.8389564253859885,-1.3897740959469729,-0.8997584618031264,-1.598650242816981,-1.7121159286476548,0.6504112689944334,-0.36320036193061334,-0.13496484249447457,0.015033329334001777,-0.2881528095094791,0.29548655170318805,1.4697541288088314,2.7392521327392605,2.0443586778543703,1.6760819886101057,0.5810561163178954,0.37373603867904837,-0.2546080477730538
0.4627908924298167,-0.366942287237057,-1.0200788690839238,-0.4237816918781479,0.6010692309865638,-0.03903815225092423,0.2220087962746553,0.5111870922516724,1.820543845399936,1.2041673678986133,1.1684693451501658,0.5092586894171908,1.7272632667563177,1.8743576869102658,0.21986873043483496,1.1120049828135998,0.5627140804211314,0.5439000426084686,-0.2478556464668781,-1.0422735025119196,-0.39165965609686276,-0.27592763890227334
-0.9664032948765301,-0.6114083553487084,0.2876243795907021,1.3011606531706699,0.6425745495870708,-0.9873628412048256,-0.16538988519142764,-0.5503613204790068,-1.5127925518132195,-0.3709106337689854,0.8284689634219172,0.6669147619096286,-0.37663572580389176,-0.5978113217657488,-1.1378963016219865,-1.284816107561408,-0.9013991924372186,-1.0704755449563734,-0.7849319971166557,-0.9714936189615602,1.1875626008820657,3.9996399063053074
-0.13170602975407392,-0.5024143564293192,-0.7929095437843752,0.15807280137241975,0.39497908470698667,0.9271672923653665,-1.798820082129402,-0.4588824441571595,0.2144118212017799,0.6127134779456507,0.30732447861116047,0.026115966768809104,-0.2744300345140742,0.22480186427755056,0.08527538392112001,1.0067144563386834,0.7264826925082956,0.12155324839953163,-0.22419982109597225,0.9915253598380622,0.8970790742358865,-0.12024005940290722
0.34548926424146253,0.5330937836210808,-1.3748670881052256,-0.3765723319094602,0.26857101598914435,1.2867737060199869,0.39624106811038473,0.7252138610328493,0.9350134318381786,1.4529999812763792,-0.06582388793181129,-0.6129224650713608,0.7928459465905807,-0.013063620204301333,0.7199323051791611,1.3361106325563106,0.7849550591296778,0.4999342696166172,1.6553731132632727,0.5249050494235132,-4.456442653075535,-1.897107525862949
-0.6586095938596646,0.768196021981692,0.3810503771049206,0.5123247798667995,-0.23125115053109885,0.14952772680634144,0.1252895994228556,-1.1500472715196581,-1.683095567117514,-0.9500791872400499,0.3619315663046286,0.21930136357283464,0.32380984615931147,0.5138984485063065,-2.2281406196952904,-0.6783154248772727,-0.6511716708239756,-1.6127796362562894,-0.7973318242939801,1.2342526668622884,1.4802364340673941,4.117009793168778
1.4337489741667775,-0.11798329918283798,1.5516235704056678,0.8417436566904981,0.1951619000315754,2.041595974769332,-0.5930646387894561,0.31284632319167666,-0.0890402474133757,-0.2890743075673526,-0.6938779055959815,-0.07619835567341618,-0.45547235203197434,-0.11266753007397656,-1.3444400009597346,-0.24961266446886757,0.941424420933715,1.2744144286465195,0.30809112897253915,-0.37052574314996584,-0.2165002528284634,-1.1031629427736287
-0.03813897970291513,-0.5955170307147332,-0.39230706771914914,-0.4779626536610125,-1.0621835309417267,-0.04649134835642719,0.8984003885214883,0.0512929924471764,0.017718351716269794,0.004413964424995596,-1.2977783176838353,-0.39735730682139697,-1.5508134262514204,-0.498988123457949,0.05186428161840064,-1.34758384788281,0.2231788195366433,-0.9238649724044321,-1.4153138455771292,-1.4027699931328927,-3.9111665628363506,-1.7280471102306834
2.0989896149147844,0.9770113463062428,1.1238782721353326,2.178037466815851,1.2652031956335001,0.9889880139242494,0.3793613193879092,-0.778742065039011,0.1480035368200757,0.48341316760467734,0.607760621055384,1.068296977921621,0.7178494243606893,-1.7977212147613335,0.44241694735300535,0.8796029651567249,0.8315423847499469,1.463261612777527,1.2567362380107887,1.937837150168375,-5.391891278299869,-6.835424870033112
-0.9858549325902976,-1.9686109688812334,-1.6049301718927087,-1.3629406131430155,-0.7194299723966441,-1.0816670916493052,0.8820315436019341,-0.8026901353309687,-1.4392599817508565,-0.25493496581593245,0.5179224477306446,0.25473805718312537,0.1360750016393604,0.5033485068610604,-1.267815503952392,-0.7252014598138949,-0.8850021125594307,1.2739838217766941,0.13934065656520403,0.02237054519344119,0.3289928801433917,-1.3164641131134358
-0.5483683759713057,1.3884228075503167,1.3188018857670138,-0.23037403812324225,1.1397614338139905,0.2345963571550492,1.644571942921546,0.05317427094298377,-0.3174589336250548,0.7455041465670568,0.14783165266953105,1.2362676329040079,-0.12438272731164009,0.004885569710984686,2.2811582004878908,0.754121874896938,0.04682508765574167,0.06137083646655134,1.3957080693659403,1.388261421158136,2.6163845156620162,1.5168253881407228
-1.386735570466777,-1.7747207100078854,-0.7500534349834628,-0.4834025789823727,-0.7183889191441634,-0.09189408022339016,-0.5296130538827076,0.47536892291913235,-0.9267760978109052,-1.688594255297613,-0.7970221719002892,-2.0455748134712044,-1.3130025514753758,-1.2847245463224068,-0.2970975931994662,-1.9227210301903312,-1.730590850766237,0.37008282950192894,0.6899426702138488,0.37195511007746707,4.161840698767721,0.7290803303621461
-2.145484008877474,-1.334514891856871,-2.234557520993298,-1.097274005829936,-1.1106373249576529,-0.05979384099381512,-0.6250533848868127,-0.1801121373758965,-0.6301210809282735,0.5421799581730411,-0.802634754058819,-1.497947510637279,-0.8454197612839821,0.037399089610364075,0.0875972472077609,0.8248875395455855,0.7713400890997599,-0.6011587903156633,0.5316520105371673,0.24669812697899407,1.1733769235518046,0.6795366996077802
-0.3734253605183065,0.19010142721393133,-0.05815895602002435,0.3989778396725377,0.891784954164961,-1.3184711702313798,-0.5739243822363341,-0.4007516413059978,0.3045840114883449,1.3550880722979166,1.205099533678937,0.9567283945385667,1.7855135032747895,1.1070483406750087,1.1345065872784452,1.2954008845300486,1.0341962208333924,2.1062301122894422,0.6417332968411349,0.3868855782271492,2.2051360953823886,-0.0137847763836898
-1.5136491883388974,-0.6814062222338138,-0.9559237588418086,0.5226619926128954,0.8535142789477513,0.034601435099352346,-0.1962475111040869,-1.156551573715993,-1.535235108403126,0.5929970044344519,0.9349609087537248,-0.38088388259636147,0.5939200881195873,1.6929706082641591,1.5945998766278722,2.1775204731884394,2.766027938645615,0.2421851439606494,1.7888647294611622,2.0881742031257997,11.051447539129454,6.157313260556198
-0.5240003205140257,-1.4136854727155093,0.006243625109200901,1.8130400618884692,-0.34335309465681574,1.2710083268582204,-0.3403834744202321,-0.38526711726787133,1.9411789375848958,1.1674241913671577,-0.21730733877562194,-1.5245981084154943,-2.2149414497809086,-0.9521121089044944,-0.37783439100992267,-0.6704094308923247,-0.2189154386435621,0.04978558895931688,2.203038919179955,2.1753483842587604,4.4885404026404,1.6899274030182254
-1.0186809006248652,-0.47405418589280796,1.0297032883718018,-0.6171195704580612,0.5050648267987712,1.661356522270893,0.9233431085247263,-0.8671222989420414,1.7655009297424513,1.2190315539892445,0.5998392177671232,1.2369244901895604,-0.3339019906897014,-0.3521225615805096,0.5850178453472642,0.5365959722916621,-0.4484950401181073,-1.3165160740368465,0.7456218583462094,-0.23889124187154306,-7.7798110351914325,-1.9920287547993951
0.8868194454904571,0.7275804354098867,0.3409634264822171,1.2313233455107957,0.045968942650608954,0.025599290415301117,-0.15000865588803206,0.49296616502051355,0.4944811594172718,-1.0095812450339885,-0.436117374758698,-0.005139531798503771,-1.1635340868588544,-0.05087750029302093,0.1773588577363422,1.2491204123797777,0.04974810383947091,-0.5760712306765386,-0.5724925696488944,1.649335148979634,0.6180098050499512,-0.862575968861004
-0.5304725508048146,-0.5532197336904469,0.24603260203532257,-0.4375671263438719,0.41981789521001117,1.4489676611317657,0.7296813031157028,-0.44957364481680806,-0.7422686527359031,-0.4162510708664976,-0.40361837332665573,1.3389475963678232,1.3322674483814823,-0.5846749205420877,-0.6254367664219874,-2.0395860022876104,-1.5566773829236928,0.28242259014199417,-0.5006022731867931,0.42100701975105614,-1.0292082076532694,0.5415351841238579
-1.8138684553758442,-0.9944110312538197,1.3062539951412393,1.0570928052987516,1.4910558017647213,1.7436156831090153,0.6792393511589849,1.4054314595048125,1.7575836766784598,0.4412889737561201,0.8175208136690916,-0.33276652956873387,-1.446814586535924,-1.0350498174955,0.1916833454856864,1.2033953232853183,-0.11820202690167399,1.3320847634498671,0.6508374258757741,0.2448030749130053,-3.130957494655919,0.474370592324023
0.0029456333895385846,-0.12207069002864611,-0.8745814326072525,0.9133725544669975,-0.32955243353294583,-0.7382924687439553,-1.2588036635901267,-1.6058624107025248,0.7513687848470268,-0.06797433118126275,-0.5192924061920249,0.04635585607831336,0.5209650958499195,-0.1784852609752698,2.225391517797327,0.9117109634673776,-0.35634116840983804,-0.34508624363821766,0.026159506695714166,1.0360694981049816,3.429611754547154,1.3533396578412251
0.34726593326812094,-0.2799868078025651,0.4661101263054672,0.41495619211951884,-0.8022220863343233,-0.9347005754500509,-0.1251975717407041,1.3906285691757152,0.7981890267277459,0.8645084789255161,1.0381749984682647,0.8856616852735092,0.8652187876293163,-1.308659133411403,-0.8554616207448271,0.06494858999448995,0.72171302702287,-0.44950355340529646,-0.5234448870889279,0.27030754877352636,-0.6852195508631008,-0.15248324784329137
-1.4919097514365933,-0.42079544909314126,-1.0343544510542648,-0.5631045586473956,-0.49867794829861584,0.16723867744427484,0.5841918847994312,2.0523708653505413,1.722504281733654,0.7513119277717518,-0.32038446532581744,1.5426304340385626,2.010513114646378,-0.05442644187422403,-0.41505026040504817,-1.169703888118547,0.303695719805832,1.3486105612956414,0.9178065499841862,-0.6520390431579878,-6.6765983149662524,-2.57700130979925
0.6010535816184248,0.5563537168541238,-0.25792023143045206,-1.75243842558515,-0.5408819195476958,1.6131849833118785,1.079700492335999,-0.13946304843368237,1.0764354613538383,0.6516414279007996,0.7199328211710481,0.38318658377182063,-0.20654267470705304,-0.39977884540754804,0.0207513483417775,-0.7849867954758535,-0.5405459492162862,-0.48561793090289634,-2.1344312608946496,-2.1644306923097685,-4.602759317217176,-1.1495022233209364
-0.439959441872037,-0.25841846781176697,-0.2954177668301448,0.2838633383304256,0.08018315596621993,-0.31746143067323035,-2.4302672815087343,-0.9157658617724032,-2.1118794022386203,-1.527412647313505,0.45009491164168036,-0.8935477108234616,-0.026223150115878568,0.26499061569051263,1.5362947741867519,0.6597504483306802,2.0423586541614602,0.8125376377132196,-0.23518995482669752,-1.957963313063651,0.16458682874062758,2.0977063269961067
0.30889415079113725,1.1286896348626079,0.23957395631742456,-0.20499472766473892,-0.15188860478315142,-0.028643171554452597,-1.7687972664628242,-0.5142811435134103,0.6834257978822832,0.09157984505305206,-1.4021480368909238,-0.16112916059879212,-0.8376305968830097,-1.33914151557024,-1.5018784247976311,-0.756038493188617,-0.3978737246153268,0.9442986026764083,0.14523057013162868,0.48537062140263254,-1.857059422674654,-3.3587111426827994
-1.387892842542052,-0.9066861312624401,-1.8083772064173356,-1.4391488973997195,-0.4156429072779605,-0.18965153392768802,-0.5604965156982057,-0.7089764423926479,-0.9762249897640332,-0.047955944334475725,-1.0528095693106998,-0.40771134402266485,-0.2844402060443669,-1.9187417475300577,-0.9221856174259369,-0.017461719549715562,-0.07194174491157196,-0.18023976887051263,-1.092223564857249,-1.068661933656958,-6.933766188160854,-3.8420126929912914
1.4130683946195077,1.5239528266342264,-0.2782717418365959,0.8359757667017083,0.5114128797009644,-0.21529191373354903,-0.5433785230828077,-0.12822210317569632,-0.5447782369759374,0.6262135930412168,-0.3272342900167879,-1.270988259686252,-0.3443638169911543,0.5444762772734477,1.3939086757026482,0.41574204872897275,0.5254757491110791,2.04592946590006,1.5628283123976852,-1.0697002173232932,-1.4471728147155014,-1.8119856857777177
-1.8836627075623436,-0.5775014360473315,-0.7882628649646136,-1.3769706004760138,0.37005805733148084,-0.3210541932741032,-1.4763297004342781,0.3858103283376735,-0.5678302521500926,-0.21359232670356082,-0.7328415582586771,1.2078942216320008,1.5996053341940961,0.4730431387492996,0.6005193045224122,1.1654543496020378,1.8929833172272703,1.5888343514388137,0.11981363288710661,0.8369344705577104,-5.599062592015487,-2.5797212758830144
-1.0566911652348216,-1.6884282334916225,-0.9665470663524952,0.47259927476314817,0.8473522249985478,1.8072140577497395,2.3046858623333266,2.099305876897004,1.580709739804465,1.768554963481594,0.5470427474554328,-0.17821839936248624,-1.2166032649073697,-0.7575029968044774,-1.1683917927238288,-1.9163918513393114,-2.0688190241052706,-1.3505696730479761,-0.3818788202334636,0.732658759185269,2.0050600520857884,1.6633486309396508
1.0839462465032361,0.28459013021863316,0.07253762613107737,0.7574055811156992,1.014612745070103,1.2520490261419406,-0.5443855432356268,0.7837222394240647,-1.4961206287567321,1.3518220756182133,0.7826849253588571,-0.2722722972894217,0.2657214882597318,1.7773081078510198,0.5092924860114642,-0.2823616654986151,-0.846478419422136,-1.8134338153564238,-0.41273861544760854,-0.19984617399274465,1.0655912531509855,3.1084939176248367
1.9521319561605932,1.2776512568278326,1.0321316067647448,1.8835155129012768,1.104165091132637,1.0519972652778682,1.6154390939785286,1.2129867247269348,0.6852368539547316,1.0020272568176845,1.0555887859564126,0.13693128471097557,-0.14532693949967326,0.03446241873523414,-0.2554850046822283,-0.2999280639464134,1.2476901269001524,-0.03738605091129704,0.27299639861154984,-1.066290551602766,-2.5037624029233623,1.1509476842308337
0.15985563588378487,0.05354379602404455,0.3699697651606469,-0.10864848106505308,-0.732999912265084,-0.7558811405547771,1.1151698377862767,1.715373856202194,0.09490477111685011,-1.5031267681182918,-1.844224963709953,-2.036286021119057,-0.5361053551486973,1.3664258914308949,-0.0920606302680172,-1.0766401619063515,0.5564268153549977,1.6626722661142823,0.651202003694783,-1.176110863909104,-3.7038112327409722,-4.620045148326117
0.060523390143232235,-0.6196419421227438,-0.13487084804832034,0.27159783638028495,0.2091885615113385,-0.12461480031866748,0.8857562256657265,-0.7613601765483602,-1.0805105138230622,-1.8427506375326277,-0.7552676866160496,0.2149722199988732,0.74957834589035,-1.1281913830008168,0.8449691195096584,-0.24586008671660414,0.7892702246836031,-0.7138108637535557,-0.8200535209209701,0.30066145897287067,-1.4763273980191713,2.4108485470609193
-0.05927334345003113,-1.0253869189721752,0.6512027099506682,0.631225721225854,-0.6375250670041145,-0.14580972490961283,-0.7296786213746241,-1.3298323738291513,0.12521940992515102,0.302259995088841,0.6108533939424665,0.9348243797252636,-0.1022174922540489,0.279221532576977,-0.22969523667762543,-0.3229667874858862,-1.5127973406239354,-0.8037064550357126,-0.4275711490162734,0.7705718891516821,1.4566075127693974,1.3509304162642362
1.323004320341879,1.3368511727762444,2.306812012568328,0.6474052306843078,1.9991717945600502,1.3272078689838642,1.0443807577811721,0.6538761491333795,0.5018396009455063,-0.44363095963561083,-1.2859681994222487,-2.426213882176383,-1.3591400183265474,0.2335211230670633,-0.10642204791053822,-1.393987166593304,-0.5675542734565796,1.711856341195645,0.7044324895861991,0.5072636131263033,-11.544948370065294,-8.409281311624389
-0.04296264258613686,-1.5879450261714099,-1.7034369347938831,-1.5044277944367657,0.9401527468309919,0.46705025139343637,-0.2800185853515637,-0.23322598940492512,-0.8500599523736866,-0.790271511511457,0.441648654599733,1.122392247814253,0.56441426510042,-0.1912404545280167,0.00030485877948099464,0.27040377110441527,0.8992942336790183,-0.297178507459158,-0.6300799836624761,0.020364359815544925,-2.0344309427404306,0.24232847937524668
-1.3160784959784833,-2.839819588820205,-0.2592485045221365,-1.299168145622134,-2.8138567393632283,-1.1824921934609784,-0.07877702921687295,-0.15372596844656086,-0.3286532743995601,0.2557580188502268,-0.7680852388620866,-0.15783561742979255,-0.9222310710400312,-1.7658278711044715,-0.5752475457015619,1.462147297900529,2.295931254102604,0.015560315109209142,0.49520043993282975,-1.4052051315637837,-2.5768976781415414,-4.159534552416558
-0.05458166729224155,-1.347787427305047,-1.1365411980449474,-0.5447556063208856,1.2194470095210372,1.5432672550246924,0.8913334743899176,0.6298979698279107,1.0092293706533004,-0.23327133344593118,-0.5771400730434285,-1.7357191859444905,-1.8269567352537153,-0.7248477351276043,2.318812551397949,-0.22558428540893222,-0.14931170951399908,-0.886523843247294,-0.5704498021195412,-1.4836179914415,-2.603977777925807,-3.162793318618573
-3.3430744509600596,-1.9494595172011167,-1.1275385849125774,-0.6587099856658644,1.8391404000670393,0.45665460749004916,0.07880923653196237,-0.9430089575522185,-0.3035434275851279,0.8889892939241402,-0.6714360866884254,-1.4206453136333406,0.09859960158766262,-0.611569837184824,-0.8301909707896276,-0.46397232847589226,-0.7110133188447162,-1.3364238017949337,-1.8613747716804483,0.018107936556053122,0.1964748375290224,2.5600109757835443
0.6305162096185286,1.1317726369701089,0.40801704740793054,0.9260530850617983,1.6672100896809994,0.2655501722685697,-0.04541667434463326,-0.6260404079091234,0.08185373196700468,0.6402502940367634,-0.017485929070350438,0.18986547667284037,-0.5713796197659262,-1.3011309578367776,0.513395311335825,0.5766303271864431,0.6720888412272125,0.7170558072603376,0.15618924303008005,0.7660421103906825,-1.4335494394947825,-0.6752001371401757
0.8878077098276866,0.03443496684250315,-0.4540542777748849,-1.3549081371194078,-1.0882038735387802,-0.8872642490082738,0.167111485519562,-0.13152245153671518,-0.1679944106950944,0.8573725502201891,0.13043467256394123,-1.4834536087717562,-1.5111854634383166,-0.6296653442618731,-1.0006270230335335,-1.6788044032768057,-2.403499019891095,-1.9929145963767587,-0.8499918759168846,0.10078496595942195,-2.312180672709408,-3.0703247928201
-0.6119345778315791,-0.9140163259695003,-0.7165585429440505,0.29159420294298755,-0.7385075985182815,-1.0725511827654821,-1.7191083644368976,-1.8288603127565117,-0.555885189497726,-1.647213014246785,-0.2553644561799746,-0.26292544289231107,-1.1267265840184022,-0.8556793113070653,-1.0097810583815652,0.29658525113021056,-0.0737459870190363,-2.018670728051081,-1.7424121443053635,-2.1011094932769243,-1.098991654896813,-1.7793424343615647
-0.8832246290194855,-0.5495210952282523,-0.9451580003610166,-0.9920565385236209,-1.7560220446992252,-1.5174904762466828,-1.4884654510436157,-0.20226412548866343,-0.9877346090568696,-0.26853383033832606,-1.149865313840692,0.22079875764417825,-0.8303380238159074,1.4406654767895197,1.038208378106034,1.7182717826818974,1.3713748896499411,-0.6925502125383122,0.5589582344762286,0.8002563529942913,-0.04362450412853547,0.5112037231266621
0.18088788449970747,-0.4741700564961324,-0.41215036001926775,-0.6493489689657191,-1.5075247294339293,-0.17559335452417893,0.37607432431753457,-0.8791143494260887,-0.603166623053703,0.37497716520365554,0.22102789410687276,-0.7274074779951649,-0.47193098200396033,0.017970977756967252,-0.08232832776557361,-0.733238526108759,-0.26482495821178664,-1.0057863014332813,-1.8326309372440936,-1.5018581555665547,-2.5739171913005032,-1.710200665118828
0.9012436778183809,-0.2687579701412915,0.6803828774269882,0.5393024687467597,-0.6811451143459093,-1.0859126136959372,-0.49577511500134697,0.41132778925472546,0.22297622173505252,-0.49816406585541295,1.248568892737421,-0.050669674420497184,0.9374280095299229,0.34644968143454796,0.7371912762528859,-0.13937477608909052,0.6718400235511368,-0.2132041824320503,-0.532867119952729,-0.6701658546249136,-0.6970607226838988,0.7907711936006826
-0.13180596898550662,-0.0348369697199222,0.38082845395437415,0.6791878010870032,0.8735781245395035,-1.085412791892331,-0.5289101919631166,-0.19737942341714731,0.31723330579465125,-0.12264258808249673,0.27620703855727785,-0.9226545103518471,0.6011480807311189,0.7672524504560431,1.127551848893292,0.7620230933959993,1.269886129356838,-0.5304313713015435,-0.6374572447863075,-0.8502537500142655,1.6216828946089277,0.32147737137260207
-0.8294036549795352,0.41079003628101174,1.1177839223721806,-0.2695649474983928,-0.004666009382851113,-0.7042757124421329,-2.2406966550315466,1.1244723270384132,1.176885578821145,1.0057269261432917,-0.10674198680727652,0.11570845431788801,0.43679332901014434,-0.7015972921846275,-0.37436899749601377,-0.6383758076530309,-0.43024891226944306,-0.9428797143966507,-1.6532355859564538,-1.1521288714909586,-0.05013716278991476,-2.7145694502825064
-1.0795051752385652,-0.7749722694944363,-0.10007796415882707,0.7003711453904425,0.21755568985065332,2.4354716823597653,1.2247718950699673,-2.086077439996904,-1.2060429164619004,-1.0035666581876577,-0.49073235269821613,-0.914918378887679,-0.4905268923302252,0.18828607701090536,0.060965894911835385,0.386174761214252,1.156424033858855,0.7063040503052915,1.6983610336721626,0.07174640462750972,4.031520646761059,2.6065473980453215
0.4324728878608031,2.276754853797973,1.1893856550012876,1.4493062047740624,1.3256715150848588,-0.6516023971928109,-0.3023232061242658,1.5416510775645729,1.424409852070453,2.588658668041013,0.9025286869161577,0.0939192584995616,-0.9418091822176473,-1.82122446310823,-1.1260930402297014,-1.929053630083098,-0.33163460406499684,-0.7561289583285118,-1.6262184521389833,0.26556048299140717,-0.9903073025020298,-0.3543439011237298
1.6328713176837075,0.8525587490333565,0.23293209347206834,-0.6918817077521111,-0.6340450793683973,0.32035124737738296,-0.6514804863801265,-0.19171817038072922,1.4164038233082497,-0.18195498951692657,0.1743178255620276,0.6598290275470069,-0.8729640220659177,-3.313330529647256,-2.2999556883708325,-1.6426052621112706,-0.7831996144384911,-0.63823258317583,-1.800382777754448,-1.6540674672886342,-1.6362719445447973,0.13305109558800132
-0.8843579704560737,-0.01993044401857344,0.3559451900906117,-0.1478959285310592,-0.35344944711210396,-0.08903568026414721,-0.03472065981343603,0.1883817109007459,0.19836090154231728,-0.023117380991111245,0.6160853749734894,1.8934609007666061,1.6518825857310566,2.4098989391947754,0.4059576293443425,-0.35917710283000315,-0.34952177262392814,-0.10808363346517398,0.8280112744703108,0.7743640570682658,-0.22011413346936043,0.004451938292044419
0.0011185004060582982,0.8499814094062698,0.8782684323434997,-1.0315049762953061,-0.582612853119443,0.41148940064082884,0.7121096978340575,0.03694482953192405,2.225192844419124,0.5956086064073044,-2.3832398240728536,-3.5337874370759748,-1.2410108993685485,-0.9654231520184269,-0.5737570983793339,-0.6609673484695561,-0.8568184998241024,0.008583673138397582,-0.47457253421919626,-1.2657568847489586,-12.593609154739523,-10.347493411116124
0.00026099808036976344,0.4364140415497805,-0.7986205762880048,-0.07648807340271051,1.3794385599246333,-0.04702940716445699,-0.7288530806689274,-0.9025898473887781,-0.7009504293712566,-0.793308648249928,0.062218501353280525,-1.0266311090601106,0.22473635241356413,1.1837605803736198,1.3700541405405007,-0.46388601504751126,-0.24858550836707916,0.25208347206789533,0.8027957299826733,1.2212379016529067,0.6590314405059421,0.677879587640368
-0.2887314420535382,-0.5941271121573037,-0.14768019141328068,1.1607983040637857,-1.0471337055958665,-0.8336121401447678,-1.0803849387422275,0.15470277751429265,-0.2904578175585826,-1.488225473140269,-1.5581698945494336,0.13512132600042542,-0.0806907003043466,0.3508611482063895,0.6522691550662639,0.15478977489552592,-0.6433987595014428,0.38229172837380315,0.4762265117828771,0.15898428822284577,3.0316656651024996,1.404161016455697
0.3724214638845891,0.23752208992071863,-0.06460908946830893,-1.8415993859616684,-1.7155847907171766,-0.5165397193063176,-0.18671735479769577,-1.2704923446307297,0.09600286341857403,-1.9398941231247675,-0.5915830876245075,-0.12630668340543524,-0.8142899990591631,-1.2075474253071623,-0.27586141578762796,-2.8645501253416636,-1.645563277065531,0.5678973671149258,-0.09817480826403172,-0.01699912187610823,-4.989058654361337,-2.1970047142264866
-1.1125641206399917,-0.4225780927808389,-0.00022165630414225368,0.005883030268194214,0.23611851039795778,0.6408474169231457,0.24440032176134388,-0.7021349040448429,-1.0091275842595324,1.514651742324223,0.3730843768037281,0.7858220071124318,1.5158928525466793,0.22506826263815197,0.9694280798146842,2.329427393487924,1.2687873409502122,-0.044211626287316785,-0.1537612456431275,-0.10974384120204136,5.514772629290936,2.2270022912024205
1.4808476586961699,2.58233253625075,2.6429004295292304,-0.33078608866588144,-0.4590806847195661,-0.3600550265932894,-0.4015474710537974,1.10360786376334,1.8372610829600957,-0.43589312480045067,0.14241014791972453,-0.1998672168747636,0.5130660142724488,-1.053563200037989,-0.06212965357763641,-0.43939826132970694,0.277730747019021,0.6337560922805181,1.1708302595554507,0.5949470294493062,0.8498867164264992,-4.050060861901102
-0.4359990110941326,-0.9442566248505763,0.4551900377773646,-0.6584605501410997,-0.17020090635746604,0.6518735803283464,-0.791875152500559,0.7084940077857431,1.9707599627775383,0.7029456308654225,-0.11812355188754625,-0.19517291262473718,-1.2489022320953758,0.42062284193133337,-0.658657950790773,-0.18002723945151802,-0.20480194572079188,0.15284861184668957,-0.26057174629028296,-2.646700453883706,-5.7496377306141655,-4.154507141685702
-0.47416803130933033,-0.6286588983914452,0.2430444558622418,-0.3528517728882032,-0.6515175746305107,1.2913483651919115,0.46232318987081955,-2.134009588921966,-2.3614861466108885,-0.6774644804165098,-0.8110302422751978,-0.49420406033300174,-0.5224268193417175,-1.2458667158785233,0.6996307582510873,0.21266676607798424,0.02725344565817024,0.8216952612993228,0.42250725982419757,0.11963131812799174,3.1673733238793624,1.9670457077252685
0.08938838028928603,-0.73687736419374,-0.16775014087846268,0.9822705365010771,2.0938370910233886,0.9060148457732639,0.0843953213818501,-0.1750911745881691,-0.49175327267721336,0.42018258855085777,-1.8993966776676685,-1.1316742638441564,-0.62212724178971,-0.218028954936947,0.6958367067593008,0.8987765247797367,1.6717295959909715,1.0345990102718967,-0.0052628516088348955,-0.26268775668693584,0.466070942109313,-0.4994494883418644
-1.0470047745647024,-0.5095979220459422,0.17403131146009687,0.7682889780919182,-1.1533197752968578,0.7997256805829422,1.220824804281604,1.63257187094566,1.0665529126026907,1.0349651835678535,0.4011194299477568,1.3110689510846667,-0.14759821844382437,0.7064393264427906,0.8478318116580118,1.5513226287427646,0.6501626991599907,0.10130263333083193,0.4139876913360711,-0.10404672876361569,3.519011929622608,1.4478733736312401
-0.4916769907291716,-0.1885622964743332,-0.033115915216475396,-0.15725396589845728,0.563142117785505,0.9955180273244655,1.5802323348789717,1.9136927748021726,0.21592990956079905,0.5482390932482388,-1.178778161318318,-0.4533221992748802,-1.5959979655256322,0.1559006850908382,-1.026697442199873,-0.4563099993628008,0.38366994679082905,-0.056086396928625284,0.1285288661957466,0.06324535023017785,-5.305831815593942,-1.0142524728921714
0.7341464166650464,1.164264368134091,2.925226560655916,0.30574577192675545,-0.19456229488166643,-0.11651146641268323,-0.7400907645590052,1.1674505152728407,1.3664831532749322,1.5236665790736568,-0.7847663772994156,-0.5697861512512891,-0.4929566959468197,-0.6539919083521718,-1.5202433616426427,-0.3373364641529251,0.9601836577585451,0.4489685366281593,-0.4347695686125757,-1.7375603787581424,-2.175687728933385,-2.538262905078956
-0.3236245888746838,-0.20292279505003044,-0.1458304001438548,0.3477446465788918,-0.4329143319860111,0.27734126353782734,0.008235439445921932,0.5191181605036649,0.5119854753999462,1.6964836896227014,0.6444190618967791,0.9485120045292945,0.22388878068688337,-0.2853176386757502,-0.9496062288427121,-0.5300221640558289,0.5843475539357188,0.3058934192174483,1.1745543637360076,1.8887853560794063,-1.4175790655283287,-1.4473747546037201
-0.8406777807588703,0.01882833476895463,0.7199642911682604,-0.16955227031678555,2.9489125358434753,1.7878185405161215,0.24196528911743903,0.7556346941085318,0.6568486070107744,1.7905249808255845,-0.22022186314678957,1.068215801363651,-0.6131487239769942,0.01197017378969182,-0.18373993222218832,0.9024729172991437,0.8444885857857544,0.5163437727576314,-0.47317579401178084,-0.3785075900848186,-1.8517648091539178,-0.1595805731805665
1.712662222565325,1.2606712722666473,-0.29870191725921386,-0.28359824282172524,0.5673172578368348,1.631959542240992,0.5232054006030356,-0.03908153617046884,-0.4682963312905288,-1.0834773855962376,-1.1599426747245754,-0.9930485425931848,-0.13715497781813327,0.7403108862410096,0.43084126587737037,-0.48295999130757966,-1.0788980526296708,-1.5197500364219427,-0.9071028034161426,0.23570478819272253,-2.0046954602192453,-1.0178288229431358
-1.0459137190729784,-0.46709874133684154,-0.42001613364701806,-1.3147887779718044,-0.4523108224058985,-0.6934178068144398,0.4763083503902558,1.1651292388053012,0.1546730478338956,0.6659882979943427,0.6618565172109665,0.4158682493143199,0.44547724587707865,0.8042294968957234,-0.4318928056276742,-1.742495686684266,-1.1909118034778359,-3.067804617437811,-1.5748878833769955,-0.3424313338175828,-4.821688306911749,-3.5194328217964195
0.43611026964523963,0.6817667110907019,0.1626362197288799,-0.4513296713906276,-0.1467668118470474,0.8447647245308253,-0.36768978767925614,0.11255578610003113,-0.8029474359231968,0.8166938896363062,1.4322088305031542,-1.3887628652948552,-1.2243194638228856,-2.034279583481122,-1.6417429821718135,-0.9689561327780452,1.8189020587553535,-0.2926048901944601,-0.3670512287593708,-0.1321908530277177,-3.1930246917321368,-1.8281566601564567
0.6205187765175025,1.2129399954349804,0.7268861540483382,-1.3209204825473206,-1.5370044395646973,-0.41458503173425276,-0.01714278977861282,0.0020469833168853453,-1.179116580953662,0.10548150588161818,-0.3275086678389326,-1.856402863330835,-1.700512989369739,-1.3705244923771875,0.034488394688581135,1.0567848423586466,-0.8425581353435686,-1.363853600864572,0.9725106551099101,-0.8140849748942592,-2.7068900619940925,-3.240558214728332
0.03966126607883945,1.1564276044860748,0.586165851808091,0.49727387764434516,1.9579520908399395,0.16825643522871442,-1.109337095495256,-0.06488675765228175,0.9974104236850995,-0.3771965986815963,-0.384249399270893,-0.5865817443190726,-0.17412164568773467,-0.9385454813015761,-0.48540384554058275,-0.39042873558724506,-1.565614445003945,-1.3386302997567328,-1.2173673982202955,0.24679518196255307,-0.9867439397061976,-0.058996115680905764
1.653659409597145,1.4386072234577885,0.9963945863021487,1.298793724813122,1.0814663943547957,2.0195897340327185,0.5725169601007064,1.2445447985663174,1.3638081853259123,1.4091052828618238,-0.8716615846755901,-0.6439099475656265,0.7298565833937993,0.8772261759448939,1.242349228738105,0.5397777145242882,0.19615925206960746,1.0194121206348783,-0.3866839860615857,-0.3392175230521093,-3.4677422243134877,-2.8423644367811405
1.1539639911343085,1.0439740520620886,-0.9324315737398362,0.22249062658804683,0.21793549062522755,0.48326648104275227,0.10740348789140472,0.4832560305478312,0.9016448343960297,0.2964469035129027,0.5401671055159852,-0.839854158571482,-0.11930208010763634,-0.8063780799416925,-0.5897358292590078,-1.3090234123308864,0.12120357285119336,1.3103436410413802,0.13136291778903386,-0.11263423153787662,-5.880779024666021,-3.745525516376602
0.7836995240382345,-1.0103793158084364,0.5601979104284485,-0.3176524320457354,-0.6787712051277142,0.8778836798910555,0.3717929300162665,1.6708456054183396,1.3331572902710096,0.7009660302261874,-0.027349924881247375,0.27876407039989703,-0.6315722326773612,-0.6164933553875106,-1.5253097377119444,-1.3932645885720474,-1.5769213354452736,-0.07789503905054085,0.5322248425499893,-0.4007922595584889,-4.7639640442137665,-1.7989029758989439
1.4364853111999156,2.0304701748197425,0.050517098693503446,0.9602677781689947,0.517402023338027,0.5082275546968481,0.17123618576328178,0.1926108931771691,0.6688924476836284,-0.20559142571351427,0.1346117775520533,0.6915762395755641,1.367224877288946,-0.04112261429142297,1.5704594595514814,-0.31595172265240407,-0.013174318334418034,-0.44779700200016453,-1.5231901345065815,-0.22028162825617104,-1.03023952337819,1.9807395347935928
0.06983110549998787,1.1472115400927057,0.425129173581956,1.0607903584086127,1.1161934093347794,1.8465777856983672,1.9213004168569394,1.0311221557971306,1.3263922081862227,-0.8822128497158288,0.02998179438694511,0.43135242392554995,0.7179849599733904,0.9530930757245321,0.8086238099041948,-0.09330654717973198,-1.3055590926682503,-0.8068764559804046,-0.41642859929485193,0.1798692545212902,7.875069102814352,1.6390171340270132
0.14703654810208328,-0.20043748240789197,-1.1153901971493587,0.2773715936910225,1.559055164731502,1.154369843424263,-0.11948796831547004,0.6619467684694756,0.3043173849631557,-0.5881208070029069,-2.161080490596907,-0.5862811450626069,-1.2495566107697234,1.2617105933889652,1.6767347669701809,1.2892765172611698,-0.42206060242365556,-0.31293133308381166,-0.18183129953391716,0.02460291464368384,2.307537905033789,0.37219703087593387
1.2438061915451226,1.1376345555803828,1.38351765161413,0.732127568173497,0.7173056473966841,-0.42884029224102627,-0.27815639969310585,0.6129675939260255,0.6660691524744505,-0.8551327845545488,0.33372633952742287,1.0374207493485132,1.2181757107699094,1.6409375441372676,-0.0880521545648949,-2.168686168049958,-1.4018686113792602,0.255433424881032,-0.6096949503598661,-1.4010963667785274,6.22799604706386,3.755238202614524
-1.204408599770285,-0.675841263499298,-0.8754488701535518,-0.0701078299685556,-0.12203601529027454,-0.3303404872704138,1.5424498535883016,1.0247857272530232,0.0930235765634072,0.32656213992231625,0.8689884320083437,1.608101666440096,-1.027240809624392,0.45197738545164245,2.6898424230780074,1.0828652650896178,-0.41874536927661976,-2.572846814321653,-0.8317867193788738,-1.6763095582028713,-1.154428769784081,-0.29157480223092413
-1.7985245453370657,-1.619598422761353,0.1960037455889687,2.260766854210714,0.9443814318136041,1.5977182170818351,1.3736564238758502,1.0274029138943042,1.5604849179564921,0.750466971856454,0.838143518846259,1.0607570770262322,0.9420796923799173,0.42718525248029554,1.273181750775407,1.3467206987548332,2.153561246710074,0.05105464456489631,-0.8326464348432651,-0.9529715463742652,3.8510549849252267,4.806603982238539
-2.1225028719177614,-2.028634153519606,-1.112445966606737,-1.7818207826270835,-0.994554247971161,-2.123054065485551,-0.5467224529419813,-0.3964836782478073,-1.0469832321605888,0.2233878867037188,0.5710131744772163,-1.2929186945482887,1.3772406545424944,0.26549323980490935,0.12536933083405893,0.9191497742482785,-0.2681743243729279,-0.3116408512063318,-1.8925024225435072,-1.2836663737254355,-5.6372972628531395,-5.523671321362995
-0.04959663297136038,-0.3548921744869552,-1.4631501372535867,-1.309308226738504,-1.7032930339525885,0.043865780935724255,-0.2500766123373,-0.5655019498889283,0.2245338988735594,-0.24605492654143005,0.680924181093561,-0.39876105326060324,1.3733496290044185,-0.0360908671057,-1.1109328936852365,-1.0303158957865197,-0.07643660536023618,-0.3273212488727409,-0.8453976311825151,-0.9104020578794026,-4.674413537307573,-3.101072335156848
-0.7625074623990908,0.21612851687556436,-0.7285878602115894,0.5349653735788729,-0.7992367596233406,1.1661396976876466,0.12127030348650884,1.1402217309111298,1.4401283533069236,2.3672814767945782,0.5058752883097389,0.5798998275356287,-0.4405973159300424,-0.5505671224158295,-0.4082058143392037,0.42603037848992764,0.02776217537206887,-0.29126298338950596,0.41742945495704337,0.16825148654644448,-3.5885460751556715,-0.009260837830110884
-1.1322304847011322,-1.2528299801607474,-1.679820115362795,-0.8089251559789156,-1.231154386901104,-0.6671318302449326,-0.9603594482737441,1.1159919162927596,1.3090025784946449,1.4237258463317648,1.6197578420919807,-0.2399888299806332,0.8754657442833924,0.8443433519941639,0.6576033916101826,0.9678190642947041,2.6380637164412697,1.468540113692863,-1.4153553275909818,-0.7591697408788034,-3.4199093562743386,-2.6245750623264694
-0.6925491168326694,-0.042407811494247265,-0.8250322927805889,-1.1993829494381496,-2.0638616037131583,-0.8050445157580646,1.0127583676647964,0.6797720291244767,2.385977527558621,0.4791729073115703,0.8007771946080113,-0.3440196666043635,-0.4203902299880349,0.1722036017537029,-0.8402536110706861,-1.7995152527002054,-0.4538027136102087,0.13261651592240942,0.9833621516864824,1.9029318898668746,-1.4129446754451394,-3.5451020833936067
0.583112592272927,1.4728030368813967,0.7867286779147137,0.9402008072710979,0.1540840705324149,0.205673285508611,0.9438989839539865,0.19411575003674164,0.41008198455650907,0.8327617122669067,0.7608806107011474,1.6592910856196446,0.9359284163603518,0.6328002050164739,0.18846358474530905,-1.0221806235093136,-1.7398750201689608,-1.1925636808411588,-1.3957573645173245,-2.78800757109214,5.049540646476724,5.931211099915758
-0.8473162595930389,-1.4994110183297138,0.16536582927907142,1.202152160733683,1.4009350187681786,-0.6090914161578611,0.4516030461280671,0.1756324952225849,-0.026771144788025114,0.1688877460208259,-1.8375855700013781,-0.4780091760160731,-0.7505460522599086,0.9899701560363656,1.6373993362198767,0.7227461745740419,0.6259584214470312,0.7194588363140808,0.7374000959625989,1.2168410754569106,-1.7244701111162462,1.9520976753046009
0.01752213646113187,0.6643374716929311,-0.5941105953663445,-0.1334823157673552,-0.8104019492267192,-0.8147546748059544,-0.17324962870134772,1.1037890016122363,2.13564081493043,0.8917664470793959,-1.962118582028818,-0.4001894521386142,1.1431012041200361,1.2642543680233538,-0.9603644919327357,-0.716265844881974,-0.9903341655508614,-1.356508916422876,-0.9248567742450653,-0.519494066588821,-8.516215124057846,-3.6292465460921073
-0.6050429500242875,-0.09244809755033262,0.4301367949569586,0.8854693572241451,0.32619926662196674,-0.3998494569805495,0.5277786651583606,0.6361426136069724,-0.07173825529808243,-1.5427085769593878,-0.5131463659895649,-1.5360555256905069,-1.1167930518917801,-1.6068505979878251,-0.22617033826054736,-0.8326142747766032,-0.018291791286496894,0.48851607184595625,-0.08987067663119713,-0.29760777818415873,-2.923598611147048,-0.1370107086379993
0.3110962176506901,-1.3614189156509655,0.023352481886922526,0.09546787617810602,0.5427321027176929,1.6107138219692887,-1.1241082619216334,-1.8316101505919862,-0.37976080450563865,0.9853789192007846,0.5084955703327854,-0.6411075762133384,-0.8641735664433084,1.4501619284326426,1.6866596352248948,1.0945800137594535,1.0372767078908762,0.25663785155253477,-0.10799105055592335,0.010979989086349777,1.8323319360911343,0.8150632924432099
-0.49339051363393827,0.23765299688718197,-0.6708224847595876,-0.14002693475360942,0.6089869424061101,0.27287895581044724,0.20313637728597017,0.20114330666203803,0.09140962484507033,0.9366264956649182,1.0094447726516946,0.5575016353154613,-0.7221029848949216,-1.5030966493550388,-0.00506514532794617,0.5039697729844455,1.4736480351221775,0.8811100812999093,0.789300344503724,0.5412959027073786,-2.3126482489100244,-0.26227586154601223
-0.7802795621046521,-0.5761841538563335,0.29750771898694406,2.0531229068148282,1.6059841314693182,1.814587979258097,2.8587205188594984,0.3206686760045373,1.8084994819722888,1.4336645792379814,0.9159116636913444,0.8065446290453084,-1.1808713453203572,-1.4359777715387496,-0.38157810866505765,-1.9681434936196778,-1.0874592851701343,-1.0176492277036515,0.6400110663961199,-0.8066839760464242,4.708617739626156,3.395877453280111
1.6371542951196687,1.073972391355749,0.48095093516629045,0.09644313772523547,-0.1308571744781998,-0.273180787800571,-1.8332040003222734,-2.84045793747219,-1.3236041301709254,-1.0874917928440262,-0.21077710270063976,-0.1225949391927984,1.4698743609992908,-1.3038061356177475,-1.8734123808875078,-0.9027643263726093,-1.6602729335725543,-1.3849419823302744,-0.7277440118770362,0.46866011887764436,-3.023990610157994,-0.37880426067768536
-1.3788010264777208,-0.9967545367147218,-0.9386775663501236,0.7622137962612328,2.451945229042122,2.717386451861773,0.6685867217060991,0.31861660944118597,-0.2035762305202668,-0.8226442309143579,-0.9949720544039059,-0.3668187678112996,-0.12119335705274223,0.8872127252224417,1.4954834666470729,0.23844344779428314,-0.9160648897338238,-0.6881179793607264,0.04666239477735976,0.7325138367327401,6.377170498312773,5.307799173225424
-1.1473452604105918,1.3107594957314825,2.113184963750142,-0.09468477609374827,1.2888344450914504,1.2751835871100479,0.3626749045100463,0.9933317060101874,0.5598554076255635,-0.566087294236091,-0.7449606226610715,0.12498712957789894,-0.015560866602136151,-0.34942791293944564,-0.0020782210224455475,-0.3494689421490063,0.04139154194601521,1.1958304079669777,-0.5715383368039609,-0.5951367787832722,0.48723006663878643,-0.8482120387354678
1.67444238908767,0.7801489089530426,-0.5012717227141594,-0.579417497499925,-1.4889941416593186,0.10329136888472842,-0.38682367383229566,-1.9971319865684736,-2.193044848338618,-0.01936654926798786,-0.9127125121090213,-0.40467829323234383,0.23116074981225637,-0.7907536513484235,0.510446057026535,0.12951522281905847,-0.2506123541373252,0.11188027580286805,-0.02211983034653417,-0.21924149205065196,-0.20269240060361748,1.2895681258030158
-0.06468306529279363,1.0724747956157046,0.9028889972287004,1.4833980110235043,0.25775363090004133,-1.2428297951628724,-0.9637449533412359,-0.01544226459060841,-0.08251055187654595,-0.42928370782974196,-0.21178556801463355,0.07749078998451779,-0.4934666869344683,-0.0676911023747625,-0.38715063917184606,0.11424162793912018,-0.10770694196723771,0.7102468223953815,-0.49956639671778336,-0.39958149159711787,3.2455123990198396,0.9163117638308478
0.7757765246589624,-0.4272188956601279,-1.8094608792870417,0.07164172360179653,0.5189436839303099,-0.27062517260200947,-0.31313249619709277,-0.8185876311621413,-0.9088139549255928,0.21450793995971118,1.1735825021921316,2.2644170440391087,-0.00727581514582397,0.24540908001039197,-0.6906551772588833,1.4097164342979422,0.5134900893465051,1.1092464359536824,0.19112559428434228,-0.8780727936019628,7.107659406423844,6.874401037605473
0.6935220458791489,-0.42976648721253335,-0.27668038348375706,-1.6698128131571695,0.26560332761680494,-0.3611819389096751,-1.3046026151914476,-1.8575891820049195,-1.972295341197326,0.07533092782451574,-0.4287508140578894,-2.407139252138044,-0.11175662946091934,-1.5642274870324058,-2.254131252342444,-0.7970820055885403,-1.2139597343306094,-0.8624038470477065,-0.7016902919494448,-0.7236241696649868,-3.01326277380466,-5.143065442658365
-0.11001348898675446,-1.0005229676704723,-2.0182475141410796,-1.1024110861015142,-1.7599687739727934,-2.905410827966646,-1.3061780400742984,-0.972228932644211,0.7702852138591388,0.4457865022557603,-0.34782229597051384,-0.2455278964483379,-0.8207064208305827,0.11394575358300844,0.025944728153472107,-0.17906918249314652,-1.0631009924044743,0.34577510346535534,-0.43129794474369476,-0.9081540160038524,-0.35273271673386963,-3.0803991752745503
-0.3024306443505444,-0.6944109408681134,0.5744336474373716,-0.38364115513762326,-0.2627793522059434,-0.9411433635045766,-0.4222993095607536,-0.45612307687023257,0.5257937927239418,-0.7690822096310448,-0.7763996371937972,0.7353743418655814,-0.8376878829392849,-0.18935382728320888,0.6178835652039986,-0.3434902312196691,-0.0766527197125346,-1.0203814245755745,-0.4742716953798821,-0.8448646405246714,-2.7369566015205287,-0.6003854915394765
-0.4585806031168233,0.6547750159969528,0.6797410531805037,-0.8078317544254752,-0.6721145142378148,-0.586395028373238,0.05426250197530938,-0.3679194022927958,-1.7525290412005374,-0.26346220634784645,-0.22872461453722825,-0.6314518235985674,-1.433342958615808,0.2910884356345711,0.9092768771403479,0.8201629026260466,-1.0856122820906116,0.02904420409928015,-1.4704011801800905,-3.109879057687567,-2.4261946134597183,-1.2110595349723883
0.3707500853683368,-0.19610024669244652,0.7955829551319095,1.5589007552347711,1.8773311483583417,0.7200689298558255,-0.4080972270466651,-0.686500629808904,-0.5769446307933438,-0.15152657363258518,0.2250753523944111,0.8355469379762601,0.8974741236731216,0.021136994092149676,0.921716462226869,-0.23941560831173384,-1.0442353246930753,-0.36857690979917324,0.17905919911830664,-1.0779221187663144,6.715439753963362,4.913191765175931
0.5299915654005485,1.1954478121339407,0.9905139200834909,0.5044770773409228,1.841337742793621,1.1930200897643644,0.5693270462831727,1.498176085872908,-1.1141877035418362,1.0536152979731146,0.548709821772399,-1.092099796512733,-0.6420830179050785,-1.1092668364420741,-0.04416342244168777,-0.7456709299196352,0.613537682721323,0.5809170645641079,-0.15748709543577505,-0.735198496406722,-0.39062346957675204,0.0262448385737446
0.33503921559947525,-0.21219280406584065,-0.3451495847871933,0.15910544376482932,0.1583005042760248,0.4951588306508216,0.48373393257502717,2.0079162782489743,-1.441160023800343,-2.6682529283169525,-1.355261591378693,-1.6959802225488332,-1.2787686011273613,-0.35693285664225516,-1.175693757125931,-0.49127204019779935,-1.487005907496839,-0.4779246431251972,-0.6060032791633062,-0.23179510125549016,0.6594615507812062,-0.8924381792489956
-0.504054646673123,-0.11838881785518161,0.6175475541176552,0.5384320360839356,0.29430209705210486,0.5984995370026052,0.7979544299946355,0.16431116821059302,1.6003457225070807,0.6792533664198575,0.23553917945543748,-0.11709270996165869,-0.01834644583491303,-1.519713001530408,-1.647474698365814,0.35278992641336115,0.17948690701028272,0.010899055759666846,1.5451834344734265,0.9511169711952099,-0.31135644552548847,-1.475755237970292
-0.4294767316286981,0.058654384587236943,-0.975252665327942,0.6693234147440937,-0.43882320407818215,-0.7734206166347056,0.04187485932237687,-0.54273241366719,-1.2725136601412472,-0.16009954918022754,-0.8119324999807619,-0.6437135697966796,-0.47092527091881026,-0.83381004256294,-0.6601616117077836,-1.5480826804102483,0.6863790238121722,-0.6487054341871641,0.2583065143834797,0.4785725378294987,3.1211285523096333,2.4682629971506027
2.1135404461506777,0.3764760869397509,2.4986286959585895,0.48276279809277667,0.9091633725238536,2.0615464409869633,1.0738283287579466,-0.1789996271923317,0.8751586317007902,0.2842726030717971,0.18920164767897515,1.5396368150555353,1.2817758678487623,1.5494484326893607,2.440784343752521,1.0113608423027365,0.6229207785283527,-0.8291587827279043,0.3566777137746417,0.19337492413697296,3.939049644871124,3.6453871886613194
0.2050472875155798,0.4907234511593279,-0.6272380484532809,-1.2675949971932738,-0.08552441397838143,-0.9453306020044822,-0.9659083076525133,0.07769740409419666,-0.30814038169992763,-0.5626328132161083,-1.3324618677218207,-0.8512785246571152,0.9136001307202185,0.27652402457321773,0.9572029346632587,-0.10000816260075074,-0.49719362051567434,1.40302947690789,1.4107862860825917,2.184362651216915,-3.3224984143322884,-3.2359967796057427
-0.3621381631154131,-0.4717913678479777,0.46180279773899285,-0.08180232752405905,-0.18248989610355648,-1.722196348692975,-2.1012571951827783,-0.3771058785028236,-1.4228323776024647,-1.4950360253019415,-0.47461182853716993,-1.1382110416674573,0.9256902130410972,0.6714010198770037,0.21894151706442272,-0.5162114459712424,-0.8172807568860471,-1.8606424292493329,-0.14394536358995305,0.2911034438002155,-0.0026535668862797124,2.6450660460963853
-0.07484755122301162,-0.9948464031518874,-1.3699733819232875,-0.5100583910794056,0.6035508574213916,0.794008909668103,0.7367276101542835,-0.2838076881958775,0.9530480776511163,1.8521917670291645,0.4698143625625,-0.35839486177236,-0.2379383965994411,-3.011196289980835,-2.5673610986920115,-1.8956749463241298,0.1973318284073722,0.04269483444672657,0.6536512461608918,0.17321888031516294,-3.3128870780209914,-3.136986921230272
-0.5518602005049579,-1.1459901098562373,-1.484529800595934,-0.8419614987003298,0.06258240648937824,-0.7965440879004237,0.6362590360193282,0.41596679974418205,-0.017166002145745696,0.3690641208395384,-0.8178434558781462,-0.4702005160471068,-1.161894543788551,0.07840943565025323,-0.6144914922858593,-0.09607671294738848,0.5655566328483707,0.8790054437471162,-1.1235769170880174,-0.3628170155338238,-2.3460543994075076,-2.303538831009909
1.3551832308292442,1.1694567932876208,1.2961584908653043,-0.4925319991442884,0.7464559673393127,-0.5274189615870393,-0.6151868232274904,-0.23973487765526655,0.4199288696399868,-0.6807846906941281,0.17178276732252257,0.8864152559395999,0.2185910098712965,-0.11533199409537095,0.3652662680196559,-0.6602248584892029,0.6268713051009731,0.38628404258825094,1.2867369836462004,-1.1449560046760465,3.976361610697644,3.1814175123387467
0.0360120806313385,-0.29349513055316817,1.1503376549856412,-1.2227366764661787,1.986195491238018,2.0410847099241063,1.3614740334569322,1.1504686071246113,-0.5024758037219271,0.2373043201479269,0.5975368682251463,0.21890633844160487,-0.34503552646830665,-0.20938995955248302,1.2516852095849647,0.322276115396193,1.7302705719656837,0.5428389903424491,0.1649424203759923,-0.06439184592934846,2.2244580831905543,0.839015470986619
0.5197808898422649,0.12247109627010724,0.6505709027781749,0.5906995528380545,0.6492556814725128,-0.6881141778528594,-0.8371113172356462,-0.5880172781942163,-0.25182566390945876,0.23412615986937488,-0.8398136155176343,1.3714722810024929,0.5569799465988606,0.20037443657916487,0.8843620063964743,1.2483669483027182,0.20088094198801346,-0.8813999898284101,1.1071115344165074,-0.6066068655018748,3.0623370649443884,3.2650480300750577
0.5311029924172369,1.7838132265381823,0.5704068658326534,0.5224623440804692,1.0087874621980502,1.6327276341608945,-0.41778981047371727,1.772461076604262,0.5418701467570316,0.278879297939848,-0.9225667380265644,-0.2566164264305892,-0.37001516144367325,-2.4457234471082687,-0.7020952621596486,-0.9452329215913726,-0.4969499436086674,2.454310917208296,0.27566608095923084,0.5167165130664447,-3.5867058024790506,-3.9261309921937433
-1.7550105599737171,-0.5268976913452997,-1.6044261825062354,-0.26778437534051674,-0.2709312830870698,0.5097249759395621,0.35101668541015624,0.27498283005509405,-0.19055668876212797,-0.37419292490771694,-0.542741388403672,0.1352048383588909,1.408054422192001,1.2464298875656987,-1.1592865511021984,-1.6585438142247981,0.42687688254478084,0.513368677369814,0.9689555657369006,0.4206230598204249,1.0144083278851386,-0.5896176961266021
-1.1884778297887422,-1.298689368343557,-1.2496403282787079,0.2726642342853373,0.21671097313180712,0.8688389224148317,-0.3758894662534514,-0.6186157481870862,0.07573832259384983,-0.005833015001783099,-0.6093978647539862,-0.3901218187329522,0.32190749455181356,0.17867678682199634,-0.0697112273190816,0.11818062432936362,0.7335372977639787,-0.28062681247670396,0.5949653717699326,1.2791339765556202,0.6348314566567723,2.4092575622156724
-1.6706952399496586,-2.095699426653055,-0.6569151439188574,0.2439449301764638,0.41706378746151734,-0.014656608153280832,-0.3011358742877743,-0.12051567372199966,-0.1846790486982724,0.6180010801340654,0.7998226411568004,0.44448550946020937,-1.1255244273255522,-0.5873949183120545,-0.6118626983735628,-0.11914608651967906,0.4154301405732261,-1.0407796384842611,0.0024168978623124344,1.270770476678598,6.2414065046633596,3.2294950661978388
2.160413842749659,-0.5712692480691867,-0.7006228555440225,-1.1687703863251448,0.08658124183793289,-1.7516525675310994,-1.4438473529776243,-0.7072040760702462,-0.6471969098031464,-0.5475426065001054,1.2257890668934361,0.7266274256917786,-1.51980782405892,0.44398360798278913,-0.1708781343050456,1.5783788461371442,0.23446002499226887,-0.8962572662967532,-1.6528498593498309,-1.1197512781453427,6.344971497266192,3.3472268292272096
1.1568965067528718,0.9454616661406434,1.0496869202616692,0.16196816549522752,1.1381872182398123,1.2715658774944971,-0.5555923162765036,-1.6336869792070514,-0.2186359142750902,-0.1442391397745808,0.8944768209803239,-0.1795744252904983,1.860220187640402,1.442728288864231,-1.2045914062191312,-0.4192122450192708,-0.29757207805231484,0.5898674154326338,0.045804646309904766,1.2084925338113126,-5.399738415835776,-2.6854690019987086
-1.0907616543259704,0.17170048820995892,0.03072819512116224,-1.062020533082511,-0.8610466029022624,-0.4027853368319311,0.15823514561788338,0.5115452527994887,0.16304691533489715,0.40941242664218547,-0.02816007176962671,-0.075153549970926,2.6245613062655226,0.5251491406415291,0.3699259788020045,0.22605896473865156,-0.18540123361303987,0.38106616437863894,-0.047713141517188855,-0.48754694251843994,-0.41379588640138243,-2.0567939332651717
0.13487457039102713,0.6975712111982514,0.2289547444726918,0.32641357376277486,0.6641883018209309,-0.4084124925275687,0.5663592026630663,-0.734648931080249,-0.7473702982256409,-0.8280948934632296,-1.1962803019217598,-0.20840710530816386,-0.16432719266415674,0.18822998859268175,-0.008324112983558623,-0.25067943414286276,0.621348640179973,-0.278885364763365,0.2815276701429867,-0.022044351474732653,0.051634681332537125,0.8026593504296222
-1.12322081819884,-0.49550388694027797,0.5403612636959398,1.175790020752302,-0.07554688871609727,-0.01248159306874514,0.13372768914220995,1.0446665396893924,0.23260714414866035,-0.48297267728517307,-0.3341045684396086,0.3342119435970105,0.017188642176430582,-1.1633241333025632,-0.6210444783054856,-0.9814928661741203,-0.06074037313260348,-0.02874012056186507,-0.5342917721706639,-2.1153682947581527,1.9207026657699704,1.4485264834093956
1.3721870600524582,0.7606748024638318,0.17117807089721399,0.5979741327468722,2.2685061632965806,0.04940084467289235,-1.51931465680883,-0.5241373786306043,-0.6379637295897832,0.3965716938725607,1.0361431968152186,0.936345699552333,1.3060452512114373,1.2759843665631756,0.8751090357912183,1.3706283251057487,0.9845809709171569,0.4349054123803134,1.3589785749536025,1.8405170196195966,-3.174050477758331,-1.3594429567616602
-0.651591071595612,-0.8182513113178927,0.8943311461480965,0.11868120549250588,0.4849280245917799,-0.1592592367150691,0.052718025201005395,-0.5132123347472008,-0.2011884303500546,0.31203909051103945,-0.09234734912925026,0.09639257029172459,-0.7640787467240142,-0.13446452606154138,0.002373704633934546,0.7804635509057852,0.30753401684932197,-0.02009371512950391,-1.574257021346504,-1.6481794646315187,2.326882679246949,0.25643906737974
0.34789113723546156,-0.9761935250689119,-1.191456874110608,-1.0188565922000807,-2.3794881700861312,-1.5245057852908097,0.5014044935534553,-0.4412339981041351,-0.5910953632431487,-1.7616141787184032,-1.4027655255846176,-1.4955846979950744,-0.42533257509626304,0.1746547596367045,-0.4009589054967382,0.5376046140415913,-0.25408028983013387,-0.07879716844095035,-0.24641918257209633,-0.09668911415211623,-4.348148455200382,-2.97431765989329
-0.2717943775927396,0.16530557877735827,-0.5710867252348608,-0.9184152041372584,0.3762928214265578,-0.3980946118734821,-0.03171343672867985,-0.1029086867147564,0.6578991625936306,1.5210379411577932,1.1493770060395214,1.7155289508269902,-0.04043860000452968,-0.3434442197261818,-0.5344900336309245,-0.08978301597342722,-0.06392327459531588,0.2271471781534219,-0.2673373266946158,0.5844560251797796,-2.0145401307302877,-1.268401096266899
-0.8900016545778114,-0.002151344902402386,1.5389550549032758,0.6738528625373693,1.2367984527556566,-1.483178950811325,-0.45589913167963475,-0.42676048487596663,-0.8353131911003958,0.40016421296794,0.36572524508457827,-0.6984274640845596,-0.5109944834195908,-0.7115108223514285,-0.7085317925376157,0.46429641220628276,-0.39777980319901646,0.5860319558896829,-0.1463493778863905,-1.198862330423643,-0.8549216800262183,0.44760350811058297
0.2642040213278676,1.1272426336365446,-0.8330090863770429,0.17839790896737762,-0.9355026380299396,0.5425078893497871,-0.5446752120568813,0.11457468805963966,0.7693376941851476,0.2358284956669935,0.7492958597863398,1.2103084935545785,0.1524995683872101,0.3099587161229033,-0.6940654207119266,1.2027157491018954,0.2773015899686092,-0.9027872250994083,-0.216877342303435,1.1112163804515245,1.2041858777261008,-0.19803586831884434
-0.4853465442013028,0.2922758915145431,1.336955975976823,1.2519058568607893,-0.4513109482888426,-0.07045316067249174,0.3722714947517177,0.42434630874893703,-0.06278688668474088,-0.2934214638072605,-0.13725711349767442,0.9352338281178536,-0.3563145188407613,-0.12337854978353402,0.6749714397248722,1.1400826185805175,1.5057204989251862,0.3994919700310581,-0.21812658367736182,-0.4297081062458752,4.145037129788358,2.9444398032591064
-1.3293765076364308,-0.6170727309078549,-0.24876157891780512,1.6093663284489028,1.4926699123267715,1.5485530502385088,-1.2146357155984497,-1.085283503998248,-0.39268413053004797,0.38230185435797925,1.4359640747066589,-0.17402760839705797,0.3542165700573389,-0.018508860010260992,0.47840925604205375,0.37597160557276094,-1.3853040446255493,-0.4953818462474593,-1.3506688727435199,-0.6131133099532214,1.7856464890101527,5.04248756510022
0.6200166583209181,-0.3474744274513426,-0.2614825862830727,-1.5491320939682878,-1.2322045075031525,0.01717178568546145,1.323279524518587,0.9146457016622114,0.6080320425245805,0.10002551386704621,-0.47163576230698395,-0.6146769486945541,-0.161182421044504,0.4525200136748522,0.5763350013504628,-0.3899747918968892,-0.22649312137558927,1.425873997870129,-0.7576371120207047,-0.550189634292647,-4.426973573527096,-1.972063801362153
0.9999324809032214,-1.6984683714658397,-0.2846637501916401,0.15553317507055653,-0.7566445847158962,-0.7985119390035988,0.4570920902708781,0.43925261315631775,1.1166811197698339,0.5212299791479482,-1.3426713602646367,0.009401126556686531,-1.5505336786315913,0.08495724927307052,-1.4221487382580886,-0.7858052490773474,-0.2707297313321996,-1.2592661560919192,-1.924781222676713,-1.261991346072245,-0.2141142321520746,-1.8757711930353325
0.5598354565158588,0.09125017273578635,-0.952699898975894,-1.1558607453237506,-1.2327268554874105,-0.2773059419900437,-0.8197236099972339,1.0224769865613865,1.6111683513654058,-1.50724083392092,-0.5455320626974961,-1.0829967123616477,0.12683968732936104,-0.25860461207200064,-0.7058627432570832,-1.7406505930523104,-0.7197367182479734,-0.0009123712789746013,0.5851693891396642,1.9483314840714143,-2.386504446578156,-4.31993355980062
0.01826872745036495,-0.6271833202866738,0.4963213996456828,0.7899707282334222,-0.2691519050827615,-1.7910648657987347,-1.323992301926443,0.7321091099280269,0.6363855119868453,0.9230068290207221,0.5137588048303905,0.9380693345344412,-0.9901881596104353,0.7212218386486254,0.5072014780106561,1.3460688231208768,-0.7141893934534242,-1.1921810619091018,-0.2138805189098089,0.8212922938995794,0.7123071151378552,1.3936996782454378
0.017461435346629663,-0.5193095787978876,-0.3192969122525317,0.8940972485320593,1.321326620228977,2.3566489821749004,1.9315404641930563,0.059982332897121876,-0.5625176601341636,-0.5281673352229674,-2.1110291174190743,-1.04822687051037,0.22659450057378364,-0.11357659581408465,-0.2670579508085421,0.3462004686333435,-0.6066679827440385,-0.4321031666662917,0.5560796859920076,0.04884425965368729,0.8547284303685498,1.2406954211020231
1.1357213328675941,0.15448780472763274,0.006302384176144124,-1.4030009616666566,-1.1743623881501941,-1.079337262983041,0.34104399868569757,0.4679945525208633,0.29351370058335197,-0.24917400236335577,-3.011486582702554,0.4451911160058731,0.1074522004612349,-1.6063508827900606,-1.379795533922934,-0.5697574650179474,0.5699349288923058,0.20934892010357953,-1.5400567520390407,0.9181999828399526,-1.2876247035571025,-2.905212512736661
0.5062280513213024,0.8287476972105594,1.144128202427603,-0.3145409425188586,2.4106444197494126,1.2913286009714484,2.315768376285563,0.7453778542875032,1.1181291613214839,0.3032894888275085,1.4894606955136764,0.34730166097575965,0.1276618670142224,0.33937041412719887,0.578637949726892,-1.0847444569251345,-0.02248942557654691,-1.4440414614695911,-0.40722357823905675,0.04053629667616917,-0.3556517322034333,0.20806675356587817
0.7799603605157701,-0.10778460097335321,0.6689635095669846,-0.2404805185488489,-0.3983987915429172,-0.2361514151833614,-0.9165750627732872,-0.05064529312906306,0.2915084893225461,0.885192199019884,1.3589981502219401,1.452269866902318,0.24600021809920047,-0.22531933266583026,-0.84855253030115,-0.5894414098926413,0.4432224699659995,-0.6136209526813611,-1.1423805284859714,-1.6321986306078538,4.877523407598862,3.0981803069835507
0.6819800376652356,1.922380685843372,1.2561763202688365,0.7149655537439217,-0.6869724082131121,-1.5150785378648561,-0.9847162145567171,0.17798657721823735,0.16415852138654977,-0.6917243304856565,0.43392546527282455,1.2962939192134797,2.2511355150938233,1.2576995063754084,0.8093511738759367,0.20676462988339442,-0.2690907044950376,-1.6309039732082473,-1.6340218576935852,-2.9849493707841925,2.6343466034642873,4.368014044090216
-0.057000013234331105,0.4166663853215504,-0.7672195844082293,-0.22309641065915864,0.470348036329742,0.5646847765969882,0.9398568723301688,1.3610890248991254,-0.5552007832835043,0.7213307640495802,0.20087669905437217,0.17566388570871017,0.754691855661414,0.418815333823837,0.587827796312867,-0.9361003078340001,-0.6485675798292353,-0.5712783380097974,0.9641408142175856,0.19730093800544135,2.9135904381066737,1.3019455990892073
0.8806467190905986,1.5953450824158866,0.7624892173443469,0.6677485162007569,0.4175408680931468,0.8022366708838138,0.5670882703567731,0.2885245714467344,0.4739931467994162,-1.1382566544226833,-1.0505747684645792,0.3049802889104119,-0.016965554028313255,-0.342870511710501,-0.18516925628011607,-0.39873756355383333,-0.4770242091662282,-0.0768198679271125,0.5512687563140607,0.4098369297309726,0.07569708800189201,-0.5137212424563756
-1.2928403850255272,-0.16725572068642577,-0.16429656903203887,0.6598706279123832,-0.1976248423956852,-1.0633527444922106,-0.7222863007725245,-0.027166317741203518,-0.8528542731524537,-0.817104380504115,-0.7400151074100463,-0.7946319579239338,0.4907394192492536,-0.33603850364332905,0.9150986558448551,-0.38233380905724207,0.31291539493035836,1.088664293371967,-0.06788635521366436,-0.9453186415570584,-0.3901115825297772,1.2388368224571356
-0.44923197315702107,-1.0570206597258367,-0.7658897794358075,-0.43829866718328203,0.4645162597769974,-0.46900406127861555,-1.6907800220428748,-1.5913455391540445,-0.19436519083970516,-0.41806406588809586,-0.35277315391971587,-0.6405819268341169,-0.2862510068712562,-0.33082907360654995,0.457278251015978,0.21023057169010975,-0.32309648732724644,-0.7333566030186357,-0.32612284256689983,1.6578814903053556,0.27903902706428707,1.60324525622616
1.6226724338315355,1.8128875584135862,1.8740052735312949,-0.13278693111954404,-0.8070715274448113,-1.5467150086430066,-1.0050968696584184,-0.8894528973044167,-0.9937008687057152,0.6839615226411432,1.2857023393447407,1.2815349452259717,1.0623444132727853,2.382388665019814,-0.11046391458598302,-1.4196553652637256,-1.0812232537211046,-0.764566278405501,-0.4748252470670499,-1.187290316298171,6.83276386741075,5.074862577212826
0.9950161461888533,1.0511726637084635,-0.053766197910864066,1.1759674255585406,0.08935357319064446,0.09436202309679495,0.03787071642893059,-0.10856165442538147,0.928565334914366,-0.38834013678530255,-0.8350263778852391,1.3385944658839986,0.38927693294297333,-0.07314692414254084,0.7457081413738129,0.36795246004232274,0.6999030396884444,1.9315766385949515,0.8491665711087873,0.8547380794435727,-2.7651880011360426,-1.8792742657254973
-0.6156260401996692,-1.16013028282811,0.022929047305024913,-1.0109970920700702,0.9616257429507177,0.5916650594075811,0.5911549420489135,-1.404819743948458,-0.7257653447018094,0.10688076388005106,0.01578254798816998,-0.81305750997028,-1.0641233543376947,-1.3869508800163328,-1.1271675407890938,0.4629865742155363,0.5404856436011196,1.0376374752057005,0.766133432139017,0.6243288415554166,-0.8237671010283851,-1.7385758786606855
-0.2719772826769822,-0.8307312358323272,-1.7376898813947774,-2.585703485897866,-1.708381041240073,-1.613555813505387,-1.0307230062951416,-0.5201044953323445,1.2579255310545479,0.030798560653151556,0.3936111981038445,0.2645140375436582,-0.4308783284561682,0.08461385973175901,-1.0830097005643584,-1.0471092551265948,-0.7475397476704414,-0.4100020260268822,-0.32092009204115574,1.6242120865174003,-2.3038462903335692,-4.645666679167535
0.27003332047698625,0.07226875764662803,0.13312788035889722,0.6453909749687028,0.6767065719186935,-1.5043115002839058,-0.07885476284657499,1.5753858658874116,0.9509625440575196,0.0006714090018635403,-0.036630408871538477,0.11327754182618956,0.9287659481633925,-0.4188626021258946,0.04429378478764238,-0.520362799485696,-1.4857012303933652,-1.4951028647748268,1.2856615837718421,0.20874629677388473,-0.30413218691650123,0.4581418342251473
-0.2898712678128908,-0.3208568521885256,-2.4499233632405266,-0.613741876794558,-0.7870698990906317,-1.5382730216568719,-0.34169477134286796,-0.23607354473856587,-0.6058773813910647,0.1499139824203446,0.987941799824368,-0.45531100263239227,-0.4432922060119421,-1.1362230869383094,-2.3605266367733106,-1.6829033428946945,-0.9494510737576803,-1.2628137289459307,-1.868623775006741,-0.8699913176937553,-3.779723215651644,-2.44009879937878
0.8318451358958431,-1.0889020947828405,-2.0911918551282014,-0.21208349837648396,0.8208366030590343,-0.2643174359360459,-0.643013968160187,-1.1988093487859297,-1.4140193226329671,0.968323039390528,2.147827705723103,0.9713294135241238,0.5494886683838339,0.6056906393357178,-0.161819678206842,-1.0776517493272832,-0.3894308171437783,0.7968841668462237,2.076917921697067,1.769390934976572,-0.011937496358317312,-0.4582131760532574
2.7532199669648687,1.0117691875586983,0.7422756916057267,-0.9047007344899125,-0.8426192767916784,-0.30350260582441696,0.16427626573088058,0.040064348921185156,0.35940100064280944,-2.1281784940818733,-1.4468997537823467,-0.36870934737487954,0.41521572298122883,0.5654200848291592,1.17355924645923,2.565150525606243,-1.5059402058696332,-1.2825930877544602,-0.3753675074176923,0.28238847673501266,-0.46484999989712605,-1.6219100431407263
0.615970851706061,1.1743183788847067,0.05044638227380139,0.8941468056613355,-1.2713786594916165,0.047730154604787925,0.4631035500465228,0.4775759472763849,1.4452533382152057,1.422515295197682,1.0152597206701022,0.6160129521112926,0.8320953818229919,0.03607295248396544,-0.49619360460814366,0.2547529301634204,0.47923114033108255,0.8399620047008629,0.6863796819587236,0.031258375129195624,-2.417518970282027,-0.8974405935401191
-1.5237342557794598,-1.0636780201022304,-0.44696902335039385,-0.2948176900905567,-0.37231918265290614,0.48034478367718486,0.36154245596685686,-0.888057386306148,-0.32532856478158584,0.4196459190067092,0.05968872358252576,1.7928120835388948,0.18148571828020496,0.8319359288337101,0.2283528628362478,0.31904262753474827,0.8328028494742287,0.520044709924989,0.24257914342253648,-0.09740594008141917,0.65168228383022,-0.030787248014006972
-0.8036684805350436,-0.06507796501622429,0.22627803110800113,0.8482737093041388,1.5440922231239234,-0.5634754634195686,-1.6158275646171498,-2.0658744673602754,-1.438669927918595,-0.17499694864325224,-1.5635378527730446,-1.8891057004797172,-1.0559619107486977,0.038177645142557504,0.4542682251989095,-0.8131803696228113,-1.109026616875224,-0.7901119577259247,-1.2082797423323945,-0.7405607815031952,1.3840990061565361,2.380141731873319
1.3594639996450815,0.7337072655463523,1.0187361056534228,0.04865169503876633,0.6931072646154836,-0.1673720853635418,-0.8076985352999762,0.5663916126789621,-0.29855205347994707,0.022190456312983237,-1.1151535119350298,-1.4835865348370787,-0.15796293820301108,-1.1550285607129664,0.6124196125502718,0.035162671714681716,1.0914620289826218,0.39640938927600616,-0.5290809214172449,-0.9278956862895411,-8.147332008075745,-2.8125304082364853
0.622447420511471,1.9056359108300103,0.7747297944741874,-1.2574130596608235,-1.6891299232066244,-0.7986059182716383,-0.14368691692611052,0.6207700689503746,0.9836459306110126,0.628530189156794,0.3797245448573452,-2.044759724647032,-1.774744030043211,-0.5547112630024289,-0.943078140099877,-1.2486481198866857,-1.068643412690165,-0.08327115855594715,-0.41674374266289904,-0.6532510616623428,-3.999574920562847,-6.2598133224109995
0.8166073463182578,0.39451821053638425,-0.5618953881777257,-0.5829471558841878,0.8284828578535226,0.2704533125150743,-0.6631231552592082,0.5058979624395297,-1.08965142353514,-1.651016152323959,-1.5880050531334444,-1.1126669921162038,0.4202104043328905,0.5491345884980118,-0.7254203420715608,0.5073043266511637,0.350391583473171,0.39856604807117124,0.14083908283379434,-0.6312456669178405,-5.730553928388334,-1.965038139583452
1.4662103201328276,0.7513619709532935,-0.3823354171930606,0.059518191102891936,1.6405586229353968,0.5434790769288936,0.9303182524494998,0.6426229784600065,1.1943285286979952,1.8583159145952923,0.5976384224058957,-1.513390395878381,-1.6437270748264003,-2.169337307601028,-1.9601191948374534,-0.07118316228552173,-0.4692236342147266,0.03983604476276972,-0.35199501967913155,0.09008487928310155,-4.077698424123667,-5.800558361144353
0.1692327141055465,0.8736290181707984,0.7594942772811627,-0.8895468740017569,-0.5266262607453616,1.4515338843912933,1.5304703704034543,1.7056355758307675,-0.1274294462431898,-0.039151711741217135,-0.9185633781182401,-0.5741508123805181,-0.5412545303710209,0.4305084200956571,0.6043134844925007,-0.17400974491020194,-0.3669797545043978,1.378198848970468,0.4453276070872147,1.1352378404049148,-1.4567514724648631,-2.050932274414157
0.04654213327333876,-1.402437422485548,-0.9268227422640501,0.15813195152102386,0.1794267631241455,-1.7852282295048862,0.08776372952862968,-1.1929098100599322,-1.2433557502500898,-1.2061920979725056,0.5044185857291442,0.04864879315681021,-0.9739004911292619,0.6062528376277042,-0.29909454429197596,-0.7686039968106388,-0.6915320221452896,-0.00621111254431644,0.49704717714539176,1.2691642867252233,0.07062074633810067,0.7535220736169772
-1.2892912792924007,-0.9745585861978421,0.14545388596424638,-1.0492880776067228,-0.006915181930962115,0.6055809304425324,0.04700714693215897,-0.8810095438688423,-1.4288001374036694,-0.04396590249263245,-0.9965297901227104,-0.7335174880976272,-0.023435623590947117,0.7883309551449844,0.7204304392959813,0.317754030540011,1.3181394176111358,0.6767704683350635,-1.9620925605998991,-1.141155494520293,0.9135312074928819,-1.2011280915669693
0.07268873426293312,0.5875823055606195,0.25958666238689704,0.739995176875284,-1.525902382277231,0.7883018571043482,1.853560803857112,-0.052064905394510926,0.11457835287398847,-0.7385715507924027,0.4357070563659158,-0.3282434552101449,0.5934615263882025,-0.9659875692153819,0.12182018638271555,0.2749603690265679,-0.6592329654424025,-0.20118764792787305,1.2219632855299365,-0.6491978613921381,-3.2451031220451148,1.0086883521455603
-1.9995170009453735,-0.8950533121152009,-0.2278155677823305,0.2701896304560834,0.07974101892169723,1.0031479455796757,2.456618490479853,1.3595218876702229,0.48330361478659856,2.355029682671917,1.8024010238636547,1.071800974079371,2.1982042738667986,1.8377298878137258,1.0264856334236236,0.0048606836047858076,-0.3268060897829478,0.6493371711814065,-1.2776413248526002,0.43321301379674987,2.284126774585147,1.1168532813881344
0.6991746158149513,1.1317337635902793,0.6945605936020242,1.7150770433011706,0.7962383631273159,-0.20253300084963605,-0.1193707830785542,-0.9392118099242106,0.46103990705554454,1.2827726958975376,0.3058920180623598,1.0277952240825246,1.0990627017479382,0.06531504142569423,-0.37340255824018664,0.11176136716338292,-0.5742706395347961,-0.795340209732944,-1.7757794232092097,-2.246946065760392,6.773615577905046,4.836392857738837
-0.23866879522376352,-1.210718950004413,-0.6236141677569048,-0.2614578226668547,-1.2311145612268262,0.9433009830250089,-0.5380698831879575,-1.3283603561163935,0.5805274141255183,-0.7731405637144281,-0.4792341861925522,0.17512403306930185,0.3609042412216724,-0.15358358043254547,-0.06906173017503303,-2.145085190697682,-0.5267469708853896,0.8042385775074217,0.9819842388607745,0.7682949432634565,1.8084253471445977,-1.501790242856448
1.2116795161999458,0.3440030270867316,-0.2986890506126402,-1.1282079157374802,-1.0027082002216339,-2.9922058210705105,-0.05079626526892623,1.6167143421443184,0.39198085385143544,-0.20162196466415971,-0.8631359478159163,0.9921622986403208,1.2445326669233052,0.1777234325554513,-0.5641505021556253,1.3436945199604475,0.9515562617015181,0.9521261305879135,1.076594029170985,1.1564909584539658,-1.777309886703947,-2.3089095822589556
-0.8883462381402863,-1.210207090293706,-0.6446340169425507,0.07624994078711272,-0.5041815710192825,-0.7743746680234014,-0.5591687897388778,-1.236913183212837,0.6747437180569056,0.4597972958493255,0.5926762525869045,-0.35069378805626,-0.2082010751799374,-0.0045921219677734874,-0.7101085251610946,1.4044858206353303,1.4150209372160931,0.5518630463372897,0.5990942402360593,0.6709419262039191,-4.337331068439903,-1.0762487382796848
-0.17153622888230527,-0.44176305049114667,-0.5790453915206839,-0.8344729289795672,0.31597905558666695,-0.23938389248724265,-1.2340559335589456,-0.22764503787409376,0.7199458962600684,0.9512411713508406,-0.9052941099937464,-0.48998044152043124,0.32123117137133006,0.04718181587544185,-0.0010793800651360177,2.0886646118410437,2.301010819052678,0.1640417954381722,0.5532011216345322,0.5222379222934623,-2.088522739830683,-2.352715793655455
-0.6416157701303318,0.01734997773453476,0.3823477294978521,0.22552261201660487,0.4019438858478456,-0.6143143320613456,0.49443192729489926,-0.8244607518053451,0.364531280401116,0.8461578920551811,0.07240324724916013,0.9536419035719726,0.2206515941445635,0.3535043260449817,1.9444206010221157,0.24351729344565679,-0.8469390531497867,-1.7086110460663984,-1.40771858962661,-1.4000564109586857,1.4780026316922612,1.1521117470974382
-0.23933681147224872,0.4272726771536189,-0.8317761626332995,0.4293047554061745,-0.19789065485508742,-0.3426738570985071,-1.2705064666957957,-1.537847847915083,0.7076923495155142,0.45694357614645753,0.21005095195082105,0.6864246773606713,1.0027891360246588,2.0235944550217044,1.9853968383673473,1.9223801627688506,-0.8058020039671682,0.1547737384426516,-0.8239878058360036,-0.1970410705665386,1.6307343860350523,1.4640700417293222
0.7006150570106248,1.1508323682493464,1.0609653185823027,1.197955472954987,0.5963657416229079,0.23785132269565196,-0.6494323054801354,1.4440538694903025,0.8579938634326308,-0.5124399820775698,0.6389270454208951,-0.6392601552856155,-1.121037262245588,-0.7895187643404135,0.20112262472449235,-0.7334153163685714,0.7392277531819768,-0.5026427826267242,-0.11387972103337235,1.470205912745686,-1.420245743178814,-0.800409833789996
-1.5114166076428501,-2.3068069170496934,-2.0283549832447516,-1.389761503395724,-2.3710876873588247,-0.7730837840501825,-0.6135361236230131,0.04908046817071018,0.765534119834741,-0.3455594200107024,0.33811752724417393,-1.0636098437136627,-2.9354995461685482,0.03944274556272107,-0.8978873628607337,0.06131418149235881,1.2162136576913218,-1.1269219110620812,-0.790811279889301,-0.14825384462626445,0.35874370160046753,-3.6146359936948973
-1.0885917494874855,-0.4290742397186641,-0.38726850805556706,-1.5850652243318057,-0.2669532425898023,0.9049659101920907,-0.7296580130252445,-0.35395882651182653,0.5946021690516632,-1.043970804837817,-0.9635270507235738,-1.3876135335788429,-0.08818206278441046,-0.2261728626595289,-0.9393198119374176,-1.8621032246820102,-0.09386970664002184,0.5231165673261621,1.5393156547348186,0.2690808933859448,-2.1883959486560016,-3.8792241195757415
0.6300623076127165,1.1844695551801336,1.2131219703070226,1.347234053115474,1.7944797680451485,0.5079458299249727,0.8119628890262207,0.3829415772167801,0.23476081431577683,0.7456393473083838,-0.4994059176167043,0.3768927178801056,-0.8020652837599496,-1.3627309723776164,0.38368893742535776,0.4560323294086807,-0.8055305787825675,-1.1976710769261825,-1.1775968629067104,-0.07827650440722429,3.1745136924082593,2.2956177246441483
-0.3829691250012552,-0.9968195400212194,-0.26261528729426653,0.313071892635111,1.2850661431874533,-0.6053566296490522,1.4018179011609015,0.11267426304577291,0.42969363067637817,0.8426212177504929,0.3011002965168141,1.3914446503519173,1.4835306155112435,2.2828656497194357,1.2960120864251237,1.8076315052126382,0.8761712539713729,0.6505504068810556,-0.45741738519622294,1.3610365248182406,0.16526702313548264,-0.13576934772684812
-0.9358117085818481,0.315967175492428,0.36676387783652314,1.603238165879465,0.5713230711844868,-0.2396627244031883,-1.660493245018911,-0.40367740979549843,-0.7104084716840677,-1.1358904607977613,-0.09245804912921624,-0.32595516222032106,0.4759102592693069,1.9966500352451924,-0.1231936191427256,-0.22113400231192365,-0.9009803713286372,-1.4785651702481633,-0.09747744093667837,0.39887973677430927,7.161092957940712,6.140158845893478
-0.8819646427938882,-0.8609088177538835,-1.8229366902533177,-0.5418516461485665,-0.9670779011989417,-1.8321020817031939,-0.9776604306831747,-1.4572444346840985,-1.512676009439224,-1.2517025129214163,-1.908608155812159,-1.1632859673649827,-0.8271362415920156,-0.4718477057158336,0.06694730430687947,1.0141233653454034,0.0669224412278057,0.09051724124114523,-0.7745678170819054,-1.3600125923454243,-2.8562306071559034,-1.7882868670164644
0.7557625868191741,0.30166251570343267,0.4417131814180919,1.302097833437489,1.8279940791776859,0.8958714087154845,-0.02501919225258803,-1.360394036016297,-0.6370410598363596,-0.7045846505179937,-0.08770117301740579,1.0882774784178129,1.5145988299946596,1.4886481321417022,1.1070893199860443,0.8101543043215307,0.4217625761271627,-0.326648034922561,-0.8910763249694515,-0.8683081625029117,4.1577088753612905,5.063215374928374
-0.4551322179224156,0.5220944686302624,-0.0016745949894661511,-0.18908450728243387,0.9477729675928404,-0.28401410253117004,0.45142655791468234,0.43370567276554856,0.31079796170865864,-0.5996534826140427,0.34479814524860714,-0.7712061501877582,1.2564506493902412,0.6574857507211531,-0.26813530278773645,0.15144670359276433,1.17148461923271,0.7686298155925608,2.2542693983782307,0.7541462511625675,-1.1414202567903569,-1.428503682726928
-0.820762191996613,0.33177437696296064,0.6474351326334025,-1.008411466635435,-1.0425991832368529,0.18933846724864672,-0.17195576190815468,-0.9629814031698469,-0.6943419800123837,-0.600013415934707,0.7906194221950174,-1.143758664223107,-1.2235344948055764,-0.6659049036285956,0.9479623437288294,1.0432337878342604,0.7188426337136609,-0.11070752338265727,0.408611983589744,0.9072877668620987,0.5270738006682886,1.0553326074768212
0.15594519204935317,-0.4658569924850603,0.9045272667362424,-0.5232050959047186,-0.2796989434549926,0.4552388117861309,-0.859069843472887,0.17696641769918456,0.20391111775066575,0.3260112874481491,0.7989328220299949,-0.8697614496646757,-1.1493907346503713,-1.4632352080205282,0.0846239285223534,-0.32409712421297415,1.6991086254215255,2.2445814540621614,1.3017944758465172,1.1304861272262958,-3.5984049789493104,-3.9967066784289464
0.22846230718308108,-1.869892918127905,-1.0246834211731737,0.742366832723215,-0.2349109215140156,0.17893934095486763,0.45944865544264607,0.5562664325761199,1.5196973479656224,0.7735712969922849,0.48245551099289674,0.3799031559244759,0.8337407363550886,-1.1204556472006753,-0.6312438022195617,0.07207720828876578,-0.574054373232245,0.30830246896729263,1.328668338718041,1.8484207849173664,-0.7937898663886749,-2.768282910524921
-0.6590345348949065,-1.137476109302479,0.49225775070907934,0.8664632091033863,0.057919443896926895,0.042536124663829715,0.0733272066395171,-0.35448627596309823,0.868530182423117,-1.2407507279799592,0.08441579846681113,-1.0383602534456686,-0.1849730391242543,-0.6653148394110304,0.7691826821940074,1.097803226244551,1.3644322402277842,-0.01824774248100504,0.6247177268716879,0.9127767464806398,1.0043578299225961,1.5354672586377363
1.03927639440244,0.6450021605746925,-0.41455227816603113,-0.3137921978207431,0.8043751218489077,0.45977009873416613,0.016793000248970846,0.2797132340073866,0.362820796096454,1.397192955315192,1.8296873863743248,0.39053034791398433,0.3355435826019194,0.3496647484662738,0.9381653410501162,-0.39178462236784306,-2.1028147932386956,-1.1936631069537755,0.4523464991140997,0.9995849142037224,-1.0413829885341994,0.6151681401701495
0.6536333840970419,0.03494036500353358,-0.5136647992791434,0.17990253825301167,0.04688163710222246,-0.7283356301682755,0.28604942257031485,1.1105589596845302,0.34380751193839415,-0.06358003392273295,0.014434206509173823,0.13166361913014368,0.441182760373829,0.10897195639787541,0.49953952050632056,1.0374867267851426,0.9994499308888889,-0.6741466027572751,0.2784522227042946,-0.8239766798078433,-2.0086300911918964,0.5341579761259573
2.1471305983603015,2.34602191019401,2.1876509556084383,0.7217991891583045,0.6928383725619575,0.04163842750973067,-0.3529720627225251,0.16828432639365085,-0.08566700297025437,-0.5683036258874259,-0.5624123869239989,2.2779381477851097,-0.03818842020435024,-0.132045434735095,-0.1376622229117668,0.42075431981039607,0.7455674497096768,1.0618629008396068,-0.7018133455222826,-0.6651146079364961,9.817484940138907,7.734457440910795
-1.5836685653538718,-1.6109163399974793,-2.7135090885775113,-2.1883088856039112,-1.3963820310101074,0.20100239687724544,1.5305016436151089,1.3226654829786506,0.40697811021597285,0.0260556917765451,1.1935983029571469,-1.7266588180873725,-0.06446146064175715,-0.5628106423680834,0.4215832765321778,0.7320493381048068,-0.5393987848543073,-1.0313523533503175,-0.05633510566220902,1.0508346561146313,0.9698931559574222,0.016409366628517108
1.6399944986602166,1.2582650659580896,0.6687329666307286,-0.876266964477361,-0.7681624817633123,2.0158657622304754,1.0093762745988368,0.7429589816782067,0.3983879795779086,0.06589492212799264,1.0316353866150945,0.1711800257850618,1.3125276971314264,-0.7825840145533339,-1.7111679331274583,-1.3688688599850252,-2.1645528345142493,-1.8172373038574097,-0.782776207142766,-0.5244368938329947,0.40037720261865306,-0.968130631065213
1.289395489244276,1.6006290091777091,2.357804567204582,-0.022951531507209192,0.45023806181572884,-1.0456384330209525,-0.2783880843613241,-1.119345973338399,-1.9306460108600276,-0.8266468845780179,-1.4921665701239974,-1.1449939707110781,-0.05206070911202525,-0.16002914712326227,-0.7636484027204827,0.914198500340107,0.9439376277072711,0.011633448518427516,0.0646956577226061,0.7538732958612719,-1.62947953242946,-1.8510242076830843
0.24728844108716047,0.1417959548185979,-1.0634014836777295,-1.0107261753711743,-1.1583142445891914,0.3063513226974217,0.13112985248928533,0.8318131142848186,1.0572246761435122,1.3708085316123597,0.6574745755024524,1.3073642361278253,-0.2856964817255608,-0.8600889412010476,-0.4714957836717944,0.8387626743070598,1.409033845905576,-0.1588308712239856,-0.39533103920082224,0.18614575958024945,0.32950750387045624,-0.9915488688212832
1.0606607311515084,-0.9191438086725665,1.4449285942844343,0.6252431994555311,-1.3539881252423571,-1.7998162013000334,-0.41257389889299884,-1.3034930497340695,0.8753513013878297,-1.003412869391352,-0.7113462764246692,0.328272914753916,-1.6326426680601471,-1.9196669145053107,0.18289543886010623,0.05852158126578361,1.2377931805866704,0.34467873560157974,-0.14588863910231967,0.1190801496801448,-3.531442887269998,-1.2311703723867498
-0.5833300656719557,0.057468200745496995,-0.826633041347785,-1.4678956588569199,0.5874731554199636,-0.5770991578648682,-1.5555938314818947,-0.0828262697597947,-0.23076059460499507,0.20288400676519464,0.7444549901474251,-1.1756877379167314,-1.0378664466791088,-1.7160500471488067,-1.2579667331741065,-1.2368886397365133,-2.1060492280285477,-0.7104688509314407,0.46945324201557775,1.0322233267381775,0.3229088319990632,-1.1830530170676272
-0.08884793244823079,-0.06465174831663827,-0.7408774851871388,-2.3520077197255067,-1.623774087800128,-1.002606040096168,-0.2213028429623848,-0.956931910749839,-2.7326139475833013,-0.7868130442925663,-0.3309574087879892,-1.2612196338470674,0.403936757411184,0.03556052080872965,0.6585113092628964,-1.4089361683774138,-1.201747918033353,0.4219673395191514,0.5050026640240002,-0.5540453526165836,-1.8390845649422616,-1.3233292355899957
0.8395277956144002,-0.9777849789619424,-0.3596025962114587,1.8068502757103015,0.584492628244725,-0.8611100854161837,-0.3787647127116887,-0.2342481022524141,1.4636512238279515,1.8705608859906018,2.1323311021791573,-0.03340132183081701,0.08480690076209178,0.0009612647968930657,-0.6714125310098088,-0.49662283327682405,1.0605512329598321,0.5667128855527737,0.47499722739656614,-1.1719518868447416,-0.6682314108403538,0.034293193500858965
-0.680701965839722,0.5557979293082999,0.2405095765706049,0.37551293236443123,0.5539147545553996,-0.8280511771802866,0.7849356678021355,0.11117562748629561,-0.8772985287614917,-0.20701837793962027,0.3061458808690846,1.3491004604838048,1.7492828629844583,0.03843652343717143,-0.3052079081960589,0.30456502077683145,-0.5305197522520461,0.5091393329921949,-0.08594908541432456,-0.9629665254747979,1.714104207540908,2.743503783509864
-1.1961388974467049,0.4296179493785577,0.5052544434087639,0.5537967150244666,0.9219715018594071,0.5525392710367415,0.44734779380294776,1.0101347332318982,0.9308771314853289,1.4026475742139677,1.500483488891512,0.4799846621841092,2.9569059813990473,1.0889091573781962,1.2640264356250384,0.6690891119084459,-0.17386640344232376,1.3276647125983752,0.6676527922231846,0.6145230227965693,0.7220236970076576,0.3402136742142289
0.7023053001653001,0.8598289096936798,-0.4643303713350829,0.23528506825059828,0.10962429390258502,0.9809152112010506,0.21407366260383523,0.26590207393431897,-0.6206486889774642,-0.9878426732997901,-1.2526493965913261,-0.7738237119445398,-1.2776471736937747,0.16511760867516376,-0.15611376118486847,-1.1097152664822791,-0.1296187813297259,-0.35001189314125103,0.42993547956549727,-0.3213790318898225,0.05260304360732243,-0.3681142076150864
0.40553125615524216,-1.7132789657674634,0.614910773577595,-1.2184181995937335,-1.8453903862241163,-0.01839784925785926,0.6673124029550458,0.7968650383222278,-0.2854591599713579,0.9933281104038175,-1.1825049977342643,0.36862806457408026,0.3857145116440148,-0.48926597213003914,-0.7992738349429388,-0.07462862504382237,0.374680339895164,-0.7930668725205987,-0.38862222812677794,0.0784721536076281,0.2886646024409496,-1.1646579146834668
0.979697749196813,0.5771073626760469,0.22234069830263262,-0.19828905279221426,0.31483438424751303,1.666249175122029,-0.8179044615216046,-0.32972852372952854,-0.10249385312248434,-0.5845877530357608,-1.6542618286437294,-1.7852057494168034,-0.631299614537118,0.7882452292738606,-0.45171428424539223,-0.4361965936366039,0.931146281194683,1.407555638558648,0.6513158561114962,1.4591486589558293,-11.672794804110593,-5.9173982197132275
-2.610027871073977,-1.8939296943237987,-0.7902895854201871,0.06599245914414,0.4174182106286583,-0.26257907667786445,0.33227968113713235,-0.1881336988635259,-0.38461164791475405,0.5040149279599185,1.4890766839051994,1.6494958990784807,1.9368860484257293,1.2118043521388173,1.490505305727302,1.293056646971101,1.0786097101098704,0.7729837888706456,1.0585245710067628,1.1651927237738307,0.3309385100409899,0.642960692600493
1.6066912051265339,1.0632353185618677,1.3312511065237818,0.638038530068505,-0.1443339771004034,-0.0291953963969339,0.7222370858234147,-0.6854743740772128,-1.4560298842878538,0.4237700981198237,0.4398331263967566,0.6288620695387975,-0.64684556057073,-0.27549287726077015,0.4770470201997199,0.8762128448794216,-0.23452580097231301,0.058434009844009566,0.24112045047624805,-0.4560278289415193,4.6709471551611035,3.6949255366517137
-1.473682882973358,-0.6684426832336741,0.7880269687674594,1.2078872451831348,0.064964530443488,0.38647034785351947,1.1534262256117933,1.1865844986314713,2.0490072120885707,1.153486139665976,-0.38646840287498524,-0.4359751429931617,0.6051614182670303,0.24659453856844388,-0.11194207713935887,-0.03802151379938513,-1.452341673612518,-2.3492697109699945,1.172994016357867,-0.8214788992486215,2.7898742311815083,2.0525407640296747
1.0148102871895712,0.41606966096144926,-0.22004186557439442,-0.9105194030923757,-0.8450018840087283,-0.5994124971508167,0.30119238229254996,0.09352929411916082,0.14112697701522361,0.9282985915124541,-0.7685436305493001,-0.2639796611239471,1.1376561046169817,-0.5596670753848519,-1.0329772264583745,-1.5248138469520385,-2.538912800402354,-1.3469105920165412,1.6567446432455646,1.5965231954957408,-4.237074099370012,-1.6064732071094119
0.847715850027252,0.0583270558626017,-0.030400840588441926,-0.48839034914930307,0.309369271151705,0.7569845092095205,1.1334629706281436,0.3468152856268472,1.7817033237785023,1.9909802792971978,-0.7149720082650981,-0.8787162019971436,-1.035555216944081,-0.8999025430277057,0.031400986878465605,-0.7901091758799608,-0.6105498604403427,0.2096370923913651,2.433144276235945,1.4090514655727788,-6.372092834767626,-4.271289767983842
2.3275526591752453,0.5944742216108534,0.34317466517848844,-0.44054375541379137,-0.24661288307813967,0.4441358975165901,0.8572694062455156,0.9590726084555732,-0.27344249372405527,-1.7277138157394551,-1.0795053638728702,-0.9479181540707036,-0.8919137808546368,0.13841162033483576,-0.05923927323421588,-0.650757883649483,-0.7799570153154298,1.159447348177,1.6085553046544452,1.6873987717122578,-6.302284316856904,-6.755727605762154
0.5820620910819109,2.73164996450154,2.374656899399569,2.2936560333854974,0.8789970469241939,-0.634575207525288,-0.32670500648813655,-0.3136384930519528,0.8603191422374196,-1.1248655873521811,-1.0410319413557803,-0.45251741370914683,-1.353222196094823,0.16706526616282455,1.1628220470066897,0.2918821050552187,1.0803229254707827,-0.6650705948618257,-0.16114568606062923,0.734294026747744,0.9472971751980316,1.0546259914817113
0.3895794392109919,0.3111738702652024,0.18913790435648167,0.07117698930227473,-0.7560973831071761,-0.3937898843713151,0.10973460130289785,1.0319669443927395,-0.2615411971833257,-0.11143213442917771,0.1702786336156703,0.9956063797887704,1.4496831572705715,1.3428557096768203,-0.05769775132018354,0.7412552642790761,1.429553290195556,-0.8353469700801817,0.19133208266756585,-0.4413667750470936,-2.0530039736609695,1.7223034657837064
1.3540865697078652,1.2768765644614564,2.099921111874443,1.3139333817271006,-0.9915060749553551,-1.163014518337323,0.753429561558344,0.8949665178433899,0.328283873315561,-0.0884931938306163,0.603685867533015,0.4782078646274039,-0.28292827021503275,0.1483441833365513,0.17937927325874625,0.792878858717453,0.29669552179350506,-1.20006940882946,0.37654176495149244,-0.9013768989228281,1.9087292098595778,2.191250779395523
-0.41893584491565194,-0.46355062260777213,-1.4937792916961978,0.08242768908920745,-0.30012152752781945,0.4349691785861662,-1.0119096261655272,-0.3421265559485036,1.4983407809884948,0.9376850796867728,0.6576987105506436,2.1093079631622413,0.7199858790248506,0.8427499021364177,-0.8163400129173409,-0.637026347303427,-0.4052173777727411,0.6934200427615488,1.8956396182467041,1.4234010333098839,-3.9878833127352893,-2.829002763844337
0.36633949300968405,-0.27599522116038744,1.094317238768632,1.1900728691963958,-0.08401828077657117,-0.21736164424379545,1.0130447787790209,0.7392405449020489,-0.5021036981103899,0.7777971080655524,-0.3618019664107461,-2.079904101873326,-2.002939153908764,-2.4075214207056574,-1.0361445291829066,0.8562305257074954,1.0293504292595972,0.019791685850329952,1.6487280171258758,0.7184027447457131,-1.8062624128673115,-1.1648888687446592
1.00216342381094,0.055270784144598635,-0.8639303420888604,0.41539930829058413,-1.592814461783635,-0.9634820212935172,-0.2210086819112934,0.11612951694095301,-0.13434190136827476,0.16713629098799254,1.745885408037617,-1.0769347453747706,-0.2562058956053931,-1.1138181174162027,-0.48511967042070664,-0.715559883636949,0.021114366792657446,-0.34243661341995635,-0.8709399536484587,-1.5239073917108497,-3.9365009427366218,-1.4208706262713948
-0.9939372383985976,-0.034137401226652576,-0.09216142199293251,-1.1398016735525238,-1.3764863950853412,0.2425334427919416,-0.636008836546275,0.6456324243926229,0.4207478037946696,0.24494320477258025,-0.5530440660431175,-0.87411085565493,-0.505892380802437,-1.5568857213791034,0.22319509583475147,0.4476726650798825,-0.07995578419668345,0.6514316115782496,-0.13970005367781213,0.4476173412598884,-3.5299431013579214,-2.195612585023774
1.1113755744113292,1.1515304841039438,0.4063536168921094,-0.5772070221003317,1.2104681970099296,1.4858417805094448,-0.47988992761893295,-0.7391627979829202,-0.22693975822472187,0.16793703061310997,0.6641292535482957,-0.10186003985943944,-0.9601914184846266,-0.899082719602464,-0.6215386320080444,-0.2303730836185903,-1.7601278059927388,-1.2831481744724649,-1.066146639590014,-1.301876158233114,1.1961731307381696,-0.21576169497984476
-0.02881197506654096,-0.029651803406632857,0.6110047292001857,0.32964786711011784,0.3054910110735212,1.3383759034279687,1.8062118469077646,0.914491285338766,0.5343395264930039,0.9498529424808886,-0.7224050901766421,-2.105548418024948,-0.8960031673920623,-1.3163789432294044,-0.8168571320380433,-1.5635019249927506,-1.0317796927324616,-0.7510450662599073,-0.8473329541923993,1.9605592847346607,3.2842492034348103,1.8584942740159538
0.19183175989807422,-0.735661404459653,0.3111064989453611,-0.009064981489660638,0.3009275677232008,0.8023604622608631,-0.7368100680008183,0.9167476450806132,-1.2017353781315836,-1.2131460129338547,-0.9295322763068105,-2.4803600744954934,-0.9619755061804076,0.9304071877717761,-0.1231265902046383,0.18771100736510818,-0.9913991069862437,-0.2888935550636259,-0.6178889179908184,-0.7961495319761053,1.2767574625928186,-2.263321931174726
-0.5606419940662827,-0.33766578385373264,-0.6031239418251432,-0.057268140247051694,-0.6856261712832191,-0.39118693441111696,-0.2524371511679598,-1.9025338578150102,0.3271373111654494,-0.17779603823307502,0.4127873227434698,-0.005413797165508241,-1.0731392622171974,-1.1577463280409495,-0.6844034781323851,0.6678038662585818,2.438888327557221,0.775511876914464,1.6129394358997133,1.111148808692561,-1.6193555622905704,-1.4001151929613458
0.18958712561141425,0.7720322694251178,0.8143547056944439,1.022904623879887,0.590052172418267,0.038159386073931656,-0.668457141180313,-0.5603980822805606,0.4906798400836217,-0.6111542179594788,-0.190716189183513,0.5401059357137599,0.21290537843769333,-1.1993992060089904,0.6485451995952514,1.2980689871883246,0.49820667730547524,2.1978444648924422,1.8757497318427063,1.2953162482978366,-0.015653490236859913,-3.2498408653335806
0.5405048911696795,0.016479752768680977,2.0730725987460734,-1.08482039958748,-0.14810975921827665,-1.2262096831658897,-1.9972483545699662,0.9638382794419642,0.29555593527530494,0.21122960999675322,-0.0787030455687065,-0.009920260167264824,-0.8882760588877039,1.5955018076962701,-0.04386785928293732,-1.8458752089204378,1.0673883632800716,0.4522495391840328,-0.10302172002369694,0.26772646619812973,-3.2343986059675482,-1.8971834388639957
-0.28497735483615033,-0.6220740235527982,-0.1896486459886661,0.045109505401839924,0.4698307276047368,0.34659393127523735,-0.2569968800782502,-0.9747347897475941,1.2405942402465218,0.6707304432047931,1.1099006663390398,0.8843243269606792,0.9473034923690277,-0.20302448130511005,0.07480343719662479,-1.1364205842950434,-0.009100095246703204,-1.8238891762767768,-1.4305137763130187,-0.27012936827383943,-2.161688066339888,-0.017198542751514945
0.6964296250308536,0.9389616511982044,0.36335558516368316,0.13597883340575473,0.10909376830000497,0.11574660897795783,1.59777428150046,0.9402187053284077,1.637706866614627,0.4770508200157904,-1.292924284378935,0.702144188607446,0.8285246173013305,0.6971547314750496,0.8129833206186284,0.7662950101836445,1.0200029586626955,2.41900418921258,0.689255605200242,-0.7008795277962997,-1.270066337394779,0.8559511314724226
-1.0005050120164478,0.6077649829373502,-1.3731358045842013,-1.6301233446156143,-1.4372064205771027,-0.4355201525606137,-0.7623568529656941,0.12173545049966948,-0.11424505069187504,-1.483942301565054,-2.3639769248248808,-1.7978262924338286,-2.1454990404332555,-3.3263705173123324,-2.0335441811903334,-1.701033719993092,0.3791938255639955,0.49877050495408787,0.7736501733800613,-0.8371403990478485,-7.439685240069135,-6.325872265762484
-0.5386528351857413,0.008373301902764429,0.15209832010336438,0.7528475159124766,-0.767572623483314,-0.6203156088800504,-0.004957942721271385,-0.2720629734534002,0.8373494814552134,0.2063193298831184,0.6361284996864921,0.5051156196431102,0.7662132771028485,1.49464266916642,1.029693742340162,-0.16620727101789956,0.8804688144801491,0.4509082737475849,0.31605447762667493,1.355127731378831,1.1837790916302429,0.172784948666731
-0.2039840735241933,-1.340964104928846,0.054651151761091296,-0.47474755747313224,0.6385145581633695,-0.5999338438693079,0.5966301427687937,0.5426561901079135,1.1769534340079517,-0.4869573201548573,-0.572432363705303,0.4332845290991857,-0.5869693940859398,-1.1450915707070937,0.016444486327727083,-0.31597931800249585,-0.23419842137208144,-1.787563335851856,-1.9923870333117226,-0.410418257003277,-1.490795732707633,-1.700350390097806
-1.5466986735074082,-0.6433436568038056,-0.3528510439560034,-0.11097165295789867,-0.8020408068742184,-0.45384944168537766,0.20258379948311636,-1.7351976600758243,-0.3317337974549308,-0.7733573688496465,-0.030795122916112975,1.1642413722140657,1.1987076054465888,0.027378982185304133,0.973134314506232,-0.63331651907919,0.3673318015538449,0.43174257036127933,-0.3922635606476037,-0.7614363432004541,1.5378072864918066,0.6397519275616773
-0.12566035669803882,0.3426193333968608,-0.5519304771152446,-1.2702877445244907,-0.35819247257572145,-0.3370489392269064,-0.5228220757501728,-0.7539845708075628,-1.1965278375130266,-0.8002020798231759,-0.19487023798356573,-0.9040522906559766,-0.05985840494980542,-1.20067915017982,-0.6807420143412923,-0.9835788317696339,-0.9552860692707236,-0.9710097011335684,-1.1357272483635534,0.09549473597477023,-2.4843213758870686,-1.097428682987326
0.25073304786078027,0.307071383594127,-0.014023807968024552,-1.6345910217987485,-1.415542087632904,0.41687587963358413,0.9124054259736043,0.6244370203849889,1.3157375674488203,-0.5147217045950759,-1.0634607786658712,0.8148301329095725,-0.33154063531639,-0.10986653339164745,0.8932663935284828,0.4446365342353211,0.9024065027309593,-0.07155981548685085,1.2980386895180749,1.946776442476584,-5.836215642245977,-2.668953973400162
1.6280270900217635,-0.2180617121241658,-1.0088895987477453,-1.2132505392619648,0.5655554151402394,0.27899149149969654,0.6206999436809016,0.24692836467813264,0.07447594858714203,-0.5461556163387037,-0.7372832509271858,-0.9539606368702527,-0.22260166453478208,1.2298598757092694,1.200817313084121,-0.6177598992921105,-0.1986041988159061,0.2865467924938258,0.7480783911247784,-1.2873965160468877,-3.087726752034042,-1.0993690800284073
-0.08969610432527017,-0.39999443046307737,-0.4863721438540663,-0.30843916361045676,-0.03299067313469046,-1.651755492109498,-0.053808945696069144,0.5750545116348518,0.17001592950133407,-0.8677624834695149,-0.3978656395348374,-0.6386281901437577,-1.104089074055215,-1.4670986960293546,-0.41072083385084757,-0.25894158093163455,1.929891610958763,1.13056372912325,-0.37201718264482103,-0.5830248902810655,-0.2225051667043847,-2.1372482217465323
0.5095333275696702,0.7964396090415335,0.9361804741431806,-0.5021616736361082,1.2714889725820033,0.28076490382562996,-0.06792834307051906,-1.0177970556345142,0.4479265289616133,0.7400257175633045,0.177299056913912,0.5188409794169365,0.2509473040500114,1.0379778520711485,0.9430710956354571,-1.4871282167133193,-0.9003243788681686,-0.6932134409296564,0.49981157112315544,0.42367353457604134,-4.197188433667613,0.2052148234493358
1.6516732959811578,1.6414379711273346,0.6306316434789571,2.1279102561355225,0.9642410001621777,0.38420131243071426,0.8550193212252735,-0.5264524829199773,-0.45664025324317326,1.2435757398949507,-0.05522570759256572,1.3250592288541114,1.562106329168499,1.764414068062596,1.343022391957129,1.3389796096221342,0.6350159659272681,-0.9513394585125339,-0.20149191617827852,1.8268134855684979,0.8889570774759334,0.5452566155028031
0.8834353813676628,1.1547908348994458,0.20754429702672805,-0.13517223421957072,-0.04254110402857036,-0.1176525426838644,0.8125979404687377,1.2034766665328103,-0.1004799868885771,-0.5696798611418856,1.3498121436371882,0.5125751923821467,1.0713057331845994,-0.16763638929578045,-1.8581143622288097,-2.4002157823581602,-0.14375660693761824,0.6172081928826497,0.16406952519363824,-0.23122658943417188,0.3485965942592971,0.027152499892683632
0.056880003898150455,2.3513217592830005,0.6211448836814667,0.12150171784804509,1.8713399784452711,1.3279637613929194,0.29593138954809123,0.6362211573726604,0.3002147574701176,1.3593475428919626,-0.3269360228410854,-1.2569369525298744,-1.357784300737339,1.3783688713416447,0.7749501651342027,2.6509000919325625,1.0472888431924132,-0.6162984515002986,-2.128742346809439,-0.762426054970898,0.7075884163915911,-0.8013516246633425
0.7130727825387322,-0.6267258864267947,-0.20081513634837722,-0.7861007666778848,0.09297817204258585,0.11067238493190927,1.2220869001945833,0.8208712448046251,0.47313981619785933,1.0471451329873702,-0.8240851603570785,0.14825000404929628,0.5142664840516465,-0.2902419100076691,-1.042705025125581,-1.2299256358177857,-1.0813293375148325,-0.5265657108516002,-0.4819297993731671,-1.4984584637712668,-1.3498379088748047,-1.1429497730924445
0.8564039209088858,0.9904060908969197,0.6590991945773422,-0.5264145795805057,-1.189010121987577,-0.8493420379684791,-1.3198683636524604,-0.6236595285364931,0.14255824844816367,0.8321754570163636,-0.33253167173008513,-1.263697431327347,-2.4104691660088187,-2.017030689958638,-1.7294490645145273,0.45618438333093175,0.8356186551643913,-0.1193891332371951,-0.719593397104401,-0.32774674512641966,-3.694162963512109,-4.0431059858553295
-0.6625427020000312,1.1128237536885077,0.8409136510138218,0.1503604956783133,1.0134888636117265,1.1375033837878719,1.6594940108669487,0.6440221917585497,0.33100604398858996,-0.4321621713670423,-1.5251191965550797,-0.24261065470324925,0.2752521681562736,0.24408147441211095,-0.43295595538437814,0.006787581742111415,-0.017255900342832392,0.038628648087823805,0.5465442152375962,-0.24991049327969772,-3.425713503111006,-0.34846078157723953
-2.1466081497276073,-0.2864890658926871,-0.4923402664070271,-0.6264680499455827,-1.3440351724975719,-0.3810715489257757,0.06998583023170986,0.25842732803355506,0.4208660959186123,0.3037067091452775,1.127093851268099,1.0665532166938865,0.9161258423409495,-0.3343375199009093,0.7819951471119786,1.1506127385474898,-1.2060409723905043,0.3844678369120049,0.27838670386431563,-0.2706617587379698,-4.290857893814702,-1.8422658992323133
-0.22392960312429977,0.3935293355051574,0.43838630691429903,0.4871407040518835,0.5613211319008571,-0.2153756001814824,-0.4315927430760766,-0.5365098611024236,0.18726049957216814,0.2959602016688832,1.8963942489904586,0.44668974666981065,-0.2705167367834518,-1.168041034014037,-0.43234035802831655,0.06654201815360423,-0.4632695333879955,-2.0816378287105968,-0.4602727680916067,-0.3411853603423384,-0.32696000608233433,1.6929994879644856
0.8483883564250412,-0.48007188415891683,-1.7528028945957963,-0.11838007613796304,-0.826368598265095,-0.8692443606634098,1.2434741891180157,1.6732255592156318,0.7594164986111532,0.14319653434401428,1.419430613694481,1.1356999066673938,1.0053017399029083,0.8142478034129634,0.7008190069210195,-0.5387477606439764,-0.6755047537686217,0.21144403426485076,-0.6700237218785619,-0.40945694516423786,3.98934895403434,1.9674866535305533
-1.2072347845459135,-0.8615499270290135,-1.8771971047520077,-0.2199126338762745,0.1327411428076418,0.5916133921275588,-0.8776698510182999,-0.6773579359861998,-0.8390199283246959,-0.9552644591777778,0.21012674747376484,-0.013187771332790015,-0.4316154802331105,-2.6319059940662717,-1.742336002189404,-0.7353127670013414,-1.4261813531469272,-0.0447982191661042,0.4970609769087249,-0.43846630655793745,2.7784979884609635,-0.43509544193807975
0.2907025487333876,-1.2956715659511686,-1.5933779403848587,-2.0930910086290697,-0.9132362454939785,-0.8874566739055347,-1.785858085934684,-0.6185315105368815,-0.6150406072834714,-0.8735274399618167,-1.3336933928332964,-0.7123712928424456,0.0024857183823721006,1.8937399744672847,1.2513300141589918,0.8662117681872344,0.35945464836720303,0.3453975806309304,0.240864064058533,-0.23497992703558374,0.08955910597258887,-2.020103999306068
0.23884378880396182,-0.9950127227777509,-1.9593703566791714,-0.45822522694148227,-0.42839757390085775,-0.9812173313250337,1.9124246282112252,1.6406349805767253,1.368209099461907,1.4405412386031975,1.6956124409572682,1.5579284396604476,-0.34451635527910807,-1.217358158332275,0.06274048665275028,0.2457711248754036,-1.533884555521982,-1.0069738396515329,0.25217890005833316,1.605945953747734,2.472834513883666,-1.1806263317000467
0.42186104425232035,-0.029639142385468904,-0.0891920106336745,0.8341964335150494,1.0769895598005164,0.2734752822047498,-0.5998255394793377,-1.550817374912665,-1.5287403621508617,-0.7487759755682121,-1.596739844210564,-1.0845121586672484,-2.1657236623472276,-1.3463736377547588,-0.5398549627413638,-1.0762795657186666,-0.7989375746388525,-1.22541524302615,-0.9324355006013394,-0.08459168876894961,3.5606458785954818,1.631407630362
0.5727731570891521,-0.024839474634347696,0.011569875517112988,-0.6523348411306585,-1.7952668509579186,-1.10549545523063,-1.0922347958627239,-0.8376708588808938,-1.2208092423241872,-0.6384781014805779,0.5229519826503501,1.1794852502554545,1.213842303756527,1.5346989924495014,0.710703948774109,-0.19648947306612208,0.06949623963083017,0.4496187704100727,0.6465813222198031,0.3523012949983403,1.8598680822172748,2.0995989208464167
-0.7923279542596733,-1.5845594467783808,-1.2917454361931742,0.33519740247366214,0.3522596738438477,2.6380284892800425,1.8711870387015863,0.6848226151464388,-0.10150331367287152,0.763668938984465,1.1094860537763234,1.3800800025606763,-0.28178998382503073,-1.639435740508115,-0.476579506988581,-0.38998975693290283,1.1020798525540785,-0.26454774707070283,0.718827539092261,-0.12476049142388652,-0.3796733582615628,1.9169714618138454
0.014687815922626515,-0.4171799202948359,0.6017153362960238,0.6783650594915819,0.19470515269230967,0.03689240015274719,0.7603078892280444,1.3894253773379952,1.218775831364423,1.0663547890577034,0.26414177898024027,-0.5379115005647477,-0.7681650635442756,-1.7772285041090932,-1.1482988537672796,-0.09758560618018033,-0.7427687348090533,0.8006364791035897,0.8780461395606497,0.34404454101029,-0.6820931027487,-2.5486360106525625
-0.9142263487750766,-0.5669594837789969,0.669626605414956,0.002410754631949878,-0.7545909575331426,-1.1671986754250765,0.1307588917207162,0.14364558341176048,-0.6847929864261472,-0.565725791675705,0.6774119904907907,-0.22460200833292035,-0.2675417453044583,0.9921128905087061,1.0569711139208098,2.380754040578063,0.020695433987571107,-1.515598930231172,-1.2632018653016945,0.37125562589162436,2.9163621561336766,3.1559386979590007
-1.4575375917483349,1.8695419038250929,0.38895001834861065,-0.5571704622034762,2.1451101630676517,1.8261386933425021,2.0151358907570347,1.1432108616920176,0.850703379461594,-0.987343328495527,-1.1545539739603463,-0.1428891483843073,0.4787038355792366,0.053496639149032285,1.2454442931571996,0.879214242798125,0.5387342713846144,1.6070516009147082,1.5925557023274017,0.12500992190070215,0.41928915210893614,-1.353387229460104
0.25563352100384595,-1.5060192244052624,-1.1580471541467585,-0.27111061716157786,0.6179791452435157,1.6127970131484604,2.0984279309615617,1.1704576888307956,0.655423175550246,0.5456525269417766,-0.043815043712279504,-0.888088465693337,-1.4456796460663779,-0.8079342839144781,-0.26059221324486403,0.8611764518776063,1.0432150755689977,-0.20930046669366756,0.641823508937913,1.9510749819112263,-0.42948158261658914,-0.8920040658202149
1.5079025054757484,1.5010673071731837,2.3187700773075295,0.9867059024120106,0.8738051929316751,-0.47930430054215023,0.44676099664258856,-0.4222307206844236,0.9138965297518759,1.8716969891992234,1.984410105534301,0.442234848935431,1.070326983790633,1.0117849385497155,1.234061876710356,-1.398443708265194,-0.6216902267231108,-1.1466492064498102,0.659980410145295,-0.6440119736383552,4.865146966782233,1.9508520313995048
-1.255784333010634,-1.228616445185063,-0.9350561490147555,0.8341597033285585,0.8459524209749061,-0.13160264826681736,0.8931544962880525,-0.33123364425182683,-0.5537316024363975,-0.8029474970998337,-0.33350996010795747,0.7398765146354941,1.1461308633715586,0.61312246142945,-1.0213543560674734,-0.8305607838371301,0.6623545113528273,0.2227333168548602,-1.4805137113620295,-1.2710696100495924,2.201469357731927,1.7730620775280967
0.4313000401633834,0.5172717178471219,-0.04731253581938767,-0.6518204682137585,0.3071590254662031,-0.8267037854042678,0.8122942907961566,0.4769205498405766,0.7544341716329679,0.8024848127515024,1.323584487278025,0.1606365650698869,2.247358890615661,0.3970762099640384,0.08570856902422663,-0.5649378231199955,-0.20364704546264067,-0.19699335915555702,0.5141286071973594,0.09039810102120592,-2.0824159866860006,-1.0562439287615302
0.4590568727459721,-0.08596712650317558,-1.668450245942554,-0.43071155733253136,-0.47784459781314437,0.6697117384809582,0.3926559780190633,1.085977617172194,0.10187616678067928,-0.5024826070836333,0.6798899396958229,-0.18468579111724573,-0.653513306069812,-0.7999228199329298,-1.426941773722803,-0.8516531753214408,-0.9339476606478168,-0.857954918789321,-1.1824548769021217,-0.7880756939130937,1.0866544348524336,-1.273417292034784
-0.6443440018075767,-3.215209408435682,-2.7314739933301855,-1.9689291396196391,-1.8241197363090282,-1.8343994415615712,-1.6515958425219954,-1.271120095901669,-0.9509708979792143,-0.25472561101377983,1.0041981415695782,0.9772467237016865,-0.7116473944245548,0.1015188031779624,0.05659417637947556,-1.066651645726208,-0.8795488280859147,-1.3409345788334515,-0.8923034720430743,-1.1529811915999715,0.4911235445433584,-3.445857171921351
-0.39350138178736144,-0.9799749328684388,0.4316314281903788,0.7669184931810815,0.5236568898053814,-0.14470480566079963,0.9343843044013871,0.2564530484207363,0.42816715118815873,-0.8823892708045468,-1.5886613710765765,-1.2925569140659192,-0.6098942666574829,-1.733770449484192,0.01806492093811215,0.7862530096090931,-0.2872346121066655,-0.2161497332136489,-0.04968902594945927,-1.0555053581464855,-2.4077878591665627,-0.891173279385028
-0.9853400401006982,-0.7364471963975365,0.18195082074140428,-0.20460420719445102,0.04680780078611228,-0.15226682398507918,0.9822606035473394,0.8386000990583298,0.16401452960070798,-0.5752311989948199,-1.037900143574657,-1.458967348746603,-0.6600314564681473,-0.5400238199642584,-0.04762759751098748,-0.5368950281688437,0.7424409854405521,0.6956030882982291,-0.29472723851126387,0.16437103677173895,-0.28845395925319917,-1.1325731775020818
-0.7018750970578288,0.8008389006171441,0.5879835160331313,1.1090570462581177,0.4836664715027173,-0.15771511420568923,1.0972534892282657,-0.896022377156877,0.2941143780381731,-0.27815719882606366,-0.8926683722156503,-0.4780754488651877,-0.9243652654173972,0.42336902621047096,-0.7899735854438719,0.20729094668008854,0.027914609697624628,0.07671139597528548,-0.6238704776322087,0.717248218332051,0.7069778965726139,1.1101487833506556
-0.6736470010778199,-1.436834847432128,-0.8904889373373893,-0.34903165807175374,-0.7538154182183355,1.272735524900381,1.9450652005655664,1.313856005990845,0.794177791318491,0.49729868659418547,0.8316998214931584,-0.030466284827207833,-0.7148982269531615,-1.1472709423908287,-0.5028495907406986,0.07842130268709256,-0.45136726804126137,-0.06068413485074282,-1.4449009112274205,-0.15528076410049305,0.8250963054582162,-0.999428686701144
0.4445253091170577,-0.523691180314755,-0.015007653273617158,-0.5210572787237127,-0.023561514016259402,0.26664759295265755,-0.8464994710936777,-0.5710232705296296,-1.0225515237069802,-0.7287228358487147,0.04662892393370948,1.1422197437217179,1.5745435836430752,2.250780174880457,1.399485708474217,2.157678971703774,0.8994322481584368,-0.06361402014583675,-0.638277160412103,0.1622445613354168,3.706029293444784,2.6369344277718536
0.7797478895896515,0.5892382924844298,1.1963074139372496,-1.160141102325262,0.8692825875632403,0.751137992675231,0.7922654186301045,0.3510846245848511,-0.187036836157772,-0.23697218459446745,0.04761327479838414,-0.1324534259800352,-0.9687480618437461,-2.3936015985978774,-1.653613806989274,-1.3101771394931196,-0.3201590004859036,-0.08227820048226661,0.634206112179512,0.8000248786896164,-1.7464575601118861,-2.032303678505773
-0.4814023437262092,0.956752910247607,0.4760667919961671,-0.23859007113546873,0.594868559943854,0.552316781280462,0.7014468085816591,-0.6669675994349696,-0.16333982461620727,-0.359206042673179,0.27530133619006975,-1.8090262849194347,-0.4539196375793648,-2.102113356813406,-0.37297589243294815,-0.4592556484379946,-0.46937374246603797,0.4055036949987325,-0.09285870029035823,-0.49210761880069487,-0.6123333730017366,-1.9389669057383387
0.6055082584084119,1.220805580097007,1.3884356793603134,1.6591785326001178,1.2614579473128522,0.9348373217816847,1.7613119408026288,0.6448366135165462,-0.5429353085686996,-1.3356044473397453,-0.7489249285127918,0.5734913191161447,1.1973146427412513,-0.006361470659666014,0.9216257272112299,0.0680762274901247,-0.6018228904875039,0.5442228307548433,-1.2233886079803529,-1.5999166187436065,3.74149615828622,5.193630814267102
-0.26924934441968845,-0.5183079392735667,-1.4830025392165145,-0.8525888273623752,1.394311532743431,1.0401323113991474,0.3304081638124636,0.5628409362638298,0.015600330489362189,-0.9478875305781063,1.3363075758574459,0.2044597690571561,-1.9622420220601002,-0.0925205763817491,-0.1827327527750008,-0.47132876090864334,-0.539845229425305,0.42129572051552966,1.101067978473866,0.09362582805288976,0.17305832381940478,-0.5897867041335806
0.4875762603253751,1.096008294136144,1.0022072452124993,0.2649139828945492,1.3126201247415532,1.3519996530170442,0.49322240998453676,-0.9943502210211099,-0.04347529742086138,0.6547293812911595,-0.2409023474713486,-0.4692856910138796,-0.48720302244778435,0.9203140618515219,0.7263352387696531,2.663433011136159,0.6771821950532583,0.2752903552008658,-0.8045256786460729,0.5188444124114416,1.8452300089115594,-0.2681853223125009
2.1246173578762257,1.1479097003036696,0.4444888515870929,0.13972633930738623,1.6527873635892774,0.9791724759565316,0.4305018606854178,1.106004005440191,0.8341286766992716,1.4805759339621518,1.2716620284303803,-0.3417096671538651,-0.16311543100028023,0.13784210860735227,0.22578868675978916,-1.9539127274557249,-1.6624077205134622,0.7516554519193955,0.7735321793078807,0.6108157823918234,-5.792724471872704,-3.48068168354498
1.0393471188630294,1.4601185413525308,-0.5622237375691934,-1.2475423226173996,-0.6629252679257891,-0.6459309889947991,-1.663851508964901,-0.6026381811592002,0.2054079106842405,0.2038640003676026,-0.2043880569680531,-0.38389948540654467,0.478465195402715,-0.07811449451811132,-0.332615939693703,0.09850388418390206,0.6881725496252813,0.24561248657981596,1.1013764822315657,-0.1602732582637023,-2.4707172326977265,-2.09470132548666
0.5236765310470965,1.7262040890045087,0.9521264311347566,1.5974317209904838,0.12689063772008732,0.5240141861790685,0.7492614703799589,-0.08325462057845238,0.7982212733400711,0.5855394369209203,0.7258924722251683,-1.0783235203723136,-0.5021039015336138,-1.110431337357787,-1.5514376586303178,-1.5792190852724752,-1.9135827991181618,-0.7518402939299428,-0.7564976636234603,2.029384375159787,-0.33180136676404426,-0.15633219079567884
-1.3112606673749259,-1.8624759196443932,-0.4615452376164037,-1.1149298738884845,-0.35425447442112806,0.5555457246469708,0.70501598965548,-0.6716880366005218,0.2927070359813588,0.27969151357379124,0.26242369802321847,0.20471271370879024,1.0130021413848769,-1.1764335258718275,-1.1270666366532087,-1.862467349667929,-0.5446107998431671,-0.34909825144991596,-0.9262379958019014,0.3099563130215289,-2.982037296824085,-2.280581728166126
-1.3097496114760425,-0.09974469812130478,-1.8914980831833321,-1.1916804958653373,-1.1803944929615762,-1.105722577224897,-1.7882774157772443,-0.8727031596280106,-1.3076635159374719,-1.1102163231468984,-0.42719232119253553,1.0868632303913814,0.10939606824031978,-0.4344275597608934,0.06799640076478779,-0.8376980077987032,1.4014117938369628,0.025642810977744825,1.5449815595347873,0.17965131379776583,1.3250824868802282,-1.0397955855014889
-0.3452482027295154,-0.8945880164314424,-0.8664655616774573,-0.30714647380473226,0.8095552159442425,-0.20076812599498894,0.1568148118388608,-0.6139997932403691,-2.1272236762088395,-0.4680484753306193,1.0068620914497468,0.47359741024555646,-1.1484951950822213,-0.6067036828313557,-1.7681392337233937,-0.7886233061456506,-1.2764350932630435,-1.7173749469900736,-1.4047320707364463,0.34036592372929564,4.705275517375235,2.104921344783134
0.41074749415207573,0.47988033659145884,-0.9118040404618102,0.9201194327408391,0.6590074419660751,-0.9330328462681258,-0.7927570099475868,0.43922841140184543,-0.0637127060209691,0.0949052757296001,-0.11973696727558529,1.239761772472679,0.9266505518498864,0.11591045262718452,-0.42546772124555843,0.1141825854478484,0.781139459238681,0.6939992824201773,-0.18318572746356818,2.1846075352024,-3.330605605478907,-2.803614802204584
0.1697750256104185,-0.20269645078376544,-1.746163561112812,-0.6425712477114714,-0.4619490215918007,-1.039795035694151,-0.7630265481173848,0.393252375772573,-1.311252709869935,-1.0527217475597856,-0.36347299841092473,0.22726483571232134,0.04826869469233388,0.4312294150271171,-0.21983197529346665,0.4610014255398864,-0.5977355968537765,-1.4876451826292614,-0.5966744877635985,0.9116719855404968,1.513873692215344,1.2578524444738983
0.38735134194396365,0.47889028502826214,0.9605951406875325,-0.4205560746645088,-0.37948457871522195,1.1239465573322607,0.655545382528172,-0.8429302164283672,-0.7147851283043112,-1.3675303980273155,-0.8294350590365863,-0.08776095631040559,-0.49354231841814067,-0.2824367032873443,-1.0597554407620116,1.0766520526391075,-0.4119953954078239,-1.281551222345654,-0.7046587140417271,-1.6279940302623117,-0.07129184984205617,-0.7212077906344696
0.098523995268083,0.09518079541700528,1.7371731872116065,-0.9721027467503662,-1.9233929036947401,-0.5323479404866504,-0.6456909180140634,0.5932933080322298,0.6718918723670664,-0.1352123424891595,-0.4215173257342658,-0.60738288493052,-0.5681232005656907,0.2703122718862178,0.6865217854304816,0.6721083618447511,0.28318983175969253,0.4163140584819814,-0.5943634763751946,-0.6496810898188552,-5.161603519014129,-2.3427994856530443
-1.1696342762902239,-0.23111583546514464,0.32818891860276905,0.7378404972213432,-0.3838389318980248,-1.5623710191204248,0.2177961970001018,0.691994243499865,0.024635227526027554,0.37179728103951415,1.1073592504826952,1.310272963314178,0.07798586455311153,-0.9980768184523224,-1.3154707001419785,-1.1392361827583708,-0.9731333960060023,-0.6745368812175452,-0.6451811743820759,-1.1319452209376248,2.2765989519818657,0.963308681655182
1.0392929876439958,-0.6225646582776343,0.295452171214485,0.6190725562122761,1.2240464773807789,2.0596311244027317,-0.1815666304962489,0.9856387079426351,1.4989568231341617,1.2575913703055683,-0.3674487153438442,1.1983728719412996,1.4263921004220383,1.280323951901016,0.7968584174606448,2.1434938935205667,1.4950162691488549,0.43263931030243197,-1.3417100995151399,-0.8511548534180373,2.783303834079317,2.8347463097112917
0.28236331010750465,2.1061930461476854,0.961590932093567,0.9979664301628404,1.8765797854928252,1.103393779181876,-0.5553866592147053,0.8497816883602242,0.8093852706033953,1.5975848824511452,1.7958709763392702,-1.0017576453377783,-1.2910880404580152,-0.15224044116563865,0.5606184999211826,0.12276790960229099,0.2076480138393877,1.0994227394872162,-0.07964926599419071,0.6824957566231228,-1.7704938160303962,-2.055316712227617
1.7874447843163652,0.2724726045059722,0.6992749446879439,1.0720923062464185,0.7771053559424158,0.7775495121961166,0.8222251311363447,1.031562791181342,0.5148540829093596,0.7767704122754762,0.5343446542209107,0.49444329478404714,-0.47439430723644466,-0.295927475184428,-2.4227167338673414,-1.9329315984491298,-2.1253628900226493,-0.5931744411507432,-0.2963267232297107,-0.5838980666511214,1.1397097179030375,0.042873822625973446
0.6718394084170389,-1.4530925405394488,-1.8068166880904515,-1.094920915898255,-0.30721682669059974,0.12800345967163076,0.6110622036088572,-0.15680214085982347,-0.3475615305205497,-0.8617290418945924,-1.9341157764256227,-0.8082451000598736,-1.4665339221836373,-0.10791472371042293,1.1459077439221035,-0.07494556468759164,0.19445441388010767,-0.4290093650071006,-1.062903848334197,-0.11713906261348599,-4.870021397249362,-1.2829938636705878
-0.41745569466334126,-1.4150255532530298,0.17958257222420887,0.5119898847503247,-0.1650847639559295,0.3810334723691917,-0.4252404121558925,-0.12465896755324163,0.8110145862622283,2.051482331692822,2.742828614218882,0.9903944402565268,0.9777908772853205,0.2963696577721181,-0.08339081629945648,-0.9713441641131078,-0.18691349503606078,0.3499096736701345,-0.8278210881292696,-0.5620599331639211,3.6433821657461127,1.3655027278645129
-0.46277553647750114,1.9127815485107376,0.30257960736207645,-1.3160185420806232,-0.5460532507515076,-0.8507671706010939,-1.0066819563607543,0.9678885438551098,1.0048387860944648,0.4582568382388777,0.4713458400969049,-0.47445643616041594,-1.2372484270528794,-0.991357205267894,-0.42500647457899354,0.9046652649628346,0.623134616663653,0.7457247638424557,-0.05113095142134464,0.25503206491441366,-1.3423785684871947,-3.568064767032904
-0.5200261247434943,-0.20037217844311556,-2.0052774213039424,-1.4481080915616864,-0.2907702481140083,0.2754045340234848,-0.1493397262521905,1.1389454959289043,0.6825137297862452,0.2928985241651002,-0.06737523951320518,-0.3025283495354835,0.7279072807110836,1.170220183160937,0.7721484886460052,1.9327803235151388,-0.10583981527840405,0.4603448231841345,0.6808185316200115,0.0633736401138767,-0.9287329121420975,-2.3847671405152084
-0.47990869645178386,0.25618236830002744,0.40851165213597895,0.7006057240591934,-0.6041154888949036,-0.7568205446992209,-2.3889525984505458,-2.0621635641208873,-0.3409590395629573,-0.8467754750226576,-0.42034625912923046,-0.024227633590355048,-0.4290027053089385,-1.493712308243703,-1.1892300210903908,-2.0838016797132037,-1.412112465994774,-0.8972627976204399,0.22905342013912575,-0.4770059118453534,-0.6101806738202658,0.861029410734736
1.6595704518506207,1.627431550269649,0.4008157538918807,0.011415300503211514,0.057251941304226533,0.2478702811933045,-0.2756598042765555,-0.8614920398296505,-0.9855810908884296,-0.4552988876359516,0.6167768912460386,0.7466395704261667,0.9331116400082254,0.639272297065363,-0.5297919933855042,0.7708109588160329,1.123652295925833,-0.5340974116869707,-0.12139337709701606,-0.7383295172450369,7.496562169188982,3.2116745092447583
-0.6616867446666582,-1.4593078834997706,-0.8800955585759525,-1.7409175681454354,-1.6186546309813397,0.05292513175014572,1.2978193050288778,0.9007208354939686,-0.9027763819290267,-0.9802855110431391,-0.941075173132594,0.22188614507086926,0.5879397075613848,-0.9457855182644521,-1.036226534823072,-1.432627235359081,-0.63640856872941,-0.7749154969652182,-0.6403090290329263,-1.4832812192746125,-3.485990106701555,-3.8040328413865723
0.261217952244917,1.7213330157990165,0.31318451696817445,-0.11058746093035228,-0.5938418484867208,1.211673737022661,1.309873347930535,-1.0690515746400648,-0.47834402728038744,-0.573912092542811,-0.11779086869859141,-1.1732081714547757,-0.9319490520310143,-0.5553502444038478,-0.5602717635928849,-0.9882699370410939,0.5528626791879181,0.9463470515846538,1.2323265672057584,-0.44701809525495245,-2.555608072241442,-1.681395427083567
-1.1984176283941816,-1.5847853942473844,-2.607232365220915,-2.4864180348364227,-1.6120716270795064,-0.5869509819110601,-1.3481655017939138,-1.5205680683811544,-1.2736469052900439,0.25997215261954326,2.436105829109659,1.0507727582237774,1.1983374728306018,0.8037626576332314,1.3089306223808064,-0.9552434029573067,-1.9054728905963394,-1.1748584269575773,-1.9560478577044598,0.48920044405493796,-1.663747603083939,-2.2549552072123595
-0.49926998573804793,0.28127887425610737,-0.7974466033644995,-0.816707704259094,-2.1655482037198377,-0.346781466830053,0.4013305499297107,-0.23581172426759506,-0.031950715252384757,-0.5279414159946185,-0.5669187146869689,1.0596403606597284,0.3151320302257234,-1.0780142349812794,-0.4758241157471225,-1.5467274597769691,-1.3654503997010603,-1.716532833111271,-0.48054926744458093,-0.12754068418507195,-1.8815327862075475,-1.2297773499154783
0.9734920984217019,-0.0413780150512641,3.0239568876007965,1.0631164932650015,-0.3869948809013671,0.49680372934794637,1.8004766402739272,-0.8709679300336942,0.3356373625601247,-0.9368608591008684,-0.8990450711836525,-1.5771841660042585,-0.5664093494303195,1.962088666566963,-0.5237848616165368,-0.6543470125582834,0.6679405366510931,1.2965150689268625,0.36276350009054903,-0.5149167170634167,-6.817426900645411,-4.2921383639853
0.9859269524900064,1.225605470923684,-0.427972728854074,-1.399669138461285,-0.07353827475331058,-0.5128021726119092,0.04718596895706483,-0.9887314202942262,-0.3154771211579031,-0.7271681051675188,-1.147794234142749,-0.8782935603084219,-0.8168350694484529,-1.9684809859155363,-1.6374828752101978,-0.8236935587356624,-2.4015839505146803,0.5026839208067208,-0.5866676061761281,-1.396844824355504,-5.192562281739834,-2.864279993511309
-1.503093232310456,-1.4841504621697639,-0.7346972748414026,-0.2982957681208909,0.8438138678397006,-0.105894157288541,0.2584363537238392,0.7711456553708453,-0.9369570884598442,-0.588048034216983,-2.2287576996840315,-0.9053383459765323,0.16381745745543244,0.7028974497740417,1.2084148583621583,1.0295052937540277,1.5020265138029891,-1.0455473911381756,0.36797611746235587,-0.7248785117780956,1.6374243759077391,0.6648462913347516
1.3181639739235869,2.0332768030227277,1.6337054210574415,0.965322330080253,-0.838507143058879,1.122970564331004,0.07577492743586806,0.8077040247001293,0.22976472644383986,1.6314821390869712,1.893541743170929,1.782662336179879,0.8874121410355126,-2.0988162168670845,-1.231876440814616,-1.6761573047158704,-0.7986159791850846,-1.9485728572770369,-2.4902807797160342,-0.18572597952515632,-0.2591086416024506,3.2475049359995825
-0.015602779609184896,1.4157071392991942,1.0623836751514764,1.3603642114781902,1.454726639151395,2.6736949533098016,0.5422026951476213,-0.19278706333168813,-0.5290754111923796,-0.4338831655512048,-1.4798849353553682,0.06461632887724819,-0.1057493171896084,-0.7144552073201247,0.04107361744064215,-0.028293982244515396,0.6084724479587585,1.9256764777905209,1.9914647030750214,1.7419297933614089,-2.1915711690772977,-2.5693053112273647
-1.052427252678862,-0.010385892226761617,0.6301397826245054,2.005194151539609,1.6426496451343908,2.899981189376923,2.5273590792177036,2.3997160911055655,1.9598234925380136,1.985357311898591,1.4720114996714517,0.39947729214581656,-0.5894823723979384,1.6690777748731072,0.9928149638506455,-1.063429710014055,-0.25114960114527973,-1.7800402083464537,-1.0755481603394206,-1.7073223168332223,8.380008844329026,3.968339343814805
-1.3262575219153414,-0.6784993531889925,-0.17799927352913555,0.6189094671044496,-0.46343135147997994,0.14674851736100403,0.8618781438762733,2.306169557059306,1.2191846274024891,0.9658320714222794,-0.14204729780790998,-0.571222741794515,-1.5495045555563065,-0.443892325664123,0.9964770356876125,0.4175199450288753,-0.25047978037705737,-1.0409379770675171,-0.9443528930347187,-0.919476515380889,2.543397435914817,0.7217919040043832
0.5195638590023908,-0.004172666703536449,-1.4386982648680213,-1.1103274016897866,-1.785357407678639,-1.8751207393182543,-1.8049304911929875,-1.3481283361376581,0.24903029086134862,-0.7948200326232125,-0.29740127771709635,0.30082267146734704,0.499805257506741,0.013836131195022153,0.4205353793967161,-1.195332127957217,-1.6060469880887838,-0.09765132712966176,0.28291417296737315,-0.8887859260557065,-3.9432497021734876,-0.7122937954878772
1.1397522523747656,-0.9658866841889924,-0.007666560053203383,-0.9358109067178925,1.0415506223443536,2.60466104682959,-0.5630687692245936,-0.029932434204024416,-0.9873651449829249,0.1230276730726426,1.7659639653269434,1.2421927436741715,1.7834043272977016,0.5672349551734757,-0.6519408306272378,-0.2976840291754995,0.3560687055107487,-0.4175415787472583,0.695709192320112,-0.6708129994808942,3.1794807718948603,3.8417838311637422
-0.12469538082765308,-0.32440111972440755,-0.6406274425169911,0.24943138987428354,0.4882816684263644,-0.6067956474444108,-0.012310290891088517,0.6328523609492694,0.1699490635530159,-0.47107062121973564,-2.161367124178535,-0.7150623660496441,-0.3885132599927922,-0.7028630245841221,-1.0304264342719975,0.628894522921673,1.1861470740202367,0.7317005498298789,1.3853403691218078,0.9440593690791663,-1.8876155479741377,-2.357514715766807
-2.4835054401600143,-1.2891914813881693,0.09690676916390538,-0.16670697542626964,-0.5230652946218814,1.7873720345742432,0.5526430284403276,-0.12100869526822133,0.031160430909971698,0.5018058212432979,0.6607368826210102,0.5881532452153139,0.8054439729108809,1.0748617687158866,1.3869302917065112,0.5047821314204196,-0.384131401493226,-0.6641845533860488,0.048661421638633295,-1.8240861354060023,2.4828011409901576,-1.871520796768838
-0.5587758167045133,0.7307296142947645,1.4213887052941077,1.1681060142652402,0.6889448923453715,0.027341853513300006,1.0621469209443348,0.852697419956046,1.0369851773664176,0.8319587570093369,0.5686584295658885,-0.05951291682427467,0.7281803973944557,-0.7534125058554112,-0.2789575554707708,0.6876838925397888,-0.32979115903412204,0.09182430557132788,-1.2575114937642529,-0.21437578752211658,-0.15823486861221148,0.7329270433178644
0.08477911321197339,1.264818330313382,-0.02854620100614151,-0.2071085273786771,-0.5260350690943215,-1.2723364214950277,-1.3256173773575781,0.6969874398482522,-0.3687194710570882,-0.21114341462753242,-0.8995543413808235,-2.3121232722342673,-0.3143753092309893,-0.7374961647940258,0.17900871954935244,1.3695548447173398,0.30467672922634487,0.2876534072812142,-0.30507225819714834,-0.5859646719761413,-6.100700310851694,-3.4518229550331925
0.14943654568768075,-0.5279005624479167,-0.9796625919087938,-1.4864807363235004,-0.913842567532226,0.4370524184675739,0.15987358709863966,-0.7488494394480576,-1.059572367342387,-0.022307743690031506,-0.9007438929765601,-0.6609355342200924,-1.061487791760644,0.49290538648568216,-0.1387572706316288,0.41004788403066467,-0.13994950079677004,-0.30611125247589677,0.5313786899604419,-0.530715453670345,0.038774634096486515,-1.5735105387369295
1.18278554881644,-0.4882836059128998,-0.6804183656437486,-0.7226870513298804,0.6444706679777775,-0.8171317217451095,-0.9063519327704158,0.9288023169010322,0.35163415828945566,0.4956035914979693,0.7154099846157371,1.4472437568579788,0.004268881710995971,-1.3330731252846315,-0.1549790727430705,-0.5127927207339048,0.7657873449416663,0.053831384243648514,0.2976843463765251,1.0183055106848535,0.0848121217624988,-0.3127349702381802
1.9610038736942847,0.8383242966394995,-1.356316276847025,-1.141214090061363,-2.19607397215766,-1.75831711403272,-2.10384680450265,-0.781212256865737,0.47753303269093617,-1.7979164950906599,-0.8386886711487451,-1.5920612916081465,-0.7142927954636463,-2.0130824929288798,-1.1414415613076767,-0.7201458699897527,-0.5525727016518465,0.7059872598035528,0.7037526309146815,1.3277796903804566,-9.109157229054983,-7.610909520132234
0.6840151584517143,0.5520061677537881,-1.176857802151471,-0.7840046772955838,-0.07735385388576248,-1.5498199421022432,-1.8198637810376466,-0.9468325172867198,-1.2410949398034432,-1.1867356554800317,-0.9476604562173158,-1.2158839054504655,-0.49488196143329266,-0.3283457829309965,0.2549178100325679,-0.7399727140927163,0.5369783310063345,-0.7530119815056814,0.6790450636951326,0.15447260904703708,1.7231432058493343,-1.1299024901204273
-0.325120396337419,-0.07358528969345249,-0.919850259010254,0.6261326750536436,-1.275727180845034,-0.9275792838686949,-1.1021618528565404,-1.2577558024363809,1.2750931018444838,0.5911470012327039,-1.0587592671099468,1.1146708323226897,0.02285237613567892,0.5548392671787998,0.40643110906665686,1.8560435836501288,0.28391596926536633,0.3264271773099429,0.09813411266657562,0.5854069738387279,-0.2954515186138627,-0.6874217105302523
-0.07109464086696454,0.5956052601658576,1.198509119411432,0.4841624328500147,-0.5396347265226258,0.23042663347857514,0.7783837110363272,1.3137531794767219,2.334836140845499,0.5835571326705649,0.27450605188735633,1.4831556332483562,0.8474885204862548,1.4481074664699554,-0.17297794686600593,0.5945877844673808,0.9441034113218467,0.09136253456865066,0.47437490376721536,-0.8934609892757771,0.5133593636955704,0.423510218020593
-0.7592192543351542,-1.591289780711708,-0.7015066290818182,-0.9713424853339525,-0.026337686964527283,-0.63391129998219,-0.16741731552391947,0.1521748043400151,0.5457218294524891,0.7884635517114744,-0.8985893457247087,-0.5362746233165618,-0.18469140207229362,-0.2103150976066266,0.4229952712477738,-0.5845965971928005,0.9005341787847829,1.2965824704650577,1.9720765931159954,1.1377870025420425,-2.0108638817094113,-2.5869229417482416
1.5565797546355846,1.5564504925197173,0.2426141700634188,-0.22256139875127068,-0.3368792395902631,1.078548857719719,0.7731585288920986,0.11102814635674327,0.36784892980155554,-0.10716709366721952,-1.5630617623626228,-0.678044430426973,-0.20325908444059157,-0.23350172774214295,0.01889519447852922,-0.10924034922956677,0.7489825997825362,0.5294961158070828,0.7509054234872359,-0.41936797227323264,-4.160978182050818,-2.110139389983789
0.07390401185621542,0.46321633289234193,1.565743065940066,0.2285421562021193,-0.06112707010769565,0.6358016450653743,0.4611334119132741,-1.3577933385824765,-0.6406310631480879,-0.4430359356215946,1.6632003328940241,1.0470294234639252,2.0615927502176414,1.3500047262028847,1.2703711557785402,-0.22813724667250354,-0.45908089744220476,-0.4125585747796521,-0.20907924335290662,-0.4154642816510861,6.088160568858393,3.5106558322006913
0.46968624759040273,0.9272730540435268,-0.4967109751967858,0.8583499191742798,-0.8637273652645503,-0.9366895254529207,-1.0722113898425256,-0.12787114719564519,1.5775152775499288,0.4081703386009144,-0.7479501503122493,-1.7735291759749459,-0.7150352028359352,0.2044119529397136,0.779064959075144,0.8970705478836959,1.0292942523747426,0.2031883964314148,0.8810170159482502,-0.09846641060180708,-4.2868931329070055,-3.5740451455830278
-1.3088710464870226,-0.07166400955017144,0.40483464650866235,0.020540446635735007,-0.12142582757181306,-1.1843374480890918,0.1032275717469228,-0.9966725336441387,-0.2347347027138697,-0.09454245730469044,0.35764807139192534,-0.5730793953011503,-0.8952819228606141,-0.22103308392993848,0.3090028973791185,0.21702596036533986,-0.5452041331652275,-0.07916274166667316,-0.4524049139390069,-0.05660569644323174,1.5433752695343395,0.8300076053985893
0.4684432527830321,0.9902086029453383,0.8825154551709022,-0.15930028461364745,1.471117824667205,0.07507349855934042,0.2542754788679751,-1.4049572799532704,-1.5841358551575129,-1.2670303127159033,-2.3144092413059156,-1.5764730873193291,-0.6771240181506671,-0.8592448558886777,-0.17172948196432788,-0.2721069759668034,0.7430945367831445,0.515539755794465,0.1955270009030966,1.6873177280590574,1.2741343233510225,-1.3461383253453412
0.8418612244908418,-0.822466862908895,-0.748091121906654,1.1142271629211116,1.1409594079870837,-0.5506521693394018,0.4309062722453838,-1.2529732787104102,0.9442470041653441,0.6372205810614201,0.5159753438071887,-0.439237391107564,-0.869076080487908,-1.0511821225312687,-0.3422773964459135,-0.5122749727750223,-0.07584997505258906,-1.441514144097665,-1.08393903365422,-0.15624477942316664,-3.9442995916143206,-0.08654329037779546
-0.02395021939881648,-0.2917760970022645,-0.2216564462705815,0.7337965408627717,-0.866385356056724,-0.7818987619138574,-0.7923650091895863,-0.831814044120412,-0.6493865591099723,-0.2336728422637701,0.9289934408529982,0.19669989081980033,-0.18958213389784498,-0.32559049252437744,0.07204818500015699,0.2810962615938885,1.1966580493156718,1.9441875902361274,2.799071522481683,2.223499801819339,-2.7914770517541863,-3.4749679528071584
0.06464619852253346,-1.3884152057518753,-1.5925016200541937,-0.5631498392321407,-0.21521738743949154,0.015940136849716794,-0.760054356636081,-1.133011277127901,-1.0287039502541047,0.48951983957759215,-0.08974436008573419,-1.1172719070421153,0.08190567521975364,0.11477000525233501,-1.1830204366044903,-1.3448781791293147,-1.7960428374833601,0.15272636613170362,0.5370822902175602,1.3513746232306751,-2.4685145335981042,-0.8562223203368471
-0.8204885573890205,-0.4511590027089856,1.230641639739619,-0.2645280143951405,0.04627050309237371,-2.2438658576217603,0.3582792152756869,0.7042126967019245,-1.051893024195877,-0.40429049263288597,-1.5645786640697166,-0.02003282797819629,-1.0853095845376346,-0.10191808744133093,1.6866893125915894,0.5065356736412144,1.7638628826236251,0.11900805852055527,-0.6796137957562769,-1.2611205800326188,-2.0082022564325985,0.6834052300263209
1.3032889054057057,-0.057824919384189405,-0.04621419694347052,0.7837146890666744,0.3139158704325366,0.040562680204909975,0.769631096822266,0.32724851265849514,1.351074419311319,0.5305231160244163,0.7773183685355682,0.6047522114992782,0.8589624811596177,1.3318948443449687,0.25366045825476635,0.013166223176533154,0.05698743308745668,2.4740527021826137,0.36666323975130016,1.11658991053091,-3.043069371493461,-4.996194705670844
0.8357597956618069,1.2194363105585397,0.861803369405162,1.9809970503960614,1.2163532619154795,1.0642161396384862,-0.3283557841482011,-0.9148965489712574,-2.3537504279093313,-1.1328977414483423,-0.6550045245042648,0.2020958835348678,0.2450098510016209,0.7534237831444605,-0.5076832477282935,0.8672922807110491,0.9142621996160063,1.7740263554439817,-1.2211965295097769,-1.163393731505895,1.6963323819765206,4.196202868551859
-0.7606278868244388,-1.4218603284327063,-1.1876124541896858,-1.2381023739791472,-0.013000332721626165,0.23743927000596482,-1.391953790246197,-1.8183536182283253,-0.9923070075220608,0.1359352172633843,1.3792290970075975,0.23134743466961047,1.8183679554199514,-0.09432902122370541,0.359481160413708,0.22082602280572033,-0.09248056479572174,0.9517706992513041,0.5713418936639045,0.18082525006808334,-1.845901324302048,-0.24970954964038936
-1.8665689853351186,0.27618937913137365,0.17855138413294122,0.2726221890121263,0.23069401422145802,-0.10201266939095952,-0.052282788600097385,0.9771270960665253,0.5000309612619857,0.5186061017491105,1.4539207897572737,1.980184045852791,0.31581727002118015,-0.17153211951095182,0.5310096704009549,0.5134566862944193,0.06912542199379804,-2.525813725086992,-1.2481438929226787,-0.6493841298366719,-0.5233839920391672,-0.6139864390681581
0.42165285312339745,0.9225392486109666,2.3270895252049866,0.6076296974546987,-0.0544515707654398,1.6032029257609435,0.973872114642832,1.0257073036867816,0.09944465665119541,-0.8760487712898453,-0.017918823425442407,0.8166149413313454,1.2875321115002407,-0.04874195081631647,-0.7245455039722509,-0.6673610179052896,-0.19161418835099134,-0.33317539815977454,-1.230876639810358,-1.669308251074523,6.106808640383664,2.8655135008478743
1.3652236971904066,0.26855041538290425,1.7511760045416378,1.4068796365360885,0.5843525090494897,-0.2128967819927551,0.8994400849255867,2.3413999912351255,2.263843823007467,0.26743543468724995,1.588223138049014,1.1816155674432085,1.1850617534003933,0.8889777336888347,-0.5051389437667078,-0.44637433122300446,-1.0047488849063744,-1.0484239935183668,0.31391746381350616,-0.7577476781821297,1.4483006068628248,1.4012993696942138
1.5694153944841844,0.6570257895105613,0.7013609566499204,0.9148291740165191,0.9820206992563743,-0.4575410654933663,-0.32075277211258707,-0.23953390034379268,-0.769541324139121,-0.46689989715280433,-2.391344172712464,0.6754439276496687,0.14814642337994063,0.6064513921528801,1.4193482131385236,0.931572065733876,0.3041962535941109,1.4781487278623928,0.5355671913051121,-0.632678489462622,-0.30444201132434934,3.2041944688650448
1.3973169174724698,1.249009066235563,1.4957320234170544,-0.5638909057513003,1.0651109007414803,-0.05745363676019503,-0.1513697108852639,-0.04063338191472647,2.1891629859454,0.10492612060294794,0.491928759068262,0.27850386447507725,1.4032220096369494,-0.3237219808887615,0.2548947992036133,-1.0964574478752742,-0.9643119262778543,0.5461188070171031,-0.07888266294016598,-0.975155438003323,-1.2526749693304615,-0.45635664040442536
-1.110857660903192,-1.8852020794968294,-0.5740931582496926,-0.36642442892260774,1.4008639424837397,0.0006114394902587829,0.6682498806329286,0.5247649580102234,0.6688420886521593,1.3857469312259723,0.900239797023222,-0.340272159072796,-0.4276594080266439,-0.21930281976153704,1.5167028873826323,1.7294252472434315,0.8857415220874514,0.8318114394837295,1.3247351115598112,1.0080203173620808,0.14719575242589739,-0.0366275019950455
-0.500997115146492,0.8264917053542145,-0.7552862750130431,-0.3828804881503498,-1.4499059087759978,-0.6717566247508348,-1.2235900108957616,0.46306196547713874,1.4123073918529458,0.38148117613878174,0.3372600785961601,0.9566531035574585,0.9226489690713554,0.9406499125692743,-0.10883005112533355,1.5267315997715538,0.75475369959593,-1.0882066099039027,-0.6971219075051959,-0.5170184894429353,-3.534561426882129,-1.753453304907243
0.7743320359871122,1.8770766307404063,1.330787814545356,0.8763507535707699,1.4140029723152914,0.40140763043478317,1.2828849599983478,0.39990451295825424,0.4757610487277189,0.3607123725739309,1.0741886694777427,0.8960828645534579,0.9092690522990277,-1.4774185584366297,0.8731282271680622,0.17599760610318452,-0.0006880120018197978,0.6338370143110551,-0.4320207276232945,-1.2946704222316259,6.2704750431162335,4.166197084361219
1.5551092488383327,-0.19833251539858712,-0.5785613294802847,-1.660403367164195,-2.269828751797505,-1.639103572305572,-1.0406512904423146,-0.3005990028250707,1.1286086036472454,-0.9000818677581928,-0.8536774223937895,-0.7070347546759124,-0.4441887162406329,0.13840970569233269,1.5241593394527078,0.8832951531874694,0.7904814653554976,0.1989731800426691,0.7996755613606877,-0.41336556996514645,-0.8153216178547782,-2.623046770667066
0.5886187220520847,0.6390257354621434,-0.62980256253054,-1.2654245996449984,-1.5682866786714882,-1.2512371247227982,0.3194475878809923,0.8551227157888904,0.9712175289040804,-0.15459147622399325,0.2543399923576175,-0.7061854640316902,-1.0161423366990356,-0.45336576289476166,-1.2811774313187114,0.2691694892723877,0.6084959114491635,1.1014624104122201,-0.7446822455038645,-0.6699316854385177,-3.307270713107404,-3.789249781969361
-0.5135628013275325,-0.6337390291145926,-0.7371275150627024,0.8477156554691063,1.1677328832493705,2.1946324253906746,1.3480490856345815,0.36194729677321147,0.32891116948536697,-1.488845358546912,-0.7475403235898506,-0.13551412763521395,-1.3373502546863896,-0.5632524184326578,-1.1088325420275986,1.0695267797580374,-0.5432083747675077,-1.385718123036365,-1.547078470493067,-0.5629302210339264,3.568349997041697,1.439660271993671
-0.2018992981337303,0.017946641761254524,-0.7773927657165755,0.7855712319778654,0.8677042781823339,-0.85701033173779,-1.303697968196587,0.10267135833197644,0.654255933875541,0.7481294894676702,0.6144515150576754,-0.018780835095992588,0.7404981435541645,1.6861471870231926,1.145117041078288,-0.4434842914573074,0.8429756741552012,1.4170635624578825,0.3131331250887123,2.09133516876479,-2.646713059632369,-2.6115647249950333
-0.10566316017295509,-0.7507794211088487,-1.1217507923878833,1.1266117116139998,0.4602859829518223,-0.9162028707821721,0.42312295073275613,-1.0245470789633988,-1.3341163332032997,0.9241655910068008,-0.09011310488352144,0.2361976233428501,0.21686305453033244,0.5844973695617187,-0.45069234261144525,-0.3837557021933638,-1.7442486551225664,-1.1725907542949479,-1.678144038505323,-2.0802436054496978,6.771216986089646,3.033818192899295
1.3709058780853864,0.8752925675310702,1.9898285572409913,1.6727721709949512,0.6926535224793264,1.3296572136869722,0.6089629316202537,0.8869759443812651,1.473462831489696,0.11143520062977955,-0.25847537565062895,1.1130040634050806,0.6160387249087984,-0.01557539070000293,-0.16368443012117695,-1.2208546872930446,-0.19436639846224701,-1.0637542463445246,0.2828931343778498,0.3588227632889657,2.868077144178261,0.6561631647054559
-0.44004630843823284,-0.2444353298562415,-1.585872586617714,-0.8152398367469247,-0.8397628540778407,-1.1132432490975328,0.02836192880472518,-1.3150988841395923,-0.8279272544494769,-1.007130072060073,-0.9823714482414461,-0.41629374034965866,-0.96878769362052,-0.47103763906905044,1.4816677504368378,-0.4437226001791707,-1.3713186112703124,-1.4397769323137373,-1.695664992667095,-1.325114955059862,-2.30722559893261,-1.3166289634974602
-0.5028555167838945,-0.4199954027208975,-1.6617799455791427,-0.8878395354254824,-0.00686673738412161,1.5834470582897804,0.7654892800930172,1.2803748274640145,-0.24855598203794027,-0.20158979168616983,-2.1425227079586326,-1.3377604866855481,-1.864381510779774,-0.6810350177236416,-0.8384806264041202,0.352331257796703,0.7969735208894501,1.1500351100690216,0.24276818608667386,-0.9110869983687696,-1.4853707140504675,-3.320937275490735
0.4293868335141159,-0.26263888389600243,-1.090031553398899,-1.2837999309522692,-0.6312684855004462,-0.06939438802199364,-0.9439873072439378,0.5412379339977837,-0.5656389297969412,-0.7442158401361877,-0.7426200514956636,-1.1194264960850804,-0.9263409273003006,-0.9510116833835451,0.8067904448069759,1.5249539025055565,0.16278596802289566,-2.313462523814587,0.049540229921632956,-0.9562541748000202,-6.994944243845533,-2.8621505262526457
-1.302240893199793,0.42698665005809944,0.4491535155459548,0.790857893409151,1.4809514574507938,0.9564485268724856,1.1488234300391351,0.4696118355589665,0.6170959002459843,-0.53249524471996,0.23602731216536588,-0.32691160469222164,0.43826132870360884,1.9287442584689871,-0.4873038386071916,-0.7547340631528728,-2.271768994445926,0.017901489231900828,-0.13354562927408115,0.6739260676745931,0.24039933750105869,1.9425235183192529
-0.7103882430955648,-2.121445323565528,-3.2408858747814824,-0.6194104908716965,-0.19626773976949546,-0.815306583132083,0.5016599424117489,-0.5570384740420217,-0.2314846045235544,-0.23209729532993206,0.09054136009090084,-1.4534292929514079,-1.0780007380760301,-1.2710828534605567,-1.6939428929204776,-1.607361871814336,-1.165416814343751,-0.7305265043209761,0.5578529876921875,1.0799373022174599,-0.7141866660594707,0.4235350099706936
1.4343023050068624,0.8016314396845479,1.364267357295259,-1.9703960054141996,-1.2003169660323363,0.6343012776739477,-1.2128176156424197,-0.0649614980990164,0.6860932129790603,1.8566157258802223,0.7905318803070174,0.6492856429274022,1.7355316816904784,1.1429745388557155,1.728317866288231,0.7893765842244892,0.6717432409581238,-1.3210659683848596,-0.7378751576412672,-0.3374028254841564,2.987481034461492,0.45435595204275614
-1.218409412720615,-1.0482512152371355,-0.8292412413352395,-0.7557439191125384,-0.9538002489082179,-0.7420225018058132,-0.003180044605544155,0.9870823698848157,0.06740043725992403,0.34283309924731925,1.0034768670112029,-0.3561157042298312,-0.4269331384914446,-0.6666976149894493,0.43837810722887016,1.0531831667048124,-0.54042866726006,-1.7904203582949865,-0.94416777648411,-0.4279430139394974,1.3000358521216773,-0.9934189182536095
-1.5181002277397848,0.20926349329742905,0.2737528808351482,0.20837742392373088,-0.7187025686740988,0.1355734279020256,0.03662623095887494,0.9030991681164781,0.7968547022284788,0.053641960490775076,0.9624682717763225,0.28375842294448134,-1.24461004980704,1.133914730206587,1.2298364479840165,2.5207533683623984,1.9048530312381804,0.7445390716781493,-0.4744371490198635,0.22903079508682556,3.7965961800801367,0.504659497345971
1.1734989167351273,-0.1802074461147599,-0.9929225859894312,1.2701507947066426,-0.002536081074451855,0.42709165579412217,0.31321024129935193,-1.1332349985528247,-0.8312864097053042,-0.6925422599004337,-0.4476581946894971,0.9801650481913025,0.13171743570261166,-0.8131142728381188,0.20593484186581737,-0.17301458765114625,0.38020571455880436,-0.3840355090218357,-0.4986807774087181,0.8998650274332686,2.1363357402391694,1.462910898120189
0.6217759406869561,-1.4807449226444473,0.0898358344622181,1.0255095285811309,-0.10419648596514955,-1.9053455954008347,-0.8127595243810058,-0.2728061348500983,-0.31212038136637393,0.7578724737377796,-1.3049969890752697,-1.1534234633325728,0.2893088490710266,0.1636322535648331,0.47093236574198993,0.4844890284326004,0.631747510900411,2.188616793307893,0.5724816694240021,0.39210391193951105,-5.518979049128146,-4.429581353211129
2.2612125814313706,0.5010645223004142,-0.42603446523642086,1.3214109709896096,-0.31821767339963425,1.1806681678241475,1.544677751475076,0.6703395608297665,0.40237448759669003,-0.3749890930049996,-0.05282958220083929,-0.35986425826566015,-0.7616090233347591,-0.5413872433618017,-0.6652009998673856,-0.460520344585,0.4962294195671438,-0.4282298278690336,-1.5138826424969538,-0.7484772893377037,-2.7360216217213233,-1.1424978971448696
-0.4243368570604529,0.8395242535023739,0.3786194178119315,0.8411840553033736,0.34699881149120876,-0.13494413555868437,0.037032131677103765,0.6677125257279035,0.9029436812562107,0.6704920307884298,0.9214518719691212,0.4211002083849517,-0.2756061991912076,-1.1199061725738233,1.5221955563116836,0.013059757035772966,-0.8824496356395657,-0.17413191147234744,0.8280089358904701,1.8719217012181861,-0.4357408870465591,1.3893461878333364
0.23096587325422688,-0.454640603698038,-0.9924165640652242,-0.5090942227063174,-1.3154422624378566,0.0204308078349132,-2.3417250752099883,-1.213656344073443,-1.6466642230628952,-1.9524080280733613,-1.54654339762675,-0.4678797573935067,0.7675985292062419,1.0420118650929406,0.9793054923146235,1.7637569877003776,0.9404582708095999,1.744044141766538,0.9085228495456027,2.2162198424929005,0.5739039747277013,-2.374331589618916
0.9197695268266832,0.5521999330861187,-0.9614300413024438,0.5175299763893386,-0.5161370546805814,-0.26382564519391777,0.7241301028125153,-0.8621369282843843,-1.9662123637574678,-1.0275234461770537,-0.6718797791353024,-0.7400501586692999,2.3394438608810737,2.1648573303969663,2.3731716110557595,2.0898498296007193,0.8351791680233017,1.7976272305394008,0.6921417859855058,1.4864303017825526,-2.6464362981007783,-1.8638159377290588
-0.3632307469657661,-0.5584350862223352,-0.5077404375088783,0.6502941309974116,-0.05863011534361833,-0.5960152179064288,-0.1755926323102365,-1.408481528185681,-1.0353041070604039,-0.3763331530800258,-0.21548734430281058,-0.7182323662632675,0.4519348273476723,0.16962520744546697,0.06756722557094601,0.9266875799730073,0.16596909015634267,0.28926003713825527,0.1439863529885704,-0.6738174713105541,2.011334693012369,1.128765622500328
0.3090123405242651,-0.8229143279394293,0.6680793633853187,1.2018317958474305,1.4563488503278057,0.6003506693797837,0.4417096488274683,0.873719418505329,-0.5443117061330615,0.8660162647007417,-0.36970446241464766,0.23679747292309616,0.8641852946900713,-1.1199448856912144,-0.3236997053967392,-0.8450153347337271,-0.7695055123835999,0.35722232193358155,-0.5898875075001648,-1.222600204569999,5.677082566698555,2.6613067010646745
0.41081989277946934,0.4967874192842007,0.0008979183345775893,-0.38361658924830533,0.39193887531771615,0.6636533229461011,0.46023071535960175,-0.9319616907836175,-0.694471578535486,-1.2756314521041814,0.637511449051844,-0.010885201240530185,-0.7179360328148112,-0.6951718628379373,-0.9198413981704472,0.05602378742726845,-0.25982359494982493,0.02482414652946137,0.6471330199374635,0.5306908128238241,-1.845294489935885,-0.2256104585662253
0.5186019224461682,2.2221794354055464,1.452299886304602,1.3309929072633147,2.5815410854259193,3.009637978882714,2.0183397473360163,1.228061071686462,-0.359311794379318,-1.7877053474543487,0.17972321714422435,-0.8089897139132745,-1.0604662009426042,-0.3591386059338854,-1.004879572995252,-2.033670761511348,-2.8576325093228543,-0.995682430769226,-0.24573969707206433,-0.07514740450088644,3.6965960281974564,1.600808339695816
0.31304763848616507,0.5903042947354605,0.5980823124726456,1.1967948866998346,1.032735568993673,0.3584641592246643,-1.0381712245071264,0.16045890762207585,0.5757534811888487,-0.2663824294955327,-0.24758937880583337,0.5731442327405689,-0.22386601567083889,0.17803570235541952,0.2601747741682596,0.47953279932174747,-0.1155859083379055,-1.2231461581385443,-1.1730788466636937,-0.3571521192912754,-0.19941193034603,2.081327631381214
0.7794146051708586,-1.6222595169979708,-0.5528265896180264,-0.5431502469498836,-1.7264879995112896,-1.420951768903249,-0.95276480661059,-0.6102772196837272,-0.25470174796603273,-0.3859607726172128,1.8028778539225925,1.3278297986454903,1.5584835714056684,2.634905784080964,2.0318516659170647,2.7445529307707472,1.7178139713676137,2.278789661345284,1.2923911188451849,-0.1593511404157024,0.3661385911523145,4.089382267260484
0.7919646831746616,-0.5400779070872425,0.5665513631765801,-0.8638348808368448,0.15950850234338435,-0.046412174624285436,0.26419025576044386,-0.3175878698042758,-0.6197613197140724,-0.8223976304537209,-0.9543048707581989,-0.5770895473943894,0.3170380022309201,0.7640004294397925,-0.5341299631839623,-0.360475928778696,-0.4666038080881184,-0.21097629407909357,-0.9433302720159541,-0.4500109758449046,-5.464420761370601,-1.3581723487925887
-0.38415317906622193,-1.4417119470647248,0.16739865058899964,-0.0776281719292628,-0.6876392419175009,-0.165322518853709,0.7888885846523433,-0.20717992281475422,1.0143830559467417,0.8294406604589204,1.7169381766225422,1.5714956345642073,0.7778041640910823,0.30490901118733305,0.3840264222441485,-0.6276141202536227,0.7314379881246487,0.315749621439677,0.1872095249445497,-1.5638974608723617,3.741274336351533,2.1634298482301655
-0.8776966806105169,0.696501617518418,0.705279433033864,0.5700289924094116,-1.046647053302401,-1.5078841177624098,1.732205775236641,0.3135477707772753,1.567656092747021,-0.5553625458796833,-0.19689582052074553,-0.012313711914584876,-0.9113516119285084,-0.554143165759032,0.7413614739692136,1.5350550250336636,2.310751475982889,3.0803543458670566,1.2935638349707574,1.9065295764358998,-8.15378151944232,-5.8230535136053
-0.8880399275260344,-0.14559776311941872,-0.68738766330459,-0.16207775626732565,-0.3179664977671944,0.7108598837671554,0.5264631487962214,-0.39248258655545254,-0.5801523455700498,1.5271191660147057,1.3731586213185396,-0.11532438590904279,2.140038768593764,0.40945905419966255,1.5835146267517297,0.4416842710832439,1.0965134504506397,0.2621154206121901,-0.24113360636532466,0.33532313845017747,2.7303058622558405,1.9732470629147552
0.6002005313058598,0.021666900221015833,0.535462485750158,0.5268140712212365,1.0171012169112312,-0.513118480220228,-1.2766906353057845,-0.02669451577999861,0.30146503636186506,0.8280663082918391,0.029040789420023038,0.5137700013934363,-0.5733815523915182,-0.6095186190867085,-0.46715307987547233,1.2357749788079153,-1.8551606945580346,-1.925758870683835,-2.5805428933559673,-1.9890603265854023,5.986486250064898,0.6598669949025622
0.15109541178029134,0.34935772061478537,-0.5997812006691148,0.07531387722498299,-0.4335923154572471,-0.22869187770657498,0.7040394009946898,0.5614019721596111,0.6959394155174315,1.3224260962696923,1.3730630567060191,-0.10365639662857455,1.70265378875755,-0.6955107833156622,-0.5646505798653563,-0.7936786676087586,-0.020898972566218282,-0.34803339599273814,-1.5290528634821363,-0.7806949764603915,0.9303822857860913,-0.6579134521329857
1.6501412707092673,0.0955690560244821,0.3516734595258427,0.09935941383527523,-0.7324269565866199,0.0053957484283925486,-0.7294526751646068,0.7502704582909405,1.3268635845874779,0.4487720625488981,-1.1348143729827598,-0.9588094472886481,1.0653952106456155,1.733712561723069,2.1720870991532464,-0.6500769279937986,0.30201994400533316,-0.7154556392148174,0.2438094015509005,1.5889477168812072,-4.230268069025478,-3.127610913054061
-1.2371306066305856,-0.29480183688129236,0.31125845646004124,-0.5569986797735487,-1.6149217264304545,0.4143572636272527,0.8512711614438088,0.4478865798562186,1.1579491170184013,0.21754397712106732,0.9456470780680312,-0.16906140465916797,-1.1917158157474892,-0.8020739443801881,-0.1685959223062939,-0.26369137912556573,-0.36071770219884003,0.6771217690399847,-0.049593595985107757,1.2262368550463485,-1.075853212126785,-1.4182560368608133
0.62763809972508,0.20633572528822677,-0.22070904527285168,-0.2495187875778626,-0.8050409687051349,-1.6963666136397426,-0.03910768444982937,-0.8489401782733721,-0.6578327195833923,-0.8909852803684789,-1.0278577444862949,-2.360262283547223,-0.4973306822842733,0.6728580588175759,-0.7963223843169019,0.5150293752167914,-1.3061086206377124,-0.06415615454894248,-0.12425145881845209,-0.6249705234504533,-2.355052129390541,-4.466638458668518
0.8992808391514262,-0.8179178821418444,-0.6525951299283059,0.02225786629405066,-0.6642580297617786,0.8860791373231359,0.6004726086144455,1.4924338046771317,-0.0556173823067859,0.2065869594146191,0.4102932098878827,0.1934682126016913,-0.3886823942867151,-0.10201920784130235,-0.8202190311314216,0.7004281214081116,0.47051827356422443,-0.15167437465120043,-0.1613388222187326,-0.7271603917975102,-1.4208530185317283,0.6055466643663431
0.7620172105810151,0.24880507624201917,-1.8932615078825925,-2.2420816940731254,-2.5480657088858245,-1.2818062754178738,-0.3951811240182546,-0.48628643150824563,-0.8962014738519689,1.205747332400163,1.6616501568587643,1.8323082239262731,0.004502332321514323,-0.11567630193774962,0.8193909021618759,-0.37812435439470343,0.3560580090923559,0.6720633621211446,0.41278775410413626,0.6705918109464838,3.529991530810115,2.387600908839921
-0.8107926059828784,0.3497254511662958,0.8342807496060989,0.09650527972808673,0.6275192538645319,-0.7901356675643816,-2.291881529600274,-0.14203716262741867,-0.5647661483337375,0.043742250289769975,0.8460653357569456,0.4550804629827551,1.2210969332739299,0.4353104900630808,0.8722160033361889,1.142770672567923,-0.944120222696498,0.34712888220663957,0.03740081477369984,0.006584800369658395,2.9254812363538005,1.33595223716717
-0.5629751281878034,0.4763843309752024,0.7055266228528854,1.5532607372671567,0.18033850039667765,-0.4552952149426507,-1.3352020969902803,-0.10369454847216075,-1.1275395420980452,-0.3946039591088812,0.7978194505875065,0.10361763216794921,-0.26999364999930753,0.290564693313213,0.006503792844741159,-0.43780637213891405,0.13566154943712347,1.3874975619078693,1.854115741712334,0.4120153060129293,2.184885663044431,1.7034567520057262
0.6143639611790062,0.15764552990992353,1.027594934643614,0.8994867164000643,1.1630766951041311,1.3131760338558267,0.5105082099278899,0.9746282417177556,1.0321917473950135,-0.09958461233285568,0.2871370572457984,2.4181747010536196,1.2275425232362038,0.33287498849156993,0.7976197348831404,1.1000982676987512,0.72653608773024,1.2185468037738751,0.19538042059098065,-1.2999347946837914,7.831452306869778,7.502903388626983
-1.9515220266025373,0.37557775284484546,0.6199735236517894,-0.10520098831749064,-0.05587574667478774,-0.19631760903305895,-1.0114515234161252,-0.841361328628291,-1.8541126809963258,-1.9064971920617348,-0.9551921584308376,-0.5107668230464422,0.5553491034327336,0.5303250068116742,-0.24036814446771576,0.41254787788966796,-0.566784586704886,-1.4955775732340622,-0.27697183697049654,-0.2948535483521036,4.571997249169946,2.7260229347846368
-0.8142555518443148,-0.03334355735951438,0.32174022719622136,-0.7983931620681325,0.11449341225069186,0.22126036509254027,-0.7841388380807057,-0.7755766881381347,-0.192159809404294,-0.36942411145082477,1.1146549425990593,-0.750411111628661,-0.23273441262919847,-0.024209313038139103,-0.09825205731225732,-0.7138292305929309,-0.09764165217949904,-1.0977536849374334,0.22495250645137874,-1.0176375618907705,-3.6354816008415733,-2.1408231459041915
-0.006025132442553093,1.3810360198518294,-0.18340949598885775,0.07557044909694344,-0.6313369179741446,0.45497868118975116,-0.6394090210911506,-0.5563266940041163,-0.5973084155390285,0.46743746075639375,0.5416582181401816,-0.9140693564620591,-2.241474074287544,-0.6803970821985948,-0.15554613285055344,-0.09037807765943842,0.4624706776206217,-1.492663394623144,-0.7514341665709473,-0.7981402760053506,-2.703228150552995,0.17916657564603355
0.026759828700255568,0.6847205844578553,0.8565824179348644,0.13628215533217233,1.2262525752266757,0.9503575601868489,0.24887527335441786,-0.17240680649028417,0.044306027541424486,0.08482167981536355,0.10951816474342749,0.796068788111387,0.6386855390059074,-0.8250462044258232,-0.1340389651185657,-0.36301050680490626,0.7261462597446703,-0.7562016806318632,-0.5011899171290323,-0.19932083959226024,-0.15664498798040283,1.2096080994999034
0.7838029356867235,0.45469398734929256,0.36139949875077243,-0.891974817508809,-0.9461650970876024,0.27636435942826776,2.297524193215685,-0.7472599314332184,1.1005792524718445,-0.11677157940943786,-1.1753323985081836,-1.4319762994289886,-0.04597443640524384,0.8103486002391184,-0.9263680945746295,-0.36391359075738877,0.29008180816187057,-1.641662580514528,-1.4292586078041305,-1.2736708502331697,-4.314629938378604,-5.536593870825644
-0.40492539867729654,-0.3116748303869881,0.08547628892143315,1.6957940614682665,1.339405011125318,0.6432462485546457,1.0187180543269843,1.3930891186581502,0.13026867937036296,-0.7014631990262191,-0.7383962862171453,0.032861876887789666,0.7548492824028381,-1.2030582716676306,-0.22348080659530983,-9.799901790304693e-05,-1.5154223840124925,-1.2740288220232703,-1.4122574874598701,0.2935293330682924,0.9976195323695758,3.999084676967052
0.6581654961578165,-0.0907691205191515,0.47460274153707266,-0.2892965985770648,0.14098746729305525,1.1308873747657735,-0.05226694009859796,-1.0605259146513792,-1.5488837493729752,-0.6916918088783389,-0.6630878234323514,-0.8927059163848097,-0.9623619435351147,-0.40683812128333957,-1.5325065872155084,-0.39072306280324814,-2.6234100374026417,-1.2022060652043136,-0.1539883238836241,1.656905651831079,3.1127395346064186,1.045373754997172
-1.6798260543114651,-0.5582665028422116,-1.4073077994148862,-0.33971753901720014,1.3113655790074532,-1.3549493156821646,-0.9659000264175241,-1.762178908226607,-0.36885994624721374,-1.68032282930034,-1.5113749599839912,-0.2722665396849287,0.5632985303659085,-0.2889756009537922,1.2862607223790012,0.48951799561156645,2.484528422370084,0.3159042924003852,1.000812175849157,0.9580750791028098,-1.1893517831796376,1.2444781554526336
-0.4285443920901043,-1.3152684969888393,-0.885112461042677,-1.7072820802099347,-1.3113084949163112,-0.9379485859121923,1.2310688401748346,-0.9518593634732467,0.7151573183247951,1.5010066812957414,0.34955968252495345,0.22750487285236665,0.3196210862505257,0.7723650294329063,0.4604868186352125,-0.14649996840274587,-0.05109218216397759,-1.064948125886888,-0.5927511177585004,-1.442434965991694,-3.7555148769395603,-4.307716245735209
2.1684988152488964,2.53736330868474,3.5552026684457245,1.1850151973291254,-0.19710950168579008,0.028053086872877938,-1.0135878068976236,-1.4574970300513084,-0.11349469759317886,-1.3190404012256627,0.10291006375866808,-0.19479705552718865,1.4259440234383458,0.02803500468978763,-0.9773152278382498,0.49886489999871253,1.587141069221228,1.0307533122587442,1.075689740143025,1.9678178993869693,-7.673555406007515,-8.072723745869142
-0.33406974005263684,0.47923349934142295,0.3508060954364886,-0.012657262990567377,-0.2972282332168917,-0.27678450363429763,-1.090912116541097,0.16217751193933067,0.9297629325653837,0.609850379319487,-1.0073619894125485,-0.08939590075314857,-0.51373693168602,0.42116932070914237,-0.7849028255779639,-1.9240536105852515,-1.4865802378673791,-1.4999180116469664,0.002520633189715245,0.031137859675925906,2.2884272197151034,-0.8962256460489049
-1.8886280283082435,-1.0879739945537832,-0.3468587747899331,-1.2684428967108654,-1.410750928699672,0.11439067033408844,-2.1318142907356497,-1.7930961868458692,0.16004478245196713,0.529336828620526,0.572686912598299,0.5539543697688297,0.7490824210218023,0.8136002515591332,0.7434034109491865,0.02626790976426883,0.6623838223255244,1.6423776997527462,1.5126313580957857,0.8293983288445572,-5.753117841927173,-2.4969854316286817
0.7392575386685717,1.6500634339525309,-0.09378300187965784,0.6562823375503589,0.5443316985510477,0.36015558890680904,0.46702926573057174,-0.8645009554152537,-0.9651316709164758,0.03714505041548925,0.9081409298555485,1.0060283676985409,0.08098773418347921,0.35080941938417526,1.2934541569761369,0.6069705887108117,1.5448697947259757,-0.5396559196633091,-0.39034614173714344,-0.8575600473143272,4.281244695103901,4.892435504609065
-0.012177584785855866,-0.6970396933003126,-1.6958857803777612,-0.6839844780870827,-0.8875138263714847,0.5078181101851776,0.2178387658735557,-0.09055671602498562,-0.15279366764312347,1.216813948526926,-0.8921376294950493,0.0796117714980139,0.3910030238474817,-0.4915469102807727,-0.7894019019302086,4.429941394589391e-05,0.6062751138315238,0.7367954042670645,0.042905683777002435,-0.5812273560182744,-0.9553150318463941,-0.8709298624689776
0.6360757787723178,1.4786473486609184,1.2079608731942106,1.236090031321239,1.2677373191498553,-0.23370058891722836,-0.12897561067375599,-0.2841246091906137,-0.4852312594761086,-0.4108375841649948,0.16333917089969033,-0.05448806938816656,-0.3785039959916138,-1.0594035339514924,-0.10310698972821368,0.5438926770003407,-0.39399256541538563,-0.8544361579287726,-0.0997634316217833,0.5363013211381515,2.817305939611245,1.6286132218612952
0.7196560004242544,1.4354525352900498,0.5577085777878676,0.14084498622708946,1.1301535265289253,1.3938825261491914,-0.07716597685099741,-0.500444631539658,-2.476629202680117,-1.6012991691407692,-0.21902089452672194,-0.22969097386731654,0.29904238687661644,-0.12826926515727138,0.03233393764070521,-0.25591811991485647,-1.5759082646477498,-0.3563046150310536,-0.27907662128656385,-0.8886571884592749,6.136969744009427,2.9539791711076484
-0.8601025619548966,-0.5474023175622496,0.9064269545494564,0.9605290483843731,0.2924227699851052,2.1367177094543357,1.0791977014418126,0.11292303945978793,0.693753772882901,0.023815259274081797,-0.2682679098723369,-0.6117536119342912,0.515653556949178,-0.8219812051697547,-0.49907223620576147,-0.3250665948486072,0.20541946579130277,0.8893914357260054,-0.09658377260153747,-0.5146040102861219,3.2497410104372024,0.10600911667237825
1.8324126499381586,1.199310061572345,1.583402853723704,0.7445041949710463,-0.7015641183886646,-0.12294358132423898,0.5644372374665519,0.159659127834727,0.7013416591956164,-0.5754610056285087,-0.8264444937087316,0.12973932365363167,-0.8300476530715406,-2.022938102724048,-2.024299775560043,0.08977630807723072,-0.8132748794851284,-0.33706935053833453,0.5345524000835357,-0.09413168314487672,-2.226628506958363,-2.1627186069792406
0.6775367018926091,0.32687794811116844,-0.02238935212810086,1.010503405194074,1.3442981982523714,1.3938993959374684,1.1271584587169685,-0.4313077926086013,-0.9208260112190508,-0.8497736373223278,-0.4317291841971878,0.561900039707826,-0.38277222502100716,-0.7031026296782145,-1.4153168394527615,-1.0084822868408152,-0.03797946359621389,-0.25631294801791976,-0.18092421729921465,0.07135773705607147,3.9488168704378923,1.6938411823996384
0.5603686897592767,-0.44709556938947054,1.0070342576993545,-0.29185234509056324,-0.5973255651826295,0.5357606283637639,0.16566498045866926,-0.34500720491236964,-0.47163804491555344,-0.5805995903084998,-0.793725670832631,0.8099876475431486,-1.4242788872968675,-0.25729600388893,-1.4345465921285163,-1.0907213317293953,-0.2100227513649739,0.030081052749349517,-0.5538576705613111,-2.662098073104126,2.6626953932123234,3.204414846957921
0.6999630069980022,0.3444923189704026,-0.796560806683441,-1.910045590799253,-2.329844919497087,-0.12497379964975232,-0.9537050358823289,0.6712950950132943,1.0118183165277597,-0.2983298804054575,-0.6587168574129166,-1.6205142492645441,-1.0785356402545758,-0.21216066275029088,-0.6811101270646025,0.49380874126535035,-0.6828838831129911,0.13216609990034955,-0.038398935544501106,-0.7317254296672914,-5.681511271811743,-6.079270259081007
-0.6475392000430814,2.607177570661885,2.4386593157065417,1.0763344461396642,0.4531120012325864,-0.42529488135204263,-0.36386820338535225,-0.9529318928787088,0.8606052270269107,-0.061313908116812074,-0.18280765555817646,-0.8888503906452,-0.6992576877523198,-0.9496317315890002,1.0836048639594338,0.1595832528585264,0.010292322001039779,-0.6545305523214385,-1.1895563951304038,-0.509161936467239,5.153241904807197,1.511558612613264
-1.6322845113168942,-0.7026580364156043,-1.4606030012966247,-1.4044806329381099,-2.189991251666921,-0.2649104937149596,-0.8606195305810483,-0.5986784539803557,-0.02338948320669257,1.1053839541159587,0.8724990011880159,0.9524385362690226,0.6539293533177948,1.7564354389831742,2.2732378339945645,2.8075586765970377,1.4871403581400704,1.7753758062853615,2.391931643905488,2.950585555260485,-7.929560393268945,-2.4611109424203867
1.279202690574772,-0.053677768866096764,-1.03504731668943,-0.40136300478820885,0.0963060541300187,0.20256774839458275,0.03756636569051174,1.4688717728028335,2.572964277488709,0.9593485002814014,0.14065705072260293,0.4215414759171666,0.3734096049262398,2.0458453389781717,1.8413651826354873,1.773553072178856,1.5697811163933681,1.662804409239053,0.25241916463793407,1.1398993935393154,-8.538887402105448,-4.071293391855253
-0.6009034996589252,-1.0378499681958515,-1.8253076087855329,-0.8877185693545799,0.9656374808662413,2.1630745599767263,0.5734964026115158,-0.31506172393741794,0.06607520648045119,-0.8228979396522014,-1.4285547144579112,0.004290763580078683,0.1333416109071283,-0.3789492927295454,0.318663851931037,-1.4876600334724082,0.26998243810956196,-0.40815909545353346,-1.903812399263361,-1.0458374352129123,0.7401304209177311,-1.510193867152962
0.5232712086676399,-0.8199840935632394,-0.4836395060850423,0.23722296874500004,0.5289652163061582,0.4759462163765792,-0.7816755897386248,-2.3883316750396943,-1.2056842315310445,-1.5817689428189448,0.009169286367385407,1.3540923322981935,0.5230284270051703,-0.12790022066779386,0.14060359936522623,0.8900287426315017,0.5952554179217657,0.2429828212387532,0.767109165115554,0.0836291026487651,5.025687815689313,3.024165967317654
-3.0120028784313084,-2.8841487260193666,-2.150709553794306,-0.5182036809796486,1.004603856885145,0.8052035515592777,1.5646822724916358,1.5174074555630364,1.985290245389216,1.30432092040083,-0.6285204022744498,0.01464043830960102,0.4711614243048123,0.8589645550037194,-0.6166913602629938,-0.16293969270920589,-1.200077632080576,-2.5146530085413383,-1.2866132795709107,0.8487718676016145,4.747118396442553,1.5876256331342158
-0.6711372377004484,-0.9006225347714065,-1.0286278804262035,-1.4521408006650633,-0.41478851497856994,-2.2051335528255365,-1.3545765819768385,-1.083248646351104,-0.9714667385468937,-1.0761210784401603,0.09699770909053458,-0.5952912296399737,-1.5915207250938435,-0.5518115711291947,0.15694388657071834,0.1751322953838483,-0.7897638248467822,-0.18594848309768075,0.17318034082125558,-0.09933777264241211,-0.9126562408006581,-1.7704825591787317
-0.6900794481010136,1.7146425083878696,-0.22140631376836453,-1.016846543149429,-0.5168011060812769,0.061607764624051556,1.610331199504919,-0.044090529046783636,0.13214665241863716,0.6315213548311935,0.8485675107559899,1.569296885496749,-0.4420313065161091,-1.1596768661731385,1.0741247067750312,0.44437133591299305,-0.5097191537831044,1.2264927182946106,0.02960706148451178,0.10916903695365589,0.5100773179194567,0.3405827329014743
-1.6936126462115717,-2.0563650229344437,-2.068911942246226,-0.5237817113970724,-0.7297804473311662,0.6581936039962609,-0.634089403338226,0.9814923853016819,0.6292141166403806,1.4713563995726031,1.3617347838863865,0.2729584929613194,-1.2707211494812827,-1.7397074914751671,-0.7870889707850107,-1.0306361501953498,-0.5786867321538641,0.49247330283098695,0.25764961320185836,-0.11050611751655,-4.534991453948537,-1.8538925516101588
2.262499707113198,0.6880576318899497,0.6272475627150413,-0.3421124754683955,-0.05406443788390765,-0.4200192903119103,0.07225679294606649,-0.997488312384674,-1.0093354294513461,0.10110225801426703,-0.04307639516463746,3.2187734788064057,1.0930942260740184,0.6337757632848547,0.22200574815227875,0.3500979805372981,-0.0728327430666365,-0.7960394005755415,-2.352041137116226,-0.7426046701169474,11.23693297350605,11.000173049485163
0.08272577324885505,-0.3369297641811703,0.05246900023363828,-0.46631232860803273,0.2571563115052914,1.0089533446124859,2.042073807913499,0.8116470270307666,-0.09157324508431043,1.1385309088558855,0.09457081942743158,-0.15008679299324634,-1.732943765150052,-0.1247033693083047,1.1899488257424418,0.273182307149825,0.4426253075149169,0.1188560042690114,1.638170938655833,2.2175798722411506,-3.5943371756542692,0.12686226825285057
-1.2540821966361473,-0.15293528109507784,1.0492020787188423,-0.7801348970589248,-0.37426378509288993,-0.2178220906972505,-0.37647502083546036,-0.42112828751961773,-0.30517579299873615,0.3992411907291173,-0.04363156652403151,-0.2696876480067701,-0.9894169948279798,-2.3435013558160023,-0.8049581502188036,-0.3497656927601652,0.6472966641503392,0.6984217363747728,0.3823808068034281,1.8685485634868373,-2.2017488062501234,-0.5323841389838585
-1.7855010588239202,0.4236040789816433,0.7353821787606535,0.2612672936440599,-0.6196840012829818,0.4277643857767236,1.0881974757986195,1.8932452566446585,0.055079009214750056,0.9345477128185157,-0.22458885643449678,0.00784183578762115,-0.8832418329612165,-1.130451087107102,-1.3922383993424798,0.0014446115878406119,0.5571732144753972,0.19692208604033354,-0.46143210464036644,-0.8979197201121512,-4.383173634575924,-0.6204412799983794
-1.4652203772770909,-1.6948083092577804,-1.1991436337134298,-2.1003566407843737,-1.7466319152409109,0.21502425361176,-0.22402088874987225,0.05183001380901432,-0.9171138998111668,-1.570709380230762,-1.1847329122690202,-0.05959604753216609,0.476319963363609,0.20490367049784414,-0.33503306957544976,0.5711859450725469,1.2819272137844593,1.3212642789281723,1.4427776305962405,0.6133099410355806,-2.944083846163793,-2.909551018133622
-0.6390314978305511,0.6870067564061265,1.4672654101284823,0.7824893521914562,-0.5216229380072844,0.06241005553306454,-0.10934259689593354,0.9556546738108407,-0.06741516795275593,-0.08002724605131617,-0.4035957607195392,-1.045979516290167,-0.3495839915504705,0.7960947477181658,0.705295487635243,0.3083801195162386,0.03737653231845251,-1.6488850067863092,0.035531534644426634,-0.9289928911921919,3.7855540240222565,1.8283505670093196
-0.211318236104592,0.4966660043637201,-0.5704853583503869,-1.3267145099404116,-0.1529422278146638,1.123182865401026,0.2581273912031984,1.9823698710366353,1.5418123686041325,1.6224637521482814,2.6235441385589606,2.779770286857778,2.7317721621604556,1.1809062567992346,0.29984934422787407,0.5672224288357175,0.784780456307906,0.29347640233072725,-0.567662471201275,-0.3033890691629488,-0.8264252867940668,0.6642433728684055
1.970423744706842,0.6983444779286404,0.039270276360783146,-0.07207890750070113,0.87812620650067,0.6968000837191456,-1.1988371573225245,0.1018972463541056,0.44022557328783346,-0.06701009853341287,-1.2151338344596676,-3.2278096264952816,-1.7923316514280319,-0.4213140688572317,-0.66267746352348,-0.2522888775361794,-1.4875948034194795,-0.6905141502152338,-1.0896893331034723,0.09015953615605551,-8.997764202380464,-8.59779593046284
-0.7612851339210328,0.3805211685161598,-0.32821826280876076,0.3295149608086348,-0.4515779497738898,-1.1930863735599768,-1.0385123823641322,-1.6800966317376735,-0.6508010330211057,-1.0194186966467886,-0.520441727174228,0.3031637191404926,1.3690430808348069,1.344154969198425,1.7279074817467566,2.027897049898728,0.6972734070354488,-0.7980492145957786,-0.7742747029727722,-1.085489121872084,1.1955627171596959,1.9988172344348212
-0.46081920533311854,1.0278404324986818,2.121357509655081,1.5730807936831783,1.6980811355811007,1.325279938670928,1.2863492193226491,1.758797600257111,0.018349367409855606,-1.524157516054067,-0.7173449189083003,0.00424501587791827,-0.03355619514376565,1.888544290540639,2.1527299688405193,1.2432746806484607,-1.2377125972173353,-1.9743494259320475,-1.0894946055755075,-1.583163282393235,1.0010020778867008,4.473294005334292
-0.9663871563062901,-1.1272031368082738,-0.9321907817252764,-0.7276366220598676,-1.1888664384014986,-0.4458796218840691,-2.4256604738713268,-1.2306359551074695,-0.5266320393800963,-0.06991521928197786,1.486768206835442,-1.4624878937084198,0.015180522534332374,0.01532260408400172,0.41514225628501683,-0.7685254524978774,0.33287667739222393,0.7969449827133235,0.34495136197240567,-0.14914160831849774,0.764935655629789,-1.184494294059491
1.5556917419839,-0.0065137216487574975,1.7250653179301827,-0.6655098071238907,0.41150850192118615,0.2596760049059187,-0.9510022633720571,-0.5298739136526299,-0.04792893430420896,0.14247907233438012,-0.8060648044078953,0.47674477735817883,-0.15640141155106294,-1.5642764466333272,-0.46683341564866565,-0.5472069940524172,-1.097003604509417,-0.752769711060548,-0.5479370789566432,0.19111767832275947,2.3334894445027854,-0.1579424210425135
1.7357397953011968,0.8113957185695754,0.621693239940327,0.6930851162212683,0.7103106225748363,0.13372497393164898,0.7302790309384272,-0.026879339960305754,-1.7438967180777099,-0.558985401321663,-0.5853354298089751,-0.3396899550343224,0.7247243304685921,1.3227671517760555,0.3519033906262675,0.04690802549614609,0.5254799193786436,-0.7749148448496085,-1.545514974042424,-0.9935475104810386,2.6442795194904463,2.135171492045302
-0.07433802003750362,-0.9378271032218638,-0.4782309129304875,-0.19803003131368752,0.11525232309910693,0.3248995676100607,-0.3303902619405775,0.48403324376265267,0.20634545087884787,-0.811050483065804,0.41816971001775377,-1.3923185498891322,-0.5713296527989237,-0.9709151125120719,0.3423215921540733,0.7156851714240099,0.637590944106968,0.3727785574494405,0.6118088676900163,0.9229182770094856,-3.3467512496274257,-1.1218139343857367
2.4339154067398012,2.3004293559486206,1.5055564685965497,1.7488531197178572,-0.05126897519603676,-0.29393521958682456,-1.1505567437730184,-0.4658454801712072,-0.5443102408981203,-0.29397062539315677,-0.967522331830446,-0.9122604102168387,0.2207969759635101,-0.0015864707419953497,1.1396322861446735,-0.09802696237227518,0.6713494174905047,0.5108493265819603,-0.22760284264136757,-1.8553539432782609,-1.337816434294449,-0.08418580401306397
0.739834487296801,0.1661145892018148,0.7642578380751819,0.7014803654168417,-1.175130399999696,-0.7637792167546363,-1.3628714540192797,-1.2551392757541344,-0.7717213052484179,-0.7458831260411611,-0.5541267069338556,-0.3880243859603551,-0.6415164277790906,0.7188947711656242,1.2267500343439306,0.9871471363946086,0.5028091984162131,-0.1078685943994155,-0.9525322424609338,0.07319691905049534,3.0669317488231536,0.8879716014508339
0.9127532516787734,0.13960669402684106,1.0817639092137827,0.6695508311380242,1.198096652656091,1.1793305625965271,-0.5662226815380327,0.06084729107923201,0.5470309463484316,-0.5591024662774084,-2.137900333413362,-1.1618287326173729,1.1035303066958426,0.8895763559247548,-0.0344783349345999,2.301301471012857,0.7471293008970846,0.1020324848909377,-1.6149844014513173,0.5811750036029154,-5.740938062371637,-2.96352000237124
-0.6502544077459073,-0.5461978688377852,-1.515637097223985,-0.08401883654428018,0.1479871037444679,1.5767340715312688,1.964838308991231,0.9037991580883649,1.6135419406442408,-0.23663195556648198,0.16535311326374913,-0.5277080413567001,-0.2954189223825629,-0.5361220747750078,-0.8909250769823106,-2.398329829158725,-1.0813961038935347,-0.8892677172571394,0.7258305248444552,0.1750748716119235,0.930468414318371,-1.0688979442679745
0.848599234919286,1.3944889188917144,1.1441575335653555,-0.5739900364723703,-2.8045779734726355,-3.6287982786672766,-2.1227158380843347,0.09418735636376875,-0.7206148397173642,0.920975691672846,1.018608693024937,1.2984531184420438,0.9819749979890763,-0.3687682891469638,1.006742210348113,0.9056358362944765,0.6796609114961849,1.523769077872764,0.40827528260385204,1.655744339942049,-0.17214190735981583,-1.4897556597768942
1.3867714248798078,0.2546653573495679,-0.015218701599313494,0.8389584244275431,-0.5237430140584844,-0.1473786877399004,0.2952026932340678,0.695630594052228,-0.6073186168185228,-0.5795868204036408,-0.4714951813235278,-1.968356075908396,0.09971050690338677,0.6214142928263164,-0.5805051472200222,-0.39729400450633956,-0.3449679590195694,-0.15074849105553756,0.14005013765355945,1.1090149864597534,-1.8617783612154108,-3.8154662549326006
0.1370458994751599,-0.04035178669325025,-0.37345690792680736,-1.8281913971976118,-1.5766594052979985,-0.9802420168797954,-0.02090098334200883,-0.6044664508643429,-0.8032055888305307,-0.22745104341971817,-0.07882420312819019,0.4027365072765276,0.9421593337507829,1.1061524545647217,1.8429185439453648,-0.1591914544224239,1.1771154355109306,-0.164991080924703,-0.4956707315936947,-0.7353023796648176,3.0344329889077106,0.30655366118733063
1.0271695552690865,-0.6712892193549302,-1.1545182059684915,0.3357909696203954,-0.14444259775447255,-0.8825604013102154,-0.9515202963110985,-0.6191225985039737,0.44470997916908495,0.15923445134819422,0.1706529357009184,1.430592469275883,1.2636466882525903,-0.17333376505165635,0.5447862324963062,0.49025840175562246,1.4867728473433406,0.8004473850355973,1.128221858925431,1.4268727048490601,-4.7419618795212255,-1.6160386523554395
0.16429500254865045,0.24180926662577537,-0.2573995796157309,0.26624337957946875,-0.6405666350313199,-0.02621263054154163,-0.4053581008401668,-0.45761405120078996,-0.3457869568133303,-0.2658924832003693,0.15903774765711814,-0.06634728535688912,0.3107010913345248,-0.03482882471800489,1.2885061407091924,1.470257711482834,0.9071146816135716,1.125364913479649,0.4340399319818376,-0.21763086582181926,4.974303048990665,0.8322371471079051
-0.502546614793994,0.17604282635557963,0.1150444427283593,-1.0812230649566987,-0.8230289208441974,-1.2364880031337668,0.13152121752406085,-0.8084122218681082,0.37212315123887396,1.0948620579160067,0.39964939944054234,2.3476429586474836,2.0728190217590576,1.8323670713460447,-0.14922326616623993,2.4261850965672416,0.5606815608769239,0.28595879761478815,0.6190787713753133,-0.36133552292725873,-0.32080076519953105,-0.12758490283133972
-0.476047788968161,1.4300354373292188,1.2608338984123688,0.7599145855038804,0.40695827730713174,0.41378076545176035,0.2630550145014826,0.37031525087044287,-0.281409962663915,-0.6869149384741181,-0.4336544607983696,-0.3173829480735716,-0.8388503722151248,-1.1974654112516192,-0.8309290773986415,-0.9967246626889877,0.0031657464240145267,-0.3361411309898187,-1.2907435873969764,0.8312558941773909,0.8129187076271475,1.5805382906207566
-0.3062079968383745,0.17531167683216634,0.6973287980024929,0.8900855513868207,0.20927880902222307,0.830110985292204,2.0504208664399934,-0.7924829129981786,1.2109077460608557,0.07548065215062194,-0.7743484612701232,-0.8283051095468508,-0.8335488115688203,-0.04077982313743704,-0.0796960715730748,0.07669222874752836,-0.29481023520346106,-1.0426073893851955,0.8562567674274725,1.2318836958250352,-0.2609273427995529,2.1017476553351053
-0.11811811741825426,0.4058747196623879,0.3469039633290742,0.05308139253890551,-0.9844765029817348,-1.247138879651162,0.12675289465083056,0.20611569960515486,-0.3707083350434294,-0.7901268667493877,0.8737790509782455,1.1261692915288317,1.364094403629233,0.15079747993501594,0.48046154057413365,0.94779963020828,0.14812858851345528,-0.586647659226883,0.9822692954597615,-0.20866588926441762,4.545699116838092,1.8028328112934644
0.6556244145698887,1.7154744770841126,0.5668991666024114,-0.20275566353902572,-0.337873110292912,0.5344379077349157,-0.11255360288594457,-1.304004471136747,-0.3603882762635541,-0.1156039272254656,0.6266395385595279,-0.9153756134926805,0.6230742334677822,0.814520118902582,-0.546655661360772,-0.7430390359348406,-2.169481697054316,-0.7664998705843106,1.1180897708586355,-0.3859259589027933,-2.7538058655944364,-1.020340222765547
-0.20393204942917584,-0.1205703939916089,-0.6015290715704069,-0.4877911571754147,1.7565575621105518,1.0358854532403177,0.9860031035069056,1.0016860379055816,0.8257344667305855,0.5232690590547099,1.5060018176977994,1.1291466361039106,1.3709825785789387,0.3580927605505526,1.2208512653752897,0.3118793404252544,-0.4453163347986888,-0.3178188962203413,0.08306664339876084,0.30911061542879964,0.4133235846962934,0.5489530930736315
0.46069617036753985,0.49769537348658954,0.9278046258769471,1.4746877563971663,0.06203325806677358,0.30755309244011514,1.119649973849958,-0.7511413427027235,0.5850311262358303,1.5422446247489274,0.8902613651735704,0.39406688522275063,0.20637583938629017,0.8638274497237677,-0.40948610179283723,0.4192487655484076,-1.4292073747934453,0.5663271104153617,0.5974106887245512,-0.2296852267792879,2.5556700845596563,0.7528060737005902
-1.0091813339454374,-1.1667205627638932,0.5284312016838949,0.011240047869675947,-0.631270024445807,-1.33039756885991,-1.6401866945302126,-0.1953027223531134,2.124354350794329,1.052089771007684,1.3767268098616825,1.9744927136410608,1.6160382868014338,-0.8686936744556051,-0.7312794913187206,-0.8047843113857265,-0.08626716436545584,1.8604483639552516,-0.04642503346824299,-1.2135274376019032,0.5425756776594235,0.1163721339461754
0.7874832082829262,-0.9163336910705497,-0.029391880832300685,-0.45632682456779966,-0.2248289725763323,-0.2972935240162548,-0.9658348860475818,0.1322944829384827,0.7122626444205198,-1.251921493417373,0.4788865420974981,-0.15416498482290025,0.06953026898989008,-0.9273112347786676,-0.40963946399327916,-0.6361845327174754,-2.564390160827913,-3.6382574311954747,-1.4925715512852782,0.06566865968524345,-0.46281109706703505,-0.6424091672073917
-1.4799821645150752,-1.3391609832699407,-2.710655754061346,-0.5862472673640607,1.1312056940583812,0.5848695117679775,-0.5274820475507893,-0.7922074121546889,-2.2229188418826147,-1.1393122613338937,-0.7295905422562334,1.5940625413671539,2.206871870052505,1.8748270129182023,0.09374280390823342,-0.2964366237855406,-0.7482405559595016,1.890926833241148,1.6268931924780201,-0.8603311960938751,3.5117684366353505,2.431504731351928
-1.3359986221704836,-1.4803012124790746,0.1217724860850911,0.5509368567807658,-0.4320039143177025,-0.287465123744717,-0.5648913016615054,-0.7132980897058506,-0.6737840083509075,-0.3576983923715241,-0.17409167986615312,-0.4501444330337939,-1.4580250255819067,-2.1370338971432448,0.06625352872084633,1.1478885066495292,0.7041092386467381,0.01455222432275038,0.11598542744123319,-0.42365271127168413,0.02659678714264868,1.8398082189272376
-0.19079543486493336,-0.03896869319517246,0.5203283467567449,0.7179761688537357,0.02826797970095861,-0.005731554628563433,-0.5828840799641594,-0.45466183968095486,-0.46508342167853545,-0.6872410087675409,-1.1409770030036652,0.43100778398638495,0.39931417508480593,-0.1967439052468836,-0.47164264450395754,0.5792958357194745,0.5524879027097782,0.9516586774243372,1.4256227797430305,0.4612281149610911,1.5298875443850364,0.07376505932252786
-0.4971173186791471,-0.4508283925965507,0.06579287614705719,-0.4663660229392163,-0.3620096395046666,-1.7100195118268515,-2.1249846593255435,-0.33757571690142313,0.42307718027386904,-0.4742846413139235,-0.9041540976941181,-1.1004174395759887,0.0450973925255583,0.15954164093559237,0.038620312811856794,0.36820219589216946,1.728980070057402,1.2697463460881413,0.41252172851892804,1.4878749694653715,-3.7298223818366742,-2.918016669939771
-1.565670256032967,-1.4403375441967738,-0.878071225387712,0.20042869334110383,-0.3777966774106179,-0.058029833351866525,-1.0001752756559499,-0.28045910225533177,1.6629074165888627,1.553933064801118,-0.012261708628469644,-0.5272313124100897,-0.26037119834555883,0.5995430059259739,-0.3420165717085901,-0.59663715730576,-1.1798551362843663,0.9663287457767084,0.46102540898441463,-0.014414587607298857,-2.8596214013604504,-1.8565228514733472
1.5954413681213873,0.4978851878532757,0.09542370514329217,0.33184316874659703,-1.2159408307243913,0.7283617275684294,1.207379265065422,0.6296861036324058,-0.16356273363529344,0.5389805823728362,0.46197281580648114,0.07950443660722033,0.10783633078460388,-1.906933383500459,-0.3552777096160831,0.5917357046368402,0.4524494707261855,0.7572186555634752,1.8451625360082278,2.132157622052126,-2.7258062265675136,-4.606307857015166
0.5513281095035961,0.24326111991199306,-0.6803625636963494,-0.5411050865397019,-1.1929695157368405,-2.3439105131927542,-1.2147466917449339,-2.390384813661919,-1.6613980385891607,-0.8903113639524028,-1.9944054850089272,-1.2098987155887386,-0.9280178655332967,-1.6351486353096663,-0.21427854841283145,-0.2639084201193389,-0.6066384043612616,-0.6771167901013618,-0.34399166404287124,-0.9254362366509596,-2.1930629793775314,-1.6870323808527872
0.31538929306063945,1.6427766641381354,0.3667800723740306,-0.33725101394715606,-0.649594488924247,-0.6126097243011788,0.5844751963366518,0.3402827836113061,0.6641742235195828,0.8517119915205378,1.0746705975411983,0.6745293621675451,-0.9789803785435555,-0.2860302077396018,-0.04189474040429746,0.24375779994577165,0.45889908962146314,-0.2613279336213082,-1.3435537159619837,-0.3201256702021744,2.87264858659697,0.011509630678802223
0.844771759289384,1.1107496571290925,0.45919214667381125,-0.4203044283329667,1.0895291248469359,0.43894446219588357,-0.5198505514906907,-0.12364370241191135,0.29131401991044703,-0.9165181741169655,0.21915836802806993,0.8230851478906474,2.29105422170411,1.0649228268973068,0.2583437353885924,0.19356875442245025,0.011503915860866507,0.43859099580467986,1.5325676337936451,-0.5904407171250423,1.8699113972180397,1.6877783331001703
0.7337369013180247,0.8088199290244831,1.5708373892577097,-0.38734843736754515,-0.8586888253530083,-2.519725171304827,-1.3817532722779993,-1.6379808411437475,-1.9200406791087639,0.25909105832349716,1.367608147285501,0.7644578720844241,-0.38388718405449923,-0.4002049567131794,1.9191938939235234,1.1137180780361857,0.09656100689387694,0.5743100474225799,-0.15177390936638516,0.2577257851322254,7.835296731428537,3.196370684169814
-1.4843507926509083,0.10023840856952627,-0.5990581825416231,-0.5726484723162165,-0.7495719518432281,-0.4726963160531584,0.13538192212745165,-2.0546055392200153,-0.9328663474393487,0.6511370160414465,0.4291269247871792,0.05619675326425879,0.14990229462382212,-0.7464338173967743,0.6189583817282155,1.1403581720578428,-0.04722671730217122,-0.46445560287399756,-0.09426558023854434,1.2380631814484204,4.645614332252981,2.3582326155448845
-0.43943858150960197,-0.8826287647894606,-0.5953039161874065,-0.3828888232715605,-2.8051069829039155,-0.9230938671633598,0.12470452606801473,0.039034462839536765,-0.3874696171482529,-0.3562616751689565,-0.09980025681274655,-0.4038782965184859,0.44504393093856665,-0.5687075395897637,0.9777140986662404,0.5572276240168148,-0.7644413726675436,1.0122653852258923,0.3068644964520731,0.7677405605568557,-1.4120035041935446,-0.49782226314462175
-1.4542842003033618,-0.48670590226121807,0.08471558090115835,0.2056523837778612,-0.8215738579693357,-1.6645962880103513,-0.34354764840617374,-2.226168354197951,-1.8006789818632387,-1.7530645321497835,-2.215272975247954,-1.4560929275938586,-0.23098483772230202,0.14519084455189468,-2.21423479821808,-0.6939125637720348,0.8080435175523598,-1.107686090430643,-1.2051391908052076,0.15916839895920085,3.0168568448338604,2.8840950494213047
0.22558268432589357,-0.6016725730174036,0.39515389962937825,-0.7411131312658901,1.3977202683670646,0.1508495412029557,0.9573005266740998,1.1233240270205065,1.5568169093031854,0.9684126133253719,-1.345418576098541,-1.5371681618193576,1.2959238484657245,1.3401437951465385,1.3326679778346424,-1.8680305555469126,-1.1747563065797184,0.739217948494764,-0.22627429784380904,0.04897155752587416,-3.034161435347135,-4.013993587857405
1.6690656653549973,0.7071972111846869,-0.07197718509608582,-1.1529011828785947,-1.4031055272417754,-0.7571805740715806,-0.3599185060304151,-1.2811496030230072,1.8008224742515595,0.5612595292370629,1.278757586040661,1.0032492219987097,1.9731963099812704,2.371743159112204,0.1827875039439091,0.04403479087137808,-0.2693893510073873,-0.8746782988025044,-0.40390801486911065,-0.18004382947314024,0.3866017402833003,-0.10978212892862663
1.31338038525181,1.0930509325928794,0.8040191495157378,-0.050715980651111936,0.23402100740696277,1.4144723479038774,1.9561869940079912,0.9904227125786043,1.4909284931452997,0.44605406368059836,-1.1858610485117982,-0.6101581898900049,0.6763465042402761,0.4481336180572401,0.29459469584220005,-1.2174592194151068,0.4594126026198472,1.7216325646656845,0.3121048201132687,1.0009892731245473,-5.814807386240144,-5.674505895485234
-0.8307358226296564,0.5304763780592721,0.017992575325334145,1.6463453159451482,0.107246851779507,0.29937535126027587,-0.46288604960164503,-0.08847862724071552,1.0772027733750795,-1.0182068703585532,-0.5700801181496211,1.648657857733597,0.37196314239700534,0.6815642080768054,0.961356500558961,0.5056529658353665,0.48887718411903486,-0.4765100729561429,0.3393961437653029,0.6137628678881246,2.4015054955449378,2.551447735516564
0.3930930852304486,1.5309033858198626,1.373557553808184,-0.038548949316626134,0.6734698809605433,1.4715060584773552,0.49046124935752267,1.751206214268877,0.6064028459382581,0.8056370637399816,0.789109578510086,0.30059992807943864,-0.45356181051691896,-0.6997708122277179,-0.14156818774839047,-0.7418484726930047,0.17749274229222783,0.07178695536988942,0.43523319244902986,-0.06563409375500664,0.505013682206818,-0.034026931373362115
0.07404578050354259,-0.3978803257360277,0.4319813377954971,0.8420926899642484,0.6325321435433088,-0.05606336431275419,1.298789007300813,2.2349687121515585,2.6039186794648037,1.7702743873663191,-0.279915257497795,0.1459340219537676,-0.832152062186144,0.10050354392675007,0.6199156526369893,0.9008446700275687,1.7070116374837807,0.5212359094452682,0.893118347037812,0.20383639153704317,-4.505438160682916,-1.9571748640964406
1.32818881188585,0.9375682027807622,1.5178176660068532,-0.2947383240809099,0.1241122975624141,0.02346307006025086,-0.20389422062178966,0.3450480540183731,0.12997729145702264,1.583845203537845,1.4762845465723464,0.2794745783831933,-0.5815800822901163,0.3013176624886126,-0.5051606868175604,0.13776289175684694,0.13142044333317762,0.32740322962731544,0.6743795617570483,0.04724261219230086,-2.4409963624783475,-0.19650357000962573
0.9326487122434536,0.14086821597224586,-1.0328809231063223,-0.4393956457888073,-0.7194159959053336,-0.4581121528302513,-0.2491954965817704,-1.0220488256588462,-1.8151234733662993,-0.5271051088422851,-1.1311601932439084,-1.023932996815765,-0.5552968846750738,0.3268057808637256,1.3400288498628559,2.014743484517427,1.721819718319247,1.7502856709409207,0.9963429777336862,-0.7663821254928104,-2.6319547860433645,0.2131658622587982
0.72490712889329,0.29198185074257144,0.9335842769258068,-0.6891660119076815,-1.814148605033405,-1.3997186983391214,0.7735198740402118,-0.8105079781169788,-0.11891623146378626,0.4922711286712349,0.44180840015697276,1.3159858873310237,0.5562738359611873,1.312037445335394,-0.17923576998189783,-0.05709770336559686,-0.2920838945306796,0.20573730993564163,-0.1859768938609393,-0.6157630754797678,3.5514388574073186,2.2626757529858263
0.2756940277995228,0.7999195784059808,0.541618402060224,0.30231961031113613,-0.4190315090064198,-0.028800007910231875,-1.4148836968294296,-1.2810995453426928,-0.18440699331845845,0.33149814310361386,0.7343054449262529,0.05927394433657508,-0.8326011828671122,-0.1578900530539553,-1.0125719057226237,0.8011368379238957,-0.07799199157969236,-0.11384331464594803,0.5384358164532738,1.467949550872587,-1.2452910931567323,-0.6838004148126537
-1.2505645470951527,-1.093068072180471,-1.901994654047386,-0.5743596036309381,-1.6467190585702738,-0.1594899613986149,-0.4584290118425646,-0.7634900375175517,-1.5716733087604464,-0.8882273803342213,-0.8020498140429252,0.6855357745761754,0.3384318993158821,-0.3770514646870577,-0.7452105536949575,-1.070868327957309,-0.6026327418384375,-1.106417965570804,-0.5224086504563553,-0.349664992940434,2.1550450478465577,-0.013476723622081577
0.36440510223594136,2.0043290673428884,1.1248527231998766,0.10482362094146566,-1.4088375624246148,0.026079737434071115,-0.16594967933358692,0.017192188176283877,-0.040975090228728035,0.6528894932806668,0.5291730122253536,-0.5973218248595272,0.35503113286791194,-0.09166573152339495,-0.35581600992936707,1.6965921268475244,0.39756783864264944,0.47345548224153816,-0.6446703264247285,-0.05664233669635718,-2.3410842502865092,-1.1095638057517347
1.9419360999083384,0.0032051934306629305,-0.37175543294905633,-0.6162298722315561,-1.0617280883463414,-1.4958590254795794,0.5051088956194321,-0.7612111349845897,-0.7177891743743469,-0.21544100538991356,-1.6043006599934697,-1.1409312923993693,0.8584017243759161,1.3642410904861324,1.2623832740880796,-0.928096741248894,0.7779367666145375,0.351568524478853,0.37298238434162306,0.07666555893713033,-1.3958447490102166,-2.537646016574564
-0.3768606647762609,-0.08235934547564516,-0.24126140931643267,-0.8787286832970045,-0.76499475296537,-1.0298349995158675,0.480651162037802,-0.24134009346114482,-0.3669146328038175,-0.8591055540942005,-0.898291586422895,-1.7557590757720904,-1.361674104503734,-1.25953782086114,0.27825439274672026,-0.7396196912386946,-1.6908716738093896,-1.3073575277445255,-0.01013179752632132,0.18111786819712114,-2.082483237713322,-0.5426428290354451
-0.5504805855337739,-0.16525208537062822,-0.3582642770470313,-0.19016278683268742,0.3036146787309821,0.9144619707779612,-0.36868441053307327,-0.4362763839276171,-1.1086542455295447,-0.7169190253697332,0.0024606590189250642,0.7902330490605016,0.8304622512077081,0.7821090174183796,1.2968636657609969,0.7486214142884671,0.11902709486040787,-0.9926683012863659,-0.5888561966128665,0.9395862918468243,3.1587872985690626,2.923348150594264
1.413899951776786,1.6336164326387048,0.5948952670919424,0.6053038206142205,-0.14802250584731033,-0.4354520365147964,0.36559570296065586,-0.6703721825906935,-1.797718701429358,-0.06734506295033535,-0.49482306507432167,0.5102770464198678,-0.4824514157841089,0.2956749846608914,-0.9135672423808235,0.5697292133506877,-0.20368998185335205,0.051031258455164534,-1.1875401289605962,-0.9510038364350372,5.701955441612788,3.4934193126381694
-0.3612915308441457,-0.3889398268300016,-0.8675074870959032,1.219699161667141,0.7431012192229505,0.5563957047591829,0.3128656027368741,0.5010524984581443,1.4422866875881146,1.165810974820582,0.5595357238670872,-0.13708405985917743,-0.6764304589197307,-1.774846295028151,1.1013354017451475,0.7095855431088351,-0.5240767042008139,0.030643098673638354,-0.6504296148977624,-0.31108551299091264,2.7685433738166703,1.0583100150178224
1.7878018677813885,1.7886654978616978,0.05344656872813845,-0.006335854918706758,-2.417254457874848,-0.8322607180453613,-1.1457120447380342,-0.4963182182896333,-0.5609187295582607,0.1347469862762608,-0.5262918099103234,0.33472454888672165,0.5746040768056372,-0.5281590673738051,-1.7812727246474265,-0.9296717531150327,-0.3171463539955858,-0.6134887689683375,-0.7761449961297778,-1.2771374440623624,-1.8501555042570472,1.2387677752833977
-0.7787082402322776,-0.5501829181522395,0.5626721056201447,-0.05121718647499426,1.089030656946831,0.1094322603717097,-0.891637478221377,-1.7143964584002045,-1.1268340726447317,-0.27968699891333554,-0.34868429088113473,-0.16546847076995444,-0.13329290355291715,-0.12999683485232305,0.8219458299304221,1.0408148051581976,0.1899223253035618,0.08567497382132522,-0.3932568525337516,-2.054595112005505,-2.386108458589175,0.7474278840909571
0.05729248676145459,0.5404188756085534,-0.17613235162390645,-0.7564372108455759,-1.536979351648952,-0.6708963106976398,-0.5049729996533409,0.4981557285449901,1.7881740417230159,-0.3066221023071751,0.3107423783017659,-0.35048266875996836,-0.2005995987147448,1.54754752645428,0.8576876697174,1.2771544462034636,0.9257818222321202,1.0357674090279971,0.6257056054180252,0.4346314574415664,-2.329947252346218,-3.2183860553322834
-0.15827799331757225,-0.3951536588116221,-0.39286200117377695,-1.227894065223574,-1.1543638726356127,-1.1346219830505464,0.9525234115885245,0.8097759765359329,-0.0510507008045208,0.6938379834686981,0.2668340169853931,0.3951638122810378,0.05549183887282508,-1.3477081291752335,-0.7880656707350611,-1.0747359618271843,0.4523960294820091,1.4836475731267327,2.232910154381747,2.3100567421756844,-4.756288304838505,-3.8696470657510442
0.24375686182328882,-1.500194795846029,-1.067103885578516,-0.5779508648025057,0.6889253892630772,0.8564374431983144,1.8594960842629422,2.036611886544161,1.1330782590271817,-0.6251045891426317,-1.1301807969639222,-0.21404206391343242,-0.8992225144437096,-0.140188020275222,0.44235427122393056,0.2469689015180714,-0.21441830718178817,0.14942337026236763,0.09349626507266301,-0.20503435630554592,-4.5485910471468145,-1.7275247161454639
0.1153142680432261,-0.09837344829650542,-0.815016355251397,0.06951760911649033,-0.24405844620181366,1.8102181117610578,0.3059154044514492,-0.15437868448398614,1.3984993585573173,0.23696304427582862,0.32210500659620017,0.7841544633568631,1.6940718107679964,-0.8156192498420499,0.1553047285128063,0.9639164321609786,0.6995505111503137,0.9404875811523902,0.1399568297228803,0.6822872479050514,-2.7489938498769035,-1.3524320520412858
0.8840053285049615,0.09860416043864947,1.5275706427193503,0.13216394190409375,1.8528619385608553,0.6166573465719883,0.9731079154766062,0.3205132221401204,-0.3273781999784504,0.20977872824229596,1.6095337049043348,1.2866203216185899,-1.2649279075568083,0.24881376796801696,-0.8660719780813835,-0.22387382828506308,0.13282972986568525,0.6437767060727796,0.8419660015786031,0.69224699393923,-3.207913229155538,0.7080704052742717
-0.6085298115829832,0.37845743317740366,-0.32788626552443173,1.0131350905593504,-0.45162292793935743,-0.9751431306242565,1.141410137087635,0.14246859335990883,-0.4132494076660151,-1.3905540457650996,-0.4923052725743289,1.477413550559533,0.5396663281239966,0.08193198778521806,0.8714906875088748,-0.48351672972617254,-0.2258815165604453,-0.0690112490078296,-1.3501710538094458,-0.7030140709607482,6.70450982351163,3.6534381270969973
0.6817234502644052,0.9338971798192343,-1.7857757370144496,-1.7877472943369426,0.7731017686707794,-1.6923764297595987,-1.0021269980201155,-1.3326901716182336,0.2468165589429538,-0.25957336586807384,0.11501663521829225,0.25557223449887934,1.6985063706688397,-0.3071654450545791,0.11812120401385877,-0.9969989164558549,0.05653285072413045,0.26678887645251687,1.2684669592120268,0.5359907147352825,0.07043115585091986,-1.791442931062778
-0.18466631365668526,-0.9964527585136532,-2.1660094291538505,-2.5661824183309268,-1.1091919760034668,-0.2517385514789251,0.4111119221758377,-0.9577122426897062,-0.36370318029967946,-0.4863968422824653,0.22827632862780026,1.272810340557949,1.110483742601418,0.6258270465790153,0.2653720925716562,-0.376392773081304,0.6846965970673332,-0.12635830329630138,0.543138120164757,-1.1466786023821984,-2.4471659921016977,-1.2462177089766053
0.10848656619259284,-0.95943568136937,-1.4503234786829153,0.8474637112836346,-0.26914579170746533,-0.6664615426438487,-0.29216056025811,-0.34630944360381144,-2.072049608239471,-1.4600264994094458,-0.5192925238089547,-1.1589684442347574,-1.091713223717403,0.3448171492469522,-0.9153784904182769,-1.0482508963395782,-2.2200841492112002,0.29367735179528925,-0.26241009329367154,-1.1889367392353702,-2.01217532097064,0.7033552949090702
-0.4446800939045475,0.6561032199039486,0.06398457307706318,1.7887330089967854,2.318537044622437,0.23504452071914936,-0.8798591374828247,0.7472063894996512,-1.0956699322623351,-0.6572530507912927,-1.5292166613357927,-0.7301891977462142,-1.3756779373315078,-1.271258000248669,-0.6103919187402672,-0.8706236950171369,0.27775552041233526,0.33915091722126284,-0.9402097335173768,-1.3778227388755273,4.171117051461246,2.2861343755816055
-1.042732184019403,0.7660366795167888,0.27630537643603625,0.1914359383579861,1.7044672645350145,1.0172002000181402,0.20179984436110995,-0.07016891581523517,0.24250009137156378,-0.8196140876927558,-1.2738453726908485,-0.6804351925903775,-1.5637275654555625,0.16427537521724947,-1.141313739310273,-0.8502440653835649,-0.2523943690815604,-0.49091568220259746,-0.06414377709114369,0.39722393062984773,-1.8683603154201787,0.6114191360009171
-1.3223360160954825,0.8719419382410568,1.13583786600178,-0.9649900907625769,-1.0462588428130153,-0.5325477755804354,0.3287165537970015,-0.6217914339723378,-0.1568064087544484,2.026685349398314,0.9368594196117709,-0.05323930486087369,1.8664191371487406,-0.30013943883943195,-0.3914266165720722,0.3793971789840425,0.6070571970875347,-0.44714266427426913,0.47613881925791646,1.7248975183725164,2.1183806494547626,0.8378677640500023
0.4008936474165679,0.9841141374644116,0.535644182138896,-0.4245225697160818,0.5041676732849714,-1.5962915180588453,-1.120471031046317,-0.9504638470494998,-1.3632407653138439,-0.10529026366160381,-0.28853147006219504,-0.7634900672404872,0.46083139015951413,0.7171003350960021,-1.0179921556380302,-0.5109644023280421,-0.5414644248245406,1.1889052931735586,1.1853875867467831,-1.3582157523473941,0.840232385879105,-0.7124896188234677
-0.8510830917977822,0.7192718771105843,0.1493253861578297,-0.6300183453997483,-0.03250483689049207,-1.3091294494226318,0.7530438567172516,2.11177838547377,1.6849078323969167,2.0183195897949306,0.5178896135848002,-0.035319800611701486,-0.13118374640508595,-0.5452275077882396,-0.07907031300538109,-0.9064315529686726,-0.8619318293718916,0.6606765817368807,0.6956433934325198,0.8168708384398308,-3.1394309650554684,-2.859259219304875
0.24334385208626164,-0.7460786962290497,0.20085112914173492,0.2527561807202489,-0.6332755382496938,0.10983960821708813,0.013328084173115701,0.8851426742690798,1.2032242848912535,0.024672011497169462,-0.7369925776180032,0.9071791980632249,0.43886049409954975,-0.32941661570993264,-0.22931773540713712,-2.24004421428536,-0.48094822188190733,0.052880970470745456,-1.0436562531074722,-1.0573056853610006,0.8386193489841184,0.6673916677173304
-0.08975773086030865,0.19648867314932483,-0.42393478041695126,1.0051519422760378,0.4314144606724721,0.054544664335957935,-0.10123100958800638,1.0128889396119423,1.3407400006053012,1.142212654324227,0.9829030055240703,1.0556089458373432,0.9951721326297397,0.5744820808363378,0.04614717682153837,-1.4712358795973255,-1.252967233006314,-0.8543608618161891,-1.3351444379427815,-0.6578788701242525,0.10465981398683688,1.5727882698502293
-0.33708989977645504,-1.3296525985634704,-0.08148170701607892,0.1634162335334506,1.109991171450589,-1.725803894385814,-0.21259760795477733,0.6614570078711728,0.5616739585796161,-0.2807840092545987,-0.4021026389440169,0.5445587708863165,-0.20984001427225427,0.92488234838153,1.5520560735289213,1.9657367099003518,-0.8508586024933078,0.03733266238907667,0.7559576597275283,0.19560846974212487,-5.247356087602032,0.48889759853168235
0.8481655542642106,1.3054008824763605,-0.5457090029872746,0.6391279397182341,-1.2773418410789177,-0.4106412724427612,1.3055465837303486,0.6347106659425015,2.3117596811076053,2.7088274560283727,2.204215198710283,1.2057570834671032,0.3736462154417761,1.42606139786298,-0.05322907136100544,0.37278899098882096,2.2937951203477343,2.170360770047892,1.280636580183974,0.26079018091141154,-2.866979577353857,-1.472301877211222
0.19999275991765575,1.2676075662156363,0.3579923534500364,0.19308678269524382,-0.2759120440036209,-1.331065848541806,-0.23999182672733263,0.7040153841424002,1.2695660772957358,-1.665351321441206,-0.3202774836786589,0.9457095797838372,0.18446656953894464,-0.5217760648041001,-0.009009980985545814,0.01164624333577717,0.32992307369066504,1.386638498376315,0.8475915344382671,1.2966324104393914,-2.7281193098445815,-3.323480160871134
0.6602104672351987,0.038040478576633424,-1.368909624198701,-0.719891108873946,-0.2845398159330144,0.3274048119269787,2.143435861783449,2.152298999843606,2.2515387831455485,0.5498133040348292,1.1452152077219986,-0.3446461811707924,-0.11429221399087011,-0.3307672475982947,0.18114912803718763,0.07857490284449604,1.714456467820581,-0.8666213217922216,-0.6862745775500659,-0.7595063791863725,-2.806312486189713,-2.9754917456767456
0.3020603348792274,-0.11135780239105798,-0.06394763593746575,-0.9745039860230265,-0.8645976096940622,1.7794448581124536,2.065529962636389,0.3050858786378603,1.017370931073717,1.0862428796949575,0.621904720065796,-0.08650484422675625,0.2028452851175532,-0.3815628079447602,-1.7757447986409483,-1.505688535394739,1.218761694991196,0.5315303079577178,-0.6339890066113195,-2.2936191244848847,-0.9926077356340637,-1.4770088247516644
-0.7380479783432188,-0.3736010353779056,0.6240487960350544,1.7509200555596063,1.1721828072975893,2.4381555019523633,1.2289199669812434,1.1286990439995424,0.16732375115072182,-0.6011292181274425,1.1695292263953783,1.9305806532774255,-0.7367770126101393,1.0332761786253633,0.3288470335380853,0.1410046425008161,0.23063010131039557,0.9050694518214433,0.60369035350195,-0.33667158351154586,4.371326569670641,4.331215195192108
-0.8340647141462355,-0.16346608195300052,-0.6938431376309249,-0.9424523475831322,-1.3714943684765755,-0.08701842527566904,-1.2699085574774949,-0.9650834224876015,-0.7153974774788937,-1.6586579356592148,-0.3003221063348244,0.9058387810679741,0.8611947976136505,0.22395436976114996,-0.31409722891224406,-0.2744460485623999,-0.21421613415800622,-0.12236761930499943,0.949544952189954,-0.0881350638549953,-2.138276715613284,-0.7116250950360992
-0.3430562661606912,-1.3414164469857954,-0.391488289286147,-0.3708901262179927,-0.05060737143032106,-1.1297549554011037,-1.2526740488014028,-0.21383291079351646,-1.8768225334943505,-0.5763850463962553,-1.3001459897230851,0.5151357926213374,1.1530566874923274,-0.18174439114486007,-0.2575877124555227,0.5821355595660254,1.9641689224972398,0.07518063883859526,-0.46651007768364555,-0.7789715332545292,4.252557373088913,1.3980261678952821
0.2834130854658131,-0.6384804130815426,-0.2835883260387073,-0.7376766944644891,0.08658573990700047,1.4479263296881546,0.8784912748636092,0.25727359088768637,0.03161764122622928,0.12029770484516784,0.7025313533063084,1.0464719322695306,-0.0012901096518266402,-0.04655405265514727,1.314165870473638,0.27843813730475964,1.2576397744017853,1.4514897599347043,-0.03419091795197706,2.437327634704113,-6.68052636471986,-2.567239492008673
1.1430071713240282,1.3453497891990975,1.763822314139006,-1.3760795174827969,0.7482540549108742,-0.8470378786767436,-0.5982389010658474,-0.20474639418010637,0.9164781959197744,0.961472607636659,1.838760053238391,1.1577220573541869,0.20834225244930885,-0.2066599954252008,-1.2683533368960485,-0.6831383830374229,-0.09043206011739639,0.16591842922944192,-0.9969136934702072,-0.963819598533349,2.712870400428753,1.4446320491190614
0.35191224193607007,1.0094776686689086,1.9656453160382295,1.3178812862911897,0.4923244101755816,1.356946355043526,0.5081145890065952,0.4849634272548142,0.3831277854637447,0.1408710158282814,0.549087885780303,-0.6068021869271928,-1.5284278320019409,-2.281123895038879,-2.414634559609506,-1.726769136358798,-0.37242898810569497,0.24251081122180618,-0.5601576282137779,-0.8855497628430214,-1.7787481077649323,-0.9560520133123859
-0.9395702666749867,-1.5859278427084649,-1.3609131307007938,-1.5324607809454778,-0.35768580071507317,-0.4026277143905863,-0.47318990375322634,0.07260613876700525,-1.0744367722738526,0.4733648534680927,0.3723399370618804,0.9607030658001853,1.396994465496018,0.7186396956755378,-0.3007735596006977,-0.27019666397434255,0.609881983940723,-0.1700521458271629,-0.8669679506874557,-0.5439232068828603,-3.8006868035926797,-1.5054572169589435
-1.9274691084282907,-1.532750459831254,-0.32595987102847535,0.09292707673136028,0.9306814982542974,0.6551336671716264,1.3651448020397636,-0.5216662993030812,0.2235105363138877,0.9716585403268226,0.7116280862018473,0.7238296344408559,-1.4332075207088901,-0.9204554062139166,-0.030515949935226588,0.20523063830446497,-0.38525951370609834,3.1339458190439062,0.1516390226907215,0.9213670018814867,-1.858038489352654,-2.2324776312222347
-0.4368711841383414,-0.38801503703297413,0.4214220955506578,0.35593927633422223,-0.11073888451395382,0.5755925063566274,-0.7507729169318983,-1.3623674553103182,-0.20420728487409934,-1.872265583501092,-1.0275889776579168,-0.6055016335666209,-0.07772147146615323,0.33176089268306985,0.6703575347667815,0.5994131148041892,-0.3692370809476761,0.048773073084839795,-0.14368015339904378,1.376184790727427,-1.4341654983686245,1.3058989560081653
0.7675916009965871,-0.047575616651474084,-0.9798427073047943,0.40130237080088355,-0.9278560902914548,-1.5062178495935388,0.4429847595022772,1.2071382821752261,2.1526172002840562,1.5443971826107612,-0.2891368397907383,1.2184008242913844,0.25934557473085385,1.16381786842273,-0.2683074997719436,0.7520833029256709,-1.331387417243081,-1.8364012516678478,-0.14364050057637917,-1.3019728754269848,-0.610690705216725,-0.11400277503862832
0.2819815561594311,0.5025533101678514,-0.6133649085770744,-0.9961313192845045,-1.3963511783688998,-0.08108193850192405,-0.006088306438095475,-0.45137967147244845,-1.6456594360100287,-0.6728245165770207,-0.9847547210491626,-1.0733586233325203,-0.4126249931363481,-1.4399747136341552,-0.10818218446175873,0.8435186753003291,-0.1651984185526089,1.9028894468126385,1.4307862809146548,-0.5027149794811709,-2.5941979550073695,-1.2076220945597325
0.30717267863643716,0.9624529211991988,-0.0010196550020158688,0.3082327233050726,-1.1646783733866173,0.14447664331951282,1.4835376185852354,0.35704956083489986,-0.38666105469170997,-0.017223810005049186,0.0183888069493126,0.28421493179931745,-0.5155332297736157,-0.42353871581818964,0.26147233353743604,-1.5165848268544202,-2.0125338900793137,-1.8504427807899215,-0.2169500300176177,1.449789723362687,5.628786004850259,2.8732223256854565
-2.1828292801620277,-1.9009866241263313,-1.5902288483950662,-1.5419761026118735,-0.9421928632350183,0.003940423404406995,0.01771955611720866,-0.8697249607833664,-1.478503491524257,-1.4924422922149538,-0.25886220142322464,-0.6110962782221381,-1.0686516664733665,-0.414329548858873,-0.3303052851195919,-0.15223709794459253,0.4390287623927815,0.36913912191141535,0.5667694553940059,0.5186590004193429,0.8740440507583501,-0.7182454371664845
0.3620481875447395,-2.1566197015208397,-1.7676662226053097,-0.4100488062869798,-0.654098710052864,0.2974443699845599,1.3285991725052622,0.5593417668351006,0.5206967354124916,0.049751058756488026,0.6728253705731017,0.0002278161158596263,-0.6085857741068984,-1.8986013303559373,-2.3614467829837813,0.06592927827133742,1.38858342197336,2.1569998488380504,0.3793564747868995,-0.010559120125886001,1.80270814391411,-2.766872014574923
-0.6145356853692471,-0.7104936068980053,-1.0680564544451316,-0.7363524266391615,-0.21032889835701682,-0.7809991889024726,-1.9247214009037652,0.27997189350351365,0.3774887367136773,0.03345152400414155,-0.5691604651866652,0.5717711823760491,0.6894197439320705,0.8178883568183877,-0.08331080500087108,0.0452557874247888,0.4613824746922779,-0.33973585461694006,-0.06155828858180214,0.3122198247083181,-1.6990370791465745,-1.4485560898029646
-0.7425324105852721,1.314295265804608,0.8273754477954968,-0.422621368313705,0.2652675596193518,1.3909544796448143,-0.9841093160355779,-2.296610183770348,-2.2868117024178742,-1.0404060545483964,-0.49306041678909834,-1.3762456462416675,0.3471589999810485,-1.8945519495846894,-0.7421632994481069,0.3640058336002642,0.5031989861994068,0.62952188498503,-0.014301069350972601,-0.763090363708717,-2.5076747457360127,-0.0420119684082792
-0.006807173189535302,0.80141769248476,1.1679277565136488,0.4480952986920916,0.7496310703458571,1.4224299509434521,1.3954920290514772,1.6962726605427407,0.004233046451362854,0.1770893839938949,1.7791691455770027,1.1772297660008129,0.7176982777750642,0.5493215696789647,-1.3215211668496376,-1.5191811124591739,0.3122258556029067,0.22035911135881364,-0.6660830499661382,-0.9691566752483297,2.1241296281577333,2.507457787104364
-0.2667206175546866,-0.1254505589620619,-0.9501392808521666,1.0246333304038697,-0.7928769745787005,0.26738804310185194,-1.5100005706541166,-0.3507169420260726,-1.8140866422672586,0.3684806910776546,0.9818037674811916,0.9026300681162127,0.03102644052974889,-1.8333522655961338,-0.67155951044523,0.4600726662614288,0.689064026225253,1.7214653156835438,-0.17999259956763347,1.1760561635730875,-3.2015840380645355,0.3600866593102614
0.8184293188795354,0.5633838220525681,-1.7381000945438974,-1.4666073016701588,-0.34807061908459824,-0.7825897041837168,-0.33098323696458726,-0.6989104016945578,0.09792737112167078,1.153204132002678,0.6991863135775007,0.43657848026396934,0.1362215924026958,0.34842138754250646,0.23196015896033553,0.8782968780750244,-0.2659259533167221,-1.3471229874329822,-0.5139446613534826,0.34618508050308444,-1.1031619293918742,-0.775166954527829
-0.028613895678428,-0.009908344636961816,0.29741787269175024,-1.4065081955282104,-1.3302224685475086,-0.16068749828522963,-0.6818530689169249,-0.8314631037680457,1.1418443212578584,0.5279489896113178,0.13059149612443735,0.08843204296024797,0.30043026284876023,0.20603639741891996,-0.4632709092641986,0.3813995111575232,-0.34482582140923657,-0.39814390190651766,0.30003297660889144,-0.3649110340145482,-4.716687752907933,-3.2034955336845843
0.24279239406306627,-0.2793994736591922,-0.614941892885364,-0.054946994291547153,-1.1632840608649406,-1.447805478105337,-1.2217597502974795,-0.1133173464749625,-0.4021983825792382,-1.8349955159722313,-0.9732508721854866,-0.9835126076762034,-0.07578551115536003,1.0186099288443116,1.0862163650349959,1.5492591973769445,0.9304277861541662,0.46183737412367987,-0.3513356525680729,0.6043647862967311,-2.937225975310307,-1.059158772197526
1.4475442115821062,0.3857558266015565,1.7447404516366005,-0.5218359454733494,0.5941254172783934,0.30811493979901355,1.0602199887919062,0.28686726403426055,1.4734409254528391,1.20208372717428,0.3786445592643569,1.5552002759503047,-1.0997666638430397,-1.4476333762836529,-2.9083891681210043,-1.266518467227749,-0.37273852672281627,-0.06572433160075775,0.3178509301003711,0.7899568151724261,0.7257911377068185,-2.0902641629510983
-1.4903745308782026,-1.6145090165679277,-1.6509193529907535,-0.8283582922239244,-2.068959556243116,-2.064819686803331,-1.5761979113593767,0.11081663126964027,-0.539746706310413,-1.633308975225155,-1.0259441504803488,-0.3369869261994601,0.9718017924209933,0.03442409683226474,0.314722636127131,0.3338253948305634,0.1376991445850273,-1.2213572915830673,-1.8749434313589708,-0.7433904396337981,-2.8400233538440234,-2.1701535561394145
-1.1840873328835702,-0.15006201581102566,0.4905060484639722,-0.03489355482903905,0.7052517860680657,2.3883862071460285,0.45020504087564134,1.4582670181221933,1.3752185686514566,0.599361632079479,-1.863608821548462,0.5978851111939568,1.511071545742841,1.1008251145448866,0.03877503048931851,-0.5368383944536023,0.4254201605500173,0.3139555288090304,0.18768601253233907,-0.5976008403817722,1.056881549473346,-1.259096863156769
-0.24397334677918814,0.7959489902412142,-0.7026057188941524,0.11894806027034857,-0.2325473133144841,-1.4219205720970098,0.8132024786475365,-0.43879170828325764,0.12725082243945499,-1.9287679527671022,-0.3803095406057457,-0.8044312691090841,-0.35631723968502566,0.1063074336543644,-0.673085731393663,-0.9808490631017197,-0.3673668359886643,0.296940692613257,-0.614869727268631,-0.37451120973849183,-2.9487692997622696,-1.5033468136850723
-0.41976977308866703,-1.2897204624243424,-1.123846173273362,-0.22757463091686891,-0.840164560429486,-1.543940287323043,-0.5696093728366443,-0.3496015443546867,-0.8848192907069564,-0.7140237116905075,0.016983056518161482,0.4124099759317066,0.37301143015349497,0.5033466814575974,0.9095106149484176,-0.5733501609340549,-0.11411645272820167,-0.18922575463706087,-0.4039488970102591,-0.21906800490511028,0.6915542050888203,1.2624722206557175
0.019569815815833662,1.5356828636397868,0.6731292074303864,-0.8757276174399853,-0.7050626666018044,-0.03538021288626878,0.06429811977171991,-0.05356479486879245,-0.25839223279001516,-1.5762942191207472,-1.416770521506997,0.5264178186481037,-1.3593579523487864,-1.2608763407972114,-1.4588327716242722,-0.47617086034055456,-0.4664015429476948,-0.2569490558010965,-0.006196598911786223,1.4383456227432379,-1.509565957298693,-1.6680172254851002
1.1202740334864179,-0.24766276521530886,0.49194573932889096,-0.08551510280523016,0.5792978899225912,-0.3070322002935301,-0.919248434968068,0.5882706657960424,-0.06969213363526372,0.023686084379617334,0.5220230847382651,-0.09995106714353144,0.4085167470549355,0.017305816784427268,0.21946218386896926,-1.3456046203184602,-0.3696748316524883,-0.6749371226337211,1.0543516646541649,-0.2580138281491038,-1.4948618742856543,0.01948670819094875
-0.87800708290665,-0.32768576215250605,-1.365168900263632,-0.8407343522718629,1.1824940133272157,1.0597881078912976,0.11202027724241434,0.8065162602998787,1.2203634091124538,0.15785379826031298,0.5942370244833427,0.9257882090644243,0.47901929322390663,0.43033480455835144,0.632571545588809,0.24527954458083082,-0.09767139573543754,1.7761086824175543,0.16505291587804802,-1.5192245341157318,1.670270005312693,0.2432755154736297
0.5871329461771522,0.3641299336736132,0.5946221254916687,0.08799606050646605,-0.03904960396965521,1.2245907991225513,2.162915359870408,1.9237919670391883,0.8225594925556099,0.5136928925764356,1.0746301502207634,1.2596059400612987,1.109515019224912,0.1114358395163521,0.1345013973502286,-1.606652683469233,-0.692028117623594,-0.6207961683490881,-0.2735853572911739,0.6251393915125913,1.9798994173970543,0.7549396606661856
-0.14896044081437554,-0.06675045763345022,-1.2273558991710758,-0.22878052585028416,-1.2296643710010902,0.5789192161663759,-0.37185703875667736,-0.40181968692708864,-0.03075905428526096,0.6299692349337586,0.6426420956187217,0.8976327586306655,-0.10705540693055879,-0.5546415601227986,-0.8508839036705631,0.3543754505774896,-0.5646801598209508,0.6819793193873117,1.4307466758474223,-0.5774371428575754,0.3658158290652418,0.7284808471332214
0.07849691569330478,1.8458538809762528,2.449208316767401,1.2633533540158586,2.707353162424111,1.0415186346370655,-1.0003170825326189,-0.4090812969338446,1.0892569957175366,0.1432105043170983,0.5978179561005931,-1.0022884440887667,-1.0485389467311934,-0.9790282469019175,-1.5320145611575253,-0.2597860678206843,-0.5381339351858585,1.280621347365044,1.5970437781671523,1.3592247425101907,-2.137273625701439,-4.1038451675508245
0.8833821618899211,-0.25781689886380416,0.05100473280470815,0.36583522433053206,0.022546474309524278,0.39140378764611033,-1.2701152484323304,-1.1180745041302385,0.11480866079295819,0.6032696808523937,1.4362418386151001,0.37138420256017024,0.547612833737195,1.1584292341364466,1.1938544895246959,0.2942588499410838,-0.40378803549045716,-0.6410811565164907,-0.7025082331340764,1.5446621750430716,0.9792502625405943,0.46588787260886755
0.5765435462217173,-0.3833108959040519,-1.7209563055545731,0.05113249500391332,-0.2845323846501711,0.7414386886798036,-1.2881009447591265,-0.4289656133687405,0.5381921697304275,0.5664218311306034,0.7141674654130429,0.18293638567320067,-1.1221522757630327,-0.1669738803270461,0.024046116319830963,0.2399603526927005,0.17385083761756298,0.6487706659348927,0.22993404197626577,-0.42013457313782215,1.8106751379764363,-0.034863161502219575
2.210834319066253,2.279380629720239,-0.3379603251612257,0.23288126148107033,-1.1454919865408786,-0.9733954314203638,-0.06743575136785751,-0.674250216974782,-0.6455191641877506,-2.1990906710508207,-1.3702209768297102,0.2710827388283134,-0.629043393523619,-0.5641478643705296,1.6396764910063282,0.9750687128308281,0.5616254426128315,0.6885576599073054,1.9184147250135517,1.0917600341663742,-1.9185889730988581,-1.7555545261022458
-0.8830115865697806,0.3578246523614265,1.6563576409371086,1.4245150055083509,0.2184698075291746,-0.8952043297904115,-0.8382089428767224,-1.0117931681861718,-1.7199215698525356,-0.20926324996746956,0.39883496147558856,0.07651574449864923,-0.4934347027716164,0.7019680931212045,-0.24568638637839796,-0.17257741941890264,-0.43538796380610745,-1.3796774607018456,-1.9611587223826163,-0.38843902672513675,6.38519872005575,5.464299565621814
-1.4220606385582182,-0.13385427960353055,-0.7166336685659846,-0.4607206300565479,0.9024925357953675,-0.32920927071905703,-0.8015678562529319,0.04499575238481503,0.024553051327444907,0.8234429753343836,0.29835582784841935,0.09615566200254234,0.7044456941234297,0.3207859131433905,0.37500471853070755,0.022115097467068103,-1.659542045618734,-1.6539734280347869,-1.147274953060487,-0.3892326851843626,1.0843613196455926,-0.46147220187133486
0.24622338448783684,-0.27123541426887326,1.533624839992672,1.1718578298153892,0.6826827859793749,0.3609329279148413,-0.4523165955311531,-0.3474137283514956,-1.6110497496626637,-1.5491758310421126,-0.9162883401977081,0.27581011381745085,-0.04385044682678626,0.5847221949548679,-0.9932281591821568,-1.223696995668112,0.7081129947569635,0.7271964454699424,-0.35775929648294236,0.05687687048417101,0.838886670361844,1.599005179205078
-2.0567548647994807,0.8952352884337165,0.8907789715131534,-0.8666205790191869,-0.32497831887147755,-0.21320178393996192,1.1275965480628654,2.2557077908353014,-0.4193599318959732,0.6264947540928675,0.753912708927512,1.7427834977093386,0.06063720949058441,-0.6670389070744582,-0.813132514156429,-0.09878397057763871,-2.229533428765996,-0.32475246692016296,1.363670971717706,-0.3653590423095528,-4.129643339064896,-2.9599396089200054
-0.40620879460508835,-0.14072396460717848,0.24028957184767955,-0.5252354898576904,-1.1925863962599614,-0.4907215744132269,1.1520851431481796,-0.17809763624788585,-1.3534586186164705,-0.3158885076286881,0.423905928225698,-0.6909236857058217,-1.0344330705438483,-0.802712860920575,-1.5874621688697454,-0.4964239924272168,-0.24838416441129144,0.7530665547441184,0.8087099892244215,0.6497525765488585,-2.5798965575114416,-0.7728224497790638
-2.7349023685980893,-1.01783569429127,-2.4792367337959904,-1.5381071736407277,0.25595024706672587,-0.46211888669870055,0.01364379106094244,0.3499052112787412,0.8805506779534856,2.6005006425126815,1.1925494851358418,0.695785487452582,0.8672006415025442,0.992170007781667,0.5748319747675125,-1.4001547652362556,-1.5488436091708102,0.671053575138339,-0.1571777660090368,-0.05238310187963322,-4.20940537437941,-5.1019067032997105
-1.02283468759931,0.06378505696240377,0.17335925396838264,-0.4914545284965461,-1.3727184479807037,-2.3996338361766885,-1.5291412477609023,-1.794211616565656,-1.003453375316681,-0.3576566541099101,-0.3655458106083232,-2.021813421347141,0.3860368499305077,0.15516859951724588,0.34486656839652,0.5784332583136929,0.03424063900250685,-0.3085180746305334,-1.3371481822697484,-1.5197691346149151,-3.9388886817730406,-3.011938177716596
-0.10559515921607333,0.5635205426829394,-0.2213615101990999,-0.1627616646343646,-0.038207060335608986,-0.016013735845341756,0.06831404111200241,1.5813832067394016,0.698402492912471,0.07468832853888799,-0.20350603097041026,-0.2335995566672874,-0.8895348117653304,-0.970992790135567,-0.015784575835626265,-0.856272938603776,-0.9952764744685709,0.8160638199304742,1.0838165364595953,0.8865401962635977,-0.4028475530371509,-1.9861359130119145
-0.7481767786834843,-0.5769256718027442,-0.09033957598010256,0.9627301878981777,0.9002108443257045,-0.2669683063669695,-0.6324720091903224,-0.09673284734319351,0.10751101526371429,1.065444762453522,-0.007905279174632938,0.34457938631158586,1.3428039362417121,0.24877237758669846,0.19557551368941253,0.6525404066612382,-0.05611396732415616,1.0923205393470357,0.41719892492502103,0.671546831210734,0.5575506802186116,0.3614985946311354
1.528659551534335,0.9742636466633825,0.7269757265838604,0.1487233331081824,-0.025564981453560412,0.1952455696697686,0.4283461939451032,1.0524342166496214,0.07390268822864794,1.1635019057123173,1.1935594945619912,1.5472336377496434,1.2399809613025157,-0.19647451412527095,0.42237570190742135,0.1404495825668035,-1.7284268112084622,0.006280379042801556,1.2063138608951027,0.4569134716712501,-1.9807047177268822,2.2002071712554545
0.5378469612575122,-1.0604196022204355,-0.29504457662952743,-2.3941031515769216,-1.1365577945079006,-0.004209524223313106,1.4697343419647142,0.04062501860976128,0.742549267280453,-0.042475326976738004,0.1055040144961025,-0.5695185053011897,0.11539950868817503,0.055379736669700835,0.8067129996611194,-1.9071917534921223,-3.2757947859926326,-1.0877819122503312,0.9536895125385573,-0.18091010157585172,-0.3685951076049978,-3.461423351756165
-0.22586293880035688,0.03342660395910286,0.8078411130713934,0.34694843987709745,-0.4206830236954143,0.7165963351057508,-0.11933171051467639,0.29016321538945294,-0.12845639903831005,-0.21624143502623536,-0.22584849821838046,-0.2870936599377267,-0.9550314258445735,0.32904664119840393,0.060247397967320246,0.9583191001591209,0.41308219554596054,0.7248752530347572,-0.021297770300179247,-2.2067859335582214,-1.3392558733125834,0.8639907299116187
-0.05881486050548254,-0.18682779275017905,0.2525001816347031,-0.6727929689378651,-0.7229069459695131,-1.444731778773147,-1.7634170391550845,-2.6475989058324667,-3.1162696190199095,-2.2243938955018927,-0.4873608843648826,-0.6460843573852254,0.00040203893764748165,0.705739750576358,1.2783784995460936,0.6766842471820472,-0.3185936677945751,-0.23592583858123914,-1.8714874951354554,-2.65380159179516,1.594822056347053,0.978973282469977
0.3789924692706088,-0.059602191247932354,-0.8114917126131148,-0.36266703401666467,0.45229729083695186,1.974428936157988,0.6186902500943214,-0.4993875267165464,0.6281678754584659,1.5484605004144067,0.6630229196433132,0.13442343799914222,0.49411496891680406,-0.12209383610888072,-0.08816518390023385,0.9218830268436298,-0.1198648185653885,0.2951219648543438,0.3429029360434814,-0.5090923391565325,4.115438304637841,-0.16878348440446678
-0.20533109607325695,0.0006735784190479101,-0.550355903773873,0.22745693280955676,0.1384185898309391,-0.30713766566730544,-1.0813121510925683,0.5309492292415557,0.569992323096929,0.15605368390191018,1.0142336401674352,0.7084779168384754,0.42705922626495324,0.27100481402353305,-0.47389962669562613,-0.7377942017688375,-0.47652126091468366,-0.3216430860864396,0.01263897356493439,0.44195973892636475,-0.01842937218952659,-0.006387515778702932
0.11512138244501435,1.3769031714988256,0.4271778581560352,0.37198164069580447,-0.990053973551426,0.228530034897201,0.6964796626936164,0.2686146761123954,0.5174377395087754,-0.9226363126150076,-0.6019530514721295,-1.4763518085445082,-1.6295006004705364,1.0546459399038117,0.437447841910287,0.44159211973182044,-0.2647040347599124,-0.6922653895810634,-0.005966332017701644,0.030920591343770988,-1.2955638344222082,-0.5617694122684225
1.6135352089899666,0.6794685167017354,0.8713216196617962,1.7263891004887826,-0.0921520780662101,0.04791372755996275,0.48314687403436923,1.3123304170061563,0.23272437316399353,2.0781053729723418,1.8966132315885353,0.8374776734721731,-0.12709064957407795,0.09179136535758074,0.9236256682955784,2.668538442192426,2.3102949341630565,1.4510213023680198,0.6565207605317221,-0.2650830707237189,3.306532015928007,1.7454192534338218
0.8425771610957594,0.04882374798062117,0.9802946138758326,0.7310641005443033,-0.5277241044958528,0.4473739294212683,1.4090590224988362,1.3132861278996772,0.7498014915840039,0.013432489872538398,1.1448546462898652,-0.7001057292707962,-1.3169047238897011,-2.3293582927269636,-2.4271830215645074,-2.0381883411093673,-0.25520915081083717,-0.33642066351830247,0.6429025287712167,-0.8356447615435083,-2.5500130479474397,-2.2139166565759987
-1.1393267251423445,0.18672804091321812,-0.6196705252353859,-0.7332520849975381,-0.8526035020581453,-1.5371894390472598,-1.027961301433254,-0.7951905305792124,-0.8686983873958336,0.6463770103492099,-0.380784634740691,-0.7592484047887291,0.08583585519220314,0.3799597452461467,0.7410828553142692,0.261668064889931,-0.6653139623253695,-0.6703944776529048,-2.646311357966545,-1.968797930118509,-1.0868673251283287,-3.0648905886450772
0.1477933628708107,0.9927315060441959,1.031918717979726,0.9647015593471625,0.25561874116260636,-0.6525470497272962,-0.17900844347166647,0.062218264389282275,0.17377685781912747,0.9727219969278074,0.9594432727637134,1.4971344573052423,1.5657126888392487,0.6694127894107071,0.17041710790725148,-0.6535297151208076,-1.6051447580523404,-0.633680696773186,-0.0790607790279811,-0.24480175821629985,1.4219589910363384,2.8142331699976224
0.11891862672152025,0.48451394771446443,0.38464691880395974,-0.028114036499461603,-0.5165487599646091,-0.7240487005769507,-0.8587015149357948,0.37066891888269504,-0.4628055878452919,-0.2857179880710139,1.1782340915429381,-0.2560470497643824,-0.4134424692443296,0.9085430323316793,1.228523882468296,-0.005058983029980173,-1.29089690849368,-0.37825432645701407,0.8546152798216825,-0.6984102378251008,-1.7872548254947214,1.0782859190194687
1.797743346143933,0.5696768271650571,1.326279311153707,1.4973709452440258,2.3243593859391067,1.1576388628260068,0.841897313551926,-0.4567248676093144,0.013758214732675196,0.4823293268091728,0.5263387356973994,-0.139106232698904,0.8725062703880229,-0.7349618464681549,0.5893125908580689,0.44145150756136836,-0.07387032271741496,-1.0671711753419524,-0.9398087883694968,-1.1056273682727564,3.948937119035632,1.8404471001842646
0.8594210360584977,-0.5536472931054802,-1.052282367620639,-1.4278260864314074,-2.107344846225568,0.11840100394040252,0.21115941879432376,0.04374366164161128,-1.8918804830766778,-0.0640894188710997,-0.47517881425969827,0.2423512592105978,-1.894526391041485,-0.2690890285320203,0.21502979170432202,-0.17003425713949166,-1.320729792967324,-0.6425362509516188,0.5763406707296438,0.31215558440262414,-0.9329919640470203,1.2341329100282792
0.07784400288436544,1.5344163135126623,0.8158949086551284,1.0840797303923553,1.0415440190896248,0.21157157058703485,-2.1826776940848664,-0.6126187753634034,-0.9462602442616064,-0.5862335337175386,0.06138397060352624,-1.1491980197242888,-1.8752261623571858,-1.5488999240667265,-1.1618168074540174,-0.9827671723552528,-0.35879093243380067,0.047048208055379445,0.2717755422403508,-0.21874111185205178,0.8704834410551681,0.18127436333655886
1.2062500160162828,-0.19420267970795527,0.31850939783872645,0.2031054594482706,-1.296605975207893,-0.7362749845531202,-0.8187179538062376,-1.1350354725276826,-1.2390210521818266,-0.5099246415999484,-1.589667879226797,-1.2526950460561044,-1.0783001564331123,-1.8606989672588263,-3.002864846035186,-1.370885261405024,-1.9190363209153227,-0.748380386405431,0.011446508936887622,-0.33210708947850914,-2.270807887780264,-3.0027775426126935
0.04030444852787163,-0.07541257649175456,0.5029275424153,1.0680625802085295,0.274485312574296,-0.8731074031421894,0.04563371331092473,-2.2599831859203956,-1.546610420602618,-0.7325056520102885,-2.0953109237907896,-1.62204077776828,-0.7021432953074255,-0.9242638833269542,-0.9829994136076717,-0.8379561477325321,0.674139926023394,0.4943966683035863,-0.4269413376841828,-1.0123520737507343,-0.6136155397717289,-0.7812017759328277
-0.3665915956165141,-0.9632840014363296,0.3344749158703147,0.29184740165529205,1.2187810190800357,1.3939966828160144,0.9769829837792151,0.5932403363380322,-0.5106530788861484,-0.05537551392030637,0.37103364309325404,-0.7375670494242933,-0.4153247174708236,-0.20399059850552312,0.3061431247345557,1.0611363626786208,0.3449300465083312,0.5541100751429591,0.8814531341260132,-0.07066592933943892,0.6061705304240532,0.706904649832819
-0.24220875291939659,0.31036277332122914,0.713253530646876,-0.2828853793833578,0.7793448192742122,-1.0254232217162031,0.06821943905007656,0.8109220523071147,0.29429827052743857,0.5194876830263498,0.9187936859724081,1.6336364090520015,0.6912249971953071,-0.11911981710295722,-1.3255554018188789,-2.0911641957210843,-1.3252236373636097,-1.5554288206178537,-0.5631201323957263,-0.5917705899472853,1.7041755119435755,-0.4979025847083467
-1.2832052631020083,-1.1376825368685837,-0.26992242232258595,-0.2709252311400597,0.37307418689446187,0.8705036087663488,0.2726370066240115,0.06281746453800933,-0.8040320755694174,0.5796125142200984,0.7672653766631855,0.1734486987444799,1.016868383124058,0.0732809401347095,-0.11514186685311707,-1.0897251397135157,-0.7258660926114049,-0.4966363571745314,0.44986299714704225,1.412200214680278,0.563128716050215,2.6201593195619015
0.8740708881944881,0.2743931434714522,0.6139274175544323,0.04626326713184147,-1.3137115699696968,0.13519748439618495,0.3498685701062058,-1.0855672752911785,-0.617662691074637,-0.352571177539294,-1.4649011542263057,-1.2452944027473318,-0.632309055643279,-0.0615422924967428,0.8169743287990805,1.0995599174481383,0.45740795383017663,1.0172162105602676,0.9069845587010215,0.5830946382717508,-2.2852516855329057,-2.6015640285766297
-0.02606190481186634,-1.5115118525492617,-0.4142001343497275,-1.3874989342504815,-0.431889769462034,-0.6561034351305388,-1.0413514581554377,-0.06141403677819243,-0.6647682121050642,-0.18861511327470565,0.8658204323829218,0.7434996021014626,-0.6010776541927452,-2.011467192958969,-0.052914471864683975,-0.7093554166334041,0.255251765623209,0.8761265730714884,0.4078396088359904,-1.089764492213125,0.22984035245057954,1.0919049462474895
-1.0298936190129666,-0.008046594740798706,-1.2366331936123025,-0.5327064752941506,-0.36797812012053555,0.528602690203912,-0.7266650634463676,-1.3169182212609487,-0.3991880290439784,-0.2135268959918684,-0.37072933669929103,-0.40007233920886537,-0.48551378793484185,0.1511698805308054,-0.5697487212092669,-0.8295629099098866,-1.2401174514553088,0.7014223130937695,1.0101532763714383,0.42196202134342575,-3.167029044224537,-0.8096773813781333
0.6575716590430569,-0.4050346343295489,0.9176641253422543,1.8804545324606567,1.4032698763140643,0.6863117883947853,0.5912069514986426,1.0556566079033045,0.01897481331173979,0.9175512284327804,2.3711576307637268,2.0099151422502213,0.5313682598423648,1.5086679438601436,1.0740218724983743,0.26329447822161794,-0.43567768168739995,-0.5311763096928531,-2.3191629281724535,0.6263705457957769,5.480456781776526,3.9803462899682183
-0.44109162281799263,0.11905525209687835,-0.9098874211917442,1.2852941322426994,0.334801814004268,0.7364641124021198,-0.2243051317505469,0.22993310256341862,1.1258002489170886,1.8719770852722402,1.4374069631606525,1.6870225911297452,1.709584781605673,1.852721977359276,1.3633739714483255,0.9697893177619772,-0.3809772724492127,0.29108515448773375,1.000849011564225,-0.6683388620154739,-0.0018332018512343673,3.559549688952993
-0.18194855291419756,-1.1299971355137355,0.5632582023037278,1.2209339602461216,1.0982882249621564,0.21947608761499734,1.4467109240096687,-0.8474680618872694,1.1519797065202095,-0.07650590277881147,-0.40503112094543586,0.8441988071768419,0.22261597867366398,0.5030226239562529,-0.03504386178564453,-0.5571892457563168,-2.1382017025651465,-0.38071729612963706,-0.19027157204026524,0.578332344980303,0.7368289893152131,0.8953419156124006
-0.7427830547674419,-1.0825559904033801,0.5130187322643007,-0.1348144389902349,0.657120407082568,0.7571534991337521,-0.2306206574418775,1.1155960553914528,1.1162888272036575,0.6129189969099565,1.0901142584522978,2.4190989169277253,1.610628617617768,0.9570373585030949,-0.03288795216227341,0.7675647487410651,1.2188754948024265,0.03156225964960525,1.2646469160020364,0.24719429855439817,-0.6601797044396956,-0.4109313712633155
-0.47462950554373357,0.7611517107346283,1.7542690037078037,1.9146507340213375,-0.15173463364583462,-0.36466743465201185,-1.3166982745117037,-0.7897203210778813,-0.5397865221582978,0.2176567834707749,1.748794723957415,0.5153249904147487,-0.42524548693872355,-0.4337653231746518,0.7174958567989294,0.18313199160488175,-1.3133266385646603,-0.18071316491872066,0.7184488584107671,0.037960692734524154,2.6852913861979655,4.503018246830604
-0.008494886183433194,-0.09976200688617617,0.2309393127481534,1.745320124631181,0.951377475974912,1.3014739278494791,1.363736970386829,2.2357497730802587,2.7214461686964295,1.2005710541225474,-0.4648335255033895,0.2674489658643008,0.04572167859761371,-0.566998570612587,-0.7376013996709041,-0.18372495911799386,0.10073135086033028,1.8855114124432064,1.8876071627568372,2.4240749070547563,-7.532447804542803,-7.66770519040085
1.8746773664740233,0.010390856658931217,-0.16340946929550532,-0.5037670474131047,0.4956217493654855,-0.6563120663410059,-1.7549352120788584,-1.9693147532358424,-0.3835171064319162,-1.916750766631482,-0.7817805510992979,-0.9078758100864737,-0.22967033837240447,-1.227990311864328,-0.7734902695869822,-0.5302250647468073,-0.8113344865318416,-0.20121072541765359,0.7190388930301872,1.0304289651021261,-6.552621707352008,-3.8729979194520228
2.0993609418150494,-0.09134687738176549,-0.3133090375156758,-0.19722203014885326,-0.9153858541875313,-0.3261211049443351,1.0617445700842036,-0.772645215928322,-0.4796330538412343,-0.7057572017687861,-0.9131057764491992,0.7915736395165204,-0.534026897518562,-0.8932264331370904,-0.7591615677971028,-0.5402850687426385,0.2174659112743985,0.1874003922342995,-0.10712782847423938,-0.21333144396659515,-0.574429626500276,1.8668228925695156
1.1403096763721632,0.86318518693823,-0.4194848239374951,1.7372152783207413,1.3791934016711915,0.32061165392688934,1.1357353332325408,1.6462781270646492,1.5535692758645123,-0.6976992938452158,-0.19686643112372543,-2.2159396424794013,-0.8545983088388307,0.8041784498786282,-0.21989585738206618,0.1285984268276005,-0.48407069147422155,0.10981947239037133,0.2155410344852872,0.14350843752146758,-3.0164023299348814,-5.503493925637959
1.0986885512793743,1.7118196473649427,-0.0762048392240897,-1.279724491706956,-0.19505128280979991,0.9355874184266133,-1.797508925089684,-0.47420318233345987,0.909447294827067,0.4981287984196975,1.0426593841196667,1.5824999157407205,0.9921772051491141,0.9323428210539931,-0.3590639637802352,0.4117747692630256,0.41955282782531256,-0.7751199397556044,0.47121814267807993,0.3270188905099401,-1.6793666875485243,0.2203415709315831
0.6049769188345732,-0.4983627647244941,-1.0875673324887973,-0.11045597998796308,-1.7889325219273104,-0.2975783657690152,-0.9579381158187528,-0.7177085304841379,-0.31923293653709583,-0.4033255350899579,-0.5491970698106394,0.2910943295089784,0.9198270370692571,0.2978316934694913,1.241410193607533,2.234198133242787,1.6015608356270625,0.30068495753910496,-0.6886947349051493,-0.553171848517195,2.004938702311952,1.460863604885794
-0.042695023088717816,-0.6543451562330578,-0.49902280436597996,1.414296134075119,0.5559092220581184,0.3764905408217775,-0.356435553618535,-2.0141515290220537,-0.2962290935638594,-0.4349276131410208,-0.352935733867345,-0.6456348942225147,-0.9941575683073821,-2.03447784933928,-2.762919928642423,-2.7434909779391634,-1.3079526230366398,-0.42560490311568727,-0.3783219958909648,-0.11250390679198743,-1.6618119311219757,0.27539342461473487
0.03767978373235804,-0.1275540726647181,-1.6103285517279253,-1.8471567823981785,0.041084231355300906,0.7670616398128578,1.3354070246856968,-0.726199957822875,-0.24583197509131394,1.1441029153234594,0.9531193358764625,-0.5958792320938047,0.3410816752036745,-0.7668400113155348,0.46660593240646847,-0.9123473017889429,-1.368283344093252,-0.41627291764117014,0.033298242964360174,-0.0002701348067078452,-1.4758426455977536,-1.6653153386678732
-2.4746331167004536,-1.2115731958766063,-0.21994909239520388,1.1290293400533513,2.4017665395407604,1.7866951708879046,-0.20949577321740476,0.4105960692907477,0.24301546825624784,0.6808288861960236,0.010744319819118702,-1.4537882397022808,-2.6286296549883024,-1.3874530728700132,-0.5702627429158046,1.019444700249821,1.0180873889154745,0.2018719854552861,-0.6358016886462393,0.2988203184782447,5.098490642120305,5.654231898494345
0.19323779121095466,0.14009847137686812,-2.3729199008017647,-0.49872247821815197,0.5335766229962206,0.30933963812881693,-0.35502997800984165,-0.560306550458642,-1.1734292120981604,0.0578522298100934,2.09374404344888,2.12398483349248,2.005296080255861,2.5703550769959276,0.8586852700721941,0.6700023415273464,1.1468044957076493,1.6871337768697858,0.8945763090707858,-0.33796264998283143,2.214578719439961,5.619151344969143
-0.45070787995251227,-0.10263310969556504,1.5961285062702462,0.4635469877350564,1.5023417765352645,3.091400345396046,1.7090395886664642,2.8004571925128623,0.7999324523944022,0.3388667767801071,1.7992155930604339,0.8549434364615754,0.14568484844927618,0.3790937679430327,0.2236219695130966,-0.5179829490550409,-0.6355350687853484,-0.6101725565089441,0.7343286174629043,0.14939653052286198,-0.48062830043131766,1.82497346492795
1.0165946939084787,-1.0092787115464819,-1.3326050398395515,-0.8815323898683367,-0.26597864109570374,-0.8234593509266549,-0.20791069928103117,0.836418540808142,-0.9618971571598339,-1.0052176207955512,-0.10426252183636901,-0.7918050632423561,-1.8709800519204194,1.226112898539333,1.3259333607915538,0.14773103767414594,0.6082711086503032,-0.15875333213886444,-1.520969927796751,-0.04615560113413357,-1.0627311100589727,-0.3594062638064507
-1.227497168631316,-0.9466434108762489,-0.06827820749005188,0.033723844366080585,-1.6560622059554657,0.32227277975920765,0.012002288908552749,-0.11596064680427143,-2.5671911724083607,-2.0930535098148453,0.9503980364070707,0.280559880422513,-1.3209055703658417,0.21086393133459877,-0.5062125869241664,0.9520251230911941,-0.07858631600303562,-0.740644666409454,-0.45743016696954647,-0.32842720016907956,4.539952107864669,3.182541546028414
0.42494756940176787,-0.45659843076103096,0.7904444933811365,0.525195975969813,-0.5954710307481492,0.7213497935074025,0.7382061637015968,-1.6502756448157003,0.24137885232423842,1.1242556252487632,-0.32155502333878544,0.24689433888877949,-0.5982988744959263,-0.3858741102269555,0.1317399516094197,-0.025992362348151044,1.6397658598951044,0.30654426255513506,0.8050147702071132,1.9819444923517826,-0.5444410058627911,-1.558513998128802
-0.017404133239896293,-0.7261256049531201,-0.63275200977555,0.9138703457468862,1.2337858719264423,0.24448288496772122,0.5077767890372571,0.6044295009041514,0.3201057131663325,1.7931641605747457,0.8091133731949477,-1.3833524047572148,-0.9999053010295342,-0.24443159134229003,0.0014752629633396025,-0.9455049835925166,-1.914732726887007,-0.5453202696436744,0.5537919112886193,1.5693830849895103,0.8708236457444882,1.8610911672876793
0.538987636976277,-0.04083033377684803,-0.30403437004543954,0.4545237751609136,0.04827185119002297,0.06325941420919065,0.06699452521545186,0.2520016539462222,0.3655969290630492,1.5224503155687674,-0.4361475015026734,-0.5321201837827544,1.5361206829305785,1.468703276648664,-0.005229051963095138,-0.4556713696729932,0.3249224216497447,0.37908606908187603,-0.40915356361879285,0.06771169971492433,-2.7238372036382295,-1.3326396750949303
0.6789988751382903,0.8104083640983276,0.06029191283008978,0.49118947978271466,1.078689137839376,1.9934309444881582,2.2871861179387496,3.356102000295846,1.2057732492875068,0.6807529694609344,0.006817669149039454,-0.27628720743445434,0.18761198534178228,0.5467364170623534,0.5131107534362852,-0.010893567985838837,1.9811738650471105,0.29192037771161017,0.3909420850614639,1.327746490784519,-2.089179126766626,-2.011857149528935
-1.7824158513470776,-1.4623200147324251,0.803388288900886,0.6907078122691886,1.4217178254220908,0.41189445688022663,-0.7425046406245389,0.8394249548741953,0.5307696804124654,0.29124739989517734,1.178647053018245,1.1401361034721655,0.4977578367945987,1.2198236227273507,0.701567925925933,0.8692389988423154,-0.578831131900578,-0.2859079997334882,-1.3782049339879905,-1.9234316054747729,0.2020278479950851,0.924738459941469
-0.3059418279277573,-0.5540656574972549,-2.0067781263020623,-0.4814306084394348,-0.5219595041347339,-0.4100757256207221,0.7251599806360668,1.4032931983800963,-0.641964513795144,-0.2984851608797547,0.6878260259469213,-0.21906501721687552,0.30979483014644427,-0.6125802221581589,-1.3954523821557487,0.10885271048556582,-0.6352622024740706,1.3056733471025284,0.857308365661187,2.061763385219075,-0.16615204585414522,-2.4622565537888184
-0.40741296111244585,0.06661595993192355,1.9170975935485013,2.4963763171053985,0.7194257060271971,2.4491520715992485,0.7409707349700319,-0.03466979097312448,0.6621148910331935,1.566895582888864,0.43128250574516097,-0.12001790062320737,-0.809318169440501,-0.12411862048342698,-0.25517198351874437,-0.3148786590242251,-0.3342570066256003,-0.951832439150368,-1.0619701814002596,-1.4447799405267274,4.55738350586255,4.377049118969675
0.6383219114949276,-1.0121756838379306,-0.013877372033325416,-0.6645569006404071,0.3835971107448478,-1.3976160425268045,-1.3150366810863066,-0.13719550303012865,0.4273517209372761,-1.3278871257738463,-0.13018653736839617,0.6806441994905935,-0.6496283963062904,0.11756145355076852,-0.2164587642832465,0.8182033573817065,-0.932275714319333,-0.369139471355587,-0.8320474880566092,-0.25732898606472204,1.3377042879439065,-0.4786080769384812
-0.1629160765070542,1.0596276742483346,0.17684932892544758,1.23780320243159,0.8264208265291377,0.9408152617631698,0.42894560743919957,-0.05878915244760327,-0.46564600030552666,0.30839050459557926,-0.0779877263722808,0.1683910215164038,-0.058273850789964575,0.8816932127721141,1.3975780575036045,1.533359853391569,0.9555731314945434,-0.2623428442679015,1.7398735019533813,0.5947576359298418,2.7408067836016854,3.3152606740567814
0.1393568553147158,-0.6467643223289947,-1.3898045798261833,-1.2365997647925528,-1.1595923235038683,-0.2560128668715032,0.06668266135482218,-0.3121671213454704,0.0069699881037457645,0.4511762219687431,0.7694652837211762,0.26493500291809413,1.6052035359352912,0.08488028426583509,-0.9458159079808055,-0.20414809119305077,0.9127273216828424,-0.43448640758578627,0.7508780331317483,2.23852771337326,-5.019500104682205,-1.4264824996707697
-0.0889837416017306,1.4261045860607802,0.23297875194929588,-1.2484795188129718,-0.2110798328094783,0.1824683263500546,-0.7591319181099733,-1.0798027615152783,-0.6841075957024777,-1.2578993270206538,-0.30693726028499363,-1.6912725563395492,-0.6908497818541509,-0.23057406315874515,-0.20162011125399754,0.7258054537819466,1.4960851522295087,0.537702049276103,0.21755092849556756,0.35111047544952717,-0.5005467364700333,-2.421121194090947
-0.018966099475210232,-1.3998974020544865,-0.9262624649155267,1.0211016110558477,0.6848335532540646,-0.14848086845450287,-0.09344581377628662,-0.529154446225444,0.5769298817139037,0.3465362173036896,-0.9025940891854476,1.1435098716796923,0.6944077805151475,0.22935570802945876,-0.3735577377702627,-1.4969972053225158,-1.8971002467039861,-0.951890789978935,-0.46985808208084756,-0.8270141248096443,3.970335172119107,1.944108534148471
-0.5648942162007822,0.26829459016652385,0.8050606892505804,1.31155552195784,-1.3077283474162298,-0.29530720218910017,0.5802656026038958,-0.9531501122881062,0.10431099899430854,0.38081861013014967,0.38762716874846714,-0.0664511842324593,-0.20919470147209446,-0.6242170118286795,0.8383297166859544,-0.22624635457649528,2.4388459736549772,0.1902735530831509,1.0765381864915842,0.4069398182766838,3.2062916331028917,2.3216732008303644
-0.3411333757490258,-0.18998255344313303,-1.0570932794464465,-0.6416399572881349,-0.5131073249091097,0.3444234024920926,-0.42535928807540174,-1.520279240048845,-1.4179297864829006,-1.4833297313114588,-1.119248665532805,-1.4326962431933405,-1.4663632104595385,-1.1078692228814075,-0.9492574596846821,-1.4715104072393228,0.2398988310126111,-0.37863540275349444,-0.9451107372603129,-1.2612473276432816,-2.136171336493893,-2.3050934715941267
0.3443271680199059,-0.25764053171788276,-0.697462425066091,-1.2827661177330572,-1.2446577974311281,-0.2042718132909674,1.1358789422196598,1.4990774321209968,2.0859646207916214,1.0603888267183135,0.8252717407219277,-1.0361145333422423,-0.134348502630859,0.22907913567579138,0.10996252135714657,0.8417174296165496,0.5844201173634971,-0.500065707911687,-1.3241310269502655,-0.3607472013603342,-2.8087688204682895,-4.578808359293235
-0.46325980928624366,0.02181746061377828,-0.9458150627362858,-0.377563085810394,-1.1939006225965707,-0.4316604507412425,-0.30431907525148333,-0.2060778467597167,-1.5602011826583055,-0.337789577732994,0.12002503392337195,1.0701958830650407,1.4435792214036114,0.32202707983654016,0.012390078343638436,1.5498914130318395,-0.16501818944933355,1.8784582116266253,0.33911190877433484,-0.06463520984877007,-0.36999380400627446,1.8388698347341386
-0.6056516697687813,0.46081205079283716,1.9603188244515055,0.7915842502063508,-1.3068517341876027,-0.7877949345050933,1.298908956477377,0.9819011139528513,0.7376372978414445,0.3754176047222663,0.2893081212733984,-0.6359123675451052,0.4401532860698887,2.034764691263202,1.5364559597077392,-0.34640116686974526,-0.3825082621107613,0.17708771490488057,-0.12664667454768885,-0.11212240051457474,-0.998411904491519,1.0710730354769908
-0.7969700142354338,-1.0766653062939235,0.028995798964832058,0.028259182279428953,-0.2051653737968045,0.0005166697843183154,-1.3771493066194076,-2.2150464331131166,-0.8466255946567138,-1.2177058847848456,-1.4327916015333835,0.1598115811146406,0.8514783553429136,-0.5229814085902674,-0.6452367102985467,-0.4156739827737928,-1.4685687924856083,-1.8825857515830402,-1.1324983915039193,-0.35992127782535016,1.3951922609517613,0.9418547492389209
0.9611104592005149,-0.3152027928130151,-0.7553283840700764,-0.4068984785360477,-0.8674255444888914,-0.39654335729385004,-0.9557888717630673,-2.5546574872143464,-1.3512840850229793,-2.004607324151123,-0.5926628966951841,-0.1955596996453763,-1.971538577355054,-1.9491752399123754,-0.9607808870952356,-0.9651350147006301,0.046798676009462296,-0.5071117452627881,0.6622790398479337,0.9770334304421273,-5.114962946006571,-0.4287522019111386
-0.9549547841343775,-0.5448951253076008,-0.7780902971029174,-0.5427934646209364,-0.5297436442247437,-0.6305568092322563,-1.4977150174558855,0.6177534451452203,1.28334967730564,0.22329648285749673,0.27625426094679423,-1.7184569466506163,-2.0813142994974663,-0.9077269992350437,-0.2507714373224666,0.5075253074063631,-0.42394839057651607,-1.2441457836457284,-0.6002569686249245,-1.7020941240209964,-5.802718846125025,-5.656780144599639
0.5855499373029679,0.7437132231972985,0.9780638031103044,1.327069742429574,0.8301166461604589,2.601718897484682,1.1032180399499687,0.3974232843999234,-0.5891361535731715,-0.5068613877245107,-0.13682471233476867,-0.9306419853132278,-0.9365524020435367,-2.429251249236845,-1.5090102081018764,-1.6929018174445065,-0.7404220189334456,-0.4109106237286316,-0.2948619320928653,-0.7737717236042717,-2.920787197335242,0.38291005442586434
-0.3251890649373345,0.29380252629815307,0.007228850496243151,-1.6806311750908656,1.5131519988442497,1.467792101871346,1.231440831806933,1.268257666850046,0.9647189028658852,0.5272308113808,-0.3879830469281744,0.893846900348086,2.356563261711681,1.2112145680934205,1.5885253579484482,0.7465331553821977,0.7722224500051258,0.7522991986102748,0.1440297037283914,-0.07580188320267849,1.7062543860165753,-0.9017740793778446
-0.8733316340092333,-0.9534899186098378,-1.0488746139328249,-0.5226670694473016,0.20539241970620567,-1.185170688225059,-0.6164868338045695,-0.12167883298966407,0.49329777291594684,0.804510400916092,0.43661458833573075,-2.000286413481865,-0.176007295075285,-0.23745213524645062,-1.4234920074440778,-0.9744381562432775,0.12839163291308098,-1.008556681110014,-0.4191564371014212,-0.7500034659929649,-0.48133346138606603,-3.386035570597852
-0.27169933263506263,-0.6633432441982612,0.8044874344463951,0.8554099465752881,-1.3399753965150765,-0.9285166748603798,0.8480755147029532,0.48640393388061354,-0.5673275661877983,0.4149009094648531,0.11709664268014514,0.5940361640015538,3.4310848345209757,2.7039505091698204,0.28236164340311676,0.13674477236739727,0.5721444073125428,1.599074330139394,0.9614817823039176,0.3061409681195153,-0.3575356204062292,0.7140585159226558
-0.9212121383969804,-0.003723999798947563,0.9273084379923828,-0.726324839051416,-0.456518382522576,-2.04571241659233,-0.545271473285691,-0.29996003374763297,-0.34103351105429563,-1.586292977255601,-0.5944379648889186,1.0924332563568295,1.7819219010887974,0.2681730475693687,0.6546754018162706,-1.0791656931949543,-0.24220893135062974,-0.3273911819565721,-0.18265622626969877,-0.04421924485599019,-0.1179583338389788,-0.5983470266770201
1.1567800187504693,0.8115009012057243,0.14663415726679174,-1.915093518831456,-1.1274147136455424,-1.659393511737963,-1.4784824854301857,0.0013707234100554717,-0.6886218428931017,-0.7895708833394013,-0.4192750267940905,-0.9359395919480205,-0.42151536075965196,-0.9595829710695364,-1.9985952838068806,-0.1935774334922456,-0.11701299501433018,-0.27298964754889604,-1.1992177904813912,-1.6202633721147084,-3.8568389462773096,-3.846320051066103
-0.22032974480029288,-0.13540429465477072,0.03324629172024578,0.3479944360560191,1.6150551769674173,2.043456873681421,-0.11101707639926657,0.7252273446846377,-0.0036752759414721767,0.4329966061057364,0.0033303068483087413,1.8862513261402518,2.654840789898147,1.2427636685771404,1.0440989801819567,1.0126927612684076,1.2865763910556227,0.21207490810870844,-0.5146280443313114,0.562471010405693,2.3962851684460826,2.0260196318108425
0.44903068206378133,0.39685517499729994,0.156250217583418,-0.9783294266710186,-0.3842258773134157,-0.3059646884761343,-0.36743055915483014,0.3603825915961807,-0.21789366952691733,-1.135619819292998,-1.5027198953318872,-2.479362194824789,-2.039358449140328,-1.607001765488212,0.10626500649239652,0.754270994597806,-1.1058490357552,0.700559805550841,-0.19560356898599165,-0.8250646726652212,-3.0466924376407336,-5.487530117389991
0.5757861808899014,0.9859900690630565,0.7971153872547986,-0.009207334692425802,0.7419574753317593,0.050696461718230494,-0.8833998943803485,-1.1541828201457471,1.1376552514981588,1.1925872904171333,1.5109877497983115,0.351769296088721,1.2740924948079762,1.5163975111372463,1.093869996432651,2.8050825437678033,0.8918273020099077,1.6778661189831823,0.32045416971271146,-0.6366191890220784,-2.874343352026802,0.6797857757285135
1.529335609997472,0.4262231668992726,0.887504999233014,-0.29579687098085344,-0.0643632434428193,-0.09923594175564239,0.26969390111322866,0.18103624622872813,-0.5609363775884059,-0.5593934735567694,-0.26956737015580884,1.1496703218704558,0.7853724727021749,1.3055565623572467,1.350864407981933,3.603070748824179,0.47779989456106536,-1.1177130464491554,-1.5887012635091222,1.2675259802215504,0.7099101026033029,1.4823988647588306
1.3995173977351087,0.4652084242984531,-1.0716554375640859,-0.803017532572987,-0.1162574988860304,-0.07380209284678585,2.3576342363065073,1.7470839052555172,2.3530441073229946,1.3290564695649043,0.3110812601770644,0.07588452028596938,1.6015338797300709,0.10121557709823813,-1.9959077588791425,-0.3246730814651995,0.6244218258858237,0.13580651161821547,-1.6209646608465988,-2.323602068775713,-0.2550146812632602,-1.0521741229992314
-0.45693871547266457,0.7178411101890018,-0.36016366066418415,-0.8097769801662308,-0.5615865630055398,0.2716671805956061,0.9287811889177324,1.2824114425942763,1.1669994414821743,1.9195169830298997,2.3553462585011067,1.49299165773,-0.3319682418977894,-1.4311531030197642,-0.7614205199105046,-0.1611535229079533,1.4992655675401494,1.5186942646471626,0.5277254797071681,0.9822295766482363,-0.3614911438732795,-2.429145190513766
-0.9850091335912396,-0.5701864205855992,-0.26515425977137125,2.350968089245155,1.6376027480820416,0.03439784848384567,-0.8377395366778259,0.06186311545400987,-0.7609576417540689,0.08535500296714657,-1.0283301382182022,-0.03700082699790435,-0.8453869509249119,-1.0957223713886406,-0.3396202788416948,-2.1619069591588116,-0.43457296609499335,0.44428511689694894,-0.4306888225590691,-0.6687586101533017,5.653412947905032,4.309690013526483
-0.8125915076053365,-0.7816671750403982,-0.21822248897746024,-0.006683430429675486,0.48462312571908966,0.7094223492659728,-0.38126488930332114,-0.7955676697244374,-1.34494041474913,-0.508664615652466,-0.4625033166000697,-1.1219607201673982,-0.5563975879659521,1.2708391423810141,1.4054464837642717,2.4865049698075934,2.487845065908782,2.314012396008114,2.34546874505454,1.7807227112470425,-1.4586660765466144,-0.6457887432624971
1.0946503835830752,1.5302002555948813,1.5294301043778626,0.4288702280282555,1.304479696199433,1.4314073985271971,1.3073896753377277,-0.21597379187373392,-0.6273362542488525,-2.540793486634527,-1.4919438255284703,-2.6045193033108394,-2.0902641666572737,0.6617315801060348,1.001527336303903,0.40238344141220406,-0.6366532631798825,-0.12739928050490057,0.8662340095939036,2.108671533396245,-6.10508151292473,-1.887124219763078
-0.7831679188106416,-0.9482105729973432,0.5196788023382946,1.0087750902873107,-0.23908834857733832,-0.46343139217151874,0.8636092228216473,0.9191690452145387,0.4015553772584022,0.46909226928275677,-0.8754523712419103,0.5377738899541284,0.3611112341258712,1.0278183280714646,0.17838586901998876,-1.2287020328277602,-1.5035190030916539,-1.2785146659368876,-1.81034032585373,-1.6845874388909947,-0.8495342913158328,1.4157603603142228
-0.5144449342007756,0.9110697660438072,0.7682715125427725,1.0927202267992906,-0.31603197942464933,2.7602990882367116,1.7862104477083873,-0.12887349604216541,-1.3823665765282205,0.08325085670691316,-0.28208076908432456,-0.0735470325930618,-0.313342062695144,1.147242109782751,1.2656134664217313,2.3577920888720114,0.020301206219159443,-0.2385611806074929,-0.14002002198045158,0.5914347561861257,5.8081464343493625,4.911325687010676
0.29312472382217464,0.05555419908565586,0.7519804727773168,-1.0327356875036353,-1.9054441324878206,-2.042764589625647,-0.5626516659089612,-0.6971349260277551,-0.8096233511333242,-2.7290050645830854,-0.13556360750201568,-0.1571807814637199,-0.839738761886124,0.06457589565771185,-0.8182103555903696,-0.6939073540148732,-0.2900282177044448,0.07669358145481871,-0.2243793329289359,0.2962419785368209,1.7987615305137385,-1.3491313566553607
1.0695104135997704,0.6519515908612187,1.379863399160944,1.0401066502831857,-0.8145631908273575,-0.809829344093095,-0.9423211526948148,-0.0637237101503488,-0.6806871297167983,0.3499213854790627,-0.3322910986631548,1.0110843606573496,0.9595067706232104,0.4204993423095633,-0.42432459298641173,0.08497142919643258,-0.42015829416335326,-0.5130919726408785,-1.0686852881427489,0.2636002641675194,3.692808674562599,1.7878168552423304
0.7922183875719327,-0.9046046060403165,-0.7660699868020497,-1.5735993488697906,-0.6477800094800792,0.36656467542962184,-0.4553903074586872,-1.1000717802980904,-0.5020662479848496,-0.881690613211742,0.5315653574897576,-1.190573700362782,0.3056568365254755,0.4954537162485616,0.16063361593396175,-0.16701344668228024,0.6162954518734609,0.47091477738091536,-0.3067514101555672,1.0596215187340203,-1.3595695895203503,-2.384443150361298
-0.522621075383884,-0.32714942165510325,-0.3236321546802784,-0.5458032056759153,0.44491154516473147,0.551284300414155,-1.3835497347433992,-0.513164453149804,0.647754812223925,1.8714395504556915,0.22777669170848872,0.07057062665734812,1.03579907047626,0.8380758747705428,1.055315055421468,0.6893561946608298,0.055967484877980804,0.6702621410210831,0.4434775827277256,0.7547047261118719,-0.6818104461147043,-0.9623576318072875
-0.11763838613632353,-0.40381317045414633,0.21007405652473027,1.5037265440156735,-0.40733566639053315,0.6103979242437774,0.8000906452315085,0.760894997390636,0.9375930198273792,1.8085023831327836,0.5573876897600484,0.29835729138725137,-0.8789532686062428,-0.7349731012927261,-0.8840695207549377,-1.0443032276174156,-0.6846225364360364,-0.7952605757317185,-1.0036295773538606,-0.9330442896716874,3.2382558834016026,1.6830413152488166
-1.5467915420869485,1.302593845831386,1.7127309307508987,-0.24206221221546412,1.3433423708217485,0.8818646807142553,1.1110076174569898,0.3806290068561598,0.2577090275457914,1.635178078982063,1.5793260677955339,1.5330520484233527,0.31047040331491427,-0.19551330237316983,-0.08668725007391054,0.04336615918209687,0.00048058638903528654,-0.01064707792861198,0.9502069406368494,0.7350459009313677,0.47212336112977255,-0.3065638932532297
-1.2238453801956959,-0.3803109442807642,-1.7447493692251248,-1.1329032011448652,-0.39569269633678195,-0.568576999785735,1.5129452419888358,0.6522841400982117,0.6056960971817402,-1.3921955092694953,-1.5691304613279384,-1.0092632447148424,-0.4001113092293144,-1.5922690397368324,-3.2841258160808198,-0.8286294885416905,0.36495658108464557,-0.8461494189533733,-0.20987036402875503,0.3734478548412237,-9.478694302782488,-3.515177380032164
-0.5572304461320929,0.2766851103228661,-0.030232553042794815,-0.16942888801254702,0.4428275181213098,0.5895692538011766,0.0016228110892035977,-1.1044776622600994,-0.08109237505153472,1.0338000630469908,0.6463579535613421,1.9944784700425329,0.5373848189883669,1.445389016395543,0.27422642081302306,1.4991359051543656,0.3113113493902112,0.780345027153579,1.2655366512244064,0.5891223772983416,0.7148331088614774,0.5802315203752353
-0.9875625040579659,-1.1798208209355976,0.717081141977379,0.388181877000389,-0.7348384482122842,0.46273643463745767,0.0012559112641253268,1.6489485194162994,2.556861716344468,0.8149591201217145,0.7026679238837746,0.34391802118623865,0.9329751355643403,0.05002817581394008,0.3308889872346125,-0.25236046658257844,-0.8222294599912161,0.7702247973856005,0.4976673436675279,-0.24916470256540496,1.1924735088319496,-1.7082401991413265
0.703483597578677,0.408957737012463,-2.5859886710213633,-1.2876939006757866,-1.2222754389653503,-1.1380535414233695,-0.08048172998720707,-1.011021070639925,-0.5327738429223899,-0.3156280504811515,0.9117612159638953,-0.4717122810248632,0.34386960285362483,0.2863331455739448,0.35088712927460536,0.7843131977196923,-0.3296191400230826,-0.25044362009931515,0.08016809291982711,0.3960887891761628,1.5776718055319545,-0.9828766093545988
0.31272959044314985,0.2983284036746233,2.0555114433540624,0.023356758213233568,-0.7287927399117105,-0.3846404631084117,-0.05476898361994961,0.1831029518101991,0.3980600088366023,0.8454654781815321,-0.42269205030634255,-0.5583941956101296,0.38905282112066053,0.9137681127696979,0.45014749955404015,0.7398497018571869,-0.11807723659894294,-0.5338761893799142,-0.19522183864714557,-0.7135571777296583,2.7436942711017838,-0.8519949168408614
-1.3171327958766892,-0.5447220550777735,-0.20068971803738878,-1.5101200885662645,-1.104729868449172,1.339929206012436,-0.15260323165831846,-1.063469303360833,-0.08206568788677292,0.29982901545494406,-0.959104295508892,-1.6824943862756585,0.7026878298074141,0.614589292326864,1.513055055972221,1.8098658054364702,1.01784343280894,-1.2910746487709623,-2.345697334835882,-1.0034416427697919,-4.168090839652228,-3.6344665586018654
-1.4167982122625011,0.25119293081429134,-1.465172313963324,-0.24171912669284326,-0.4594750103644414,0.08194522962517437,-0.9043991804605097,-1.3613480450088837,-0.5895640522645649,-0.8831297420796546,-0.9631993633098591,-0.3821719177436875,1.261884876723839,-0.29135092772500754,1.3190430969713682,1.534635468181445,1.4914779093736534,0.49617881655685114,1.7279260016346512,-0.7361740555187686,-1.740919912331004,0.2598006428196845
-2.36381206324151,-0.6150896868473776,0.5266707830175251,-1.8472794474281546,-0.8475076822319019,0.3302059092681196,0.7581235269345729,-0.3752211979868699,-1.3698546385603805,-0.03454921892339784,0.241395038988299,-1.435524887063719,-0.2959761615931,0.506272439906436,-0.24567853091306388,0.47384001112223306,-0.17303426534120137,0.6330185331707844,0.6626944569093967,1.599302342835419,1.012657246403789,1.9705584127780735
0.6318712552017427,-1.6041188447700117,-2.526060523929235,-0.7019819941053156,-0.36011114547856593,-0.09359983458178253,-0.12412670566756082,0.02944391125989267,0.26345295775558786,0.7101192475080313,-0.4419585406863566,-0.1699259097823731,-1.1798208799806686,0.31107483059574276,-0.2540993434514337,-0.11561342175227392,-0.46904520654380333,0.009351431088649075,0.6490952650835484,0.4994259448689926,-4.84509948774452,-1.6770470457465996
-0.33368926103662544,0.23300108095947897,-1.3507956395228886,-0.1050785131978163,-0.7918004023070355,0.15286344000293073,-0.9022042073580591,-1.2304537269323794,0.5517080683015442,0.10166049411710622,-0.20213553503095427,-0.6829500263866735,-2.0681701359435563,0.3113713734935024,-0.3051243162219792,-0.5550018251689209,-0.19479067012160986,0.13397668759846082,-1.0714995214750325,0.4592553144429743,0.51357673415014,-1.2269512290006799
0.21441472843497303,0.5633366568109953,2.0887439258218876,0.04365333057833728,0.9767965128844804,1.7826555239593618,0.9474228336844822,-1.2068532067760704,-0.18463078366046076,1.428075661995291,-0.4021594822645635,-0.19683446730768506,-0.9932860169492784,0.08457353636037492,0.17921563236398716,-0.35534974087080873,0.2858313048444376,1.288328538102669,0.7867572778989957,-0.5589587048744962,1.6651470049937394,0.27479347471586496
-0.8791164605607038,-0.4723256319787394,0.17728443009093245,0.11459246927226344,-0.48195605953710846,-0.09868595640070435,0.0799759593461095,1.1844817604074356,-1.0027886735515328,1.5613079386824906e-06,0.42128923808484947,-0.3228451013763021,-1.622885361149991,0.6373149887446606,-0.5974519401297909,0.2826999466319561,0.1749972906115164,-0.8999215489040086,-1.160230017000913,0.1203691283318086,0.052786448276839204,2.0142630957477863
0.6290287500053721,1.3923872310422745,1.26797857620122,0.28982072875535947,-0.41022048071943956,-1.3224016868612445,-2.3586133820516872,-0.4209511874623135,1.2695555889569496,1.3372454288828366,0.1976072750806086,-0.11695938014255697,-0.3551640412214804,-0.6531089063711664,1.2348924034711704,1.5770888449603502,2.151257900375895,0.3743708564265275,-0.7733541977493089,0.20096457067356463,-1.9457743618088639,-1.5569530938744471
0.2973139688610831,-0.16572755478782136,-0.03850673601402712,-0.4449965877505537,0.9448411651101755,0.029537927276368878,1.333201756473245,2.0937681415891864,0.37547897696263755,1.1768778213302027,1.442817697288191,0.7089957795871138,0.3407033472990933,0.2863123239276474,-0.06266469036524443,-1.205874892878738,1.0015728537760338,0.1491306489328565,0.903269639745178,0.7547920586770464,-0.8129171101143018,-0.3985701126117217
0.990079951120852,0.637248541808746,1.071946163505239,0.3011833405515266,0.6618776831100502,-0.05390900054780001,1.4151728689501906,2.3426926317255017,0.874458561299075,1.0376545263978079,0.5668893464405763,0.4841829858571763,1.3594750057738634,1.9861138471145086,1.1624449331301512,0.31784729122600053,1.7673879578821579,-0.8890371469789307,0.953246956933515,-0.35064853203421287,1.090398803787637,1.1622918775490139
-2.01378984573337,-0.2757576234841213,-0.7825488698156866,0.6578614854322857,1.4898142822696006,1.2476096978927063,2.4356094809798265,2.0454761490121403,2.7786790622413107,2.0748906029744916,1.8477032767835992,0.5302633993667637,-0.5339455857374207,-0.6880308416101402,-1.3301684607993756,1.5908165863912695,0.6268946022857781,0.3060299672218148,-0.6258596790888592,-0.3490490789969197,0.2958312934719205,-1.5823202536815548
-0.27951628678774626,-0.5014885590098505,1.6367476850922043,0.42222886487739525,-1.4877638197712943,-2.027936569679426,-1.620029737174851,-0.6939239298732324,-0.059479436870810976,0.2367313534747703,1.2238960312198974,0.16186871680581666,-0.08092595099348786,-0.3203542585761627,-0.0014974449475883911,-0.20838093551430503,0.6108191910486528,-1.2316303026201385,-0.7092282767601947,0.29888695588621783,3.276033399101369,1.520863862297053
0.1363164783027073,-1.0492192974373928,-0.9888696403744169,-1.5040846894318236,-0.06498248356744127,-0.04908804434024363,-1.7737439790145095,-0.26035155962243717,1.2731175284129206,-0.379942815506203,-0.31114018644311436,-0.4971443091305395,-0.8120925829269422,-0.27462898638274835,1.166438382296237,0.4254047274440478,1.7269043592412754,1.3093057703050326,1.6991407223757173,0.2966195545408632,-1.8508674491400396,-3.1830659093793026
-0.3595073608712902,0.13346882242222266,0.913988607915351,0.15283094096202574,-1.3271700392103258,-1.3816376553318708,-1.613172701646889,-0.19339613485752538,0.1410518035361544,-0.4689421410505953,-2.107193199645495,0.42912387330010643,0.4235787636723499,0.7020524411663742,0.5662489097790071,0.35185312088412857,-1.0645762687814841,-0.7919378230295125,-0.7099466998843618,-1.5767441010379666,-1.0603024545538982,-0.10757089056995695
-0.9869565837723718,-2.216543143382111,-0.9151081059549071,0.3659339782785899,0.7295861085123566,0.11277204079445385,0.13056469473140397,0.7796533484361337,0.8422397826337215,-0.3686516313058307,0.6510054424912527,0.3960223643959872,-0.9279101653156772,-0.34851663898728963,-0.5928907442540171,-0.44051698105929815,0.3953525141783774,0.5037337390829364,0.7007123524815759,1.5064829295331026,-2.0741087016358217,-0.5789637901423341
0.4194949270720418,0.2012108319412205,-1.1911165170024747,-0.8954281674920834,-0.6850010258876954,0.819726836478818,1.626910730641963,-0.19856497929091513,-1.182926059920374,-0.6030307811633073,-1.2137375949330103,0.48457174335821107,0.4593366456954437,-0.16082238102410043,0.7444564310423267,1.1927869110664717,1.862143794841702,1.4653312917085024,1.7722269661026129,0.6919978879613686,0.19365718606593996,0.5184562296180346
0.6303645313290145,-0.6099936362220248,1.6948200818619992,-1.0489855513834905,0.4003403389310102,0.47659630419381227,0.24666554044274144,0.8956719273291097,1.7940561555891377,1.1812280549767307,0.5513249939236701,-0.29074966420511744,0.08758132581375155,-0.15793358737574195,-1.1323184708407077,-0.25779061343399945,0.43563616978404046,-0.37529869462106574,0.04478014677101716,-1.3762829366605696,-5.308013810764053,-3.608956612094183
-1.7124521032747406,-0.3771020276836898,0.8786586297607266,0.2687793139727533,0.28686228933392205,-1.446980618596236,-2.358016947865256,-1.1894118335724033,-0.10647111230789331,0.8089667943284723,0.7642017245875021,1.8351529455431062,0.008649735429728958,-0.8928021818993926,-1.521820094745068,-0.6213996006403091,0.026620455373232793,-2.0683463635048183,-1.4254546805424877,0.5768780998727958,-0.5320376113975057,0.14875922833888588
2.4425132782767385,1.4471392226425581,0.2118613490675754,1.2378710050190782,0.7335163146174984,1.6338936752749844,2.1627299107330735,0.955306107181152,0.7972612791507546,-0.4490455203164245,-1.1045518466941209,-1.2589672110743968,-2.072308279231886,-1.7312666055603048,-0.024815851941375085,0.9962207311386594,1.5917776658428537,0.8680726956004434,-0.2477034910150089,1.514003297171402,-9.513256750181439,-9.68289890225325
-0.3312569663419489,-0.6784649346609509,-1.7950206227638463,-1.4808991116588774,-0.45608850325073114,0.29380877748545553,-0.25747745647996173,-0.4481587906576908,-0.32658864474213745,-0.5604338439052691,-0.5124830583970782,-0.1782014635263985,-1.6606619018128208,0.2582648666100832,0.3228354959072739,1.7490844745035703,1.5673906033703544,-0.23260589571255236,0.3825548841410771,0.8008721973655959,-0.2735198501678985,-1.0570583191174825
0.37091858184414184,-0.4630060351444122,-0.9112823025662201,0.3634994727119567,0.8955099859372103,-0.27521952190149285,1.3799190236344057,-0.39169696267005044,0.5286471598663021,-0.7766304576759928,-0.1705991436895828,0.6026452956391346,-2.10721687263395,0.008791631344149162,0.9109335172884393,1.5967277622262521,3.17203956239253,1.0524355354773747,0.5528113996527598,0.09457820717484898,-0.10035290510946032,0.3316658788639898
0.9884763685291841,2.0751259654106393,1.6529314206268353,1.3225723491240058,2.264448659261236,3.253724629861305,0.812007994426012,-0.484962041388548,0.6727362531696386,-0.5233426547641961,-0.5369506738931012,0.19784922481095812,-0.3471475752576909,-0.4818623069687076,-0.07944269330239756,-0.8271425997399456,-1.4223618694001219,-0.27872275590935613,0.8794093002489831,0.07693712093870207,-0.833495286342761,0.5256435540001533
1.3674422804896882,1.5126640110973928,-0.4566542211890113,-0.323212438961748,-2.083746317750076,-0.7651369326266584,-0.32980850298104436,-0.033940290218018226,-1.1314399653022267,-0.2791289192236371,-0.1372924420240515,0.1611126973637514,0.581520982321899,2.234152481658921,1.4723723990170285,-0.242823017578573,-0.348482138842678,-0.02199349363615767,-0.1854504014465814,0.618388762820773,1.7248101959540083,0.9845486834444264
-1.5310478082006613,-1.6387598222804827,-1.5746508752675956,-0.5283411448432671,-0.9281021351698914,-0.047204739666912396,0.36304288861818995,-0.7323542933012954,0.3276869121815761,1.284275116797889,0.7394779993590607,0.30259271087638756,-0.5790243884203747,-0.38009622490438166,0.15660933499906965,-0.2753440819281215,-1.624504889209202,-1.213873194764659,0.6490352292368146,-0.5561029426754395,-0.18358839330324117,-1.3539160295099006
1.1674298893202293,0.55894160597331,-0.19109956494069988,1.2444980617746715,-0.379687255028314,-1.0539781659697312,-1.9784056658114577,-0.5316159803942593,0.3781777205511127,0.2515787842957722,-0.8952946524575036,-1.9429978766083906,-0.2525105904960251,-0.26530346357814605,-0.7571706753690287,0.9231022333617329,0.11648326326447539,0.5797562809371137,-0.668214351729644,-0.2710827478744367,-6.460980602285515,-5.567753143014243
-0.18041903022953484,-1.159468760750759,-0.30655092861435873,0.380479725016058,1.7443428862293366,1.0659018889122653,0.7689958539292322,-1.1716945611813057,1.0311209199864204,0.9257793593875999,0.7509235699090261,0.9521759920753212,0.14287502680733546,0.5326564438469754,-0.40368323790365196,0.029048130561109935,-0.21208493115194113,-0.5540732585457877,0.17405291809139803,-1.2529177031391818,4.547083704993923,0.9477687370567116
-0.6401860536716573,1.049073333497537,0.49826105215506705,1.0612246578601912,0.42993355011193807,-1.0169210096211383,-1.5997737081498147,-0.7628870466135995,-0.3155576763810601,-1.4238642990100088,-1.9336416837611559,0.5325356795034306,0.09660439726559263,-0.3723659130609409,-0.1224602569813667,-1.0753728379403868,1.4399470007839992,0.008987056015692284,-0.7175107813634108,0.4955777417372653,3.0073522652594367,1.4554596849397177
0.17053176608205828,-0.7214802175515522,0.22971472277043414,0.8327833999038355,1.0876318114728127,1.4050131646124926,0.30941112011910815,-0.5447508661790955,0.6155510848103014,1.2387692964498054,2.253151890354121,1.1623725283556225,-1.3190486118835827,-2.17102845768548,-1.0575796205920571,0.6520067530336846,-1.0426680691019268,-0.34807479143615555,0.11591028636400223,-0.15905009311252424,1.2898603605922152,1.6590589065465104
1.9586393830196789,1.9879756660343124,1.4048725806472246,2.9857144100897344,1.2675270658834743,2.159856328186695,0.7101028716712822,-0.22024546973986187,-0.17115934605640273,1.6357324829815187,0.2817806926356359,-0.2952791236355464,-1.2184804644461649,1.1832858180024015,2.1369888075027696,1.2672487836139532,1.099506859814237,0.40756969410854005,-0.21057243573024514,-0.022934623994993648,-1.2767775730359858,-0.65093640467189
0.17767036602892597,-0.6710623124280083,-0.8379738522357948,-0.5690973194050352,-0.4469113913102951,0.04663332745195829,0.1421853840116843,-2.3680166124066515,-2.9741478597309716,-0.724374803734565,1.295785244461862,0.3910169969915304,0.9138225604158392,0.7719005852259759,0.7140669091348254,0.6498898257279211,1.2226713531950377,-0.5793870088854715,-0.3785967154866707,0.705209525397256,0.7607365646363728,3.6778831689330107
1.5313888019442377,1.0030228365940073,1.14993611807008,1.809194181310268,1.2773779978628748,-1.3189931389877054,-0.9991365956438376,-1.0129817949436422,-1.276538670813382,0.04500738040137105,0.1754898900681277,-0.5367524642581696,-0.8206186268478826,0.6041456091563876,-0.2576637386961602,-1.486163813051301,-1.6544991420872623,-1.6943730424156942,-0.38160063892298207,1.0910929900325386,2.9874746704639454,1.284538396012825
-0.13942914889072006,-1.3305224420843973,-1.6418256729481986,-0.7390679253178296,-0.5449437090672435,0.047112676696144565,1.2274463251784586,-0.7917986239594837,-0.520490357242871,-1.4011909307470494,0.6321335581387504,0.24192087801243325,0.4917572330281115,-0.9387738028111485,-0.22716272798358997,1.27286668207526,0.2916272924197965,-0.5891050639165539,-1.1888749409375403,0.24992349763054467,-2.975721315821372,0.13357858645890608
0.2965910745167395,0.911433101354004,0.15203814550444267,-0.81454852826167,-2.5863705570057207,-1.6106117882652444,-1.9521775990433974,-0.5804534609073603,0.623211250242746,-0.6444963109371953,0.17539906778055855,1.3948447042716596,-0.24065623429313684,-1.0966188226840339,-0.3720561981438203,0.3621408004015094,0.780990051439034,2.1455845639695865,0.509821767467596,0.26768448223764885,-1.1899161574828605,-0.4299166604658156
2.274613504703462,2.4245781028848468,3.0973360973643893,2.440244120748724,1.5021988428681852,1.7719832644302282,-0.085448946005151,1.3125168045897073,1.2479436647709996,0.08277160642278628,-0.23756535086990246,0.5763643921028795,-0.14345880033736638,-0.037783503660647595,-0.7158300525191807,-1.057546299103533,-0.19817760733035383,1.1973763683300487,1.2250898095151195,2.176519067370349,-9.489331486894262,-10.700441455911113
-0.5299570293776023,1.5700108964880635,-0.9415548956872909,-1.1376470000864807,0.2902339457403532,1.035031606024687,1.0222222472342377,0.0549565097854582,1.9911847325733092,1.8789659692059442,0.22099471380253483,-0.3192065070858693,1.910769478137435,1.6539081059432845,0.592146760955161,-0.5564141722106063,-0.41662506225151175,-0.4532860155080193,0.4048029084010411,-1.0182135943290118,-3.600938687813245,-3.9764843066543514
-0.34262315420056216,1.115488193142927,0.9852920836961943,0.5149379276959877,-0.20322234100525746,-0.39761209647321605,-0.545951234969965,-0.2820807987147849,-1.1701672172320223,1.1971341139770608,0.5209191097299911,-1.9242490428737224,-1.2212404345970003,-3.3487106233157165,-1.2154426572865211,0.0593446691985848,0.5924162432016845,0.04906538106320642,-1.120156569341416,-0.420761596648635,3.1678454549937474,-0.3728962502698349
-0.7589631977547824,-0.21491750464256104,-0.9211383057226387,-1.8076686698568019,-2.254401189977328,-1.2776594247338529,-1.004844556449336,-1.1316618318985758,1.0133453751796482,-2.1044117167058563,-0.3337481201599037,0.14469640826854815,-0.12416676127488428,0.9168550154681835,0.283303957536066,-1.0620266276203831,-0.5701248187253796,1.6062024997366058,-0.031012069506846967,-1.185529875142441,-2.5022570839660916,-3.155660448844292
1.0130947043428324,0.8298154502754275,-1.2791733899293332,-1.150026917762446,-2.286493716765573,-3.180135239172548,-1.3554659339564459,-1.0370603787672366,-0.2524372620935232,-0.9964929170323671,-0.7036326550090232,-0.9440679690364795,-1.8785556773583303,-1.2657623600234102,-0.16966024098225227,-0.21031060624059775,-1.654298634620744,-2.292317403383307,-0.3315081424111748,-0.414297539577472,-1.7158990290532454,-3.086821288530658
0.039649415657370055,-0.1272923695378597,-0.6100626107903779,1.720837664311973,-0.09282758450279584,-0.6701433272625168,-0.3749048367178924,-1.7012081314355798,-0.26434099145320583,0.7027745278396926,0.6460802229045856,-1.041918807034526,-1.3124121049195288,-0.7450161018097409,-0.3676534406579197,-0.617100216983459,0.008146622570022587,-0.5360885413158339,-1.4094791267534448,-0.8467089992398741,2.1646928237608556,1.4819459012665526
0.7914151985973433,-0.257899231986889,-1.147781059432705,0.7944417219460834,-0.09510588969742043,0.4260639209328902,1.3952292989451691,1.0100297846151232,1.9525821191612267,-0.5191979405394335,-1.0426787121949943,-2.1584320471108023,-0.38243679753377174,-0.13615799915029964,0.26361916545609176,-0.3550578067936478,0.2431728687009517,-0.2202166045243988,1.5975779029524793,0.42013827620851885,-5.590337799298333,-4.3921541244749465
-0.26052970421448973,-0.9803586674890811,0.5877809870225451,1.0120489138696716,0.8522795345153985,0.804683835194659,0.9562749885614564,0.8189024508951661,-0.10336601607450568,-1.195250286935172,0.22156575088106803,0.4197195489234871,-0.35461257580200645,0.13668650781711264,-1.220816223225875,0.524588647333545,0.04761772807996624,-0.4047675774128076,-1.0724304947008527,-1.2277291613083108,1.4344032922716758,1.8717941202332855
-0.6345342269628673,-0.2374278020611135,-0.5643531551032435,1.7614924310498223,0.5442176524951647,0.9385496649411549,-0.4595651285171412,1.6889954219754266,2.476006175762487,1.7867573155926493,1.812385198108598,1.6951582578733264,0.29089678786989737,2.261107148094089,1.5878504157457562,0.6588402697217077,-0.5120099035312625,-1.2330690269281606,-0.5212992538756624,-1.886388583155448,2.53150455376462,3.7520620417771866
-0.937811996924908,-0.8564411103384304,-0.2622267013392536,-0.3871414519110153,-2.341667288895918,-1.148385605545541,-1.3960420004383614,-0.9838276096133678,-2.2661062269227505,-2.880847690829196,-1.5798264133665583,-1.5368603472273585,0.25059357379980074,-0.9668500014924487,1.5119782627567742,0.8077325916081682,-0.14816526795089824,1.1452534606759892,0.6842769788970694,0.2670540791578522,1.4949578473204976,1.1661788021588948
-0.2635561896546181,0.584970902838545,1.2029711154057037,-0.19451029887493446,-1.695707131592835,-0.3457173357081661,0.9037410890907702,-1.5610944165843896,0.5310589925294207,0.9474824578536521,-0.8369033952246879,0.5719284949004143,0.010382444243257254,0.35307977384253475,0.018375945298443136,-0.03818299255131621,-1.0790530938064675,1.119665574815638,0.7666410525686258,2.3136458814736063,-4.372952882085676,-3.1926751447529886
0.2575570929754558,1.2358362040787085,0.5532746369138684,0.9372397740216014,0.5282366484002164,0.5556134558978116,-0.4112269281161421,1.233738588676694,0.7541745364950432,0.2349150148466824,0.4662353901030651,0.5495398440650394,1.7577648414475515,0.06808250002947201,0.6286668679831412,1.770962650776692,1.2387630380915422,-0.10858850124490003,-0.34536649944266945,1.658958047581657,-0.3738605047081356,-0.2289750298394232
-0.6798705817801035,-2.2530297626091254,-0.2981120117142743,-0.7041432646411517,0.4974317390340177,0.46455970295182586,0.3165479984583859,-0.8794486051331674,-0.7966791937381155,-0.35368590386483534,0.5870541895774893,1.1924826483581286,0.7316801625611413,0.5842186012317275,0.08332437647348212,0.7213100917033689,0.3333954638706899,0.8284270239505511,1.454881283685518,0.9923104858305537,0.706749406579645,-0.0508824288718297
-0.1860743728992367,0.08217984704288367,-1.205144374449046,-1.375577616996105,-1.3631375281518987,-0.5893840767197239,2.1123962464385255,1.5740161477594359,1.3982872869808254,1.8747507956941083,1.5977252956645982,-0.12868185985235747,-0.6404300321072415,1.5592810862083866,-0.9323071769394958,0.5715715404369752,0.9477849174426054,0.8705867591924027,-0.31423926264527025,-1.3280984733176133,-4.838236647433436,-3.0902308795539777
-0.26823514620325456,0.9541522011312991,0.8825386851237117,-2.1265190703728454,-2.1452944906197047,-0.9049285882296856,-0.8519012163438248,-1.0809293731575575,-0.2689574830733207,-0.5775981484656146,-1.1034087753950912,-0.5087705038638373,-0.8513682350870815,-0.6014850107785459,-2.1087413028923274,-0.11864055883815543,0.490145279050979,-0.8007944437064839,-0.2259776616722398,-0.10152941821013597,-6.322774343532056,-4.762318904099127
1.205148406966619,1.5394793669119677,0.6984690592499303,0.3530504090277151,-0.024436413191513198,0.7956171584546449,0.13866551808233465,0.3367828913691557,0.9755009234270932,-0.5175540747267948,-0.40645420465889637,0.746737922982825,-1.4196758059946053,-0.4967159510270706,-0.40779112547104385,-1.3618479457388077,-0.7055894144759385,-0.34988035687880864,0.19547084706502935,1.0877275083193638,-2.169170769482238,-1.5589895303996795
-0.7552584974283735,-0.9089708011253068,0.0317772860893544,0.24050652644375914,0.18483126163274874,0.4132440978356349,-0.13713365593537757,-0.4047269325235914,-0.7968382616348401,-1.080652020795874,-1.2454197047804119,0.12032819724433208,1.481226330612414,-1.7151013995636697,-0.6594917496870092,0.05434417923049314,-0.46410794438847996,2.57501620094729,0.8702828342136534,-0.05960600273134862,-0.060159971918971045,-0.6103672606592943
1.8810055461299242,0.40465903348225785,-0.8570517354851597,-0.6309167459588182,0.8473495582208309,0.3879418561977114,-1.705701479385862,-0.35490135048035654,-2.3727710876622163,-1.532602230937398,-0.8830239315659276,-1.8882066370430592,-0.16610599587906272,0.9431651939754286,1.0989196517176731,-0.38185320217748975,0.6936440299812026,0.6276845221519068,0.2909420185257891,-0.773249526455871,-2.3978433470318916,-1.9650796833840067
-1.3349125275092912,-0.3525437457761033,-0.36541176800598657,1.9194620646577973,0.8677161742985894,0.2411664776530204,-0.46762083552048406,-0.04347200914441086,0.09739122846232466,-1.023217355012088,-1.1963944322337152,0.011984851790574114,1.6343731388116087,0.8804049130283759,0.7208852940441858,1.734439629301262,0.3887582596463017,0.5681386926514858,0.9515812760714459,0.2886960544089295,2.185158772640702,3.6398212850083222
0.6670106431746216,0.3759979837621633,-1.6227707206900197,-1.0926449598937082,-0.7777772585177497,0.8593403749293622,-0.07807639867925573,-1.5169527341998061,-1.2627510387707208,-0.18071363058398676,-0.7100122364955623,-1.010580505612498,0.7652873927095648,-0.2857257824932069,-0.5516887157329923,0.007956762376320595,-0.4937750930646248,-1.4685036559172577,-1.0592351850881272,-2.7132182431730283,-4.3075110364127225,-3.8505563091567425
1.3775564844740924,0.9244640346299583,1.428728713782845,1.0948677219044276,1.4626379207146123,-0.043779947041807106,1.1467943544021921,-0.3112573549748659,0.19274665900501756,0.0859642850722183,1.140376823149602,1.5470478833023726,0.42379014855423514,0.06168211194911616,-0.18788745033465998,0.013113691612612608,0.46808320753829763,1.0950859443175405,-0.46691369537331495,-1.7872020383498903,8.466130671199364,8.00310263313721
-1.130580950623748,-2.2257589587976967,-1.151049023330231,-0.7865279818153474,-0.87821193447251,-2.7230528097874003,-2.2185031466681338,-3.0425221908737066,-2.310514997083891,-0.6276586509788912,-0.03838894953849781,0.5060394012668358,1.7701725808460995,-0.5485633247824375,-0.5756169190784027,0.039980811048030175,-1.021403610271789,-0.3253349396956238,0.17343883665230245,0.00691760761133418,-3.7850089775732534,0.3543341640969692
-0.541737269215273,0.12490701977443748,-0.501116342539724,0.06133694227847919,0.7687131621309937,0.9179715360398953,0.7279827968386074,-0.03950132230543846,-0.6960660136058601,-1.366682074134374,0.2196173477741904,-0.8049182297349224,-0.026694696346494608,-0.7131144939201665,0.023987635273796985,-0.7912400871909504,0.6356582394692326,0.9043815316389764,-0.5117421371941064,-0.6605628214454584,1.4301961660885967,0.06882133694710246
-0.4006343729773267,-1.2676280020704314,1.1111300081349116,1.7578187582445302,-0.3387063723733608,0.4083657675708029,0.45040018316210617,-0.39146054745642583,0.1508754713676567,0.0549462124920748,1.3715969733395175,0.6992987432869673,1.2920708475834561,1.6932281849435653,0.39592215625822674,0.3820329210852449,-1.2116178366202233,-0.7417239020332412,-0.19165798155836172,-0.427242493624747,3.203040947455042,4.204425486882271
1.0427101931526328,0.35761261462241206,-0.40011103201528647,-1.3140731655819415,-1.2296768542299419,-2.443491291628934,-0.986039636986266,-1.72326822042472,-0.9163533963619753,0.4247112033795513,0.8166656190139587,0.9708762365987998,1.9677230632297251,-0.5535285297206883,0.6356408390484162,0.015248070372186194,-0.11415267842643159,-0.4068449862244899,0.5639908224759568,0.9447333750784912,3.083284105311841,0.6877528463141652
-0.8241181154790642,-0.564357504834438,-0.013190614272957726,0.35514747401352376,0.022158083896491765,-0.46519532306944267,0.7406158213223613,-0.23513252942226168,-1.3868582835876533,0.06918583009257886,-0.6713244394861451,-0.3539380433516259,-0.5290260555028015,0.29493885463279496,0.8177646595957602,0.4332239351829961,0.18959940934716019,-0.6388744936687438,0.8545982478025337,2.1946987700163616,1.552474490765507,5.271234635382786
0.05660461463074009,-0.14701744313704118,1.9849935907345486,2.276072302995772,0.5187343122679268,1.9221455538163574,0.8693707023375179,0.9519818084891453,-0.34786743525488695,-0.4775097025294521,0.2504188993935723,0.7310990419956208,0.2939681410660263,-0.7705888269871533,-0.3271729810889792,-1.1188639962929754,-2.2919497907613984,-2.0434697719181405,-0.8193298262500911,-1.2821725854000865,5.093229488078587,5.838502614136744
-1.0105393673860823,-0.8934072765417403,-1.8963542793422876,-0.7786291487223517,-0.4781751797040092,0.22786801369025617,1.2746654097269485,-1.985686988551085,-1.0976925957014183,-0.0377338180509191,1.2287161156610305,0.9825953621853767,2.904149867036109,1.0762199641655819,0.47852625473196664,0.9297674603636622,0.7560944218941865,-0.2861066096383019,0.14958389881672132,-0.003807594199535238,1.8916985847203411,0.8410493644999237
1.5895023503235215,1.1589838258359464,1.4896751251943259,-0.44931847106100853,-0.8122798854773656,-0.9740531719876866,-0.6920617786252774,-1.377720911997098,0.7599647445552955,1.1305411257854208,-1.1818806278652985,-2.6379679774642835,-1.0872075391419789,-0.5655570916289897,0.3774478826596309,0.3704003679882626,-0.10191808697961634,1.3255881141469206,1.5874243867396791,1.3021711022996012,-8.517223538439827,-9.340305348836633
-0.38921230335148077,0.04669069926510492,-1.3316952845754793,-0.9474103784951827,-0.7779475958154684,-0.46445985323647804,0.047589068573731054,-0.5039569937105541,-1.2106809860831285,-0.772236678218889,-1.376847806324268,-1.0307691734988806,-0.16305255573249744,0.21915523165781028,0.14863751896514935,0.29621463405815396,0.5170186905210999,0.5736842627824172,0.6913089629425054,-0.9279978029471282,-1.6373654605673496,-1.6101119782545976
-1.1486411712114302,-1.7484418651723326,-0.08848249458858587,-0.8823381083920026,1.5267462628470405,0.5881796049685206,-0.4910163400226823,-0.38862000116478723,-2.0570506923424783,-0.6211412805171257,-1.0359622925834757,-0.08866012896580919,1.0518711088687287,0.3720168809230453,-1.5756887096035606,0.22853202108841375,0.5528188481618275,0.8772307163171243,0.006747379897692509,1.1603072272963777,2.690641322346958,-0.10048356211062759
0.5239468845259734,1.1696173128279375,-0.3069916085980223,0.5311319720611232,-0.07248460548117605,-0.23333255921281837,0.6237136535944992,0.11793097822767795,0.39373047345393386,0.7302545442270395,0.7203035093287335,-0.0320434515983658,0.6860739724330664,0.3064898293967669,0.8280885331473382,0.6344042710771165,-0.16328223260783326,-1.0843255255488424,-0.48967292363845544,1.1185372888398173,0.6422329291852134,1.1658037972194109
0.8652699124856106,0.20289640276341578,-1.5310082150511093,-2.383124936859733,-0.30490461947593067,-0.9316279901103312,-0.22248660143834845,0.5638681741247507,0.2596679080343041,1.1601381378251814,-0.10869923456740832,-0.38625457469282237,-0.8016486350269435,-1.4407256883311947,0.5490668257802016,1.0339425867225682,1.111000636049177,1.219137136646814,-0.04419015236835918,-0.2560922339781577,-3.877468110625345,-1.5407426797925274
1.1334473873390465,-0.29643780009828036,-0.16642774188951628,1.8236615338765279,0.3925756764684715,-0.4138116631305456,0.18850765173658465,1.5966523345381491,2.298744167797444,0.6919482021659208,2.037244355856657,0.390099606141743,0.34053938771612824,0.1384572162684846,0.8023494288815792,0.4828545551730845,2.719597709086667,-0.7298624117705245,-1.8629032325603612,-0.34238024445052495,3.8041838727640047,0.38859323905431686
-0.26326256439868123,-0.6787050820873177,0.7095417763364485,0.6723486830247559,1.1739268625003068,0.8404099952841303,2.3074498501496694,1.862812870470711,1.0083569918341653,0.2568497662606545,0.20603873539544879,0.8849259304697135,2.1263155117438286,1.0647172300305396,-0.5099244405113936,-0.1801530224465084,1.7015519937284376,0.9594186731308427,0.8804197621705038,-0.16168861788531605,1.1619576756310475,0.2484718389260292
-0.9553725329024212,-0.8103960166860075,-2.169564248717759,-0.19751582528668085,-0.7147480294527153,0.12137330645128845,0.5060383082939327,0.7136398908321069,0.7179123824938056,0.4252260029838156,0.3076343393436202,-0.33756308763517906,-0.5754587192815881,-1.0094544947159094,-0.28535011225886414,-1.7695577959735518,-0.09966634115593846,0.3210807832816523,-1.5204834725753484,-0.7279306882535944,-4.2717099809167545,-1.526639478888732
1.112692403992312,1.061117157981387,0.8832267642882431,0.17161543691658326,-0.37863471582144276,-1.2668483261187702,-0.5526545621534409,-0.48196901203569514,-0.15453155111439298,1.0648143001666597,0.16850868835481073,-1.9319352194559947,-1.2612468436094033,-0.2498417959253862,-0.338633185381351,-0.35726228359284024,0.5858355553451879,1.275448763973728,1.0193689883603305,-0.15578931408245236,-9.51805950793749,-5.313479690370231
-0.63342660818942,-0.4557993575888809,-0.036633620958553624,0.1641221721738239,0.5911058819431368,0.8537285607479684,-0.4331070830278249,1.3061417503367783,1.4509068343093297,-0.4158717296840588,0.5786070989910125,0.30415374249150395,0.4278836379004319,0.7423917706061725,0.5532904245266925,0.4705095523699923,-0.3238410757344271,0.5588731476840978,-0.5674910479630615,0.7570607817895556,1.0613687584183373,-0.9416205570299988
2.2476082007466247,1.3585198022256695,2.209002761581255,-0.23415011361337745,-1.1690017793582541,-0.7617580344782806,-1.617760986933394,0.46103410875626866,1.0860312834982255,0.1729723526912748,0.7280377083897428,-0.9418636865365442,-1.4885643901192558,-0.6498506640329222,0.5720586401951516,0.33069581785041596,-1.4250511928028042,0.6680551738986472,0.27827063975586885,-0.6696733610062789,-4.494186654725244,-3.2800350358350547
1.4920304564874973,0.25880616024865816,-0.02052591407020238,-0.34361676972302757,-0.7655653560764017,-1.0452041045149012,-0.7430232094370901,-0.9887396749523211,-0.5116870059360201,0.3203037056389671,-0.5926445585155505,-2.7179156059692064,-1.0113381970444495,-1.495650563542186,1.1203238092849956,0.5773221524835631,0.5182878812101085,-0.24951031933803497,0.6956835930535148,2.5732000337643086,-2.8062969299110208,-3.4388329535906723
-0.5666324918542099,1.206797599310356,0.46867514958001427,-0.04215502775079094,0.40676537227844484,0.622624546501002,-0.9214059873976349,-0.5286438049227665,0.739332153439625,-0.7732567452648729,0.5166049197097545,-0.4208407436551522,-0.20130657907415092,1.3354328563720679,0.17271968737097537,-0.17891093680851428,-0.00975164845746779,0.17753284519537185,0.5480003187928588,0.9644760447486505,-2.5153386833993583,-0.3653272863952493
-0.8479003525996162,0.3199109361242485,1.817952536568433,2.3789558474256425,0.7426359750304649,-0.5127862330702834,-1.6262485024258724,-2.264788979383201,-1.2892766027225333,-0.32557818501076213,-0.2012464207156638,0.15056618150134218,-0.262138313684486,-1.6788287257159535,-0.12530419452031902,-0.7839982899113495,-0.4220077992000543,1.3985647949558977,1.2423334270325352,-1.213753089687626,3.200130112765861,4.517764026461444
0.1576282474985465,-0.9011124913742504,-0.19923376519298913,-0.8354335777308356,-0.839012501939709,0.7333681855752908,0.6550970428241768,1.20943144036739,0.5150878350154685,0.10931634335958966,-0.1941982408612579,-0.1741285469257658,-1.7039557267579286,0.03215181855880329,-0.3867622407571316,-0.9695671502766228,1.27392081280925,0.4490708967271553,0.4635673556580125,2.6000518878371444,-0.3791155255353984,-2.665182632489984
-0.36553006275659083,-0.7995796450247737,-1.885786133703468,-1.1486316995851784,-0.7653339629774171,-0.024871551475132186,-0.5425084743098658,1.0505513683625456,0.608813572752387,0.8329468028832371,0.3543030603303347,1.4545846166162255,-0.891592774834895,-1.6470594660918028,-1.016610412171115,0.5737376120627667,-0.47963134877889835,-1.584482311361118,-1.559063406082368,-1.6147883465359063,-3.6981546942863592,-3.075238430904954
-0.2898824171236787,0.2983915808716541,1.2471339573250724,0.8473552656035117,1.2260102443789833,1.571916695123068,0.6073047594396951,1.285814366232394,0.2696174009199282,0.44055713381707684,1.0345661412997824,0.11443923261244818,0.1480020706360537,1.0469624793993575,-0.7344699394323339,0.2438399914828443,0.9344337033854662,-1.2458676659849715,-1.2005335261131105,-1.8010825682366902,0.5687066246662271,1.0850379418158136
1.7722318844377496,1.1792702136220221,1.338476717527854,-0.2848877787530896,0.3350086351255852,-0.7235422191978349,1.7473859826837226,1.8887056117459955,0.6238435152775795,0.5586648857426871,0.895444611881867,-0.14125914918865914,1.3643857346759745,1.1357014986550678,0.27226123294544674,-0.4672221810405249,-0.47836078573162644,0.007577398470651459,0.04210592865453286,-0.8431029051036135,-3.0140180279168494,-0.014721878387406745
-0.6002589133513023,-0.5257440455899474,0.6839789829344413,1.505509393920655,0.9522992013597723,-1.5135228127955276,-2.5918343148294536,-0.2898317110052303,-0.1561780389265139,-0.6796159401018689,0.5064133018442216,-0.4820054050365656,0.028898090614772907,-0.36891448466395,1.164054657437364,-0.31273054460077265,-0.2610220058627669,0.5390364871885418,0.8066277406739577,1.3669337047645032,4.131333510516432,1.9720322030235433
-0.7028655407265065,0.13767578007642628,-0.2091243153160725,-0.4044285773081887,-0.3648330866908085,-0.6196868754222599,0.4484032217413193,-0.13609617616487973,0.6135659538061411,-1.4163290722483488,-0.03951885329749509,-0.7531202315173581,-1.6407031382002182,0.4812094246634814,-0.0997872446321308,-0.39659221811567374,-0.6923459503995154,0.6508544095849569,-0.10100957124174587,-0.6531198462367146,-0.6541332314676844,-2.2316514883397014
2.2726435294523433,1.338886358569476,1.0610613864418628,1.8047903226341588,1.1643372263081868,-0.5317123362425454,-2.2819917647395354,0.2609151904097052,0.12149133104187762,-0.028074417181757263,-1.083598776624715,-0.8295589364437483,-0.4840607711589337,0.807996880725167,1.3784406276900039,1.0202747912222923,0.4049970915189611,-0.3156170821680772,0.5622358252108157,1.2849781079670481,-2.463376616210263,-5.047130493660676
0.2992202254137139,2.793983977679921,3.153423646128387,1.7104920082604136,1.6399801608579192,1.2895731208017196,1.7373424821261405,1.3049377577230057,1.6790730074896285,0.5518449955941418,-0.032096772153915695,-0.19188873605046194,0.45339746439410544,0.7662294980857295,0.18038124488665094,-1.0250153340343542,-0.38769624340005326,-0.9498420604980924,-0.730901882396508,0.625181852136543,3.398854500653963,1.0796460871866347
1.412639756046175,2.463604158332073,1.1434072178255754,0.005094225297654284,0.0071183141192681905,-0.6228938894338374,-1.0415635486838275,-0.28878493142518974,0.8962338038326112,-0.23356525449583931,0.6969108122025898,0.45839883758732264,0.9161661405914839,0.7538464717008372,0.43959044467426933,-0.7886558505216308,-0.5495326487876924,0.03520941275160483,0.5242475464596118,0.4574943805549484,-5.075051847692741,-0.9820795901579973
-1.7924433825530253,-0.45133978238815586,1.2104230825142912,1.022153758867034,1.1674209689133492,0.8462994046670309,1.0543243307162373,-0.004737502052917429,-0.3854125276179303,-0.7727940707792018,0.48320824037623394,1.147575056965352,0.6124648595764731,1.5326484588473883,-0.234267244958895,-0.8905985402233885,-0.8891772951895155,-0.49668549532371553,0.6097423408065418,0.20000276344371468,4.856602393319273,3.3439061306725333
0.19420892708929266,1.8060822544666288,0.8505165413306277,-0.501049178437237,0.11616899979157704,-0.6699229370901496,-1.4024913051185735,-0.008021604284731252,-0.42326259010544814,-2.394646270828766,-1.5433268977527925,1.4515766565327843,1.0491787252335802,1.3280634215031426,-0.01302147110388539,-0.933014209102284,-0.9918957479258864,-1.8471807349250176,-0.044080646660372536,0.8926227431648759,-2.0558873225098377,0.5075247417699
0.5471256692642088,0.9640935677358837,1.7459703544318539,1.1080776230735174,0.8340524777083335,-0.40861819207276906,0.4318105471439092,1.5769187571951078,0.6693201228823007,-0.3682093691087738,-1.625972095111754,-1.005460738003045,0.18239818925780152,-2.1775139480081394,-1.4916709633062664,-0.7566145220439566,-1.4356806446712571,-1.2935123825833323,-1.1100187559038894,-0.4044139382284777,0.02217010826207133,-1.274949102186162
-0.18757187806694295,0.02400304516521549,-0.7624104725305697,-0.6678657921306127,-1.9041698883222578,-0.4720639528506445,0.621782602907964,-0.005892793815153177,-0.0082877857455823,0.34064296408139383,-0.20133635861604077,0.9168707031934491,0.894310182243995,-0.28330906409972595,0.693170548652095,1.5271428191962813,0.8603170799294957,1.3742796841957938,0.9292918423152644,0.35985810731208295,1.9601214696058238,-0.12163513760349054
1.435028426254394,-0.10624889982120272,0.409699965166868,-0.3964615944205604,-1.350571986651157,0.4051028062598249,-0.35571840259997817,-2.409432725838918,-2.37424892188035,-2.3989396216048267,-1.5670656644560703,-1.9093534036922415,-0.48546878743465094,-0.7083367982666184,0.7265451006941669,1.189693198985554,0.1558490059791249,-0.303787284228291,1.1608624683127353,-0.32325055513973067,-0.5885336859227397,-1.5064717594397792
-1.000930270963424,-0.22007486646192145,-1.2792501008207868,-0.12714661593567725,-1.8793737176447776,-1.0402082539146866,-0.3458266400212025,-0.5815662961652243,-1.681989253864414,-2.170487104002174,-0.5716404454970622,-0.7534397964389004,-0.9590409037456842,1.5742880944311095,1.831781962646227,0.9349180450419188,0.38554172383993635,-0.12429258688165433,-0.6918923940185754,0.4861450202354632,1.9032568025314438,3.2215286814785435
-0.030194534440451663,1.2977574456111347,0.8808771817602433,-0.19275522788555813,-0.7933391890755366,-0.5420484890351925,-0.09593099558964709,0.1791635737558444,-0.5348958430761235,-1.2136304325848841,-2.504520200074118,-2.0319010967431357,-0.9876934886355109,-0.16935216507851159,0.9367672146822381,1.1143953570385334,2.2917570909152856,1.1416244918197576,-0.13142167578595396,-0.7201922461269908,-3.240602494058129,-3.0308080957197348
0.9921322596839246,0.7740173224442063,0.9126163591890443,-1.3063875770066602,-2.233900455498851,-1.7740354791555333,-2.5009920210937535,-0.3367952709423197,-1.3227028486617105,0.22302604816358035,0.49636946380145014,-0.3978515811122804,-0.054164879782683896,0.5341131710167255,0.08809758326074786,0.8704296976599423,-0.06851609813372818,-1.12052950824153,-1.2595858090324168,-0.24838951518682129,-1.5554212978808044,-0.5775491552260911
-0.9721038034038963,-0.023102993573404246,-0.22952229578832611,0.4239234114369796,0.813412399067792,-0.4676120812304537,-0.5115565241585384,0.7635568020023171,0.7963677591725651,0.6249203255691722,-0.20754811885024346,0.07708976558266843,0.9799100508366564,1.0127550765396776,-0.8806165217745314,-1.2600594666197107,1.2818888283817849,1.773984689750682,2.205522527737419,0.9427949323424052,-4.216934658901192,-2.511572467949989
-0.422003279109442,-0.4341762947286448,-0.9687364238978823,-0.5445050317229401,-1.091170401141176,0.12344951398278442,0.5485032809107858,0.32355778563463106,0.16777093320254838,-1.6834740308683493,-0.4308019618975797,-0.6674965734522705,0.27705785244944475,0.07098269922217258,-0.03982653359874078,0.6446629533531193,-0.015168642212171709,0.39286231017446893,-0.18923342046791644,1.2185640392392616,0.9874406900941936,-0.9922073865976725
-1.1579764963066586,-0.12005961345309728,-0.09329011386845035,0.39291268123514417,-1.0403823542194983,-1.0025570294987585,0.12870444974005027,-0.1051136179332013,-1.4527049110629255,0.22362899460413752,-0.7897415870421759,0.9431729411959789,-0.5680660509891421,0.8390286857310417,0.7417764901030595,1.103628030702933,-0.6010697648736913,-0.7186659022835709,-0.7880305743925153,-0.41846736563230374,0.30697218159097517,2.8615484295812146
-0.13948716641222988,-1.7998339798647829,-2.123154569158776,-0.8458456999253516,-0.7370497460252845,-0.305138140092928,0.6182995076562077,-1.0259643685515505,0.27240310809641954,0.5712276385924354,0.5924656566006379,0.4092654681396562,0.4080882203033552,0.05973546922784489,1.6679787194102833,0.7942484982515323,0.2733002100134616,1.2640203899796902,0.96886560192832,0.9409768542554272,-0.21362134892404316,-0.80203230465302
0.7486559963362387,-1.4881499114671661,0.5925958848670821,-0.49074725103747757,1.2631113026039054,0.4355165084052954,0.8114029846414147,-1.4680985002891482,-0.5331503680856233,-0.5082662018492584,0.33204144648996103,-1.0262092201570299,-1.117762806875367,-0.822963577737705,0.06972776264100336,0.397255883069001,1.4306591609822426,1.5172865281650358,1.1745084988333792,0.9403492782074689,-3.0809294903501803,-3.055160636614029
-1.3906953181787225,-1.7765939464912244,-1.0696878434494332,1.034025685663614,-0.9845248853111229,-0.20553103296661812,-1.3606321238628445,-0.7612032918144293,-0.7610833102036167,-1.225063384050656,-1.7661442806856875,-2.288100182885446,-1.264319942380179,-0.8036776780926765,0.06513186038985953,0.4990825302862159,0.2669932442100357,1.2520443273917972,-0.2577409480651861,-1.0396488269804587,1.8669456115767424,-0.07647538597747416
-0.6621213212360373,-0.38192361573660677,-0.9553292459185755,0.0045123985601212445,-0.8329328940570271,0.016139192473936192,-0.5272036721681762,0.5189794853059748,0.8376434565787347,0.8991809389837814,1.6001930934478676,-0.2246338797470305,-1.079156477272384,-0.014955313550327415,0.2869659561112328,0.09344547828670337,-1.9216054706540044,0.2549314201143248,1.682851257860487,0.7528709782106318,0.03254952675109596,-0.2757920299053593
-0.4079867996292813,0.4081389343492098,0.2798747750706251,0.37850704964944754,1.0899315324101633,1.186044186600493,0.5898427215296747,1.2367350828414803,-0.6748775404103567,-0.09310877551488363,0.09153267356157202,-1.4950594700772406,0.47171992775100036,1.4051028958073029,-1.1964160787453453,0.17110252150536198,-0.7779222530701375,-0.6760374024188792,-0.9589613160179689,-0.6938860369680331,-2.4943743429348695,-0.027036091177549237
1.4421791647660205,1.117207536751163,0.8923595469095715,-0.46494159067228114,0.7947427212249215,2.2241216261284373,1.3407291763144127,1.2569902340685297,1.8512760727501485,-0.5000782915350092,-0.7506643933514408,1.1560249840061219,1.2361331853992574,1.490789304279014,1.7086382452468492,1.496097466526155,0.442186885654571,-0.02195469805169702,-0.758214585262049,-2.959951171208559,4.163261568491631,6.90793681149464
-0.37799674102995945,1.1376105402175365,-0.8524653601833297,-0.8083897645590847,-0.3132525256931092,0.24007024542979555,0.9549999653945771,0.5213779975008541,0.8239123314260113,0.06820679342064935,-0.9875732414413543,-0.8612168605982021,0.3601712077927625,1.0945102648426706,1.0875766441027461,0.28852846409632954,0.386662295566086,0.5074211244582693,1.3935816301847166,1.044340501740982,-4.485003570328223,-1.6241239363510527
0.8274203558687823,0.9240379516888989,-0.24914418201267954,0.20061651496928373,-0.11133462480248973,0.45043517414518863,1.1798928440482401,0.4979164206837134,0.6599726735653153,0.3343985472210526,0.14101320337447784,-0.1526621356899777,-0.3085590094885402,-0.90217235484263,-0.5210289215939966,0.8633329233814855,0.7733383585328762,-0.683480186828316,0.35307865456553045,1.1891163105158258,-1.8687846674690538,-1.2120953783279473
2.1432226816722943,1.3000674662252196,-0.5649910524330627,0.13968988119588577,0.7313458342032315,0.5689253788247614,0.870214139773146,0.7828102927928206,-0.03162072220202922,-1.260388820965521,-1.2239827699916868,-1.0758186445583384,-0.8561629844293246,-0.03296713327112611,1.4550922713130057,1.2123333633990074,1.8272068968398516,0.2634940395068603,1.8393527185037941,1.7167582067718699,-3.3004838463313826,-5.10553220136308
-0.4736283990642814,1.0868314629894302,0.6853180072386196,1.5610059412741442,0.6235501311734352,0.9571307925892878,-0.48730791471213775,-1.2838075896683352,-1.0217534361952934,-1.7145294915845486,-0.9597233615807467,0.7714869724142499,0.6995836449642141,-0.34857733228832816,0.556143862413752,-1.0905445250510033,-2.4683614805503202,-2.2246169485649614,-1.2786822360654146,-0.5638540234399692,4.123611138363575,5.702220100775056
-0.027689266998877193,0.29877933532895734,-1.5648880408630237,-0.07840572768123358,1.203887107073428,0.40675568033097803,-0.3778434358391283,-0.7977084871026028,-0.010520149792114296,-1.4891528589180838,-0.09591127200400838,-0.3600942193475591,0.22344070492922324,0.0807859934763374,-0.44495552075838535,-0.290456540444094,-0.09200447224503447,-0.013363815221413484,0.6478172072675035,0.3213572381713383,-2.086971638746489,-0.5905162422010011
0.11916098705964955,-0.45786422435476853,-0.10024787807920824,-0.9788670825889991,-0.3019812543830606,-0.8396113977245866,0.886531022839212,0.9087958308068667,-0.4399618785669401,-1.266077238593929,-0.5311653246737175,0.5707442102308057,0.9891255348162504,-0.25583065282671297,0.5378866383914426,1.1736647744412958,-0.4098798793549476,-0.8801101554273413,-0.4370994251698944,0.21167414792085984,0.7279137185682375,0.06628850382204918
-0.9795167307473969,-0.7109217046448738,0.6520712877156486,-0.07710487206317031,-1.7193599761481015,-0.5485815123811193,0.004915610570010507,-0.8279064432540242,-1.091446536893457,0.37199594926398916,-1.388970243973066,-0.8275714677460124,-1.3793357244553652,-1.677407269426332,-1.4762299620352846,0.04618262920526704,1.2205048978550141,1.2125199740211319,0.8922942407634595,0.6792086553477112,-0.7782169439593408,-0.8716091236553458
1.640198077242944,0.2579517274679743,0.07902448464099476,-0.6822364911851332,-1.55756662153982,-0.4291291656597745,0.5886342083307184,0.35867803970104395,0.016613674809963508,-0.4902480765702296,-0.047011418696558914,0.7565748176274223,0.8710906199176129,0.5118279142142486,-0.7858618580641716,0.9355463334763454,0.8852088842738312,-0.1657939694096003,0.11120601321124896,1.999974665274113,-5.307023055575682,-2.68235502733453
0.297958128328265,-0.54239514664568,-0.5319912529745231,-0.7721015765484897,0.6297369164337848,1.819244304749521,0.8231413490146343,0.057119827836883665,-0.6214151326797202,-0.5907689732155516,-2.2284306767585225,-1.7844615311758056,-1.0357419328675184,0.6817472309026165,-0.6433395841474646,-0.13713622502868084,-0.2995368419324686,0.18764615933961393,0.08470400308740507,-0.22506831131716679,-0.6541174919323156,-2.938214930769003
0.28469581626196017,-2.283035642472158,-0.5793770656898659,0.6241136134377966,0.626475382064318,-0.6644292724908502,-0.08190983720351788,0.6119859775742196,0.8488255503504576,1.5051301361474707,1.964449035075503,2.8811135150160814,2.8956195823185467,0.8648375654147076,0.3629471600307642,0.8597701428155338,1.8031487032277447,1.5700710311823953,1.7303354612550146,1.992373047159908,-2.949479731406799,-3.057826404403066
0.18663471133622406,-0.569433878550222,0.3728481512682412,-0.3007885680119053,0.6460784706939158,0.9933114982756217,0.6262206823409033,0.17937706707249912,-0.7944121837008388,-0.16084691190222303,0.5079569086902459,0.41482752074585555,1.674239805299755,0.5854711915457875,-0.4195978862374097,0.46269321889334536,0.8792393010863458,0.0809924300210712,-0.4509487051498655,-0.806952917123608,2.2589999193135455,1.4752127478289125
0.21458820727235392,-1.024373542481869,-0.43382072005775846,0.08008431347054105,1.809222043724317,2.5870928361609242,2.330694298589079,0.2441070162452713,-0.058490396455008094,0.41472665314620666,-0.07733565114916971,-0.6397324070603653,-0.7564347736600927,-0.05647397556583961,0.43719718932506274,1.4294839606585972,1.3741259228917218,1.1429906350157455,0.27804267678072603,0.0911127242397075,-1.2715456096950182,-0.5947018163165094
0.3876847604455791,1.1216757962941324,2.059071723785802,2.202530642358756,0.7481916119057489,0.7861185351219763,-1.025656349595088,-0.5846455084289346,2.015440526430593,2.454978797755549,1.2549862665298772,1.290456921511352,1.6654401350830892,-0.11786572965801465,0.24562129023571772,0.6768202639040721,0.671386135762582,0.2612504228125433,0.1904436156620614,-0.12470832502851899,1.8986710084633147,1.4599625485131538
0.6057907077700698,-0.6262075301685821,-0.11762144090908848,0.046301494894976244,1.7379895860537575,0.5812431858910901,0.8103610305599175,-0.862762680310155,-0.34394512623633267,0.00028199541560940263,-0.022405348480856242,0.655873299734752,-0.8009186784455635,0.5949473386870027,0.36558364828233436,-0.07757507315721504,-0.6253132011685334,0.6759144749057514,-0.2711863415235787,0.9280695794709517,0.7053767736398118,-0.05206037637069366
-0.3438323504621177,0.3196273521776058,-0.2664901070573571,-1.3991941040992952,-0.8094840745758668,-1.1938045740263732,-1.0775953972830836,-1.0840858114627767,-1.2512836671396812,0.7642801010156,0.2955654332116122,0.1374244776069005,0.4838431525092959,0.8641212547650687,0.2889389750234247,-1.2502256298273016,0.2682663036191534,1.5638496279273906,0.8960218525296202,1.9717511440857933,1.3080918245707582,-1.800519857493757
1.2174905685625725,0.3210833596153145,-0.037588898718913424,-3.2968442745954367,-1.718110867755307,-0.994149860114369,1.0349923801225565,1.6327509778650255,-0.3010701402025683,-0.4897712676695824,-0.2756964374744944,1.6303083223430355,1.2854177483493365,1.1648928390355635,0.41738915567421725,-0.29706226824350984,0.6519942017332104,1.3218026599352453,0.6288661823353121,-1.1533105434743356,7.807774426272806,7.178427589736242
-0.5203714967966215,-0.4580397361931323,1.3645507550931248,0.0458959739012421,2.191114559501979,1.4969755119823793,-0.03525665085961614,-0.4339463308749868,0.062467754736080953,0.2284436316693689,0.5085887612100511,-1.480194069984642,-1.1190333948276263,-0.38991957770344793,0.08500319577966746,0.39775798531269285,0.7950997286260986,-0.0061952307703617955,-1.7981447365839878,-1.2512703947230324,-3.471025954137499,-1.489415222989061
0.7022590561731059,0.8346221044396914,0.38785329895746684,-0.08762219414498791,1.2663376770786055,0.039018552914530547,0.979579487552724,0.24424405936338983,-0.09508245104087104,-1.3721497318444122,-1.2019025096595948,-0.85112051208022,-0.10096379732658409,-0.8600286489037949,-1.7484769651692114,-1.1147820707359877,-0.8719189633090937,-1.1679432615536813,-0.5511302472186049,-0.34585247749227177,-2.5575911113260505,-2.0218597575979858
1.1210074855316208,-0.2525620511785686,-0.2648437941683081,0.8116579801518923,0.9802869401595051,0.7299268680829036,0.6353151267610646,0.8410535871271145,0.6203195997556483,0.45082558926522964,-0.046174773828743104,0.8849960268802831,-1.1063949670161615,0.7020630476839044,1.0380093177094665,0.9131913383631455,-0.009303140096987045,0.16335085852130748,-0.6935233498935637,0.12133996481346104,0.8045305696739551,1.315368160401832
0.6674001763566868,0.8582323482073876,1.096279884250861,0.7756422385126099,-0.2136353849280794,0.6731470934783393,-0.30577752966073285,0.6963514318337753,1.1091044588126173,-0.05851880666090525,0.9405153904485243,-0.3765758494502222,-0.14518240376586958,-0.09340364069326977,0.7692996681013364,0.8490136052645343,0.21821711445830794,1.013346326015708,-1.3134001320871531,-1.5157765493274382,-0.039350258513229375,0.3687996745838572
0.8173069578701577,-0.44770155284097746,-0.30832027264813877,0.09855774108738366,0.3368887626231066,-0.7509627590913203,0.3290124757007935,0.11587288934683818,0.021625838341210585,-0.7903304282040343,-0.3096524076234365,1.0335094440238266,1.4231522668479875,0.3089183903727026,-0.29216093063601406,0.5215290313170327,0.6254076453628481,-0.07686617043206326,0.04901790842559546,0.262506113012692,0.6623118058003014,0.6459803196307954
-0.10628749104343019,-0.34282306785444405,0.07530140816311698,-0.11009914589463572,0.04070835606100485,1.061346072503644,0.46242941201442,0.7814262758875725,2.0463565836569204,1.9446808501722816,0.3090188326856266,-0.501877795908072,-0.6949944205032942,-0.7953494683953738,1.1053243450820014,0.32438663552418834,-1.3830458697379087,0.5955343820005149,-0.475302814389988,-0.3107393342553082,-1.0281130626070878,-2.0606091242972866
0.43844540757303563,0.328693845810132,-0.38754592910148744,0.22283522336444794,-0.890571710983878,0.5805373400813473,0.23535772225409593,-0.9214198872154964,0.6651208041123715,1.1340364737904578,-0.15924883922677016,-0.7632110968813071,0.528010933428277,-0.011821818382833103,1.0152158456836065,0.9238192047777117,0.8212312961304288,0.6138224372113692,0.05247946137237551,-0.15857324217311236,-1.2390400331064915,-1.3166655026070715
-1.043247460776075,0.29193874304794365,1.0285408527794373,-0.5241234177672014,-1.7210695403418415,0.957494474685119,-0.8689114808863214,-1.1337056703787167,0.318743210837263,-0.6334731281525733,-0.48409048580283814,-1.3403580407882034,-0.19008931417423644,0.3419650814647989,-0.19239782669484096,0.975835100332868,0.9617016049947479,-0.3671037764709717,0.7844098309614543,1.1963955481766897,-0.38642645247949403,1.2292518114253737
-2.0368611161379446,-1.426960814503713,-0.9523248465613295,0.15798808871698194,2.157584708790317,0.6566161221008487,0.6777335482970588,-1.4441205490079454,-0.2796140755596698,-0.43704374697438847,-0.5859583947020827,-1.0358015342234004,-1.710746273232921,-2.0678077128269226,-0.6035481763838356,0.13047629303356928,0.6667534594696546,0.32744749871103157,0.33916654690202513,-0.6675151785437924,-0.024757553671684418,0.27369300869396
-1.4925867267459694,-0.20316426474389523,-1.279104873129986,-0.654185238185738,0.14532798687042892,0.26404288229339523,0.13067085973833023,2.1745820114385115,0.15210554688721803,0.5258709603357318,2.448616003623261,0.9031189871435612,-0.6404662549792606,-0.41879811295109054,1.381154864600838,1.5820859914741494,0.8534994596919947,0.9226936207180945,-0.7237019883196538,-0.06939855703971731,0.39484006525998017,-0.04295483700436306
