X1,X2,X3,X4,X5,X6,X7,X8,X9,X10,X11,X12,X13,X14,X15,X16,X17,X18,X19,X20,y,mu
0.9082614092677785,0.7125797364440509,0.6848117113946129,-0.47589255691931537,-0.9009648601976709,0.3525400649358224,1.7098258444483305,1.2708716935758886,-0.14175329528358263,0.22265272313228507,2.2135788189406136,1.1954901654785621,1.8637364032652097,0.2907241636472786,0.10891449196194174,0.5910164537871042,0.639604635491816,-0.3439097484039655,-0.8730175568842041,0.4193706208099213,-3.7647809944841497,-3.8026684084935787
1.1915508126507408,1.9053301418284396,2.514914696072771,1.3740411997339514,0.4175141487235956,1.3787495476276939,1.3069108865553816,-0.1973757688111758,-0.9938426290027789,-0.07089726323707991,-0.18897299191138234,-0.11737550818192494,0.8701533861552558,1.0924221430506096,1.6979150884695218,-0.8238017922136179,-0.19245186252588478,0.5053919768508688,-1.069366144525633,-1.1018393344645454,-0.8159906478399632,-1.1508676961959219
-0.8404851623293393,-0.40145141381068594,1.2090371836361968,2.3561323976836666,0.47287249189314606,0.6924482014217446,0.8301572362463971,0.7507723834164697,0.720912690985112,0.6235050688244521,1.7732311296992023,1.8413795731138423,0.0025695793143337736,0.6903994600277209,1.1180177420018076,0.8317785430351331,1.3957315188343817,0.8607426509118655,0.6039814645467751,0.406988123932341,-2.4172565364494703,-2.6181324914523136
-2.0182440858006783,-1.0787490944453426,-1.1180965207943099,-1.5865423497810656,0.4486250891870003,0.6609690644229896,0.30465005829085395,-0.3368090210522462,0.08808587359119094,0.9026517798379057,-0.2648475386558946,-0.13660526237794615,0.6834650089909868,-1.3348936550486177,-0.717303704256147,-0.7304290846479572,-0.48111459892454467,-0.6749803725443394,-0.21830378197645864,1.5567581493104012,1.1517871354130904,1.1694544115600647
-0.323922473928713,0.09066790747510577,1.7728350261891388,0.410090049745197,1.7765999766681033,0.8929098472965955,1.9896223221562206,1.6445043932287993,1.0882158403252078,0.4872700823809001,-0.29680069875957826,-0.0827629417180471,0.7357563490299898,0.3565233421913839,-0.09594172150558591,-0.2651549061761817,0.7269325069376462,1.4244871973231172,0.13447430558912113,-0.5117769164168718,-0.330087390920477,-0.15593783134619874
0.379358919667302,1.5125610330096426,1.7487372359942046,-0.20976719953601347,-0.3335800983094443,-0.9727163683684601,-0.7180308239929409,1.0304444026571493,-0.7167860999596951,-1.760371519265785,-1.597734704917165,-0.5500490718504724,0.2625649082715942,0.5101239115715844,1.2732353818429998,-0.8902592227334168,0.5840000190992676,0.021717533986399296,0.6443514220086874,-0.8239443285882309,-3.8557792325404128,-4.271558243782322
0.004956697009072655,0.20709483800651532,1.1044571779278067,-0.8206421856829458,-0.3836886045781946,-1.1316856335023955,-0.12807040095329852,0.6090540643359794,1.4192491611758504,0.24627548138281816,0.9261394323606479,1.6416450629864694,-0.6022710890953729,0.22917071213731463,0.9446804516558405,0.24827660258631096,-0.9244223750752804,0.35441245189947107,-0.8615988907803794,-0.585256318477464,-1.4908165815358925,-2.07198486544147
-0.04012405780334909,0.5996121012489486,-0.24287279872730458,-0.7143032649051683,-0.2714883150157633,0.735815562238245,2.3488975915725483,-0.1310682189519975,0.20756008880892007,-0.8371868904169945,0.46372297307111054,-0.580941934018872,-0.8747334625731801,-0.9476902649459261,-0.5398353491454417,0.009979654749278708,0.42388752208571057,0.20694891953078162,-1.04824494993397,0.10615881972541182,-1.4877315499129016,-2.02982572342095
-0.052958663663054406,0.9796125087822473,-0.12311350788307579,-1.449167371670032,-0.7540510685468963,0.745302415884416,0.5120311867904217,0.08309647494274296,-0.7121943899285019,1.1661732191035252,-0.30857539342259205,-0.7824975515766347,0.10241531904711658,-1.5561534078695898,0.3257511917139476,0.70344268963624,1.1304782968791385,1.0485826590721166,0.38475427027129777,-0.7283366558602806,-0.737962021005617,-0.14522620418177506
-0.14007544122503068,-0.9146171412839714,-0.036285721930222795,0.6805489675507509,1.6192282749217475,1.1315743584840707,1.3664929257669756,0.42591157184058476,-0.20124436564429382,0.30958970768443006,-0.17990047180473023,0.14317149556055717,-0.8474336464827431,-1.1872287929454728,-0.0433337999890161,0.7462292305909838,-0.4804886664277237,0.3405246958271371,-0.29110027843795155,-0.1312562373352496,0.3366962956134044,-0.3157592133087601
1.4169444157913555,1.4077766657910555,1.3931336926832794,2.3496277872650957,0.5652365030827621,-0.5711745217578168,-0.9109634915353112,-0.6758861233074511,-2.377043708128313,-1.3681599765045962,-1.1556920762310496,0.1009098309160318,0.3556590504664488,-0.34238901438330327,0.3397265721315386,0.7962274694921994,-0.26746644318580937,-0.5607047514358979,-2.207573428392826,-2.048325958890601,-3.5195913893027955,-3.340623762203973
-0.7424695604239496,-0.307004987169172,-0.9722279102087096,-0.9307764195123065,-1.526555708043773,-0.6150888709523824,0.061135218196340504,0.37902622243235784,0.20021816546544047,-1.234499281324814,-1.154145262762413,-0.9298105567398541,-0.814169264586439,-0.3421489927070355,1.0634805462665022,1.235036223635008,-0.23769737222145562,0.46866543789762316,0.7888508354507333,-0.3036494910159658,-2.0642914938919663,-1.686776725119549
0.8488659226358635,0.28554272041530493,-1.0782841803003105,-0.1449249667413554,0.11543196753079264,-0.1394586269832334,-0.10216463653714715,-0.6738286104789777,0.19147421067346132,0.0581077520410644,0.1732028033103945,0.3958953809672247,-0.8019527824546894,-1.1754482063502956,-2.501592146156537,-0.7617149306332945,-1.4306621406046853,-0.6005223337595791,0.021024060422950075,0.5321648907342933,-0.49626760834923833,-0.41160375996500165
-1.2040169138366612,-0.658440073579315,1.117285239057538,2.0432826824760504,1.8766882224081392,1.2306217430238062,-0.25513679473515416,0.4947761859310381,0.1105376945329941,0.5407005731927529,-0.27770822192504735,-0.2886185798371824,-0.0021535061280375215,0.21220633056529387,0.5336795784308466,-0.23475778112837745,-1.2806973506009205,0.7667564449436228,2.5391355693232205,1.6570454867410567,0.2556829872406712,-0.15988123038369487
-1.3239920947307726,-1.3316026606332907,-0.2248925820047143,1.0489938981262168,-0.5258971524640162,-0.37062395761072553,-0.015629833580742637,0.7409319855883137,0.07289871627454621,-1.3178538913597642,-0.12095407842342334,0.9136248407012703,0.38528611634292637,0.5435912718750983,-0.13912582261978088,-0.8020236373726126,0.48789889576554507,0.5795306959507716,0.714437012275741,1.6580883837114282,0.09516094904700487,-0.1750711429670264
-1.0548423343191007,-1.0054899389418015,-0.3659706772748723,-0.671694938231018,0.34236866506305186,0.008891846578676504,-0.855112702093326,-0.37059640948406897,-0.03778050197385604,0.7905681599435148,0.7357540893639286,0.7672415344632085,0.6610015022027239,0.16749526609787205,-0.5365163153138386,-0.01811680753205456,-0.29755291365141096,1.314652860367215,1.8196903939669018,1.4578999621085282,0.6976238308689592,0.825317036796093
0.3784669392931748,0.11305869700386476,-1.0356358401609675,-0.7050285570692968,-0.26469927366090745,0.06636549910154574,0.43981317138733844,1.017801942329882,-0.09052203825494895,-0.6368218476760524,0.9380678180713343,1.1367235511267506,0.2299442126144132,0.022124510425292312,-0.07789063193078839,-0.011601323967438164,0.40355490383462583,2.3971455684505987,1.3629067867256055,1.2552802241320213,-2.0301682854812837,-2.4490012189202712
-1.686476706190986,-1.2631740651363617,0.4325979763370101,0.5647143374163937,-3.518727561908942,-1.1756425650054858,1.0733578118815652,-1.1918277672475834,0.7199144416844616,-2.0406267734460144,-0.20798247158147024,-0.11148116562571381,-2.090875353378575,-0.6590709847087606,0.6671209660967864,0.6486958724644788,0.8308235267613019,0.05888979196317243,-1.5825659183850225,-0.1921111398825553,-2.4629465559189962,-2.5328768462987137
1.7497539194471705,1.8531226751130319,-0.7949896304494025,-1.7094318559202837,-1.5873454831385294,-2.17322994998351,-1.0483453820640831,-0.18346460949514085,-1.3303679818828202,0.00782899679644441,0.5244857842345586,-0.21247683531435585,-0.2556468402304591,-1.816400770560827,-1.1959478533403292,-0.5915783514668145,-0.14964947143814383,0.25329229499797645,0.3381657018012173,-0.05984550626209686,-3.6136909506988464,-3.3272052179291594
0.2861949425544598,1.0108826328892433,0.4227375589453536,0.4864140230453387,0.08197814180568044,-0.5191205808929258,0.19326678422727883,-0.38420638037866134,0.14230983566314007,0.09562478735243397,-0.21540275728146846,-0.39188140734957666,-0.6359863913031105,-1.7432988202597404,-0.5400525307341582,-0.06950083251047065,0.7010856072055769,-0.10971237481235466,1.5865941821753415,0.46443611351835745,-1.5648008787593626,-1.210783237280116
-0.8751096421951334,-1.2981112050390977,-2.150676451908079,0.25195646340911915,1.3133574224107714,1.1769392834638486,-0.1875660298498052,1.4748208103608627,0.4328126763036155,-0.01657686596468921,1.2364144424963517,1.1888405262307096,2.500631497627705,1.4657155447357184,0.38901901384740545,-0.33532906431207066,-1.7672101422968425,-1.1248760877846868,0.4288088645356046,0.7330100384419662,1.5926205457673228,1.387503123556513
0.020308006560415967,-0.8514845001656026,-0.2292644530497882,0.7624901714759423,0.7542589037398488,0.5215263444765929,-0.4294224012443302,0.5362902800997986,-2.44416399522022,-0.8905278880009487,1.780700187404724,-0.41593957812197485,-0.41700186852927107,-0.21535205268160282,-0.5082844946682198,0.6433841745508371,0.7308466677505784,0.497319325506939,0.9391179544668363,0.4840655168205012,3.0819745513556187,3.1232334192634195
3.179864488825104,1.7210025337426869,1.0296205250678157,-0.9664985207595164,-0.9538910495188958,0.5167126954156271,-0.8981832103634159,-2.317590928245357,-1.1308094451377058,0.621694843003437,0.34755064219540055,-0.11731712361392994,-1.668156328518753,-0.44241460503163316,0.35147374066743714,-1.3672887366378366,0.298889553672486,0.8125565538227925,1.3868926482678934,1.1987938774070357,0.5716761920314989,1.259428768738317
0.6536827088116454,0.7777988809630408,1.1410185333855283,-1.0045811647006762,-1.8022461844568844,-1.5385246311784906,-0.8816898821810022,-0.10470850535853028,0.22882830715965907,1.0818561650166008,1.535554187206062,0.012269427936075173,0.21274768600849345,-0.6278698154534934,-0.4769616251277654,0.04019868775102821,-2.93193190853842,0.6222326387862768,0.8016406229423134,-0.11507385815520778,-2.1328124112599123,-2.556393157794664
1.9273697552311917,0.6628006579067748,0.4461654835746931,-0.1987719246024707,1.3312809357707027,0.574721045214581,0.4168175513097462,1.2509147007980186,1.1322029853166728,0.5190346876053218,1.221144133997961,2.8089630307655393,1.679367027468452,0.9408007159798728,0.6181677469777684,1.4439491110783869,0.2030540951093968,-0.13950302947474738,-1.4012161655512603,-1.7258677265458005,-1.7265499689482982,-1.486412454636088
-0.5178000026982293,-0.30734285921656146,1.3783996719214138,1.1533832212709936,-0.2131915494356963,-0.7370453685024965,0.822044599247117,1.3866954817029014,0.7177262782192317,-0.024376021894287375,0.9620324023254105,-0.3792303248504439,0.14989312134917504,2.0431269809287333,1.1994067281044503,-0.07199414840502225,0.31939264722984756,-0.24734316705312548,-1.3310113200361318,-0.058390651777400195,-0.01182378915065696,-0.8078836131450542
1.1178344005502812,0.2896641240534315,-0.18186361495449704,-0.9236718635891489,-0.5916839707307142,-0.7828672912623346,-1.267013636373025,1.0051594571905846,0.9065743585825689,0.9489958838467855,1.239544410311404,1.2875091561075849,0.2859908643749039,0.3790329275492599,-0.043470769987882955,0.3579852526985259,0.4749056138306382,-0.09394070001233346,-1.198176813275395,-0.4724434003300228,-2.931456960598897,-2.2299619680215415
-0.20426948780740106,-1.739245133029837,-0.42997457812568685,0.6210235034827327,2.500132689096465,0.9112793687737507,-0.010898503345674717,-0.966236047526419,-0.30242883245065305,0.023998267785681496,-0.6906041020303911,-0.49679577271119324,-1.9619726194791844,-0.17872051263897892,-0.7567880733664609,-0.4084073174089313,-1.4397564049614866,-1.2242112135993704,-0.8542386484191242,-0.43689748450773014,1.3934357990582444,1.48379009725325
0.47973251552275165,1.486141838014453,1.377617209076033,1.5220675415235845,2.013396666490123,1.500079831379509,0.7182505517816642,1.2330418219698005,1.5457742111244879,1.3345615972674212,-0.5924636534468924,-1.0249576955755213,-0.7505094842122833,0.299916867176223,0.13147189239271267,1.0502930635310763,1.6641748642461809,1.8705995214657487,1.9793285148656126,0.09160119242729377,1.2675084885856465,1.6174973308052603
0.48263549945601714,-0.2848178332768584,-1.5705422521219414,-1.0342284292752513,0.6301416509290089,0.7140851108173684,2.1045167312148916,1.2057441737249996,2.7227314549291224,1.5151036184719888,0.7770203167896415,-0.7194741590961379,0.602038466043468,-0.13383388452026104,-0.6272766354470183,0.7959398986012345,1.4010202037170223,1.6808953442520136,0.526780949007983,0.2192440801699221,-2.9966611500653264,-2.508949889876657
-0.059854397695881384,0.6477534245381319,1.6693031816076884,1.1534758599207635,2.287043779588489,1.9205150479439783,0.7569152838750212,1.0961427720518595,2.0254590047275856,2.743298526040425,2.3995273189745894,1.2219983885827417,0.4233373314500571,0.710559490155224,1.8049841832704472,1.2781471708495622,1.0327097332929425,0.5608667141848594,-0.0035286328203409626,-0.14217691799378784,-8.290708367843934,-8.047313009464744
0.13542598524559774,1.5556312356096056,0.5702173959588068,0.3306720922646707,-0.584102991647899,0.32856921288395446,1.3478634940358356,2.0807881500099517,1.2165129196192177,1.1056618599021277,0.4198524501920837,0.6672038153846866,0.6055037056596402,0.3532102923254031,0.29590334313986566,0.5393278495253496,0.014920443600896059,-0.202548160475367,1.377344797059808,3.036074758497669,-1.0845263431078216,-1.9698101476263123
-1.204366948534646,-1.6929175325922794,-1.6753774304820734,-0.9271391065805781,0.31219912548368833,0.6681396306178456,0.4830531500025067,0.6995981956316931,-0.24956509543266223,-0.3361990696961459,-0.18550192421896186,-1.4647225566640139,-1.738085417295806,-1.840347409736949,-0.25843657191652475,0.08326533244941063,0.5708271887560449,-1.3077743609913945,-1.938693618824687,-0.3949853899668028,0.07619438668929461,0.0045093016495428295
-2.7786696416674403,-0.3287746869297983,-1.7434263089133355,-0.1413550538961333,-0.8402143854009873,0.488270070763244,3.022483886263318,-0.4573876318712348,0.37352045932468614,-1.379154614487348,-0.31998457905625843,-0.33906223595993573,-0.05713632976565477,-0.818111640465453,0.2669126092904236,-1.12085837680894,0.514860223552949,-0.0969910502555264,-1.2632612854112177,0.74962516374065,-1.6506167326965122,-1.2547627132977979
-0.06734265280918679,1.6183898851725922,1.8669203776392624,0.24224573255186238,0.04751953960252359,0.1285817003717817,1.3861081952526595,1.0719555520073643,0.688651664372835,0.17122503206109263,0.04182883864046705,1.1507243070947581,0.5785710814671743,-0.052792130636453286,-0.5152736113582082,-0.7372114966318918,-1.5828564994341183,-1.4412723291001028,0.5770338597103242,0.10959672179961522,-1.817534344647989,-0.9032201394792865
0.7044116685564507,-1.794460280022295,-0.4050581091868681,-0.34226459554685146,-0.5880715879954223,-0.13731987380285215,-0.4980572025409715,-2.0883582363556883,-0.24548897253315796,0.08771489542634245,-0.22802469342528187,-0.9507534236928077,-1.7483106607391805,-0.6802585583255744,1.0571515798997668,0.7045231200042179,-0.8452451182531648,-0.22766575469355788,-0.16002923776572803,0.6682691112760962,1.0039467725463216,1.8646280457201647
0.6067331774120299,-2.282431577027666,-0.6690221882612437,-1.203549754936805,-1.8330280848539007,-1.0797368037476611,-0.18395698123197085,-1.5128963439941574,-0.1462670959163639,0.587937285699864,0.3346512222180548,-0.5840584935919261,-1.1401954783317982,0.31838554934260305,-1.1495644626112016,0.3470762293435764,0.03047144618026826,-0.06775938815952463,-1.5131270388607498,-0.883623848278496,3.048763919480991,3.3169954915403586
0.6135855160116828,-0.850572327949039,0.006545164304795093,0.08035945508631241,-0.5173289878649825,0.48150411090082157,-1.6664582521433393,-0.5329947906550859,1.1359745913465649,1.8150146341396693,1.2450898396215464,0.36128170384761177,-0.3699803138378192,-0.44733158990261646,0.24728509650826813,-0.5754510943222403,0.3682227207029249,2.0314825592934156,0.962148825956742,-0.683205639381689,-2.578864717749818,-2.262020725680488
-1.3447447463170852,0.00015312232879274217,-0.05166514759489058,0.7335252570177646,-0.09537818759344045,0.6716519993552329,0.19873489407148126,-0.5349996732503585,-0.6147747061468264,-1.3440668345813749,1.050802497704512,0.4419321498465727,0.7791316488195654,-0.07537648316481224,-0.9486844583650168,-0.6768886930870855,0.6152163618215163,-0.14335877899934604,-0.8255821926902566,-0.2781551113406833,0.8229084357747417,0.9349337888919844
0.49902260071799365,1.6722595491475365,1.1424866754445533,1.1289573571817721,1.1873893060771026,-0.404845958670571,-1.0366930246422015,-1.4570282341875151,-1.8821861830666766,-0.25220463220303485,0.1250884316490498,0.13138982596246063,-2.179663454170519,0.6902634493724793,-0.4293305488057947,1.5622566960511974,-0.47395159043884555,-0.9405358365930431,-2.3779914442618457,-0.8753862936181851,-1.134528336115014,0.0015635641029116965
-1.101256820811783,-1.4798738021199074,-1.928569080188665,-0.29107530800154363,0.470607942126029,1.8045713532565042,0.3084463232343263,0.3437262957843791,-0.9447338870523814,-0.7625192484735857,-0.8305928461729691,-0.013070961108212634,0.8742312400072526,1.2954045511084116,-0.08219456280871129,0.823601288863787,0.373621795766613,-0.0942982599532901,-0.6607380764352357,-0.8152876606229364,2.023278267967417,2.0691190654906837
1.7423138461971046,1.1373824562785735,0.719909523877013,0.13284232038255658,2.184700774811914,2.2225226229516393,0.48680320235226016,0.00644401294427543,-0.18231921070926427,0.03516923353861988,-0.5896949066440629,0.08517880351028698,1.3001346126358766,-0.4875680072067672,-1.2207877371216938,-1.0288214515038006,-0.8926867770655698,1.2843788275951757,1.5096950455351028,1.5726546690635452,-0.2670712897700134,-0.7809361773435672
-0.2643656935135327,-0.38013753047828974,-1.4472825323722622,-0.046634369535078705,0.40194857764210007,1.3146806758329292,0.47475645027653784,0.11459388280187663,0.20456068893460574,0.8746863024307426,-0.8359009265633635,0.21949284714848694,0.09199674606728911,-0.8708083944079625,-2.2407257358784762,-1.2385525693735453,0.6344799362182518,1.7675594328358235,1.1915445427581552,2.2949190186366266,1.0602741465952277,0.2488535229131299
-0.04294108295676636,0.8041145517629052,0.011279863115376784,-0.4400157360204808,-0.8067479745246238,-2.1878444007062647,0.02073239377733588,-0.545303795298233,-0.9667182404953263,-1.5052445722708725,-0.9296027496783974,1.062427765485446,2.344479557462278,-0.2661131280199668,-0.4400175328452254,-1.1157888719261213,0.2980311554463561,0.3972128702400518,-0.35267877366150907,-0.11348925540761681,-2.565863550147345,-1.618640476188775
-0.4774186214079473,1.159268814985903,1.0533152423379197,1.1067417197325595,-1.7562474259092484,-0.9359644055040828,1.3361314092367684,1.8165271679669404,-0.6913629204912906,-0.6171161935510886,-1.3491044774033543,0.8073051810296892,0.6152037885577958,-0.35732856536211316,-0.1490826358332308,-2.332586103043677,-2.105897102437589,-1.0213873588440028,0.22168267301393027,-1.5703860086576686,-2.4935646264991265,-2.0928682468795485
-0.3811553077026199,0.6838358455457612,-0.9150775285433786,-0.2590606072362602,-0.07239470792636044,1.448499555214941,0.524945988041395,0.11386251652328504,0.797348123716252,-0.7499775789497108,-0.566279257616658,-0.6778090653363512,-0.45920569135637546,0.5051386918588683,0.7324872698094175,-0.282134263645964,-0.022682149063990898,1.2794192261375381,-0.08027420192615965,0.08558101864691468,-1.3658764990768757,-0.9387595685896082
-0.19316067693872516,-0.15114428274980116,-1.487763067118751,0.47787493699239814,-0.43167094914311077,0.6727689176937399,-0.20174346904072157,-0.6425746532475239,0.7293082262021212,1.2253834281431837,0.7934016834774947,1.0558765539759418,0.27804423895265207,0.1317755413025171,-0.5070957609863269,0.5293953322729864,-0.3358158939782482,1.118275176320173,0.285617175010903,0.16056952493893362,-0.01762983854292821,-0.09049055230575322
0.7587280206547137,0.4000312053237844,-0.057980565508013844,-0.05499135126518913,0.7465737249177166,-0.20076000086748896,-0.20970445562982115,-0.09594366061877276,0.700780912754118,0.26392182615346876,1.6979938665500576,0.7134305483003149,0.15087520522718925,-0.07268055957049693,-1.1765852046789733,-1.4861243884178328,-1.2026332016700312,0.38234090264696197,0.16248244238802925,-0.3384729588100403,-2.6387538995429534,-2.028867665604727
1.2265347456072087,1.9566261756583185,2.0655061904407153,0.29395548589897413,-0.28192014332727466,1.429781440990663,0.9237238196272328,0.23009007287301342,0.7371526197064463,1.2409228913940331,0.1255716002904282,0.25282637891596904,0.928837747532767,-0.5404192703207645,-0.25951815540732714,-1.0948488269609211,-1.3992301104860674,-1.1872740272138012,-0.18043937316071806,-0.3690994635749338,1.3121358912221095,0.471004266858769
-0.6484181249687303,-0.2795615009635755,-1.1330796103552814,-0.19518532530799046,0.8822170147078877,0.37251579577523153,0.010758721638192355,0.3287881935023996,-1.592311950758454,-0.33125842076896506,2.5206826952988095,1.1541006237219007,0.473885006435915,0.8809250557368263,1.8653624162050393,1.7770281292551888,-0.9782962528003569,-0.0012304205199636224,2.2267416322798406,1.652420574990759,1.8239568798314916,1.8021956439886218
-1.1546019132723269,-0.33322934234983587,-1.2757223651402354,0.4297781302175212,-0.6129295391600393,-0.24216789586683057,-0.8639432205172837,-0.905209509943762,0.8344394581953465,0.5068162620983474,-0.23087541705686326,-1.1072342244413427,-2.1745581477443667,-2.170919889766139,-0.9885003976029993,0.35465714656033,-0.3079500542069548,1.2061556288717303,-0.018295778441264756,-0.21527208763286731,-1.5118902475613476,-1.4503171029117417
-1.0795767203377917,0.31823647106565717,1.975615712003863,-0.5379703889895942,-0.5687703397582509,0.8109463078619145,-0.8476184255175087,0.06695344659526835,1.0913026786944167,0.6133994798875174,0.7832415381427043,1.916606969043448,2.6456903777818814,1.2691800082001867,0.17353726219448548,-0.7099575160693645,0.49109701482450074,-0.9424439739268505,-0.6899575201996128,-0.25604680974421357,1.3416780061352338,0.5453211392438451
-0.5030025127190061,-0.009169798358794128,2.2163487828073487,1.002866923097623,0.12436112724574548,0.9414837168093417,0.6782273805655304,1.5856150327283842,0.9354311788161498,0.2525747804152609,-1.4184636762459535,-2.111963230355092,-2.6457433147816327,-0.9943543027369218,-1.6769198072270213,0.2489019916911175,0.15064528938732527,-0.13614943052043188,-0.7988746475000688,0.13945455998000658,-0.3158988834177934,-0.3078750713761193
-0.8044978195428136,-1.2556112936266384,0.40133557301756007,0.5077787204590452,0.050434507269591033,0.5807145132400686,0.2980924856369146,0.4807453610933978,-0.4670383539392869,1.5594986143088843,0.27778369060450236,1.4864415131457418,0.5796555350906247,0.9887943730243485,1.1302533887243713,1.5583294486972998,0.051163238919780994,0.9571092021785153,2.077618418539228,0.8147745174642328,1.6643068539656067,1.4641551507162625
0.03470606714213976,-0.43596505634280946,-0.5180051233555213,1.2231330588150786,-0.2581260815803579,-0.9449618738965135,0.9226001969684409,1.0021749011966457,2.3373819516990553,0.7785996726447313,0.498662509189241,-0.32283176240697503,-0.037313428762099844,-1.5550695230006912,-0.18434671499768251,0.18796341627125007,0.04413790833367227,-0.3159964676678767,-0.9328779170325536,0.16377890996708655,-2.477942531541594,-2.1025433948955694
-1.171089985703992,-0.14223012892299178,1.725412542360758,2.1492056182138923,-0.2288762251935915,-0.5792669080315993,0.0753535937495014,-0.023189133016767373,-1.223515468743139,-0.2780643319110683,-0.14770705159352335,1.5840009091655263,0.5726979651473915,1.2978695859737372,-0.4483959529659369,-1.1144801437879597,0.0677375182470173,0.9724071459930006,-0.3429228491836763,-0.15060977891895636,0.040001526267380516,0.7252525587945723
-1.3815791735297687,-0.8477305600142729,0.300931113350103,-0.22621955316959882,-0.3287801583560488,-1.142821595181835,-1.1329056545472975,0.9561158888403462,0.5412127532144771,-0.59741761172339,-0.5713093108890873,-1.6690675560827022,-1.71282183492879,0.32167785432889484,0.03744552805196386,1.6561431282328984,0.7454979137817687,0.3415904919940355,0.7258258684320316,-1.9516158058271167,-0.9294068118664292,-0.6242259961143137
0.2049393236536773,0.06004611872373356,1.3169704921588035,1.4939221079323144,-0.23484474577794678,0.9583012258657728,0.2519795699971752,-0.6572896855090844,-0.15794842033091933,-0.2545776232795884,1.2050612331513386,0.8975179463370015,0.6268648231706276,1.093415665183004,1.4931624169350646,1.4252031266638285,1.941892990534318,1.498080927686929,0.8942308912782284,1.520269931068093,1.181736843272489,0.08824892380007693
-0.09089614008218418,-0.016655742299211164,1.4826014737996474,2.145928234720153,1.0658836608671,0.1401546425600616,1.3372227426061039,1.3617940029127855,0.9541983845492293,0.19834924846476185,0.3864322877480292,0.17441606613402147,-0.4881257071475788,-0.13230891885326818,0.1637095068726233,-0.24324691097239193,0.6611125514434788,1.446717868683736,1.5633149761193486,0.542419368709166,-1.9326188866055918,-2.2491293607490697
0.7558215041887498,0.4454273028089837,-0.8474737586590196,0.15886385232285383,0.20598563952656765,2.3490712754914673,2.4365692255394005,1.8341587145799603,1.1328673412790162,0.7082213026846014,-0.5151098697140426,-1.763562050469481,-1.6374393800025189,-0.8600438399292264,-2.2534724235610364,-1.5981327117213722,-1.0135055328544211,-0.6933176343953569,-0.9197282635126113,-0.7556237707537862,0.20416012347476953,0.06689270491924454
1.7238938281247238,1.4353815488288382,0.23245606785967757,0.05703711291617027,0.003998488517365377,-0.6630696703351232,-0.9976211425521083,0.37632890146243503,-0.17537948431106865,-1.0357246227558585,-0.5552229452694671,-0.17541202853047236,-1.796117986571462,-0.9333463742660013,0.285019485988392,0.5332858537899702,2.1977021418896276,2.1823436655423745,2.3459855066133803,3.597938306589207,-5.412452569684089,-4.924265874591489
0.758156261774977,0.5203010735573568,1.103434367579334,0.06740422574683246,0.12696120119650767,-0.4974679930415151,0.09593074064326933,-0.5166044608621755,-0.8531997618949899,-0.06852150533102398,-0.1535223587735776,-1.746043449250236,-2.1335709951355923,-2.0603474240840542,-1.7948498135646722,-0.5385237755320981,-0.07965528432681734,0.8827313558562657,1.09331118061087,1.4749507807515936,-1.8001916087766,-2.255817009268523
0.6083961914594271,0.48578570405076016,1.1949593885418455,1.3937145284822494,1.0225654067882675,1.6120632335955305,-1.2254805931114543,-0.8642887842240753,-0.6969667036015625,0.6497693026066127,1.6857526380429118,-0.41301585562670345,1.0155986939884758,-0.5067019432471586,-1.2416723654654953,-0.8237335526912347,-0.6874416648611551,-1.693349786362973,-0.2838640587756047,0.446447729818295,0.25004658908935273,0.9288932262462485
1.0540415961641978,0.15163747108786624,0.04153909882725559,-0.0055811483571981445,1.4590563596066553,-1.7249998025035638,-1.6912380174833612,-0.8408204981250516,-1.3605416500923788,-0.903982816757209,-0.5611760256706368,-0.8501608907661343,-0.36924871762302486,0.3593688730960175,-0.02492830691121175,-0.4049423059340521,-0.3460277818453475,-0.179453956029011,-1.5968879322984586,-0.39872654797718554,-0.5200199019353163,0.2635083229058742
-0.4510012294470199,0.8670208078290986,0.9453777288157176,1.485996094577295,-0.13255692139231043,-0.387908726590327,-1.2699549765815514,-1.2456909897488233,0.46150961096763815,1.5189594338550467,-0.23483288330555424,-0.5142965444023115,-0.32313565983211345,0.3455815324911711,-1.351249627819213,-2.063863606781901,-0.6079031244391571,-1.9918684758598577,-1.382872141990381,-0.5510604470374956,2.927528363177677,3.2069719246185
0.4156659699333251,0.08510151404944366,-0.2742038532754695,0.5943178931736205,0.5441545241291486,-0.2882555692168139,-0.11145879777685207,0.2761047086753468,1.6260894551640848,1.4940209999190939,1.798847591556642,0.3706222788430273,-0.26864457362490135,-0.33816734013096594,-0.2934212293426672,-1.019685835778018,0.5864877622156538,1.0582488398814365,0.2643996266783863,0.6879375372648294,-3.6262171396887557,-4.6034625956694795
0.22289916300394938,0.7348388993438136,-0.79678466979106,-0.5245385246263422,-0.31253210187779973,0.3838238501947392,-0.35233100222052505,-2.341169015868285,-2.1073639427133446,-1.1065510778316072,-0.4979501767287433,1.2091935594043992,1.1092700012765229,0.6252422936300923,0.28456947826123763,1.0985355985270098,0.03821715665537855,-0.10238074559453386,-0.9945155761162233,0.7315508956970743,3.3075665376212275,2.3586194214249216
0.39249893700181,-0.41648367960851607,-0.3073627863299969,0.2876891148302016,-0.07328439021207839,-0.49950733108585527,-0.8163712986332049,-0.11463603365815346,-0.36740211855971056,-0.5766667847481955,-1.4453968132776034,-0.6554596950009757,-0.4846739492556303,-0.520892615637198,-0.08830585158559606,0.6036360358251568,0.9093915390311174,0.933372692690437,0.25825977111031184,-0.36190507727373317,-1.096469699147256,-0.870851235021984
-1.0439156413229593,-1.0356464244362156,-0.5008057306427008,-0.9313466213161208,-0.3824853879669757,-1.027352703309245,-1.9521375230152476,-0.26644224482069884,-0.5440762139241015,-0.9969305144767651,-1.4457646694592567,-0.3565224338974529,1.0124437890424065,0.15714969128731965,-0.10810851293956163,0.8740061403793118,-1.1308889019589792,1.1379137596923683,2.685609831058675,-1.000952136167034,-0.5492415238176693,-0.21214201471867727
-0.09750322891680575,-0.6713780080333355,-0.5649880838249368,-0.644826140764128,0.38059093065504157,0.09280706619103994,-0.742465254892748,-0.520349351282271,0.1856415510365704,-0.9323119653290464,-1.891836177878801,0.7798477997949292,-0.16643392480054417,-0.20216813835797875,-0.4455849961328834,0.2518653771712065,1.6612137975564714,1.332844338229495,-0.6485206208772227,-1.5229463602012967,-2.1456721085621067,-1.3254910882822166
-0.398964775327116,-0.4317791525977412,-1.70714311980618,-0.14400150867032113,-1.0127819541150618,0.7868461112560645,1.9701371357666797,0.7700747020434149,0.7651988091906472,-0.6842981858524071,0.19797044954482823,-0.33246206989540383,-1.1078044433354568,-0.8044736716980659,-0.8055864428902546,-0.6843895247257265,0.48025215894051354,-0.43997024553820413,1.2825888711870626,-0.5062408679644637,-1.0889977863972176,-1.1280131491572598
1.6154302731794032,-0.07260888519975507,-0.03718192771594153,-0.4431132509666885,-0.5192343870441686,0.4343785306690885,1.516077373011966,1.7890633248305359,0.5439157937232529,0.43152760024428805,-0.4615355062130453,-1.0894755129268732,-1.5374634612058296,-1.1476813304687914,-0.3576758478473782,-1.8345184196102209,-0.9574026937984517,0.834214923737251,1.3887109484737106,0.18757119807355563,-1.580721050217362,-1.6617274262114219
-1.3968729092834846,-0.3002117278121883,-2.1570576000354476,-0.11710713354533264,-0.2435257312300865,1.4641897339650172,-0.7635011149879429,0.4133873979264601,0.11965049297670696,-0.22687292370298892,-1.299755701934114,-0.13394502950208792,0.5185796369142327,1.8052558439623514,1.7756250579097266,0.3734840868892702,-0.6826284558771946,-1.5264625742307754,0.5126184216839532,-0.41760948791584096,2.526741299164104,2.131963172065648
1.4802298689720472,1.194840660689153,0.8831246065865709,0.17580654899919188,0.6600628007524655,0.31663332674324524,-0.1614314264554931,0.5220421131658786,0.1363375525605067,-0.6232094228326928,0.20786051400357572,0.048517053749255135,0.44766701722182467,-0.16922065848242993,-1.1317400953525176,0.9367480813079828,1.8077788121582505,1.6692696340143747,0.49878091161322236,-0.010692538163923711,-2.0831964504328084,-2.5385502070953905
1.382327445897156,0.38473792179224925,-0.35544063589808,1.4436824729999633,0.6805511530277066,1.8717768357039888,-0.27515450125423746,0.31118402172250276,1.9492021551199408,1.0003659782148748,0.27154839209010573,-0.8755286299138614,0.49957226579509223,-0.4171643508382714,-0.2906887963466953,-1.2144547335043903,0.7410829079488324,1.370701471520277,0.6579975405687171,-0.6705235276855056,-0.7576384407659086,-0.6589274819335921
1.5359070492434002,0.45104735294712534,-0.7316117920605315,-1.8918448592982668,-1.5053446438275568,-2.012425889338684,-1.5455916111039927,-0.12811893136987312,-0.3891655442730331,0.11345673273243595,-0.56969782422719,-0.228410845100792,1.5493434875278593,0.4728739473260707,0.5693626326047037,-1.071105033002887,0.780898001961825,-0.022824062540897198,0.8983767970800027,0.34251113316641346,1.458773439190844,1.180759501811052
0.6115793650211122,0.8869034907305176,0.051626917649675634,0.9714321707513721,-0.17158408793139343,0.587918753052388,-0.04396832091393234,0.2807419031536513,-0.2597267248331435,-0.08658289874146866,-0.9740034963237444,-0.27261111053630205,-0.09803776765502645,-0.5168055835991412,-0.30605840861189126,-0.03697792372358079,-0.5522698277916182,-0.38764311143254215,-1.0646550813566724,1.499136861560642,-1.0510445444314978,-0.7007251105082296
1.0591186602087146,0.766065763204739,1.398112452902023,-1.0150266988625125,-2.722528977140932,-1.7070606915487572,-2.047401914880908,-1.2286073522878223,-0.4361998009314777,0.5790024371092861,-0.6962643080419355,-0.0020418276735938343,0.011440925985479097,0.3066723534466333,-0.29679953680447074,1.0494303995866014,0.4350740807408924,1.754023916868811,0.1925153054810242,0.7395649997686332,1.5513946891002806,1.2828734224199376
-0.05966848056055843,-0.31366749901160773,0.3907673985423435,-0.06370813384616884,-2.3371836728966873,-3.8211134395595328,-0.8086068046328184,0.6611316754282285,1.9650510427749768,0.9673456130901795,-0.6357817698018746,-0.6812611516537538,-0.33073665529780394,-1.0374890124625111,0.9089630839027776,2.3939479275719338,1.6111772007571754,0.7961803197573868,-0.7233841405430695,0.9775589690748159,-0.38262546145867704,-0.12900942236639767
0.07630681084908464,-0.21227030946933928,0.3105738297008203,-0.3519541485443507,-0.04877944316299898,-1.2736026585319056,0.30464379275689424,0.06189928231866916,1.0345006243965564,0.3430612725665169,0.053578228488308455,-1.023108576108097,0.14641455128328004,-0.6852923741928227,-0.7639003192559036,-0.3810432698777038,-0.08553841231075107,-1.520292497704157,-0.9600299917063364,0.20867457535004824,0.12759975876046079,-0.10212949922300812
-0.37833803452409176,-0.38379242544779596,-0.051248446965542656,-0.1347091579403334,-0.9598071830321865,-0.5113802579401546,0.6052024894762942,-0.6077438294436572,-0.6281827442734071,-1.5106191973295884,0.059951085125466375,-0.050009010807457684,-0.7612989863951887,-0.30074513957762816,-1.1927209318896077,-1.4913938508872664,-2.0102096552131763,-1.9289627475610178,0.2110074554763132,-0.5293953711339401,0.5919057322443236,0.402655069601641
0.46622512265171195,-0.4911457135778072,0.41220266207462647,-0.6825117481363532,-0.307283492088054,-0.10787116907421862,1.96200297187495,1.5269658005155298,0.25001296184204935,0.7182762862794089,2.2108515523043826,-0.3058804771335748,-0.8825510896631747,-0.64643484911791,-0.6844264248834632,-0.6303889664748373,-1.4446927576772493,0.49351522933439784,-0.9852575712575669,-0.6660181649242484,-4.23399029054338,-4.268392103390912
1.0458305917612207,0.49677444278215305,-0.5997930074657073,-1.467883883618761,-0.9331270884188242,-1.1221703796522342,-0.38334985076433925,-1.405367221475297,0.0014259915930286324,0.10078181825173317,0.21479404919802272,1.3554061233596304,0.2985610384261625,-0.4792951769170168,-0.7140248058760147,-0.5237453030484424,-0.34065056126604504,-0.8897306233969394,-2.1969085348477484,-1.5842330319037818,1.935171810960608,1.5379019518809307
0.35982566628706975,0.2979159878356176,1.1878026380109359,2.287402342837463,1.8013035074526313,2.0979497513087804,1.7130208917228409,2.3373266394074355,2.771549585687057,2.209507993932661,1.7164971484989535,0.6805122996773049,0.30445701440062034,-0.14034720409597776,0.46784607512977816,-0.38991666235544714,-0.3604611636678058,-2.2198675326279798,0.38230585556586194,0.00021633837325512378,-6.0751621788281245,-5.289962643147781
0.4555804373368047,1.490270529588251,1.0051970102073156,1.7534368429135017,-0.1986580687077722,1.9768599946782714,1.929895045942951,1.146122195999453,1.807216002462444,-0.10845949778597146,-0.30417756581706706,1.0986687498028815,-1.0675871721501493,-0.04842291521076531,0.4366666161090292,1.923732891211783,-0.4090131609341031,1.189474805644817,0.11022152657996699,-0.33201078472564405,-0.7754292907393118,-0.2429711816288418
-1.2220043869604043,-1.5531096934853943,-0.4270942428519502,-1.176854817067852,0.05267763043431058,-0.5478066233061044,-1.3244214031677943,-1.1193068306810252,-0.2680564336420858,-0.37422318747617966,-0.15748476219522992,0.5241909671572015,1.1994999582804862,0.33119956430657227,-0.7387230105272315,-0.30346175342831944,0.2558636211328937,-1.1370934123573853,-1.339836116208257,-1.2927521800769164,3.063666530871607,3.1986963676481244
-0.20782218872048044,-0.7629857880427203,0.23082233542367428,-1.2746749612105641,-2.0054140032091246,-1.2918631944122116,-0.7980513878371281,-1.6587842412740115,-1.3548520320862019,-1.0247401499586595,-0.8529760883568265,-0.2949548212850885,-0.720421531161283,0.9196330128627728,0.8826141266855889,-0.2576737492713506,-0.04698752042921846,0.0839066561563006,1.0939329835165248,0.02702005632976291,0.926221922603388,1.6478536164400495
0.7673386977209571,0.41991638814983123,1.5016926887548592,1.868791135891424,1.1049846497420934,0.32534891209966904,0.601408043540085,0.14442971416390293,1.5274034970200174,0.8316588296473385,0.06453259020921868,-0.36577204539807917,-1.2334056551762531,-0.13470848395008952,-0.7775047748495962,0.562271896092537,-0.838578654164066,-0.30909499985601857,0.8415754949679591,-1.443112885702795,-0.5429059751626283,-0.33947371788527564
2.0182655437931953,0.640824987268244,0.4426046789435557,0.7161918857422052,0.9869421518933823,0.7306615241678831,1.2290911489171845,1.0640739982091802,2.05700479941844,1.4808513209169665,2.441849929855601,2.001282131385746,-0.563184416111211,1.979689043320781,0.4924479332032716,1.5414030762455302,0.793905340518208,1.3158837890518624,0.06170166774520188,0.5727615044685195,-6.86047926243145,-6.673164114892675
-0.25319054539453206,1.2408615345955185,1.0003285441118595,1.3107143759086148,-1.2187883584858252,-0.6835022938085855,0.013796998621775048,0.20055468895247877,0.9326639085871316,0.1494495826511425,0.11697566366290747,1.0814602174457575,-1.432672455587373,-0.20594372164003977,-0.3921246020691651,-0.98615297323146,-0.20162063889503404,0.9621936854976233,1.3810217990000495,0.5734995823518749,-1.1854089902411862,-1.840250883574533
0.8757409637613864,1.189639334144753,0.519153927263808,-0.34064840125927515,-0.7204530089300283,0.3653757803016298,0.1461876787865403,-0.8329265398817436,-1.8755972873846678,-0.21741147450839796,-0.5822297411770665,-0.004990681090573147,1.0711223342243126,-0.5980006814798786,-0.3380904589236246,-0.3168706963647461,0.17043162901796804,1.1583598524952403,-0.5721591183590211,0.20737993942512484,-0.4997098885205977,-0.5709767396663289
1.0315237749942172,0.3543546154271274,0.058144720194347896,0.3914601438360662,0.4943504210293144,0.7515073624549113,0.8618368757404806,-0.419494524606723,0.6478486812270456,1.3343881997784783,0.8283466130342172,-0.8798031461554142,-0.5392742694481862,-0.10127670664836294,-1.0418912364262125,-0.8328343301401344,-1.6369668580126895,-0.2925529346460576,-0.0025549487250369944,-1.4265675042136894,0.25247108420222764,-0.2622437038297114
0.35146486158215634,0.12679424680975107,0.5106250111477155,-0.08376452846447123,-0.7359837858859755,-1.0355629218262683,-0.9838505400041684,-0.4756222581338776,-0.10967533930401144,-0.22000592884070985,-0.4766084477701073,-0.5426283809506816,1.9004391794755584,0.28275202920271625,-0.3418419194002303,2.6816403745091417,1.705428402514993,-0.34238411214770903,0.5585964700159394,-0.5088185614731395,1.4465144536268855,1.2956770942220264
0.9090615078055516,0.2718320607268891,-0.24495834777353528,1.2710985679993287,1.1260672441399189,1.4056671925152782,1.0794850873274515,0.15484229548545317,0.6068696064029404,1.3506460519139085,0.7920095944987678,1.956273061155037,1.714680054143523,1.0409223003326387,0.7382548747374319,0.48797827739707406,-0.8396154358280985,-0.49781252765829015,-0.057353148549688315,-0.3890168594288148,0.31767337807620466,0.5855070136922373
0.3376770187048637,0.1872913372906965,0.7636825010394512,0.9561134180866678,0.6228157024176303,-0.872633245041371,1.1144947603137327,0.4343661708247786,0.14713336169039506,-0.22306507545447882,-0.5345094393845767,1.069938774795374,1.7353189796232782,1.252515466583653,0.5331598686437339,0.8027518372841195,0.4652859795766494,0.06790511013832883,0.32676087226394757,-0.21867337979960189,0.9561867098614767,0.8893283059882207
0.2522642640035586,0.3029926415745093,0.6736542320536488,-0.19936121756965347,0.5153155129579581,-0.5272310201590238,-0.759472775743189,-0.8377989257900469,-1.3473235319432295,0.20592757310743065,-0.7362602754281498,-0.9734094410281737,0.6005102488755145,-0.1938839903286029,-0.2598783400299165,-1.006381994175885,0.2181659088274141,0.8423780521883234,1.0611349510875712,0.9960819620515869,1.4904850134656407,1.1257718464995543
0.07358911101951347,-0.4173289592107646,-0.9144486024830326,0.6598666534174398,0.9922732549466108,-0.1042824458343422,-0.017645899757853897,-0.268730244463317,-1.1114242541950483,-0.4018615219254198,-0.560757963280334,-1.1052999326888189,-1.8336163337962543,-2.2711017246035365,-1.4572153245139743,-0.8023020683790966,-1.159183771743797,-0.016035010275618336,-0.06478247545249569,0.4672060963227136,-0.4716497535116134,-1.0683504167329039
-0.18291079018779924,-0.7731192629504626,-0.287730915850477,-1.2373736620452025,-0.15151936837024974,-0.8873547041629156,0.3515353424788813,-0.11734360306365141,0.8615092159659318,-0.5414655922134275,-0.8576985748530896,-0.09894994626574158,0.9642052448311714,1.9254282751902858,0.9985382861989517,2.0908035450559663,0.794544913802107,1.3488331307241745,-0.14153611296893426,0.2931362571430556,0.3617999067958685,0.42795493826308517
-2.3416930408576166,-2.1421728291763404,-0.6669324520924627,-1.4700716129667915,-0.36528659740301733,0.6023724613891095,-0.13296979163046976,-0.9056227705015174,-0.8634690407153183,-1.2681525240595517,-0.7217297744784862,-0.27245181259780427,-0.4012384467162215,1.2494184137062725,0.0016872234231700906,1.2058600926166516,-0.2988095837566278,-0.08637756748258009,0.9814105554169169,1.4704893123131841,1.0864727132355685,1.9102280351620404
-0.42025789770044525,0.27057552960369,0.5000395507976998,-0.2175812697615986,0.4246376581496175,1.8252843644228094,1.3211469411369228,1.1510524824391681,1.1576295276217305,-0.6864280924949321,0.05535221219874722,-0.8528635152528558,-0.9372888336312459,1.4036520871984997,0.4824950558299511,-0.39976204962760575,0.798284768475444,-0.42156997480742336,-0.5982613324112406,0.7825802419235881,-1.6826883496758387,-0.8237872209648877
0.04276756530798075,-1.3309989289014468,-0.19439063905114207,-0.4405448451122526,1.1132780828356375,0.031665745322785245,0.9262212710271862,2.0009102409930186,0.2635166714958226,-0.03556904857026192,0.318774835677047,-0.583095783700922,-0.057465601486228694,-0.22351948355012174,-0.3239944844187238,-0.11961535090358133,0.0019093786327417628,0.14287959852803014,-0.44715902835748306,-0.7043723309284947,-0.7278827965562671,-0.5646764914978236
-0.11858758882488975,-0.09805504873608643,-0.4290822011961372,0.06599885874174904,-1.5386303467996134,-1.4019175102218193,-0.9433833638285173,-1.2131091824488849,0.8043722773969034,0.4185209771236213,0.36234752052436053,-0.23731630872509885,-0.13232310024955785,-1.11860192224886,-0.7063668283775636,-1.1646565169134218,-0.8225668099560766,-2.6282361829663197,-2.2909975255449426,0.12229869280946354,-0.5907524348918948,0.5781983156820917
0.8303977491079576,1.5575204480480616,1.9805620969312865,1.5731052542192185,0.39435684099210067,-0.7011072490699138,0.64255633543867,0.37719567380910274,2.3484849535110577,0.858058354658231,2.1376071065916604,0.9330178794472016,1.6235609656412544,2.2811586296555375,0.25467869022208706,-0.2926813114752421,-1.0409269067745934,-1.585626625463861,-0.21511647415365537,-0.27784340081773967,-2.229140613545217,-3.1266928464136323
0.052366323190162406,0.5079003830613982,-1.3545939911228215,0.4370750525935872,-0.0837868874694441,0.41917961247586677,0.7471428934651618,1.5607160917750367,0.6895488842920682,-1.4943495458148515,-0.6977008083977971,-0.17503316631708002,-0.9832127613146627,-0.363875727096911,-0.4945889992562641,-1.4101535307394284,-0.12355378803288797,-0.5499771954469459,-0.6269233212557143,-0.7140666936318939,-1.2721178043630896,-1.5705844200629564
1.2354785974647644,0.5823048632106235,0.35965488563286413,-0.20177466070843336,0.2999670962880961,1.3185272558878782,1.220327554003496,1.2050080145380788,1.127514766106394,-0.6315678094422001,-1.0745250697063324,-0.7147868251652113,-0.9860101130758118,-1.4149211632460532,-2.3288123335666326,-2.330534672295244,-1.3874249855256835,-0.7538374901203547,-1.063723461756965,-0.46351049169520425,-0.8499356963072074,-0.5321021915585851
-0.4338336409085932,0.7275476109087881,0.22380178790206962,0.7149411266851252,0.5334588438881233,-0.9474997159528677,-0.5522621412248379,-1.3462129301601649,-0.7667418576537683,-1.028673145691796,-0.1835468825407819,-1.2542863983975399,-0.6144110450239915,0.18852091351020359,0.8802612761392165,-0.2216580530122005,-0.0954562336323611,0.11174783975536966,1.395724580825237,-0.5850071735885082,-0.853655065518488,-0.2988312685140901
-0.9111025450715046,1.9731844901368043,0.7500830594561795,-1.2626071480484748,-1.1358067971413441,-2.9658179482189277,-1.2742655168228167,0.06416141558746612,-0.7574420696440177,-0.7863799096606782,0.40671800803113634,-1.3123720506393153,-1.8007002679946025,-1.0979036763513503,-1.2004929195743879,-0.8547426583304158,-1.5218112098126966,-0.5753046817238398,-0.41689198371314856,0.26716692766664585,-4.071828901909038,-4.5858884498970935
0.20039950048039265,0.27919860373184896,-1.1129396088385837,-0.12987300700404775,-0.35147521272394333,-0.3200159730139652,0.7478155933305639,-0.2491416716652689,1.0455891178096677,1.7737468633013271,1.5388038779814948,-0.07984059461467516,-1.9333057881436038,-0.032354451831045475,0.08028506679873756,-0.6052174071685327,0.7137260990341688,-0.38926882818048886,-0.5619636428667981,0.17358656826741053,-3.44464670980388,-2.8878281319783774
-1.1136028316154343,-0.6516146647563874,0.6174131370978708,0.4915338355361812,1.3260698148079402,1.644763347227204,0.8290832678050553,-1.6091357600988754,-1.762194778506368,-0.2200306563517812,-1.4525724403974154,-1.0092103011424454,-0.21147234042754093,1.1669493849737351,0.08549302767966484,-0.5145301892493405,-0.3026844607303868,0.1525573160080806,-0.057303012974444574,0.8800415390356894,2.1230079635416814,2.6321213453422074
-0.7991438330288715,-0.29550949566524826,0.23781076932926676,-0.22770639614241248,0.6133569388007813,0.4356803502265601,0.9010006023700848,0.6185993897339351,0.6352756158756624,-0.23002951863825602,-0.6612790800032463,0.7297189159221888,0.9152276472857952,-0.4282999974933785,-0.05751767837943132,-2.0845092044483815,-1.5393013642391287,0.06262369957423554,-0.07706740920895058,0.06358166275450788,-0.3836655329892063,-0.0006925629758603863
-3.0163812465217195,-1.8478922212919024,-0.630993771416459,0.08745596651056933,0.8771524767483141,0.25648768399505817,-0.015218300019537155,-1.1612566847035988,-0.7577491908962617,-1.4714306482663553,-2.336017790779468,-2.1078017975680066,0.2526585576821349,-0.10798359494893701,0.13642758462121432,-0.37648700597548246,-1.7389061726062047,-0.058755339296230585,-1.910556440818466,-1.435742772343525,-1.9160062904302053,-1.9730499977173679
-0.05461488085008842,0.17230244609462106,-0.5429899095525829,-1.8632162902801284,-1.6253752871033846,-1.4611310821169121,-1.4000841473633832,0.140053308598558,-0.9809841816740241,-0.2298363931600403,0.022171058994446154,0.8428640257820422,0.3061364299128166,0.8382077302706953,0.26995685050201357,0.5111733884879639,-1.0459984677048684,-2.80781507016911,-1.0769423687758468,-0.16505564355466992,1.573938174488766,1.2635394549150667
0.47550233315212026,-0.2168537264745583,1.1817104517612502,0.1925893548142731,0.4607866003638683,0.7453633770461318,1.8611543293712172,0.6560214601942698,-0.23767092026938655,-1.4162674216014708,0.6362555529677585,0.6830803274191657,0.7339025908808038,3.06609634451161,1.8145451754881137,-0.2205708329659437,-0.2799428891184686,-0.9841577737849473,-0.8349109731562396,-0.7661083098631573,1.8190672219720732,1.2227311052642418
-0.587024391067343,-1.5001302398205856,0.6290817504200893,0.5733508735642908,0.09141092688843734,0.7018390706736326,0.7588757622477978,0.6181930592663855,0.9023222621929814,0.5671520216405478,0.864004818736818,1.0842167938312686,0.6830269551253932,0.1506462473406032,1.400686497626472,0.28646837486051474,0.4821217062472503,0.5995160516637733,-0.22813455930538237,-0.8136619870784166,0.03244355002786803,-0.4900420994454828
-0.35385202087002793,-0.6031983094561038,-1.5643772631425488,-1.3463999234732345,-0.4426440939712038,0.8750172566457677,0.9176256082208929,-1.7924501094944134,-0.3408397462240681,-0.6537934988661517,0.06548210519572698,0.020499559032109836,-0.15662259967018594,-0.16685003742466495,-0.10284503933621263,1.1128663391371372,0.5394069481089377,1.2098053421161108,1.4188850280464549,1.2871209037119111,1.1469662177694446,1.1465793631520738
-1.7866188201305708,0.07372283686765942,-0.35969273471433505,0.4399916402359315,-0.6222423194838026,-1.3374253866083545,1.0428901605471892,-0.3073265666015854,0.8388941815654023,0.5220020974704711,-0.10283359444444545,-0.09023974987528555,-1.1719007616587955,-0.5978620229835448,-1.236611629027984,-0.9607701861584723,0.32094783542997707,0.3806095010187226,-1.0932925542622416,0.19076407179858879,-0.03425094285590424,-0.5445119297340711
-0.007099761909146114,-0.47309609695513255,0.41009259911228985,0.0602409310470659,-0.9793718670449665,1.1105642179544741,0.5403107442660897,0.1996737175592049,-0.25099451114379145,0.8963830503947522,-0.006366596755168004,-1.3411751044445408,-1.2583396484048117,0.5198506848887424,0.9805729335721235,0.2694364332192889,1.323992055149031,1.3097329982971664,0.4239933378616621,0.06831451967513494,-0.2088971165990089,0.12660269038917127
0.3293177319455988,-0.5557763655135767,-0.27398668157949385,0.1301870703725936,-1.3958620827767751,-0.8618872501840141,-0.6933979803928084,0.5436340319085193,-1.3255642378920491,-0.9931760237053352,-0.9137997748617412,0.3745459567620198,0.14956054306276595,1.6302438622688658,1.3886155425908109,0.33904423711008747,0.3770726380133781,-0.11809626459536525,0.6852107139808761,-0.8111117055845741,-0.7249930412380667,0.1854399659929165
-0.8236959765717453,-0.017208942568108256,1.0529317521638208,-1.3804948665124896,0.5000795565642067,0.1286791970999604,-1.5671439760423242,-3.3831445543454466,-3.0160594623560035,-1.5250946369171614,-0.8196166932606583,0.138559315515778,-0.40659019706447813,-1.1628863601782966,-0.9391864857606869,-0.44048588058617116,-0.02038783735933089,-0.6936305960201786,0.4338604446390965,-0.3212151678240734,3.639241561134601,3.9748070969898555
-0.8697173623253387,-0.9045835071591528,0.4785471435880998,0.12426847001425782,-0.5393321019230398,0.5323667875696476,2.121858063303465,1.242519519694638,1.6897986752254608,1.7421691631114515,0.34658517107687553,0.19635846244020352,-1.012536999591798,-0.6837537087736395,-0.8841736216551852,-0.7909962845696312,-1.0449262896322244,-0.7710962740586762,0.0753788900010607,-0.0657935849876344,-2.162228959229575,-1.7590987020914315
-1.864373197756318,-1.57834596236585,-2.105011418992666,-0.8411433537416978,0.015313946566120422,0.2298342507043878,-0.5669950822972654,-0.06971576749636323,-0.4419887719257243,-1.2067265406810987,0.03916688795632561,0.7280162597038318,1.185775722006701,0.06604251901755769,1.0543789825681542,0.09973472277581796,0.6158161072477206,-0.134555290581953,-0.26125188908928665,-2.2274274761256763,2.283130327604012,2.5991238635036003
-0.30191321441706664,-0.07207038194260211,-0.3911485764208226,1.325329192575939,-0.34406056464342155,-0.6601059507497071,-1.1136956428116587,-1.0450930072846378,0.3706834106605197,1.4653547868189782,0.1257731895679025,-0.563256304342223,-1.2837309573006161,0.48941085066939394,1.215523719478578,0.5159789286094747,-0.9510679059010051,-1.6071369288099007,-0.6557990257372387,0.14784107976841074,1.5029935568321418,1.9826809214530863
-2.0661448050221813,-1.3113349475238014,0.7458178774360834,0.18454044021812455,1.3823346491798933,1.2532577604931279,-0.31238479888326387,-0.40965317444237215,-0.3162790671215172,-0.9830387489288996,-1.3314497205370603,0.6391750181323038,-0.5268316162480209,0.6705372304048651,-0.04273803142020848,-0.04357332672470759,0.4647848758071593,-0.28597457848812874,0.34883227316171866,-1.5978439702888005,-0.24708425947354942,-0.01652947068369337
0.43970738841485674,-1.9179561036807748,-1.1554330799253358,0.1620795863285504,0.619963336866597,-0.8144747908889592,-1.4201964763637438,-1.3065057199771568,-0.4919851925982754,-2.0056983576713123,-1.0143011314482144,-0.2374448165283391,-0.36383979711435643,0.27302140491794075,0.33026150700961304,-0.3039555952032029,-1.828766970124545,-0.7988443672235603,-1.2248096616228379,-1.1132642360327578,0.33380847827913795,0.023799871232348946
0.47912421796332544,1.4670088246683446,0.7005433785613752,0.8301059129869035,-0.8359028481881227,-0.20532176572322405,-0.15454094672774704,0.987271838491806,0.02558514931327698,-0.19647174031577563,0.8187243562744997,0.32965857591618264,-0.7954555170048573,1.8120514773109406,-0.02806299473444926,-0.07006341161546102,0.2652090445019212,0.3643680835694102,0.017861173906717154,-0.15107658753507364,-2.0754538056234413,-2.9330823569547273
-0.23493186628807286,-1.0838930036280439,1.3201979615836763,0.4695812574488014,0.7517480328160256,0.08605614020609809,-0.2642062824967217,-0.5265289231130323,-1.6054702859043741,-0.9418371306808143,-0.8233975335159499,0.6028712193532183,-0.7349370928649459,-0.8672926639171911,-1.2117185999558944,0.6434086669690147,-0.43122546602582046,0.2713532170648772,0.975861090275334,0.36138439177631476,-0.6779609276315378,0.1847123094979738
-1.376811000941157,-1.8697973968307995,-0.19032117703961646,-1.1868670326606092,-0.2539285121918883,-0.027935022091314914,0.3126388009602345,0.5647238241135816,-0.5262207060214023,-1.1079425381452055,0.06517379091422895,-0.5124415250273442,-2.6379192207712174,-0.7571210415763848,-1.2759891212152523,-0.2334430233215956,1.0894975927944546,0.5592655102151328,1.141991261549432,0.7041883291617267,-0.931614393407245,-0.2877470799568729
1.5874293281419412,-0.1260970736542853,-0.0701629185588072,0.5478935915393046,0.10904537701919728,1.0523736103347692,0.15202958851074092,1.8681427814263902,2.771948341261231,1.6302556850586238,1.2936945028779123,1.6788649876547057,-0.18871061298674105,-1.2305806488835525,0.47280037275585185,0.47368116422951934,0.04068128500549715,0.02997370537196147,-2.0513856768662575,-1.1907246437556105,-4.66863460861454,-4.272911479250456
-0.7530467391936002,0.41854998760878,1.0709969254325313,1.0349181953329678,0.8599363336727615,-0.8667721558307145,0.07812583393271086,0.5841375268794533,1.3704372342097433,2.519642125215703,-0.20597947815410667,-0.4394205388432667,-0.8625320335821115,-0.2818704093136006,-0.12932885498215144,-0.26738544934918396,0.7562387573393864,-0.575733308303452,-1.1895042933391706,-1.4817572506386316,2.009326444897996,1.6264555061796995
-0.3603275874261671,-1.2441541315344573,-0.6641412089663541,-0.47538931711083027,-0.9188367277395043,0.29728540911356593,0.09711373552132688,0.9688364802775769,0.3155001139906213,0.13679666914532748,-0.4189855246849844,-0.21559524545469883,0.5090127817540924,-0.10171950371590877,0.3980981773234231,-0.5048104264533877,0.40495185927350114,-0.29973724861886697,0.5877077817997838,0.34666112568193796,0.3964614241859249,0.49893514567244973
1.520953733391824,-0.23897510192957175,-1.3978941371298055,-1.2326068578294203,-1.815411684271124,-2.1051893874098426,-0.5143159454038856,-0.2607769139548338,-0.5458043685157804,-0.6080216238388045,-0.821233801323103,1.0186447242938597,-0.12764426530187392,-1.2088236755961497,0.08498821964471168,-0.14435574100681928,1.6934519365817848,0.39101851747899624,0.9281530496095354,1.4012869050117651,-1.2850093617834857,-0.9229547502316743
-0.5213358322022643,-0.9040561741096756,0.19001416224783138,0.5928780864677248,-0.9251851388180754,-1.4398464969845834,-2.916536067699533,-0.9426478932229335,-0.6980729472691296,-0.48946285743346596,-1.709564986408913,-1.8057670269350985,-1.316808073715958,-1.24065508620082,-0.5182785082194066,0.24615896585231636,2.0886216246769096,1.0269755558220326,1.4794548196026034,0.020949900486057563,-0.7846403127798238,-1.1430068166325345
-1.6749463149761934,-1.1425753333335718,-1.9549552625249427,-0.9647702957391191,-1.1582782461829786,-2.271587789910964,0.3676479829703981,-0.28171810816733256,-1.5590789721619778,-0.0016998985375274206,-0.6318484967910339,0.628187231124726,-0.32104450926157313,-0.6289533952466627,-0.01584367718523281,0.5058212151146443,0.9184370464897006,0.3815004173401994,0.6485457184020472,0.9700061745853403,2.359715188695545,1.8815200555245604
0.20056913856695,-0.023260980859566516,-1.2632926315602178,-0.11274627471625172,-0.019849642530642718,-0.3681266568093104,0.922514802568147,-0.7752827971984508,1.0361358152529418,0.4987786825024893,0.5243681499983587,-0.07993416380003289,-1.4836945741071086,-0.862753005743824,-0.1414789097149748,0.5148889604129262,0.08594269956515631,-1.8558238515114152,-2.2630298141965834,0.645586216147278,-0.6854999845431136,-0.6761200048312984
-1.0925359837726618,0.68959309140722,-0.46414629823965003,-0.390084602014351,0.346403934462754,-0.5371072595515313,1.1103451260832866,0.620755244914907,0.7094861627088143,0.122988614178639,0.6319628096349267,1.68325602483864,0.7279310552769509,1.8619407456795152,0.40131286593392185,0.8623830139775204,0.8547769475303171,-0.4980307472074564,-0.06385073781138013,-0.025546279604688017,-0.5371815701954769,-0.12907195688520495
-0.8531921762772717,-0.11655688550917052,0.06841202048338482,-0.028656130109656525,-0.07371789538689824,-0.11481011852254383,-0.37584227222272126,-0.06682125751286634,-0.5910566945218604,2.0053361653699944,-0.2178503102884873,-0.6153214525381531,-0.7456462365961408,1.3942960147635897,-0.4461221359169284,0.14579846213682207,0.28801480154793224,0.43291547138325825,1.2871623223085982,1.6965202733624105,2.327191172790105,2.1920513891724087
-0.4509568265203429,-0.057454373220545536,-1.6430869017016831,-0.7357263881322754,-1.055478208905481,-0.6891510201531962,-1.8041503598325173,-0.5514454943279772,-1.7449943367993508,-0.7440789319268886,-1.4342244674056408,-1.4529229542281084,0.273565858256798,0.645934805630119,1.3182065141470252,2.0098665767919495,0.33563533498355796,1.4659652067200941,-0.5361825242825878,0.3780505813480452,-0.45142621232841984,-0.3347921081021364
-0.4933377146002182,-1.0523324139704686,0.00598030796144645,0.8213421801224394,1.2033167641780402,0.7877325041258387,0.5081446272288497,0.7103521612360155,0.6182434867729049,0.7779496529551801,0.565643542157639,1.0126939730004272,-0.9028563112104724,-0.5651143198722656,-1.4810033785453591,-0.5008707127474419,1.1715178871568572,0.17518947886345765,0.1977982303526298,0.7540358279243632,-1.4443789390994677,-1.3238723172067375
-2.0677229317675585,-1.4860224070021304,-0.4273313824929797,-2.7225367182975218,-2.2072093287831143,-0.15023369348334897,0.7935039489657932,0.7209210684846541,1.1244661015922166,0.7485187822663449,0.8552454901110005,0.15425861440020358,0.17742603269133214,-0.4589358028919412,0.8647407718757072,1.7500794879343786,2.070079284378305,0.6816070870680236,-0.48518900402670584,0.8632971281613722,-1.8929374200229876,-1.6367373107220695
0.5439072025916847,0.5565159883410639,-0.2704834880455106,0.23339393119309565,-0.8231814042416005,0.13752340582814013,1.2629126137141595,2.0439831826111545,1.6355914213565879,-0.3790700598725401,-0.018642123603965305,1.8436976845672206,0.16960913893712556,0.03355182389285265,1.2409239094750588,1.1549156087900099,2.7253361867571804,0.7279845898448387,-0.4931613590720515,0.8135430453173875,-0.22869725470117774,-0.6911888783622222
-1.1958786282721339,-0.7683453911031698,-0.44102427107058667,0.6766810664709634,0.870312198276238,0.8309859259938114,0.06697759946623433,1.0857131459593818,4.029322465149876,2.6133290914217846,1.3929832094974006,-0.4274906987626509,-0.7658204789310132,-0.5679887311123737,-0.7469717544970507,-0.3874096903863214,1.3461022456603866,1.7531293560313514,0.7390115106012419,-0.6768953716640504,-7.499341335313046,-7.624281448476443
1.3373676429030819,0.6262015744691063,-1.1820924409829492,0.025936360546163335,0.9012389051430194,-1.6502788533584436,-1.5392246935738974,-0.8652683265289263,0.20347094528625218,-0.3449141715572632,-0.8931131124418635,0.18319048685406733,-0.31398382902440536,0.3124411831031271,-0.8063802023616462,-1.5743448502163884,-0.1330901479560325,0.15214358331780536,0.8749418905085793,-0.023768123422384782,0.8735873168137251,0.35573687586891006
-0.7951053024801427,0.7808644727810375,-0.9284887421467265,0.6195523949169296,1.4533668199553784,1.471542778860587,0.14011260678435508,-0.637074082007713,-0.5004506766315548,-1.3717625973613725,-1.5187327322682875,-0.20101009099532777,0.46184778334547577,-0.6780345712803122,0.24652148638670102,0.5166989469872089,1.5659493267831417,1.2758612802678688,1.5546887246332413,1.190505675638197,-2.146584440561215,-2.8147475133002775
0.979929109697678,-0.6247116003870659,-0.4177895928208738,-0.24265486400527642,-0.33242107821985506,0.2182065591450897,0.6584921760100618,0.6689506815627927,0.1812374445991473,-0.5465422171750868,0.6769199043114889,0.6413374558800289,-0.5614767500816953,-0.44847670650553006,-1.7339801605577108,-0.8363582297054755,-0.5899811847445842,-0.7924935650148887,0.9760572367055306,-0.513230219862484,-0.21517420665308365,-0.444664591086404
0.7063929516826887,2.246941293872322,2.0564120182359367,1.0008926226162356,-0.4816859400685386,-1.420423416490662,-1.0666259310485997,-1.1282730535125562,-1.187282429128712,-0.8762369565989557,-0.5266670582014752,0.15687234378022322,-0.9935267988738637,-1.0876038584622625,-0.6820820092302943,-0.5103361481834617,1.3352215086417327,0.8687422035612125,-0.9630386666653095,-0.11936365080811707,-3.8548123788897266,-3.6015738214471504
0.5456637227442517,0.16446781018636267,-0.9685984398135458,1.0382208074791663,-0.4074362445238877,0.36852739461004397,0.35751253751467,0.69907346707911,1.8277190565201207,1.400253059286457,0.21630911683720405,1.0659719650698851,-0.013562173518747243,0.13486430610187544,-1.0524111007090033,-1.4210533424816922,-0.6660245092265763,-0.01423981418661743,-1.4814334335095913,-0.31005322308377803,0.49203401239928957,-0.028129103710602843
-0.8194289765987073,0.6985278421917087,0.04445378450435748,-0.9508585374366428,-0.4097805958022557,-0.9983730846724715,0.5997521861551333,0.3003352662697767,0.01881182437575449,0.5219206285681602,-0.6093496975325582,-1.4211146636626908,-0.35691449035834955,-1.1308000141134527,-1.518036744624741,-0.034366392503997985,0.43753566160945534,-0.8670804049761208,-0.9697277440735538,-1.2675183576882225,0.5954578820240101,0.3626255308848329
1.7763192980414684,1.672787695390248,0.47193152000197985,0.7349649984987962,-0.8070091900295376,-0.9860332497024004,-0.4022023726212592,0.19054213082246468,0.010868986885642232,0.2202204942033401,0.17795161146353308,-0.0526863799047836,-0.28281279600861153,-0.5105626064843428,-0.05441752867892824,0.3285679721780996,0.336068064060594,-0.8526609540969841,-1.2914273726863332,-0.30027190928386094,-0.14361487099239545,-1.445298759396215
1.4716733006716136,0.8678323119745935,0.07740085284622393,0.2329849599335261,-0.8680237514971788,0.6995661499233802,0.5113783443024462,-0.32407778123643793,-0.3064880014904487,-0.6096707664274303,0.8311041380922596,0.24040701392043617,0.25475418997447385,0.6242387812708114,-0.32940330650067495,0.0030556653767974343,0.23919600748591785,-1.2262737347455488,-0.39429528864315533,-0.23677875509214838,-0.16676883048709498,-0.3218202747344382
0.12996629211606164,0.09583938307038334,0.2723673854057146,1.2943568997182513,-0.374304932960243,-0.48346508098722746,0.3355761268248342,0.5842820822018251,0.6899979209348583,2.7296667805242834,1.8966903555125334,1.9277660394135694,0.6979508159472476,-0.5109119315538748,-0.5276628443451356,0.35274417269423725,0.5286953435961949,0.6135736028476767,0.12115911729854036,-0.2631430052440634,-4.268116703085171,-4.616960722592213
-0.17985724429336775,0.5374855221151703,0.9968340715117127,-0.3730137952065998,0.4737011252515145,-0.3266905539919232,0.24275278588366667,-0.044870816687431786,1.333577252253267,0.3047253767500018,0.30704508000695774,0.6788476242120945,-0.4174467539635864,-0.27181943782600665,-0.36677900126173413,-0.6283650300676309,-0.6949938049466641,0.6155359888933319,-0.21059214731069806,0.3852275416427717,-1.186848781452287,-1.3320607271003029
0.3145950020313016,-1.0525227678285431,-0.07664746136729138,-1.2624620789200107,-0.08728756035829704,-0.4828846277183628,-0.23419605997889686,-1.2379773459756405,-0.513002471771046,0.5462613741262353,-0.4257218735813724,-0.7386830577331467,0.024371826638035114,0.42754756571785735,-1.8942873269310536,0.7982494465220366,0.8568654672718514,1.0319819996918604,0.3916813265655524,-1.4109426081253127,2.9080852417205705,2.9576345376546294
0.6747220612505774,-0.15210615973824052,0.3950055852178793,0.008015507385720709,0.21015590310901627,-0.5660886025876085,0.4655384818175928,-0.7963971965878539,1.5465215700137414,2.71138115527065,2.7696498953975315,2.48942215137268,1.1714900496069425,1.5960041066824946,0.7147107625863476,-0.9880302755170925,0.8077954737987012,1.3814883982035122,0.6636037357395393,-0.7292388232966434,-5.338076706626947,-5.208680931833164
-0.5862006765792669,-1.870258678793108,-0.1166653123973953,-1.4468389516201632,-0.4750166556723317,-0.9681682000180897,-1.7196455270459088,-0.6534011976213061,-0.615779346258881,0.41800338534507864,-0.8887766720189197,-1.1002420576476104,-2.617879836526184,-3.200639635831528,-0.04303950997945099,1.7829292556817036,0.9717678771601883,-0.22757270106397645,-0.37225070173832975,0.5704121005755601,0.005554609889689949,-0.14156731243959342
-0.5143890198223033,-0.05139754425308643,-0.036745835895408516,-0.5109791402343191,-0.7111858554332637,-0.10156960137627057,-0.8967947434561714,-0.057188282782309884,-0.43699350033818435,-0.10819342873180883,1.144450025823695,0.426566429029925,1.0098571396331728,-1.0470174077970114,-0.9308550227111719,-0.44144846210765415,1.4449289970183175,-0.9749037957966645,-0.5707720823910074,0.9761435091086498,0.24279705903864252,-0.017790816868285094
-0.7850204052672646,-0.576834019373284,-0.0011226212025162467,0.15922778413813707,1.4356109003092536,1.1061951626094626,1.7029826392771656,0.539714936632468,-0.37145634997476823,-0.3812101943654621,-1.1944178216449064,-0.17847549887658862,-0.42341799784929074,-0.7934952522858044,0.03510322440037955,-0.9729353062357402,0.18080683775461454,-0.32384891113690745,0.8418825104544316,0.08082053545867972,-0.0033288512261624437,-0.580522801048375
0.6319096665582401,0.4714604105301068,0.8799681258250756,0.5352008645791807,-1.1729439833902218,0.28716884046387803,0.06764878190468458,0.7175653706384707,0.9565536691604154,-0.19141756263368162,-0.8879448414641402,0.12358174562349644,-0.2008304903313283,0.7105562997007308,0.20095160635197873,0.9867746689284271,0.8599797713248791,0.6793835458735196,0.015788573527375546,0.20918250508235003,0.3671121906945957,0.21268691154271357
1.1928527149533057,0.5494743929957573,0.7347477585695787,0.40752288303814516,0.31167170795091315,1.6483533506405634,1.8649054106910674,1.0012184264617943,0.6863319013290335,-0.26467173557822876,-0.2821336209861588,0.12687953339904504,0.8000927440710925,1.0488907018066138,-0.436201170889175,0.6279912783831433,0.237115377662568,-0.7362018985017673,0.7892421825964915,1.6618578752978042,-0.3539971561061691,-0.12255256839355466
0.2637469823407922,0.7457067564605835,1.037483889117381,1.7275160867895598,1.4942838821142501,-0.4026698355128558,1.5392096495776038,1.6924907627960337,0.40498447578774277,-0.6891892311414851,0.09258663933172046,-0.19468694241898823,0.18844088848484208,0.7380296541368891,-0.1215382377052379,-1.02734699388459,-0.17954490251504884,-0.5516998839980888,-0.1493272801685261,-1.2380184600698734,-1.5376113815112564,-1.3741843832117648
-0.2521827244747637,0.49307513788762136,0.77129051354477,-0.297092773280737,-1.1602930088063947,-0.5664947486200831,0.20262128026540085,0.4522026045213395,-0.21744213375511248,0.1492024661842904,1.3756792367326116,0.8655001290266194,-0.9815975360450303,-0.3148221131686825,1.6127076047294346,-0.3085593463942023,-0.1285373609335017,-0.26028091524931135,-0.0471033791022216,0.14467560981996586,-3.149130964431512,-2.4876624929799216
1.1399719860634945,0.6434104728706721,1.4278444602083054,0.6120294406952427,0.0027873792862742213,-0.5781357734488274,-1.8627114148305852,-0.6925219987947265,1.432555429801141,1.1131212791445584,1.1513012942582737,0.21795502710717712,-0.10262141028215124,0.8014138373765001,2.140286639600357,2.3587440317087554,1.876734321459561,0.9688084554392634,0.6660261351293557,-0.31954341299837097,-0.8014771335677562,-1.632084055353911
-1.4481675213033811,-1.699919763414475,-0.8068317867012111,-0.6562886094548146,-1.6007181503958579,-0.832682069609255,-0.6921097851276655,-1.3617717960400078,-1.0014703251643644,-0.7786886146233993,-0.923367735403527,0.3408360359243367,-1.4775430757136396,-2.458523910622354,-1.2264163825057548,-0.529959603244675,0.08508077476451192,-0.4242243627548843,-1.0070575153262284,-0.509864714433872,0.28017921686967273,0.5507660236300971
-0.441578135348217,1.122478171842676,0.28045005088582614,0.09416533295194283,2.1908576603584207,0.9267615261820485,0.9450267368430683,1.0322337564397877,1.1495292820497174,0.8254679669428782,0.5806050357206699,0.37719456172990884,-0.3102280708948971,0.1267935172214234,1.8202555891032408,1.9586090836160028,1.2425052697219807,1.3624229813369273,-0.07151692665082715,-0.2613686068566652,-1.5209575540248756,-2.004677784093829
0.9478498441845292,1.7618494913024647,0.2133350576971532,-0.3121322320849511,1.7330607366586377,0.949895056028098,2.0540253166683455,1.2061563500528032,0.816276553431112,0.14357540737706417,0.8880644007048832,1.6199020516043448,-0.08638719847489737,-0.34842473103785765,0.6182688830475876,0.19694203017627548,-0.32881333451999134,0.7098824841831783,1.310559749260188,0.26587840149631436,-3.507416228388011,-3.6456916571092775
0.2123665279880518,-0.9403866090932329,-1.2457025216251372,-0.515321015517663,-0.23046143186347445,-0.9525699736829958,-1.096336594101052,-1.4705237775899878,-0.34116849246469855,-1.8746097760512233,-1.8133564667142184,-2.5200329395461627,-0.8971339821215963,-2.0097800416642184,-0.9774117288575477,0.9311635833243378,1.9148181309991636,-0.6065527662981502,-0.04484608740221531,-0.8788973099810967,-3.4843420693125475,-3.636207984732251
-1.1931360357108547,-0.6948358809229783,0.7163134046873281,0.8774765210229952,-0.18059195084152985,0.5202813768689111,-1.6829677256599114,-1.4935540519451473,-1.460288033647219,-0.6623163081351929,-0.5068123231952147,-0.3759237225735793,-0.3392734128960302,-0.15023146652262875,0.39265140549553745,0.3256501649254253,-0.08343081432938008,0.3062088090734042,0.8685483800047825,-0.04725835652615419,2.0783420174870004,2.1370659551231688
-0.05940273067270549,0.9765392350867248,-0.4667491432661678,1.3295433765920721,-0.49497053943475283,-0.5465797965882901,-1.0961785740111143,1.346711073911247,0.23744162497673343,-0.31502035232619197,-0.4785880033721147,-0.15649954137648994,-0.3626886948839957,-0.2964276960726414,-3.2045993226462333,-1.5527977912673032,-0.7609779090706635,0.5189380076023945,1.3931490401136517,0.534014570395509,-2.178659464971879,-1.7847600206585423
0.8162290816743635,-0.5458720070450666,0.39160195865294745,-0.29997760577672355,-1.175966906088619,-0.7487079630232426,0.8384907350629343,0.5760007605653398,1.5839971326354412,0.14357701550736596,0.9792541836770144,-0.07516006774276851,0.15756031983980315,0.2664329941028521,0.7060851430235284,0.5701903181154311,-0.35505742878131574,0.5848394692506154,1.7920783359426846,0.3904505734798293,-2.3597572203435693,-1.8754895200975816
-1.83523207644595,-0.4851926074206354,-0.5294069381953469,-0.37824187286355565,0.2925431290515718,-0.24897587379873962,-0.3573205739404457,-0.26536633205185006,1.140161081582436,0.5961215818344939,-0.7720639208547012,-1.4216931049348558,-0.5902699033425051,-1.2732482920160042,-1.9896186541058103,-0.4444190138833747,0.3705834987925611,-0.13352384101760828,0.18755448568633112,0.2566953657181327,0.8636241543804166,-0.0006085400220518511
0.6024193859693867,0.8249384727328939,-1.8442098773259308,-1.1303831462910872,-0.1166733894564113,-0.4138025297193476,-0.17554885957635696,0.5623508249660701,0.35125872028621385,1.4815258823293693,1.7167616653558966,0.755701264225766,0.20633761714292026,-2.3652842755540133,-1.4654013346742207,-1.9046659065764524,-0.7607425498471496,-0.24798135559907836,0.4786380842896908,1.4488711515681865,-4.581027853288365,-4.638008392706988
-0.0262694296719815,1.9617637424955743,1.182190727953482,-0.5435853174377768,-0.7585611813166557,-0.7020887023016711,0.1617528040191411,-0.7394660753223042,-0.6277877218888521,-0.4533588351463606,-0.6147634209675117,0.395324623073171,0.7530629259378865,1.3868082371894768,0.4067279024591824,1.2447833735648433,-0.5588644403633258,-1.481808295054594,-1.7920872428387469,-0.8880660615874226,0.9249148434177191,0.3622809703238937
1.202378116578357,0.07971871976660487,-0.37296923863239956,-0.3735616562875384,0.3093028787126449,-0.2589842068396628,-0.5914447397850456,-1.4608688460922008,-1.2255594292049905,0.40693207542523896,0.2822102709190854,-0.4996276655202326,0.8207182503594784,-0.0964506342431759,1.1814922869570437,1.8063054432693053,0.9516602129816283,-0.8219518530433452,1.5717897683503732,1.121285787176693,4.117245304297719,3.424791835475094
-0.3238870247207521,0.666087551103117,0.9412558302606123,1.6059338289277572,0.22935690332540648,0.3904845175558668,-0.831751486206923,0.16118677102496623,0.06072211251571369,0.2737222102082038,0.010118526421149753,-0.21230343148493724,-0.8580619687972801,0.25550166143776554,1.4178723706578136,0.22684724502851755,0.5928037618436142,0.670683878977208,0.3423548498315259,-1.1508932614881235,-0.886645498529768,-0.681222033480161
-1.3015973511112433,-1.327148885149932,-2.5160068720042625,-0.03861305459247223,0.2991338102264198,0.12361987607532146,-1.8349899217284646,-2.4970134545339957,-1.2505344289159732,1.0812271535548825,-0.0644300450568407,0.7158560016923343,-0.0576796755385101,0.01899876406145584,1.06144645273951,0.2311203261639378,-0.482088218567801,0.9870410149482426,0.5329747378987761,1.211498698136666,6.851178442158811,6.639425559194889
-0.6852488933850296,0.875591153117428,0.6747637474733713,0.7139190032898688,0.470953829225097,-0.2022772607743444,-0.10259598702528218,-0.43459238307875125,0.6136950748132911,0.13099487230398255,-1.2305158400655143,-2.06968153825237,-2.5302225542116767,-0.7299329022667681,-1.3621984373512808,-0.4212173134841977,-0.09233165508500749,-0.10220511457769271,0.3285674859919228,0.3013786276251504,-0.16209133156274516,-0.18459671930841903
-2.709729742782305,-1.635132551270681,-0.44941616230753373,1.195818502351943,2.058424389542441,-0.15131077917737376,-0.37852638313913034,-1.5455584054847533,0.5434798831377758,1.1488991482061657,0.8780675903853651,0.5828761644819938,1.4870996883994048,1.7925882351061926,1.8991902435752777,1.3450914817554522,0.3701051617775049,0.8494021732905825,1.1314141071490205,0.40061016199408095,1.9676895625022355,2.54629646401068
-0.3512489188344171,0.8058536224671959,1.844093636275532,0.27305103437519934,-0.09156537451439282,0.258134271981204,0.5504742294970942,-0.17714542243745982,1.542604003212952,1.13684722438495,1.0286151430776767,2.0375458684410392,0.6298741588926378,0.23835282794317494,-0.9662324754897348,-0.632376125070112,-1.605637122657918,-0.1551620223924862,0.28614684387114525,-0.09687563656919616,-1.6060591954904777,-1.5133192075383497
-0.10042370781789804,0.6092374057739852,-0.6790095618798759,-0.1626902210887557,0.5244481520456179,-1.2812705515200256,-0.04746156280309005,-1.473511402109619,-0.838595511414274,-1.426824006391201,0.5260838935508358,-0.7390542813760056,-1.7986335081988454,-0.7838304118269049,-0.7501924962331867,-1.6781225988073007,-0.38369197923832876,-1.9165347693152197,-1.8556783913564883,-1.4259928305834075,0.5118598061027935,0.2181065109831798
0.8022223921555414,1.5230197117108368,1.7165472968836382,0.7255346521664453,-1.739343276726463,-0.531182992840378,1.0079627198874344,1.5724751960558712,1.1871632011224684,-0.4365580112288059,-0.673208215542187,1.3381282877484897,-0.5578596234387404,-1.2729894748087445,0.17977885028253485,-0.28350543393768873,-1.1651826738510347,0.740670520100852,0.7696214496902507,0.054161217299469086,-1.426790907296086,-1.177276279790657
-1.1457748359000883,1.200218678229719,0.5789334429103653,1.4995883209756762,1.5237035117933857,0.310737770624454,-0.2888511509145078,1.108119868026758,1.8206370975375559,-0.7151383673228437,0.11855448884987567,-0.04569785578089163,-0.9177330373147545,-0.23218775129013103,-1.2848789815063655,-1.0464016776075424,-1.2146993756374573,-1.0401816191672622,-0.5819930009189233,-1.1705030289068667,-0.854651431914015,-0.6922298342280844
1.5731790288740843,1.2137853258168523,2.1610298341806304,0.9418815972305713,-0.0043252500762187415,1.520669967525663,0.2597205641255036,-0.024545138271718895,0.6113067802846396,-0.7662486027640605,0.23287496522734344,0.6216308611353497,1.410083401655779,1.4758428509332766,1.8637357034288904,0.8362396807391741,-0.32897457072210434,1.6628136848517885,-0.4907503444647692,-1.480771737368005,-0.8664379673437502,-0.7797545396509277
0.5651280405091138,1.6898432187723156,1.0090774572558532,1.3699611186664247,-1.0434353036017918,-0.9543362793815056,-2.100054546044021,-0.3741715578025897,-1.527027413260046,-1.8701372887288408,-0.489909758681234,0.6746119838641568,0.199635571813295,0.5936016590045075,0.7625390438690753,0.1947043889993913,-0.8506905633425725,0.06386502707138551,0.5628889566977994,1.055692323028574,-3.411347190911835,-4.467111856566887
0.3120664240790535,-0.8559173973544878,0.1698934183222876,0.08375065859833633,-0.37618756084317057,-0.44325590029656997,-0.8194082017792489,0.36005719159510857,-1.0480947889652812,-1.3844314523274277,-0.9769413963645567,0.9090785317727362,1.3675730041164114,-0.7372233171217483,0.8016892496308459,1.5694768131037964,-0.23198262803978048,-2.299638230939931,-1.2123648751237999,0.3658656147203402,-1.0326905224301948,-0.11566605387797502
1.591261969800998,0.041472451654124866,1.5379946373664735,-1.160448734010973,-0.8989655484590853,-0.8107978125003745,0.5925542310567135,1.4206400328284587,1.5367019429115376,-0.40125967984201333,0.5464201554061984,0.7140533540973729,-1.0903047562830093,-2.3352388638580313,-0.2686943379129078,-0.2903177388090285,-1.2581592099601009,-0.8093617835960555,-0.08941206753245992,-0.11645721419275804,-2.572340232120273,-2.8231618816339026
-1.5519861531268624,0.8569471022063498,1.2981518231831393,0.35863051858503725,-0.07624420923990934,0.2732031115423693,-0.8416792695994,-0.14139364355516285,-1.2231449177401226,-0.672656882493298,-1.348341046261975,-1.642459655390526,0.604007763282462,0.3532950106525991,0.3562667905934725,-1.563772661061676,-1.298905019513318,-0.2500310984247727,0.043111388893878645,-1.8438888513562923,-0.9022028386644761,-0.7755333000383937
0.20713791665718478,0.4210181941836138,1.3222795999456685,0.09369300562091225,-1.8948419658587377,-1.8106497757413718,-1.8554110811348354,-0.28969693721526985,-2.4976113695510342,-1.6370937691480265,0.41622821614604155,0.21436028410998167,0.8834132747036035,-0.9801324273960998,-1.8774298287312001,0.3059735655279201,0.24064186076231822,0.2097591516139296,-0.8634691786479756,-0.3444550518150514,-1.17761841080994,-0.857290956558723
-1.1459375683406694,0.45489117558442854,2.589816279762673,1.7140133862884943,0.3071269932927064,-2.040648982073552,-2.479113205993457,0.10699324204965338,-0.8378096606172956,-0.7400572584582374,0.19750031251693195,1.3824507782770084,0.5183780451464987,-0.09126276662764,0.016394246821886997,-0.5353531701749124,-0.7646185923185543,-0.025610651060593688,0.14766183602004168,1.9198552643329019,-1.7953271430779245,-1.6563892894997918
0.43884881663564895,1.2163456964210522,-0.31958732953084495,0.2950058893843822,-0.4786172679274332,0.1031639380612617,0.6478531018747852,0.3671142366996706,2.2683623483324165,2.370847930304006,2.2049483298686927,1.7643654232883303,2.409297975837316,-0.03980292815001579,1.166798526483599,-0.275043492308122,-0.626253759615015,0.17305323824326238,1.1545266109137338,-0.4217633627933415,-5.054701163700901,-5.388389285617613
-0.5125448776779873,-0.17180718636878634,-0.2473012876528823,0.6159628168503425,3.2835820094342556,2.0049333906317486,0.36576790309470075,-0.9399251990046854,-0.751640751347272,-1.1901006628804822,-0.19014033405451478,0.29639205262213614,-0.25291940503336613,1.5925617647910635,0.15936482078694272,-0.023747928407113275,0.541657141608141,1.0433707703792456,1.6280991081249974,1.1851383903024004,0.7161013208357135,0.35383952382543316
1.0509127007885224,-0.05054422284757028,0.76981018899691,1.168423522078326,1.89441005442326,-0.4977029266486617,-1.0344950873188616,0.19561344670951886,-2.1983422709166343,-0.6730812901369386,0.5812769099657336,-0.20851715150938654,-0.47681404430561725,-1.168637252016719,-1.0359916809661154,-0.9445726762860392,-1.063644228582912,-1.1706701560703818,-0.8200321062954467,-0.655191582426981,0.15733248473269146,0.06432392351531493
1.8741318998619938,0.5956916021960397,0.5958886310385519,-0.2016509884603428,-0.6114304140729612,-1.7817433901755653,-2.251714784341773,-2.1711485646744624,-0.9264881568393882,0.4687496459409848,-1.3129220453634423,-1.1319754812778633,-1.7497498191339345,-1.1037455867243544,0.3797709168054678,-0.19712605389491616,-0.13971393198309062,1.1904077935937674,0.9917577350327562,-0.16237998883144417,2.238823773824253,1.6924531155959395
0.15891528583580466,-0.6372208238338563,0.045537692947640804,0.4690665114911458,-0.9494617759176959,-0.3230470430438083,-0.2633449497522585,0.34003198794256695,0.8899836595154164,0.8584753159563042,0.16666451169219967,0.8916197640298329,-0.3102846613695011,-1.298747923199252,-3.416573402804977,-1.7690305474506889,-1.595995360715867,-0.4535321996069486,-1.9338990996833467,-1.5274226157043698,0.2214326786348827,-0.4129838189154055
0.4702699058647204,-0.6567293115423043,0.0260620851986981,-0.469364675212145,-0.26309516733048194,0.38387436915790635,1.0170836112473474,0.5886425834841156,-0.4106323025656381,-0.601989442023981,0.2506248044987802,-0.759119144753544,-0.5337697686321659,-0.601070316413749,-0.3900490883414122,-1.0690888540971462,-2.1383752824601316,-0.6182113069744058,0.5258566518412148,-1.2891407153009429,0.336721558530809,-0.07146641244449822
0.36892616092640074,1.1225270016649969,1.0773376057242516,0.17782184312860638,-0.7281809030186891,-0.2939613776419786,0.06760746681876356,0.11677547194367723,-0.09761342981147202,-0.986410611447743,-0.12714650756723866,0.34419869986466617,0.34601641222399976,0.26913152240230637,1.5888384768824335,0.2536913494151843,1.2366010224073292,-0.017383326143105088,0.9516877046512469,1.543971482899,-2.357032773408056,-2.0839365478344467
-0.2930512034020291,1.2919105978643985,1.052152292140253,-0.2336640739984976,-0.44086115273353754,0.7605703571720694,1.1796826597479348,-0.3264485359520788,-0.28382463799524,0.03434375434104927,-0.42242659204699745,1.8307011614569249,1.1177093184596505,0.5053237316440317,1.2839691222736438,0.3257003621595266,1.0353080843491607,-0.9266445791163485,-0.8561982181357997,0.48042252360658433,0.7686171696723799,0.5213963950659416
1.5701977205904563,0.11540512819309434,-0.7129055777060335,0.13497023513552164,-0.4720780628505201,-0.468634331096793,0.5246718498790991,-0.20887038659361784,-1.8065438233799391,-2.0300440853930057,-1.0064002525524276,-2.116971910855064,-1.3158344258053352,-1.8635081604906143,0.4884747603593112,2.1193058700631004,0.14322736219022364,0.2939732206509055,-0.6847474194740444,-0.6102488789027758,-3.9049291783949567,-4.1545295079642415
1.8034693279567073,0.4975705259907124,0.0010695542640467598,-0.815719512098009,0.5847693625580145,-2.5336871824336935,-1.6503173203893724,-0.8648971833962151,-1.004958353215435,0.24537317041240975,1.1636727491670158,-0.6410257147192691,1.4924997672918858,-0.4863284144068116,0.8728226992256831,0.5661659427346736,-0.15313497464776932,-0.43108964789240123,-0.24456775200953013,0.058211286971875754,1.0810220910290578,1.4888378078523337
-0.9201543513719854,-0.662675121995444,-0.9987598036597065,-1.551643659132527,-1.4836345267049993,-1.7377245089747873,-1.2327270824538166,-0.24182928659143216,-0.01637641007794622,1.7016445273796195,-1.0634862000662457,-0.12528190025328684,-0.05708086046646525,0.6778508073750263,0.9594024715479814,0.3368141887415401,0.3179274930529638,-0.48541909403545486,0.2887529048980122,-1.4827779392531784,3.224656501887835,4.009375948914964
0.7768264386497058,0.3683444279227943,-0.2376358840196812,-0.3201975999538657,-0.2979667833172782,0.9745146213435859,3.2875449660225944,2.700211606060001,0.8605193110339573,0.9756667141905188,1.0709535200101536,-0.26573592821883657,-1.2247521845764713,-0.6671789843045697,0.3659058106176056,-1.2129140004654504,-1.2307728671550628,-0.11945550607043635,-0.023594044005518736,1.2147319121467326,-5.979666935246172,-4.968279124558895
-1.411367454077049,1.3313508592220407,-0.6662650973512082,-2.090439877619158,-1.0962399024606688,-1.530590202642231,-0.7988584909238889,-0.46327859557845696,-0.4011847388802457,-0.9301417237512992,-0.0903796426372024,-0.3200118242711068,0.7957959032035208,0.2416909987736575,-0.7145636745114196,-1.8188820493877966,-1.0584921645582341,-1.6284094836793042,-1.9833060015479709,-0.5348615716397527,-0.4507421116612356,-0.48566985671731144
-1.7776700611642806,0.3341603101122387,0.30539860134255764,0.11473046843479082,-0.8387683572710318,0.2425816479476647,0.11877507768173776,-0.5347895832243754,-0.09434152800785212,-1.5045057175347256,-2.168487698187062,-2.0543534559299714,-0.7244772348987126,-0.3650604069073752,0.7259124885614959,-0.4337783389223993,0.28078777913453157,0.041779098449571415,-0.7958115463383164,-0.06421954205793858,-2.8811279304592317,-3.0301477878926906
-0.06601185824526555,-0.5778391332613634,-0.2525472902277484,-0.238450249897776,-0.2523228965436447,-0.4834775975222249,-1.3718573840750918,-0.6211799425472703,-1.0057610108999184,-1.386511225044605,-0.9017077922016989,0.184831738205026,0.25316188204815115,-0.33340170443625433,-0.6615010526838914,0.21987991077737198,-1.9656941071135643,-0.29230871681976833,-1.7690996265941514,-2.110329018622112,-0.5626395938353626,0.028251194990844608
-0.5142658312634827,1.6222497215141258,2.2638126393292106,1.7437426636471232,1.1806460889529922,-1.0224561187065173,-0.37547150804680635,-0.6633755414018917,-1.0389441601102043,-0.3854086715521358,-0.6006975719344653,0.45248670434096966,-1.4503426571615836,-0.6602095312539958,-1.091425293587204,-0.9004676809346769,-0.18641962253396419,-1.0608268041363758,-0.38818419730496473,-0.3779823785579467,-1.303697252146221,-1.826713418421902
-0.660586865177219,-0.7378211597960727,-0.5027564438686825,-0.9163441477677972,-0.4520280780249489,-0.46692206011443355,-0.7628472360472881,0.9954201445472416,0.8573183938768495,0.09722068114737065,0.17492917907515212,-0.8017877340265191,-0.7791491741349826,-0.6667697903255472,-1.4131400944291737,-0.3711116013916849,-0.6234292456352448,-0.6195577870256337,-0.8023047391505548,2.1614952540236096,-1.304355654092716,-1.380464728740922
-0.6626151501743441,-2.12283436937687,-2.4469989158656538,-0.565924097516958,0.8744399331957297,-0.15323372136117067,1.0309860433867584,1.1577288007493172,0.4147697934277376,-0.018168201352744242,0.14755411018810774,0.8336760877781962,0.7609052304796705,-0.20568056761075829,-0.25370801204816956,1.588970477356352,1.0120427689168703,1.2588792882950137,1.0969937582270677,0.7852316297366331,1.0655107265693118,0.3907844191116354
0.10869890001512332,0.8315125286575901,1.0381186963402818,0.7475978040209477,-0.2270170693083009,0.22039518560428958,0.052167017565339875,-0.24087394130907333,2.1994510747156166,-0.2331319928474887,0.7135304893756692,-0.39032970814386797,-0.08154622743802964,2.1836889296585102,0.25840846749494434,-0.4976878744377893,-0.2640112785069786,-0.8657170470798143,0.3327567347524915,-0.2965377033260338,-0.22774242674508904,-0.41301036173688455
0.654009640149664,-0.8241067344994968,-1.9768153484738418,-1.186714483094429,-1.9517248753237793,0.3389970105711715,-1.1553501802831692,-1.476338122833203,-0.3799637330842814,-0.6977879431598899,-1.663856526286728,0.9347325222910868,-0.4000740576817702,-0.3700012758234961,-0.3661666746052949,0.4320624328416237,0.616440192864118,-0.4078106061191917,-0.48607995060965353,-0.43956056744060085,-0.5101336257515648,0.0230331601880108
0.7489594981989365,-0.6373167089673781,1.4290766553145062,0.057066227984537095,0.02095591413370159,-0.9941023658300058,-1.621289865147743,-1.5679221486257868,-1.6244588357729481,-1.1709865245004398,-1.4333018465766505,-0.11428485678269602,-0.735226372492123,-1.1416801098717366,-0.9111610741575058,0.4042431537380382,0.3882098018832021,0.1077712355675281,-1.1871675577705159,-1.5831983342466183,-0.17997632415457696,-0.4091169307996514
-1.2784099400402629,0.4925613886484827,0.7057618372670877,-0.393304330517413,-0.685412345987217,-1.057428431109146,-1.2958925331678128,-0.2493138801616766,-0.37367061178869787,1.6155088302056793,1.8905977870057138,2.0793421341035576,1.6210832623644575,0.4445081389823922,0.7399561616452613,0.06788010568963906,1.4458005279583277,1.0730164799260458,0.7637189754591851,0.49190764152001204,-0.9414756171592202,-1.276530964595271
1.7402664273617283,-0.37153099810811674,1.4062384591769233,0.5419053033207858,-0.9468080829023385,-1.1248367780276622,-1.9920594152850628,-0.42994636060888064,-1.1141612518759476,-0.4110101422069483,0.776755690425812,-0.1936058866997007,-0.3289875523572044,-1.2932423708110605,-0.9829483074970762,1.7376956956816005,1.542557730405927,0.5420155972859656,-0.25872957988168593,-0.16628639362858505,0.269480963780129,0.5432927567236319
0.13005075219370454,-0.29789963624824656,0.3100949109238482,-0.6706622921058952,-1.165319219263369,-0.26206093945979575,-1.1431039162409171,0.059795502656845426,0.017530378210648172,-1.5742506301168595,-0.6922962906293336,-1.805527931311614,-0.30229485127349986,-0.36654035305355304,1.4198157795140227,1.6376920283839582,-0.09974064180994906,-1.7998823774323955,-1.5538780595264627,-1.8345800044050684,-1.5218451971521425,-0.8007986984972051
1.825738086878007,0.903936286470091,1.26033254002844,0.38332225888080723,0.03606452035525647,-0.010223570164852844,0.953179375105772,0.7464646424147934,-0.5424456475253776,1.1339156378213424,0.31337215816555947,-0.237805920129592,-2.5693264319570055,-0.7352570538802319,-0.28014901488989474,-0.05353635033784616,-0.3756245736223514,-0.6859655490763642,-0.6630488129147649,0.06958467397831972,-2.530062261068994,-2.5802102932222972
0.6391177730336702,0.11947966190727694,0.8815438076363213,0.3723782568133494,-0.2504837589479635,0.04659104890272429,-1.1539676475249607,-0.3754438561731396,-1.5232908087354289,-1.6516830598676588,-2.5740795705526343,-1.4386955149221148,0.6746359195274794,0.23592659707594218,0.6753245866318384,2.3748258860649534,1.5373355720510802,0.10597471612969671,-0.4905029945219022,-0.2446814722184851,-4.443808148843688,-3.9433858311855956
-0.632894645261241,-0.7997648419909801,0.4533724936021896,1.1153636542029595,-0.8685688996560518,-1.1428400369313227,-0.9732596049999456,0.03219644400628366,1.0060307200953666,2.842988231341119,1.0182092112238412,0.14907297790904833,0.5842530744032537,-0.29869047230058215,-0.2714217891655301,-0.49514444032818317,-2.517991116465868,-1.1522724503296786,-0.7340654485797586,0.7338856593131908,-0.7535997339275348,-1.3140435654581006
0.005490407536357574,-1.0838979877872668,-0.7654691745814954,-2.1936654508662183,-2.1455183326113247,-0.5223948536273841,-0.4754005311973294,0.5612153050079278,-1.4227710032651328,-0.9213632311510482,-0.8724875189965564,0.39154539521707127,0.7784023455611053,0.9454078503922699,1.8076041758260475,0.5850293004641229,1.4487285697094083,-0.179944768596638,-1.0260399739809467,0.13887766653989464,0.648188180711003,0.8517765209242993
-1.5047407384095541,-0.2563407845782355,-0.0404305927881728,0.9080363957374171,0.4025382141154407,0.2498089184050713,0.5659408803339417,-0.29090090399189755,-0.7570430545954122,0.03234641991066634,-0.00919077677328372,-0.35733958808737976,-0.2503629274111182,1.255747577929645,0.24420859438272807,-0.28667667899545296,-1.6220284136014314,-0.8476929271687333,0.14503134447743216,0.7966844830152509,2.4095921966347253,1.547291643388076
0.10821760163058669,0.8818849568940238,1.0742065824947817,1.5009464633089973,1.602904336310617,2.1610931693724202,0.9335879915901849,-0.6824719811872793,0.23356130240707182,0.7927595421622048,1.7560356655743947,1.9876478308541925,2.6786524845693744,1.8761355358836884,1.1362235532154583,-0.6313187902741643,-0.048839969428917565,-0.5029019274417763,-0.06827791893310887,0.01307084471875905,-0.6356968537868455,0.4263824799725724
0.4717335888503708,0.1515759273961647,0.8855392019246029,-1.9155512124151612,-0.79323634356335,0.6447685247563409,1.9418937770111064,1.604844002134524,2.261573501029644,1.2770896144546624,0.6410238707003341,0.7789993315466593,0.38673333564248535,-0.48417477432282585,-0.688298527631654,-1.3073019333709732,-0.1960629797533411,-0.08816589085640493,-0.3560998751718279,-0.6688124669192118,-1.5029553624690373,-1.5703531645416113
0.505056346199879,0.9284161238459167,-0.5148457783856684,-1.3725905252825716,0.14033460709310264,-1.1207330145744812,-0.0862290009582706,1.357169941255433,2.080883445058307,1.6794581307723782,1.4535761120993667,2.67699711489247,-0.68314738910697,-0.7437001859217247,0.3629654032443868,-0.11061641553611581,1.018371302547627,0.47510403530237766,0.35164554749629523,-0.062052463265069954,-3.967878260406542,-4.682574580457202
-0.522510958808322,-0.7350666061537292,-0.1326964013655529,-0.7371411379675202,0.45692907513221603,0.7941747826826525,1.3492099585598991,-0.30307219196242396,-1.6233259586347002,-0.815287950027513,2.102790996836801,2.147964466742392,0.5938176451687471,0.664547115217296,0.9623823029161152,-0.703867827257904,0.8341968826371329,0.2721048942842927,0.057520532075141344,0.049358385327720376,4.338173773276428,4.783325931220077
1.1445401393084673,-0.08173686383406198,-1.5191478195592074,-0.4798864218403025,-2.00980303019723,-1.2656648776558546,0.39503084728945514,0.699025455259722,1.25221956033717,1.1633498217064386,2.66908580975881,0.8251124438140879,0.7573483682481797,-0.0007492738646201863,0.8282395691881231,0.3607943776988572,1.6689605196140487,0.3747801576934297,1.4059973964578825,1.2166725996684116,-5.291593043990243,-5.211992576176725
-0.032461069086996815,0.45353831013182516,0.45303075177025076,0.534781171579266,0.08823498118138819,-0.5634759799555259,-0.5719180919396544,-1.743605355126208,-0.14265403291432274,-1.1410103942017997,-0.7589930759933347,0.18172693072304102,0.8178023462235351,-1.1279924870663036,-0.643539009965815,0.07638108399539882,0.08323781402467353,1.2056219649490605,-0.10889466985822002,-1.8289690070740021,-1.0832875336083405,-0.8817696764263186
0.8103260167689265,-0.05996721522594768,-1.5529244387096748,-0.9137379763991037,0.608825479787841,-0.7895961185306928,1.628233779993066,0.08849014376241778,0.11959868195963683,-0.9960003034542857,-0.461964532695332,-0.3468112776916339,-1.4633451970475537,1.7155653432897906,0.4288080998340507,-0.21381308593028506,0.7323031457346995,1.937342390787847,1.9441941388447939,-0.06815543164106139,-1.3398350309624996,-0.9979512098863582
0.2139090094947697,-1.5223618589804766,0.019718577658172465,-1.4062551791069824,-1.3987203401520119,-0.7021327538969778,0.034320609850703634,-0.20881570766236504,1.211157200695008,1.2319224515481064,1.1743092412423801,-0.4775377919342909,1.2329268736848606,-0.07901137899813675,1.4652501976228933,2.4838973895167666,1.6859222752006544,1.7367106972294257,-1.8015314840244585,-1.069642787624585,-1.1121110940597485,-1.2344224146168892
1.1021656399200908,1.3517321983797264,-0.38044529719480075,-0.44459339677387255,-2.418853659175342,-0.8517645384152175,-2.0568925083403675,-0.04942372389881284,0.9995579131194826,0.08896524457039032,0.49592082044045616,0.059947400054182164,0.23947251549898593,-0.8738195475111258,0.1021846516397256,-1.370215775871838,-2.2698738956649183,-1.2405299675057795,-0.8032070302750792,-0.16578329898494004,-1.6156549437159584,-0.9679441432164066
-0.6495074902366537,1.3083031411582746,0.7932395713552912,0.5983013219512733,0.4699602092970517,1.1035255288642936,1.05060847839776,0.9081029692736785,1.0914324162322673,-1.034446419685399,-2.064678667942759,-1.0982081395814236,-0.7202946738580426,0.14198271738155313,0.08832650448644011,0.5480730670523422,-0.804680612748863,-0.41164537730040035,-1.367211891638894,-0.34857714699718734,0.6881121316965175,0.7435965223616303
-1.8782850423642599,-0.6374971274498764,-1.5909393457267114,-1.1276144848502445,0.21122287292095637,0.30252828289857114,-1.2739194182948608,-1.219269860000279,-1.9098668737601674,-2.422637350818137,-1.1094193757860207,-0.0694770886712834,0.3468373760619722,0.6953088187187331,0.33733930991120287,-0.06809321962824584,-0.9633519070725762,-0.8627961289610352,-1.57571933342323,-1.5197944836062405,0.12644680793721164,-0.13155031090507507
0.08892687043808632,-0.057559629311978486,2.6253525218536042,0.14718308518346757,-0.03474712762884038,-1.250361740301452,-0.961013289968963,-0.7810981581766365,0.3411384867804525,-0.21885340280513738,-0.2751143352929595,-0.5102234548523806,-1.4684581297969894,-1.2989662847390726,-0.9802500402700008,-0.4261899296479696,0.2709675852894718,-0.06768274440467013,-0.2522324230416787,-1.6163841219382609,-1.0785154270545743,-0.9709685713612528
0.539734517256621,-0.3327979900843134,0.480628709023463,1.3803847919106456,0.5274532090854537,-0.622486960580356,-0.32570490343030073,0.13913233691964283,-0.20368216802236566,-0.5903126752440693,0.1928768726934627,0.5273538626031697,-0.03621869428964704,-1.4505726658018843,-0.3300512306280082,-0.8295504578496695,-0.22915041257907448,0.016330796310224025,-1.6277110600785392,-0.7436367315560652,-1.2656792083289274,-0.7655771083360398
0.5145325253747127,0.8090564404290537,0.5061699421978918,-1.4592083709709494,0.3763804570622308,0.544146300153795,-0.7700319580238958,-1.0672387839513475,-0.3333733527560273,0.4220237041097442,-0.2115763776461989,0.6091377854375546,-1.2480127243458223,-1.5268023481838522,-2.5511928492743667,-2.0527720758485968,0.2796471147602071,1.9219325684960613,1.1641275892202616,0.029167882597005555,-0.15941035261826375,-0.6745030519190146
-0.22163990085105426,0.2991044196608755,-1.2040289133190456,-1.097813286704415,0.6937472108374301,-0.5587378796144166,-0.9280435306347213,-0.45259572406819876,0.018910527582101433,-0.5318141176863698,-0.19925394775997352,0.42686410630362903,1.9120991608315154,0.8467187407390122,0.38759484617652507,1.5166099577777825,0.28271339471037726,-1.0055666725964636,-0.2860613661055916,0.7889642275923263,1.558559124183229,1.193430643374804
0.361047135199866,0.09650554359891611,-1.2060926840093351,-0.6535955912060094,0.7411456973897941,-0.698203895163983,-0.5610592175995339,-0.6161012304276547,-0.912280497722909,-0.2414326287648496,0.263197286176244,0.5064377380806833,-0.5927232009159838,-1.7218252939665455,-0.6336775952872414,-0.754977539826387,1.214536450988606,2.239301495921635,2.8436386809625582,0.6076594178087114,-1.3897784700639377,-0.8691848844120671
0.5693690867423782,1.0389515488013228,1.1762298057176352,0.28119728013726264,1.248387941667188,0.6246053210927157,0.4232458191209237,-1.1201799264692398,-0.0017071201127579095,-0.22637671945368384,0.28932194199472305,0.3482754078058107,0.33083337576751637,0.1258275728297314,0.7441291392415117,0.1998185800545575,-1.1603286427414996,-0.0874343126240928,-0.7443364926884023,-1.5190126433698146,-0.33726569758021746,0.3097880849310532
-1.0222433341431094,-0.2657486288330559,-0.21646204983976947,-1.9551887068380158,-1.3098501464145413,0.35765887051993894,-0.21200408038727978,-0.24930893919248678,0.7786026110595643,1.078215211572521,1.4239700040373011,-1.6891168576447013,0.6567165605169569,0.8794972243180018,2.5714497175215465,0.6082106420664112,-1.223087701778626,-0.6052924839881683,-0.5411256750632939,0.29552677781835407,-0.9767298508283339,-0.5007676428314217
1.0749283445868933,0.46186522522556234,0.022473330043528847,0.4639253077848636,0.009975517684073296,-0.28944537736668285,0.7534625153628168,1.4677308848853299,1.672607746472957,0.690612668344068,-1.5078052879618589,-0.8822528797914788,-1.097556386435376,-0.6611233551869325,-0.9117434389357023,-0.4738329611715075,-1.1369555770350839,-1.6776116237856715,0.22007607300603685,-0.7297100896477644,3.764509787062371,3.4918732043187637
0.00033162525635371907,0.8267999180763277,1.2052105591380167,1.2909640171782075,0.9077721041028411,1.080891309668663,1.7295748593067701,1.2328677932352519,-0.974630007617417,-0.9450381870776507,0.13055507900850188,-0.47780346969887,1.1641513387504163,0.527360333175362,0.33750776822646206,1.142810933122074,0.4130528104110323,0.3591867962501752,0.9582571764080372,-0.7958951663548953,-2.55222609711089,-2.690012546592163
-0.2852981623876923,0.5754187362367953,0.34452076307468044,1.4430087386293207,-0.6432852932944786,-1.7852271101295143,-0.22604547871759875,0.6367883035530176,0.15103473657798555,0.42226909026201975,0.8565027188375366,-0.2765748520553057,-0.7504360754441368,-0.2109103467725454,0.6775088331632824,-0.670993901364159,-0.5069246285562479,-0.46497744186897366,0.12947448177599827,0.05720423148858441,-1.656811800182993,-2.05185315640585
-0.5458835838031324,0.8083478925314731,-0.06283673199982358,-0.28438123672943166,-1.5204680011349674,-1.3782521387135702,-0.24219107696098613,0.15655390022573887,0.5974738935104498,0.7759016034194486,2.195964192979864,0.45031735347472,-1.1773034245695968,-1.4984572949044148,-1.3586090127018242,-1.5230963850529244,-0.6804355191254046,0.744613210825725,1.7056904757723952,1.2895892118293035,-5.549899253523881,-5.386824144498574
2.141272215455086,0.7620079875153875,-1.0327989687792152,0.39567947711186185,-1.3944297119562903,-1.351066653569698,-0.22510292068685975,-0.20121642294309786,-0.26597815504117767,-1.1555832424789172,-0.587146764909627,0.5756238296183579,0.3051046377894536,-0.5664443837543244,-1.3636221909530035,-1.382940571082165,-0.3516992891874232,0.12171864340762444,-0.632400163322638,-2.2307739027547164,-1.5932081041303732,-1.1308409853803196
0.4200127636723749,-0.5674310308424904,0.31303009620168754,-0.4982951100290916,-1.1046944443030484,-0.41969645931792926,1.8319791980284947,1.5646685995168117,0.9003036733560528,0.760926383371201,-1.1360476293322699,-1.5399990874304932,-2.944527727942862,0.025850874078146242,1.335680539673494,1.0080310926154241,0.6210286580134573,-1.0332020294153341,-0.7065203513329457,1.1989967245696267,0.713309571308395,0.25388632710114545
0.13141599819578004,-0.4232901847991971,-1.7341789456117451,0.32829035240018245,0.10345082411551947,-1.4696507326438046,-1.535262926841662,-1.8740118407537654,-1.0510991604269364,-0.3459887653340518,-0.608793143950538,0.3685455205074578,0.25251750237760195,1.0462482635900285,0.2137849860948783,2.74422181852638,0.883249334582728,-0.3406820535699347,-1.0591433750860566,-0.7122517154313631,3.288816578367756,3.565540835093338
-1.7195360908666435,-0.6046691396663771,-1.9523760362041087,-0.8361768908139707,-1.588306782703525,-1.124363168437947,-0.038634240955709796,1.9760380450370407,0.05444318622707563,-0.10295713672128622,-0.6782719669260578,-1.0924657807990517,-1.165417957181519,0.13095352371894745,-0.357192015030832,1.7693659302439717,1.2449315681731747,-0.25222910658424796,-0.4436905567288422,-0.9162651416875067,-0.2607416828447713,-0.3540157107717606
0.8000686529471139,-1.0191904873186726,-1.670893204356581,-1.3477405685247859,-0.08242101197065278,1.0266510164091116,1.7089101164103453,1.3132766334429273,0.5848538725271387,0.9805930762309537,-0.5008700712286444,-1.847955051155476,-0.5458382910529572,-1.1438622028160845,-0.6284883905009615,-0.21064416052557508,0.10955576116152366,0.8669291763980835,1.1540628391184604,0.7459064314657822,-1.2341853881970746,-0.4592229686393875
-0.4420152804696266,-0.1276829338759492,-0.5801748337798543,-0.460199853385061,2.037304769643386,1.176433294093347,0.9781402697287677,-0.12189402907501241,0.8224624778170855,1.0696464707317679,1.1993700413561892,0.7857862994172162,1.2885280449855152,1.7455757083953667,1.117958710137565,0.4597221405865948,1.0045822732219898,-0.28070434707530534,-0.7621240154587261,-0.4272214586977327,0.04677055377278255,0.3316757659341822
-1.7413570684390163,-0.15396000326018247,-0.910887889833497,-0.8637671471933294,-0.616589121564102,-0.2742711752678566,-0.4347480551103092,-0.27571906593604817,-0.18949857738564663,-0.4818894542762878,-0.9105507695189455,0.4813085072641556,-1.5818145444018619,-0.9690618258456318,-0.8906097673958734,-0.0826208173035728,-1.3007649149792526,-1.0832092594451832,-0.6302507596821231,0.6115855506599189,-0.27937144860135255,-0.7840696090721092
0.33218496679558995,-0.8588383722950541,-0.8515864083127681,0.34154977630625977,-0.869126649963478,-0.5026712592536167,-0.25923417320853415,-0.4637150168456166,2.1027320177804105,0.6939300800657469,0.7364730937831055,-0.2953996901676332,0.30934332278471743,0.9087958415668607,-0.05479387155126474,-0.07477009738770413,-0.8127200729142495,-1.397442809880392,0.19916977813406586,-0.38019400378981255,-1.285423270214793,-0.9272859868798642
-2.413612328509277,0.32203711399857693,-0.5336163690312129,-0.4801734992088107,1.1809799693901473,0.4677377303419212,0.09241521829627754,-1.0174214476766923,-1.924518238679188,-1.1063538513198168,-0.23897444456939868,0.14510554272745146,-0.3442315501758858,-0.15457200622843056,-1.6683565311562625,-0.43566193567065453,-0.07804940594532897,1.6702157698469322,0.8415854487412125,-0.3955828819576016,0.24477132318927244,-0.1624805875364773
-0.050723134088844456,-0.3092445212138069,0.22184579697375612,0.13421210710079687,-1.0240397969765136,-1.928615140134621,-0.7366223877226777,0.8295011350491237,0.4834678508491516,0.9460700947506798,1.35015350410135,0.9061252680310062,-0.25230768563940303,0.04298792039485993,1.0668497450796428,0.9923235497183309,1.1441612500124119,0.17150382927530206,-0.08949158185310849,-0.14756665828925414,-3.3196585485821157,-2.154148700488019
-0.051338002536821546,0.9858125709604538,-1.539805790358429,-0.7434559476214593,-0.4405738546713402,-1.4080417571466015,-0.12225340357771633,-0.6885622730607754,-0.6534804808505251,1.274351857748338,1.5118387665275346,1.2534396667056342,0.9564823319299812,0.3356240830311936,1.8993235450767036,1.6443593194586164,0.173050392829955,-1.1259989444185565,-0.07210336265493937,-0.08443576708990255,0.35721669264981204,0.6369125224714051
-1.4289381669468821,-0.34330257625562016,-0.40463564326601725,0.25725148477169585,0.5111839900861147,-0.27118009982268654,0.41246959273280454,-0.2249636538695353,-0.48736852594730745,-0.704644822815978,0.6271301741039347,0.07058227139557015,1.223861795318293,2.156474102506654,0.4384875124740983,-2.310412390627498,-0.2506343963431051,-0.42147354866664916,-0.9608762125189797,-0.9902829418557489,2.337527307839129,2.423204630778195
