X1,X2,X3,X4,X5,X6,X7,X8,X9,X10,X11,X12,X13,X14,X15,X16,X17,X18,X19,X20,y,p_i
-0.16721641954226818,-0.9867706410093966,0.45683551159453295,1.886272732381115,2.447197540037972,1.2612120216438225,-0.5184860155886375,1.0318771454788052,0.13416148434152553,1.7366566047013563,0.6823213583325766,0.20313145746837147,0.009913215153322528,-0.4431901663789335,-0.1177460729309437,0.36282721552041053,0.28167452249809755,1.6048104063082425,0.29380697202691153,1.1008302054845418,0,0.017797808226722642
0.6119629330731186,-0.08822806957110775,0.8705871544242704,0.02335030881224057,0.1548817655383783,0.6973944910731164,-0.5254242969739307,0.17805448525161408,-0.34813247892280513,0.8771448805584431,0.2899853917050967,1.8100539839953238,1.679773948901072,1.386269815317309,0.5205958043805236,0.34082789825708937,0.23163121884770563,-0.16097135878774876,-0.3983253184819925,-0.1075997923391568,0,0.9361106867596152
-0.5638237281998494,-1.1947604971235442,-1.0437950320919418,-1.1857862668006132,-0.6325048657069221,-0.15042108766158543,0.20670792973808805,-0.5104580534025827,0.34687397795815583,0.4398321789237153,-2.1051159164520103,-0.06425178409170063,0.5096009119106174,2.3256743808639793,0.6306411636404867,-0.10555325819274511,0.1767759505895377,1.4464930103550477,1.1352525285347985,-0.1406392540277774,1,0.641266352795354
-1.491725960096666,-1.281150631833178,0.7052880153486945,-0.30094742374378947,-0.2837914684947097,0.7114293142855895,1.6010498019057333,0.1945187996820007,-1.0664220362991967,-0.9184251245315344,1.3355493535323897,-0.1147846532058358,0.12138603292997145,1.5445135329506987,-0.29291059379391704,-1.381573772963786,-0.5315923795378948,-0.5754126732804679,-1.2210588551275365,0.9291023391655054,0,0.0005899967805711337
0.9846615901878085,0.17837975651252622,-0.7250702475382098,-0.037204313222658505,0.9452419984377395,-0.1699714116520751,-0.3668519679829105,1.880768892482651,-0.08757407314964596,-0.6521252321512286,0.04992736999415433,-0.1630345596644754,1.1222394239493647,-0.4932387294211463,-0.5651066955364826,0.8797398012992799,0.7643903414600547,-0.8901384753924393,-1.5511574843561897,-0.7950130659325877,0,4.572621557545016e-06
1.043103998817698,0.6956362060635548,0.7875058023650089,-0.4501576257116872,-0.7143821245090005,-1.016700720368216,-0.2720907433832173,1.6345318633356063,0.6008938956295871,0.21115828826030453,-0.40928127329201697,1.0410787819949807,-0.4674320882208979,1.3725326189327904,0.5233354649424409,-0.057718326795838715,0.5086649986849205,-0.07204314117712557,-0.4348184476784764,-0.9927848052465734,0,0.04265454494670338
1.1287347669756658,-0.22447169730532468,0.6491713037943743,1.9682981719033412,1.4048011043164266,0.4216930961760607,-0.7898311072161137,-0.9237968151275655,1.3183438465090467,1.9593338178325714,-0.5734484876753971,-1.013759516714751,-0.3958368370418255,-1.248250403372948,-1.0797276940839238,-0.5322086986114771,1.6255393940055023,1.793853073280437,0.1404764104887229,0.7350061507679784,0,4.900214432844262e-06
-1.3028621564038647,-0.6652062289959136,-0.22856394090406618,1.3853543724188915,0.2720161336509578,0.17593381385696305,0.46991218826194125,0.14426920792757306,-1.1216851990638308,0.31378439943444925,0.5561198317787998,-0.47205255778301486,-0.14238576664446506,0.19154082680022558,-0.6176765354537666,-1.8373532294529038,-0.9239946389594053,-0.16057889387007848,-0.9118376476204744,-1.2109406396379883,0,0.0008282018963322845
0.20467242193211974,-0.30028780876085126,-0.2817917483382779,-1.7734340675027778,-1.4568842839892788,-0.02926744542222936,-0.12268653549877784,-0.08259088494062305,1.2304271115344394,0.9822367304494591,0.08864933634204944,1.019669024180565,-0.7215323055156941,-1.435739482594123,-0.2441514725345389,-0.6771776661171431,-1.9825947237729493,-1.1939583920025956,0.17955788582390816,0.8056077998950576,0,0.013274094457367169
-0.3142645405609259,0.4709643850232384,1.187491219459671,0.9148167179528812,0.36746943097001994,1.0834583048294082,1.1759511360316488,0.9417105219555164,0.865633521027125,-0.4836591980718834,-0.5707646090305064,0.4288486149990441,-0.2760278793966909,-1.1264493175341361,0.7515748231985748,0.1861867202721916,-0.4065943375061813,0.7643457653680377,2.3741005169049045,2.103581965131014,0,0.06684607369391897
-0.4124606967446021,-0.6069451466112429,0.48616236356156983,-0.9750523245543714,-3.282067061787732,-1.9774558844322947,-0.9994832678971877,-0.24077308361591487,-0.5512634523743666,-0.5122374098113687,-0.7634358862277186,1.0645333169800333,-1.1563277086650507,-1.2692393294605462,-0.06358037722708053,-0.6833424400979756,0.007936417199799277,-0.9282927712059635,-0.1245887934651029,-0.28817006153877367,0,0.018320560266981988
-0.795357460436017,0.5347925975239722,0.7786184302397691,0.7609516549611609,-0.1356387892283189,0.9009987305627484,0.8893608985445933,0.8685980582875225,0.7606212197195719,-0.25899502761891346,0.10246949168307457,-0.46969637201208125,-0.22293495872984817,0.8149129196964656,0.5335145164565384,-1.3647677773570634,-0.4542847291313237,0.6591579918268475,-0.49374992408151397,-1.0462861681766213,0,0.18679328145817803
-1.0158953817020482,-0.5305250054732209,-0.04808757302574772,0.20585731800573856,0.8142856413841512,-0.2492353713102079,2.1319183455127395,0.6064072575803083,-0.5715573032695748,0.7963555775455873,-0.4047396784609235,1.1278582711187068,0.4912250895095504,-1.377860086879585,0.09649315455532224,2.3717260945630003,0.6368662904244358,0.1265684740610909,-0.7436456402923379,1.3194790102339482,0,0.004073063565806356
-0.27849813936933615,-0.3854364916460101,-0.12008949897517471,-1.3959839094203166,-1.0699069019466856,-0.09080089549198417,-1.5301093715259237,-0.5368249688530652,0.07800911324680587,-0.18271192727508548,0.05380932581983674,-1.5507662573071728,-1.4320013874356843,-2.172208006888813,-0.5007495195324538,0.0005815420315484994,0.7756492401398098,1.541355809959378,0.9750487139016214,0.8649278966782771,0,0.00019197061021916282
-0.029361555552546863,-0.19434600304674532,-0.01700459538532143,-0.1454329049469084,1.6852801524117864,2.158963609952145,0.8565178640399427,1.0436814265457668,-0.1880900990692105,0.18665733127775322,0.4367719486531736,0.29208240404110747,0.533481980086936,-1.023326360038417,-0.980473971016228,0.3927611432639498,1.4549590743076999,0.20424730346030007,0.3546310888591916,0.2857945245952317,0,0.0004137809575355355
-0.9711929236973004,-2.140617298083163,-0.47224182283117644,-1.8122502164896117,-0.7593614617623647,-0.9335376615303851,0.6047066650758776,1.144379041525768,0.12066109490644741,-0.05406271723775013,2.2069161070884613,3.723772944717031,3.1341263879844403,3.6785913211823527,1.9722595916485606,-0.04959157569221965,-0.25146734589736064,-0.9617048107816407,0.7038540349966546,-0.4465353597305893,0,0.6667859727952316
0.37641101584338504,-0.010496461504272137,1.137424475399919,-0.9144168444294207,-1.146837861447779,-1.022339140779439,0.11448275065059814,0.12202970185561053,-0.8942646711025816,0.832215610706973,-1.0627287943054124,-1.47930694237104,-2.1574935534276376,-2.198462282400631,-1.6856060396772754,-1.8088771663644094,-1.456529656307537,1.0216893264366391,1.2056249176399152,-0.42298596654303083,0,9.302991062607904e-06
-2.1643086550998727,-2.123224236516525,-1.089031587052567,-2.8284959580758255,-0.5781078691782114,0.34997565646543466,-1.430609989741722,-1.2901815622201536,-2.5258386402569,-1.7009587883964878,0.6902475868289275,0.1942026966142044,-1.0732944610686028,-1.1516452867989733,0.25319376799050386,1.4383521430253376,2.388065968290185,1.60545930342166,0.6080101710408229,0.5275388135209701,0,0.14795141032910328
-0.9015636656759879,0.887218848402117,0.590024360218195,1.4261980217617893,1.166271886928379,-0.6892895881906695,0.6722506610763883,0.9216190053570172,0.4123732249005692,1.0408906780020994,-0.07835606152293506,1.325363249909118,0.24438384471255795,-1.6013008861853801,-1.2055001430051766,-0.9936693447150858,0.047627337890543284,-1.6805108192156366,-1.8328648926506623,-1.4336604093600458,0,1.0158513211107307e-07
-1.7636994359831777,0.5445303955437293,1.1258252459665892,0.6047597451094823,1.2778839506854633,-0.7570856409838393,-1.5572193569829986,0.4138764696044096,0.02928174788049568,0.06871849246579147,0.14778244028100232,0.06623042567231038,0.3274378805675069,0.24339781496467866,1.3853458158604954,-0.6540288184756768,0.49431847535606815,-0.7550043687704701,-0.7375828448752426,1.8552227956963978,0,0.017529581141974428
1.13260829050827,0.6662937631934366,0.036098344734659,-0.8538765997905852,0.39374864773389673,1.1055470077859402,0.07890947689360774,-0.43192221507616574,-0.30861914313683697,-0.36891549228920384,1.87739580852705,0.39055581589527455,-0.4906387420241387,-1.297411161098599,-1.6352527891756659,-0.07236755442974101,1.4416274825076003,1.729878445723124,0.32929869059525163,-0.6909862171084914,0,7.687070754365153e-06
-0.6282165727965408,-0.23405882032026576,0.22327592929078116,0.7787193015348305,-0.35181913248646046,-0.9736308668783087,-0.7567692010276238,-0.9453996002625774,-0.8202236644646674,-0.6699281486760491,-0.9533628843631332,0.20435011112414828,-0.22527732548117774,-0.40297185956723547,0.3018250820940418,0.4381560587391756,0.8086591523460062,-0.13045867837013436,1.207180835477351,0.7321156302684618,0,0.010053315668538435
0.05496455536358211,-0.5558077509019922,-1.1181956419319454,-0.5051189221579356,0.6658475974583187,0.8088173346044265,-0.6536546576614498,-0.0037507861342045866,-1.225147146992551,-0.332747864089303,-0.008901283037922396,-1.0259294267938874,0.21056652594472136,0.743716427943107,1.4669962863448494,0.5817850917688427,0.41546470781173106,1.0759642816010075,0.38301709331843337,-0.0993751539202302,0,0.1945985525229827
0.2830976039341791,0.576337789356914,0.9294255908581897,0.0010570041055259674,-0.4531134761211288,0.0076294221439857065,-0.47464940912779796,0.8139973867307089,1.615923532323649,1.043958305503217,1.2137889073470987,-0.23784882316308756,0.48299804486585207,-0.9393028451202079,0.5171820471796476,0.2091572713341836,-0.4607738041142087,-0.44803846625706173,-0.8873293599939373,-0.47613777761693676,0,0.005963915764475442
-1.2163241472338062,-1.4729222730019813,0.521977775093807,-1.4331711781613505,-0.707849326028206,-1.187926662019039,-0.8054505289059241,1.215133194545785,-0.2567706190666918,-0.5400856246774023,0.6836636620485023,1.756775096466,0.6606321966097659,1.0166678150175414,0.2470928382616962,-1.0322936866033858,-0.038008510033815154,0.39922620641531165,-0.10860117027959278,-0.630341207995054,0,0.7786434418061781
-0.5937315927608664,1.8067842239186818,0.1926541109087243,-0.8013203803992762,0.4505760269687016,-0.874858755057187,0.1461293384232684,-0.7991744559460504,-0.08799830234510407,-0.10245865161259887,-0.6940551935778732,-0.14396490561085448,-1.1231335096153983,-0.020279489995761436,-1.5253652381204656,-1.262010492037428,-1.698504255282795,-0.35832517963982957,-0.9008855433974216,-0.06966205314892744,0,0.0005453703908276667
-1.2755450887462114,-0.053875565309410824,-1.1317233479569948,-0.36004649756441737,-0.4627787183545542,-0.06689589929894649,0.46609975304302426,-0.46986900528795017,-0.1783514085948189,-0.20854464924067698,-0.8842787801033403,-1.4584001667748179,-0.654627625263498,0.24628376313585879,1.7729684022900054,1.4919665972805378,0.9104180899153541,1.040658207332346,0.18817824157240956,0.2922757610884352,1,0.6391116581041028
1.8020152797363405,-0.43831167682883515,-0.5197025140481244,-0.25229238581488805,1.3047127939459238,0.8100567591226011,2.040605932067553,0.4339576326211413,-1.2515595101262291,-1.72836844890836,-0.8784007316545426,0.01826840554944858,-0.18373059833890396,1.6258745464061166,1.235313399119714,1.6441788452615236,-0.2660476290468856,0.4931459084419598,1.3113216376699692,1.582347593630784,0,0.0006876140671598878
0.2875485535885197,-1.02889117975745,-0.06032681399267478,-0.8745065892914063,0.6218639416275117,0.49750680058053537,-2.6296987065536768,-0.48508014497814195,0.26020774289278736,-1.0618372455279252,-0.17146362695948883,-2.152026237850927,-0.5922642781690339,0.544593706098549,-1.2203800859038765,-0.6717089337632581,-0.11038081684195555,-0.2478841446446363,1.5633050371567758,0.6361137282891942,0,0.037983206632493535
0.6752719765901077,-0.2791106776550396,-0.660395469220402,-0.5256834000958931,-1.0176902644986423,-0.9010075611001004,-1.2912804798056463,-2.1635083670448405,-0.8519310822385845,-0.6792487229686519,0.8289372201855914,0.7934888518268736,1.6706561729999732,2.647440636928602,0.8898165258541697,-0.6361933852871318,-0.20691012119795682,-0.039374854807550375,0.46556299997487327,-0.23351020683786716,1,0.9950538052894762
1.7058887803590443,1.1006184782901804,0.4453153068750671,-1.3183113226480327,-0.18321612120682282,0.4462599540466622,0.5170764941901945,0.34030501242788025,0.04832379109075957,1.4663167697181303,1.2272776988357301,1.2211613369752738,0.9468777502471006,1.7822573678821088,-0.9695142778985192,-0.97384294332593,-0.9107863261457435,0.4249818171790796,-0.08282160258369282,-0.17305138323022842,0,0.05886197716167632
-1.6004539516885417,-0.5554866174559951,0.12011114469012034,-1.2662862086544144,0.9854037748889258,-0.086067842852748,-0.6368949435660444,-0.8956871887908485,1.3991663540945911,0.7410049311097984,1.0176304915234977,-0.3773650338627614,0.21114816178783669,0.3722040096090723,0.2055485504115331,0.45168175818666734,0.9136963404416262,-0.13887040930041203,-0.41029846554265376,0.4662675611779412,0,0.005909369640409614
-1.6356107503588877,-2.4747604019957326,-1.4972200502884812,-0.7066633100370318,-1.452625868019872,0.21820954419014815,-0.7094927026456086,0.5959200805011526,0.3949801061434681,0.17058121984597244,0.37454618021291236,0.5639516267735901,-1.0815216207397493,-0.7390217365993227,0.008777943641222863,-0.3106667726791191,0.36998549216880733,0.12245488680452557,-0.44115864608005756,-0.597471265053319,0,0.06599250422246479
0.02188330535096349,-1.3847066181318404,0.09584377909532837,0.643549396833157,1.0812042700168243,0.9114984111161766,0.5071593597507742,0.02227911750339085,-0.41275971186480137,0.1309613126122382,-0.1774103096186474,-0.10826587854724573,0.538416972358255,0.43574925955927385,-0.3068553200228538,-0.214312837018655,0.3111556102525685,-0.6457435075531504,-2.7816659881980987,-1.1113590733777898,0,0.001937827427202456
0.04079339778116248,0.44439734555147314,-0.31778200997558625,-0.2621096093920564,0.7698639119039654,2.2643289868751197,1.155990875263224,0.10922177576973041,-1.2384501874763578,-2.8092539356665807,-2.7114647998856642,-1.7943775871024696,-0.18371529680265386,-0.8835287845074907,-0.2583316921079236,-0.004161381429661632,2.7350197996608396,3.1889753149696136,1.5574966613246954,1.0514290551297174,0,1.4653251829193516e-06
0.6435927867068242,-0.19658631448877673,0.7649349419086506,1.2620490963143416,1.2411780762894138,-0.5550602116841965,-0.8713663385847592,-1.6775193822180188,-0.7472294926202431,-1.4478599408798385,-0.513323807538528,0.06086206943807433,-0.8661395863468622,-1.6517562902471061,-3.3164078261845913,-2.641104087275007,-0.5479791296209656,0.6013040168297652,-0.460271032157459,0.1221923993911364,0,0.00015425075151737674
-0.7929746948678904,-1.2951455496736688,-0.4189533821260257,0.4947611907682636,1.0540106736362662,1.7094896893837814,1.329185426459932,0.5429200468668034,0.26002452572205587,-0.11031666377846773,1.224535995074234,0.030140920771390068,-1.121877401510648,-0.9758832549709359,-0.42916728693728684,0.5009781628908053,-0.005567874787813535,0.20632585515078658,-0.7191961114238731,0.6101549273222955,0,0.0008629117923880495
-1.5243797614862988,-0.7571185732318086,-0.28220924604120906,0.9107325889438301,-0.9857389717920011,-1.3910342682347203,-0.81883400058159,-1.0856758501978434,-0.7250038179954347,-0.1032325531865377,0.06991706799200181,0.669346389070946,-0.02892650737796595,-0.33625475182647363,-1.3897514266815634,-0.5432626389195182,-0.34648848880250577,-0.3651870390773888,-0.7391370044690073,0.3251418914500966,0,0.00034325299124434865
0.5248362393564819,1.3003211210682857,0.6762839324791194,-0.7977909803032965,1.1664077067910992,0.27217339449671835,0.837495289628595,-1.3347377687168134,0.9230009101324341,0.44652909258018747,0.3974764670352206,0.6438664233167122,-0.14226023543674993,-1.3249032167422141,0.09113449012805673,-0.11016029855778975,-1.045671027348138,-1.5705160756204029,-0.7343049501821467,-0.9687296790689236,0,0.37329546830645016
0.6913868402775333,0.4729792971509051,-0.5036930962158565,0.8371049354855259,-0.5375358051010489,-0.3595016890209345,0.3066370526805814,-0.07489477031163044,-0.19780228741981484,-2.170099033110051,-0.7570512808961615,-0.4631188287389217,0.7938141780208463,0.2695138245451332,0.9117038176386454,-0.5095499682940753,-0.2419025094265595,-0.4265959687617095,-0.9585515820458491,-1.30650876041149,0,0.1251658073540113
-0.7308337719839213,-1.77173564696121,-0.980022934378733,-0.6736768677322489,-1.0826506503180453,0.23242565064216106,1.0693409537739997,-0.03672472050213565,0.07187473049555883,-0.8274414391312573,-1.514104629543856,-1.9422352773613492,-0.5220156337234803,-0.2592186872419298,0.9346668811418695,0.4919074967535434,-1.844972601161233,0.628800120309356,1.410889345653664,2.2244009199934243,0,0.6743565138637095
-1.508788270906907,-0.19310813743861494,-0.16329957514998356,-1.4448274136317738,-1.6623859264465755,-1.2262501182491983,-0.3888924019182018,-1.205637973225334,-2.186955928296791,-2.944889264014902,-1.9036700034736898,-0.5602314277539528,0.24042227319410986,0.5147900022731366,1.0426049150424261,0.09898793060653212,0.04063319311234946,-2.2369562537814596,-1.6433428351792048,-0.963691097282053,0,1.2849147981401163e-06
0.1653208172697716,0.9861082111951334,-0.9984364740707323,-0.8129479930800358,-1.443291175154704,-1.0836167921168447,-1.2024467921266877,-0.432079890172681,-1.131850569472688,-1.2180946075861885,-0.17384641906450654,0.019498054434456753,0.5516397716511786,1.2045250060546842,0.08881435132798655,0.5545741650719381,-0.15330258082185005,0.6411324151721262,1.1162364890832257,0.3063012807808083,0,0.06680154374192886
-0.5500989722540164,-0.7480364953356722,0.04983502979956813,-0.46898321502730966,-1.1142095126945972,-0.8030986526059055,-1.1043059125057815,-0.4109011238126238,-0.4570238194144618,-0.7697962716006598,-1.5396506895520845,-0.7215477644707656,-0.6406204625174233,-1.0020119644192598,0.829681366519326,2.215323014766653,0.3114106012670191,0.8409105975626161,0.16259434154531888,-0.1209157461529995,0,0.062122826381542054
0.43077303151450774,0.9869101445071237,1.6861208644419847,0.11856995889663999,-1.6745375226379173,-1.6156636543386875,-0.949427537185886,-0.8161797325078243,-0.3944880076337131,-0.1423663021405182,-0.16430191685046608,-0.22584522590815315,-1.1779535147073916,0.1928186629736098,0.38127924532662594,-0.7781332270047037,0.05191235949787733,0.7133947551335459,0.07327036432295891,0.434612873531163,1,0.15226625234480262
-0.001793320061907808,0.003829589706532014,-1.1211518638823121,-1.020138707750856,-0.21635349852887428,0.575626885700569,0.7954539883359195,-0.5018997122928893,-0.14347947383146997,-0.04883923153160392,0.3772633546295492,0.3079939418478261,0.5633189119528482,0.35997686844106913,0.16882201331596405,0.10165250843834349,0.8326185440064572,-0.1250737226575905,-0.8252134796280125,0.46625178231842757,0,0.18856594807728655
0.20161331989463518,-1.2618778265179147,0.596870937864017,0.9033773079515399,1.5753289518223725,-0.5165719617808527,0.23583924264357667,-0.8898841773276086,0.7341411602745455,0.8436546112307312,-0.3715907975140096,-1.0993890836408915,-0.6297831670373926,-1.0325547706971236,-0.9598439456028582,0.8122468152169952,1.495866296134063,0.7410599938524408,1.021006474251762,-0.028364276420103765,0,4.307047593869121e-05
1.1889859152349758,2.5961409045851878,0.9440639347249011,-0.047462514523788926,-0.10243085300042538,1.1575331482588236,0.6274894885422144,0.16927462518290898,0.47385600696177604,0.8234891807201761,-0.010359623145296157,-1.030754548631735,-1.060895853545935,0.07731551117511519,0.4551764320887934,-0.24267937069641682,-0.49385764814918437,0.01611121915812849,-0.2848281173762305,0.010929212834881992,0,0.009259140823455527
-0.001657763234190808,0.9024002770784676,1.0740625141119318,-0.9051133487995451,-1.9660112763443693,0.2264366200253633,-0.13586077253217385,0.5517079453199434,0.8350696177715866,1.1511305284707969,1.8649546603142957,1.864727095784736,1.8895613714638213,1.4046870986715105,0.24940996832448156,-0.10541009198570298,-0.6895023244320546,-1.0521506441954553,-1.4075057283329784,0.3684735838359819,1,0.6743200911085898
-0.49462280379235496,-0.4781359485448963,0.06215724133765978,-0.5974771393949164,-0.9859854923054726,-0.40496743679323693,1.7136077622092585,1.577766395217434,0.9974841668547301,-0.452714504405698,1.0014065207338145,0.31649530529535663,-0.1378427056516118,0.6832692459244808,1.4035896453357923,1.1542168687535592,1.4360432326393495,1.5629160403982172,-0.020545564499438885,0.026150435438930766,1,0.836521290908113
0.08544755885875162,0.4628436414611374,1.7993845427675745,-0.7784854423254611,-0.5270141344529828,0.38570605719582296,-1.2317812509503403,-0.9611714240259959,-0.12444652041151169,1.2490624340191006,0.6557577939720556,1.2120108588174394,-0.11454715547121243,-0.5688720616672447,0.3985605420543084,1.0374183209977534,1.344091725682767,0.8073354247426543,0.16816734018900073,0.7078729879677635,1,0.48830286238367315
-2.7902391866317573,-2.570683691026962,0.0924506758466632,1.3851229989119425,1.2373582776858927,0.4539388916788504,1.2779290048000234,0.2463749071027058,-0.8249824518319222,-1.2741265825584462,-0.6110823253055319,-0.4438601477011448,-0.25697789934158577,-0.059665029640027754,-0.8195579241320919,-0.832279629810998,-0.3553435717482159,-1.0897396867901243,-0.7722831932925878,0.19929768818150556,0,4.994113137420273e-07
1.7119312222604683,-0.966847875728173,-0.584883524784862,0.687838410021894,0.15242659997223898,-0.5264149355422388,-0.4088195751212987,-1.0611853595872842,0.2127823855994125,0.9306654743774084,1.3303699787065186,-1.1758629819038138,-1.477650548654645,-0.6054902110012749,-0.5392924018938322,0.005471956418226096,0.12891215283367696,0.8605947214340054,1.4704362498562853,0.5650089279225289,0,2.96573493041446e-06
0.11037700166369696,0.06389722202900168,-0.46250250269482035,0.9201556970575149,1.5225258781160667,0.10549942511251093,-0.7907439696762585,-0.8248283905969928,-0.20139173304247235,-0.650555943753169,-1.1450049568414786,-0.10730545245012682,-1.52552205784769,-2.074389796613032,-2.282740528728523,-0.6943268473527722,-2.1229439815518614,-0.7873042384584078,-0.4193709694083575,0.030910229259899277,0,3.363609046039551e-05
0.647689127813403,1.7492187443123512,0.93831937556312,0.4335879984915021,1.2355193013316526,1.0312654305727424,0.7206016261267711,0.8903723781771976,1.3727571148125557,-0.10946873691508038,1.1199401952096024,-0.7073627975782733,-0.4895644695076409,-1.130400543896262,-0.7449638175439639,0.08466935529644386,0.5236783146990643,-1.2108230072812671,-0.5881655236474668,-1.0258009261913605,0,0.00012748961419100185
-1.140300929803457,0.5005761966877517,-0.06431155531386881,0.7810869527573954,0.8630731495116609,-0.8513745044500454,0.5452173899549989,-0.26651908697459414,0.3777971282444607,-0.8394958522631712,-0.7634692739879182,-0.47160416689154955,1.7953594779895878,1.6128278656144392,0.007865165180919684,-1.025074698531543,-0.13380686430275035,-1.8214830328196585,-1.5734520131879004,-2.9075632496119357,0,1.2603728184980685e-05
0.5918886985854395,0.3057448604804844,-0.2692455823182061,-0.9915412328402017,-1.1915596237931534,-1.2259714743875165,-0.6797119594080349,-2.3875859991231727,-1.8022099693180516,-2.3629188810429733,-1.701218394510727,-1.2179701070387006,0.536223048025675,1.3828235999996297,1.3999862988767589,0.052447058703723376,0.8858567033799977,-1.4649620538910226,-0.9467934323111363,-1.3793446980926294,1,0.9941811182570061
-0.47462955386325284,-0.18021321812551547,1.6613539934804813,2.921363206671406,0.590974159060117,-0.7354961814017554,-2.446193239005213,0.06691981999065762,1.3438820414009407,-0.35605907920552915,-0.052373044591915344,0.6558601267111709,0.5446873737574189,0.37870025119056966,-0.05935851108965845,-0.5567502783907524,-0.1765684333620005,-1.6698945606838351,-0.29403632431430016,0.12997919223863547,0,0.01406630617231358
0.24442030910839857,0.16371174993307883,-0.23339645296013964,0.1259036860775187,-0.5250919779984312,1.9334591677386994,1.6278888169421952,1.4878244611543214,1.7868314211226728,0.43130040360533733,-0.22559082686471912,-2.192218826876295,-1.2969276310246955,-1.1915327345148383,0.6572654532675297,1.0160206761061317,0.18041577296392816,-0.4556022715710321,-2.2222097486364887,0.526258838580995,0,2.7425286784021873e-08
-0.3382271733739225,-0.45152883835713276,1.4103634152185807,0.11703870335811574,-0.5870002204971606,-1.1177515468018273,0.12458649733171401,-0.8722500694486004,-0.595168639774098,-0.3903126873199458,0.17159615156184416,-0.4359074217758085,1.1042652158073916,0.2342038029968953,0.45235083346204225,-0.8359542922941785,0.32198854785463227,0.1835709884002469,0.6094958776554144,0.3094114688623297,0,0.04170557073066177
0.47659824418171254,0.8104427140537335,0.13823810301943867,-0.7900509168563864,-0.7994508245768729,-2.731079081911257,-0.6898127289852354,-0.8149883352467673,-1.0465553228960158,-0.4108602875654725,-0.0047268644384926475,-0.5866740218378909,-0.5507420295126182,0.04639960630412459,-0.7508806175098297,-0.8768458599427891,-0.8167111739044307,0.21437967064926025,1.4033325728295953,1.2664339580669282,0,0.0013109927785655044
0.27701852490517104,1.3106113035593177,0.5460254752032917,1.181258027801589,-0.35098477962141095,-1.2459484484228918,0.5539912431871945,0.7802053569366745,0.32187856891940425,-1.6332447104801566,-0.7091045341911653,-1.1168133851665536,-0.8651175278371166,0.09233984466914925,0.3796882946208479,-0.24969682804613835,1.2920052759057878,1.002500632908357,-0.12555579186945007,-0.5877767069419858,0,0.0023246932827311337
-0.8518307448230253,-2.006549168177736,-1.2175169036891968,-0.36863992090326325,-0.09788179747049638,0.27830411375899483,0.04362210333017501,-0.9239505146532062,-0.5266910572827709,-0.44301653183920264,0.31107278072316896,0.05655061578957813,-0.8275089837032092,-1.264126876690301,-1.1776847459620847,-0.022866792343466003,-0.41410635636141135,-0.09256525157387265,-0.6325177474552217,0.20191855798135747,0,0.00032015218584554927
0.5329432887375221,1.0496735905838406,0.5053289368310496,-1.1995054428015592,0.03413861623126932,-0.06011510579397857,0.7426423335144279,0.8857455684648432,-0.15549386033744178,-0.509700738189056,-0.972834582833069,-0.7243826308894701,0.5588965738679602,-0.4077599270873414,0.057879233527580516,-0.4246697989568059,-0.671835692939373,-1.063195561879339,0.06632475244888852,1.7381724607943319,0,0.0104827970220519
0.2562716745159944,0.07955159540880981,1.4964769157399993,0.45050460774402074,-0.03872977625506958,-0.14890876828681127,0.8353566047631367,2.0041556356603065,2.346029764634882,0.7924695422236586,0.3787760499238823,-0.6037783332748569,-0.4388130798578354,0.45387229949126323,-0.778870988215976,-0.2833346181152677,-0.1609816637397522,0.3981338008591143,0.21123723884955936,-1.380438557727106,0,0.0027181974470038635
-1.3353025084421892,-1.0371253447486013,-1.4671930438897,0.22686783659143048,0.6391560935957452,0.5065273708882305,-0.15173042111046778,0.21361441844448265,-0.34305450639350293,-0.523455220679756,0.2640639689000659,0.46852242883312145,0.20488091456162957,0.5383800680017291,0.2446917945215523,0.35643789724198943,-0.5844817044450747,0.09789271320826343,-0.07306980453967087,-1.032904962645594,0,0.13276145108751372
1.2633106143089108,0.7596905915728402,0.9487045457418714,1.3652934734490818,0.682625636497384,1.544024219187999,0.19108406316761806,-0.9783083020992771,-0.699576898538252,0.06280913018554048,0.5152167164306478,0.9353093371975018,0.7599343068314605,-0.7125869944733028,-1.9265203046668562,-1.5272260860922575,-0.5055512159341288,-0.8854060799219281,-1.2851136050386902,0.94529527695113,1,0.8701733560863565
0.43599288663797986,1.4201913013522842,1.5955080449386903,0.918877392897106,0.64407100832215,1.8272736941671437,1.4444591276773702,0.49046707735471634,0.8942141565121355,1.0865365950487225,1.582639568004742,1.3156238805922957,1.842367822027335,0.42001819982823846,0.6754482166448785,1.3303028723719597,0.2882816607407666,-0.07306053233153728,-0.36243206472155387,-1.7795511977234093,0,0.22463973273365206
0.5245147387398604,-1.0851580540833619,-1.3308843592944073,1.224258860803075,-1.0026773433442224,-0.27062315735976794,0.9244735912306273,0.6360753166339451,0.5122704887301731,1.3329769279863741,0.3133825749349168,-0.07475008393848333,-1.7456723609423883,-0.835149845067332,-0.5045273942154473,-0.473230880094232,-0.25615350559876066,-0.5965159544753625,-1.5000885200532297,-0.8549197191094814,0,0.0008404141554164541
-0.8484932415128494,0.5939860692848191,0.07896329374626294,-0.15681749444155332,0.5001891852504399,0.04722082612640839,0.8872106066822956,0.07846273469684838,0.9952430319840018,1.417190465948642,-0.5489967291759317,0.1440169627039662,1.1437353551809268,-0.22390170659026395,0.262438296352607,0.27381609094296794,1.6466914411732156,-0.4895135618428663,-0.3909367600746866,-1.425970966528991,0,0.009900885708842575
1.2685026488765039,1.0874724219906713,0.7953271920532927,1.1918238829043668,2.388482301651552,2.9787295256134305,2.1171257850973264,0.677932788893361,0.807599856841857,0.08130795194053891,-0.5918568601565848,-0.5126218797484873,0.49031252513945073,-0.16582329349341637,-0.4341872694240403,-0.16801702481935155,1.0971182008083806,-0.0852415910722874,-0.4853656323160276,-0.8225672174084685,0,0.00013632868961814762
-0.7145050560467885,-0.855524796422623,0.29559166546487936,0.24291382613744755,0.6058268619510886,-0.8714769415039845,-0.3981266642786027,-0.9552421203953797,-1.1640810877480436,0.14362662514322885,0.7461768191163022,-2.198168074234272,-1.2476352516225961,0.6053491455304958,-0.19024446434399905,0.8712326652491559,-0.6156277203685058,-0.14613084482225255,0.5690364569602335,-0.30644152699903304,0,0.010142627047299695
-1.8054801748274873,-2.3124923782579887,-0.6708784071017976,1.1851484301482968,0.08085056594906423,0.5293627970596271,1.263936682726331,-0.006724114846252417,-0.7279994636327993,0.4598587552752986,0.6974917960680562,-0.01084276376763749,-2.050548927750588,-1.237700881727352,0.46509026832745326,-0.35057778760955316,2.6002844355793537,0.976803184385406,0.9849717735813578,1.4671448374253164,1,0.4659049906377019
-0.6021509035602545,0.6794095299471955,1.188866917532605,0.5428765744934468,-0.06495709898911795,0.7363316201712935,-0.4121485847999571,1.918748707964579,-0.8421543440237224,0.3771791636933173,0.4401148982272389,1.1565352722394617,-0.15495024541619792,1.2112510473003648,1.2082870686968679,0.35859512551290085,-0.06946231635109858,0.29058988906068794,-0.5837832085099675,-0.08032900039513823,1,0.6446869044177045
-0.4060416280457343,-0.28772693892354123,-2.275700509927219,-2.388021708303791,1.334687298783425,0.007297235333522244,-0.10817019919419833,-0.5829670426354708,-0.15586634321227563,-1.89541907885895,0.4484392445708698,1.5042840639374553,1.6971044416278864,2.9068421509523157,0.9254837228094325,1.717861860609738,1.192837258844749,0.28330745261844653,0.3969152340947994,0.018389147700088364,1,0.8805713873583465
-1.8181736496207916,-0.956605273134812,-0.15665416283163003,-2.0078054556453786,-1.574698645620717,-0.03547686014295712,0.6016124843757309,0.10736845174255816,-0.018712777259689627,-1.934838898004059,-0.7164804680334146,-0.48252488865273097,0.2038731948907229,0.37994773505784935,0.4887996631310799,-1.261149793106082,-1.549248804640357,-2.042738245734949,0.9348232752160716,0.040551138537630926,0,0.0524392240083672
-0.20599381452265392,0.03250717936273,0.4523025075064881,0.016731032930843142,-1.2753350666380803,-0.22069086534232898,1.9761411273793095,0.7111232967185509,0.14225033473939952,-0.9318347343397374,-0.25738615178353585,-0.0716987860210652,-0.22919529951808076,-0.714232553981475,-1.0682089662103897,0.19215967597009603,-0.31995747049443923,-0.6068766450524792,0.49818677769131453,0.7942498099534602,0,0.0013608474386342705
-1.0390716870220913,-1.2494431435768367,-1.2504371148763669,0.48710291674148104,1.8875546015886253,0.8922847487824856,0.3496888333270766,0.5694460277670113,0.20260131630789527,1.1389700483427716,1.3298452863463595,0.5239867611347757,-0.445359700285324,0.1292032561549692,-0.31470572623297177,0.2127774162160243,-0.0799717091621816,-0.501999229856837,-0.25733500405699933,0.16906741473956946,0,0.005016597891203756
0.2642665929001848,-0.009430286437750375,0.32914311446727396,-0.7254479752547185,-0.622628384016315,-0.09747718576145264,-0.9887896706860118,0.19203535391890067,-0.2840742375628199,1.2946995379743969,-0.6981894885789007,-0.9375587471232149,-0.3903127556398952,-0.43198680141334256,-0.6669941706696952,-1.3217706549566233,0.214588147078434,-0.4459449877743822,-0.7480318361268098,-1.1488264471622338,0,0.002279820476665274
-1.1217282369622108,-0.591513227621331,-1.1520930159375562,-0.7851987665990557,-0.7294023828890446,-2.0497824211219986,-2.0073529434406514,0.42822618442001265,-0.8309672807746462,-0.16934101213150035,-0.21589247298571762,1.1411276890459932,2.087960570510979,1.3894830258954465,0.01018757860514272,-0.6877218528231783,-1.5241848251595176,-0.38785871741315914,0.2369095677168642,-2.29728753393617,0,0.4007748616086609
-0.2981055346876691,1.0950838076422424,1.5779471097115048,-1.1649607573440885,0.6246982477418415,0.22673973077301834,-1.075503006154388,-0.05377839654418732,0.23183825560865387,-1.2861821336840957,-0.4363150316463792,0.6636017517308291,0.8924732459378651,1.5965185540762472,-0.07283671621274673,0.005514907137165647,0.34823255807188236,1.415909280742273,1.1319749300701765,-0.19369599434573834,0,0.10681726094804918
-0.11210053542978028,0.7513107096873346,0.8922782344210939,0.06092297488532616,-0.9189357207896435,-0.8745768862525244,-1.348757236225651,0.38254147027407415,-0.35942545195367964,-1.35776712811665,0.3863913293701176,1.0359817288112738,0.7138078604658554,0.2253509481957699,0.7806741059279164,-0.2465438594583579,-0.20398661927206213,-0.3246560984123476,-0.36979804040330133,0.4600461102584388,0,0.34970340015651474
-0.9279726060852906,-1.1555509194152385,-0.8255741362326678,1.6785204943343794,-0.4576820238691062,-0.548602031828348,0.6996835558009481,-0.10273325618401062,1.5419482155698403,1.2679449728289673,0.2139522086916015,0.48714193190384375,-0.5962328977444094,-1.9915477419699572,-0.5224861421484781,0.2187127592597246,0.0704851082661445,-1.1231721512277688,-0.7580624826507523,0.020997203806084292,0,4.772731622665061e-05
0.7683752520475384,0.8641689010203847,0.02125702814603741,0.014593752192647472,0.6902357017618093,0.5331277163626915,-0.2811790150482159,0.003753013786571467,-0.2374404930907141,-1.073007827134986,0.42151628825377496,0.8536211936530118,-0.18354173814312344,1.0020171840004761,0.35338761704215427,2.4205544501835834,-0.6951980197183065,-0.754818909588534,0.33216756428615457,-0.35272562043407246,1,0.2966490319244813
1.4159460407462774,-0.4665092768419267,0.707479921139189,0.406527714341272,-0.5874775033251989,-1.0474620467811897,-1.253815313901359,-0.06390062159630387,0.07924279767029807,-0.04627803856456376,-0.6391733033899553,-0.9669662190774613,-0.7566069765321662,-1.3856617756813434,-0.2155848091888492,-0.03174692865629182,-0.3817307292163072,-2.1542655424722756,-1.8056563829161976,-1.4129561541816937,0,0.06596523990922407
-0.12646426640910385,0.8692249373656018,-0.9756948765033158,-0.7472246181943302,1.0844960780615271,1.051202531283187,1.9401578727648958,2.2761837993858984,0.4713427819616575,-0.5369385757862135,-1.1795892996040656,0.9957049323596683,0.8744045493215062,0.6054724018609355,1.2378665273985714,-0.6604972433125486,-0.6358130954378389,-0.6967439181591234,0.6208026446619725,-1.0909160602789338,0,0.14530308110307896
-0.4968638378133428,-0.12718054342661153,0.02522089797868711,-0.049465367658356504,-0.1879803717634599,-1.6504654685145832,-0.7494515113981587,0.7673423630322208,-0.5947442883924956,1.1340508708076127,-1.0115723923169142,-0.8951891796526878,-0.6727238090771073,-0.7348347262556768,-0.011386535787954361,0.4093403781874207,-0.922086414530503,-1.0803285101268605,-1.6319042335144855,-1.4388265096384465,0,2.2483975909539342e-05
-0.27961469811876905,1.148187462547381,0.30222148081293215,-0.9802260705819085,-0.6146496112465449,-1.447570495283115,-0.4324640596004937,0.81603192253671,-0.3714882275593555,-0.1874377733810284,0.6220646744260022,1.4171827634727285,0.9640100336887047,0.13257131761405935,0.5730475813095851,0.5297819051720176,0.47519681658636,1.354369089240378,0.5878815655129203,1.4943348524858568,1,0.36179265042619496
0.16649045144272498,1.8261004967800416,0.40811530549423036,0.07910380036900588,-0.36059791748971615,-0.42371839848926746,-1.2921919762390133,-1.630148263856457,-0.11657430706472086,1.3522419677449693,0.07718200987372413,-0.0682317698065789,0.7245164701182846,0.7075755172657546,-0.5012510356532943,1.5200704913619492,1.4197404742956354,0.18209478587925385,0.26656609630894745,0.5263240035758864,1,0.10553855316259891
0.2125744847150913,-0.06675330146191762,2.3440808572938496,1.9633947650798682,0.11314385975566148,0.4690038114942672,-0.22379107909414128,-0.9288510551254393,-1.2355700652255341,-1.1839165001012433,0.7973214454406851,1.3588747055380415,0.18086268188562438,-0.5235977944505983,0.0697685746299808,0.20816619326256436,-0.5870809260712341,0.22656911033579108,0.44089387886988746,0.883685949678595,0,0.04096189373162225
-0.452409984436764,-1.2702912156920172,-0.14215553243455822,1.133001877338032,0.6832139726335439,0.3238649255943373,-1.8983595268329043,-0.5163686577388497,-1.2105754785753993,-2.03039186611589,0.5533992494277297,0.41672768905579366,-0.37305889679776644,-0.3348459540274997,0.3726030881970248,-0.32393910794753317,0.5259490943708435,-1.067562236558463,0.676498848814997,0.9497957056195792,0,0.020785582131242417
-0.49994441912345466,-0.6726696773999463,-0.4854581732650626,-1.1631049484910818,0.18689398354303277,-0.11897031625867092,-0.625503246509192,0.013957605977157365,1.0821859479402895,1.4854241942014896,0.6953828227013372,0.693789661864525,0.3348689419503153,0.03236647357433461,1.4225348278134649,0.4337392800752616,-0.34776928001945817,-0.2694961279520839,0.8294869621398647,1.4359863879900587,0,0.5115345701771871
0.5021158145969148,2.4905316049012667,2.352584269017031,0.1484361257818592,1.8917361026128316,2.2345139832794696,0.8823863711159143,0.34995812190517156,-0.03840492106113456,-0.4929783639015798,-1.2161314615472607,0.8739242106058738,0.46054462268589647,-0.27093987319305307,-1.0674505699284413,-0.22773068160611484,0.12496154857323964,1.1156927651331567,-0.31632565972498644,0.3827507787909001,0,0.0014531676198580813
0.5122649887187393,-0.6057328294713878,0.11271609474897729,-0.34922901564203523,-2.1946261277408974,-1.5986218435539599,0.632007291725499,0.621819820608593,-1.010228126479156,-0.4998518937747948,0.19372392033616162,-1.6242893869053041,-1.5173717115705445,-0.5436727968459495,-1.3568090561975081,-1.2176470864749624,-0.08623125792221198,0.8328293514536388,0.027738393388167186,-0.20490504259170872,0,3.815299004118025e-05
0.6770167979463244,0.02589564038794696,0.8388028482974602,1.3414045767424885,0.28697093026776344,0.9464210966048263,-1.2209976328454877,2.1474109405539448,1.2526774788987418,-0.6403266439807198,0.12791878300270537,0.600880776324026,-0.02126783232866706,0.739042922613913,0.853578378975968,-0.2967984922406959,-0.8313322640098124,-0.2366137383014515,-0.8023321234443261,0.5087854237634809,0,0.005064909305962304
1.375756411152484,-0.25047223790590517,-0.607088477221344,-0.9645091823208858,0.4765568681459201,0.33402843358378,0.45295847098538566,0.018279021083132275,0.5669569628716318,0.24572680475255232,-0.40257447524234924,0.46461554982989495,-1.163252653897289,-1.7659021912909243,-1.5024105912446615,-1.557195916158163,-1.5885533575426096,-0.7090360175028462,-0.6444180531290534,-0.46339959231185407,0,0.0025330118573823174
0.21045320441604418,0.193504878321333,0.8809336765437203,1.3156510859878698,2.4192644979898477,0.6211794648883285,1.13119430231028,-0.057600554860582645,0.7617940305856459,1.319651472275491,-0.03444855592688671,-0.27185716054283093,0.06328719225893752,-0.7111947600734845,-1.6461334532869627,-0.9433843352800678,-0.3269997601220662,-2.616280676446391,-1.3009343033251781,-1.7828999054453138,0,1.6084053817478547e-05
-0.3845531395158632,1.363278918375189,0.10074850176702402,0.27888353195057924,-0.17927899563269956,-0.4202913484664563,-0.4341844756383765,1.3007929298565772,-0.38457995290506164,-2.2136514814161945,-1.4677748069331058,-1.0889907481431738,-1.1697386386912592,-1.0475207947005434,0.7234988146355025,2.760674628114573,1.1471306225817697,1.9495340344021714,0.20869909203257778,2.1195755851679525,0,0.04045761670617504
-0.55456193215868,0.8887207347668605,1.7213730951717179,0.8535411410037584,-0.10947994454213204,0.1984274683033297,0.6154986107466506,0.17360639292541497,-0.8608655981147575,-1.4254419939100067,-0.1259680250075088,-0.15725367098549342,-0.690591081753569,-0.9076715044840888,0.19664931550341055,-0.21706054354395912,0.1299742745232525,-0.7094243052085394,0.3035176656759993,-0.675004509801847,0,0.0062968742023759286
0.44927460494536414,-0.46349113816185894,-0.7508628506420816,-1.4393324926450226,0.24935016759898265,0.196303929204078,-0.9787924912135684,0.0037210998454696776,0.5806396148548745,-0.7449210409895085,-0.840317769885725,-0.5172318152972161,-0.6815086769156167,-0.0934395672158899,-0.09188977609361768,0.6027133883472959,0.259694612204055,2.160672318341395,-0.320444053328945,0.7486421225819443,0,0.0024044178616343215
0.07921176439828521,0.33482313086215393,-0.5845266358637394,0.17695741947770172,0.6025790276581211,0.464423219940576,-0.07487691258517777,-0.45255429377176765,-0.3035249354995062,0.4472029913149479,0.7587845617643552,-0.8836184276163379,-0.02310224530035841,-1.032371406324012,-1.1206787398920828,-1.1975731263546159,-0.8615597519085041,-0.995450374841017,-1.9256854042166596,-1.2891572763376666,0,5.2095733392548834e-05
-0.3478943822549491,0.3252259363393599,0.1805407246481228,0.5603090369416821,-0.1396100326908892,0.5198883786776483,-0.20759413644738622,1.1188168207443805,0.8595555866231369,1.1449759801801656,-0.35624957736038526,0.39786128469173193,1.4279815026585676,0.3839094388557226,-0.00866793298228135,0.8700066733648442,-0.513951178718656,1.19855686363207,0.5379314243812342,1.1877578887643137,0,0.2522237263820106
-1.004372146235831,-0.5621228500390018,-0.5432344452161314,-0.3765613181962021,0.5686336971859604,-1.1023308505284384,-1.204207997759237,-1.0494785533071367,0.4850854101256304,0.9793128136088299,0.2560802879839534,0.2138416649993938,1.0490122181719934,1.0876748095140065,1.6477174923236495,-0.32356327603133256,0.945709697917289,-0.07528689967291133,-0.6043978386867553,0.38558278437117804,1,0.7888889988851823
0.9333288914017023,1.443221531543065,0.6406452249001654,0.9673113870380377,0.10147886832904383,-0.5594986095808895,0.825953915299708,0.9487423915141583,0.5117817957277974,0.026610235800591638,-0.932919513307853,-0.15328494678503388,-1.0050318466919863,-0.6469556286369925,1.1159292607508242,0.7013762524667415,-1.0289758312852557,-0.39941881339875285,-0.5579916822783064,-0.8793133196252484,0,0.010389702054241392
1.78099922751758,1.9669919176930162,0.7266143795699987,-1.2686648306309891,0.11288373648083065,1.738541628480311,1.0630952111438254,-0.8206529204734395,-0.16629306008545372,1.1735604593075166,-0.24618570064319728,0.09789473100274415,-0.7146273728842398,0.4660027987807089,-0.2724084700018148,0.12886346833869386,1.1636244646676832,0.8389230852833941,1.024847700360616,0.9341577173335622,0,0.00021324048357423113
0.2500324126227981,0.0023943012699985783,0.42008847591781856,1.9818866961485868,2.041162115178618,0.4002570062098733,-0.78420123168341,-0.15230797047434344,1.4601775077677677,-0.13622881420582064,0.21046377450730214,0.040610878983949966,-1.1685422969438528,-0.25132705582611453,-0.4205776438346076,-0.039607447879286224,-0.791199961148477,0.0020830127862071376,0.5369301807461334,-1.3198934646655671,0,0.004604368973090913
1.2470209094420879,0.5697062003569421,-0.7712628388281764,-1.004420598106245,-1.5953107681937269,0.3334816980718126,-0.4497545648814924,2.2806077105789657,1.4288234738955459,0.1363494781133117,0.5529717273172323,0.8860241253655777,-0.3396987176026336,-0.4774273926806839,-1.15190126672612,-0.20331471350250685,-0.9512235122267859,0.5907803181457648,0.9762629206606558,1.1398907518232235,0,6.670279211581149e-06
2.2867553377348138,2.6680152780448467,0.7703668512319652,0.9671237584404233,-0.7105561698263767,-0.670724925202486,-1.4081315681588689,-0.09079324483297499,-1.271707731001617,0.8989136692869414,0.36102148375652193,-1.0503721053641526,0.5964232710929968,0.3523563288739558,0.4749406502206546,1.1581331401843467,0.1527081098430326,1.1790601608531353,-0.0883903362685913,0.39399631063818497,0,0.0002259247672012138
-1.3417024992216187,-2.263181774234121,-0.3853206664732957,-0.8855835638041507,-2.385439386183051,-1.1546540503609224,0.02338349717668597,-0.7764648875798065,-1.443106611469588,0.2833886698908285,0.6211122833329811,0.07930077497760073,-0.09177441847804166,0.2569960717648265,0.2615704816810246,-0.4795406091010341,-0.26424229574574454,0.22525310469102286,1.3218717004905285,1.0149965521326305,0,0.12326961809440856
-0.3726855451784872,-0.8286486920284292,-0.38980041823880335,0.18046133052692948,-1.1645658837198363,0.2628566939060431,1.9487343978835054,1.3576742570986977,0.6351652365105557,-0.3896108025752249,0.11493390932098688,-0.21055176608148096,0.7790312122485982,-0.16147201493992552,-0.7553011381383568,-1.7311321046541293,-0.9353301945502114,-0.3910930046534349,0.9748282456669217,-0.5304125244374419,0,0.0670607263754139
0.8332966459767207,0.3273342069436316,0.7228030395483368,0.43495568657631556,1.6254727090193994,0.18176312252993887,-0.5609092548917207,0.46117510049414284,0.11299272582346895,-0.7126679057462174,0.18808913205503666,2.066707069911242,1.8035668424081168,1.8586889241809121,0.909080734976048,1.650049903385136,0.5785851481505887,-0.1392671861508349,0.7900913943786403,1.7100673233865864,0,0.24285285133171436
0.3999604636817444,0.8258509526326836,1.8722429980325648,1.8418812779821823,1.313268932603224,-1.563531746537953,-0.8643110621550286,-1.6030837075098385,-0.8977104437539012,-0.229045256760935,0.26551060835969137,-0.33494366367962325,0.3443281751943898,0.08424485344608389,1.416904890455138,2.066463480165483,1.9513653849090145,0.9748653568752785,0.6187476739418993,-0.36392322580425934,0,0.04726522142722774
-2.081867400417391,-0.9223333874655483,-0.8901441043530073,-0.6547520964438749,-0.9127558529588752,-0.8263708755342002,-0.7049795258103358,-0.17472975709087102,0.29945578623445107,0.6695230491469231,0.917265041649933,-0.32595375167262114,-0.9695884234467185,-0.02951818216810589,0.5287370477268227,0.01693520350306444,0.2723621442430784,0.8705452366085988,0.2552480806003592,-1.4439951611722663,1,0.8597960331036901
0.7167210090054407,0.2647364125016804,0.13653626068478683,-0.24986247749115276,-0.3881415612009239,-0.5448998635904984,-0.40511541389947053,0.02973289480424903,-1.3056825881935714,-1.6047049863327392,-0.8297162975362448,-0.880540856119209,0.8243967501071031,1.3254840485691168,0.416354665987489,1.094119026718955,-0.5542848209599478,-0.6258225407688854,1.334800252099536,0.919913334981497,0,0.49974727917394157
-0.42255840227635494,0.10830619180474865,1.5120075133409125,1.444665513242393,1.6576259677298544,-0.20464514019427654,-0.04228166935525379,-2.862920548064764,-1.990881888665972,-0.46541806768014055,0.9604119179885791,0.07848788811055256,0.8790712937175312,-1.6942062026405873,-1.3146635387315657,-0.5519626130346457,-1.5292093277646857,-0.9641922593997714,-0.03766792079600447,-0.07510990571165822,0,4.325396489774162e-05
1.772479961647572,0.7221385685687698,-0.3650156249965611,-0.738426238964407,-0.6449652627590888,1.2123196844681055,0.9065939785463847,-0.14989035689170127,1.2288223610525844,0.4353110695342428,0.04594608574224399,1.0151813967268932,0.2722208686505427,1.0048789666995015,-0.1048357468223288,0.07510914639923809,0.640604243122132,0.8518895114271872,1.4377425134633388,2.4182810711132925,0,7.320269767899222e-05
-1.1505866523711996,-0.4140231904712905,0.6071522568577478,0.9114950144593352,2.5380763440023637,1.4681585792573426,1.2101271008653975,2.0125129526498613,-1.4511023444253834,0.1824247733635977,1.0519031988725478,0.42630257926459225,2.4432872154963388,0.6210121598712195,0.9327344550161984,0.7818878901164186,0.04745359058782315,0.16218817516227477,-0.7274011647792114,0.6612805354148461,0,0.08068416893217834
-0.04006624316943839,0.44820815789014856,0.4627338976023595,-0.6910403008599678,-0.04469316711674286,-0.6888901509444164,-0.6440570168920492,-2.0037130318331253,-1.3223828279008691,-0.8250278714991142,-0.6909145512504011,1.4051619386799539,0.10785858224927199,-0.8323401359569375,-0.31619377378538926,-1.0141507607523368,-0.7213319299134918,1.1145055581559515,0.7801658977205822,1.4372825532720321,0,0.005413177011080464
-1.1281083735523545,-2.4841703572549156,-1.2138957046690286,-0.3779814106814359,-0.13121240215211882,1.4170054232510079,0.5272298425325969,-0.27331902579971334,-2.5070910026469866,-1.3507313036537552,-0.17641337328936524,-0.4242018953119481,1.4986824519044817,0.7088901380378041,0.6338063654225894,0.7039974377735922,0.9786307268663126,1.1424509974449166,1.3082951445033166,1.4090839693256656,1,0.5352328686044935
-0.04059484893050942,-1.4465805356408565,-0.337266549840839,0.07633362827984069,1.9319484852891509,0.593877675382632,-0.24169293160425429,1.4100621405270108,0.4794639502989958,0.3917270659195158,-1.0938066268884108,0.49252545165807105,0.1461050671573986,-0.378967697638878,0.829749889100156,-0.5368552381515379,0.20466561244298748,-0.8346408506496859,0.6637866086507795,0.3101747435927674,0,0.0940100430914061
0.7559895211841098,0.9122083883740213,1.0521334482729026,-1.1119531337452833,-0.49792815621036246,-0.2921233293046726,-0.40214319333061443,0.916465317981517,-0.9423882077782452,0.2935614539112766,-0.13128553083235428,1.1513362004481662,1.7224563814237839,-0.5942835758183157,-0.8002423102065288,-0.29496468693177247,0.3817518714142375,0.9252537876232242,0.05430010263764456,0.017788153437814102,0,0.0011025890991143133
1.1460615207509128,-0.19303031702032364,-0.6231382807004491,-1.366834098563181,0.4002896045243527,-0.1858311047286488,0.31758946608367244,-0.3353020323422889,-1.2020848194226001,-0.3699200879074116,-0.43104280754030155,-1.6769317112278517,-0.3121039341353177,-0.28001966975252635,0.08754412510641343,0.5657754616355768,0.46882496139348817,0.4257063780330461,1.5559403399936957,-0.23635620114424286,0,0.00032287990080134935
-1.8332257258503981,0.16649077955133582,-0.10705993885635914,0.11705368926878787,0.0754932397222966,-0.3639551484143616,0.09149163040844854,0.7746558829777673,-0.44469872451991815,-0.7069234732583035,-1.9440414974257516,-1.6220480454942807,-1.239217099969315,0.31351869549923117,0.17280860944787077,-0.5541230234240871,0.7096058272043441,1.214160513326681,0.6211618458706026,0.27694410275544407,1,0.9957784249042132
-0.6494609277721045,-0.7331117646027204,-1.5798002201658436,-0.8257008272525496,-1.014147151404191,-1.1939148355612512,-1.3794229851188236,0.5220107445058453,0.6851753269598085,1.0667583245353158,-0.18628234064051205,0.39808597524088224,1.99472918242474,0.49596427832848805,-1.2045494868934348,0.13133790729127148,1.9147279369880637,-0.20583073414918732,-0.16778993283151247,-0.3665802057110334,0,0.023345158184520216
0.22522820143056718,1.0286559545954246,1.245995336522434,-1.054385812198977,-1.4788636449814505,-0.5446464442210405,-1.046021265666258,-1.9815019040313808,-0.2604091626576974,0.3697966301693291,-0.32212646926068117,0.0672597592254161,0.4161158236014769,0.7092335875559276,0.3470496813248996,0.31167595679064947,-0.1056587854635272,0.7571695899529685,0.4022326891382174,-0.312796108356847,0,0.28206501919582855
0.8187985853322458,0.15293255790003749,-0.730726635100874,0.9185858927374785,0.8522814292053206,0.9544221126273471,0.3170832522549034,1.3071277238897026,1.2941715230247497,1.1475266051311976,0.8490872545212779,0.6620073105126107,0.5318543209267724,1.0923503829833885,-0.43858692276333744,-0.869329778010505,-1.3656369030306215,0.21072046310516182,1.5882956774837595,-1.4914982846608136,0,0.003448011538452821
-0.9544132652647977,-0.44491881326590843,0.2589637412456546,0.007399030931762646,-0.6993610708814338,-1.4980127839659672,-1.3906581782266996,-1.7202886269577653,-1.9905217893413119,-1.1649615423322626,-1.019780688496856,-1.3921826711637177,0.07648989670746108,-0.9691895541180696,-0.7206998868405469,-0.05998256867923624,0.18899839484984335,-0.516377657488173,-0.5612043256464171,-0.7219461103266742,0,3.914109836513254e-05
0.9843439856257789,2.4986685921359917,0.09031814298134107,-0.3604692694635237,-0.024817948671656504,-0.9501810324481332,-0.2788629561498982,-0.40940133206083656,0.03176660046064836,-0.3456699874361107,0.33703483398500084,-1.2386441655850484,-1.5221528633546482,-1.6097451763879802,0.8553413023738515,1.4533623058192704,0.46421818280610355,0.6307372939594912,-0.11140779827411304,0.1326850081635901,0,0.0010427465714719232
-0.5359472772697403,0.2434367007099035,1.2463804340969278,-0.059591340908689505,-0.8534216830504833,-0.8501845186711497,-0.7162871063248535,-1.094775880371464,-0.49780429795419323,0.5647499594721551,1.2417149246945889,0.0948041182419335,-0.906194542157406,-1.1662712628886456,0.10217744194351122,0.8963417761281277,-0.2569601561808225,-1.3286955454356875,-0.226314164316998,0.2660042717452245,0,0.003807412308147746
-0.9948845958625442,0.14623935738431088,-0.2567905327241947,0.8198644736908304,0.4674537978508997,1.4731921220135946,-0.14687250045253084,-0.5646784874397863,-0.734029903619447,-0.39922274819006304,0.776138407919114,-0.05785414333656334,1.0437824952195833,-1.5397765530556666,-0.7219265264030909,-2.2913418836245425,-1.892251580985539,0.7764699430604368,0.8223360286512197,1.9215157514351855,1,0.001267426914923451
-0.15335080553425087,-0.3577524111899305,0.6354426995055761,0.04233837517457217,-1.288849429555592,-0.7197385699198106,0.0016884650435236733,-0.21231991002091619,1.01088778049649,0.956177792973084,-0.3825343857363614,-0.32478054647951726,0.7252460160482692,-0.673243375459744,-0.9189824940327971,-0.5058907207858319,0.2745790878665564,-0.1943841447196643,-0.21932866339061996,-0.4243554410084305,0,0.003268331155768488
1.9379147469974671,1.2670071360497281,0.5120960366145766,0.6900626181603015,0.5670835226468353,-0.2786263743474116,0.5012529810544932,1.3879106084525443,-0.2682190568908102,1.4886142440439996,0.6396823283869477,0.4430794727090353,0.8796757764064588,0.4206697615482454,-0.18786595273857185,-0.7577538302432051,0.41732750442561656,-0.05946664524785436,0.30843935543908296,0.9283041178813082,0,0.0002930401034767754
0.007848377492413388,0.9700207359622133,-1.496557652214778,-0.6569006861220641,0.8430475655856474,-0.3683001889855332,1.080030819900171,1.0634431788523984,1.1836661819997294,1.6264420067791394,0.8974691262489971,0.755556730434293,-0.7840134211114176,-1.0486332821499893,-0.3019774321417074,-0.9454331999335321,0.0563177565987849,-0.5921475578131733,-0.6893556778845639,-0.6701640344531613,0,0.000703590463102419
-1.8017158469093273,-2.839068908338968,-1.8439511306640182,-2.0376231044504003,-1.5875815284773067,0.3856178422570845,1.4964679511524728,-0.15234538390523727,-1.013439088486121,0.9000515318069198,1.8094178972603705,-0.27049067197482757,0.48836789387631696,0.18840491609681156,-0.0024181317186138807,-0.5371329799782787,1.0508667563711285,1.4135012408119028,0.14342861778363086,-1.4627300986625198,1,0.7777828886352186
0.963963956744258,-0.20337203056359168,-0.5947494522484436,-0.7023955073533752,-0.38353148237275414,0.5232703465174032,-0.09438500824714345,-0.9892617150366361,0.6286400659082734,0.8372896252148253,0.30977032958207373,-0.29056752721015106,-0.32410441366474235,0.14725519690857491,0.21330726353549548,-0.4249762242371591,-0.3938614591210446,0.32895698992046457,1.2246992177604399,0.2045321463992182,0,0.004769927376248098
0.16686287861296212,0.16528023974562706,1.3459178335404987,0.8394627353090925,0.7863186312412206,-0.0217090084274531,-0.7832124896083353,0.3620810421024572,0.13432307080947656,0.03635059839540705,-0.1702732658523096,0.6891631872219729,0.4588099924203616,0.5670187189074201,-0.3492675774340707,0.7540322200676115,0.6629433778640275,1.4218226734427057,1.0668197084575903,1.0113638357145287,0,0.005696162286024259
0.06292672010825615,0.6935958100783449,2.0434173588485325,0.895626023310492,0.6996113100633441,0.4034044353719753,-0.372667558438894,-0.6885338183569901,-0.3697498203692989,-0.9295757159626493,-0.4129929078926224,0.9481765815446097,-0.9551506502111377,0.26707663312201696,-0.022318166636034233,0.6746517352973356,0.16568381257947823,-1.2977616665904972,-1.748766922168568,-1.4710112213749111,0,0.42993054539465675
1.2038167436058802,0.2786294267550832,-1.1163320280319964,-0.23470602009448743,-0.4595774903852593,-0.09113910104673996,-1.1882499105524325,-0.6119051006472266,0.7362004222170938,-0.9656828592372417,-1.0228571201280596,0.05661303581057136,-0.45822090768118046,0.17790393926313597,0.0010808960443558055,-0.19633691756297514,-1.0374968738287371,-1.5534639803286914,-0.7216649487895659,0.4583545979776473,0,0.9329366932278709
0.13981536251639914,-2.153787420618563,-1.0113888916852554,-0.17824453432677193,-0.087477557634563,1.489852490577568,1.4184208124379556,-1.3672111642070723,0.3242689203201301,-0.14023257648964974,1.169991724293277,0.28429286796739933,-0.582008005481173,-1.6974864279084891,0.01584220610970002,-0.9882564740414157,-1.094609276220926,-0.6471990984358449,-1.9331587594484512,-1.4548070054628266,0,0.32064444612213056
0.15101565288081,0.33862621809264776,-0.18926344548400723,-0.2382348156152728,1.0259836886572413,1.2389349835534478,1.1416184747911562,0.9777099746430102,0.07090721724077864,0.45438008671291497,-1.1540676209007232,-0.8702077725487155,-1.4687409986880962,-1.1067977309623678,0.30476566590711296,0.10813838856543485,0.44443705367262826,0.3535157302806854,0.7167386471272862,0.15543317211364246,0,0.006214749697443857
1.3442886762445583,1.3268923193691808,0.5522817696406518,0.9076948204104098,0.9425301082389171,-0.34872042696742833,-0.06052554195657081,-1.3404073611867833,-0.3782800991480145,-1.5889310721120342,-1.6817404345622444,-0.9000656865068593,-0.6667510477034825,-0.6926420677363931,-0.10752075627863637,-0.7198929999142499,-0.19044317819688233,-0.31595203776045216,-0.3596577783065054,1.6169307754638258,0,0.06585223796319062
-0.9617873742529607,-0.645965236230911,-0.3099175982480115,-1.248113388615159,0.549969367743857,0.06913491784937142,1.9885944800076762,1.1309197018618535,-0.23061906198468504,0.6128909527204414,0.5341199332675629,0.38511490885671257,-0.14682647063306137,-0.47991924089026855,-1.085744670251791,-1.497323576385331,-1.6246414516359962,-0.45604101060315894,-0.2526544090321735,-1.2358703016451018,0,0.00045172380988697
-0.49283691462229795,-0.16270988423244068,-0.10615900852751993,-0.807670731379713,-0.3482607653796027,0.48677727818653677,-0.2198997711849893,-0.5164544873884251,0.1826870410970005,-0.1991132241378154,-0.19605411440244816,-0.6437338883005995,-1.9212476222986692,-2.33294289615446,-1.7426129064220068,0.188611650099365,-0.2919271056729945,-0.3386778040674626,0.3084581120654221,2.0715874132909655,0,3.131681936207221e-05
-0.43526035645900824,0.17057253476908815,0.34370962036996944,-0.2712762836917202,-0.9130934258604549,-0.6881997478592258,0.3140762205646796,-0.2366549251173211,1.0522439907696919,0.7475494096317562,-0.37281757158612217,0.28093968120922486,0.5705012849428632,0.6763617738366158,-1.8436032955843218,-0.38188462412738483,-0.8685240372092273,-0.7442772382196703,-1.7283382825735152,-1.6403248845640646,0,0.000941610810234563
-0.5525189075170229,0.5004155292372423,-0.4609773134517999,-1.1568068129192302,0.8655876245684053,0.29708241357966747,1.6262380978408124,0.8426763179589098,-0.6134752175355259,1.2314029296988374,0.7407214635318106,3.0502080122333157,0.15472149572462465,-0.5849237824580372,-1.0137260701317978,-1.047607498588886,-1.20365696169352,-0.545349362217681,-1.2055557133931174,-0.9764233905601989,0,0.003361508320307577
-0.3356787970252621,1.3230803317107147,0.23329797501768706,-0.7505264078412109,-1.8306021318757204,0.07037934103093688,0.3997155721368779,0.0893832215209752,0.9555274163846855,0.382897832027907,-0.9695647395843894,-0.26128714500701533,-0.8201847315400506,1.862002808644311,0.4710202515235421,-0.029464923886948664,-1.3218278014424591,0.15872041205725182,-0.07970023675537097,-0.10185963163947358,1,0.6075873419957215
-0.7425160263140957,-1.2235675247624456,0.6038241279918561,0.2200695833837374,-0.15745895888460382,0.05874633969606606,0.31880712604298195,-0.1761021159155935,-0.5268608259788091,0.5976888192600456,-0.9802410538468541,-0.15092799884160427,-0.39456784509561754,-2.1287820492148075,-1.095861866886075,-1.0714049727576027,-1.2441480634855415,0.6510987398511755,0.6956769525013833,1.0278107175633455,0,0.0005109050466579169
1.407268344052099,-1.2742137513804144,-1.9049149219131754,-0.5065424515403041,-0.3802162720399269,0.9631436222125109,0.8528241636426802,-1.81492212308978,-0.004974494118134606,0.5497365332763343,0.8002480692270056,0.6132621634669556,1.632316529423578,1.8973825940559261,1.1268578795037945,1.1284980536038633,0.10848352990727092,0.9137943009722712,0.8391787708832175,-0.2144339010906374,0,0.47741181627651663
0.05043653234794556,-0.661604491260642,-0.33221015439008367,0.11500637439002633,1.0412283037866834,0.27353469556259297,-0.09195311393256,-0.5947667093316084,-0.049796032211557845,-1.0101588664781358,-0.6656350151241288,0.24908834491122017,-1.4239929823518065,0.04882473705853492,0.282837704216782,-1.1597953319475265,0.7250626192023559,1.925892993239624,-0.3995275269483033,0.07170687726515228,0,0.19631072359065715
0.3599462210154096,0.17002128044648213,2.0984506682806794,-0.24461469587448365,-1.007282827549722,-0.5817610622322377,-0.2914964338307811,-0.6861008206235254,1.0508257635727614,1.7084010348531302,0.15002816761893656,0.8291058176490101,0.08453198525195897,-0.5279774978258909,0.3987741861131744,-0.44062803015654917,0.7130952959418525,0.1138644099989464,-1.9081385650084497,-2.280119354449296,1,0.9942419946407618
-0.47837181052506933,-0.3198806924242977,-1.406353987445792,-1.1380889611395848,-0.6934420771702089,-0.9318561415307041,-0.23396309589307376,-0.854267967867156,-0.09563032100530872,0.6944705910947121,1.2685226023074592,1.0441065928724973,0.6698693265960708,1.4387367048506754,0.5459272188589116,-0.16376256080661583,-0.07846147781114851,0.4761620367999625,-0.5084104787003889,-1.4524556210222008,1,0.9652094814357326
-0.5554481814159156,-0.08596219047799179,-0.5943056971003916,-1.5154680149006339,-1.6049467653658538,-1.5080489251498612,-1.5190503247682412,-0.19056573796912735,-0.4237620285453459,-0.688747216352809,0.4852502210105427,-0.37320581718522755,0.9397883734564839,1.2171805290789295,1.2988946305844093,0.9141254806276415,0.4365215770902263,0.658915192999694,1.1855766499844635,1.0707508038958826,1,0.907938395417101
0.036987519610083945,0.6983763261927615,0.9756625974627069,0.7150145871466768,-2.4031268824271743,-1.7745162961653387,-0.8483940888273119,0.8380568303165091,0.6999231763270747,2.2216379485175066,1.3813092388696013,0.5829816541293307,-0.30687116847370227,-0.2839579893696569,1.3365832843822036,-0.16883619505017458,-1.7985003357307412,-2.121357591937631,-2.261193605901149,-1.3695872060467476,0,0.002930707792423702
-1.786516400486077,-0.8991304906367854,-0.09067625719560089,-0.07627006402545244,-0.1598212526065929,0.3613598966043764,0.08471500032746904,-0.14279709522631637,1.0855840710786673,1.3005234072069585,0.8949214664678172,-0.49659440065623867,0.19588610828322892,-0.12131326731852046,-0.3888515849850256,-0.9340027774014243,-1.7675878202972015,-1.3921622241976301,-1.8064590380931043,-0.8989234007369483,0,1.7801482943494314e-07
0.48353772088349073,-0.900524192649768,-2.0526310063668007,-2.1093857987775975,0.1512783072320855,-0.012235874812566236,0.912330818488692,0.5172083770977473,-1.2101292668076642,-0.22911072880156386,-0.412819314127739,-0.1957799147162854,-1.4989223079349339,0.4482521421529838,0.6895595165564986,-0.9405632520616686,0.8940434965640839,-0.5090473681416587,0.40098832483901864,0.5429447288774035,0,0.09942326561956831
-2.0107461806846705,-0.1381496496514915,0.4721410870255342,-0.6051638640325645,-0.28214819330251006,1.4328941758517082,-0.24419716660090704,-2.1776046418076707,-1.1568436559102737,-1.3085378995335317,-1.6394042720594082,-3.361443040188706,-3.444580617706024,-2.072402055785754,-0.9470806375031622,-2.051915228115858,-0.8643547601508437,-2.3243398320559328,0.25692578685987766,0.10482662951043734,0,2.8082322563458602e-09
0.9938768265985335,0.03576509640537209,1.421868351353556,1.4190986203268834,1.165016795717325,1.2608578356498152,0.008095933991829623,0.6227250568839434,1.1301264991711886,1.3886440635766948,1.1145731135166776,-0.05189626698253635,1.8251744903032603,0.7670661065709736,0.35550036695485465,-0.12576472554544552,-0.02179747924457465,-0.23269351424232299,0.22077194396145208,-0.08724138415311683,0,0.051076433213934944
-0.012763584559995609,-1.4560368480797434,0.657371142332989,1.5800251332662745,0.28021809857342156,1.2905618129760124,1.5899613843259222,1.797948185742785,2.3137870893794634,0.6877184704595057,1.208676834329306,1.3328088678631211,-0.5947481857837,-0.004698532529139834,0.44728872924047636,-0.6441940238210655,0.08441823858614766,-0.7259760738678724,0.8449388834331426,0.2759011947239002,0,0.025123969309449774
-0.34657429139019036,-1.032655797669374,-0.9515427234991611,-0.20814490057145424,-0.3269597393882434,0.1819968254271156,0.966178776113354,0.056977834273549174,-0.37093103154308665,1.03432473329474,-0.37774719458513023,0.49907102369316475,1.1883560808497526,0.19964147441812674,-1.1080879301941031,-1.4604021517294583,-2.1238452298963595,-2.060001848997559,-1.924780785325079,-0.5273256650442123,0,2.76101824935716e-05
-0.948585425444692,0.6186074862869119,-0.02749937319364438,0.7595861329887806,1.1700520918473019,1.7725189030260338,0.18593125230222188,0.17759505580284737,0.1706558139676332,0.4979021582677089,0.11623868765954494,-1.1076466353152903,-0.304087115076262,-0.5189353062098755,-0.1390116167972846,-2.4449179905338556,-1.6547549933051269,-0.36840980103432697,-0.9437990619773655,1.1105142434589712,0,0.00021073352312331114
1.1782657573515414,-0.8988116276875848,-0.789801460019809,0.926694242089272,0.24136791410497488,-0.7458436644580796,-0.63090107157214,1.3574441773235322,1.0087951603234901,1.2264112660059916,1.5687415048689135,0.25920671351542074,0.02574789316154942,-0.1591261466567964,-0.7404477251092277,-1.248771025203132,-0.03324109735604139,-0.8279828282445986,-1.1262000446515743,-1.7364777059227443,0,0.0007042992781955772
2.36694745309519,0.7546282090654614,1.71283784304375,1.3952674508306362,0.5299272176474612,-0.4567477014697385,-0.7512942197905849,-0.5204470237331688,-0.7210241832932662,-1.2753299856587783,-1.1917272254101354,-0.6794745053560166,0.4620220737908573,0.08529320047944938,1.248223603974234,1.6986099589953152,1.1907276023289461,0.3043418082308158,-1.3413567608004173,-0.772080909222136,1,0.880192688279535
0.5411240315059013,1.127456479416405,1.2018000801914557,1.4896328697847425,-1.2690395181671266,-1.1291197360699772,-1.11860749843704,0.8328785550114622,-1.8433039015278203,-0.42031671450460284,-0.10324257595751819,-1.2208998614633015,-1.6888492218722446,-1.4195402149216119,0.17927565147766997,-0.9108612329896243,-2.079278775384488,-1.1843133337438763,-1.711220120096887,-1.9126343714838496,0,4.37213095869598e-05
0.7250871214767725,2.2751358288642094,0.8384939922094452,1.105208542254772,0.4034605111639677,0.20058535574875036,1.542832994726053,0.9987053883945329,-1.1832718099157609,0.1974787573607475,1.038753923124892,0.6967245905630224,-1.6332746149379822,-1.580530780956621,-0.6339616852339371,0.7942478735313929,-0.4510019822084101,-0.010756084610252271,-0.04304936854396162,0.8985330553492622,0,0.00012897450512450092
1.625844776759006,0.7394274330217163,0.5455396711313142,0.6386882177314603,-0.17983939248430408,0.024864617620141298,0.6262619103119306,1.8610624283027508,0.1895792969587996,-0.6190969955222223,-0.704299877719062,-2.4630447224776137,-1.877114873361132,-0.13782867595297893,0.06613433085301802,0.8838682412073755,-1.6645441690950442,-2.969947420583934,-0.496770425081058,-0.22119819521519773,0,0.13935497838456454
-0.6601446271650954,0.05049016303683052,-0.4927789483866733,0.8943576101266363,-0.4100521882505002,-1.0376328995506559,-1.441772689396473,-0.9297505148827533,-1.4034427166735848,-0.4552317513063514,-1.9211917073768547,-0.13861184583236863,2.326580336144685,0.08005175197383789,-0.35902458488180733,0.6284729115934219,-0.12056287871253804,-0.11827872777645916,-1.0938232756079929,-0.9803086780630138,0,0.026771401222295592
0.5818976124567834,-0.8298630300751259,-0.00636982656419743,0.6935481024703243,0.09275902590359464,-0.6894608301144297,-1.657276504467825,-0.4507512400602325,1.1008292262783341,1.4358684909736763,-1.0513089934805426,-1.2786544811267666,-0.8334574004222424,-1.4205844690049005,-0.671852369687497,-1.0173270819708746,0.08611188202570827,-0.3916801400023054,-0.9128955477626489,-0.03199781182958036,0,0.0012239293304729991
-1.0326655143172303,-0.3126855238060158,0.06539712675527444,-0.730012063202377,-0.3686698392400114,0.8209134559615521,1.2048904165910348,0.49279507257188115,0.6567312553453584,0.007801626686472843,-0.6073604744378365,-0.5876345914813683,-0.4121089452897362,0.1487697870757477,-0.58872341180436,0.1798045338264869,-0.7116806295238701,-0.793992659299628,0.4592455633901908,-0.5441449197204173,0,0.02361522334019029
0.2225199091214448,-0.9990147315195697,-0.6099959623904919,0.9127184153895642,-1.4988173847074275,-0.8338745678445453,-0.968923634540996,-0.8015615941900641,-0.038371278359764865,-0.8031421705308311,0.0998411699999319,0.011884476422998788,-0.16938041866221096,-0.1444750397931293,0.5801226525374749,-0.06629844086515152,0.5390187197488375,-0.1271803536135032,-1.4300897971238313,-1.76184916828226,0,0.7626596469887892
-0.783857636483835,-0.0385262762849387,0.6283835936815838,1.056547470286587,0.5613615079534577,0.6777763954966844,-1.1035202456114113,-0.7155663910644503,1.1864795005959057,1.2725185096867542,1.7727803097621344,-0.04873984600362065,-0.6263057887637739,-1.082587789166015,-1.0654524116437614,-0.40782679187272614,0.5731870136780861,-0.4069209166586559,-0.3804457277943325,1.0191051042669774,0,0.0006078422232974475
0.1531978259190887,-0.11359191719686423,-0.64820140836343,-0.2259429215733558,1.0105430057136464,1.1393702920946887,0.6506438409956135,-0.17895593076129734,-0.652553822198761,-0.2490060962937283,-0.29304120613287915,-0.45402785325950346,0.3254603077935024,-0.1739123502789898,0.15643666609741647,-0.8990847867490023,-0.10079048281748594,-0.12314516173381294,-1.1180064675829542,0.8250577124288485,0,0.008135017173596937
1.1426338065505839,1.2914232993809536,-0.9908742576984549,0.6364365211358685,-0.917087564261794,-1.6681762975622618,-1.288674744387472,-0.36861497257426057,0.7397402581418989,-0.7099017273933628,-1.9202694564468812,-1.017193768401114,-0.3119776855686687,-1.9085480935297323,-1.4691834596084867,-1.2170423524830212,-0.872996553669899,-1.1150198453467826,-1.4747624247226114,-1.192477872100665,0,0.00107231757169768
1.6750761653210808,1.309472055696587,0.8152578306592044,-0.5611672253011422,0.20833747122452753,0.8826325842771422,1.1041949893276146,0.6665494937418255,0.6237955994756623,0.6775283704564669,-0.5906583216286226,-0.30607445340997746,-1.1708068516361223,-0.9294381269849299,0.15606483556691975,0.8136508338788127,1.7135005643110617,0.5048811940787479,-1.4445545710993615,-0.8089096494360303,0,0.0006249002686778337
0.6596430893051239,0.6557030865890788,-1.4400164825996498,-0.49454282142236056,0.7203417765448971,-1.0308362176482468,0.13180265128215984,-1.4172809625445524,-1.2690166226358444,-0.21300740984955868,0.06777795712282367,0.49626753668544504,-0.8557353935419022,-0.10944366337931612,0.7246282297452508,-0.5824906384979347,-0.2265793416664193,-0.7227265881977374,-0.37031144802712884,-0.9209566354697236,1,0.8975712978428602
0.3507420254733245,2.1740158721860507,1.8253083154733443,1.1455574457352573,-0.2301732044326104,-1.3001772116897896,-0.0554272997220077,-0.12403616486458627,1.3449526577252988,1.3354362884953643,-0.5737345735397318,0.5233158732882532,0.8618653486442308,1.7087179853074237,0.7242317764097754,-1.9612616670978669,-1.2819239829966056,-0.4005739773502057,-0.42155172217167225,-2.3503055949002936,1,0.8759577588188109
0.9663215582617152,-1.0780636100564305,0.036963690052123244,-0.37293348611833815,-0.4089916997971259,-1.2500666093643011,-2.444466641119034,-1.3916978588486568,-2.457016691833363,-1.4410108306634417,-1.008675915151508,-0.1044367835380398,0.6886019053753641,0.577408604176507,1.4921943275736775,1.038166443278363,-0.1639621146492765,0.5478617709735423,0.05147601103366824,-0.6130219170285349,1,0.9081474509783779
-0.1954106187535815,-0.6687670971926237,-1.2031066310215868,-0.674674099891283,0.23294474212876815,0.19074700462670252,0.5093128009050338,0.20897211256662584,0.4678940659631896,-0.9173267108221267,-0.18473144991944965,0.6170723502474915,1.6706662935277328,0.9742319383433314,-0.5958057857437032,-0.8747793918024553,-0.6188377514864972,0.014631444477886647,0.17220921057151786,1.2711938402102536,0,0.025995589472356
-1.071608638237555,-1.5423973661284274,0.9100598499447127,0.9072983029332874,1.4061173657053285,0.0837302767632204,-0.5323863874029978,-0.07217065756279013,-0.6177804847081808,2.266795170475771,1.3415554957672384,-0.2612310081096218,0.2596895568459594,-0.1942540279016541,1.5626025686967857,-0.33950115626714583,-0.3024234170816831,0.7133003969722777,0.33868085033382767,-1.2190356178019144,1,0.7603602648203766
-0.06349242985874147,-0.06838959543291398,1.1559404656864034,-0.09714757295414903,-1.4709985871825697,-0.005746090002417869,0.0449668819779836,0.9740513219504356,0.49000849959204307,0.10116819951140599,1.4191819121927745,1.0886992585072808,0.6701327953443044,-0.5946277112857404,-1.2146124028136585,-2.671806350560138,-0.06421031554080034,0.861998744748788,0.550878580776632,0.031459237039659596,0,0.0028450039976146216
-0.46490988784087156,0.06946369195256835,-0.04009378169411994,0.9343395722721832,-0.03530967281542333,-1.2060461002332021,-1.4797884172238238,-0.3200515844834101,-0.9876173922211748,0.9083545792466663,0.22150056040237756,1.375634596740511,2.5433837603458938,1.2193747024083668,1.167691614385533,0.3517148086546483,-0.7562298502926427,0.43178335974569265,-0.04954679261162892,-0.0026653961051110496,1,0.9700155332704793
-0.19019903359454224,-1.2523839493594107,-0.4167309412727573,0.2239704991318599,0.8267636693700465,0.21916345266903162,1.762242307278127,0.4897014625645338,-0.3149833995826647,-0.006147745972900385,0.3949806264560511,0.3647596008059881,1.008043531771379,-0.03855008796482045,-1.5301613734757715,-0.16721385359541996,0.9548119433806141,0.4089918667513078,-0.28986697755704255,-0.3843315419490828,0,0.0006280540822256978
-0.06515504595048834,1.5607468674568872,-1.0257804807701745,-0.7348837612655296,-1.1686513796810123,-1.9698473423317104,-1.0736374278447578,0.29162307596134335,-0.22735064836065033,-0.009235067350420146,-0.3734808504534747,-1.1727378349125466,-0.13457272105736956,0.4150329418736592,-0.2724361627139844,1.1176653939997607,0.35613741622904205,0.9111058105259854,0.03719909827632861,0.46241180014983846,0,0.019757756921720396
2.3125966425169406,1.6851168996527817,1.5957137911908528,1.160100610161898,1.1512987834866708,0.6765636190400881,-0.5184631439578461,0.09742067767380183,-0.36817465172786135,1.023989849017,-0.12729316216753644,0.3138216507989721,-1.0705773280346893,-1.2645176231108364,-1.6819669918426343,-0.5546083721518134,-1.0112428486802212,0.21913844965659077,-1.0924140721670816,0.20843273968052775,0,0.004607343358992892
3.1455932081630897,1.9783346859362787,0.14304709374049512,-1.0846785545880002,-0.059911100030720914,-0.3955824831196493,0.18136303618165947,1.546521524504142,-0.8996665711116333,0.9386834522304371,0.1775258789919344,0.40952423794078063,-0.4773571092045771,0.1608555418676995,-0.7545629024333069,-1.9068908106454854,-1.4243577344981468,-0.5943452787743759,0.33594791319358486,-0.218909394380526,0,4.089349748774536e-05
0.6443038671264513,0.026282235973127663,-0.2955432443791935,-0.11800718755778028,0.7958076225572736,1.1143562762946695,-0.1366413917426753,0.4458570165700253,1.05202687318678,0.8153586417900145,-0.7473675449624503,-1.9849971300705964,-1.3107742009999441,-0.554130709918467,-0.3517093114874343,0.7695614633889848,0.7498282060197098,-0.004306754294215694,-1.2755053191312655,-1.063482034897068,0,1.7892357621109037e-05
-1.94830735428144,-1.4380230651418413,-0.531150182765697,0.27840488419815435,1.5287745036708826,1.0977077046078905,0.6177843219910806,-1.397124144177772,-0.047438049517791944,1.240672925435013,0.2765594518610153,0.11294997443867821,1.035155095732359,2.372671841573214,0.5565357458836845,-0.03543390555357981,1.8026354584305353,2.835655942488842,0.011975783020438755,0.13905554901709363,1,0.9991491574998528
0.5255194196400171,0.8549324648265351,0.23698887541201438,0.4809302103631546,-0.560231706827626,1.48761340151167,0.5561340678785182,1.278676827855627,-0.4737189591642835,-1.3820471402252061,-1.3456865723875668,-0.7086438781548837,-0.5214542096879441,-0.043360607189960106,-0.13291952506226787,-0.6269902370786545,-1.4472734193079828,-0.3995762567434958,-0.8500065849342896,-1.9956216161687015,0,0.000314130025179893
-0.5325476686107334,0.30763136479402126,-0.27257318918504225,0.8918605515566572,1.8179449486378356,1.2557570028842155,1.2529171598840212,1.5514594170625102,1.7725984159867543,0.5695749650813151,0.14361174558139794,-1.0509227497807498,0.47116398185300157,-0.25999403103080654,1.3019158543848137,0.4357004171146924,2.3977000862665827,1.2339573384455926,0.5084570686210701,0.13336472477626587,0,0.6111440653117269
-0.8551635039947572,0.8848857090425087,1.7135908186307922,2.7486152857624346,1.216028613584432,-0.7876848312381497,-0.3463061515177443,-0.8937310595325461,0.9190951414448438,0.04654781816122229,1.5928848347952207,-0.3699077342003694,0.35225416236874746,-1.4055021663977898,-0.5671854448658579,0.36355317902491996,0.6974258920013191,1.2373677403651484,1.1115326596814872,-2.074000896115558,0,0.0005802212339702278
-0.8303349845411899,1.5535392589776693,1.2049283441341114,-0.3184044601503185,0.26305998276536285,1.2530363704278833,0.525082567632851,0.5269657329896852,-0.40414363003085213,0.3382076960020587,-0.2755784990049742,-2.2098692337764194,-0.5396264959988082,-0.04648047462291153,-0.027918816632523307,-0.9306071421283943,0.9533522628129576,0.8526519386800069,0.2423541246153397,0.3223225338336674,0,0.06645007814489433
-1.3349691818451257,-1.4453614857275612,-0.5446129776585261,-1.1743037778799155,-0.6489534008641239,0.6259780801388646,-0.5790613510630523,-0.23382813106455183,-0.7079944188268584,-1.1938143218190955,0.4742071254130132,0.5949177502700209,0.23512275139170066,0.6761573738554447,1.6250089255237994,0.419368282924,0.18969366303819765,-0.010484621644357027,-0.5919260943763736,-0.9722016282730276,0,0.6206123246021613
-1.8482554703043867,-1.063070933199291,-0.7066052958442278,0.43716407260598317,0.13539000661407574,-0.9246515514490834,-0.8584589407746513,-0.3567854551909627,0.4488992124359512,0.696068715386913,-1.2690353941591352,-0.7482280469029072,0.06461179057533711,-0.8152729181666745,0.8484826264615123,-0.7928692767374808,0.7510809071786217,1.7827687654754762,0.04274375705124764,-0.5380456192701337,1,0.8824755409249696
-0.2982371212703657,-0.9373308692375273,-0.7983992728841031,-1.270775949472566,-0.058831127804271695,0.5031521474832075,-1.3730256500456535,0.3624384479287992,0.9177905535671087,-0.4034056245566399,-2.03452702435958,-1.3762571562290584,0.7320933134615798,1.0943304054639273,-2.284974843774323,1.1796938309682772,-0.5583262498569272,-0.5978093749317815,0.01983821004341524,-0.04308524277057458,0,0.0018417739199672579
0.9073816292921063,0.42129804697190465,1.0331507920122023,-0.06283268181879328,1.0232644862386964,-0.19668957229992634,0.38973284868774855,1.1910150582225785,0.6616506156559175,-0.21996429503658213,-0.18444377654201846,-0.9844022990597204,-1.3324703911232065,0.11491091834135628,0.4051665778787232,1.0782537255056055,-0.05690750763248583,-0.2281284553754943,1.0867939791433907,0.1385119913568685,0,0.034301459296410326
-0.6703320795780827,-1.1598243041430365,-0.4511224510604505,-0.5627946496273212,-0.22840837460286836,-0.21589133006101294,-0.9635062652575402,-0.06608889551513444,-0.8436715831638978,-0.2680181305236096,-0.9198218760806098,0.43033859508693245,-0.4694353392465192,-1.3571332673773122,-0.9393913196737973,-0.8600331066334513,-1.138240774044439,-0.15405469083247258,-0.36012155255704853,0.17275569936111665,0,0.0013431673899402178
0.8968553227048727,1.3129176430819676,1.5620627339773594,0.6022918794524463,1.4613556843906248,0.4518176498889556,0.7496103671702476,0.8636052515147027,-0.7848234034427273,-1.401678415253788,-2.1721838337726975,-0.8566137835874597,-1.1542203530749404,-1.2959812191916127,0.24043863327528156,0.07909129655879023,0.6062426202674186,1.0931418868018803,-2.1919300241160253,-1.163258724522513,0,1.0277638835009762e-05
0.3034905939359973,0.3395435461753116,-0.8924981224187063,-0.4305329061755538,0.8419040638609195,0.8447948400306855,-0.07762671984030348,0.9905902889361989,1.1955975490934982,1.2218800496766822,0.46653909253553805,1.5805672568737354,0.8165468287519121,-0.7201169255481236,0.2986104906622089,0.8903899246501187,0.6358969945735532,-0.08133476160002096,0.4141131856400855,0.5401642919766302,0,0.01053218116700065
0.01106890668940056,-0.15765790708560634,-0.23235602374572056,-0.5006670385668326,0.3262358994690113,-0.22121692374310664,2.063470387858161,0.23436117738531065,1.0042420370229812,-0.16658742846667643,-0.15565995281279565,-0.3133061484192183,0.5403450216297527,-0.09351805581362531,-1.1184920918454684,0.5439387567317242,-0.7907428990868978,0.6813066473315419,-0.15590424402877412,0.32616260687589327,0,0.0005379409308235194
-0.23692270672649948,0.10656776448142853,-0.9020465678163972,0.4887973977192506,0.9277102779617126,-1.580114724508739,-1.0424008012352766,0.930432186999758,-0.29947028467521625,0.5846076239061102,-1.2154375956418253,1.6758008263784936,2.0069041575482935,2.0747739339702784,0.5305708956060025,0.6613903885717557,-1.1074229555031583,-0.7097652676532864,-0.31276446226868304,-0.3578279351552245,0,0.47001608873682177
-1.9599734674508413,-2.128412784629767,-0.731017465719325,-0.36151694261347167,0.1979250336140303,-0.8119490816224043,-0.5084071164438164,-0.3083019031157153,-1.0416691780909315,-0.9530820093313835,-0.13818427997091345,0.5905147284113661,0.6165964695600384,0.11969872841532592,-0.8202772968772634,-1.5104222715604008,-0.4912157704100753,0.41276570228989373,1.0746786774064456,1.4693986620158133,0,0.043152953947619845
-2.492570547782792,-1.1697970888509324,-1.8548041973168319,0.7903680067547658,0.055984603490298934,-1.1831425220161818,0.8299944772449049,-0.4686614155722318,-0.6652880534793866,-0.5357791201222233,-0.8711034439425184,-0.48053636483273804,-1.318641525645801,-1.5022617322272127,-1.1925865781614131,-1.1025561329296938,-0.8011331237521327,-0.3940944512048156,-0.5378722848147772,0.3715239507385375,0,2.0476617906950324e-06
2.4017987668810727,1.3951925205495452,1.1959132897937177,1.0710517999652003,-0.07714266422185785,-0.8398751071427037,-1.1638022108470967,-1.2164799314428625,0.8319727920245329,0.5902516438473355,-0.17122203213841738,0.36250739649171804,-0.5461007949930846,-0.08285264876553307,0.2612803381112638,-0.1136072394975371,-0.1855830958725085,0.012158461074117362,0.4374788587606121,0.6313173585125885,1,0.7172455327260943
0.08984009931673625,-0.4784723283777886,0.5750785505948331,1.2354286920573792,1.776444490059901,1.6701767451536673,1.2802132318718962,0.9884076861838778,-0.05968586322750418,-0.7531496485192744,-0.26211737385184786,0.6750757381730903,0.2792006791304228,0.21391320264542887,-0.7691860002229044,-1.691753722123843,-1.8093512343865283,-2.5888216768205505,0.6246800235365673,0.8405997031784409,0,0.004070635360964894
-1.8225756874174244,-1.1646964182852722,0.1520073393830135,0.6148783014338103,2.864138407211651,0.3384749620740442,0.8826804760389969,0.7581740894405554,0.8305240641296412,1.2192461942408315,1.0833169255054076,-0.13635416789244004,-1.7128337668957463,-1.1946970100007683,-1.1143467054062415,-0.5122386662167053,0.8837430077469711,0.9708086422176886,0.49280875684188447,0.7002276058850914,1,0.126855006313329
-1.0157315750006626,-0.5620311718069018,0.8790190208899328,0.752876490999338,-0.6104767688456973,-0.9886182772621732,-0.756239713861593,-0.6403457219246003,0.31868251652623125,0.6635539392694908,0.20080037078100268,0.4723547279785741,1.0263716253184771,0.21773237866297454,-2.0695232569184903,-0.30388137890486816,-0.9293102635115629,-0.5214257308404812,-0.9218152322161763,-0.13963017332273708,0,0.0004473504023263421
0.591691877103592,-0.697670151729347,-0.8013054287016915,0.8059314481583744,1.119995913507299,-0.6257219810223915,-2.354473743686364,-1.7633327868166002,-1.013420727555466,0.452086111329377,0.7432149188885755,1.106282841514448,-0.8904240735978936,-0.9846612237157929,-0.5720061370468302,-0.34776956285430005,1.2827656101165401,-0.6660549532653655,-0.834344027265915,-0.2534768943117214,1,0.9798931328643711
-0.6499318721335318,-1.3434913012593286,-1.9648770840251792,-1.396327493375811,0.11336374684423133,-0.6305679206587933,-1.1711006877016512,-0.10572036910559267,-0.9398651722017237,0.15419732258974558,-0.7036615349614834,-0.4897692428471142,-1.186168639446264,-0.08613587695379556,-0.2475968725515243,-0.06600920160337805,0.6889293008158568,-0.027377248277931563,-1.0588685115003895,-0.7444260517911984,0,0.005586688107808388
-0.476472298859614,0.5903973923031285,1.455329366527302,2.3896458967708227,0.6048323781425801,0.31152271129024234,-0.6001269744965049,-0.21596059313270363,-1.5354891191087143,-1.1252253719676035,-0.06580622770082624,-0.2920852167228271,0.18607431220729273,2.045411342078208,1.4557233285043931,0.7676522284510675,0.041759078342103934,1.2193004719779585,0.31257761703241743,0.508896493659489,1,0.8965050937467456
-1.5776782005365273,-1.63285473964507,-1.2812191944763767,-0.6345909875184877,-0.7802328625931074,-0.057366204866663606,1.8023545541555737,1.1741148067917546,-0.7476185086457352,-0.9558969530974295,0.5675986565092539,0.3834678970393006,-0.055462590242638415,-0.6172420025684848,-1.209015380334381,-0.35638362459375705,-0.42723630975819216,-0.6995068125974467,-0.9246846727594978,-0.6402508533742161,0,1.5818290411117026e-05
0.13163477001361074,-0.13744855167126024,-1.236693176094635,-0.12787829322663163,0.3128835300365407,-0.5850285427736732,-0.12879916010066506,0.38774010777808365,-0.0769686323764865,-0.36877833034579344,-0.10079648180100761,-0.7298288376955324,-0.9646403621207031,1.5946024776274637,-0.6536775211258102,-1.1101499323182455,-0.48850562801457703,-1.265322433109009,-1.1763745478561456,0.4447526468371093,0,0.0026558856087145343
1.0107419991790525,0.8249932685113511,0.7949015476317078,-0.4492744576556934,-1.1299315583246432,-1.6727236142309503,-1.6225679725813285,-0.040015757474994036,-0.6193933324371309,-0.1305450034903941,-0.6337829204675364,-0.5562663486850675,-0.8419566118414807,0.6736864640953164,0.45186793917102924,-1.135318677756823,-0.35170837182158743,0.9234047147997732,0.32092899923980983,-0.07097292991132852,0,0.020221424565657536
-0.22851064242108163,0.939407713034014,0.9929749075322281,0.3040403481522757,-0.7928633186863344,0.30895647791505415,1.1040979375927527,1.6606417992124956,-1.1017954080382,-1.1620619414925717,0.18498900104132834,0.6778322269835395,0.2849783217673897,0.3797889481384193,-0.3458102245164067,-0.15021712621839967,1.116033725245622,-0.5946229534335302,-0.14559724367745486,0.2707861056482729,0,0.00433942846548171
-0.9817639466870112,-0.6555570077391052,-0.6652205576548246,-1.4142966143085909,-0.21927883847366603,0.46970542070098587,0.6908280197430828,0.24718505861243395,-0.9141766644687271,-1.5962099001017929,-1.8432177800546279,-0.21711231202471387,0.9367726523651654,0.1197287334272341,0.2051986933308956,-1.1820167609640075,-0.48271153008312834,-0.7910126876421697,-1.672527187425283,-0.34728578802122506,0,0.00010783195517591966
-0.19719955320106097,0.40821552682114404,0.7943448983413035,0.9058511608658398,0.5583295206812661,-1.1021238179494668,-0.15139124140126461,0.8682622862118203,-0.8064341702762493,0.34784899927360996,0.7392869223332108,-0.9800211721559853,-1.0774459508532643,-1.4336211731858932,-2.959364849224486,-1.504869010676199,-2.063838214976063,-2.3218218317502886,-0.41713891094535804,0.07626126945403695,0,1.8657392409092838e-06
0.02936375247810623,0.11264758820251382,1.686646033005002,0.6313530664642052,2.1564217014848936,2.0498282784761055,0.01090365106867201,0.11651304811121181,1.9230351907197072,2.6213892071405813,0.9544672728951452,0.01699836091558315,-0.8437670127977873,0.0434801709712027,0.4008879391597752,0.1626212583177619,-1.1648799878741962,0.32828268234292274,-0.0915536676678441,0.7050837100500633,0,0.05840127231094554
2.54375558367506,1.0020882201760564,1.492805965475046,0.13672193857279574,-1.2642426833216769,-0.7494423562581314,-1.191702865952329,-0.19657413742642688,0.8068866068620701,1.2104694285888404,0.37230210641469647,1.5597677011652737,0.19246891198826313,-1.4302757394267938,0.28988064260644963,0.025735708628113627,0.6412890591283348,0.7266299750417291,-1.4041574959564724,-0.5114391260783664,1,0.999453144699125
0.9950994135644474,-0.35128180375897244,-0.4207121434563956,-0.5615268803580369,-1.52776931391755,-0.6404123668488763,-0.8467627652044631,-0.27712178061354015,-0.3236474394366512,-0.4334871757416725,-1.8967468273889785,-0.7407732676073701,-0.30511925639119153,0.6338144963447716,0.8510510205614857,1.1246841131074488,0.3711456588919522,1.6218963556158301,1.443956467582163,0.8188429267356998,0,0.0003344594328543723
0.16902679057253886,0.005110526855020337,-0.8874378877955308,-1.7689544579982994,0.40569973776981794,0.7457048529757095,1.0267910268528406,2.1967932077039003,1.4044926189136606,-0.5652163714682735,-0.2163609567305166,0.1341978885856584,0.3000839217099811,1.2062392307812744,-0.5909538553300779,0.8403061764140716,0.969670684128003,1.7686006022077398,-0.7677768635022615,0.284026661750679,0,0.0010227344576533748
0.9265939286883715,0.31659327937912624,-1.3455464925618918,-1.2272988419357531,0.42086444795799804,0.5882453754309466,-0.23552707354871458,0.9339094728098576,1.1215531688615508,-0.6341844060925772,-0.724307123944672,-0.42317680303811844,0.15230219315986063,0.6888992498447981,0.35436193974230634,-0.06415795548996178,-1.3056361245831345,0.6847206181743232,1.1760546231660738,1.6649177757733498,0,0.003587324539327307
-1.4380426356765217,-0.4607846586721582,0.37265656072024445,0.3950877298710924,0.3097822887922718,1.196613684973055,0.9741708268464795,0.6743133959197668,-0.21271721199189403,-0.10937144934702284,-0.403795281766,-0.8367489523359694,-0.7675822867787393,-1.3905925693884615,0.06444585528073063,0.4505323016405122,0.7186139492091218,-1.0924877403644404,0.08779744629623724,-1.2955186437834951,0,0.0023013483617373
0.23610726764029566,-0.7830799951133454,-0.22915321291982452,0.10026319450369173,-0.5683582693692012,-1.1538871108149624,-0.5995782942668673,-1.3609868282991664,-1.0531757572539164,0.9777035475372398,1.4794212372732423,0.36042905399668207,-0.1103043340398934,0.4258502664283242,-0.9168624362846126,-1.388137612916251,0.07540511456248865,0.320948308681999,0.07894417652923977,0.45533051400074265,0,0.08187488273092476
0.03789671414218134,0.2344506943156161,1.4775387338577768,-0.016908791022003763,0.959285431997762,-0.0715160752616598,0.43336178046028156,0.9723782935893965,0.6047018986901833,-0.36359912654010823,-0.33081073002936856,0.20196672809711746,-1.7973656236007716,-1.7772708815873681,-2.79007596100012,-0.6656811409469864,-1.0722227823839114,0.256158619471483,-1.028122457565786,-0.6199197710761675,0,1.647822586269752e-06
0.44650743520690117,0.28415307445468097,0.6073315623437623,0.41780492252762286,0.3627820585768664,0.6420311340661999,-0.6392425442758353,0.64625733533899,-0.5845461046817717,0.29970795127038885,1.4120527299003434,0.41579358746781303,-0.025065344645759234,-1.6732651311666453,-0.7764642248436171,0.0412816864190543,1.0973292582380354,1.0497996505033347,2.888002651165171,1.7715522158913128,0,7.687656692913894e-06
-0.7289656232736742,-1.0290476259239245,-1.5624490827207722,-0.8307396973252826,-0.6668366764711849,1.4364459867581547,0.0077072070183815,-0.6883255890620407,0.19643217250804268,-0.3731263069767025,0.4368404203106527,-1.2167573321817347,-0.8282310918059819,-0.06446050741819206,-0.46418189788913156,0.25030968132181536,0.6948379233257429,0.9163095450001626,-0.1727827932449066,-0.918539426130657,0,0.00429124561336578
-0.2580036621396191,0.1773366145523779,0.4755545659779667,-1.412368517870825,-1.0909266701611873,-0.5256359393579615,-1.6851752548417425,-0.5187794089001871,0.028506897914025407,0.23539673142074508,-0.32527539220896756,0.3132975356203726,1.4413817538534437,2.0226041703644793,0.3158852014446365,0.5967475172412066,-0.6641108477170894,-0.891803248015405,0.5210528763096289,0.10023115634024476,0,0.7182774423967568
0.04003400197089868,0.6652201579397855,0.23089869904774132,-0.23092754713378325,-0.1287732083788073,-0.2059900402289516,-2.1360969191247547,0.20211558910859062,-1.145572500633779,-1.5046669730942812,-0.8355219907328173,-0.3430553903512628,-1.7110770937169935,-1.807848903046757,-0.40547267959905453,0.7429771779086429,-0.2166798886786177,0.19200415472707905,0.02977030239328275,0.5023709761958125,0,0.0015418871318762888
0.03973416023307041,-1.0559393742625938,-0.006301130855156033,-1.4930172758828169,-1.0269950265722454,-0.772416506080807,0.07052940443383642,0.22712791213542227,-0.5104852889256182,-1.4457520635284886,-2.340260817900625,-0.6686213806492965,0.2270595514347311,-0.040015524224463465,-0.7792433149229125,0.2951555369848058,-0.1145191947057624,0.4955552026607725,0.7437712649449609,-1.0657985879806466,0,0.0039028961463011477
1.3953690806135,-0.09602089793504189,0.31471122005490015,1.9883116772312923,1.1452579186257748,2.022396767295207,0.28760936330274506,-0.8768627996724933,-0.9403830119692272,-1.1419554226768558,-1.134345769751168,0.13504310244530632,1.4080207919964651,0.430169671593105,1.642035518833175,2.3022011139730596,2.102510291260501,0.9157429574698189,0.12428602376642543,0.6170998904373965,0,0.25475762382178796
-0.9089449263095478,0.02492083476959028,-0.20860451048170675,-1.7118140616910866,-1.5487301368124426,-0.6525595004973889,-0.4932185805441759,-2.0427820817127174,-0.7993513064000013,-0.2853504102361062,0.1784473210640436,-1.3580980991402196,-1.6694889448083032,1.5374488658057557,-0.8538999927753126,-0.6229484583352626,1.018275332714025,0.8229982365386251,0.2818154244122731,1.4412583502663683,0,0.0023375645895166836
0.7912135647358215,0.8927757397259103,1.6211766826565026,0.8070873677454244,0.1830842970137932,1.4019425259939555,1.08843570033447,0.0779195513906866,1.369697157814991,0.21871820417505075,-0.035783794817086344,0.7357786752721666,0.3799472112003042,-0.26065846327376374,-0.594496138181892,-0.6138145574684757,-1.1120671552563097,-1.2798796494435445,-1.3173052743394795,-2.493921043589712,0,0.0609212336144754
-2.376507169595504,-0.8074628703680186,-0.4697564013462709,1.0686588297067035,0.9890105680415291,-0.8399221174318813,-0.6859620324629628,-0.3353342228928566,-0.2322980469694669,0.48860625529309665,1.3448587813977568,0.5361853409900014,-0.6041547137361397,-2.217163662487098,-0.8170726811271761,-1.4448619421277167,-0.4952859637152623,0.49431894166142987,0.611033006617884,-0.29136734711277085,0,0.0033315380115142832
-2.06617582544356,-0.7630059790575594,-0.4307900540729154,0.17899966266159917,-0.40974114313635346,0.1810455287203727,-0.7650693033636011,-0.4750771823951213,0.07298798063573071,0.6048060722054027,0.14282093971529358,-1.0841226369910473,-2.0435986441480196,-0.8932971431215118,-0.12479133668901878,-1.404402429997774,-0.17961465876593374,-1.7954978840599825,-1.6428920909688771,-1.7261602550191248,0,4.245235981954442e-09
-1.5124601267138345,-0.9727278102642184,0.42028182194501224,1.4986432808714172,-0.1266956165967845,-0.46102152539706037,2.4077964995983097,1.452267961127883,1.7691186147389655,0.922794406727369,0.19449496894231802,-0.2197873070482096,-0.5577592541612221,-1.0197667247260673,0.136525975931249,0.13728627304179689,1.1176560479934474,0.5056753387268839,1.5686543246070621,0.19139733811157417,1,0.9945071738819504
0.05969909576787398,0.09288612480651073,1.1470336984837701,1.3174381412866216,0.7255816018692677,1.0462198886270655,2.292556864286553,0.7048582667089887,0.7177045024188323,-1.4252410303750036,-1.0169148698741735,-0.903959772556894,0.0649845443374822,-1.5584421595926112,-0.8508952774159781,-1.5211121347429901,-0.31195332227566464,0.7263662334001683,-1.5954062425581497,-1.8794731044683064,0,2.5300266928521496e-06
0.7827662762451242,-0.5551318781509663,0.02439003742287277,-1.1045587709522122,-0.6675043880426544,-0.3356038651511381,0.6096973133977888,0.19444617907193337,-0.2466726827230698,-0.11996448943930985,0.48541154123972374,-1.3339824119582246,-1.0420235495553698,-0.9311195067032253,0.011435227610444805,0.25752563688535407,1.5553992294727244,-0.40589312796285554,0.4934384113763136,0.2184000177674556,0,0.005320659531165275
0.2346972259889291,0.8071262028154129,1.7170854078015059,0.6070025697583028,-0.10680379471723207,0.6383943081080039,-0.0768017021511894,-0.6592685642641641,0.18251452970096282,-0.858530147572253,-0.5120146646222407,-0.1297018548682609,0.7027599934924111,1.135401996380911,0.009409067116120903,0.7592638114327621,0.6558618603459868,1.85376125945341,1.511495730743983,1.070032875727541,0,0.0005612638492656556
-0.020132929635321952,-0.7283589490263623,-2.334798538519063,-0.6623515538041989,0.9270594471371737,0.7403434595400421,-0.4740278469274701,-0.9834691795035875,-1.5870164375351083,-0.5232561236480737,-0.10760041347289016,0.8131706717106673,1.771446228522492,1.0844800265554286,-0.4555562017777452,0.9883137414689932,-0.6373141984567751,0.5907549992629169,0.10490987651037639,-0.03780064057035416,0,0.16972237117177866
-0.15737494383626682,-1.3118049310395306,-0.4645985769107714,-1.1056827924742858,-0.7785847452100348,0.40418847391702134,-0.33555591666317947,-0.7418585029129454,0.36279640654133993,-0.8240646944314998,-0.9216517093272114,-1.8922028051047273,-0.03675423072872356,-0.2079692959066668,0.08817222570469302,0.28946163003706726,-1.219030630563998,-1.1703158072649529,-1.2329361941732764,0.21187789484614655,0,0.0003258976635218395
0.06808124252792719,0.48893152675744755,-0.6098969727814624,0.09487546772737959,0.7987103509728062,0.47978438885862584,1.2825532475358317,0.35760166404693117,0.7035176365413931,-0.4313921824834352,-1.6470439025178387,-1.5334623706900463,-0.501508667734868,-0.42978934472960767,0.9788753180676776,1.150338009012177,0.4222767487361517,-1.1216507890456344,-1.4055946288932852,0.23065350743235558,0,0.00017461006088592245
0.3311452378386249,-1.5019530248239474,-1.4119392202988787,-0.255223724512499,0.6874577927878026,0.4172532321725373,-0.5572733002655956,0.8826653716071869,0.06680205220652892,-1.4465563039067817,-1.7435903493805782,-0.4287515152100719,-0.1564814913853656,-1.3178984881433353,0.4490944498018575,0.9993840919208385,-0.41782697517068446,-0.7656773929484232,-0.021462701604310234,-0.8177232743395807,0,0.004425660387736898
-0.12404689282979557,0.2758662429042861,0.2333984787547616,0.7598872438975236,0.12394980020583674,0.8908636737982603,1.4936987460033995,-0.5813134310710626,-0.17211289919361517,1.4185747345855957,1.4290956942409745,-1.3389645180878134,0.20273003001458298,-1.2298078188625154,-2.432044973091571,-0.12849309644697127,-1.1293592941967756,-1.1863964590247489,-1.852409409692047,-1.1033535537139996,0,2.8180539787327137e-07
-0.5392250593904954,0.5401480387859501,0.46061166158952865,0.4978565518946567,1.2487956378361702,0.4627947111213478,-0.08408057019718133,0.2644605324370026,-1.4356879628254628,-1.375354677234857,0.38433579395250556,0.6087753660547893,-0.9964052497175602,-0.2420777718527081,0.6286079340983103,1.5503472756181464,1.6444020527706005,0.43669164737136384,-1.7236253689002163,0.26256023504627646,0,0.12257191903016522
1.0845961012287153,0.7926578365073864,0.42844924144602975,0.0348953609263064,-0.0861725565259965,-0.4231338111269765,-0.22838702228696867,1.1887006653108836,1.1211342928115062,-0.23164417511461582,-0.3247555368109523,-0.2965527142473568,-0.8485888995337642,-0.23397693345994247,-1.2598526546529487,-0.537434083556548,-0.43065978504376184,-0.46849683534109837,-0.14988372005891415,-0.7395836170042894,0,0.000236084970721632
-0.059747461448216826,0.852702806283128,2.1574531498959844,1.5179533620808179,0.43003970409322423,-0.6618655559186358,-0.5374554785699693,-1.227829238140259,0.9520223275942286,0.5142460894690852,-0.2351915692005664,0.06066304674754669,0.2831645732345313,1.7015331322685419,1.9370454184362598,0.9747926378227793,1.1264555224211563,1.0687420037392188,1.3462429780547396,1.193114491958931,1,0.3248239164463686
0.14776575935960534,0.8719952244657868,0.022883069103225948,-1.5949911171218365,-2.0229463652694455,-0.33499059864547553,-0.9324874436035322,0.21103197240074598,-1.0383456738140082,0.7281102560742185,-0.3090314361260415,-1.2217201305134124,-0.8269416985618113,1.3637393266119622,0.24752271678042237,-0.5801702369627717,0.7582874214397949,0.07074236689036398,0.5459469643511137,-0.014250653825572777,0,0.4845927745190415
2.240823197436299,2.1586446125735312,2.1540137362479137,0.8421113255368321,0.6248455335907493,-0.07770469259741114,1.3051490192806274,1.808467696937562,1.7849318466402466,2.0392271732364247,2.1507400232561285,1.6840479529159804,-0.503658020078829,-0.010743230863807992,1.0397957285183266,1.1750646622001821,0.8376416290230785,0.606735284498515,0.6071346074909038,-0.1820582063074617,0,1.1388419361134343e-05
1.8772982001836034,1.0959353790735868,0.5928410531588161,0.9898768233300502,1.8987460816437034,1.1964272874214534,-0.3359736689262529,0.42884118161353646,-0.25463164416870143,0.2775554635585006,2.472322521439748,1.0888727984475515,0.5951907324924738,0.37699673350105967,-0.03533832217514142,-0.921385406722024,0.4658632083049367,0.40623856621959903,0.4220525232981885,-0.6915870272471987,0,0.0018995665349501257
0.9600517682123394,1.9224515001827749,1.6242431423034105,1.3620027441273392,0.9720522588792296,0.4507470774308081,0.5777547497837547,1.4364708404742592,-0.40574234867475556,0.8644494051169124,0.3888326690831251,1.577670787806291,0.29265901962665897,0.36487174997065097,-0.7810164602811138,-1.1868966629735558,-1.1105429156710622,-0.17069454446550586,1.5938301583091679,0.7294741602445453,0,0.00016268647905608838
-1.4563037293102075,-1.3683669180306866,-1.4970244081292219,-1.1041742590636958,-1.1240901120085443,1.3188029618758674,1.7578013999573119,1.109446317482907,0.7440620508618716,0.13278258220060296,0.3456643391319062,0.862710305706744,-0.3901562623685358,-0.8175401417015348,-0.9082036096310923,0.06085323125553831,-0.6530705445905999,0.04690709984661057,0.47359637184786185,0.015472615141625335,0,0.023715713745850544
0.6059701202765417,0.44045776981779966,0.005451815939942147,0.8926503047756238,-0.4302043384875723,-0.6347551759026002,-0.6650706748927556,-1.6325624383268902,-0.19481735506796824,-0.5934319302471861,-0.3087141174856759,0.330104041818499,0.41700430701253155,0.1700784942705142,0.40663391079126854,-0.325552628969962,1.3313026649025033,0.22561766098451733,0.47719596195408487,0.6416475815343791,0,0.1958089879976434
-0.24815586312236063,-1.50639362241997,-0.44177513754822073,-0.009943872758017116,-0.06584272188001107,1.076220818193516,0.6912208204243432,0.47908298807288735,-0.014627876272971848,-0.5088082757687066,0.8058648193935904,0.30140254562400304,-0.20787659201685849,1.1592621567187664,-0.07579898192700152,1.6057246576224184,1.621922606778215,-0.8902942011468623,0.5058325564438595,-0.3589722698651197,0,0.09401831040920189
1.8771474437410047,0.11948182876118386,1.215828100113178,0.31737950622588684,0.2089899316280256,0.6184664401926598,-1.0284193836897566,-0.667944635255712,-1.0528952873007074,0.7805746312590993,-1.7377907359776927,-0.10964709664079697,0.1913927082264064,1.2578123942947477,-0.21229380131547182,0.6237197507141858,0.5381952970185183,-0.055542091712552956,-1.1964576006927599,-0.10332091522434687,1,0.9879048612470418
0.15152239574773266,0.300619801490864,-0.6753874970634165,0.7498037799958842,1.2160343447959574,-0.9519387135137353,-0.9894299068703224,-0.16436135428664767,-0.21627506147613335,-0.06903698165118922,-1.882252594193045,-2.2262096330862557,-1.620366161641612,-1.2243749475251486,-0.39279523353404694,0.05789584375198084,-0.5067756095500755,-0.9730441163871341,-0.363053754604773,-0.1952765418187038,0,0.00035123510144546795
0.39981896394586275,2.200521785865645,1.3133397970631941,0.2596011658480513,-1.0562068807024443,-0.6249754636843986,-0.702675058314743,-2.0392765060983282,-1.137821567034723,-1.2063991949653203,-1.162050572867052,0.1963728348300358,-0.27172943844257674,-1.0176579538073462,-0.005070130108888967,1.4580167837450582,1.497914709083152,0.7427388350055898,1.7660424557087122,1.1660575637815254,0,1.8019469193873222e-05
0.3161132235455802,0.18727238542875804,-0.16607551333117787,0.6037047770337965,1.024761949845784,-0.3351602127731532,-0.5798320957304718,-0.6683152463612262,0.967384820251017,0.3517193559379714,0.47007928789937237,0.5943080704516165,-0.011687828255511368,0.028255220252057123,-1.1442939874420168,-1.032995222521021,-0.18239904955593628,0.2702585575585533,0.034347645884414024,-1.2949671915030685,0,0.012750782655344732
-1.2100918841078085,-2.2540234966743156,-0.7864636556127356,0.7023338805897109,-1.7823349155884023,0.8447477201356702,1.151915003146422,0.6211060428120255,-0.18252125927787968,-1.5714540804751131,-1.5901814416390985,-0.7680216151806772,0.03743117664418796,-0.23626869130035302,-0.6962345691624342,-0.24407590741969462,0.48155954930389666,1.1771208517761886,0.30922288352358185,-0.301911921656604,0,0.1572324938526609
-0.40059238684791015,-0.9370134520987485,-0.08347687901022911,-1.5059767798489478,-0.9817736598319299,-0.47646540608865684,-0.709614241627714,-1.4926825233842,-0.4345004021876522,1.2289674635475873,0.47514095314604954,0.02392254212523932,-0.3263836827760942,-0.6802437908465805,0.13582819557294623,0.6522006990987915,1.2952716106881514,1.2709790175075566,0.41422724399642064,-0.5230270287600325,1,0.0277743592106305
0.9248781289164054,1.3923680119624533,0.8090377184110213,0.6097316984521873,0.8744865736067051,0.3749801281581055,0.5713217550660746,0.3201248892077867,0.465386081535263,0.6113449117792135,0.4026392237939828,-0.7047385186452829,0.12397526757835216,-0.2918754935837778,-0.12316079172780116,0.656969671222386,0.23834057471523187,1.0702475312354398,-1.4033442551395496,0.4856778398766787,0,0.0007510574448990585
-0.34077286653799377,0.3748865688869259,0.6172951033829028,0.3543555256422008,0.4348327424704874,0.03659869115454352,-0.7737049693386292,0.931463994730422,1.2347824335987694,0.3715460418920335,-1.5211094974642339,-0.39926475603636474,-0.23822498624558194,-0.05633536540951395,-1.1560809264823293,0.4379920187002257,-0.044708220941558637,-1.5274437506033347,-0.6231594412377787,-0.5414524750222406,0,0.000209207015147181
-0.9211218971224753,0.7834742226935155,1.0822804248175089,1.9215155343623247,2.0690963909897326,1.2192175044516804,2.4076100020990046,1.1019325566228244,0.9857602213403055,-0.277678017371911,-0.7377598306463812,-0.7928732135290609,-1.038234985824408,-0.2282140722070495,0.787411166389496,1.4129177115585672,0.6954113232135772,0.8668133760686167,0.30221819182856235,1.009090691606214,0,0.24509655866479546
0.88507539866662,-0.05181300884821081,-0.31432848958344883,-1.299029189145277,-2.244839675720751,-1.5798765279360516,-1.5086130133461537,-0.21991944143167472,-0.10377359309332054,1.6343397755829256,0.5095098285055387,0.2608460270765955,0.6476875687154559,-0.09611570897908416,-1.089028899768677,-1.2926223843749602,0.13999945536563724,0.618847957971632,-0.3985974045436159,1.392455673502608,0,0.06097662589517686
1.1119677016561142,0.8950850150607795,-0.7159400975917155,0.12950103368405685,0.6145577137844294,1.1781768443984642,-0.39412650048331405,0.867587024978426,-0.28783023865115964,0.27867406914119114,0.7630202287115384,0.9364699994125137,1.1834956684241456,0.7280775839601681,0.9280612607854567,1.609813198447218,1.3039833383456403,1.0954956456551006,0.7153934390008493,0.11252884859945482,0,0.005146241422402854
-0.33632383398056115,-0.4503919086071002,-1.5056065801707839,-0.43241977452780755,0.5016780792004039,0.773148893641959,-0.7564011843058174,-1.3354155075710348,-0.759315364239715,0.18393758777389377,-0.3550806392480869,0.15153256909335985,0.614523257871486,1.4604794073792589,0.4368537011836332,-0.42521278898387166,-1.6481127262433095,-0.06268653486478602,-0.894604885564791,0.7872497823590913,1,0.8087013496476895
-1.2763290841904182,-0.7169190556253787,-0.6785014845072768,-0.2012563699415476,-2.140676486593151,-0.6150989250173357,1.027288572828745,0.9068523795953567,1.596059762449366,-1.0173943602362625,-2.388232200053902,-0.5396473691408097,-0.2748704772261011,0.41720734452655156,0.1844449339320553,-0.2148936090493798,1.167293004752059,1.4178178907309755,2.0946751535910666,3.298902874639625,1,0.9989083780653145
-0.29429879676312654,-0.279404148450639,0.14412799195891987,-0.5910493671744476,-1.8872261662580847,-1.630240749149905,-0.3063184828279211,0.1940382060040949,1.7295928647907242,0.7189948297117283,1.8063816583137196,0.6686715932328242,0.9968807313593097,0.3269661868657516,0.1306393111258631,0.30665956196046196,-0.04486994272315609,0.4765013597356954,-0.026278793227485237,-0.5055868280224173,0,0.3265577947899215
0.28548796654164427,0.3274262919833265,-1.4458767942850286,-0.9329778787067837,-0.4555452100560437,-2.295912161650471,-2.7405712897172134,-1.7404340426217677,-0.37205032352228085,-0.3420912706626383,-0.517164982137185,0.3032649964711236,0.494791208254276,-1.2303388725739322,0.17667267341668652,-1.1491174201430874,-1.0931418405280267,0.831098361753648,1.4823076313839265,0.9359666032072046,0,0.00030385662697923895
-0.3174836719814762,-0.6431629692389663,-0.3051200288985296,-1.5285250409046063,-1.2859510771479041,-1.4308954469030086,-1.7039433395043049,-0.31921954453331847,-1.6211010251428264,0.13930882344645876,0.10658226168703126,-0.32836742960178644,-1.1490162928658259,-1.3183128762454053,1.7696796401219939,1.377976902078753,0.7146068311530753,0.8200177419339533,0.7574594885084491,0.7331571519293576,0,0.3050104167779929
-0.7506498285390746,0.8173453233391077,0.4068182760086196,-0.07419064984310031,0.025564635414555427,0.08254239023083297,1.0156422238991263,1.3871912085098888,1.729658462098789,1.836859533340609,1.533382374019236,-0.6349732355262051,-1.160013673052115,-1.007561320840639,-1.6233250588504515,-0.9474785933025875,-3.1317083763912175,-0.7581158520001022,1.0135087510701468,0.5859982211956586,0,0.0725613765276757
-0.5861695035969284,-0.895492018327796,-0.2298959467269188,-0.6348081258656298,0.553660043822537,0.6607241518512854,-0.6381371898771956,0.019665929368820414,-1.4943428514829773,0.0777129803120835,0.7794702623003885,0.5837650880162242,1.0338697254329074,-0.00917132643554916,1.1170887341005258,1.2939868806269,-0.29971881296940905,1.214277660471559,1.1730260233502803,1.5920925323713169,1,0.34317502570201924
-1.3961732413298729,-0.06730900646407426,-0.6108388561665551,-1.2751386883946194,-0.8382889604514877,-1.4651839659178896,-0.8302393122780347,-0.5356182340505251,0.44324431831886707,0.4599786032412033,0.4005331817791945,0.12687883132393912,0.3701778570957815,0.8579486111067562,1.5209011492324913,2.541958527305494,0.8891783328478328,-1.153054310274767,-1.270155957708611,0.6959691663056805,0,0.011156780799485712
-0.22223803584161486,-0.29329601020774465,0.9029600867374415,1.1339358733986054,0.9137871026082071,0.9144627313167492,1.1366008855270189,-0.3236029664532878,-0.8986075714726623,-0.12631863070491706,1.960880825315742,0.6670114556899768,1.2932434188801494,-0.14866663720810824,1.882887359843528,-0.3310518290003322,-0.8898016713036196,0.420183817386641,0.022453722161655434,0.8713663558567105,1,0.49716118965067674
0.6295098737976477,1.3482674798999166,0.913137908808627,-0.07869336960959779,0.5960027718964559,0.3192505847222438,0.5834033992938109,-0.27832043021735275,1.0199941159878498,0.5300339870919658,0.787131776787148,0.9077310448524871,1.2643807182702052,1.7180432401989376,0.869047191572454,0.2550440341451136,0.2847015202367614,1.016953196642138,0.9911546862462995,0.9607872693866528,0,0.07524778187821185
0.37719842550704874,-2.541921942933761,0.307482805233763,0.14328560441432345,1.1853020124482543,0.6183841919457719,1.7299414795728498,0.9601555154221254,1.0862884828573673,-1.0062551942478037,-0.7134876907389053,-0.07058611403241266,-0.30780170026619885,-0.0904939340995251,0.2150436987695357,0.277910614291448,0.8404231440412031,2.3569283085938264,2.5837336668242417,2.5389477082807987,0,1.4630994322852615e-05
-0.33536759879483363,-0.5441101455283575,-2.9487704326613464,-1.4300997985205681,0.31045310808677523,-0.891756404213975,-1.6868670960137484,-2.0364060384847793,-0.9305191467886009,-1.1883323083790205,0.1920334211123769,-1.2665818774268698,-1.105461558056599,-1.1561225554676982,0.2565347198483327,0.9699102243076212,0.8934030756874061,1.0317524919879253,0.3051462342057898,-1.204931960037581,0,0.0004961011776238515
0.9509616802728748,-0.12966232131374467,0.36513856701211345,0.16448561784208893,-0.3898543457065972,-0.3173422941409164,-0.9862037680689106,-0.5824407918251233,0.5987609331099223,0.1326741394264624,0.7375893499396191,0.7868868627191128,0.28541378695429614,0.9646906709056161,-0.17402482240974398,0.6682399054796752,-0.5745632785112682,-1.2779946570742913,-1.7162209037941494,-0.8474185187032595,1,0.996222966467912
0.2734113089247664,1.5467688694111366,1.5078441297960519,-0.11756949068676001,-1.8494856245657827,0.005303068150819965,-0.4664914502232424,-0.9843932056867398,-0.34645258686810554,2.024508897220115,1.8942698583923843,2.350643539686057,1.2537816391702448,3.2965255495142167,1.7626749264633232,-0.7956899670449901,-0.8549623840207101,0.03903397312053804,0.37898084870446164,-0.26604996760317207,1,0.9998234476290936
1.8019958292284206,1.4362023975491036,-0.8718235475011011,-1.0752690083184795,-0.6226395730919613,0.6304506115358012,0.4394980532053207,-0.21554543514116306,0.9126225709089254,-0.7957318039908404,-1.20049952383599,-1.1066236915298122,-1.8203795241048475,-0.4938420423484754,-0.9682271526339885,-1.0778161484536601,-1.350038292841092,-1.415529898549712,-2.508648119777531,-0.2759992272982386,0,0.04389939169368548
0.15611883537916404,-0.33577641808707465,1.071810363368587,1.0194976144390724,0.8055673054358312,0.9398385748923094,1.112766883371098,0.21143913732425804,-0.45632202679936085,0.36283849459962564,-0.1272178841115393,-0.31660694550238255,-0.16187132736125928,-1.9875839167153146,-1.7701439230146643,0.6830344816261591,1.5802987595000912,0.5779391894430864,-0.7953379889529142,-0.39636040811566586,0,1.658972688128869e-05
0.1688699483144856,0.5928537875458468,-0.0036729025805841025,-0.6896075779864947,-1.8481618613132857,-1.3588417934467174,-0.21212418765274416,0.7907944760014759,-0.2469763640514635,-0.6023542668626387,-0.4400752499778501,0.041657818717858,0.6491662673788527,-0.8669568454184315,-0.4501290809382242,-0.7251276777075325,-1.694659976618615,-1.5390530525944428,-1.209778973862155,0.6362677240493232,0,0.0003238299719644788
-0.2716726898716331,1.131102661661628,0.8350009324504116,2.374499176435401,1.9065376678148527,0.08495781891547943,0.32639792580046184,-2.0872657949981717,0.3107022303857207,0.12540796703955787,0.6722940263440578,1.7513534884561621,0.31572756030060534,0.7499776623915194,0.7072149998838066,-1.146526443735871,-0.9075246305962086,1.164860206570602,-1.9747544336125964,-1.1714434865693242,1,0.9999999534254038
0.4560286878648471,-1.040247671432522,0.7770660741041744,0.15527579245800638,1.3688377070896103,0.49172395267561775,1.4276769193845877,1.232045247057662,0.8996412538872404,1.7632906054155064,0.8163956972764629,-0.17460435460838403,-1.6145616352383219,0.17031202676155863,0.7750647997056136,1.554828748126374,0.08798403077694902,-2.1665211430321967,-0.3999166820096292,-0.08029611132066304,0,0.025272364574355593
-0.38324125332428194,0.659131937690665,-0.41734218049921734,0.9207597326719893,0.13687206062082724,0.5155992351015533,0.8913662117897848,-0.06297761563658102,0.050173781197809485,-0.044902095899468114,-0.5556242101528087,-0.7099805600542397,-0.28041590683065526,0.7200208513203791,0.29904594218925673,1.511990029410427,-0.41456141811245223,-0.9291446681859237,-1.0044393166296122,-1.4887867090813562,0,0.004168067804984775
1.551601504965079,0.8531462096062907,0.7078059105397879,0.28111767619974287,-0.9141512818960412,-0.15208833819806694,0.48179156335176454,-0.7363203654909629,-0.24064302485752453,-0.4384754894711221,-0.5307801574552911,1.3203847455614288,-0.13693619915140617,-2.2183762375431737,-0.9854631996462304,-3.128616985820091,-0.35474771031111424,0.29206062949459055,1.053513905389398,1.5565680900813728,0,4.674020738741749e-05
1.911557957428751,0.39144271731477565,-0.3234138932983811,-0.33053735015960495,-0.7218169955607567,-1.2763369104311502,-0.8915002070877786,0.9287375209963876,0.1945150352785897,2.2141953357386375,0.9607236481184507,0.7519830526225831,-1.2792704245153521,-0.5028872620363549,-0.7341880262391962,-0.04835818610293379,-0.7383768520760616,0.6649474423408692,1.76428177749652,2.1282772791552755,0,1.2115358159102821e-06
0.5277813060273198,0.6595380255198395,1.3913515908863952,0.8668174137276663,-0.4577883079077441,-0.3270912765899568,-0.6634998293291977,-0.60055057005253,0.09312555226125702,-1.1150659774239,-1.37225576001761,-0.41600589800742344,-0.30978771332634547,0.9408518498551067,0.4797697220128205,0.8267587251125535,-0.5120115799895582,1.2492555541160044,-0.17666396938806717,0.5384714803661353,0,0.10415664733701427
0.8149313352533052,0.5914588239188334,0.06990142840407619,-0.8314475165428774,1.6758346860315887,1.1108593093202381,-0.08819776598356774,-1.2343127973223578,0.7793235199411559,-0.0692558508473215,-0.912067717333129,0.8014440556788913,-1.1094941236867775,-0.6159511991199002,-0.40729603701300443,0.9038714391845352,1.7590811717783437,-1.0907968440020377,0.5061631023082114,0.43436993054273265,0,0.06461432021646915
0.03169202649152304,0.6025025143171276,-0.368357503061839,2.1922951617612805,1.745164087969746,1.461619995942986,1.2240250144125586,0.9559656657125359,2.022990098394773,0.9024404118754769,-1.3387461386903934,0.333432757729035,-0.1149625501105949,-1.656220770408652,-1.4831824196498637,-1.1452905877710193,-0.9688550608631933,-1.0101165914406693,-1.296143942535404,0.21784792010848003,0,2.983453627049987e-06
0.5792790831466326,0.2580897426607935,0.14797383096910127,-0.24424985622346088,0.03604601896996836,-0.1979760921581114,-0.7086600260898698,0.6176343609200167,1.3057802247988703,1.4975499802426286,1.0120248057262184,1.6874528469295842,3.348140321989587,1.602991360668313,-0.6483612534271046,-0.23300087439557318,-0.16916742022133907,0.5371515873408772,0.272473458582566,0.2817281971447669,0,0.11205914306902887
0.462608671205862,0.6233537388345095,0.21882194341475977,0.9483558024554126,0.7048056462986195,-0.7312171932750913,-2.009202884382892,-1.2334809236953368,-0.4073090192180805,-0.8276818812931948,-0.49669390799193747,-0.4637955118135988,0.06490927626172538,0.35294462359210765,-0.11528334351272358,0.26392936019459357,0.14319455913779464,-0.33286162226990645,0.5974531813893666,0.8898793520736336,0,0.05221842699410433
-0.2682136662396669,-0.6055206774526687,-1.610328589348094,0.28953564206615506,0.1604758408364061,0.7641948218725051,0.03091285650777755,-0.5046173483800535,-0.477416478190349,-0.23554340138373558,-0.10946298636045408,-0.3821084815316486,-0.3734795184767416,-0.4208767740600724,-0.03201967976543245,-0.4724240526227167,-0.8017569807214076,-0.6396498750011559,-0.3156529988810915,-1.673210907574031,0,0.006698868061239934
-2.738719036165986,-1.3918019987938102,-0.6785162161321302,-0.14371027132566933,0.27696013919948786,1.3706184578069704,0.41558596452828833,1.2077229052525387,0.2482658969868219,1.7677017500622403,0.2038168820771719,-0.3995621602038327,0.16988978282572204,1.7400915482281878,2.4191725474704584,1.8859784054023339,0.9357895594321479,-0.10794294908726126,0.6196170236026896,0.23751725832319914,1,0.9999961895147466
-0.6354217961942776,-1.8214605878726764,-1.1095413971384167,-2.7268276382411414,-2.333469835524649,0.37591275582903516,0.8512419269465015,-0.450710322836755,0.8975786344290758,-0.07385893861346153,-0.7230956732123909,-1.3075771424458613,0.8294521975262423,0.7373547012274196,-1.0385402024214594,-0.793029318053017,-1.5966618300908801,0.5419154919747465,-1.0613102237614762,-0.4614407850477051,0,0.0014697916983168152
0.27740636937269275,0.8912032657950015,0.27743937286577086,-0.5257801566618406,0.45459254478187594,0.6991866297167065,-0.8895629434175768,-0.2251547393297932,-0.8392329352593462,-0.0047513254609445115,-0.5455087096065743,1.209840665642757,-0.10429479599329805,-0.7712799579765469,-0.7262599216153871,-0.9653427898105365,-0.06560096520232249,-0.10350178948105912,-1.2119675949213486,-1.5649097159307683,0,0.23715956591455786
0.19158330703818308,1.1414782068991436,-0.24833409098244283,-1.0230796932418518,0.890972179371323,-0.012192115561621818,-0.561431718177978,-0.5626598901060537,-0.2696783301299292,0.017547337951082934,0.6099281353750446,0.8826581478053331,0.9348263166266314,1.4215808919641666,1.2968069497260277,1.1940416802855602,-1.3767271291043364,-0.11450408472706697,-0.5839634489257409,0.2774522803441952,1,0.9777749468482756
1.3397386367972275,0.664437743053068,-0.19098708842182308,0.04073811379305719,1.7296659497584754,2.132047728684044,2.1694043508095904,0.8178735908349171,0.6205144539064799,2.0921680806871117,-0.18111967584833025,-0.9651923239926796,-1.5512310924148758,-0.6603819623299129,-0.4346041665952664,1.7360703705973373,1.8622775922277304,1.2790868908176436,1.2487892938788065,1.8843834638535637,0,7.124091520994263e-07
2.3100479788488815,2.6528669566882503,3.082618793745919,1.1230791206999315,-0.12721514054443628,0.1619567940223306,-0.48563939506280085,0.6142964269941181,1.082839543382387,-1.2792180676185456,0.5296922415958999,-0.449046270858932,-1.1252921567753877,0.31297947156509404,-0.07845017532350747,0.4868858375360527,1.7312666668575565,1.1729258756277647,0.19316768722140412,-0.4675406875318368,0,3.2383409822439317e-06
-0.945914800004835,0.46986107260079696,-0.9865315010468662,-0.143996066891068,-0.6872210189871492,0.5151626852109136,-1.42452064936812,-0.6452668148892968,-1.1702789215249636,-0.9841084753083134,-1.17183592615141,-0.8811959575298062,-0.8008269060589545,0.5915072746877249,-1.226433741500712,-1.4714723157196217,-1.6631272625636675,-0.058164651235737434,1.1090997350741336,1.1083574054445573,0,0.016191468032371283
0.41558030924027883,-1.081203858294694,-1.4334811692614902,-0.801690492458378,1.1123902504663374,0.9136393424278234,0.6093818821544356,0.7009026413790963,0.008601141599256299,-0.629705355599847,-1.3224567327047552,0.5193480360490873,-0.5771223475578536,0.39101673539077547,0.5644639527650932,0.5232922653880522,0.30409329644669114,0.6211200813187099,-0.4662272635052018,-0.3006512197424773,0,0.039964835192860704
-0.8191145049282867,-0.27834516356920974,-0.32957988170530017,0.9045539233510383,-0.4028033707330683,-0.1994980394738043,0.3446333460618959,0.18195542153136607,0.01847472694472304,0.18834754473326648,-0.18706996678748056,-0.41273839131716583,-0.2150440242311382,0.10691036350458176,-1.64900242986958,-0.44600617001804205,-1.065952175927287,0.5026985001149276,1.1557342569176947,-0.10826202073759243,0,0.0143657449070448
-0.006421040133299262,-0.043406574408951466,0.07816571760150236,-0.7358510924788665,-0.36671185484347785,0.33388507884958185,1.6934899185002208,1.3535439772550932,1.1900497499915517,0.012266425749534038,-0.9019906631343095,-1.8034378152023118,-1.6358239114179944,-0.5170122881971485,-0.8793506133750542,-1.245277709549951,-1.7796863985574407,-1.3006091012709728,-0.44728536671239033,-1.9175054355797374,0,0.00018150807289719496
0.9658729268431825,0.4228754422247989,-0.9798728473814187,-1.2307807995830027,0.32701293761017436,0.8815453904881666,0.6369719762116605,0.5562194473040358,1.4197799000614388,0.27845297809422437,-0.812478245345619,0.17549278191208406,0.7075304751850833,0.6254775762010805,0.5036966086534155,0.6895278808579477,1.100623423921115,-0.2729482356849197,0.6882690180041098,1.8488613890970198,0,0.04727272281641775
1.7185268433222207,1.3084092343970835,0.8379077373603496,1.0756786838319508,0.3093972058348372,-0.8590717793069366,-0.7883024107885195,-0.9266575025534346,-0.6459407059100746,-0.339755280998823,-0.06870288518027526,-1.0996454954306747,-1.8766502044039133,-1.8041813428473035,-0.608308015824517,-1.5934630726024466,-0.9637460927496335,-0.19832817810254086,0.736174631787453,-0.6546935566708928,0,0.00047400948372757146
1.0542701662893619,0.6189519585720531,1.1658118842693472,-0.6757716075054441,-0.10802126404304209,0.9460039827811245,0.4399987435059127,0.2680042971821394,-0.0340249191263055,1.468458355782406,-0.030628663579535663,-0.07008318839642173,-0.2737529964193865,-1.1080366101428258,1.5112362564329822,0.6294461375337539,-0.037527945612210525,0.3863467110147318,-1.030255870189336,0.18731003654091213,0,0.11832136171172122
0.5939981125685717,-0.299313788585714,1.6465743973444853,1.9655265415983214,0.08941763096371015,-0.9950494749137392,0.9233510313131907,1.2055734112345131,-0.30141880415467676,0.3726334365787322,0.26334643021973064,1.195948506505343,-0.3726379630418933,-0.007382160097870094,0.5921847954467104,-1.5094563117222521,-0.7190479291853471,-0.23650913138033627,0.3830549442313274,-0.0918185345484903,0,0.01710916804635441
1.1439330256487055,-0.036795261524580666,-0.3834073658848585,-0.5514154417938585,-1.28704115321786,-0.547773122981675,0.6327994923382851,0.33211446791774824,-0.48817741461886094,0.5152408781412727,-0.22809979674632003,0.3720017578251526,0.7379419853422766,0.5187210606966116,1.358133044969082,-0.6874975528309392,-1.334114284553096,-1.2527469277028267,-1.945254187001673,-0.5859213545723141,0,0.9258837226766184
0.3227389704008793,-0.21356661062321292,0.42649505518272113,0.8868936512725663,-0.6696109618400642,-0.4920478839794579,-0.01835898427617945,-0.3526791419467606,0.9726088601524724,1.6234379101907646,1.8285681368307405,-0.4066417729843684,-2.3308947401318894,0.37833928969922714,-0.15668297119971492,0.7379877914471427,1.0456916134154794,-0.3513944335784779,0.3583491462644725,-0.3277371773234466,0,0.0738875887305083
1.1465657251645296,1.0239231312137245,0.17100263903099128,-1.017649584833227,-0.709812646845473,-0.023277662279585144,-0.14941197386299557,0.4135955386267888,0.7103271055818535,-0.27269000252455067,-0.26731124607061585,-1.1871180775715597,-1.1357577691196294,-1.2921740934070558,-0.9190585050137151,-1.007502980795074,-0.7891497028217982,-0.6871179927477242,-0.287326901771556,-0.8499903866466076,0,0.0003877996573471077
-0.6807771054111579,-1.2881288832575144,0.836313064540205,-0.05905962300749817,0.6095821464385461,1.1968321365357075,-0.5206416656443469,0.6836910754970675,1.2394250778613944,0.8564436886899478,0.626560331336806,0.6721065887055534,0.8374406970111935,-0.1737776923615632,0.11335270283101351,0.03988089222163445,0.22678623401477258,0.18479472921482282,0.6035572287905373,0.26873779218223465,0,0.1335049952206852
-0.7816104792247442,-0.17608669117110803,0.5154961576041183,-2.0661241150421352,-0.21498111216020513,0.06646230071401275,-0.5624615227110787,-0.782526158374933,-1.200759648712669,-2.160431030120649,-0.8377377196473748,-0.7928599487552799,-0.8639801790388603,0.006920545892919795,-0.35520907991411,1.3246918512926154,0.19275114647308583,-0.27648469889511873,-1.3136281402588206,-1.4746013976442471,0,0.000618334285370174
1.784951077490469,-0.1603928022722573,0.3127617726959305,1.4624596132281475,2.223635107789318,2.186665918557392,0.6128753850460827,0.15206034922560574,-1.4279689354541985,-1.4118813704729039,-1.6724487172739753,-2.27973902950531,0.0873584207322931,-0.19775813501940806,1.121491704058028,0.09135343266761896,0.19460887258609147,0.09819316546884191,-0.30004451590759634,1.5816779516595516,0,0.00016006450152467324
-1.3638761428413482,-1.1213010136706403,-1.3848788794328364,-1.7703085480773417,-1.1319917954359067,-0.7790899892045607,-0.7122435704079109,-1.8614029189672932,-1.0782871222423334,0.32371224913060676,-0.40657436843224637,0.7586620468263899,0.28274372607612375,-0.4381876827146786,-0.0019050381560300003,0.5091209506032806,1.3267423019073823,1.4357669614608914,0.6758012796161641,-0.4142569388081371,0,0.03252578359482538
1.1392444373352055,1.3650324963132134,-0.09605130355785851,0.17500470981220403,0.5123708139092601,0.19395195794215697,-0.7933799456756206,-0.3345895736907684,1.3615819235858062,1.4699841263431364,0.6908812650715664,-0.17735365204226528,0.7346975085163561,0.30868562318237697,0.8092026460946888,1.3273890391128802,-0.34983562392093204,-1.3468172793874,-0.9436203119849667,-1.9983219837869404,1,0.936619716782799
0.06016039960988352,-0.25361302176994494,-0.5932868050617575,1.0008828246636758,0.09263195516558809,0.38731653964063845,0.29091944870216835,0.9561506982721082,0.8311103338959831,0.7540855290249825,0.8315825491769021,-0.22759166846454804,-0.7001775614183442,-0.6083422630404776,0.4039340951708304,-0.7165277237835735,1.23087494961953,0.9291275864310559,-0.6573588402445938,-1.1063430019651197,0,0.007827686606370475
0.2740618923734819,0.09684487899611993,-0.19915393881633028,1.0884396655943425,0.3941772843807673,-0.4057345664168678,0.3472121837862393,-0.1689010310032,-1.8101886569785166,-2.725967143024339,-0.9431349090905488,-0.2795867612045916,0.033605180619943484,0.09595137844074882,0.5625973762035317,-0.5341042881957824,-1.1490378287052967,-0.412437461465849,-0.8931237911791258,-1.5038703700556375,0,0.02899837792173205
-0.5964154903879727,0.7022663374414113,0.6192242425386563,1.4999660007650506,1.2366088396434929,-0.34028777970876595,-0.14063931604974156,1.660644319147381,0.5004782366399066,0.25053868816716923,-0.8136713445371182,-0.5085795458148128,-0.1968293585927659,0.533380831026988,-0.026313258843117523,2.4621758255867476,1.6381786137985737,-0.5429062852704204,-0.8038476631612292,-1.6771567671810226,0,0.001912481813142925
0.571957292991813,-0.2513211677501442,0.7168118956355153,1.8042605864549215,0.3182339106789618,0.29820359909775346,-0.6591152542961916,-1.299448514499475,0.14243722082465168,1.5957039612839357,1.0590240193860283,2.1220985756135975,0.8949031716712803,0.7133560062311631,0.7991876451405225,2.1603871184238903,0.11205482373141949,0.5072189791648993,-0.4189985339852747,0.6045304924384385,1,0.9997915854178374
-0.053799735827139934,-0.40623818224363506,0.06327077652110924,-0.27342481803963564,-0.14447303510685777,1.1409165319677748,0.3444245339397365,-0.01615829976865439,-0.3269331780944879,0.7592822426277994,-0.167450884446953,0.13786221306040247,-0.05309285181319332,0.42053623518879674,-0.35369682429814947,1.6356577796523792,0.15401268909433385,0.8420910938549618,0.6281853817908636,0.05321142172246999,0,0.01990372592735267
1.0164770749636303,0.5273164773365828,0.5127011060048359,0.7561223318142688,0.6945725245034556,0.11855433826674652,-0.5868115269376334,-0.7311614610349815,0.621607414367161,0.5269059488370178,0.8932978927461904,0.34606619025374596,0.1726628008675101,-0.6947544170812918,-0.22133364879862227,0.07686405133519114,0.3835550105748727,-0.07448970239503878,1.0023127206381006,0.5718755748362296,0,0.003736002090443531
-0.02163582834610554,0.5691094612046671,0.9814014356597209,0.7392648556705904,0.6873859354358135,1.4180632750365967,1.498043436617455,0.4248565334853494,-0.31364934115062176,-1.2627023449042607,-0.6067815290125065,0.9329757307240033,-0.2750248125999057,-0.1499559992428733,-2.4816900206073313,-0.9038233088754393,-0.9312346028029327,-0.29737163276400247,-1.1280925602134135,-1.2967698123911615,0,9.717290550419974e-05
-0.07097645017502005,0.6921891552556856,1.161297028056405,1.2294948374728598,0.4870542527939672,1.1923791685697527,0.796228487155427,0.5845785506948313,1.0304158949834141,-0.558092982825427,-0.9042465123981416,0.4237592697389632,-1.167698874685176,-0.5310648070226306,-0.9914592767062971,-1.1806627396435039,1.3220670155131011,0.8804534663642825,-0.2930316433655759,0.6791673963015461,0,0.0017230953293991482
-2.092341879333242,-2.0571376889720385,0.5223865536178742,-0.2646306787238133,0.8550252762437701,1.2964763328624593,1.094625785189171,0.9150818471640878,1.3438824954567832,-0.22859175381006452,-1.1239316187406074,-0.727257676400185,-1.2246183320346882,-1.7914160392729803,-1.3689879278246508,-0.3600072304331557,0.6590657614086616,1.1862892735914738,1.7496774750541684,0.9991441863581348,1,0.9901953594492995
-0.642879961935291,-1.0288759274489385,-0.739321863842805,0.48057255545721017,0.31615173082265313,0.8246618698427183,1.7462450251536914,0.7077357384702544,-0.05367743668054821,-0.37951463407837005,0.8033255291445751,0.47904611213957854,-0.5331827787761096,-0.4561573609858529,-0.33585858867182533,0.44664754481452384,-1.1188788969380619,0.41554965303999175,-0.9926491221584243,-1.0194248946750042,0,0.004021015546146934
0.9098262807821104,1.0997966736178275,-0.845094634534748,0.0759764077039659,-0.23308858089834156,-0.000500054395355249,0.4246986120925886,0.9375665365430969,-0.3361190071619787,-0.7176988352994622,-0.563685474368895,0.06388566864256694,-2.177747017339689,-1.0234417793086439,-1.6475115576522812,-0.31722842525390155,-2.5182009928097178,-1.8426938161440947,-1.1832177619196307,-1.2450517916274777,0,5.761405787682101e-05
-0.24447223313461774,0.9064391269371931,1.5242084109072291,-0.6879022745941344,1.3289671221095245,0.6552462796422894,1.2642237408350185,0.9885245504071017,-1.518043709773349,-1.7310973555047873,0.35742527794288786,-0.5392002601117234,-0.3024251941295427,0.43722186861924667,-0.3214825664115139,-0.937030265409382,0.37615277652555196,0.1126521005728476,0.7055375321914206,0.6984976011838961,0,0.024842818611492606
0.46421304776702,1.578024009117108,0.09146805454553104,1.0130547327695256,2.639983551658107,0.8121496756693793,0.5252563579785563,0.6623228401629687,0.6021585846361018,-0.4540014677290711,-0.618839348507787,0.9022203248485354,-0.08709538396795953,-1.336734960416848,-1.7729892865938697,-1.9123442816816107,-0.7188544466466078,1.3946539622111307,1.9440565829261303,0.5476644382096336,0,2.384066824048157e-07
-1.02325332434718,-1.664759133225054,0.019926489241639624,0.7450485305140856,1.4250156799293499,0.4541611250202822,1.2250501684477921,1.148138198387855,0.8742867755134642,2.374447993940082,2.8793949822284293,3.2862954548883963,2.1498050570024985,1.5868101656150295,0.7116561697443473,-0.7550219832470043,0.6851359792254417,-0.08394142203658501,-0.3218968550284086,0.42544400231891505,1,0.5329137392732062
0.6856528072038619,0.4056794665556875,-1.325826381143851,-0.011588704649717004,0.49207774661310105,0.3542645977912931,1.9622860520250687,1.9468080576811237,1.916452029432126,0.8233422475903789,0.19246007390483807,0.258365107818086,1.8044008485124843,0.6293398973850632,0.43170110802065553,-0.8912194940191377,0.5146439816806062,0.07011904017069787,-0.6538844026045662,-0.05822652930935873,0,0.0008648022130199109
0.03225723018959065,-0.650258704601013,-0.6708308047300157,2.397854532529974,0.0605529213055055,0.6335454718906325,0.3528730531890425,2.125589076175122,0.9556441019080735,0.09353973998808363,1.188494643664393,0.5831381012508862,0.21763000831545287,0.2135640343201365,0.413155920262196,1.1778763296273,0.1725030488873699,-0.32635584549887764,-0.06548758626065414,0.07502343965853031,0,0.01451396374214815
0.6312341519109066,-0.2401576284392558,-0.042262558847257534,-1.6423041799328557,-0.2373714671143592,-0.010045229895887966,-0.46720310570292184,0.14588493034002545,-0.3514377838623118,-0.056372044459961766,-1.0323859957983812,-0.9429791886116504,0.1633526363686947,1.3621684717242677,0.4234036395888971,-0.2419821188577701,0.14596085078144083,0.002626245856592144,-1.4208638762869472,1.0920266575370225,0,0.05288160008708824
0.4370785556617139,0.32986934622837405,0.27899761579498744,0.35103249046676704,-1.4811307512877485,-1.5967485338064615,-0.9677246224119913,-2.529088693283922,-1.5343105856313866,-0.3228955221359282,-1.0674379927805109,-2.3794699941791335,0.16952743387848207,0.2977918149569076,-1.5794224118235143,1.13508678266168,0.985101486794839,0.08208622071927567,1.415859382014788,-0.30994690460599283,0,1.8543912858004677e-05
-0.24979670301584686,0.5061940942979729,1.052427858030965,1.0621489376631414,1.3510213482402669,1.4709819848765393,0.19074125615935758,0.23099294246694752,1.3905557380552933,1.0752204911510783,-0.052854717681771045,-2.013222105599231,-0.8155099718147365,-1.3150093351761498,-0.7567431069137177,0.6644842985287643,1.9612744546543233,1.4383278210194965,0.4598244821622473,-0.8682515645060924,0,0.00018712282990791793
0.43935786826937845,-0.25614277840485755,0.048069080718974685,-1.2526120968562198,-0.3273903389919056,0.7016092465690078,1.9260696436159608,-0.3931897442829055,-0.050451768978713375,-0.9142838074731672,1.256944314185944,-0.702706910657811,-0.8911753168376897,-1.2224414874317544,-3.260815063390007,-1.052803337091979,0.3027320892289135,1.181965173269973,0.8875013029351306,0.14051836031462475,0,1.234099758477705e-07
0.6331394998452944,-0.13439667199935168,1.1080725718798257,0.8019327106522707,0.19707204802092318,-1.657855676081442,-0.04201436364006143,-0.1430074393398679,0.2447872323515022,-0.06906405890196693,0.9553456790928191,0.154919614578846,0.8061932439188472,0.9981860539857236,0.7456718371734554,0.5478429552079009,-0.3615999765527257,0.5897575696144558,-0.6226613450395173,-0.02892355979141118,0,0.5299946755877327
0.49403107154308223,-0.05156697662308214,0.18230556430098988,-0.5743791661277454,1.0151583003667342,-0.8490737028859352,-1.4404741803773764,-1.2364786218646437,-3.2939496627509732,-3.2224747267908316,-3.054736683682895,-0.7860626416160502,0.9044765790165138,0.0574250119318352,0.15455351692817454,-0.13603980843283558,-0.21452834887938352,0.3968817966689076,-1.3051560912466025,-2.1677400411921597,0,0.14403028293612322
1.3464319756573364,0.5806790842631333,0.5959124643828748,-0.31070953139245033,-1.1007108725390706,-0.34353461743810815,-0.5688165588089147,0.5197139575756015,-0.4946737822313398,1.2468780396450934,0.4924668563645707,0.2107667188467754,-0.12973836091864005,0.17695948871169204,0.033453684885767845,-0.020891035199624375,0.2877629897754321,-0.47880412357264784,-0.6575662586407827,-1.0519496364755836,0,0.14693398354165535
-1.1165936802528051,-0.44697220539783983,-0.7027125000252765,-0.5001877453437612,0.18571754930634723,-0.09237498218867685,-0.15467505431280892,0.9969279480981932,1.0844142003604509,0.7055550373227664,0.5655741844124145,-1.1515103720250754,-0.560305139108162,-1.1731101791050282,-1.2661122704623469,0.708914690214859,2.1227036498127387,3.598179976727309,2.791363956942026,1.0137748193835898,1,0.8311688220117082
0.13885839490652344,-0.32627993271747885,-2.3033367520645363,1.0456491587602763,0.8255088794913537,0.8971184712871023,-0.2757360752528258,0.5330566279654971,-0.5402355463630912,-0.00852506273776226,0.3978601890471712,0.9317583839643288,-0.2979863766340007,-0.2781723225447972,-0.3339713948694228,-0.09776897428261644,0.5468821768442403,-0.015708105926600276,-0.6004921428126929,-1.1381536597579789,0,0.01685140235395338
0.17781610626343394,0.617564119192995,-0.05141108757072449,0.12486031596828175,-0.062144176066003254,-0.23359180023750648,-0.21762645516009965,-0.5220763393721496,-0.8792884253657653,-1.2090045851697966,-0.8645536468044109,-0.08500090301620147,0.5908639149603989,0.6681481873282105,-1.8252320568103249,-0.9544826841316568,-0.09791339175687637,-0.6307971481069645,-2.8039069017751426,-1.0225080462591416,0,0.008285485987901959
2.1619976786812467,1.9800884309119144,1.194416814202504,0.7706727877758609,0.5190972449422682,0.8362101185741393,-0.7538610029220294,-0.13788384577255947,-0.7190335019280074,0.880489932605647,0.1710467484433733,1.4058763571421946,-0.5534541486370033,1.0519894384299768,-0.14569612656199335,0.2837916171433502,-0.9032755747194794,0.5048073780978733,1.0008212085012749,0.32454234361531054,0,0.0026873663713589528
-1.6044525048298441,-0.9778565300577343,0.12919583749395006,-0.07795560019110534,0.3604683870929123,0.23344254688870433,-0.9489621641622729,-1.2567187085296239,-1.8258876877865775,-0.757815087027142,0.08341574705188493,0.23897501041522629,-0.08532993638292186,-2.5628910944801486,-1.8696724100873112,-1.9618283222495079,-0.8481479269176353,-1.7758465201775697,-0.030848802304969454,-0.1496662690212373,0,1.6203679084457616e-08
0.6905349535651969,0.9154531207023302,-0.04333431172021649,0.8614540600834106,-0.07005339081404623,0.772563521998207,1.6597825128689951,1.530654198239559,1.4353426766270305,0.5847326746137435,-0.2806528178570066,1.1456149501621888,0.9468365533231032,0.9532877708273114,-0.6892652420490109,-2.4188050314544016,-1.5409785829721996,-1.47761889741838,0.04780748466701095,-1.02511478823082,0,0.004075143190841544
0.20794892280154262,-2.6637146736226835,-2.2596539747374145,-1.6196269678069097,-0.773196148740803,-0.25165658679988756,0.7267011377352857,-0.3115404331143882,-1.9179379566564008,-1.1290050336237982,-0.22145060081980508,1.827558295238781,1.2059539628315,0.7706712237266572,0.5600083682127988,0.044852046497337844,-0.04470451680844626,-0.24369659743845193,-1.3968513978865353,-1.3068652001046726,1,0.9925967243922519
0.4922343813011522,-0.20786733814788955,0.07802657078899977,2.1924502464025073,0.4517486434625762,-1.0475786624901324,-0.6092933491842,-0.29399925214163847,-0.10601397800041142,-1.0949938640827463,-0.7238081909006492,1.5260208243405482,0.4650831719482032,0.9725452812516545,-0.12480507592337939,0.963084137333384,0.7714750178360682,0.13704177238490706,0.08043004688779044,-0.4644236937757476,0,0.3579266794013404
0.34089698271894153,-0.5701073394748013,0.16224679222692379,0.5775663963102741,-0.20798702376749734,-0.10205377407363897,1.1048873958580105,0.45590769894633737,1.2693048344673228,-0.018601822169275348,0.24576241588956613,0.6254541187243207,-0.9069249784794652,-0.1303087970734785,0.351307429644737,2.3102624119821855,0.9182254722066412,-0.520561624422128,0.3641059140958251,0.09761851866065197,0,0.030666958264578045
1.103738370895953,-0.10529970973092455,1.136308948944344,0.4772090691235065,0.6341551441950244,-0.5345641598527456,0.15635078686156337,1.0442468896053416,0.05644643188686042,-0.1674267444013003,2.26865492221429,-0.38400804294836977,-0.2557170166703878,-1.2559236024512124,-1.1332890042079857,-0.39805430548856807,-2.2653922561789814,-1.3827779906005044,0.7209302060318135,0.9046712960498996,0,0.0024254328524219793
-0.8332927899392242,-0.9711511820680107,0.03128912786941092,0.03417620012080671,-1.57884439094452,0.4240708278132248,0.8346746170943142,-1.3466040275753421,-1.4053801884303287,-0.8878016521385512,-0.861776590808124,-0.24601648938501858,1.546313486628257,1.7484250157943897,1.6471427349653642,1.0892066388962343,0.4787029423500206,1.0107579025638938,0.3967528345427993,0.9654591267868741,0,0.7817676176529645
0.8641991194750518,0.5984342318216179,0.4977669138972474,1.7634997992494386,2.0214986354500417,1.6106377595408234,1.2305535200014575,0.5132261803210625,-0.183112222298295,0.015229704600764895,-0.17525540055659836,1.6685365515545405,0.07655179586003424,-0.25776278713028783,-1.2991740072331754,-0.4683819823767532,-0.4095465304293736,0.7777357189931084,0.8105000546423418,0.5893845207738497,0,3.1538013746224626e-05
0.6316072584220246,0.09021097914324254,0.4874612819884896,0.022460929433323406,0.15922153011574658,-1.4748994932212465,0.5422488495852273,0.8462722592071945,0.05131970517045654,2.103762214999939,1.5365860578490762,2.049346555534448,1.4269575755611856,-1.11043251999268,-1.4808059264957731,-0.41471494862293207,-2.3041769261403164,-1.0312237418133658,-0.38833223525698607,1.4881752402539472,0,0.0008800162506969212
-0.19942792466115952,-0.04185155312861919,0.8921237326834953,0.03369531462626716,1.0879111891104518,1.9672874734873083,-0.20069638846404866,0.6305021923163832,-1.3837306104353333,-1.22786344052889,-1.5451001170006822,-1.5349749066818088,-1.0143052889289688,-0.09117725317411397,-0.7307612570068054,-0.1591278308429294,-0.8217577523779735,-1.739284070283189,0.7238087675978123,-0.24918298416497847,0,0.1484102169546344
-0.2215659386899852,-0.08862383163162697,-1.0426956097603193,-0.6633356535878373,-0.2766700521207056,-0.1404676678613172,-0.4387703045966489,-0.2337925532033353,-0.039178992554026106,-0.20163279567607081,0.21786584390952377,1.1532127647804455,1.4563920389369112,-0.3224324079225673,0.2122577795600042,-0.22307276063491274,0.6458294966984363,1.0472202618555564,2.2183629956912383,1.959211284088817,0,0.0006846996655791208
-1.5303834221537351,-1.29757329408206,-0.03477502645671257,-0.2628497201135087,-0.8647308060278871,0.3256996446885491,0.1316364723829415,1.0074224680701858,-0.484885809060874,-0.20971905631212762,1.1241985175548646,1.6118077458083253,0.5811776169086122,-0.5748713699977995,-1.4575140568749039,-0.9675649487027134,-0.08970305375481101,-0.349624849495164,-0.28256433093315003,-0.9040357924149944,0,0.0007286592030035518
-1.073369593843792,1.0590137623275975,1.160063972205223,-0.15369685505766498,0.17486558412912023,0.1361532953377308,-0.7019953203704719,-0.6702567597353912,-0.735316780155447,-0.8558221260505651,-2.073565789983152,-0.06287580289046749,0.07311212453558538,0.6508368604502566,0.8329743144138966,-0.5446569905228236,-0.5325938766712855,0.28315707211761176,0.940146715341083,1.9671552146277922,0,0.24511836912177978
0.5895559981601178,0.7628065668802613,-0.04062418772007482,2.6427383355859932,1.578165398720745,-0.40665212045084415,0.7060245844845624,0.6927027181965149,1.034816413327413,0.6901690605075527,0.5780039483475764,1.4998915715095356,1.7286939065239229,0.19775826135644137,-0.9232557785377813,0.21204525932111193,-0.5644331835541602,0.2844913821455067,-0.5176490945579727,0.8783863099337275,0,0.010158815314431269
0.757944920238026,0.07673852463953044,1.7534240774093612,0.7625108701554237,-0.4221528075317042,-0.07839957843624674,0.020497921399560973,0.22981300339312813,0.5393819805719139,0.8366256003235123,2.484925755488397,0.7740150703916183,0.2753696320126641,1.4821659504270637,-0.5318419072598228,0.20610600270627352,0.19603897567083506,-0.2085623555684149,1.0914938795425437,-0.09002857055002093,0,0.03567038010440378
-0.5141530479273433,0.0862229571384478,0.17808442774365843,-0.7363581966956791,-1.2812342627927302,0.17220476741856752,-0.4765958941986517,0.06964027763345904,-0.23837303359004727,0.17097641783902856,0.9173967007347907,0.44769427475813056,1.048038589353731,-0.664675542575072,-0.23505065359181818,-0.057928342791245126,-0.2858802011515825,-0.21226477025030546,0.49688480739597024,0.38878489777694525,0,0.022211073487883398
-0.9070125462284461,-1.1160057100813283,-0.2552504333310123,-1.1189834938155632,-1.0299453848507385,-1.6633953862443125,-0.6510818471869403,0.8266279151222569,0.16139993845012526,-0.5184057149576132,-0.28830993724907966,-0.1718435320764647,0.4368603877801619,0.009518000353969287,-0.24564049584448683,-0.00046635013253375196,0.7036213380128336,-0.7129196332747985,-1.8079108830514306,0.824339833934129,0,6.493676326845243e-05
-0.49490403480070944,-2.7221963605318584,-1.9374445176357957,-1.6815873739134999,-0.38826797383962597,0.047101292980976955,1.0214213233575213,0.20602709054111296,0.5316947095199264,0.675037827124827,0.828183114856085,1.0241166475353016,-1.1607566530522349,-0.3012872047654515,-0.05568359012698612,0.4100784870800378,1.2364384846216894,0.2265857830327865,-0.36570965652494414,0.62895668553636,0,0.055142658702581435
1.7509465381890754,1.1228615376668507,0.6847927793843548,-0.6678367929264388,-2.8828342118634267,-0.9102630155589684,-1.0311243451740197,0.27534400633329104,-0.8693090773767841,0.7030292121589833,-0.5255273478695949,-1.580909804509994,-1.901910432389453,-0.7672685832912641,-0.3320768145139711,-0.5420594318368686,0.14986416779611447,0.03925393978232122,0.8937601638335854,-1.6524629477659065,0,0.0009464336058755041
1.4291594312689657,0.7973256436477791,1.3035715247278807,1.0412419290700259,-0.11776853685922634,-0.35757523360368165,-0.5870764554157611,0.49614564060166955,0.9185919629612368,1.0603922124331742,0.3608790554698066,-0.1516996255244266,-1.424284969251681,-0.843591537926273,-0.27460579681792974,-1.1044602835794133,-0.09119867051619329,-1.6475880047264373,-2.5050432057397702,-0.6068517323817407,0,0.0221353275617944
0.7218755083789296,-0.010074118634676898,1.8055149914915194,2.716874199591214,1.532431383220917,1.4763945024817429,0.7053147086032708,1.0232573636065347,2.423301388713225,0.8254264526338089,2.2218324652041153,1.4015643371798419,0.6173295551245795,-0.24466055361109448,-0.587365775752721,1.03492292762747,1.0250401838983296,0.18924278164558242,0.25862793729915834,0.5694892242599555,0,0.000915696388751091
-0.12757218559144543,-0.6004596390200774,0.9864939728295943,2.1073331640288226,0.7061003322005902,-0.25548413283921195,-0.7707733641366096,-0.6421577451937748,0.045726841873372684,0.8129235227744458,0.647076406328603,1.1931270950266806,0.0894969670024201,-0.4423036247723284,0.6177999324796201,0.013991303361752836,-1.221068564211896,-1.5082244442930255,-0.5340882877596702,-1.1130345541873778,0,0.14324555087995056
0.29328699391808344,0.4729130413969522,1.7150654941381347,1.3676597646762734,1.3892617298685954,-0.2943225627668539,-0.32441700462225875,-0.5006748907762582,-0.017092399039475487,-0.6287253537451721,-0.25942799051542736,-0.603046064935501,-1.7544448914468693,-0.8833566518295339,-0.0719376692777747,-0.21009530396891293,-0.5290670698313845,-0.6629763239776105,-0.9991718801080576,-1.5643659976998727,0,0.004075691662764218
0.9349603598572721,-0.06822632725004017,-1.008043768733274,-0.7329041208250658,-0.972064423856926,0.04888861308799715,-0.13157782438060014,-0.837309387794414,-0.1549615844480766,0.7321476191375724,1.1605868780013202,1.4665243547801738,0.1668446820232554,-0.1328640740201618,1.1014394110658092,-0.42015786317743054,-0.1412229838942637,-0.4839925480563495,0.016087840212644863,-0.7490819273782796,1,0.974751683105204
0.6974915972045832,-1.0873762890756915,-0.32727274662803196,-1.5923443475810064,-0.9123224090682702,-0.5313060810887019,0.610800078530291,-0.4467597274159219,-1.5160727498215225,-0.2802861391578603,0.282042744754451,-0.2438640448201558,-1.3729045983958865,-0.5751545237167925,-0.09651979635108061,0.35958490950237393,0.285255605067831,-0.03479646061026224,-0.010380292605460445,0.920776336642563,0,0.01435673536837283
-0.36746443721683664,1.3549409380188384,0.44304768584600274,-0.5637450992945545,1.1864547223644004,2.0012460070227083,1.4791513888713725,0.5734731996443587,-0.21699409285182866,-1.1942109966365755,0.10593066089965057,0.16254877691603092,1.0502509938079347,2.29651707142839,0.23414725087183472,0.4233935441917497,0.3024667651709613,-0.46463866514876323,0.16740425708820464,1.3643963112237023,0,0.18186906543477163
-1.4295859728489484,-0.6754071426361126,0.07422399925430367,-0.5248338130990878,-1.4992455945546186,-1.6113404135753595,-0.35099720635342985,0.5068405175490737,-0.11603124199481102,0.6226132862791587,0.42248123472767524,0.7925598999427782,-0.0431701935570617,0.5511036920577473,0.10627022831407035,-0.029338936839426368,0.17532454783830906,-0.4212147531494275,0.1844321303063487,1.2620634290317336,1,0.18155963495309826
0.45381688995158187,-0.05522616870015013,-0.0897222191149527,-0.5318566389727845,0.20403731463133606,-1.1066964323320883,1.3710288591149382,1.7697091647935659,0.7283897202386511,0.5350975625097592,0.9714376604993723,1.0301247323223186,-2.203800669758046,-2.5609413909843832,-2.2793805639016815,-1.0400131867874547,-1.1589837220152948,-0.9845269331221426,-0.9736629634620387,0.44095830183180845,0,1.781678407735313e-07
0.887725427840008,0.21068732399122173,-0.6597135792314573,-0.6571750481234482,-1.497016193091653,0.9765181797527747,1.18134260287712,0.04825376155840922,0.34009815525625375,-0.1393068371243578,-1.767695263828476,-1.5086393327243408,-0.44134191440758397,-0.06373534586138759,0.7271807997764284,-0.20779043178602322,-1.3525950318928952,-0.3951807334557817,0.18708091839137067,1.381514688921437,0,0.037511787294221915
2.435349539533086,1.6616881516945552,1.564127960823728,0.8138591653172091,2.359323619795029,-0.09815378118753923,-1.2446476426556068,-1.4959638001331004,-0.7903242930983415,0.09357707921745262,2.247831426053473,1.7304771367559257,0.09199948779973877,0.6164602695571689,0.7551512137655895,0.5458617134345833,1.5614222366508028,0.5825718762513508,-0.32017645102718395,1.255074011469374,1,0.9999771626743535
-0.1644514038567572,-0.6606055147497515,-2.1373336273577994,-1.2719949397992383,0.6779375510346686,0.0995177802812493,-0.46744185691065954,0.15248493570590693,-0.154782381773074,0.8929362039136172,1.042775058430782,2.163588263561318,1.5999454677467704,1.6841215703836176,1.8500100762446825,2.003868845160085,2.2192367910376984,1.600562862115461,0.87690024234172,-0.5744359977966398,1,0.9541456247243104
-0.2882853888083578,-0.6913076951759952,0.46479282745863426,-0.4167902425177282,0.2906231505457482,-0.2770644344474586,-1.2654340977975134,-0.800401041353048,1.1853916730319667,0.23819923148883404,0.24824849032966545,-0.6943122335489947,1.4810570662119273,1.8452671336022832,0.8082611732951792,0.9454500555471053,0.4628727436465325,1.519769426192775,-0.14643229571281613,-1.3102210196717505,1,0.6640132961650205
-1.1401484244744544,0.9454302496024449,0.06016717578579973,-0.11712646724069492,0.9523311549840768,3.015289536016303,1.1041047301099003,-0.5292023357073412,-1.0044174821673095,-0.9907138807396296,-1.4268638216683778,-0.5920164124056846,-1.360601979812806,-0.2763765316232098,-1.305759233948818,-0.5103621102575923,-0.6324239400476457,-0.8063722703264168,0.12010814202627003,0.38879467373125504,0,6.590055758714516e-05
-0.8739561918028227,-0.5706753662101971,-1.3556679908025264,-1.2112323485153091,0.7557198511359171,2.460123669561991,0.7201078282308546,-0.8682486201081407,-0.13729281195931617,1.0886799947876755,2.017427251586101,-0.5651881566197031,-0.00761429905904865,-0.9203055376498191,-0.8110867773105248,-1.7076728519602733,-1.3057558352541407,0.10962610492347466,-0.03728877966351265,0.42428668447603607,0,0.0004448805099957313
3.312810975251056,2.168861524562172,1.4039873621488816,1.1434114741204782,0.6157533339191771,3.1434989074345276,2.1347521570017842,2.4777997638707143,1.5171042355212114,-0.2381884305867243,-0.22252823174189457,-1.0502792170717365,-1.470105347654319,0.21633090439274158,0.29790753683167004,-2.8246290527635036,-0.3855581972455088,-0.8584489633447322,-1.5222053870967918,-0.7887634179573164,0,4.077440191270588e-08
-1.177955387548834,-1.762910714554761,-1.4987935623839952,-0.28448660393406283,-0.08466316333401151,-0.2551566729847309,0.2736676108319217,0.32961379979304717,-0.19369481953195036,-2.2380742053271723,1.3079627147674702,0.7065571479376282,1.5105809169168651,0.041733979015229725,0.020168547445666336,-0.11525646950913657,-0.4156429053778824,-0.8677021729078216,-0.8938685896770976,-0.7408864347081072,0,0.00063581134460091
0.19550131314057195,1.7408452807947619,-0.23487845859503534,0.7128876682594676,-1.5032968402528513,-0.466709146713883,0.17225370628148823,0.790065444132145,-0.03303940252453736,-0.4284503981239927,-0.6626261256548801,-1.273865889243255,-0.6804535078550498,-0.9913544675333633,-0.05283199267977238,1.3656815903805435,0.06224195659065913,0.44420553179894473,-0.5021179239038014,-1.6147724748940606,0,0.0005363915300527945
0.01679767907700137,-0.353382709408574,-1.4294889670876292,-0.5942015208463834,-1.0366327097045327,-1.0225225744320743,-0.20141018747607406,-0.07788933983569855,1.213173615802539,0.7932895492743752,1.2602408700719558,0.5784727348997301,-1.4762296568579556,0.049462978747674094,-0.34305212630892207,-1.6483043628301595,-1.9555475964272402,-1.140381808137923,-1.2658846224228,-0.25225066483437353,0,0.036523519110338194
-0.26842950677054017,0.2214467739066575,1.3586058408159232,0.16915765190654866,-0.05644772887567612,2.0377836537659695,1.6268844350051732,2.1684336019209987,-0.5880349595959486,0.7725858154747333,-0.5025274351133844,-1.3691831924255733,-0.009244848681140536,-0.07549343642758366,-0.09760617366281678,-0.9105274954072639,-1.9638320790292756,-1.0169735817825887,-0.20492803705456167,0.4619277537848759,0,0.009042186231042129
-1.2664251859729858,-1.362146586672101,0.5188650870971296,-0.23037126607848243,-0.793345464602228,-0.12106714128255966,-0.8947107292079937,-1.765845418407888,-2.2348633139865623,-0.30356910637500056,0.05664263410092786,-0.4865184058433695,0.19211089517326949,-0.31568894136675396,0.7895538376570082,0.01015475344796834,-1.516489005636564,-0.9998512117318004,-0.42938451879839995,0.3760468446906498,0,0.000927234894670213
0.17991689333863842,-1.3998289094680088,-2.7778524102599995,0.25484179622565484,0.05743815056032128,-0.19535418309147368,-0.06544526878327442,-1.219999595512058,-0.6913809363591684,-0.908804036184895,0.4254207106634691,1.9045452394560556,1.4540921872052237,-1.114247506995606,0.0717405332699137,0.35548394798233135,0.6258958141928331,-0.3828603800078468,0.2961574430999866,-0.4975269378668195,0,0.06842262512556513
1.1815327874051218,-0.33128050712849055,0.5675369533316608,-0.5131933073088714,0.2827266340300584,-1.0128170106288914,-2.3142009052029593,-1.6895555457543636,0.19759567351137894,2.2299150118364848,1.2911855086632937,0.09917269284448463,0.28220731144001154,0.4569734904397121,-0.8545320651190137,-0.8506459289259748,0.04355546540753133,-0.39461953105064296,-0.5267015345479575,-1.2273716411003304,1,0.9839352569688464
-0.011232183492347711,-0.9097201400706171,-0.9428680065522294,0.2716781277333329,0.6057824636190753,-1.8174699274323083,-1.0544295495020461,-1.70397768926006,-0.24002071272042028,0.04457595206816988,-0.10317187760810408,-1.1964048254487967,0.9398996968341915,0.27390924125717137,1.4613751327298157,0.8195524552908946,0.4810112852951102,1.1503401097160721,0.5069391928655534,0.18252210003545782,0,0.027844106524773506
-1.9213958450015027,1.52020929130572,1.6430083568712275,1.5550208690765797,-0.5410639365618247,-1.2986041598447449,-0.6244976429586605,0.05276519777124559,0.20747661885656193,1.1051375191887551,1.7552993935189682,-0.47266030703549194,-0.11693375768358683,0.3932074999930589,0.8515180566716075,2.420349037116961,1.5845344099557575,0.8399566991335317,0.5580636510194508,1.0344318787871167,1,0.9809433898607036
-0.06267519644697687,-2.0329736667627905,-0.12742094401024368,-1.2823292964129764,-1.0376320293325751,-0.7780955648844041,-0.29663067297458534,1.4733134541293618,2.0177074773329884,-0.30838410719235543,0.4119840172360797,-0.25395581683634155,-1.0030601060817996,-1.9469449315346177,-1.5299421332599201,-0.7066161361974551,-1.1708023581480684,-3.2768496164267646,-1.1434921953786144,-0.36997295284508425,0,1.2253042282221265e-07
1.2487467672112542,0.27855565084004275,0.8489065348127709,-1.399817034161746,0.08238504992252561,-0.18909237259877315,0.448758062841623,0.30456613428368395,-1.522660309986403,-3.236345221122412,-1.6243336605262324,-0.9630304322735944,-0.4049943251943021,-0.24118361246656567,0.02986037356780935,-2.0403017757507187,-0.9603496597190543,-1.0090262208257714,1.2356089406910076,-0.3332759085207061,0,0.04631191723793522
0.6346857782607233,1.836969031421648,1.7559770934639236,1.8296947739906757,1.3368805056711983,-0.5611978408012259,-0.7251974491831608,-1.1258279719641642,0.2906654236599935,1.4297357004342066,1.4970203385395253,0.3057151578472048,0.20247338565676773,2.488880835323418,0.46136884397466077,-1.7296849315089051,-2.142095976627883,-0.834756135801522,1.2929266108333966,0.4440926734022212,1,0.7113677988033651
1.3720881656491213,-0.6749202391542186,0.09584778913782617,1.2588345679659503,1.6131129585305013,-0.19999214813460323,-0.5835087320341166,-0.30102373068338506,0.6935690140427797,0.9751603268659571,1.9860548592469813,-0.6949880567726195,-0.49952786677722133,0.26766585140197163,-0.9691371732287182,-0.8628846340210325,-0.04048793614093429,0.7513660232324795,0.17573417314576123,0.09824725979107145,0,0.0002513287354662807
-0.45312855162812143,-0.5224662942688008,-1.0059329923140587,-1.4252803279625132,-0.6561143626559257,1.3160126870564173,0.3311641461890346,1.9177902092769648,-0.067915775086224,-0.12232576275446218,-0.030752717969407397,1.0953066497648831,0.1235451036012853,-1.8910827412153297,-0.9919929032739685,-0.10413618754654495,0.3746805255417968,-0.03244716586530989,1.3895201102174568,0.24695692296594238,0,0.006029188109893503
-0.412866638153987,-0.36476004628955877,-1.2721505673409008,-1.763081824987355,-0.44550281007154363,-1.6507446733693818,0.1215541707166205,-0.32181263638632224,-1.1804549462545888,0.60588108820384,0.5396010446587791,1.1243295772766988,0.903770826845754,-0.24692120974969048,1.0965667086521242,-0.02047679577066482,2.431363279941442,1.7462178855054842,0.8613153929310615,-0.3400726234869956,1,0.30895045947238553
0.11847490334481882,1.0749456960812556,-0.3352170032574414,-1.4607772690415157,-0.35295466755742205,0.4650334707429262,-0.4375416915504323,-0.45565062056478267,0.6342576996773562,0.8535472201360839,0.3046303358916146,-1.1962686620189245,-1.0022317565256844,-0.40820333378571444,-1.3426553048803345,-0.8040091331829781,-1.6859961465124584,-0.8866472069357662,0.9202585445036313,0.5899371387470839,0,0.007318110834411243
0.7073136873910972,0.4117793422965135,-0.7957054199955311,-0.7045995580770447,1.8196557376217064,1.2977280594357923,2.2659575231832854,0.37625520823801095,-0.2089229962958256,-1.068018379947902,0.5969385366054034,0.278965774836346,-0.46876892144055826,-0.16433533585817356,-0.05351309014367415,0.3817525213465548,-0.07638344898824699,-1.1304651819124814,0.06951622720303477,0.33194478060128946,0,0.005293378504240473
-0.586064430556449,-1.4569097211952153,-0.43668428690811034,-0.21628930567604562,0.4636690594925231,0.3744790780153073,-0.3945912136822607,-0.7006724972775806,-0.3806090231062022,-0.33401650256701215,0.8110919210265254,0.6714730194783486,-0.6481149701361307,-0.5041851179926257,-0.7511036530430804,-0.5955566594943202,0.5959422145855053,0.5426949700129002,1.3253996961977699,1.3646497894761271,0,0.0008966131350312434
-0.6483503124989511,-2.0262117446487573,-0.9315385040950196,-0.38014334726528365,-0.685912006526874,0.16007727240480432,-1.033153815321781,0.3221375215405353,0.08390581613442777,0.24074590411413857,0.17535028192650295,-1.356976694943219,-0.6386121128289,-1.5883922251400484,0.18434119023889114,-0.41643216254440407,1.7305817837864688,0.9702877081706193,-0.26828604311303655,0.07593900217071327,0,0.00703992089962137
0.5734438332976085,0.5648051406009863,0.9790312843451104,1.8050204437399047,3.692624412902679,2.6840519679772594,1.4112260031969752,0.6866579827719567,-0.23638692931138106,-0.515674585454581,0.5440197371296365,0.2765406385315326,0.8654860868817367,-0.5139675070796644,-0.3573241067342069,-0.27446193306725014,-0.5485900200695718,-0.5921795928757371,-0.05835724357454602,-0.11396628438396593,0,0.0004985528586846331
-1.0499661019437887,0.7846804156960929,1.6129464597723224,2.9456404800791134,0.12634534511010298,-0.15835675821170367,-0.09887244426357333,0.3165399878868665,0.2084642619549494,-0.8324360470085469,-0.6870302983675226,-0.6436926450428988,-0.14538543617865857,-0.00544093705302271,0.7540348541195178,0.9797598239094343,1.2262395720113897,-0.3244616557894239,-1.2934340908043462,-1.152796766770613,0,0.0018463031642050039
1.562978224679448,1.6222825152188296,1.7436587700213497,-0.47747401350890184,-0.8248110398566035,1.8057365488627821,1.3930078455905432,2.5653765878135504,1.4646282317310213,0.3152870974778969,0.5232976299335302,0.5718556732183006,0.9439926249301169,-0.9129389774671544,-1.338345282644387,-0.4919377082211474,-0.9236442593445281,-0.04696048614979401,0.9986066093187607,0.30572732012744724,0,9.287161765520054e-07
0.43088606095995546,-0.47430721447934604,-0.28732660752551914,0.5304679592711935,0.11804099619866358,2.2178917646105,1.906845157588705,0.00041868728423871926,-0.05595842865539964,1.6455435020793334,1.4410433350833871,1.7696002006565998,-0.05697023280442087,-0.25590525713063544,-1.7190643249968454,-0.5920506879378237,-0.0682938235583916,1.4120656856373526,-0.18874807714896094,0.03268632378624414,0,0.012729454520802794
-0.6771678774665862,-1.1718370291697828,-0.1103054647988785,0.18961521840229997,0.6052655060396992,1.160988281160019,0.9162849872837308,-0.1517625038577081,-1.7991508453655414,-2.1852110693733846,-1.1467595755648348,-2.1317246040773568,-0.23860576740363723,-1.0897525322278954,-1.8870199294935415,-0.7842183812719422,0.47109437473087895,-0.09678206076080248,1.4279272850323896,1.375762302180402,0,0.0021239717780280947
1.317806741790305,-1.5006760230473208,-0.7965585282123541,-1.999272870539108,-0.9126856323768101,-0.48743206106658094,0.333667843604545,-0.9887250129174738,-2.6432844328083873,-1.757243547478058,-0.7899851963731169,-0.08460747063532081,2.2793882372900747,0.8712353146327053,-0.5607718820934995,-1.8190139954354936,-0.8885650103301197,-0.6319309659679532,-0.7731133921421866,-1.0879627330778339,1,0.865550658219278
-1.2585764086184377,-1.4675550521999254,0.22800738048606914,1.367184864413752,1.1018932450060057,-0.9447203796923724,0.11597267534163266,-0.07058157842380346,0.20163697499145913,1.8881756405225258,0.7750449772456067,0.82431401380806,-0.35100523225867164,-0.3091218152675562,-0.6234188697043236,-0.39714916007420076,-0.9276571067599195,-0.5152218492655027,-0.21991255691091016,-0.310470504388769,0,0.001853963228784667
0.16547484990359537,-2.4778322105634563,-0.8890678618626341,0.1970396218960205,0.20190366979627877,-0.92051419333794,-1.5783192154122971,-0.9611772069422921,-0.6833179393587921,-2.0159350172387405,-1.455833456359174,-1.0441024510422074,-0.8241190669249111,0.12451094727696749,0.23902545239345052,2.3637983894147685,-0.026587853129894538,0.25059930362263755,-0.367880439253476,-0.6790472204913182,1,0.02252735633681541
1.370352046653597,1.7776591736164922,1.8971472523659323,0.7438183356474914,0.8342809389226526,-0.24376403559402732,0.5476072235638322,1.0479448110986846,0.9957278886924109,0.5186730840068464,0.8463593647969168,-0.2461500619604873,-2.323660676107292,-1.0818314701305636,-0.4684118459467764,-0.00720340011847336,1.4819012003506427,1.8106543399926016,0.3602859762058111,0.3163271774770451,0,3.748545388480428e-07
0.2688933485963635,-0.02420817878581135,0.5471094767704886,1.3956633762649486,-0.5906749091326956,0.24686554523456228,0.6197756510548038,1.3806595438654146,-0.7139588133942203,-1.938366366463051,-1.4587718094176576,0.494932672392214,-0.23778102134779502,-0.29440760192635773,0.3623904650684955,1.1152414520153953,1.690993058252428,-0.2829198572148434,0.19450412301943676,0.8221365791822655,0,0.008624928153096376
0.5698287328287642,-0.9160245464436358,0.2631079604699138,-0.9034476611359035,-0.5772947634745405,-1.9408556073656766,-1.707424190004566,-1.4971915511065863,-0.006760268715604209,0.8352654930166276,-1.1508973495928672,0.22202075689046147,1.2195089993114716,0.17771974606994528,0.5726969383860814,-0.35497217098940925,0.6524133242067158,-0.11290928159680826,-0.5889751393896343,-1.0636740603761257,1,0.9763307837229126
2.512634056417691,-0.3666977346776411,0.8982344162753423,0.4596163768057116,-1.379202440143423,-1.4935106721345075,0.03786122009877986,1.033820183820235,0.9210051073409735,-0.7482955225764666,0.2040457181193182,0.08528516865587459,-0.20207332890875068,-1.0920717505369366,0.1104292168680585,-1.9344220157129983,-1.7745072435359164,0.00857131870841657,0.07932187624201384,0.6923030455502204,0,7.870124310597177e-05
-0.009636086314416974,0.5980925482033113,0.8365772141711703,-0.13069089393846584,-1.0446148838353706,0.3641035827272555,-0.4029751045937832,-0.1758502460906878,-0.06667532152158286,0.519228314646999,0.5270019481730799,2.019850146197898,4.088400865298536,1.9550315216854577,1.5971103213405036,-0.17316907326726677,-0.4721489550365859,-1.418651296745029,-1.2744555545541199,-1.1796245323777677,1,0.9960119490137014
-0.05236081700298734,1.069932817342947,1.072693564732992,2.0817117037276813,0.868880470882161,0.44393459860918333,0.2931265951507061,-0.7367966149733223,-0.39446130946484553,-0.0897817516722971,0.5255926812977939,1.13720739743111,-0.2369822469036769,-0.2786858319043716,-1.0831428919945971,-0.6956044260777628,-0.08674001358751451,0.613741228497273,-0.13125494229974422,0.2630053268218542,0,0.02369078662975693
0.49201910335108456,1.6567310873472114,1.3776180272332588,1.5655679592934313,1.0685002121073641,0.2663505642061952,-2.015756102072438,-0.49936758346795157,-1.8723379845134027,-0.8497940608818786,-1.6686762397778951,-0.14737248590558896,0.4180652026694752,0.5002249587160196,0.43987962142514453,1.1471677301973544,0.4330983090768381,1.7619269204179044,0.23871751146728767,1.0192512081441711,0,0.02282276355032897
-0.09917708556220828,-0.8657523649990576,-0.39377569550152464,0.19578666816720172,-0.6785646700413244,1.1299575784022362,-0.31060659289802595,-1.4079611314179512,-0.029342951579468687,1.1124451347859485,3.0049897903300233,0.313526686105685,0.5748347470473382,1.5396499818213274,2.3405548233651543,0.275168134470387,0.4834125769475447,1.2136683072599959,0.5284545497805683,0.8570261404065187,1,0.963150996282954
-0.5033671235110414,-1.4877267647832706,-2.3636429386128803,-0.68072990223268,0.4812659809833433,1.190004145514559,-0.14535484731219933,0.9126943493166618,-0.2549256530396679,3.230228921383894,0.7751928866150383,-0.6379955466739521,-0.05960285948398243,1.1056561150784245,0.5259011666305533,0.8969998111548732,0.08240193832789142,-0.5005623382999513,-1.4654194349712344,-0.11447184857849639,0,0.005884825476892019
0.8938157631038982,-0.22260856796977982,-0.9009832657891754,0.14135784345649083,-0.08056291607476952,0.6827433234723993,1.5834354940901951,1.6865271188546023,1.8617804734569698,1.5249621458141742,2.071519796851081,0.6962541044878834,1.1275644842320256,1.9704823615243228,1.4623966421581152,0.4843361208780405,-1.77933977575184,-1.1284358762169395,-0.8371409999849205,-0.44515864749202005,0,0.1876395732549695
0.5304324287188564,-0.38600734556452926,0.41597880751975086,0.6669199701716475,-0.029481095051583372,0.1243507270758638,1.124985245321278,-0.5616829366091105,-0.5544275950336834,-0.7054004974940068,0.6352026190329391,0.13157099934586677,-0.5910558063731978,-0.915932212338044,-0.6592719731958973,-0.7477428981451645,0.8482923759364631,0.5834984717720769,-0.03487340466825488,-0.4181598640939121,0,0.0017479173811455761
0.43863927745133946,0.7066180223904488,1.1007092714807825,0.6240789507975287,0.20316998504053535,-0.6049043410832448,-0.11422204866385167,0.09839610260326875,1.3375269022952543,2.228345298069669,1.9557017816426463,1.9117656603356645,0.6988187727052098,-0.6595634420085648,-0.6346349960480206,-0.3465519599089212,-0.32992019448785087,-0.405262148136073,0.7793894999345737,-0.746228504016885,0,0.004362975620632505
0.2304400965471482,0.0037481314363870025,0.7803209038724354,0.8223672374370826,-0.23320283697547042,0.1211497986116165,1.034262362249795,0.3712782410913911,0.5782223453968193,-0.31403273664416803,-0.0027046174542932114,-1.9313192561067283,-1.2869253172836241,0.2524461147993302,0.8757493368672787,1.0465828068031398,0.8291814507703581,-0.05073002541170055,0.35870873057859554,-0.07774093213044422,0,0.058753582144255426
0.4172717854822062,0.48172019023276264,-0.9903046578414475,-1.5779438672650383,0.18560122109521524,1.0395665302548938,1.921697129207016,0.9067328384023456,0.44665673186082894,0.41318433457165005,-1.5139204199663974,-1.6208900141110365,-0.49596548573326527,-0.2299774224861719,0.38629933278343936,-1.7143328368121231,-0.3978539916531846,0.06707346312804781,-1.521947372942583,-2.7115802487442124,0,2.1009653299350366e-05
0.4978466200387055,0.6457088791003966,-0.21442501739420142,-1.1924105139733152,0.3130963181783081,0.44273652100367245,0.13254270866512335,0.3773857577153824,0.33859167401495843,-0.7075322072102918,-1.8810488432263979,-0.8413341251092806,0.09172180800831069,0.2171287952990608,-0.8415463123526703,-0.4775859508344891,-0.37826196638274073,-0.6243558076332206,0.2676099461069107,-0.03914071815446253,0,0.005102988340721972
0.17127613204377123,0.32118489576933673,0.3793772759120483,-0.49438166825091473,0.16227151210745502,0.7503084597420518,1.0141269669164565,1.1629755756971802,-0.05614019283813811,0.20670374520902945,-0.30469068394552873,-0.35700833463561743,-0.641335591953194,-0.21345055781914896,0.5948652299068322,1.0391416823741777,0.4134376731499261,-0.6131921127941276,0.012276735693973688,-0.3501077839911129,0,0.02157196700743119
1.3752070583286569,-1.7372777848254104,-1.0249147781472654,-0.9920667206981132,-0.6201812393389042,-1.4347163696752514,-1.210167134354931,-2.139362505367534,-1.578480317284929,-0.6426223497498307,-0.925110845622212,-1.225265076781871,-0.4879046181818854,-1.1806989282072455,0.053758899595179765,-0.5915669965081984,0.33021719532999205,-0.7111382579754673,-1.0037937176926777,-0.7273744617754428,1,0.93100079101639
1.5170327342914487,2.2056740220208213,0.5123396650390304,0.7777420657322667,0.9403473179628046,-0.5479714797395427,0.18982792604949164,0.33313947483424294,0.4155598156477355,0.6557640679979162,-0.26019292621268775,-0.10435336722093429,-0.6803010533147906,0.9793744949365779,1.4503625358300594,0.3554032793256079,1.180661799029166,1.806039671443839,1.2379886349851623,-1.8984922133020237,0,4.6391408501983105e-05
-0.24013438314438157,0.8427275766108007,0.016875709686428684,0.5291284094391605,-0.004895526818156021,-1.264471613621458,-0.010906727819321827,-0.08962147453722288,0.10481197742215523,-0.5372539139141633,-0.655447786759093,-0.2619621435766684,-1.3331195529402908,-1.037551594112433,-0.047641041013883084,-0.7903333513138632,-1.614443749332348,-0.8913277269900082,-2.0685476766235307,0.7289047152237738,0,0.0002306296506524762
0.24898137439370913,-0.07575375215841373,0.4610285157494342,0.646007893071542,-0.30481874020991223,-0.13350635848183523,0.04119472049483421,1.1461860813674376,0.8732507978438179,1.116342242068856,0.7592045136139228,-0.49769532012646256,-0.4216835497091977,-0.8476550968148202,0.06233003607774018,0.7610919710435377,-0.19465250860293523,-0.927892946685393,-0.5335632351901978,-0.6129499144190872,0,0.0019718085974852946
-0.8534666563986267,0.09830636184954153,0.5849296772307462,1.0176439170887337,-0.8707046527310663,-0.8876807405659893,-0.9303169961519321,0.7951061359102132,0.5828597363387061,0.12832565009893326,-1.1527199030697302,-0.42378230755202523,-0.7310761607503563,-0.19942715379696047,-0.4903337047368546,-0.770766231045928,-0.46413434171168816,-0.3894782541729529,-0.5976071550247154,-0.35492434582564225,0,0.004088538044609128
-0.2951945858822245,0.6020890328923819,-1.0613398754594516,-0.05062806367678264,1.4310832930229678,0.8452159655657258,0.47900265305833384,0.24191594489203638,0.006296212802554467,-0.6097764244540236,0.18653190186211996,0.1054907053936619,-1.2043657489000217,-0.6792256601155434,-1.0723991647280466,-1.0732549353784657,0.3888875342021708,-0.7493870661111143,-1.6808644029545559,0.3620606831875287,0,4.482943120577805e-05
1.3998885219143569,2.268008735037684,1.8651507577702762,1.423944731724453,0.3187897309650185,-0.3335914671203355,0.6273746121865393,-0.0679359226218536,-0.7310858696014032,-0.09141235397388381,0.6852241993384179,0.653223002442922,0.05556267090372934,-0.5542904338287277,-1.8617100187034061,-1.1868864420675793,-0.33504444631969055,-0.8716288830339858,-0.9230343544608829,-1.0752153787365504,0,0.02725523624410656
1.066709526771182,-0.351100487227035,-0.2777425941400518,-1.0634814671730684,-0.9905377984259849,-1.0022080937028406,-0.5523717438663309,-0.5040470768034748,0.026787963175878664,-0.1277855348544365,0.5167966636425197,0.2500982304251887,-0.03574604116900878,-1.310442053975357,-1.1588144654684338,-0.4191267370964683,1.1999074722951018,-0.001538341922935993,1.0882330109356868,0.5050447304821032,0,0.00022894301757623198
0.4910235801620793,-0.33859614315507736,-0.1657026987346751,-0.4333209471878197,-0.374810940646114,-0.3198978795946964,-1.3249541049768192,-0.5274332711763222,0.26523688532592454,-1.0375362856749533,-0.36708983591053973,0.11611636418125518,-0.19150736400653365,-0.6257547450177803,0.9967529297248673,0.5560930966703018,-1.3993782686094642,0.30204733334832423,-0.42975247590344745,-0.5014001668030046,1,0.3693785079082113
-1.4595248193069332,-0.8101764609236694,0.2545755212951833,0.9505787043072412,1.9949999284056883,0.7665249247879,1.5082703600974665,1.8620550519413621,0.6662115532587436,0.9000221031250549,1.2870211084681356,1.2926959446996464,-0.21624490663093035,-0.3382104080137446,-0.5175899579830192,-0.09414759548974798,0.7636524027816294,-0.40535007547404317,-1.4970219816318073,-0.5366708377198368,0,3.2431752753369554e-05
1.0908970113093417,0.05434936558821471,0.6935399556011385,-1.4213260561147667,-1.7945871972087524,-1.1814820769188479,-1.7815978839536215,-1.353504055634519,-0.08848425832564483,0.220392677938867,0.4076656367170651,0.2150293062203178,1.103025020983009,0.31345448061179065,0.5104982870508218,1.8301895493694535,1.5256565623681906,0.690393974696187,1.9986965331207722,0.7291927397648766,0,0.0004340349388408984
-0.019204945492160206,-1.5586655871910646,2.5235257745020716,1.3628330487866085,0.4515299211309557,-0.5154427530534916,0.6686029206162111,0.7652556337005711,0.33561185889513107,-1.0791521168977825,0.7177311649736101,0.5783628695323652,0.976663655271603,0.4292052909030893,0.3417299645371658,0.685456544536215,0.44360202414854616,0.5921043618681769,0.46321588201459246,1.2817582981645335,1,0.043479619721240925
-0.8370757668386437,0.9225115746471454,0.9858163562990121,-1.1211825586228836,-0.0772724355653119,1.3283966738347528,0.284607012501323,-0.9842247637733461,1.231565634883419,0.6213077939874095,0.846401472642465,0.0452613790249115,0.7876134006528764,0.6526769039228228,0.09524979352923227,0.7004372553956489,0.8396000590092968,1.5337821548790804,0.608939140991835,-0.116321586649195,0,0.12007999948111653
-0.5503962043935676,-0.8659866085530199,0.11925911949461157,1.301791630422109,-0.3802431589828572,-0.5868292032034529,-0.9597929913378678,0.23174077974910573,-0.5993489669533064,0.18877242965194488,-0.20423416262856312,-0.3460617673109984,-0.7608858069952925,0.3110944495397814,-0.3895580807650639,0.20139510660162974,1.8712907964827918,2.098910354081665,1.593991215693873,-0.9409428619023902,0,0.07255625459505032
-1.5440398233837318,-0.5977738928142818,-1.5924800350187962,-0.013912735953207021,0.6213999659665076,0.3467760679727032,0.5314814226185718,0.6050634192176461,0.5903263272619577,0.9275054791630696,0.4104074508412539,-0.16432558646619086,0.07208085691762056,1.2287744713244644,1.270113923456212,1.2648739353375897,2.0105820508549717,0.9981687211372247,-0.8002118048720626,-0.43093354480928764,1,0.9413118101431455
-0.017056572430789594,-0.033609577340725484,0.4008494702492959,-1.0225187730263117,-1.0340680620024278,0.23200621910502867,-0.5743060677832331,-0.44551252657002244,-1.8703962724227592,-0.8007634396327408,-0.1097348652452304,-0.37765764460901885,0.3928032337147214,0.22579406475187805,-0.051147678929443365,-0.5273426260687326,-0.6497850889313832,-1.0478590955463247,-1.518180820284896,0.02474775944674816,0,0.015827689083150704
-0.528632656775531,0.6130629250971888,0.9916682593481977,0.26752175807079176,1.0143271251582064,1.3481950545443382,0.31006665209453493,-0.39640840212645434,-0.4733860559395257,0.9743126966782848,1.9076379949709452,1.094813652447148,0.8066180881455925,-0.38014112329192956,-0.7451927125873937,-0.7211509929736278,-1.0798161690699613,-0.5377259548585156,-0.22148988207583617,0.5771892933642945,0,0.0042449054847051295
-0.9978829590833066,-0.29454288118545174,0.4754458642330166,-0.29832427117183025,0.13879369220275156,0.26545425403509787,0.24464797896723445,-1.6928325315550665,-0.3218993698339066,-0.08902219040658407,-0.39991270750138186,-0.7963271852667889,-1.2531380147868683,-0.40206739340562475,-0.6907351839809083,-1.0991380946024412,-1.2611093540313563,-1.2986844912716373,-1.3397138578617738,-0.3105976559324767,0,1.1784262211161573e-05
0.6672839026909877,-0.05961541505398535,-0.47988482864409043,0.548814039395367,0.9943031868625087,0.48645260627107134,1.0694612692183336,0.977971964787196,0.3673685158070583,-0.39836783929014224,0.734048239378731,-0.6501581670244572,0.2343345595464039,0.22407502500905763,-0.16770489606930863,-0.801100001938206,-1.487361487683202,0.42857310815944455,-0.43965446409425873,-0.054189541279211426,0,0.00041790285448407713
-0.6073299265773006,-1.2054740910591524,-1.5925811598807385,-0.015641952217126096,-1.3364880180698666,-1.949428196133518,-1.0997966431978956,-1.4354103002901064,0.33203444356306405,0.6468227884634966,1.0775365990932324,0.6715511276002675,0.0180628839159589,-1.083945949432806,-1.4804556249673093,-2.0398343672783317,-1.5478829155860905,0.04535518247918202,-0.5615327596749272,0.4388569294771483,0,0.01018407431803376
0.6162921011783344,-1.2876313822559693,-3.321452383213934,-1.9003388197422075,-0.24448632447089247,0.8704151429788431,-0.02060451952296527,0.5684086753443529,0.284330551230525,0.7396244418890098,-1.4018671545489747,0.2168854588447689,0.5641639876850781,1.1937087166765168,0.9365027290238286,0.049648097604196306,-0.8551740350510774,-0.6138124726376699,1.0828361526424903,-0.46254838620283323,0,0.6098944231913356
-0.993299980321757,0.13221400075963502,1.2786800738339599,-1.5837000480483276,0.049866420625551626,0.44540616851472137,-0.07535775885306324,-0.3660323396619932,0.6230737460540366,0.12237469003028946,1.3155598784254332,-0.08307548877059141,0.4102578128869956,0.5980793127083555,0.9953306057958606,1.0896160760826907,2.088680318082058,2.7626631004092195,0.14736242929368504,-0.08495386346413175,1,0.9694053556201359
0.5862539544371714,1.1937953203513376,1.4820425871166054,1.1675260037183879,0.35680586122200325,-0.6014898695439085,0.30092740028928944,1.540326403158504,0.7741990115873225,-1.3966856555028655,-0.5642260525321193,-0.36908803924003397,0.3361081687638526,0.2677178098318963,-0.20298809730352974,-0.051624172631102486,0.2594370850948011,-0.19698085581633992,-0.5622014628382928,0.20992273413961982,0,0.0004670723834283371
-1.4011794304565468,-1.68075292077013,-1.743859636877237,-1.8372505354026496,-3.026429460439693,-0.9714295325653889,-0.8146322862942951,-1.01990786823408,-1.1647974305083908,-2.0115692707497486,-1.7556218420058174,-1.1990819592574642,-0.3392457950876047,0.19717938912918495,-0.40800207622986845,2.020142241109242,0.3138708898091271,-0.327209542656619,0.015037483944082856,-0.8603188171951139,0,0.002318429868317087
2.275312094418269,1.2070317451589803,-0.23429565486184484,-0.5752956079086957,-1.4767912111979646,-0.5421845912827327,0.33276413758474027,0.7256078426277269,-0.5390195277386738,-2.0661751163465314,-1.3662745390787705,-0.11977832196176917,-0.07052452462164446,-0.42573943679666726,-1.0466629080379282,-0.4012260410859526,0.25448042173498286,1.3286694244512656,-0.6547532003419914,-0.6889611041830193,0,1.782276483641314e-06
2.095399580983578,1.2063166795834834,0.8081683042411503,0.10426955077928436,-1.3984981456989118,-0.6581757070580199,-0.16337760344422816,-0.3953551372247814,-0.8443054944314501,-1.666156030501339,0.10394646582387013,0.06353356876400856,0.00039967846434998906,-0.8288583355993198,0.025910206471657468,0.8998269860463434,0.47011660865395843,-1.4060364712709206,-1.7776258301990149,0.10160611835267103,1,0.9968238938643128
1.0502104216554677,0.5686756736905222,0.3112000888553487,-1.2285207550044925,-0.510252987871552,-0.5602079190066647,1.342554563489738,1.0426718073276193,0.23694346975627295,-1.202504945047556,-0.07380145244210795,1.289584231976711,0.4160510019723616,-1.4215445064636474,-0.7433579627893223,-0.22301145742187034,0.2503260173634231,0.2185952622057718,0.4549694413174763,-1.4284465575728402,0,4.220423273942373e-05
0.9489377496357342,1.4328363139125913,1.9175708604905695,0.3592335746653661,-0.24113738006533586,0.10550275925458555,0.6476435079024709,0.6227306899607064,0.8129442549050094,-0.3229841117398936,2.288491003375767,-1.354058065221334,0.12850434473302813,0.8348433732755279,0.5395102577839179,0.6480137425344791,0.021965897172552682,-1.2239893924774912,-0.10276711618800421,0.7984979966471611,0,0.16276217413148153
-0.7414601796640219,-0.9308150212460076,0.23039149811530069,-0.7084912572885281,0.879253600215013,0.4844669235329388,-0.4319230345270002,-0.022157862554186194,0.6687438076667372,0.4643125260198871,-0.1684858805348078,0.11935519658164187,1.1510314083543656,1.7387664811321748,0.6046660683795987,-0.6158911380159262,-0.6900114285975751,0.9531936292701931,-0.8395199005655776,-1.7281226058650838,1,0.8531500110324671
0.8177712597044814,0.44519110126678374,-0.9310051357561959,-0.04398749816336708,-0.7136155005188709,0.6130485015971278,1.3071379793968099,1.2740813088713419,0.7886739461972353,-0.10952166257280635,0.7847081504937431,0.35055605190075684,0.3107293134072106,1.0506343699518461,1.9276704846193997,0.6641856876678681,1.7930180132315778,1.091865946159453,3.7267364466210564,2.7160631613426762,0,0.006730050501179569
1.8277212782786176,0.08004719792089805,-0.5039310807868496,0.22068021692826081,-1.2462211652370039,-0.19843057837090583,0.8841862459420107,-0.35211327884343624,-0.15944050355199402,-0.006649866059800325,0.4415518711326098,0.7606060290486952,1.072183507146005,0.29443353349425905,0.3329488328242507,-0.1677163908385447,0.38340419313334695,-0.5322468251530067,0.7813170887307657,1.4653549036033993,0,0.2134276233511321
-1.3959619618943877,-1.6914912986028454,-1.8551578031644773,-1.800666794635528,-0.47082772272794454,0.7233405038319208,0.8254670768774726,0.001522838893770516,-0.03549145968498659,-0.03756093700409461,-1.5300549069160603,-1.5691204415693332,-1.157704699643613,-0.013591668973256478,0.609855861742074,0.6637012275015427,-1.4127588959681465,-0.04122487366957682,0.09723109955440495,-0.3954884248233892,0,0.08589451540787153
0.8836447935131403,-0.7559300879124444,-0.28824020495801844,0.2281126593754978,-0.08769135122924943,1.5724076028428815,0.8495079113563533,-1.7587570533210921,0.5593544722134897,1.1964472089216627,-1.1028040951929996,-0.8917005641369549,0.07048672830864378,0.17160406112151694,0.27228539652702577,-0.12032922692886522,-0.1271365814145207,-0.621386336280414,-0.39911165221553896,0.05942152097243794,1,0.5806728901311211
0.8968126379285442,0.06256436037141065,1.1863995757835204,1.0113104467124727,-0.9621372820016901,1.1019765376013024,-0.007636326472837652,0.7249757110113855,0.238789596773118,-1.096683503200056,-0.7302242393377927,0.051597292477834525,-0.04964520880757871,-0.994437594405789,-1.1678027438301366,-0.9669355000311408,0.8304725857631354,0.23444316308617513,-0.7355977637045158,-1.7111958359356094,0,0.0001924953649409182
-0.7284296080422155,-0.8860796972715276,0.6769686439927419,0.0859446663158142,-1.530788759079639,-3.048629024188268,-0.9832881868747015,-2.009645496176612,-2.0750417640706544,-2.2934825453293404,-1.056945398986842,0.029492951374075895,0.9831429059599704,1.9740593009692882,-0.4237051015458497,-1.1409721931168948,0.37383448433121125,0.2906955135662744,-0.6106242077260304,0.1736870096638619,1,0.4025180651217609
-1.8193797036719606,-0.995247306414929,-1.3605462070777274,-0.7810777537776246,-1.2152991286051154,-0.9064996386439205,-0.6607059883924828,-0.32352716215415944,0.5264769750565358,1.250599245964119,0.781268019224154,-0.42260986476547174,0.09788332248883587,0.4130099075253594,0.0793777505935726,-0.3322097881831243,-0.8647415347435186,-1.2775567653652111,-0.7258341128430753,0.41704451895039313,0,0.00018273167040575947
-1.9466859441869857,-1.5515444388125397,-2.4856927470845895,-1.7774096682534875,-1.1400837158172115,-0.3850937791071996,-0.974718510259637,-0.6630132318038603,0.3520377367741224,-1.0038943898726127,-0.5379003684155207,-1.0830397198425867,0.13017843230111312,0.34211127618825565,-1.299992003246026,-0.046467222970851235,-0.38880716425801676,-0.5811761684210772,-0.7189027871076001,-0.10155434426491881,0,2.0577576169356498e-05
-0.20497144907087547,1.3410622986149714,-0.52147882495189,-0.4636695044079511,0.11139858740419209,-1.2019164350938916,-0.5016896022027425,-0.05509092101348539,0.8133197251148706,1.2016221225383512,0.7857863031247215,0.049300982956075635,-0.22484925476639678,-0.22709897739683552,0.0005673938475066692,-0.0975002518993596,1.2896461193910165,0.25747723020841146,1.9104069118778957,0.583286265887142,0,0.028937349693994516
-0.9588901963222074,-0.037886634451422346,0.3690571844708651,-0.06646593276646827,0.26288283580999344,0.772858170474058,-1.1730170909180953,-1.4425094976315918,-1.202067086368784,-1.3796414078275652,-1.6771258898778127,-0.40639158995894203,-0.8215769872298831,0.2962844479891308,-0.08541330647200715,-0.27505206950256517,-0.7301769214646924,-0.6607869240854227,0.9487695451871897,1.1626330066763348,0,0.0026173087068641805
-0.6656835988250359,0.03198832083893946,1.3522344887487945,-0.7122963064011284,-0.6799975949699176,0.7949188459267444,0.16275909355934612,0.26852860338595597,1.05754012759081,0.4247465427531864,-1.11902381329057,1.0251750399000465,-0.005490811943017428,0.18518230689970067,-0.1685512573888897,-0.7504331485954928,-1.4390533097157339,-0.24751588575292965,0.8931596294866326,-0.16058401883179665,0,0.045982110299320804
-1.2094676477043447,-1.3704839019564128,0.460177047235817,0.46193723806159276,-1.5975538972885,-1.6339568940479414,-0.18483456565323894,-0.05170417834510895,1.4021246068090814,-0.4737907166145594,0.14402056405715627,0.7186869538021089,2.1462652149893304,0.4915036685934191,0.8525084764698739,0.6708288339512153,0.30581027771769703,-1.214688325397751,-2.680377995867146,-0.6363073419538898,0,0.00042114379132480995
-0.2929410171347906,-0.8219974781137681,-0.00993490403902186,0.47326953611638134,0.5192399322362148,1.03839963531213,0.5223882037370445,0.3156722991731537,1.4829583497208059,1.7217498139868017,1.2965960425325764,0.2713480487461163,-0.8311237305197086,0.290203365050956,-0.09974103785490948,0.1647337832174083,-0.1711551295241069,1.7532164526056875,2.4487421554345192,0.16422113103461194,0,0.0055811944632474806
2.113434439245048,-1.171395405871449,-0.2494941635528761,-1.1054405511564989,-0.15837650911591142,-1.084531456869797,-0.49355241980231007,0.6204604835112999,0.7702690146194833,0.15918841769326272,1.5960904689472009,-0.06765785988261856,-1.1224922287443708,-0.7519897890571793,0.31467917355811514,1.2598848163329264,1.1375003899363945,0.030189053623632365,-0.5075034558153623,-0.1503008817670213,0,0.003880158757713943
0.5185949852862266,0.6301799788984251,0.2780561691033564,1.4305853622899376,1.8015421583336788,1.0829139859989187,1.559022432995902,0.9825688653655614,0.7343569958589115,0.3269799895948131,0.9048166265923606,1.6290784528888618,-0.03869373298695073,-0.6250283678546976,-0.4792970725194051,-0.5938106399054204,1.4722424776901792,1.1742360196855453,1.1704348660095496,1.2131259464917767,0,4.1291693364372585e-05
1.795032536265549,1.3433730467584604,0.23367296293413703,-0.6695886093689607,-1.2710032470590973,-0.36662121777656964,-1.4170628559390834,-0.2594945262674544,-0.282979729316582,0.06941595502383739,-0.5011778306613022,0.2953614359998471,1.4600882230064787,-1.082590411291749,0.7277870831757076,-0.5404213484021475,-0.6936914638665493,-0.7511292881814486,-1.1413920221491998,0.4187607946184875,1,0.9807999816505818
-0.7791685699352893,-0.41284716843278674,0.7884929876912306,0.030077481755625537,-0.14560051916613126,-2.325509304227846,-2.140364297295199,-0.8292931438211469,1.0618668022981825,-0.24506021559770944,0.36636485577825556,1.102441121018724,2.1965229788481033,0.8216618936467586,1.2019731085224667,-0.5190296625662535,-0.644876754320169,-0.28598027298688133,0.47915807343951977,-0.21906972709624709,0,0.5543274179439441
0.174446776675757,0.5012089813317211,0.566769310678081,0.07236821499288656,-0.23143745151867126,0.8865411818410449,0.20197214850443493,-0.9593884923649995,-0.7321809168499365,-0.29418419326579254,0.7457473173413184,1.547055899600605,1.3557551709156137,0.10141874381009026,1.3799354891683633,2.349611487820272,-0.23413065723629417,0.42955926363951685,0.5812623144991413,0.09923147557114477,0,0.5054453430732055
-0.6328935212447967,0.21075513955770106,0.9701971657027989,1.0584248072960278,-0.45903260607302626,0.20450610039415806,-1.525946469762233,-1.3601490120537796,-0.2500528951237203,-0.09626989449735042,-0.4753681035797282,0.5404028683360248,-0.20582947295743068,0.3768541002616308,0.2570259409699694,0.6335913804135345,0.03919396974080488,0.40939614229862387,-0.6664300648007148,-0.32289798098699696,1,0.7218780501244563
-1.583599409836738,-1.5027031021094752,1.1700413269448215,1.476927058166101,0.8037484508928044,-1.1192552568633536,-2.5337386962755404,-1.5211212583250704,-0.7290052716940001,-0.46864938007031026,-1.8717330101676979,-1.5814822261491774,0.45150863251369056,0.03530002490440143,0.5073090947550586,-1.124850264970701,-0.8015001375906201,-1.0595738064435087,-0.29680444944384266,-1.4845186875714609,0,0.00013981829829338527
-0.972573485236925,-0.5999646763502928,-0.8291615615189685,-1.347576120595597,0.45377169176359966,1.1362493541068088,0.024369171959233507,-1.02323671295118,-1.1041188872876202,-1.2398877750767714,-2.3551818147738586,-1.813249020313412,0.20303360589713268,0.012873991072321797,-0.8944644516598325,-1.4163346709253586,-0.2161184570121817,0.8068796770029854,-0.835928762983915,-1.5081620458807161,0,0.00010315436037317968
0.7695176551354488,0.1874772904714633,1.1252151193322406,-0.38851459046513953,-0.6856088403674085,0.4541228836080825,0.7007879959325233,-0.24243644504737233,0.377992883639675,1.13973046269297,0.166246294852955,0.3057118442652898,-0.6638840146293754,-1.8203106699304774,-1.2479690369341627,-1.1456277004905935,0.724816703651158,0.5455963417283034,-0.10516607697891225,0.33682303823207005,0,0.00043911070675668214
-1.5911113045060974,-0.3437612027186833,-1.0631708225519747,-0.7819785748137443,-0.39906590435218064,1.6273322448684684,1.4775409429684752,1.2030692110237389,0.32981296194966514,0.5256632556034179,0.530782608315901,0.8566548331185329,-0.9951259934842346,-2.1564830910875368,-0.9865540670636926,-1.3856258688918364,0.7322655498797612,0.19346940416130937,-0.08044826946314274,0.557357862924019,0,0.0021488191050252027
-0.31946807871398875,-0.39097980918948244,0.032268321537141355,0.5611875533969967,0.16479087034797607,0.7132720027320124,0.7740133986727579,1.557505240857948,0.4377476654770557,-1.144831518330538,-0.4053225782156928,0.5790496878971436,-0.23684997119843954,-1.963462071316846,0.5343098833192764,1.8633680320705166,1.842849087440298,0.6970179536768848,0.6850496067716172,1.0018312781534073,0,0.012035924277084558
-0.40628296264546865,-0.4058669119050516,-0.9333793570067143,-0.542342426462623,-0.7101375984426509,-1.7131804060388716,-1.4860244604478996,0.08806822686388428,0.38647123600096756,0.5689822372792354,0.36163954957384364,0.12980028449165099,0.2519219871134269,0.9528733013287908,0.899577308902125,0.8901161071921669,1.899149455165088,0.5489830670383185,-0.68585891032853,1.0019235511064897,1,0.8091854012419566
-0.07626968959744546,-1.2906418414327447,-1.2807408024478448,0.45962459450995063,-0.7297777269607818,0.6225066030746506,1.0800891579429959,0.43418952008399153,-0.19441332913252204,0.3205011758541604,-1.181928221161518,0.12304965972642073,0.7423105197396311,0.8968565363045187,1.5020862950604024,0.661900685747811,0.6961286461040821,0.33680448405396984,1.5624172276781978,1.2415552466942075,1,0.6742624389945355
-0.4021910144869486,1.667102565404755,1.491592889575616,0.47669885550697894,0.13769213147010767,0.6117654322936622,0.31331838803565343,1.1145035828313246,1.5308733371612648,-0.5920607952457708,-0.544462993642008,-0.469586792489403,-0.45507952632114235,-1.7507128877336002,-1.9851446436416187,-0.6287011214272115,-0.9179708936302673,-1.8164168884560972,2.0131699755172088,1.814994938706089,1,0.24382883040503525
-0.3685502233035875,0.2671744739294902,0.23052097112887956,1.4642485722231111,0.6169072253939696,0.4776081090899413,1.3019340222329894,1.5979588174457189,2.231519864326247,1.6692180034843234,0.49712092745048514,-1.282131361799529,-0.22823116024953444,-0.1996411873347972,0.2558472782927659,1.066353064233466,1.0200711315647648,0.6980305975830137,-0.4517908921977239,-0.14143039286824938,0,0.006174767048933374
-0.34756040233813146,0.6531950686919819,-0.00324191742202193,0.6620961517248588,-1.3659156684775737,-1.4447369615004728,-0.22275454809474285,-1.1241784570556639,-1.1344418590861214,-1.0084578206496968,0.3162032712758907,0.9076623657483927,1.9557057476386168,0.8140802494041798,0.37744183775426743,-0.4955279517600511,0.25529782200865664,1.4531090809724023,0.22586768393971485,0.5014674610044424,1,0.6778648407592078
-0.7169989895567982,0.46001211348526566,-1.03951114652051,-0.7680390131300926,-0.4038071508821747,0.8332868764968404,0.1478639494231473,-1.8491857090274448,-0.3835030336480398,-1.0390305078982272,-1.8588401239176933,-1.6826621761629155,-0.6220614184107633,0.3940892815967453,0.7383543899139077,-1.1077807248848244,-0.3037600393497366,0.533859323269245,0.8460249758071737,0.9444276988110477,0,0.0030126728187236636
1.2487848403238333,0.8221840795665527,0.6195437210396812,0.18345016491198018,-0.022791587216411058,-0.41526132187244535,-0.4469028862401143,-1.2215203584386416,-2.996731616402586,-0.25084710377477154,0.23553501986618786,0.8139120935512664,0.7203710368008323,1.1798810427718378,-0.371772361853887,-0.16436022975447379,1.0999215812273009,1.2913404245585929,0.793692665787416,0.3875264049916136,0,0.0072929116096822144
1.006556164622994,0.5686431306193339,1.174369264921656,1.3689082940859578,-0.9305277325642315,2.5007624086115845,1.2962630246949642,-0.0997000773284808,-0.3761634174072185,-1.223518978756777,-1.7610160788077176,-0.1022101385781284,-0.27592060249575384,-0.688192764025564,-1.0957290715991634,-0.1330959473535969,1.4176684659716996,0.9162093162711352,-0.025137820609510565,-0.38642741796315316,0,0.0001305152675642505
1.3444106027233547,0.8291409793015949,0.5807242815443857,0.829010392778708,1.3451711505260384,-0.03178147025497859,-1.063451706073025,0.08099967233292137,0.055540183785375834,0.8780611891356187,-0.19543119140666348,-0.7159174363873011,0.25786793359723403,-0.16025640904897817,1.882129403324223,2.036723211602032,1.6909080335978945,0.1378812352361336,0.6396031294384246,0.6984206062874927,0,0.09136790323505709
0.25949385712685,-0.628326055455429,1.1179972831667824,-0.014167552552670387,-0.5070645150175283,-0.5446372070485775,-1.2017223782638609,-2.121282274798011,-1.5367970761248186,-1.084585071100692,-0.202889893222781,-1.1233008795189565,-1.1991245965101551,-0.029365273556828726,-0.3259726693930156,-1.463933562206087,-0.6756622256519677,-0.055420296738100346,-1.691611712109567,0.4172698855777386,1,0.31891990465861336
-0.25916884737783225,0.5440895380811015,0.860655853265789,0.8404448578847453,1.1151198431369562,0.17552156441355535,1.4017406444191411,2.5445932911321263,1.320785964960955,-0.7464353872796431,-0.054634609901064175,0.2454537342602722,0.21388926586013868,-0.41094017748401673,2.231758639126441,2.362721019221898,0.8081266818125604,-0.42372353005930796,-0.22575125745539776,0.9151156567844251,0,0.06092725798352679
0.9318672991528466,1.3576367291455391,2.047761924925418,0.6699946430026789,0.4443199410175127,0.8389275183705451,1.593235124527074,2.450801564630735,2.60499196999558,2.4641994688326307,1.0316815777929285,-0.18876911712270159,0.815293346026903,-0.2322851862906211,-0.9214515671781289,-0.7105707923046916,-1.0726699840971496,-0.16852876023514027,-0.9543271743893895,-1.4132230144544642,0,1.6788276189107878e-06
-1.8873534492335224,0.6673587634573287,2.36478399050287,0.6168910933361231,1.0975662717510837,1.2796846595891815,1.2260538758293733,-0.09950874331730733,0.048097943851918894,0.038453145263541516,0.008703295016845749,-1.7913717992737292,-1.7426444734358355,-1.2897330303102745,0.03655367395168985,-0.7658319199417655,-0.5028952550261275,-0.22583325696285023,-1.560673765681915,-2.090778688594287,0,5.302940563445087e-07
-0.37534188575766203,0.6732350042762607,0.9434227785657829,0.8611501913062461,0.5998466677977182,-0.03236562876108713,-0.3720144066966517,0.4428802952756465,-0.6567611859601427,-1.2071086204722252,0.11417638340779244,-0.2064637018193042,0.29040664837987706,-1.4518143643122132,-1.5446816489691,-0.7745040101490976,-1.4338751904005205,-0.48765868895882475,-0.6784208319437638,0.17203582274054688,0,3.058431837417969e-05
-0.8693508401504408,-0.8071578813007746,-0.7050940581455456,-0.3752396262357648,-0.9544024661319508,0.8151436205420328,-0.6740281877504783,-0.7431910431536914,-1.8500616479058785,-1.877925863665334,-0.0954258348793684,-0.38009015994745915,-0.14787543856240087,1.5775845347533557,0.8472617523956828,-0.4248375460072597,0.7464524059087365,0.8359318718384267,1.0186981203825793,-1.0207788506566926,0,0.5383145200215529
-0.07093970648959547,-0.47067888485120485,0.536607284265129,-0.7671504755344892,-0.09785785534185927,0.9497986282237347,1.1651278450714604,0.8453150692537884,-0.8377501235983328,-1.3106964990981371,-0.8920047757440793,0.5126469256217234,-0.6305373704251465,0.4141372047036736,0.4105565787270196,0.16570912543319968,-0.5551118635443962,0.1687190042433349,-2.110811272575078,1.1402714742442668,0,0.016079256365331907
-1.6998710168210163,-0.13656779600167746,0.10172874673239046,2.3917658329869513,1.760716062556726,0.4364099821378016,0.40284214415891867,0.6611861376775163,1.2385570815768199,0.9532926776003015,-0.05238493067028787,-0.21128324890246689,-0.5707339650560227,0.186045206548768,-0.33369683100559827,-0.7822150941959564,0.028520498348875677,0.6498600810828549,0.4087416499198743,-0.2790598412379185,1,0.5740146772136014
0.6426824302800609,0.45906711739352474,0.027184210912138632,0.10181477002464877,0.6210831216353597,1.5609379500561265,-0.13077084978917114,-0.4877892438437351,0.8338246619523787,0.03728105508130796,1.3415637595555223,-0.0636943775815521,-0.5758410734600096,1.1125575939286643,0.06983763637508444,0.39473395283501095,0.842490196081904,0.6404281159984065,0.7142305087772567,0.15825393271186322,0,0.019647517016233976
0.6225761070134054,-3.03294516936641,-2.7685020157113196,-1.6641962313507856,-0.8749843615014435,-1.2758059887596631,-1.3487805732576164,-0.8551163305304655,-0.1949452580374462,-1.4318009945039576,-1.874761599551218,-0.8401374861612002,-0.36215592040282635,-0.8148131509542096,-0.33630903197176065,-0.07555706801968162,0.9528998135768606,-0.1754901257090167,0.2370736835607808,-0.434056209523213,0,0.007204385832024002
0.5477684191473431,0.9067012773407127,0.4692914314605811,0.047359017552390754,-0.6477705745948654,-0.8246792630518448,-0.4923681587468141,-0.5846841643044121,-0.5755214016769838,1.3469233083095247,1.5323918194798145,0.31684979150486714,0.8940011882130706,-0.1554444602855381,0.7222998133375985,0.029982638172957033,0.26150858791350096,1.0841834142185327,-0.42846822901180703,-0.11571978641158141,1,0.5908656244325563
0.7670094640355941,1.680237581830232,1.525579072454426,0.7425200589044567,-1.0985224411742398,1.0292578600195368,0.2576245723156793,0.05034349501928299,0.43370391004140585,-0.019288811200998422,0.42403298242784754,0.6626068907685763,-0.932273337901098,-0.010714238845366847,1.8275282028960076,0.8930494837457958,-0.2519872757069891,-1.0644226450579415,-1.6315781771791678,-1.8492831591283019,1,0.9657424973224051
-0.8602312111357848,0.5004436735731327,1.4523521759280758,-0.840020793758076,0.05781330507935181,-0.49449652050467724,-0.35258671077576753,0.08595912966994845,-1.9527019452288255,-1.6653619610691393,-0.5421698532794759,-1.5007891633144637,-0.5333143078535995,-0.7960636499865755,-0.1196342644706904,1.401535562826093,0.9899951964973823,1.585741237239538,-0.517224347254793,1.1365213166831263,0,0.0040304063499064235
-1.4032850468337181,0.0841694968671391,0.43799363513717315,0.4045100481887493,1.5930900817505058,0.03399099058759135,-0.5196292809524745,-1.8570323335388474,-0.008130192902737525,-1.1687009611895953,-1.5368120244942833,-1.7288748641213671,-1.0693763003539971,-0.2827496481298466,0.989775931059343,1.2308926205494868,-0.4388742149452852,-1.204071997597661,-0.7421972226932538,-0.19020337819390284,0,1.0117833827102848e-05
-0.647894174774248,-0.8924271575925021,-1.5578429265628293,-1.3137589407497419,-1.0812250022730234,-1.4808473512210993,-1.157946467374459,-0.1537434011101625,0.4690442161397378,1.2094855457806066,0.07045484108252181,0.6624212996706894,0.9119034069552233,0.7193790152274185,2.3258989355241755,0.9622595730421908,0.4437851603129949,-0.4188659756412298,-1.3745563095088822,1.133076218801374,1,0.9589126992524036
-1.0968439857491934,-0.8635477766208294,-1.2887235310397216,-2.2125716540818,-0.0554861984122613,-0.8876552722975122,0.2367270487464303,0.019361869947683196,-1.3334432518622354,0.06065188149072338,-0.020936725100232954,-0.9092826503674849,-0.7917882463019608,-2.324039186020084,-2.84862888243509,-1.7914989805483523,-0.6073969441529521,-1.1765696795098244,0.9665711571226302,0.9051449816668385,0,3.6174263740486146e-05
0.8907194262156256,1.433359265110212,-0.0026382948197931177,0.24081576493257925,-0.08361936346474803,1.3175264635889379,0.15490328387199148,-0.28682076307854226,-0.04441181623551498,-0.7204000235704286,-0.8488279421617795,-0.7069528387795488,0.0022287414611980804,-0.5126965486313199,-0.72469090182855,-1.5483468094138062,-0.5197136373267445,0.04713307411900225,0.4599797120681709,-0.8410059757017385,0,0.0009018640318304209
-0.17089143427048112,0.9520315626379517,0.6353634378441292,-0.14871462578458483,1.3262916462015746,0.25610389447519555,0.23653271054820055,-1.1366438546466864,1.2493824133757825,-0.4106524464096213,-1.0016402103099131,-0.17447723232081594,1.9142144250795297,1.2805615135150061,0.47019171734988785,-1.3293694917514387,-0.23764043180354147,-0.6869503164116636,-0.04428198442164789,0.14512897420823864,0,0.14325870479588845
-0.8245891969932486,-1.6488910706558726,-0.9859708569167956,-0.7239253061820982,0.673256314069416,0.29808836133983885,1.1080505429202927,-0.5192836315503885,-2.055482770383929,-1.3600493849852664,0.6320897564269758,1.6276695659377223,0.18750808319767148,-0.4728534326621781,-0.17585443676053983,-0.6424586588906346,-0.9413524746927624,0.8009711272657344,1.102602652423155,1.3553137789593503,0,0.0025717234644304825
-0.804866186720769,-0.7040093296004624,0.3445941708744731,0.36941689084609053,-0.2795225495783951,-0.7828883878187628,0.4907234322509771,0.40853775627881506,-0.10768074060671019,-1.2934643314021286,-1.442866717052047,0.8395525487831387,0.9712087684804274,1.9275264701780888,1.838212113907673,1.724956501263091,1.364920347065078,2.220656213815422,0.67388154793806,-0.4569151199449851,1,0.9972505099469328
-1.3845578548329813,-0.7732469210147408,0.1944806431643892,-0.9583449529217499,-0.535635863018929,-0.5589417185106846,-1.1502685244872248,-2.0194803292995744,-2.607577262283649,-1.6996031735437753,-2.807772268337399,-1.207185093943034,-1.020223913962871,-0.44798456936622943,-1.0592683456677698,-0.0650293172747591,0.4627667393480104,0.41241175253851536,1.3004466994865636,-0.6212560647627777,0,3.0948698349059234e-05
1.0933392936058564,1.495302104685825,1.0863106631898642,1.143953290769559,0.9256999631253997,-0.8126371034812018,-0.14250107730334152,2.1222236704457287,1.2366109980423134,-0.01960976981385323,1.0826553276855355,0.6343827809600603,0.6951666215013094,1.0302421717886456,1.0931786342026721,0.6404059654484254,-0.7167854057594741,1.396092245009603,0.9135610051456766,-0.7005061317753428,0,0.0005236831168006291
0.6872116181220109,-0.06849573571357316,-0.41547122668768216,1.2554945317136625,-0.7476866182122224,-2.6639307116836606,-1.0941854510200288,-1.73801133159656,-1.4365314677322423,-1.1008194489382583,1.0287230873759556,-0.22632948815199924,-0.9630863903012106,-0.6215365239132312,0.6036637056841836,1.0255286395059566,1.1940840841991323,0.983992390664247,1.880817055698949,1.368892963280728,0,3.356913230047811e-05
0.3752537920741082,-0.3493558892533524,0.3303891162233418,-0.5789019408087057,-1.6519431340527901,-0.888655140384016,-0.4538404048927071,0.8510961043919004,0.8452471308300317,-0.21101610906459922,-0.40332825994858656,-0.9083906268984311,-0.6259828448177158,-0.47576530485133595,-0.2556763302046415,0.0866329255992546,2.2554541885524393,-0.2665256074133688,1.3666788481747212,1.6276985385277412,0,0.14330305971007565
-1.0377255493353383,-1.2085632822391243,-0.8622972653032246,0.5162613346408642,0.48336051577859235,0.5118173816324031,-0.39956711926813604,-3.3909376391674324,-2.566969660610688,-3.0239003899587478,-1.5400881541705922,-0.13701307318718722,-0.001844442213428868,-0.7188461614584731,-0.5491009885296632,-0.02946654300515211,0.5382491700775327,-0.46381116973107167,-1.0083735734254797,-0.6377607277720029,0,0.00041063910435558144
1.7809403404437658,0.2702521461430305,0.16895465645091637,-0.011783386027728522,-0.7487960626948732,-1.9778522606122073,-1.0121630204159744,-0.7391044686690359,-1.5283599770751015,-1.7365805649061479,0.09034059481989536,0.46157502517250953,-1.1507470356461478,-1.1911256689487242,0.624095991022522,1.0106876211201818,0.9310899109685166,0.020518521873009135,-0.06670194508894464,0.1746370598928671,0,0.44120309231518723
-0.2802645595323187,0.494357823462334,0.4760543589407949,1.3127328125718458,0.12444885710231411,-0.3300191385702374,0.7097254645333723,1.3539734171215898,0.5765353784017146,-0.8092604158844912,-0.0007843806686442576,0.6794196423756552,-0.0340020295342568,-0.4334415926359227,0.6493574678924313,0.06822155722041459,0.9335114994923911,0.705697889190967,0.2896163631594453,1.9851921521142377,0,0.06556649920257798
-0.8485403132917377,0.2661215077089677,0.15875140138502186,2.090108999492009,1.470363448144869,1.5523986302037864,0.4611507823957428,1.026212030434815,0.724648029133513,0.9178763079919608,-0.44494879440787305,-1.3898370655971537,-0.6738454450484097,-1.2979125201707686,-1.8761801975680454,-1.5862265264371025,-1.382362467082932,-1.1379740323552465,-0.2378934308351963,0.012899478694016912,0,3.304567994206598e-05
-0.11045030229210362,0.6513615941798647,0.4131984525638946,0.7131687367391926,0.7579293298344382,1.1061972077411326,-0.5706020497162253,0.36902800773391703,-0.08992437872438226,0.5027336691507887,-0.8230108194292716,-0.20747417808924185,-1.4179292818435865,-0.8276961869238226,-0.3519862016270075,-0.5957427302505456,-0.4799386121364436,0.24932914815167806,-0.29733680311851707,-1.1297179128764914,0,0.00380472052246144
-1.1106325961846832,0.1660010410533113,-1.8806758531502163,-1.8455925320974085,-1.8435335453933461,-2.464680804747089,-1.2119483659283228,-1.7599515715672633,-1.5536389238675221,-1.505053197725059,-0.10183299435014077,0.5811173127458027,0.5879707713184712,1.1486257094325731,1.2963709173605655,0.5182631790391651,1.4447934588023241,1.450674050405978,1.6412634609818249,0.3242979944644738,0,0.07413168728408855
-0.5708821862568441,-0.8576296696018555,-0.5859072961780711,1.3309903866835562,0.6668198467065479,1.0747721896392357,1.429645024607499,0.9160084871102759,-1.217127159834263,-1.1524992657445534,0.23013199638059748,0.3247648523831667,0.1460514838837592,0.28160890882984296,0.07776124004201168,0.09431288087393933,0.9176209683082717,-0.4754596699228017,-0.0812562754812455,-0.49408841453214886,1,0.009951574215088667
-0.3265307079953759,-1.5726971205158249,-1.5561880358303006,-0.18863711339793116,-0.5109719586937223,-0.7851155045653455,-1.304952578154191,1.9349557126341892,1.0469515543380878,0.29245620158100266,0.19747278277056687,0.37019395161942875,-1.0868485249555173,-1.892730407587793,-0.7722001895015107,-0.7808965981805659,-0.6334391241958598,-1.047480350396783,-0.38222300609113097,-1.0899699681598412,0,0.00012445213686754916
0.3593948644119036,1.4076866030916206,-0.49898256389956974,0.008957252396019546,-1.0484600775550257,-1.006715221686052,-1.0549520463947122,-0.8364660903296052,-0.600499135932862,-0.8813834091445292,-0.18628331009410523,-1.0662371498655832,-0.4159571047186022,-0.35898887357407894,0.9160157318450602,0.7231449698072436,0.5780874249924592,-0.36246483522735085,-0.6604275797508552,-1.171921233623809,0,0.12258973694919818
-1.209528130867125,0.11951694507115106,0.27527037972940865,0.37319157896029237,1.2155054277648984,0.33536868932708946,2.0790741004939717,1.3597571299481113,1.4163200125954012,1.2882645986940389,1.5269211132262535,0.13579637073885414,-0.622608946570809,-0.27922953575608767,-0.29269009516954564,-0.3810430451602004,-0.22379127889400957,-0.5107884397031522,-0.21957026508091426,-0.6786848034554418,0,0.0037567675817058786
0.3163315810160044,-0.00464684272280283,-0.40957555358374825,0.004692621698783353,0.4262981339392312,1.2135756367220414,1.1793233041274986,0.8415083011503925,-0.6731052601723568,1.1945780823201886,1.1113964504409257,-0.3893736331970569,0.341534524175559,-0.9914736551938473,0.0008561145423007586,-0.01612919517696584,-1.5842371320873012,-1.6913352907987016,-0.8194778334262691,-0.7697472637181895,0,0.0005340025997395491
-1.332172301135902,1.2701162335418092,2.1950975546959293,1.3912206734368935,0.2623317420357534,0.4783916818579685,2.4461643115756875,1.6284639147123392,1.7578728956782423,-0.3230557018890347,-0.03369652076210765,0.3919537387333948,0.4271329051472754,-0.4131544986173668,-1.2714647053855601,-2.038198090498732,-0.9416973500117896,-0.2603907461517184,-0.9440667225485077,-0.25193575610263313,0,5.2573114161251395e-05
0.7747678389599741,-0.5207690223113065,-0.20206951841118523,-0.22307215151812654,0.07891521467669615,1.0088904285706497,0.774537038610932,-0.7392861212510033,-0.16670610006741532,0.5200118304083384,1.0369946796963734,-1.166337364087795,-1.678336127032865,-2.0775790653804496,0.68630564780245,0.5452133919338372,0.04193322067187927,-0.47731247692966383,0.3518069319870163,-1.132973537318661,0,0.0053220950927523785
1.1668819509921515,2.0781483696639347,0.704817811181232,0.9316438769776058,0.2107973937097787,1.5712484118790422,-0.4630271520983209,0.4294247117581379,0.011534060728218838,-1.0817789376724332,-0.3368816246048832,-0.32373895601257785,0.3813494314087916,0.9387577524097983,0.6009299827421299,0.017838762984896655,-0.38313006742504513,1.389613720370121,0.2056883043054495,0.14069485032821488,0,0.0016726902758788021
-0.7908798404873839,0.24364215844100237,0.42678038504701377,0.006728976684040907,-0.5844267490203808,-1.0404722280526661,-0.8655891379794589,-1.1619741741488978,0.508041171294387,-1.8674821611110333,-0.5799849432352844,-0.5438359239244908,-0.7538260756379831,0.2170556432738448,1.9024932985281653,1.126664668916164,-0.71438120800321,-1.2705459160461277,-1.0503563759448196,0.06232612565720157,0,0.030927319029154528
1.5156239160640579,1.7688852143475355,-0.3958407193579628,-0.027194031659938618,0.785618536284769,-0.2328759350685346,-1.060354646916997,-2.576636532456308,-0.5153937548211629,-0.03812451898481963,-0.5474417116074797,1.2801313368475515,1.3040077498575928,0.9052862576401128,0.2799832677254395,-0.10057629266675497,-1.2783921700652014,-0.6851492102885751,-0.45715050809774,-0.6376396442853612,1,0.9999993790864093
0.739094738142387,0.25137271005938117,-0.26236985989403827,0.9759209573641306,0.17607784386771905,0.13825134588198368,-0.13121727445255665,-0.4876337871089687,1.4432926710337082,2.30726060303483,1.26575097362097,2.1310553630807063,1.0478686042833474,2.7599926493486096,3.0494038148310842,0.7564166632925554,0.8433304148194294,1.0045311714496474,-0.3610120394456209,-1.0359424872043872,1,0.9999977373714759
0.06906265578552861,0.577742920923983,-0.6522615601939075,-0.46827373516753984,-0.6297967021854922,1.2358749945516718,1.646995586827173,0.8906888398437122,-0.4877008793851468,-0.6525131965109177,-0.28752377937595436,1.34323455699119,1.1306119994887458,0.6010283465641778,1.066867315612755,0.8922857227132172,-0.027141052015530583,1.0372742377889645,-0.2039292400048291,-0.6566412172683155,1,0.42616455962792804
0.4339163891398314,2.01320795024102,0.026212904920070883,0.15558127638085675,0.026541003504946578,1.0209994176394614,1.296939442510475,-0.060524823837940944,0.07390305825882318,-1.3384451929873464,-1.1473683878174927,-0.6257944841856963,0.6142894386568529,0.4641930865034086,0.5367167339730912,-0.04336029842602954,-0.9138444142429947,-0.6828056003544443,1.1433422742141959,1.639683021440074,0,0.12493151209547983
0.7330823288760117,-0.46413719354279265,-0.22646425627465686,-1.000470675792076,0.21750870004199074,0.01586920771841276,0.4847861032149536,-0.8704378888644008,-1.3708131627841742,0.1575578197594737,0.42519248031360524,0.33035121210311635,1.0956669827079824,0.9781612145201122,1.0168716473037347,-0.5208381913095536,-1.9041874281901248,-2.196823083349405,-0.24102592860918348,0.3514278923495741,1,0.9798998970298038
-0.20865990503905946,-1.915624414363678,-1.1210557121574152,-1.6060174241718874,-1.2816777296027508,-0.5862029293889883,0.017301364459183108,-0.43329536219217135,-0.42215746247625985,-1.2271564107904496,-0.3407336779366231,-0.7413859117610708,-0.7889193390089081,-0.9300336828161889,0.14710352503148844,0.626988478868511,0.09980984688642672,-0.09902645918410678,-0.49592401628102556,-0.8455477136627553,0,0.004722544845555221
-0.915017681508009,-0.31071521087596743,-0.16817344255714298,0.3828342752173346,-0.033197819037648915,-1.2713529608212504,-0.9625683173894325,-3.1785475364461933,-1.3957147693903889,-1.4784478979918607,-1.6614318978344276,-1.7009573317794595,-2.2152881755504756,-0.9288035093649739,-1.0849859352736533,-0.6653641923595993,-0.6494927645470758,-0.9244365928248792,-0.024084480895930408,-0.9307440267879296,0,6.444031477285015e-07
-0.9696826519680491,-0.6120275582862207,0.4628048902844578,-0.9359984047205384,0.016952037874969163,-0.4302138892380231,-1.7559329418206162,-1.2521389312350821,-1.05845727229991,-1.7616241117934834,-0.6203851205787164,-0.30279688683988176,1.276459403326643,2.12894251611745,0.6336018237097419,1.3251514877505206,1.2022058765924235,1.9272943470182664,-0.12649694032620298,-0.09991929669299957,1,0.9369613664125791
0.2791633190934632,-0.23829874693653058,-0.8141785218482359,0.03157998131741653,0.8396327047190656,0.4200942837091162,1.5090877825684477,0.08959014149569453,-0.8233767632043046,0.25729007076406996,-0.4098259507118962,-0.09620247937331636,-1.8849290135164418,-0.7776193768291506,1.9011589116267995,0.588089133855486,-1.015467626324236,-0.7723996541370493,0.5806942812820821,-0.3072869060102383,0,0.20270494241344564
-1.5029137382326472,0.20933994233646488,-0.3936912648375572,-0.8022770810578642,0.03205764975421047,0.8501091508803508,0.8956473385303563,-0.27895278543739305,-1.6956018011750127,-1.2856719254349505,-1.2909216042851366,-1.2289210580594025,0.02076978306129983,-0.5799351497085051,0.026528012261728247,0.6032189350911895,-0.5260777101513695,-2.0615697031377516,-2.1006631151564323,-0.5379354957276293,0,9.72671015009368e-10
-0.8698132166343786,-0.03617671846842425,1.2548950417325815,-0.3078742711267778,0.9392421171276649,-0.4589887899760999,-0.3663898928428299,-0.32383573047744757,0.9152267210582946,-0.21806484562962822,-0.46772733589282145,0.1655754563821626,1.5888740300415138,0.834499344820522,1.2723707587843767,-0.7547030165755948,-0.14246238571757971,-1.4557692633834922,-0.8645464920115374,0.13083474256797692,0,0.014897606681631412
0.7476572962995425,0.6073026493639658,0.9808098053780134,-0.29704758074133075,0.049511307120949415,0.36724091289626226,0.8453207313292975,0.7051385936323478,0.6060385410797738,1.027634909850599,0.7038105195902533,0.6579457374874188,-0.5323372135456541,-0.11435984554010487,0.751153163470732,1.0184951685476988,-0.9215051272552445,-0.7599972762232647,-0.5395895534641202,0.6025552413299049,0,0.0895078905094191
0.751998344755335,-0.2686964846322034,-1.030133123848901,-1.6072424458979362,-0.3895508306137194,-0.9553663991489239,-0.9020784425225252,-0.06530515249762735,-0.31800171027842955,0.09927405338172321,-0.5903373958902144,-1.3751368331348812,1.1040210378843711,-1.963952833201015,-1.7587291934578606,-0.5592019680144005,0.23578430987493124,-0.8822496359205773,-0.6746552174376081,-1.327193523215986,0,4.8288929272710643e-05
-0.2448921921175584,-1.2933272167678196,-0.11225182172505592,2.392746886227931,2.2803606350480408,0.9659125685458068,-1.1891844190396281,-0.33220057760652094,-0.04126704889448999,0.555756949608126,-0.09663424380724361,-0.7011187940509696,-1.4021791814917424,-1.1864837519654565,-0.6888827118948294,1.0538251572166448,-0.2333315635223199,0.30596246591402,-0.10486800519095299,-0.8244782142318159,0,0.0007194923904557038
0.7029334617228404,0.050802969726874855,-0.47968953590343566,-1.5306973002008322,0.4142264609561995,-1.0527802889819122,0.4684315014618791,-1.5261701187831649,-0.9149615609213818,-1.10728061565858,-1.7658451099189412,-0.5775876446964879,-0.453269807420688,-0.41395610937968647,0.6446550619865135,0.059602205246743596,0.5700758172330096,0.1664718389226397,0.0972190397715826,1.169192251566924,0,0.04300257244154401
0.07641936658388372,1.994333822022425,1.4972102212005907,0.6131975856119258,0.3911799309680294,0.93551521723213,-1.1363780423930432,-1.4542983575778858,-1.5417940445102585,-2.2018170484563737,-0.6657761221425019,0.6453139693420057,1.8280068053234897,0.6590809615395694,0.23579322738163577,0.34376512199578674,0.1659727051422116,1.1344705739015553,0.6676423826722234,1.1599144094644265,0,0.042135796872990114
-0.03183268243867166,-0.5067889904202694,-1.9313191569114414,-0.21696515099683353,-1.5557490636264564,-0.6942654402675622,-0.3423317183578086,1.276450120308332,0.45344329794767374,2.2858251966665826,0.45797955261555806,-0.7251048706835636,-0.9117626847484025,1.4441474796449638,0.14574653816462657,-0.9214511955462974,1.0162138333318045,-0.14261942199718355,-0.13816827743280852,-0.032984140869734085,1,0.3103805884480416
-1.4437553248905663,-1.288220541398075,1.1755905813601484,-1.1472912428404474,-0.4714358960500956,0.7317834611015376,-0.42008653983027705,-0.05875308350439435,0.4137269081070458,1.0756500370898183,0.3971474129348791,-0.19065694650664636,-0.6850188550506243,0.10064571132166245,0.71163523915127,0.09534477209944826,-1.9021937515120213,-1.371785741824584,-2.3756240727836335,-1.0015286421851342,0,3.6033781289588764e-06
1.325540048893169,0.5303654731154472,0.3003526937013329,2.0264081141729737,0.5363561463337759,0.5129984986283136,0.01738734851881629,-0.0013075681220865681,1.3199175491123636,1.1673507362339945,-0.847479386393607,-0.39849002800715894,-0.31225526285563654,-0.4770929149153148,0.37559704263383137,-0.11934416605576466,-0.9387102032170842,-0.09243224508577251,0.004298778788306111,-1.5073637923415573,0,0.019725199826979976
-2.016707664915792,-0.45900585059342497,-0.10103116236996906,-0.4492282201862612,0.7903133865257546,1.6864934099624032,1.7764201371096366,1.4829360035910528,0.532169882148482,0.520882253487452,0.44205995178313223,0.21361521017134202,-1.0663968638938197,-1.125668247146399,-0.41793973738033346,-0.20435385910932946,-1.3565159942772673,-1.2977168310793565,-0.7749229806677518,-0.5396996358515948,0,4.784722488468673e-06
-0.6888065318083663,-0.9363544914818056,-0.07772505073969642,-1.5583837446093305,-0.6296807223394606,0.05932931312764273,0.4067290195879979,-0.17996105708800705,0.04964099159740377,-2.2424474960554184,-0.44512809540302634,0.48176278466993483,0.3359859566346577,-0.17698717114534226,-1.2680915939154143,-0.03770655066544548,0.8211594100886944,0.34528880383045857,-0.7185691538927502,-0.6070492717010938,0,0.003679890974609912
-0.34283581909735183,0.04632804289308886,0.11662931151260232,-0.8709474273827689,0.18532028809308077,-1.2157766126104934,-0.8310278238671464,-0.5515952280915606,-0.7155176495484546,-1.12343202969589,1.022732567394846,0.4246711924102834,-0.12321640248169843,-0.2786676954544693,0.4637571324408777,0.8170319873480093,0.5006472686020602,2.309643883057751,-0.793418320172085,-1.0865183191665608,1,0.9104112864945266
-0.44715501869940333,0.7197033321463653,2.476660347067482,2.070719503442223,0.7991460303512485,1.1236051093102566,0.5707452385233268,1.0634824958954616,-0.5956463036689593,-1.6292819457962782,-0.7151010804684786,-0.6086990285332328,0.3488654690413524,0.27572858991961663,1.8086118207237243,-0.36660090179158683,-0.5846649044095892,0.4322146811801654,1.6252975643125034,0.6403312325022436,1,0.9808968061473807
-1.8302946886748048,-0.6402260861366941,-1.3806877999192801,-0.2255479827948526,-0.8416402496585828,1.2014610495827764,-0.1299860133557308,1.5998162865284022,0.3901583703246154,1.392945440533149,-0.33046977370846037,-0.6526312019929702,0.5359482298447014,0.4659674061937186,-0.5541604700872068,0.0740361633639493,-1.1313846629143696,-1.1409201312001038,1.8679839223732622,0.9997052736977546,1,0.9999878223223795
0.4011531286361787,0.24739498039559543,0.3186086043637955,-0.16251723949283328,-0.8293904353742823,-1.882422911288713,-1.311925514457382,-1.8290810954583916,0.0006657571754476474,0.2502405846368751,-1.5419894536608667,-0.7683012659455074,-0.9822986137133751,-0.9883499173983847,1.0053951359980555,2.8703606687262173,1.3454903622418355,0.9313247589504633,1.1927041257532376,1.7749171721748243,0,0.0011766727755215898
-2.103465397131906,-0.9250110933937006,-0.5533923158386768,-0.2588302919097758,-0.5349726289516632,0.4383091665510701,-0.05506558640012895,1.4028072056529788,0.5888244143311585,0.7241736667681679,0.5083465699379536,-0.18299066306641198,-0.7014986788422359,1.4433150460230444,1.4709431879437849,-0.26545264769758325,0.3744848722516155,-0.8363783616663868,-1.8900279506968933,-0.4653210280208355,0,0.000276248237096247
0.28787803581411564,0.6699487669578997,1.2013314385179652,1.7399471748752107,0.35938826869333956,-0.25961000082971847,-0.3286076587339424,-1.2504373370866586,-0.8793182663767809,0.1811443161242137,0.2296051365500413,0.7943858268670192,0.5839093742859973,-1.587454395006139,-0.3338923942790977,-0.048016447292393565,-0.5207504934577575,-0.8772943968542951,0.7944573247675197,0.8043749057280288,0,0.003019812338459893
0.6241253316707487,0.7058403270901904,1.038026796238762,0.6474996266169767,-0.2820012961088288,-1.42215097828502,0.08285034948078991,1.381482935726193,0.2058732609519448,1.273107326277901,-0.6479279755411721,-1.4538606398754432,-1.0253329366417718,-0.21488269058671186,-0.9944424612744519,-0.22535205258955712,0.20053959457600734,0.713812787578175,0.13218679311109857,-0.11345902172670382,0,0.00012129443783680069
0.3619476380631485,-1.0312460016652074,-1.4247248541872606,0.5540662635880438,0.09303265406486072,-0.9521171213902834,-0.4154499618929066,-0.915652353384905,0.23949350607394243,1.7308398112514272,1.174070809100193,1.3944574686723616,2.3805974281417512,0.7274529582980692,0.7944688244004537,1.110465752403182,0.45496246459774475,-1.2789449098800079,-0.14330050034341082,1.0937298432900553,1,0.9510455909789499
0.48990178705449405,-0.05130316175185369,0.200760894919188,-0.11422003853092004,0.8672267066713197,0.32867037219448747,0.6876773404214024,-0.8071280421505621,0.21290041964808118,1.517670218599624,-0.27792354628648164,0.12190758417786525,-0.7046236452676883,-0.3089304630709294,-1.0020937442148126,-0.2251807767443729,-0.29468330291980477,0.2835170892439313,-0.4650995985572108,0.032977285387251344,0,0.017403453934380555
0.49702920568562214,0.37070035227317893,0.8244856011092497,1.3359782433319223,0.9300387538193644,0.60973883627703,-0.7066865660675635,0.33353829425356346,0.6831735277205329,1.308274320291451,0.7180557505578629,-0.07887923557060564,0.471875733376241,-0.9408406593057346,-0.8508019474788029,-0.2972064845270832,0.5027153567171083,0.3722520901385703,1.101952963101719,-0.3572100816934495,0,0.0005755310027140746
0.13738859130426503,1.8202566580792445,0.4215442336593535,-0.5040493855577165,0.086063600479125,1.0034211889214057,0.21489746216916616,1.1481264500139383,0.5656126089530036,-0.20384087612268692,-0.714413607840381,0.6522660785799569,0.439173758975994,-0.8552754788772425,-1.232454612805192,0.31910957960155223,1.9127824725642197,-0.034083232773534144,-0.45551119084899644,0.10314164703074791,0,0.0002810529029011254
0.03466307587915109,0.0866629380116234,0.8129234547539695,-0.4937725596690148,-0.6946883620117629,-0.9579505128412775,-0.24250454895677395,0.7392558100717109,1.4221096651374188,0.5467921540345464,0.14181676451294925,0.9603864149574607,-1.3697320548170886,-0.3181334472817892,-0.6620040820742459,-0.12486309544415312,0.6877131402297989,-0.11632107090591602,0.3500199571376233,0.7451982404851631,0,0.008989022755488277
0.4488876926597528,0.7370017394766182,0.9931397949822915,1.0460037536840876,1.9250505576570398,0.917581104802048,-1.4403388458965192,-1.0961011143731523,0.08135801542672515,0.21789529970881188,0.6277543091843533,1.242871464667361,0.7596972321450591,-0.6289735125631875,0.11972135255416531,1.4234440093844802,0.8371637637287843,0.8935184281464238,0.8966045668177323,0.47034706931011366,0,0.005501581873601899
-0.6695996168738548,-0.26266965426860805,-2.0271446666550323,-0.2746391416803652,0.384128498424955,-0.4261868417448386,0.10570923129910843,-1.971980758590783,-0.5133693166609969,-0.09731872159596322,0.6778427152664203,1.5662228597354573,-0.7170200984803786,-0.6338757788769857,-0.29150611226724094,0.7320963647376507,-0.9257622915705357,-0.7331386892153591,-0.8749696643785198,0.7754366894595812,0,0.1620472235616166
-0.10203218543824769,0.024622485464994938,-0.1142533268850404,0.2075354258164997,2.0209297625933584,1.0607526466721846,0.05253147462124389,0.7256307651199324,0.0730514297635354,1.4104666705766524,1.401991910141095,2.3300539210026487,2.184203460202442,0.42725320941152867,0.8484963130518423,2.351038228400526,1.7041492393653221,0.20473605033160705,-1.9260291647598269,-1.6678687976204893,1,0.9789783012324069
-0.44243744993674167,-0.4855773982396651,0.10857681928379519,0.3768280668121153,0.06979875522204186,0.15971776767199858,-1.6133742816956091,-1.2917377968945691,0.2853792349472353,-0.3831323464877028,-0.48481401649073375,-1.2191068421421107,-2.1647828624710543,-0.42045203437070827,0.7100489987599896,-0.012954753893499737,-0.05084864771886782,-1.3220781578204028,-0.23822542135411656,0.2584510590573396,0,0.011589591014565696
-2.371229118144346,-1.9300338198862628,-0.4595373645949387,0.57150082374905,1.6856841231594077,0.426010503056219,-0.8792155596170661,0.03860492519675119,-0.6459125983311514,-0.7932614649291002,0.5515068116986799,-0.7614847641171466,-0.5162720674820545,-0.0012359560537706345,-1.3230762596809766,-1.1341289442205718,-2.0294675381734204,-0.1886407199010045,-0.2222967530608473,-0.412130892901317,0,0.0005754342345301992
-1.2471865300421328,-0.4169675355395871,-0.10742802394760172,-0.200574709543373,0.4989168559991173,0.5031038678556019,0.7141963037876824,0.39401035662267314,0.3464295735998729,0.0645407955287607,-0.6549820455563174,-0.7145931069681631,-0.2845175651297437,0.8978059415813334,-0.02852750700556062,0.4750947645451514,0.33870103953589853,-0.822937907856847,-1.3844796998437725,-1.8094997128080694,0,0.0001038592240931393
0.6802471936521443,0.09381151703322314,-1.6746610876783015,-0.3324473086136906,-0.49886045151504926,0.07715324023089143,0.3507073388041701,1.2052364358480343,-0.1862967869309972,-2.0683238236888055,-1.4275291781459818,-1.1616857021038913,1.0818438354787714,-0.10756168648086337,-0.8041148034159104,0.2918589761831996,0.5099670432041,-0.7748063657988074,-1.4865840422173875,-0.26469314793067084,0,6.6031329674236225e-06
-1.6526725579348007,-1.7716433560406193,0.1557184519496038,-0.7761930447274382,0.013943825718936858,-1.80060787024391,1.0307908170892564,1.196161320849608,0.07290295482559483,-0.2092718056730029,-0.5935379976323109,0.12209288533603552,-0.37754649241312177,-0.7451701526388521,0.12786427653288895,-0.20809641459240474,-0.3250893430229243,0.3964644939914259,-1.0246424784085149,-1.9386467540566708,0,0.011725691941844994
-0.050933831042685236,0.8515223934195175,0.8330743732848213,0.500878700015006,1.9241664064341841,2.4596483911952993,0.9385256847201795,0.23553355396220624,-0.518251144991734,0.6875485386839831,0.1146950817227828,-1.494161657999529,-0.5995476416778002,0.40195671166995317,1.0652812993781051,-0.6611070477487824,0.5827941257136721,0.7387844344362328,-0.0707456102097994,-0.349025239534718,0,0.019721942915388046
-1.1123580973015827,-1.119241873745437,-0.8758107648206087,-1.2434232545820865,1.0720793167651073,-0.0029219537050893633,-1.2201645481667496,-0.7181611364093119,-0.23399809289653714,-0.07619835077720495,1.0623483811439791,1.8979447398903946,1.2907643318148536,0.3549895103420163,0.1468974079280774,-0.2981177648953018,-0.9767645336703261,-1.4638757204341508,0.3078850961857164,-0.7846328268056301,0,0.0011167528407192318
-0.04185507054166336,0.4702493298589933,0.7233588842603366,2.342099249589199,-0.1547699575837028,-0.08292520809404974,-0.8976577528052146,-0.1321122374632235,0.7973851175249356,-0.02544631054514439,0.5640115590467001,-0.2635591009285297,0.2834946520207181,0.5532828744142465,0.8739846062821802,1.4671501156891804,0.9745905796907282,1.2476604500088473,0.533459233542673,1.1888569632972288,0,0.1858789905429371
-0.5352723912037586,-0.39260004363715206,0.004526485209818354,0.14357378382780722,0.45495834381670663,1.752049900925906,0.9184503258722518,0.8243117527667532,0.3050997701309766,-1.4254930640108112,-0.9081890463710476,-0.033442896757602925,1.9890043413481333,0.42351341712546664,1.149106420798276,-0.8247757661852432,0.1085389351759215,0.8371025985824022,-0.3383622794970525,0.2563678235871474,1,0.26313785133686757
0.06572374191515105,0.14032488061744225,0.04286333788506529,1.0942031124934302,2.0825768373832743,2.8701827141215643,1.3379985271787562,0.514057056085055,-0.04515290679126696,0.37540697458860095,-0.4746273291566688,-0.2751982677113126,-1.0751565135240524,-0.574363091765589,0.5793618842346692,-0.05721850917398888,0.18257155297519867,-0.6323904112284602,-1.4029876448784144,-0.21110964224174203,0,0.0007232120359601809
0.7608122913613594,1.3659687801173879,0.1985607760440736,0.6698729595495718,-0.5155903927724812,1.2500533545768542,-0.43596118983418203,0.41922141204022434,1.9197384771321513,0.24917610002602059,-0.47370452377020483,0.40898516611076496,2.634490154280844,0.4534898254215119,0.724620050880978,-0.6467720811160848,-0.7882180456637461,0.8610204063552896,1.579465468742689,1.1733870201151986,0,0.005135418168961791
-0.6006801789779262,1.5935931797164244,-0.22154814658120628,0.38788248994449676,-0.9682072031427387,-1.1593369419875796,1.1233343457222305,-0.37038815648970164,1.2883700045026687,0.20798607817401665,0.8710043610624065,0.14866093049964793,-0.40044195694264,-0.9978170076885665,0.6429262709743552,2.4456070646989483,-0.046811400204697644,-0.04105641900541822,-0.4394289418081037,-0.3540867191305932,0,0.02430324040572979
-0.2911329159262466,0.012242395051625513,0.21570776224642524,0.41752316304429454,-0.900082909598182,-0.9771428832687425,-1.2246371756924748,-0.7221387483529258,-1.9274748110916569,-2.073093423046858,-0.9906547790051473,-0.3614029702975269,-1.5273102198735558,-0.6082251839075842,1.3807409585797235,0.23771795215611272,-1.0661955028414318,-1.159409398926939,-2.1959631086083453,-1.0803710358361382,0,0.020727771982580873
-0.7869574026698837,-0.47184054614352183,-0.22752114549093866,-1.005299796360545,-0.7738670861084501,-0.10626961313218808,-0.8439592534748354,0.687335113614315,0.8979493048408372,0.8970550991308464,-0.4167176868145153,0.9554967027092485,0.9428699133012042,0.520909395093718,-0.06031955995701853,-0.6250293167320372,-0.04348282547770248,-0.16129700175295975,0.42921382677101055,0.4946263174837134,0,0.2432186672818481
0.04599798256819895,0.7645043847097924,-0.22713729996104282,-1.4096899891800043,-3.252643092320875,-1.2523943750501394,-0.5118016661583052,0.03298834199648739,0.8391698154565914,1.2833585164345527,-0.45384607717641834,1.4926311788697744,0.2604037609566105,-0.15813398614587496,-0.15944869434688366,0.23985847039425398,0.8918178097790987,-0.3849057216699479,0.4519000907119163,0.4710766333384155,0,0.13342024727666144
0.1307839049175417,1.1929006592572586,-0.4213179499501415,-0.16976326588144391,-1.2001193615564436,-0.9281939703292236,-0.5424274810536134,0.5736471449121443,2.0693287173671706,1.5608382770464393,-0.3146622611130708,-1.646833280028517,-1.662582684975006,-1.2760493540763869,-1.500237538116845,-0.8205804712295386,-0.030800445253957937,-1.0589469707061723,0.45958354563497583,-0.4702179458166608,0,0.005879953179401016
0.11065249225801153,0.019330141071121933,-0.8578471056463376,-1.8256159235268057,-1.3382328746569672,-1.08254754024628,-0.6956541005772987,-2.1595731668236735,-1.0110361696690853,-0.10098760337256626,1.2849206108865445,-0.10794383435345709,0.9675788743529299,-0.6238635376905588,-0.7115944041063395,0.6854351374064928,1.2724812047527803,1.4494994860123447,1.4876379755516629,0.60191504911039,0,9.810247130765117e-06
0.539512432785912,-0.7367456001009838,1.6739258413745464,0.09082431495015236,0.14635829996096206,-0.986349945964808,-0.6573996645811953,-1.9510946712387793,-2.2682967500880964,-2.421373692361449,-0.6149459757513414,-0.7342405942193339,0.5279359725336342,-0.25484344870913067,-0.7459686047377878,-1.428244657501538,-0.9941204694603579,0.39650532855590953,0.16246831786995125,-0.3399976654978433,0,0.0021916095477311054
-0.08681310913199436,-1.1580024537294773,0.09545781547096176,-0.2611800485327175,-0.9399493532295772,-0.713176052021116,-0.518188545938306,-0.3201500830072026,-0.4650717575519326,-0.499587554915094,-0.20461959500386853,-0.7793774620622973,0.6157682437127948,0.05785972400962082,0.6421487616023667,-1.0880040644255984,-1.5917025904613922,-0.4801871618123371,-0.6650881908461621,-0.6752421374126703,0,0.047606137480755414
-0.04048697629754953,-1.1588660326507598,-0.821154043219963,-0.08447649883759152,0.2490077184718512,0.7635733541976899,-0.5383650232462164,0.47580093489523634,1.6176553133600122,0.9456811882651054,2.119369500130371,0.784989492505571,-0.15873399028726892,-0.06116642741344855,-0.8158707083169614,-1.5269382165822902,-0.12755491285559936,-0.47011110652348026,0.7441675290848458,-0.10411071310135406,0,0.009769363242099172
1.177303924172363,0.2848069096131951,0.25358266315055594,-1.3146049994639346,0.5902913493577433,0.17192239920282426,1.754543768175392,1.083591209775188,0.9844609037215503,-0.6515981888280611,-0.8292985827282696,-0.77488437685829,-0.7985180038081431,-1.0756885077486478,-0.6765708525428079,-1.190618484767819,-0.7994589466916368,-3.2521889527816907,-2.894259929027987,-1.9248671866679121,0,1.5982332028703825e-07
0.43839220792893985,0.6003505942386329,-0.6076473907552181,0.6725413218402904,0.4617041162252731,0.8169116164780851,1.2481341216279642,0.4816831232102828,1.522984444341244,0.7151111550854508,0.07685706860304017,-1.3095716431201985,-0.570516830602068,0.12360012770511043,-0.16490457725221466,0.10028045683180366,1.5753840206984246,-1.2199999262356493,-1.2955246943580816,-2.075338064905497,0,0.00027184990025293357
0.9159786973531969,1.7297708222743617,0.41774904863383433,-0.2928839274158763,-0.6002299656864816,-0.7881235731487951,0.5703605505052111,-0.705342070723969,-0.9778745471164347,0.7766273927821848,2.349166830923547,1.653597905892423,0.20820993451175152,0.20121478404365903,-0.3358178820662703,-1.2904856125063093,-1.4029112393807928,-1.3813998386799136,-1.102290708901378,0.08383126752011728,1,0.9930692304700283
0.25287878083643733,-0.8175029565979651,-0.8289452602624032,0.16111632910616772,-0.5198071195864173,0.8034824970397099,-0.3186862706596125,0.6141428343558768,0.42426123359331935,2.205418660625382,0.3987099050773984,1.2677956587045924,0.23058777968694869,-0.3251055838505567,-0.12862153264917042,-0.2884574748159993,-0.03253356312524063,-0.6237172459617544,1.9195594633075184,0.5629641533024299,0,0.014251279799665837
0.16252938402908199,0.3941004121050507,-0.3844617831207876,1.0970160116291785,-0.22227889540343254,-0.04086877577677579,0.8617435024546976,-0.2646315899783082,0.3518848246675363,1.3525284985342565,2.7574252212189347,0.18580011997173718,0.04409855134387871,-0.0001924695996634158,-0.2502570940781961,-0.44721759196170985,-0.7707847092773727,-1.497040946503319,-0.5737052597371199,0.05681611986539495,0,0.026131060458586007
-0.44683652977864147,-1.0062250891578652,0.30430486751073615,0.5644442674532894,0.725040076143924,0.41741872351119236,0.37229292096978567,0.7422610347221947,1.0912466763530257,-0.5682578515076483,-0.6447071002791626,-1.6478194840285414,-0.9592443514601335,-1.360730879275578,-1.9187013072330215,0.32859684785021726,0.32643458508145606,0.7090162417999191,-0.2439374001744104,-1.793185699417943,0,2.018255744825734e-05
-1.2259276849194003,-0.4390789666823674,-0.12228042223239487,-0.21630723234555235,1.0872751605717332,1.3331040368115352,1.1484058997243827,-0.5705400582078906,-0.4099491793126936,-0.585575769158836,-0.4519635911252087,-0.38167567005234304,1.0716602282649537,2.3651345010389715,0.6169250159270756,-1.0626906710597812,0.2335081760824696,1.9402851174615978,1.0941302181754464,0.7742466688373872,1,0.8391801760112467
-1.0909017077755325,-1.9438732622411292,-2.0636425856120244,-0.8765557820280065,-0.48535463058863604,-1.3539542580601698,0.11405944315570216,-2.0270805804207104,-1.157280445257854,-1.3358557880890527,-1.4506968719971094,-1.4233208257718741,-0.3733985587015227,1.0552887027000852,-0.011044329129893423,0.28518510822381393,-0.0894742490270762,0.6031500976776178,0.9644487635310922,1.7197987270304191,0,0.001082619088168091
2.211845191288851,1.5585215105735573,2.328558738236559,1.3939821201582532,0.6738101364580129,1.735100020695507,0.418066468019529,1.450148213918254,0.9271614800909707,1.3248784634669568,-0.2603454033820163,0.5341422480440529,0.631553514547128,0.4731368414344871,2.0533050471520555,3.0551044057164303,1.757478649247418,-0.6390295069299894,0.9982227845141738,-0.01332493237359422,0,0.053076958009842086
-1.0575484921041605,-2.0416439233108665,-1.634120864800527,-0.9904552258204696,-0.14483192655738822,0.13612982881852728,-0.9118139945449594,0.8133414371392016,1.1965920017270648,0.8040475680747345,-0.4641816037921107,-0.6800040526997335,-0.7309984696669061,-0.812998396087272,0.07994253785828373,0.5344444709805268,0.40105609476708554,-0.2764936105760537,-0.8256092419218611,-0.8708347776727596,0,0.002384422836429625
0.3091296584406756,0.6447268537248271,-0.10571174246395479,0.7193572892904857,-0.4118250417472799,0.5774075521698219,1.0069870306137703,0.7843527880010815,-0.8106863024578352,-1.3926181439188083,-1.2691966812240918,-0.11034280376557759,1.5149724148650436,-0.16290913206323787,-1.047137945914675,-0.5641762698398702,0.3510775095639587,1.2642630381826439,-0.03980683050653183,0.7423070013231069,0,0.00029156032357397583
1.05900510710326,-0.10588212548701983,-0.49551661326104046,1.2781205920380265,0.4013461022339528,-0.7292301321500433,-0.89777391571496,0.31196503706807266,0.9293365180681005,0.8639469990710115,0.1538877643670174,0.1718797185499566,-0.37895527089822967,0.5670844613395584,0.40154962149764406,0.3259914318132075,1.0595626768599598,-0.17739972747284993,0.21940916787414416,-0.11231491961243363,0,0.12473675818301243
1.4268984153330002,3.4111500883451384,1.717084297156884,1.5366879965680174,-0.5203890543837858,-0.16822638666022086,-0.518098622247474,-0.7628288245723281,-0.5143908788940601,-0.42367285831084195,0.2966402798258382,-0.23855154146406382,-0.2732565682728484,-1.131289111220569,-0.40131891080323584,-0.2761767975303302,-0.17363534079936765,0.5856939828981743,1.0876207958852604,1.0310464415242269,0,8.056724853613627e-05
-1.7532655367605388,-1.2621012714012623,0.3999785707514661,0.02305023061445719,-0.7978251981885948,-1.286092951968585,-0.5979191326297861,-0.10060486787421033,0.9376568826579392,-1.2782278958098083,1.0842721481411974,1.3620714795927038,0.32069335423725404,0.3790303386963071,0.515507140717186,0.5888214754456893,-0.27104960178824566,-1.0763341349566515,-1.404785770013443,-0.876389491920142,0,0.0005095413560862276
-0.9989694697487091,0.2656760665557277,0.6133383651377561,-0.9325477944689693,-1.207995029143437,-0.27456046312181775,-0.8633854152663712,0.5794625475230502,0.8504733110198563,0.43469432124827434,1.9038177349469987,0.8044628609612886,-0.17223955115391312,0.8857022627790189,0.43277022025401135,0.1416635281923739,-0.6620514522746679,0.8180675247573586,0.08913405060246836,0.5188993663678745,1,0.9088329065398739
-0.05607654900581252,-1.1883058860384907,-0.24278768770940176,1.0574290155597996,0.28496194250862794,-0.4385628546730059,-0.4041505788519777,-0.26103806889084397,-0.625363728544555,-1.5440112695416954,-0.09097520830984632,-0.7477469304652036,0.39942347916058146,0.9558539730811207,0.13775339683270327,-1.760895300368133,-1.8599329223350047,-0.7098856438465142,-0.9299535196625619,0.4509465486682258,0,0.017609355919896152
-0.031003621892107307,-2.320692355250107,-1.1234797745385179,-0.76463084979247,-1.6994585938727897,-0.15065531413527938,0.31462078279266753,0.414805717369164,1.69776202164271,-0.01686773972482058,0.04924424467975513,-0.6095109418185577,0.9170144245114599,0.13162144255289138,0.03294126244841478,0.3824208558289148,1.0039678085935282,-0.44833895817199015,0.3095014118636032,0.9865359138914703,0,0.07036540756567705
-1.7618611665091348,-1.5692372326873807,-0.2438758086596796,0.7407532634548222,0.6416763440370568,-1.04756762173173,-0.5903974456382488,-1.0989976528540486,0.9493286215543522,0.1364875442232321,1.2865361206974928,-1.0919759329030572,-1.3373877424589289,-1.7474924916113628,-0.4287221712754435,0.4674519837115809,1.4003769845255607,-0.2511847124496109,-1.153557282046451,0.3541612256486072,0,2.871153847344738e-06
-0.3206187861164501,-0.30558082979614903,-0.4496887645055197,0.056767280889307464,1.1924213046147947,-0.6697396643849821,0.2808432545315466,0.08559033402201542,0.11351852731451065,-0.7882585098980643,-0.9529187917210038,0.0730019269118342,1.4650152456729126,-0.07957813680324896,-0.049404196940146236,-0.15665958986092712,0.32465953639557493,0.9564109445189526,0.6583108367759913,0.7448205337226548,0,0.013724937707670215
2.571747158945639,2.638620239977672,0.9155580599614708,0.2222167787257509,0.5784520872878901,0.054437753356267236,-0.7433750380878461,0.3221471687235648,0.5602547388993186,0.1700388931104164,0.5996712671799258,0.6326396224739204,-0.36366538908616225,-1.0581138147148417,0.14823562026644743,0.3812185478364077,1.3641084741668712,-1.155204889867661,-0.809673872897272,0.8212674819428939,1,0.8723546825938239
0.21414301612766634,-0.14203340203037534,-1.37783381058032,-1.0084710535151904,-0.18453122546626705,0.6446153951795027,1.1055154537117233,2.70134954156687,0.5723980420446941,-0.8610636623457726,0.658507155547699,-0.9417265748564909,-0.32517628644785057,-0.4278259438083039,0.5726342245299944,-0.48305849867609313,0.2654091314162123,-0.4658032746783914,-0.4322625393606758,0.15736717141988119,0,0.000606027113695848
0.7616362552907907,2.3988249639201267,1.9286601573342903,0.5899109087845827,-0.5987234837215246,-0.9243660858868971,0.140774343060103,-0.12828856738685052,-0.25117108907167945,-0.06328830046881238,0.606951593872984,0.1137172623932774,0.47024797517842376,0.9769921563667248,1.0223669649844642,1.2667614496399793,0.9580674536877224,-0.991299244783593,-1.320601206165726,0.07330227221198402,1,0.8809119750868609
-0.5864461532985084,1.3742888350768154,0.9868900390184094,0.09918744245970289,0.33769250465319534,-0.6833879190921818,-0.8737479968243431,-0.843769947237963,-1.0889142713737698,0.015111403321046598,-1.8808195869544997,-1.0778989867349946,-1.2134403769386166,-0.12125634835809644,0.048206141428166024,-0.9546737555565433,0.10358004992612772,-0.5579192892939148,0.30362252225336667,-0.5187294092694795,0,0.01046155038832662
0.10352274290753945,0.27470058576559814,0.3444362587870993,0.38269267394692463,1.228083236978878,-0.3182744073201096,0.3900159807077118,0.31086988128063014,1.3369449814011791,-0.6176264415361008,0.5580981911448658,0.8715264443552103,2.332529693986486,0.6836981391610916,0.3910298378664849,0.9239476382830489,0.3630603271851357,0.4974778937632365,-1.1764499999784166,0.007120574253032839,0,0.4150659875152785
-0.05255847135537896,1.0083975894427095,0.09474506551374323,-1.1417561739037068,-1.7385454242230167,-2.348717958162989,-1.0195872778890076,0.3814562925130956,1.467701004190168,0.5034936797795116,-0.048066220330516864,1.1459423945611857,1.202858704795054,1.4154691004707676,0.8934879712808786,-1.0310019224906566,-1.103139422542372,-2.1235398015840814,-0.1982992920892081,0.9330098290346496,0,0.5270464278717162
-2.5699484394380874,-1.2563859122256085,-0.6290280574756042,1.265264264925808,-0.4320954243472837,-0.8544836458612215,-0.6679984545394356,-0.9000577690498939,0.3684964870103861,0.04752115197587572,1.1144299609386716,0.23816272062123314,-0.8526794691656008,-1.478332472669856,0.05391980103959556,-0.5310523408262042,1.3921837211941999,0.27952907358075435,-1.0780513360176363,-1.0832455487129884,0,0.0005316546349079586
-1.1150820744710233,0.5905384046277514,-0.5744274298984355,-0.8071214357526092,0.1931921571913188,0.6054546132891251,-0.28500156139229826,-1.9610623088301287,-2.089786982278702,-0.015074630011851022,0.357390459450754,-0.07874918182593195,0.13826069083068812,-0.5852697057926515,-0.21017407144309302,-0.078752485606554,-1.229380680957535,-0.20106401314518685,0.13476961303483398,0.2176373013474914,0,0.0004772613470301168
-0.08965788203689047,-0.5983604503703048,-1.1346818612073237,-2.2016531453549164,-0.6285773143981057,0.5386012221093699,-0.01392081212778337,-0.000326870721822159,-0.41779326786502924,-0.5671376398385949,-0.3706309597098662,0.5403246860519649,-0.32468415134646805,-0.4616208993560858,-2.182698102897902,-1.3635134757933534,-1.514338723326261,-0.12859379219472017,0.9559327731895865,1.8087169046566745,0,0.00022203788564107932
-0.03975778078881242,0.4123751797398926,0.37192378625712746,0.8922586840663707,-1.2733785692389754,-1.1566032391215915,-1.5864784436846016,-0.2963570473565539,0.15694908445770556,0.18985577276461899,-0.772970712215753,-1.4806834840027785,-1.998918283619427,-0.07708930182039082,0.2607584561764261,-1.27929535413477,-0.5490563241299146,-1.3881120903895898,-0.8534671881806926,-1.101016198951365,0,0.010157531801792054
-0.5638712437095593,0.1388574670623585,0.03117847056911013,0.5870455255373599,0.20181528049052314,0.015729193779035543,0.3254792828294668,0.7649109795714287,0.5276044605673275,0.7618001349435504,-0.1265178025796556,-0.14125682070962758,0.9013288520207356,2.263007243521924,1.6096126982463383,1.4935263628801365,0.4763055535136731,-0.02872939676561319,-0.6502254138552863,-2.2157248731937047,1,0.8318803309967497
1.7158914867503112,2.564529831793334,0.9356407847401064,-1.103663680640215,1.2444717061205401,-0.22002390220956358,-1.2622013149372577,-0.0071439528719831,0.6634835056054431,-0.6526241039529656,0.245462172098328,1.1215960873040816,-0.18297477659566821,0.16702734838624697,0.9819254076519782,0.830269289552812,0.33299626688065,-1.3439461684021436,-0.47712526599895105,0.23277542741981105,1,0.9905225523459678
-1.4966287008044719,-0.19115277959198876,-0.3380058454091232,1.4036360044471148,0.35904135612857263,0.3484118133990369,0.30885944118611114,0.08419578673629295,-0.7644665207345768,0.21985079529738472,0.9644676852739857,-0.3734017193422867,-0.535070808058281,-0.9727055606301721,0.2635664881346241,0.014294313573770336,-0.542374917035196,1.478944758926794,1.6584632841431106,1.3693601084014508,0,0.7522491781027637
0.9133509269290001,0.485719394988697,-0.17512503344104394,1.0834478739288158,-0.047967680295049574,-0.2607192452221933,-0.06887788201724374,0.8003201569562886,0.3851276190426188,-1.3893497842251168,-0.2418072415565019,0.2353213598447727,1.7405495870872192,1.2036275427083616,1.1165925151810043,-1.7586151803925023,-0.9673790288221508,-0.5946482148515688,0.9361674442961986,0.5211497418317979,1,0.38878052472577423
0.2791529826174165,-0.3988279142251463,-0.2570030270504484,0.442910944277817,-0.9122554327177482,-0.18777739498909155,-0.0743573535005403,0.012135636806664574,0.038092761833522074,1.5335960674075149,0.38750632124454454,1.2480606832284589,0.43129229521366097,0.35828515826536245,-0.615130597161635,-0.21138845312424576,0.01586153449217272,-0.9563706225735463,-0.7953139783255659,0.13531590839877874,0,0.19829211823113393
-0.25329683468579345,-1.5169383395322757,-0.5058104227276277,0.9677609726731462,1.2069446947833236,0.18070301774460823,0.05801125207756981,-1.83017392379688,-1.5495525473050296,-0.41883592382299784,0.630553968152265,-0.6929760010136261,-0.05460848583924326,0.5529520816295092,0.5177325930817112,1.88424999823016,0.9752433411052356,-0.2822836464752305,-0.43435072756673904,-0.0803194153567157,0,0.05004764184395623
-0.8994525654909861,-1.8182755449154877,-0.17683830887737464,-0.13572072258297874,0.4174755033032366,0.7953096186943982,-0.12441356798993994,-0.9870845570431057,-0.5314711985499593,0.24307127003229317,-0.7489471035730715,-1.2711031284572145,0.22197828424302726,-0.19768088010677504,-1.2387812414983013,0.404936641857683,-1.5097897324552751,-1.219293039319162,1.016789087884893,-0.48438216943415136,0,0.001194690734227454
0.05946510882753303,-0.5263125412898282,-0.511593595167162,-0.6950214141824381,-0.7101163212265125,-0.11235274336697659,0.7885732584346581,0.18366049863450107,0.13641097760348686,-1.3357464027944035,-1.4131170413076857,0.028994925651940763,1.4671622786754992,0.8458551597239313,0.8711263335175586,0.4501834373366652,1.3969415021381024,0.2766184880020078,0.8045649597972603,-0.6018969590983207,0,0.18313622648315717
-0.26495641753768445,-0.5237558890122405,-0.8440524955752361,0.04664378468235234,0.6930891824184452,-0.18023851707569152,-0.10279246460660683,0.31832921741577586,1.0369668384725206,1.6479551884297616,1.7374030795661668,2.1398824775035994,1.150578595732235,0.4240851720329399,-0.836721534817372,-1.4869832749277903,-0.9137794904309785,0.41485233760395607,0.7910234398038077,0.6220916793075444,0,0.012711114728485908
0.13938933104923795,-0.46072379752995385,-1.47654831668256,-0.3200444012699942,-0.39393498040426406,1.152259560940574,0.2539999056873772,0.3949179547895691,-0.2346763011762317,-0.0048554070595437536,-0.9014454556284377,-0.6875557376741522,1.0557194400603112,2.012279354354855,1.0474015538863832,0.704739123393278,0.37554256166817246,0.4797198545921047,-1.277945659447632,0.3074484646509226,0,0.2734755425729033
0.6294397487556675,0.31797960524300134,-0.038146457886044545,1.9708368909996152,1.86059476325233,-0.7225863093626772,-0.07662348160062794,-0.37188885252625925,1.4646177243991558,0.6512606438299569,0.6493478458306935,1.5446298573491273,0.8325048331578974,1.2798364369296191,0.5414073461862169,0.0023964798767187436,-0.473730284132805,0.1839818724688509,-1.779037341737668,0.7541486745478614,1,0.999754241859587
0.5416031654785237,1.520547002063656,1.3581710639425877,1.4462973433520043,1.586096314797147,0.7911629692487291,0.9115015937032624,0.1238269162521976,0.04103680762750761,-0.44108097816735825,-0.9202279321577153,-2.469691347490193,-0.8114146749161069,-1.560775144163292,0.07164514172780341,-1.095919387780435,-0.8740581694275432,0.03498258057110279,-0.1280357548412341,-0.4316241691368863,0,3.817277013881871e-05
1.1671886413325328,0.4922780373340202,-0.2387731521140384,0.08796244663778975,0.9268389099940209,1.982225657122393,0.5264332669880625,0.3092890336153054,0.37044848870223734,0.4779317841284874,1.634660068629721,-0.7179740469398982,-0.07643805356648023,0.5208376937998396,-0.6372545550650144,0.3141509188634454,0.8858747411475725,0.6145202144763146,-0.11704829088685773,0.1811578570930732,0,0.000391078514633919
-0.9443327790519573,1.5538588752128648,1.07674159192825,1.4195806769754502,1.8163808026074724,0.24146506214736513,-0.5908628600518555,-1.3741858825074305,-0.8258162785009624,-1.4002576709612746,0.21620836934948084,0.8012488751834731,0.5714458427566764,2.2269034467371025,0.06765191035133686,-0.017658118734566564,0.8271615175281518,0.2871679677102428,-1.7605960464821349,-1.4850249649134197,1,0.9721749388919394
-0.5504491597385307,-2.764195495561138,-1.2308179922439297,-0.7142447024414024,-0.43460066529133395,0.8354286155545999,0.6799910237030112,1.6610736239368455,0.18084589126726444,-0.7416229617836084,-0.5280719746577833,-0.08255110808099016,0.9821419330925591,-0.6313857922474307,-1.070243176990513,-1.8005516623919036,0.3948127660899902,-0.23726775221328106,-0.33965381190388166,0.9343928722863803,0,0.000542181701505359
0.7900661018095558,0.7181154322079917,1.689933774942263,1.5289970476509374,0.7995162795925137,1.2339167969028912,1.051258923895635,1.5191901790415296,1.5918838407882432,0.7641496347670502,0.42118143000579067,-0.13606353846503563,-1.9855556365803857,-2.1455238706518656,-2.5669393616593155,-0.7750129922740178,0.4416011180384699,0.23141790294347409,0.4513157729765455,0.331995166809135,0,5.06315121762224e-07
0.8983829698935254,-0.5573769361375376,0.1926704471848631,-0.715994006060139,0.8176760310363205,0.4432987276898435,0.8629313225969943,-0.2371090802261978,-1.7991329365628643,-0.7455500558582929,-0.23308457352278453,0.15448313513416512,0.25723264114474015,-1.9926868469004915,-1.3804911429178932,-0.6105358245808803,-0.1532310265868612,-0.8812985101729661,0.673709718233038,1.3281435690241705,0,0.0001754004815324848
0.6025697988385689,-1.8607173309481055,-0.8514563217705273,-1.5215934737483152,-0.9743242718736075,-0.34829554507645843,-0.14983444600673793,-1.0839065513672383,1.1697502590050832,1.4198633074728388,3.313601740811565,1.5961433034904013,1.1158396438584632,1.9104731579069218,1.7158432584535332,2.1425791240589653,1.6435099767110928,1.9734714330661896,1.580262039923967,0.9427609493413811,0,0.037371761491443826
0.34411954117198545,0.7079634392617221,2.1273741037001983,1.560384781957786,1.2747746601930197,0.023480649028894723,1.56045422490159,0.6593027879279796,-0.22880774494919015,-1.322136403659248,-1.628307083836803,0.048506696959027935,-0.6738164205611443,-0.26726723998493845,-0.6513185048623484,1.6169344888538004,1.8286774825677992,1.3223468703634629,1.011535133205213,-0.2988604171077092,0,0.0001022697536441903
-1.8900610189365665,-1.3561586035883333,-1.67621887167632,-0.8656829168193108,0.20531238712093267,-0.9574760389568949,1.2458009857485797,-0.16803648254926729,0.6079117741391448,-0.0037579328445050634,-0.409070859727382,-0.15810591275524233,0.6871200257570147,-0.8136138764488173,-0.4380435034526059,0.8631912705302587,0.7257362746338734,1.3166101477598549,-1.2185188983609607,0.17556119513750393,0,0.04065912754310649
-1.9164054126193508,-1.3205383445044463,-0.5852562444500503,-0.40963432782517645,-0.725837839570906,0.2171456557973826,1.5401402873720853,0.6949248097124708,0.5271078879623537,-0.41282693368854473,-0.9908807406392647,-1.5697774502234054,-1.4400807143099181,0.01446838334806286,0.824395793985887,1.0917307216256895,-1.4153042863142595,-1.2228427209503125,-0.7291119547835495,0.40928036459285233,0,0.000422583164257093
-1.7661270366601876,-1.1937900733012523,-0.029379498217016173,1.6023488727921704,1.9685640284248185,2.902224901089637,1.821323292162058,0.4644838568022696,0.4297811280507028,-0.16105743059799307,1.007587710663226,0.08065254373576232,-1.034685522155419,0.6393272532894178,0.04998776151124646,0.7417477368097216,0.26917585796388116,1.8251549435113512,-0.5606229280417894,-0.44149333828877413,1,0.908699215197463
0.5647479001085333,0.017952584622594758,-0.9117931226251659,-1.222181209949941,-0.20746981181041227,-1.5387102756736668,-2.573565112466554,-1.4103210449511068,-0.5099462315500235,-1.9690939906802043,-2.6357146640052123,-0.6036245630193767,-0.3639787998679404,0.054180512426500675,0.19383552941865562,-0.22847105538682683,-0.04605354641087903,-0.810442893637404,-1.0920798044324926,0.2017873127197125,1,0.7173402196728914
0.22244329769774737,-0.6368705417866677,-0.823590693553909,-0.8923947410055894,-2.1780456085860536,-2.4440961757230775,-0.4741672422977876,0.09237899153767291,0.6793393475910547,1.1948758219219693,1.3531827309619338,0.3415867513074558,-0.6638731926189474,0.13183547962122916,1.962475835011317,-0.057891525061637444,0.0714540059112364,0.1905793725786237,-1.031984724337436,-0.36967192041428104,1,0.9553793335172898
-0.26114155619530266,-0.5093549743160174,-0.7765028609875889,-0.29994082144664863,-0.11029012743965151,-0.8637422896050683,0.010585928811583656,0.5985930262374062,0.30380672319496077,0.5367483374540624,-0.9755875083280179,0.1300776185366363,-0.6594306370517592,0.9266092210572394,-0.7485456413435337,-0.364083736938872,-2.587033948296654,-2.3071396445797037,-0.4147313200400251,0.23975420330612057,0,0.0021495282698455963
-1.0171046369269683,-1.3581023116608146,-0.5606982687309582,-0.9727163282974618,-1.1636572744940783,-2.5568965995803694,-0.6247916497303148,-0.6093547498492631,0.45531634667980053,1.6709413145736791,0.9898979445051603,0.04997904294780647,-0.7056486570300033,1.2724650751406608,0.5591769114119978,1.086554237131307,0.4560848802445879,0.8314867710166196,0.751385483217063,0.8680195675957447,1,0.7593050371221016
0.41437993423447567,1.2838329442129999,-0.1526972377086137,-0.24245320264268835,2.3258340935276447,1.2901922602759486,2.1680216418286213,0.8145885552901485,0.30501705705439897,0.954523580682815,-0.6288942534747177,0.4515803329414252,0.2973586367935251,0.35939424774257356,0.2176675545210086,-0.24335211909872576,-1.9665445111827273,-0.9151685728716008,0.04291421669447193,-0.537273451056045,0,0.009874128854315887
1.1536232686057555,1.862458701149896,1.7610373880830972,0.0728041347196423,1.0188937766581987,0.0954071238900358,-0.9741040324339715,-0.5464960329015337,-0.5661130990326675,0.8868397707867915,0.10480054179782387,1.63471859827765,0.5118314357917219,-0.49881572596081203,-1.3985354416228355,-0.24436700919347212,-1.0906327040430421,0.22824774318399407,-0.9856126493962242,-1.1431308016609698,1,0.9048282909339007
-0.2560834193751633,0.3566267431294038,-0.7516094048003735,-0.30583746635666215,-1.0296161432234476,1.1707147259712027,1.6869466487808846,0.6834525053164273,0.03900031479543342,0.9823203063551165,1.8912834482692098,1.7066210504973853,0.6636002071423118,0.03618323438858801,1.056676944369841,1.529459280317647,0.7309594542830797,1.2217606006574167,1.3412364153494087,1.4169454256858702,0,0.10277316834258098
-0.17492674820349657,-1.7974825144832087,-1.0585497672919904,-0.5941844037393214,0.4459005700663333,-1.0799923835325909,-0.7490808727831465,-0.8384873010735162,0.6251971616280259,0.4998136964657162,-0.10440877223747505,-0.20743056441098215,0.27506181120046597,-1.0015681934368306,0.3404310025783681,0.6381283781250117,-0.7649417331552956,-1.009125765795692,-1.010480159980103,-0.23535189721604502,0,0.014217662694044706
-0.5689194263343313,-2.0597052089937806,-1.2375583284723453,-1.3712914012322075,-0.7313472160213483,-0.5898957053375661,-1.7234278961142633,-2.799508486337014,-2.61861992566996,-1.8531303337114042,-0.9689823676395108,0.3709568104350729,0.7044510967447225,-0.8793117647086228,0.7401772082006176,0.12030181420828881,1.4572147164776985,0.056966983998867765,0.0734323255392681,-1.3342493189614721,0,0.04258366813609741
-1.0478228190615806,0.10082046637162399,1.0350089298204437,0.5876149651532521,0.08900441827663813,1.139361083771411,-0.7336215895452302,-1.1073443926238107,-1.2333145424144831,-1.5792089598498085,-0.25207588621602234,0.24132316382058214,0.5325019760703805,0.8516976313657624,0.7176362972706691,1.3241089914303692,1.5076279215162571,0.6672789597156278,-0.15421778413529588,-0.585628819629388,1,0.40080015418819764
-1.9431602378701793,-2.049267002366916,0.10538700915660174,0.5743917890646489,2.4816454826084384,1.007540468385484,0.2551882339783211,0.8621828016393808,1.6581536832532227,1.3855094946461275,0.9030061554743892,3.4442833187419173,4.006042096923048,3.0267147317331586,1.0964717619236257,-0.2331720097316158,0.47845674694892304,0.08950442992575838,0.9981986584485606,-0.060640723109719075,1,0.8550811198645104
0.3649261668149135,0.030435463324193515,0.450324596445176,0.239137049886251,-1.2698784640067085,0.600892928225009,0.6378532127627148,0.6619486086090608,0.8618355492287209,0.5019489768544889,0.31297174675726114,1.5818557489330203,-0.5571663446652717,-0.37699421586036086,0.6203896600008304,-0.8943116721162916,0.10235621026643958,0.37292684775562196,1.4183265016915023,0.3422630653791883,0,0.006724876039150758
-0.4410059088043873,0.0012109491328249837,0.36442185809674177,0.12113398308769244,0.019176891763269466,-1.2069428789763816,-0.3459150982684217,0.8516022153321513,0.9004567374990528,-0.06796688488524526,-0.4985664441864785,-1.4516915380152922,0.8758684462578115,-0.7492334790075469,-0.30963860127177867,-2.347697548989681,-1.75125655784654,-1.7823985442665748,-0.9002886284751259,-0.6561249534633599,0,5.0416383330833547e-05
1.053054770054333,2.5631722761024376,0.43094551264771613,-0.7077835310627089,0.4763672538601657,0.7675676421311625,-0.278066863166743,0.030117769737851463,0.0013612337178931558,-0.8991043906629166,-0.12007566859932167,-1.4056120710489302,-0.1770438731062405,-0.12876158679913757,1.2945271963026137,0.9884439646480274,1.945537208576839,0.5280523609303467,1.8086321103604914,2.0769697279791584,0,0.005741862534979624
-0.23198260732715217,-0.31776698408325893,0.3249038073691979,-0.9041726836945457,-0.7307381438072766,0.051195166558135365,-0.633506703019062,-1.356143385371135,-0.11326338848648107,0.5442915103930592,1.4784383161652632,-1.2703392786573966,-0.12827146564534636,-0.21317000988792878,2.22310268288484,2.1799125526210847,1.5695511368881179,1.8264997879749585,0.5905755200612114,0.885301540831822,0,0.0780196912894177
0.4507219994782648,1.3197516612751534,2.6797007402380593,0.3710667176282144,0.45454644587521753,0.6498654851426192,1.4800526879802802,1.1013049559598425,0.3719064310095019,-0.4917523558377067,1.118021667593141,1.5517584412940617,1.0194459524754254,-0.3166719599568023,0.52748682641076,0.05460038300480776,-1.6819244544560212,-1.0998593592740782,0.23130307079356036,0.8277371479991552,0,0.007840613315847086
-1.0225434613098885,0.09363282876535041,-0.8984350588221113,-1.6064843981634627,0.11290169242194978,0.10984113881235777,0.5517140391034291,-0.44934703941003123,-0.21891092915201082,1.5438957845393833,0.04722957129777741,-0.4453606151851221,1.2138883378768368,-0.5612340683721232,-1.3373765922871426,1.3494467750461971,-0.16441873195441967,-1.0621580463598177,-1.5551089530703182,-2.4375634316107244,0,3.941862511671676e-06
2.00335154606337,-0.10769783297321434,0.6043478630592556,2.040037424747545,1.5523925930867566,0.05310876793090841,0.04361083252202412,-1.1276565389463946,0.5063609252706945,0.3353947084304074,-1.8491009309290263,-0.8623983200663403,-2.9965295513289654,-1.216490240427263,-0.3099913177171918,-1.3743985359207933,-1.2799242399506414,-3.3238385837987448,-0.4775953458539653,-1.2530877517614938,1,0.9998360911484275
-2.265187733323389,-0.9208133962749206,-0.2686123368520798,-0.24411282559635153,0.6230189104142162,1.3324434556463958,0.7087361590822688,0.989690150496129,1.3075357992384842,1.6051612742024455,1.3937804922297956,0.17026092893588066,0.11254980038074335,0.7679828982959569,0.8436322683962202,-0.720716590725526,0.5180333415435848,0.029988921296478333,0.6397256713142871,0.510699185224429,1,0.9937192456247029
0.786586980152927,0.7329923859402516,0.3256868845510279,-0.13904065812742208,0.4505769210502871,0.11046855351026125,-1.7556702325201827,0.3184387698626425,-0.28418573551305276,-0.01656491724642856,1.3884447104180186,1.162736594604852,-0.5918140834927118,0.3839787724025825,1.229137663184504,-0.5706052928130246,-1.6982745951844491,-2.13202196886767,-1.7572127843305712,-2.6579782397569294,1,0.9044391690768849
0.6472180887894494,0.4909491358428583,-0.1253145135806713,0.7068443747087838,0.760030549850592,-0.09696361357474009,-0.38586373279612945,0.9454691418389188,0.8441075254333344,-0.04713578880357468,-0.15359722142410284,-0.515289821500755,-0.4362709497601231,-1.3073223561576,0.42030239606687986,-0.09247828589198419,0.9132942416262603,1.2535809522724568,1.8364861493464177,0.6375491894375593,0,0.00027286253784849053
-1.442730741968998,-2.417646868564238,-1.9637169002783408,-0.4675632763632421,-0.37791707995115303,0.7863034861847621,0.11922079733336655,1.1602221373983839,-0.4082873042965388,-0.41116470620279777,0.9976800152341101,0.8318805561418324,2.0735551016142817,0.24340160890413687,0.6141085914761689,1.1303958561643594,0.2429736800861887,0.8571337770397709,0.1478953277348039,0.689787376031491,1,0.9379275592585187
-0.7544496462735517,-0.8021687528719949,-1.1728094566009704,-1.0884465891918342,-0.6087537082456679,0.14078682363585407,-0.5768256256119564,-1.8961669104760939,-1.616130563590981,-0.9715090088462027,-0.37560623893042044,0.4931523012229059,1.591261212144296,1.5159400149366573,1.4509361726841805,0.9395586244513281,-1.5642926288256163,-1.0782227910820528,-0.14718012325262478,1.6344909673016261,0,0.40827805429744624
-0.8713851654263599,-1.9413094630786176,-0.4148415454328009,0.5054492013274848,-0.9448456027986303,-1.143257224734443,-1.1952261803152753,-0.723527118238989,0.04098916946671162,-1.14455873736271,-1.4990840028011814,-0.9777796772498857,-0.4171091425450121,-1.1187456174563437,-0.5220959582813905,0.36825632808187003,0.1221425183069998,0.917715487046385,0.08488837600224297,0.02099710612741633,0,0.00281337065451998
-1.694254415863519,-1.049030312879698,-2.048282169412853,0.7368953546350939,1.3638401180705806,1.1968154498494212,-0.7437056298192432,0.31379699388219834,-0.06512436935983416,0.5635688690203454,-0.6721933712208426,-0.37152709757598207,-0.9193489162702562,-0.9022365321896907,0.04329593777395215,0.5765658972289779,0.24604033589266944,0.5968857046202627,-1.3604119793191913,-0.9089012865346857,0,0.004467847512825816
0.5905735150984401,0.8101185412524325,0.4921879109919284,-0.06220996905378009,0.08749236540822285,-0.2035090036283833,-1.1563038654963183,-0.6235692164119282,-0.415797584326757,0.7280511443854708,-0.23485610277495486,0.5485501464374714,0.5498153115889535,-0.14164128403034748,-0.9643483671368568,0.5161407963166253,1.170018473546796,1.0644383412825318,-0.16391085860158475,0.1516600161240359,1,0.037206944664844054
-1.697609358791835,-0.6897661891315416,0.9889842137195927,-0.6407475342497647,-0.44955612154217756,-1.8677955203935905,-0.25690445748416824,-0.4400342133106795,-1.396948099668784,-1.5420047106111296,-1.1123678945112263,1.2277073610379,0.8137466438852522,0.2790714986546475,0.5138991728726342,0.5766885826430423,-0.22613208480380928,-0.5940243574605806,1.1499143009202881,0.37284694200992796,0,0.010575138035745134
-1.226552782902254,-1.8413121415341593,-0.6175443261983702,-0.5598988013272574,-0.7275199876906018,-1.3864431259440344,-0.23483826069019745,-0.9451474312626112,0.23810801857435432,-1.5142329981720326,-1.2630649872868334,-0.30636760993537343,-0.8527210958976877,-2.1636282839924483,1.1206732583141388,1.9615481091021365,1.5636155093430444,0.38122917443058424,-1.225560056337604,-0.517162856594951,0,0.006629655017580237
0.23798058427121738,1.058344915111915,-0.10331146884742308,-0.42829524375650646,-0.19692045558201374,0.35883824381176366,-0.27054194413867205,-1.1733399684784895,-1.4197345084801833,0.04330464087104505,0.8025679400661528,1.0099558023017365,1.3981951912834638,-0.23156288024019564,-0.18622482572565724,1.6911197306635808,-0.48346793795065046,-0.7512044132877465,-0.05110118464663467,0.3979325687370483,1,0.2221588687041035
-0.23434197188420225,1.2796761697868828,0.9899029635171636,0.6639595938009624,0.10294284076555746,-0.8771390403201191,-1.926309850298055,-0.5323433700262233,-0.24906370981726933,-2.2951269342170018,-1.1070047859906609,-1.3326044497580762,-0.5204568284376072,-0.9942312641698853,0.7164750920945113,-0.3676246114612203,-0.7414502981021088,-2.374175162178847,1.1284244082625219,0.37323269360439265,0,0.6132500424624392
0.9915985535650099,1.1678978009587544,-0.2105911797179457,-1.5970691236723908,0.16698960104286573,0.3605782860117743,-0.6576916135525848,-1.352255997810122,-1.383234912997005,-1.1857443128822014,0.14346725945614014,-2.090186184624008,-2.2583365925646954,-1.2567760641026477,-0.6040228769720274,0.39010893654694717,0.08863229721572352,0.8151247338046764,1.2777898817659965,-0.026622991383681897,0,2.517024326036512e-06
0.04590874192889599,-0.4392507345963721,1.0217730327183876,0.9569454636614306,1.3170202716220487,0.5575399646721939,1.4922918114362664,0.6276273118755428,0.5700623897822118,-0.24907904157376481,-1.2823703154827923,-1.4722873601164692,0.6174757728418243,-0.10322332580494352,-0.7625736514816756,0.6571713027948523,-0.04855203289422591,-0.6907840023010774,-0.3116796374479039,-2.3454514810371507,0,0.000301621682824442
-1.6489346703698653,-2.1531685042329056,-1.4804762663243518,-1.2338065066674457,-1.269177801277399,-0.6587797573632566,-1.1388531352977322,0.7594633737555685,1.9128930075482473,0.36824964484994127,1.067432717131038,0.4352673069759064,0.13858106650429833,-0.6459167896203218,-0.25776683092321045,-0.23365480215508788,0.5031650802445559,-0.22375493935914054,-0.915358615625619,-2.648147368178875,0,0.004807367195629375
0.22839864503693794,-0.2995949984953869,0.3354412015231972,-0.5015213854158889,-0.09758266662421451,0.669486851286308,1.264019987272055,0.8570949282879939,0.44500911423951856,-1.7088225085953426,-0.732363010392793,-0.9036641704052184,-0.8404787182362079,-0.8571890920759475,-1.479844371640033,-1.6062080201224964,-1.0335556525232048,-0.26575449246370453,-1.201741982751752,-0.14475631248487708,0,3.2449407808139328e-06
0.1642161947901842,1.2193912247013938,1.325000187761261,0.9190475946162756,0.6011539991609653,1.807369986718972,0.8371010979167363,0.98909450509826,0.05802509987772142,-0.3970383376487262,0.5717969387589354,-0.3710884449784559,0.4051007877606204,-0.88556444143396,-0.25328376806889175,1.7529768088741062,-0.033845406936688915,0.36287879500745157,0.28948551132176925,-0.28315159546710184,0,0.0012980220573411323
0.5545144315866772,-0.022934194529496674,-0.7114445828960093,-0.026518425586817416,-1.1676085419105071,0.5341023397062852,0.008707126949952867,0.4365426170825813,0.9062496946951616,-0.5620628381072935,-0.373718914225877,0.08695234414865026,0.5236884357299778,-0.2199941684877398,-0.26789005527600834,0.28483991382671103,0.9851161277342269,-0.02459764724459577,-0.6828969406168122,-0.8075817243620647,0,0.011498581577538155
-0.4810742848635135,-0.2753406370349326,-0.7531588342952379,-1.6554731580653763,-1.7026343480427915,-0.4891655853072543,-1.8621489559221716,-1.5586175435499292,0.5939757571534491,-0.38127882052590867,-0.7620895250504931,-0.3704664805943693,0.28417780335021303,-0.15342898962090357,-0.21707317031713133,0.9698335910252459,0.48616713880520457,0.9321826955775443,-0.8129439976413978,-0.4313579763022268,0,0.26242097797473346
0.21425553007414583,-0.7510913583293629,-0.6626043953553544,-0.46284156266119464,-0.5671849967570558,0.2882671397573738,-0.1532522214672061,-1.651173311041569,-2.175050961852183,0.24272458131025268,0.375775038883929,0.390128463608682,-0.567642327727074,0.3657875766465819,0.017879385952802248,1.5282355587691603,0.7910404719574133,1.1664593135602856,-0.19800435365443267,0.45246164411643713,1,0.5729241475929282
-1.7795789224545575,-1.4854139303793046,-1.28540820481191,-0.6643275221728193,0.22799296443730271,-0.041601839981293146,0.7837817496977735,-0.46732688821946977,0.2993409637701578,-1.6339829138646775,-1.2401412832969954,-2.210248576403798,1.0017115600591056,0.5581494237385611,3.7259466129524177,1.7842361953029804,1.0750928040354453,1.0064087085322255,1.381535820071362,2.169419369728487,1,0.999837220426726
0.4291202384343755,-0.4683990081927816,0.27857413919036056,1.2007029471132076,-0.07121698012314458,-1.359005035181042,-1.0969481797118878,-1.1341320424058372,-0.3777921924170228,0.22918377926133374,0.6885777690825439,-0.5363666804142122,0.8314156053549101,0.6608313129809444,-0.23542720346061108,-0.5262976747040571,-0.5788338258308817,0.7100870454707464,-0.09048082166975628,0.9498094485335966,0,0.06149692966945102
-1.285145818245614,-2.357688179844626,-0.7145953981131977,-0.7606948715699888,-0.2674018669193357,2.2455163396071836,1.9156539565122424,-0.8413838911255747,0.6711177248341018,0.23722433172805016,0.2877263615506335,2.000401430313501,4.029441706493,2.2672449891563735,1.0136343711845388,1.6504736849011004,1.3252057090525087,0.48697429956828786,-0.9681228333607995,-0.7042347576864064,1,0.9972338810780355
-2.293009305982852,-1.192459748569335,-0.6968681459720214,-0.286009191046148,-0.41610219063712184,0.39016218003588743,0.8019879443658497,-0.08797085277519195,0.6599515673232308,0.7071304024648177,-0.5054083942325746,1.339114592094633,-0.21051340470416346,-0.16311943291363748,-0.536646744300686,0.7587043016666214,0.8966441633077797,0.593341036690207,-0.3186796581746341,-1.1582067833018341,0,0.10912722131710349
1.3861668538189562,0.4857052608418438,0.7690223569929036,0.8957330760305263,0.06258625995123965,0.7035807362694534,1.608634353916223,0.5266771030904822,1.6241713072532615,0.9492939625817239,0.7665670285967018,-0.38895193513847975,-1.0582277636560895,0.03791072336617682,0.4300763885425602,-0.10220394867522546,0.7966041158883754,0.6715876450624795,-0.4924800496811871,0.03534766148974971,0,0.0014568485858559822
0.8676424293050546,0.7294241625397192,-1.1575107190630767,-1.7981075518670488,-1.5320172219491153,-0.02027734124308221,1.7366329294946536,2.260348124583678,0.2783626693889778,-1.6613369940320584,-0.9135984008316694,-0.22855259796292088,-0.3429852722612953,1.2867136736523581,1.121405549627368,1.5366611957853658,2.668899818624581,0.38403341679106096,0.3444664622266433,0.9074538026305777,0,0.010867233423024935
0.039671980992854135,0.8884200852162574,1.1456086771853093,0.6459149824089803,0.35171695295634187,0.5827734901136263,2.2239776912059583,2.4684453490339577,2.088744119543205,2.525545515333695,0.05980055413814888,-1.2323699261337318,-0.8344466773387034,1.1124124434425529,-1.1508666222550956,-0.5359337235889243,-0.9699813442418274,-1.680781620219307,-0.8807011312869607,-1.492926461735635,0,3.209172999001559e-05
-0.5293358040365999,-0.6469538729156418,-1.4596320827742977,0.4156376647565143,0.02879001313567583,-1.5033508694467579,-0.20534327466442334,-0.3593304553998919,-1.1142945259934398,0.4522800066539616,0.44125736071871335,-0.49985340611060974,-0.5713964699033822,-0.3979835719320109,-0.7369075772444647,-0.22431703603822917,0.6122450138920185,0.4897352233533274,0.013217582474224217,-0.3960034043997256,0,0.004550353556019076
-1.810366482489901,0.09973366732207341,-0.7442851556552622,-1.0495479344262058,0.7041780400717831,-1.6193674621496335,-0.3979992460324252,-0.5686285278982662,0.0059208218439492505,-0.009424799519334674,1.0346911318081427,-1.0743148876788968,-2.4833489776168354,-0.19864322988691566,0.0027164523067051637,-0.38358322144209783,1.8249586518303165,-1.0973025659924773,0.43353834291339804,0.6256051174394887,0,0.0017539642453759758
0.461392673022726,1.4549757250634485,1.733491493520506,1.8503636306211384,1.7466259668566095,1.704921989219225,-0.038614296078259044,-0.8956591705518842,-1.9148790917757947,0.14558331143392594,-1.3253966807551258,-1.9201650751722688,-1.2694349607647315,-0.1850614874228991,0.025937230944235282,2.16426942786299,1.0146140715572767,0.508959713130245,-0.009710388799264032,0.6323786651516597,0,0.00047900508110841356
-0.11787260448582944,1.3342837372664267,2.1507037366765345,1.6024399475922506,-0.13656979381044101,0.8617822125499767,0.5498088244357539,0.05352562575734905,1.3046458749097158,0.8845157335401655,0.6647778015061487,0.9847938377864749,1.2997981333326727,0.009004725731721178,-0.3646389388169933,-0.6068653498380657,-1.6098269744531897,-1.1681622480733138,-0.11615143906867564,1.1540261641334422,0,0.013126497556000144
2.2705390669433276,0.9849884499895342,0.3675761086566841,-0.5903872943487483,0.5775735880734391,0.15616884173939236,-0.8172421552661503,-0.3746616030803114,-1.171685459597577,-1.7551918967492488,-0.7522184818806429,-0.6856146053253295,-1.3468619170604388,0.11286067700301623,1.252683518206153,1.8712921209341002,0.9334938698136964,0.6126869916433061,1.6606999721441336,0.641545471972598,0,4.741030908909501e-05
-0.39100405596604637,0.5566315169075051,1.7790026752783745,0.13161429767893223,0.727453807674702,0.6277929532498393,1.328184115901221,0.8299440557973838,1.6641890579905991,0.8403005879549879,0.2995569745915577,0.863593588378608,-1.35294204891076,-1.1236850352522663,-1.422113620174134,-2.099778510170353,-1.4259575864742777,-0.5346440014407257,-0.8510614799156717,0.14900490506972974,0,6.225923432199077e-05
0.6196394464516872,-0.6477304067280941,-0.586265674550636,-0.912436694693824,-2.1621452785970336,-0.7081537445458894,-1.0376531433277303,-1.7488723685915004,0.19750261367999536,-0.32785977945371364,0.6835433025269632,0.5470631813561841,1.1677840517430245,1.2836329029892364,1.1525384372157315,-0.339925643217867,-1.1736574092575751,-1.6820000409389695,-0.997291604014857,-0.3131649836680509,1,0.9999162565354015
0.6148886663665449,1.1377560389476837,0.689196037726196,0.04843145837140248,1.2095504128453956,0.21577220135712463,-1.13691838510333,-0.5706218100353155,-0.093919329902124,-0.2758776277889179,1.4952977899256281,0.4660124991680608,-0.6514016300371556,-1.1289261662830539,-0.06318708618919212,-1.3284210465559412,-0.829538094509951,-0.8118796964575515,0.119221997618251,-0.4049035115315901,0,0.03736426311325754
-1.9868053973411923,-0.0591687780593689,-0.7856343636671828,-0.27852385002153457,1.548050835875591,0.05398649240238448,0.08458365101636559,-0.5879573208836587,-0.04857445127874084,1.1184250222478604,-0.2162043031120284,-1.7449664176397488,-0.8810747234990608,0.5351703283704913,-0.24256147192426533,1.2577282102591654,-0.5498178046553085,-0.6772558736166268,-1.061572098618928,-0.8818985895576181,0,6.658185687684921e-06
0.6362638415686325,-0.2245252235671503,-0.1581257293551865,0.2701555595519992,0.07298420814501837,0.13991976775509649,-0.2599204474507596,-0.045228582657548144,0.9612924458144401,-0.19188844297963306,0.29972893720805505,-0.025323521821269037,1.2945067534237762,1.3079287440957188,-0.492376030094834,0.0330720913002407,-0.3453556349190184,-0.2934434363874387,-0.39523100467671285,0.7230034704274466,0,0.10508467207039189
-1.2696331029121244,0.12783176772134794,0.9146203592524818,-0.03686526851937906,0.16898587079825805,-0.6274194884830037,-0.9257249256840772,-0.5769709528472458,-0.7307605448834947,2.236429329668856,0.5318611201702442,0.39445535614006866,0.6234808450915191,0.9864337208690969,0.6954883284658306,0.6411531262294657,1.2143514231819463,-0.6630537273035879,-0.34110703980642465,0.16793398290072525,0,0.10862976693113126
-0.0245841211276232,-1.0795328076139834,0.017328876676509886,0.05628011123128141,-0.20704193506487378,-0.2656489990759361,-0.3588619665437091,0.3629571342096045,-0.16358778043948025,-0.24903166786673073,1.3347104498385136,1.3419994081154427,0.24173126858238703,0.09307834292132845,0.7563454961468059,0.2553339263419217,-0.5588261941990168,0.01613442079478933,0.6114263137660508,-0.6475022097511898,0,0.1403273715118832
-0.15146251782881667,0.6201649671547584,0.16446399338984752,0.38743222426364227,0.22739323923714155,1.5526560253529387,1.7837952386114084,1.1337150066886292,0.74544896563483,-0.34774623450467285,-0.09006772442567035,0.7640427471825665,0.8044704415786592,1.857780145021266,2.400528880260577,0.8223864650725243,0.7665892229945198,0.8868719029737646,1.4508680852558784,1.900997636708211,1,0.9503301899192267
1.9598189349941317,1.4332243583153679,0.30823212694786356,-0.388362413757413,-0.6852531943621799,-0.5701293341558001,-1.3518959329114146,-0.9479912327945447,-0.6307707698194847,-0.8946098353171416,0.9013635546126929,0.0361398807933243,-0.24693346612014283,0.39092362193184815,0.012629589212844957,-0.007569598351640053,-0.4970812120907476,1.4896289601297221,0.136440584183108,-1.2522908543057818,0,0.006240529148890727
-0.7180063390217325,0.16427728094483135,1.4055293912285036,0.33412616146233387,-0.8862481559728552,-0.3425649174224897,-0.7359403018352239,-1.4862748312087033,-1.114682577112181,-1.7402552259400281,-0.582480778526366,-0.22033061599825415,-0.046234354138691404,-0.9518379921374199,0.5667971275127425,-0.7995388761757313,0.2518767736742235,-1.6475020624518137,-0.668176470634766,0.018323496243580296,0,0.0010343418001285915
2.0794860351196562,0.7571466239114327,0.12408808596950352,-0.5215415563813202,-1.4722524606877117,-0.319721379244469,-0.815122204149264,-0.03463641896738901,0.34361379297426814,0.14016811005234975,0.027186514893295252,0.48213329239669916,0.5855797103399105,-0.7392323625402899,-1.678762547153741,-0.8271998151587224,0.8333733808285236,-0.3966433744557496,-0.610443094751243,-0.4000024844082328,0,0.06418528639139227
0.2927833813981277,-0.19910923396064487,-0.7736705662502971,-0.01817292285904926,-0.36737202491036214,-0.01240004634285222,-0.41181893137893216,0.8846193736654316,0.7586904626895882,1.1084760038958592,-0.22806466082703042,1.2930166486574592,0.053571176269674906,-0.7699714165705243,-1.4031610208306227,-1.686969634700237,-0.3145107848328332,-0.41904045960832165,0.6554729542610113,-0.47205231117983953,0,0.0007738243279183248
1.4734275823692313,1.5048961951570843,2.180979245555328,0.3590453474908595,-0.19354782725151823,1.4364436742997964,2.0204159643409976,0.023792523785564956,0.7267605517553406,0.0524542971326489,-0.1601354632120891,0.9203309797644689,0.6258453497741127,1.3334122829335753,0.22980832971758058,-0.4678247229433451,0.8348344151857434,1.8849676440275536,0.4680746043630421,0.3953396291839636,0,0.0007154851703472484
-0.06270933625115807,-0.6449388724837989,-1.7069645070134685,-1.0021898599282915,-1.0689005179367892,-0.7479727527815423,-0.5244111307213768,-0.11051365255609598,-0.7065139048833989,-0.5999636213770783,0.3448844515337291,0.6633333543858487,1.6715811904903894,1.5083482789852833,-0.16180838325009073,0.0848470487966778,-0.41078648793607847,1.8986371213391118,-0.20105969186783104,-0.7463615933068478,1,0.74015339444657
-0.9527315688683338,-1.5829231866054634,-0.31448852101849845,0.5566183055723735,0.8988117952888917,2.1103668570124836,-0.8634321473059886,-0.2221051528514576,-0.84567359808688,-0.4504620299368168,0.46321341731742516,1.077785145133592,0.19647603849749318,0.24992382369875038,0.024982299667098924,-0.6695407590915752,0.08493220319562232,0.8246717337808794,-0.13387412607273347,-1.4993816665870807,0,0.38549351383715147
-0.29457226264855546,-1.1217223735397899,-0.8192975308440806,-0.0718010207845232,-0.5636866215512145,0.5294312531358896,0.7636878255548223,0.22152044269072846,2.257262878309544,1.5007267857058548,1.0526376856681785,0.4226126158981697,0.6913461587771979,-0.016123691791867928,-2.129784277054795,-1.6548417389689993,-0.5780653313922065,0.4222806575842826,0.10308933666550713,-0.2497674505780912,0,0.0012025094486963384
-0.7564259362975909,0.7664353977505034,1.24100644173623,0.5802461657331675,0.7365004072590841,0.3423600016646232,1.0867128969154753,0.42394092056070537,0.879479323967228,0.17287020369508943,-1.0184424636596663,-0.2656845669930332,-0.2787651315154852,-0.16749787350697,-0.715586953331244,0.5572053375993679,0.1599809741951993,0.9698971732335794,1.2576545332556823,1.5064945736004893,0,0.0391505714849165
1.1855726776657758,0.09339415713415332,0.2755079061585548,0.39522158843449284,-0.39809021685591833,0.3756034837330069,1.0004976656208677,-0.2152779875205995,0.30413711590940345,0.4635706666316342,-0.15689406384151305,0.33593155416618875,-0.09992070529646921,-1.0866722921672052,1.0980490897774007,-0.026210942166169253,0.40793764141530425,0.8651305502825608,1.426135092786392,1.4294433062516763,0,0.00018869817745783155
-0.8358582618451955,-1.9952588559836584,-0.04354098652674663,1.0374564388224572,0.9826960218740212,0.5051950343959899,-0.13386714131762062,0.9079082558048092,1.4296253917045751,2.600415949795874,2.054836984923594,0.5302935152502227,-0.8330161144479632,0.02022417230206861,-0.19128784415743064,1.1828425311444888,-0.5194349310373374,-1.2476218719280745,0.19321469884224662,0.47246526844129516,0,0.014221522051942274
-1.7718668776472364,-1.35516781457608,0.7795931581822255,0.7337284249033276,0.201161876254772,0.10867828095676013,-1.4527477938603983,-0.719219854480808,-0.11126475055327323,-0.5660936909941976,-0.8525477738985757,0.16361738305320028,0.5694059524576326,-0.706947625037974,-0.44574866810471514,0.8256477622156158,1.641442467662834,0.3568302139632227,0.033756048733483,1.0303118732186813,0,0.007152792453602112
-0.7566591220870809,-0.10682282724837665,-0.8176086392147079,0.7659764679157907,0.9241625263287768,2.2228561930571393,1.3247342247413678,0.7217867760148444,-0.644047154316587,0.09838814867151663,-0.6562499576489433,-1.482642845210694,-0.13338697521738016,1.6227187139459742,0.33468388963449186,0.790154110772406,0.7527657581906765,0.23581775070799668,-0.7523733622867871,1.1978049428856896,0,0.01706924639561551
0.3887364645376216,-1.7073883268528067,-2.825063740020073,-0.5437690687411695,0.7054182279287852,-0.34063394746921477,0.1586967840711347,0.6235963297968252,0.09031156740186069,-0.33318193357663095,0.08186735962221464,-0.29001512731587203,-0.162032928970264,-0.8445336286100527,1.1996493058283069,1.3254137874238328,3.0371105811659094,2.589445466823411,1.1097768877898664,0.41863135486028535,0,0.00033495638644202066
-0.11488044120013623,1.4774046418930586,0.9327924858275896,0.32087111991961154,0.2850647531807888,-0.3789914366629031,0.9842346901963673,0.5756447751690785,-0.8604714368597094,0.9171372806996724,1.3288103473163504,-1.1623050075748655,1.1458469944445557,1.0346883868559344,0.47870881608243504,0.18956130342324806,-0.3870959686021459,-1.0157400927651685,-0.22143831767278754,-1.601414485068987,0,0.0713553601410962
1.6299996428564167,0.1509717211853249,-0.08679007387572905,-0.3465404607260212,-0.7404967387785539,0.01221609710036168,-1.8365941516493685,-2.3205863364720987,-2.909037378741286,-1.2521560280357433,0.06918667439977394,0.21392023915403283,-0.2333288021380656,0.10853585707307953,0.029960941230545105,0.8039398187803988,-1.1198154284091015,-0.686567017036625,-0.13235348087903961,0.02168123374098627,1,0.9994760829830271
-1.036178605559614,-1.4185064418182123,-0.656200805100724,-0.6310344906663727,-0.5761386563674119,-0.15973088726820162,-0.807593799983818,-1.893486323170144,-2.496689334543764,-1.8444215717409735,-1.059624797763715,0.08719866761086788,1.2042580107076724,0.1546807652663783,-1.1114343615582691,-0.8024062696019739,-0.9245525857478796,-0.13923213765138942,-0.7043934618394313,-0.1536887156115042,0,0.0019098800137874801
1.4587619888021117,1.4149510587404242,1.1134960347338332,2.2851384674048427,1.3492508495523512,1.0888564206915894,0.43772147279426854,0.41995877192839876,0.38734814697201136,0.6889982414774624,0.7813219560271246,0.3471870144328837,0.7711259885868176,-0.6844637359218535,0.7873512739114729,0.18917187500975371,0.07583808618938416,-1.9777991950916578,-1.1880472113882146,-0.5161534994974548,1,0.5147722917827591
-0.49900944688548515,0.30395018053660716,1.0998432821321964,0.43003247755835006,-0.5309782506850971,-0.3535271086783214,0.3507314358718526,-3.28456445066654,-2.4853794326031866,-0.6578695191253323,0.11186495704497544,0.13663128845066344,0.7573679625240555,0.7110016881907709,1.84084888342935,1.1308164608833813,2.7089635283038636,0.4811943361944843,-0.44845592741917106,1.1807751254239112,1,0.9593767247851142
0.02067525555466628,-1.5515141783793878,-2.0627425939954342,-0.6909165793929516,1.7887855729558186,0.6054695358913211,-0.7175991575248407,0.3507578440013584,-0.8195723605559981,-0.20941042145428565,0.40670484735778734,0.9425966218436689,1.1787626496323431,1.289042067097625,1.3852878169726675,0.3646768062979162,0.43796720022729857,0.07819366027394148,1.1910255014240503,-0.3726361225784762,0,0.46154724431717875
-0.5546182415058676,-1.5262653551955567,-0.8774093662211147,0.009636168036413892,-0.17678765698423102,-0.8365629137436253,1.0567733987045556,0.44215582667897013,-0.17040394194468375,-0.6649539551821366,-1.3474922239161282,-0.44521411809823913,-1.7281061237334878,-0.7727629409351875,-0.055257341322010316,-1.3310444166421385,0.09190038256929713,-0.0018535761382560956,-0.8544513903880364,0.7481791519011657,0,0.0009985297236795908
0.9904899820806877,0.8148197553625954,0.8571672315337301,1.6601710693466014,0.1872824644803728,0.30437760387463586,-1.3807629513343163,0.7882848618957736,-1.2363037352307977,-0.9337144384136364,-2.097350474418772,-1.7520321169061164,-0.8392428230139197,-0.7943538739162753,0.3619013787941308,-0.27208086704431544,0.6904153835170891,0.6089707325865578,-0.010517483247707819,2.0092259479619003,0,0.00016658110261961973
-0.7769611390721721,0.7887315042409057,0.017754396880155045,-0.41621185797164995,-0.38890429559538264,-1.6727334555915443,0.19044025097665163,0.062185164381204146,1.4580982519434162,0.7701205236248693,-0.07670850359200221,-0.5383479293917228,0.42736413545682106,-0.2639584377760357,1.0214319480084277,0.4368601995739867,1.5212492790673497,1.032542312019833,0.5461936210545433,-0.18075363340012718,1,0.45060498177606545
0.8259191985837921,-0.3143023317827684,-2.045436361227976,-1.5272453401311616,0.33531620193393896,-1.2778360381977083,-0.7312130918011469,-0.4512923915110063,-0.7577245486939739,-2.649644546696769,-1.4711622547592884,1.0096675799331134,2.0000882768134685,-0.9670924351632663,-0.8734473548402072,-0.2961786765973943,0.45246151288093617,0.2760829517814461,1.6268874847473567,0.34428401474349374,0,1.926575671824197e-05
0.5309616420287598,1.068219621665237,1.5209955424716208,1.303983176156861,0.1741081737812806,-0.42542555077032457,-0.20084215210591083,1.8356467653594009,0.18318507076616564,-0.5585145605694068,-0.6971787783720668,-1.0679090746091633,0.7237741035258617,1.7417346077197755,0.5400641701583138,0.878646743023118,1.1973382828520491,-0.16269461611987882,-0.11487391544853123,1.8679541212976851,0,0.0470792543934691
-1.780525049524009,-0.6774890950099134,-0.7394270506895765,0.5660981081252155,1.6287399820426924,1.5787665735844776,-1.0518360983426966,-1.0998736834962586,0.2889815298194804,1.2021809127555174,-0.24780514958509456,-1.1930980778009161,-0.8828650945833734,-0.5254235127513247,-1.6862993218956501,-0.855689398334347,-0.4012963101108503,-0.0496260904839221,0.1153798163867219,0.05698249286398382,0,3.969008316527116e-05
-0.640881249997703,1.5154452812152386,0.36176937006338833,1.5919719726455233,-0.3872595365523863,-0.43613459967811075,1.354520327878554,1.6542607312155737,1.2656792571887563,-0.07686523280470739,1.0586853141795978,1.1803493802762375,1.7076824772647794,0.08166635204512411,0.383275419525074,0.003758278120409705,-0.9727217055592995,-1.1410276228420348,-1.0971403400697315,0.31530964987398746,0,0.0003165419705894147
1.6129888326981021,0.34366356651125285,0.8502025879751546,-0.7993988641828772,-0.8928180172061249,-0.8512312795234468,-0.5980555290770924,0.22255624319836803,-0.026721388996466557,0.5564492761155233,-0.5230513897987136,-1.1063011993903429,-1.7532319303855317,-1.5950519858855075,-0.5579836234417425,-0.7500847413049943,-2.1061564485129916,-0.06908048791309693,1.7078723552735608,1.2704335937432476,0,0.00016894693221325188
0.48152751056569865,-0.021907498165652867,0.03895719016155387,0.8389252293596264,0.1650803290849683,3.0687333810882285,0.33994514236330237,1.194320366963111,2.128053880285913,0.9374174292942565,-0.7856265674582962,-0.01852186596932855,-0.03010635805322242,-0.13834239014941796,0.48256840781552834,0.45217742371597075,0.42077977577273556,-0.0006870187408124357,0.8889966753335068,1.206572625355376,0,0.039862317327880155
-0.7224049037005206,0.612292611606367,0.6227897281330583,1.1846384488258854,-0.8465513586266176,-1.6184435081272641,0.21757035932157953,-0.9916305358055605,0.013007899771069373,1.0177457065838604,-0.4163427688108158,-0.8400631240866605,0.5656648467860579,-0.06098514381644003,-0.422737649102511,-0.8989897189910911,1.2478256865120885,-0.6137147962800759,-0.5946219168155344,-0.5658285761439206,0,0.0015400730330972963
1.3498571471213672,0.49050498140092386,-0.3880514855057721,0.14574295247722252,-0.1865941514425233,-0.7383512136842565,-0.1309118146082671,0.19975024685869966,-0.5482863093263085,-0.420106141591119,0.21538633389734746,-0.17399197764664448,-1.745270812927382,-1.5813924139628246,-1.1561963462524965,-1.5212550450974527,0.45088740526507204,-0.04656218345865926,-1.0254196716752044,-0.749187334968449,0,0.0005776772507134439
0.5468415612918243,-0.816529174921737,0.09963105538809569,-0.49952032474559455,-0.04259143012625437,-1.2987103193299385,-1.1254344736630677,-0.2548012708006972,-0.43136765274730543,-1.0307288997990336,-0.7950297219571831,1.7955195412490284,0.4799624743603578,0.4015205245266575,1.4219502818691643,0.11156194547974188,-1.1475367781283292,-2.116843007571338,-2.494473290023105,-2.076239785592272,1,0.9982103263254098
-0.3382788015601214,0.08568129072254327,0.08561234450436882,-0.7422448417438399,-1.1562863087187931,-0.08612647508030333,0.17516646978106268,0.6209481022333149,-0.9212653947130549,0.45858057534962404,0.5909512930232296,0.13042491233318912,-0.3754838651926241,-0.172748998791131,-1.0230983131633509,0.5799470324082211,1.132786588860381,1.8571883180721862,1.1119309415330703,1.0422281963555622,0,0.010177149529935937
0.4919780840156771,-0.42959933405919537,-1.889852904002587,-1.566797840440812,-0.6147161053213052,-1.9451148755494032,-0.11958371702782736,-0.8519030257238173,-0.6864074968548187,0.2181733901855574,-0.16810563704866116,0.7375452315488801,1.075702248426704,-0.04865897796467622,-0.23349110577807286,0.5797061151365387,0.15838127154571646,0.08216527161524788,1.3748487340111961,1.3732832711496366,0,0.0027567821063536222
-1.7135255339623934,-0.3378326031486431,-1.9980201646111497,-2.626470421667276,-1.885563210360335,1.3076116183207416,1.5641788603609965,1.3452363753302243,0.5805023461736653,-0.759604762885572,0.1444929785951033,-0.4456844388529731,-0.10291865927058294,0.2763249340123711,0.503957282281587,-0.042970472419285914,0.6284859309116286,0.6514902747125437,-1.4491644343164356,-1.202303435076695,0,0.038382109731269966
2.20327680229373,1.157160442301123,2.0903234461330076,-0.9253334505467457,-1.2149216056913044,-0.15397293460285544,-0.6728988773727347,-0.369461727280591,-0.12017244504505853,-1.0955614602282082,-0.09143728584889077,0.2887662219316571,-0.6605545569977912,0.40949019285095717,-1.2015798825687587,0.22491516145000692,1.4838069687499236,1.5927921482700773,1.0269940986901327,0.30117998488047826,0,4.1516240775423786e-07
-1.1559400281264192,-2.276455966543469,0.5280364637054354,0.2988965275125796,0.12094837818010583,1.0800373928095417,-0.6713395022048517,0.34987417671668747,0.7452786435342537,1.1832489717147674,-0.143163465005305,-0.4807977756622711,-0.2842068015916487,-0.1651216804231441,-0.8252906665952209,-0.9309988441593866,-0.36564703440383267,0.9575606469787844,-0.791744227552631,-0.22581859424014447,0,0.02401243057975521
0.07888464033180195,0.7084506912031255,-0.1251559832651009,0.173066370862999,1.7616827585666457,0.5635273309086408,1.1103251760753983,0.4860394101848659,0.6302100308250266,-0.7861547990680828,-0.14063721513001007,-0.08026725550244378,-0.3319382426387039,0.7510395903532986,0.39138758071216573,-0.8851036756369588,0.8939226577943534,-0.5873551493064206,0.020742185615441996,-0.7076501076084107,0,0.02945483683344459
0.25884546773809464,0.4146507980085174,-0.5558906472457579,-0.39826555416606085,0.17413636726760337,0.8033340865243556,-0.2838503611896099,-0.8193088083809986,-0.354924945192587,-0.5427997117763299,-0.3424217321881799,0.6831145744504439,-0.4962261139603836,-1.1405636258042602,-0.5345443008870917,0.290880622823014,1.1338520151257852,0.5862396881422477,0.8955177533296197,-0.5247707113703366,0,0.0006160455320338641
2.030815025334096,1.8966436091489571,0.23872103839581565,-0.34900644769092987,-0.7996718001270281,-0.9954102522814493,-0.6635293020281898,-1.0680835874042673,0.09680887970027259,-0.8921915760205036,0.3099901170429907,-1.2375294746541454,-0.6763712133140989,-0.8831407331231198,-0.3112359838278244,0.6268964532852184,-0.766514678678813,0.5735567226261402,0.4533279236761383,-0.028293993823719346,0,0.00018985796143554918
0.9634533121103042,-0.18393015952214015,0.47977629488168494,0.49764416762485897,-0.06636843387654463,1.0097100286196645,-0.07960998630270653,-0.7661062732673015,0.7293943069383122,1.6508680346123845,1.6820228102589774,1.7524013643743213,1.9749574723119272,0.6407080258781981,-1.7732684272658723,-0.6819364147990232,-1.9145576708515986,-3.170738553802405,-1.72030636093672,-0.46610640914128504,1,0.984558252957367
0.423365068993649,-0.04602623563310683,-2.118657152799135,-1.4693013475595786,-0.19268497372690624,-0.9028779079950535,0.6911510287127239,0.8372583781286513,2.269980009983569,-0.06561948886623789,0.2577222893356659,0.09700656798380042,0.6717820626508718,0.3707325233025215,0.043821043025424694,-1.202678612293451,-1.7998010833449236,-1.146424500380351,-0.12178331759964031,-1.5753318467273576,0,0.026236471823781374
-0.7807478582317686,-0.9756728648395819,-0.9595867440611735,0.8786912348750889,1.049328216437319,0.09311947432653726,0.06586572372924013,0.5199861985712758,0.5907164183971517,0.17728219930663944,0.4351957806075099,0.14170008327463282,-0.25761169443801263,0.7136617946878098,-1.7180020398370353,0.3105076258003716,2.0916814457467368,1.1002438340529006,1.6721003713187272,1.2597845838356374,0,0.03371675933040284
1.4017062376796776,0.006148003016731348,-0.5066821421862862,-0.9797054423602013,-1.9179038735670713,-1.4834547564382603,-1.7994470586883609,-0.34680611448683857,0.7310051803979661,0.5566522680389069,1.2480980857941275,0.6999199144944303,0.07825664809702006,0.7331308314102459,0.5288983108126716,0.13448763924114682,-0.505534166003199,-0.6000527520288472,-0.16235026377789838,0.8612916745905338,1,0.9823199107600123
1.11052326821212,0.3057530725140044,0.3070982264541821,-0.6877473885640221,-0.4553211877336597,1.5776906801459702,1.475249206336937,-1.4644884952126964,-0.8938619925342982,0.8455263828449371,0.9005974835962884,2.375689331033398,0.3780267255551863,0.7555692560101268,-0.6768796658213506,-1.0184470462961663,-0.21674504050631085,0.8405152087658095,-0.5721067096914192,0.013858257385536407,1,0.9998532999248859
0.7908698495310951,0.35564500711383895,0.8399974134517114,-0.4043455433406364,0.3449923694178066,0.3341473845406182,1.8017162584935422,0.6943406921525483,0.6048503885063559,-0.9018330027078059,-0.38266323236852245,0.794204203504752,1.3906888134344306,0.3997057973362818,-0.7794847627345463,-0.0880734997061592,-0.9833161883468728,-0.9502668076533719,-1.4168886526513707,-1.7308109154957072,0,0.00483479102975537
1.4376533865756516,2.168943003732019,-0.9791315102746062,-0.05612460484097272,-0.31216303919587995,-0.38301839489851836,0.3742665431875353,-0.7623381225870643,-0.33139764949868133,0.15811555038196856,0.44766625730378373,-0.769637007223277,-1.1943612690496428,0.22152120686466478,0.5808632145630741,1.2604167841493747,0.8975481847503951,0.9718884255868386,0.6211778775824538,-1.1107086391665333,0,0.0011609232187316642
2.4927496490828966,1.9373223325290299,0.5486111718917631,-0.35758794249581827,-0.2876359068445622,2.2101406448251124,0.4592525541632464,0.09726575933230626,-0.13512521592762694,0.8157705896671577,0.44728813396975925,1.6595150752961503,0.24515410559620762,0.508920001212517,0.7424514823381124,0.8616025271234993,0.059004762048195616,-0.21710274032149343,-0.9380717563443963,-1.0126003161787673,1,0.9992136338226094
-0.36277323724316357,-1.3112594597583092,-1.0859092464262639,-1.0500701564585815,-0.7566646929936497,-1.6280449656855989,-1.5190851726026207,1.313393817166326,0.6331920737054394,1.2388385396964687,-0.6523857883836659,-0.6569416373365006,0.43831291051705384,-0.7267250672942978,-1.0179277036365362,-0.34145335493238915,-0.7609146056245453,-0.8592878420378375,0.10748695826693887,-1.0797986764056062,0,0.010854145950509795
0.0562511597189394,-0.7905311389395259,-0.12421820914118616,0.056410781640815054,1.3207011169998935,1.457425603948687,3.019193181922824,1.3718856668744617,0.7351798700940181,-0.2978152107633381,-0.9797300701533088,-0.740195809025294,-0.44211832422934033,-0.827413237934282,0.3820633086445839,-2.015774867881785,-1.0762600661460873,-0.9158220048815482,-0.06900128915083463,0.28989889952942915,0,0.00126026635780867
-0.06887157829902239,0.1103851024805203,0.3784131029155738,-0.8717449840635837,-0.16534740460266606,-0.35413745804808966,0.123460902834724,0.6331777101874365,-0.23016178698119927,-1.0488921330336014,-1.2259797281342175,-1.9733717236270303,-0.7657279378626087,-1.6564858599896208,-0.7238409341678219,-0.13471151714871385,0.7109902070951784,-0.7408833312213446,-1.6426560638854935,-0.18909761024385796,0,2.2465985581811236e-07
-1.3210756170351983,-0.9281351716218063,0.6203275615816383,0.9110996455413723,-0.3600077368003452,-1.2889613947453509,-0.7920941159017331,-0.41944618535369205,-1.279750537475301,-1.2809490056894055,0.28324026675130914,0.12583688947274088,-0.620396631983557,0.02243138424796364,-0.4087364964727506,-0.38146434305239174,0.130563005800881,0.17261471157959754,0.9663632487947674,1.1740523297261058,0,0.029336357942347416
-0.20660840698229965,-0.5202981884285032,-0.8503957368294923,-0.837169271001058,-0.26021453755835733,-0.5943118046463943,-1.9686912358761484,-1.333897167625306,-1.4680131176774,-1.5811911846668139,-1.0726949238610228,-0.26694286875372647,0.4479741847888349,0.6621173932420332,-0.15716311352974502,-1.4479237694077194,-2.1411096384960278,-0.9030017182955039,-0.1146472711611089,0.8076798357057805,0,0.06732775943964621
-0.11967532185146876,0.801434410813679,0.7364036224490407,-1.1686553029768902,1.0932744073221725,-0.11763656614317948,-0.13995652929462402,0.5624633775952819,-0.3167690696818085,0.3223453570795899,0.05039158122008065,-0.19188334320403902,1.04099985344746,-0.9278561763729664,1.0837918762392156,0.2956004520454491,-0.008941456677691343,-0.6159945490523966,-0.19084561517200915,-0.9059187148185676,0,0.02663141625692518
0.5396229628318677,0.7265253677561975,-0.4007248822926644,0.48957468717475017,1.1662109946058377,-0.6053290769535341,-0.5585727688280366,-0.6432852038243629,-0.7257362766896547,0.800176254392336,0.1579401156116318,1.0888745912713458,0.6502449670943806,0.9029578878068815,1.7946090425507986,-0.12318242601972376,-0.9682655053525943,1.6220911178367365,1.486620315990757,1.8210192048800264,0,0.015293472068783993
-1.1232859855895356,-2.7693873154430455,-0.9454441968851182,-1.4595267300403085,-0.002355425202617133,-0.3284172318012215,-0.9947937115656021,0.17404783869987028,1.9064876033125988,2.907989451294519,1.146791914354565,1.474745427397435,0.5663694478209277,-0.2731676003048081,1.498696486419816,0.19475596520957345,0.22465248962450854,-0.35263570018157575,0.3253491964594412,-0.9588809821178313,1,0.5269909538909622
-1.268445510696231,0.26612263580078677,-0.1233659772695331,0.5579835992431109,-0.31711209848637134,-0.2347960687378905,0.4264666685685819,1.349697905272055,0.6571985822132472,-0.43756797747684867,-0.20070805297950112,-0.5647248997223585,-0.4843659276703029,-1.4173073467446315,0.505605527121692,-0.3454358919587006,0.9782782072387054,0.41082567267761044,0.6408410638203326,-0.0018265406180815993,1,0.7849023767327156
1.436225885746605,-0.2515496483866407,0.6935920241260242,1.075793840762237,0.7713713362656368,-1.0998039090490486,-0.12221636142197705,-1.3490482493027114,-1.6710534366641487,-1.352641651656783,-0.40759782742948747,-0.3570289715956246,-0.4215489969748066,-0.012148245841750418,-2.035081855924845,-3.7652129451878205,-2.612436926392947,-0.8733139952639081,1.9820880839293762,0.4691350703652468,0,0.00019038217297534838
0.19832185573876743,0.44959026247690964,0.8421486165609106,1.3696365098750212,2.88798748852048,0.4476034384726196,2.0207176881442215,2.568844688954315,1.7130764734837498,-0.06697964229584488,1.1151457653748507,1.2658340022663048,1.2008540656297089,0.29597936031007877,-0.8870857238307363,-0.10288276176627222,-0.37149406839330906,0.4820244663839762,0.6372195975477958,0.03986489183780934,0,0.00018277634002125697
0.1345884949849486,1.4646793172569224,1.0084431252278767,2.1356261657861744,0.0988184120287653,1.638600023694454,0.6944657553631409,1.7206370578677554,1.5358823726722821,0.5404799773229394,0.8224002123617807,0.511794821205837,2.3151470512812673,1.3496226939939946,-0.5634611020785877,-1.1120727342738057,-0.5167104582296753,0.26093619098309284,-0.3004227236939053,1.2482027815903882,0,0.009295937919356921
-0.3384026532622138,-0.26492320907972133,-0.11225921340247934,-0.26828296955018716,0.10054823482247707,0.11526304577736274,-0.4233360463767553,-2.347793575146334,-1.9633467075131799,0.5144776709178357,0.669821377648501,-1.7103653651604098,-1.0309410810604576,-1.5155414485561778,-0.16087298765429456,1.4084185897613906,1.1873450020915284,0.5026960566668736,-0.42977486222935596,-1.0484175629793628,0,0.0001376426879950745
-0.2985371894563947,-0.31786231316489444,-1.4832362973248576,-0.2166407381747057,-0.5837498691869769,-1.1739707324657327,-0.6075603453811124,-0.031071440584623293,-0.29634230921211063,1.8672354653263887,1.7560051087971653,-0.2530339598125211,-1.839053856429607,-1.0620607919601543,-1.1303072958776017,-0.8393926586280311,-0.8369193401918982,-2.3780430979832383,-1.0219391632169126,-0.7134071880785727,0,3.898527313477392e-05
-0.6228449170804448,-0.652534276840684,0.16406932642506555,0.20832240104783536,-1.1544378067232144,-0.9977703071426528,0.9026774777925638,1.3733854897490503,0.7274787909083854,0.6339899689091318,0.41743851067842175,-0.038526772117773965,0.28533217037682235,-0.2428380098745871,1.1901337260511973,0.1827890977499837,0.4540468347157811,0.5024236979476614,0.1015198788131115,0.8872092451801312,1,0.562132274451956
0.13511314163918475,1.089313084058781,0.7066929182861372,1.090425695868367,1.3103354987490903,-0.07715640654428538,0.875717358953383,0.43349594863087754,0.182952855370402,-0.2773990090191902,-0.2737714995164791,0.4208315901472691,0.06185291234392181,0.33999961476066554,0.023618012270272257,-0.2888567878989695,-0.5627392510307296,0.2526386557840363,-1.234079791891116,0.9793370853832847,0,0.02797164686028902
-0.08823179833556259,0.1434026549933915,-0.3705424907035995,-2.467282571415603,-1.2407368403169499,-1.3976165288474718,1.365644143578871,-0.9530246714032384,-2.852848920861216,-1.2341326987380514,-1.1688940685063336,1.0368364973695272,-0.6661963489291194,0.9721802390301416,-0.6192969742744566,1.1422481055766254,0.44847776573285425,-0.7236444452409997,-1.0753862691303275,-1.7334223834021862,0,0.4167342911442982
-2.0301080544494563,-0.4395206516577901,-0.8308159685369518,-1.672590288372872,-0.8312207910346496,-0.6668549868272478,-1.152720658776521,0.08642438268301122,-1.8698679939853533,-1.7288071886373557,-1.982150741321715,-0.40818835504424933,0.6263153281856786,2.5229219088015804,2.6147558873004244,1.8850608404583042,1.622959782579882,0.4826238142819976,0.04162602451797042,-0.030505378201953315,1,0.9995325568642323
0.40613859358865867,0.6152595840367705,0.3145274611724496,-0.44483192246812214,0.8445173547891175,-0.4237383231177956,1.3127029465469369,-0.07207054080563086,0.6825288822388477,0.23962193754140193,1.2639841075129399,0.004763846948780759,-0.6630635957501847,-0.015526494734180394,0.7468851165070418,0.3699538979791018,1.4384428003476546,-0.14047736596958654,0.26237104194486194,0.10187372796834304,0,0.044459075057006345
-0.462225628520859,0.47061849950464807,1.544018845939769,1.468974103148104,-0.47324178994527283,0.27780598675133267,-1.6419043310139312,-0.5142492456863551,0.009813200188577922,0.4647042235997289,-0.7765828026346401,0.4642633261793073,1.0192003870449085,-0.13117543286621125,-0.23230767455668483,1.0012787364662685,-0.05679519336070812,0.3629930209337245,-0.2236643102208472,-2.0804970964467073,0,0.136551877272135
0.5666395641417429,-0.5112574482833916,0.6267506811722591,0.36202502667326714,0.5197134835867705,0.5462459097913178,0.4553510804577253,-0.7377435362678701,-0.8230805204343677,-1.2396943051275364,0.2516887787094677,1.1204973804546747,0.9908029934378505,1.729900401191931,2.0108283343017375,0.8087453861692531,-0.6338781779656305,-0.5068739909517861,1.270759632672661,1.7450883994256627,0,0.7009259486536487
0.8022365010332745,0.6099766119805841,-1.2577999457021867,-0.5242796646052952,-0.09167899962517181,-0.26474889962320425,-1.7364733187606893,-2.2167335765285365,-2.805764252799235,-0.43901934997297226,-0.08277432239992712,1.091107968896396,1.061408164568284,1.529063355283204,0.6982656094913557,-0.49991519282797775,1.307980505593792,1.2100155020448677,1.1925225257969523,-0.3623408935491355,0,0.0773626687597193
1.2400515029035593,1.2292927000185854,0.907225700537023,1.162692731364823,0.9528356369795183,0.3297526621267521,0.4521404283805645,-0.3545854982020007,-0.017644368346271408,0.5065841687489214,-0.3510757503803208,-0.4115733687503739,0.47767256869065944,-0.04111493268090168,2.0221321409315536,2.035672785458676,0.5595948019897162,-0.4223649817903904,0.46269024788673985,0.06594313701410114,1,0.5610840185048139
0.5783419881835747,-0.4164259168806055,1.4947546165140266,1.717016986397125,-0.35148156575587614,-0.33121804946340483,0.703154970735698,-0.5367988210962206,0.3512805861824385,0.7799281859088458,-0.46904703604368203,-0.8590325468117382,-0.4672959653987923,1.487600841713136,0.7973676653246028,0.6199785942912375,0.17474069818581742,1.6313635871384842,1.6033940754496578,0.2519528706945685,0,0.0013416725146787264
0.5481969465522911,-0.3030908816264986,0.4182277948786311,0.8214438279744453,1.5689850190614616,-0.9305185914399301,-0.40164870015520665,-0.2885184597107808,-0.5194839562836404,0.052056872335032756,0.29282305264095054,-0.44114446482203823,-1.0488751211757572,-3.273551805568833,-0.9111711191116199,-1.2021135292659628,-1.06017012507503,-0.8451573073296331,1.3264647660730562,0.4976987564672821,0,0.00011786054823363218
0.6558816945717396,-0.09451167082437083,0.7989574254387473,1.100123144184319,-0.7377399621066687,-0.13193357393602126,-1.050252758684688,-1.372551049170267,-2.340947376747597,-1.6590817576450396,-1.9205569113869603,1.0082296188323097,1.853325756260334,0.93277224932975,0.7283746203407804,1.3583371438006127,1.3783325280038772,0.7594003505426273,0.7827202177255556,0.1338783542771998,0,0.25856296851702665
-0.2700854510660729,0.6947784444352072,-0.883842218564446,-0.12373333672306049,0.37620160333933966,-0.22843172001148848,-0.022653530174172234,0.862569215111532,-1.1608200490029394,0.14815870632188177,-0.33030394617182074,-1.4587133951122946,0.2802369906862495,0.8112407050291754,-0.6511682625134161,-1.315403611755681,-1.4909758623528888,-1.210152446499231,-0.5868653576146297,-0.4975591193789058,0,0.0014605730097076006
0.42162684094809866,1.725504112359504,0.9358422838286965,0.8075552517901553,1.213127357239714,0.7648751538233102,-0.524257661826185,-1.2026281397410803,-1.5528160406792033,0.6415921055609484,1.3126375352699873,-0.5370947094046612,-0.6448242522470773,-1.832774003774918,0.6077757879191586,2.309748466467276,1.8024560298045051,0.2326192865554023,1.0819748491194006,1.1784300868770994,0,0.0009207967216791972
-0.40140907526172487,0.172289222050625,-1.3209107012259262,-0.2854022750246286,-1.1836397182169147,-2.696332767205004,-2.346384946699072,-1.1860211946635901,0.2531257901921909,2.167828600362427,1.3590426139997631,0.9463801759461739,1.024364832805033,0.22858096582648463,0.06394894564516586,-1.1877728294153562,0.17868325917261094,-0.2566652305861382,0.013396043935754295,0.0975132517757323,1,0.5312116268528704
2.065762294704422,0.8376177752382478,1.7482697294628182,2.1653048723337855,1.1041080694697085,0.39477763358565016,-0.6996558715342471,0.035505840161356425,1.895111417244373,1.7940466615675392,1.6855154376731274,1.2751990657569945,-0.8572837321577884,0.28362460197861766,0.7416453589328281,-1.6350738465012846,-0.2547187420065683,-0.4974417713689323,-0.5197135020497996,-0.49954163983252803,1,0.9864550918743769
-0.09300248972202119,0.6313053798154271,0.9625882666860474,-0.7571522828635362,-0.03065829034862285,0.5970121966340612,-1.3939410915994153,-0.36959319377199057,-0.4614792657787013,-0.1322675769934977,-0.3744573739331076,0.7230106614831864,1.0034356206139081,0.24304651741351155,-0.0591145597267409,1.0766136410629596,1.340400678884157,1.4395137458058214,0.8255162112059147,0.4025640956713369,0,0.03600400682444846
0.5565669484723789,-0.7225658962094142,0.5510309201771728,-0.36839557141533197,-0.5184268222072665,-0.3762525189835859,-1.653907204142148,-0.08076983008000697,-0.3250591963243857,-1.178554478459976,0.6970520568338476,0.7006025536011248,-0.17653008400303236,-0.009052523719730407,0.782364105035192,1.5566886406139007,-0.06514368292914148,-1.3916111625164866,-0.45505276514369647,-1.4125346522583822,1,0.6322121702633229
1.583364038213338,0.7687277810313555,0.21756313468867403,-0.6855405760428556,-1.505894408234403,-1.750750506539154,-1.4866025363393451,-1.7731687554946014,-0.9663817693016269,-1.50541383929477,-0.7521128411744189,-0.8733828797245536,-1.3303001964861256,-1.1750539879760797,-0.6249658678723202,-2.534140207669979e-05,0.8216090395183073,0.45876261273620433,-1.867120834779001,-0.9860847695766822,1,0.9695431418211342
-0.1292706668837878,-0.1842422256965416,1.2043053862278856,0.9237844775196805,-0.00906023734607843,0.13572367293792484,0.5061525329483744,1.1711127265753372,1.9474124182894106,2.8578625013059304,1.7862524506628816,0.3864640485105375,-0.20742310201340594,-1.285684349600471,-1.8535110290785919,1.0427335318837707,1.1407114920727965,1.3179676994564111,0.6694854199548261,1.5913579007566117,0,0.00043492673586503083
0.2804242940424348,2.1765441177548004,0.8138203286525142,-0.8406757924819639,-1.733865988679655,-1.8150431288779796,-1.097296433316327,-2.314941862713159,-1.5869168143960892,-0.4682523213923,1.3137444114727372,0.8691329547492609,0.9752283794417442,1.0238244563488013,1.231193158549024,0.1907989413088038,-0.49275544079237243,0.2580830650138807,-0.9432111746899523,-0.2366071442088694,1,0.999981602676514
-1.3601457504748333,-0.22268742893234583,-0.711004267219712,-0.5674496238836882,-0.72893715460121,-1.2013420302681654,-0.8494752652171329,-0.25656864845662036,-0.884930892935047,-0.33470093817789465,2.476167937572367,1.53834252170766,-0.6328276226350815,-0.921974043135779,1.5817368722762308,1.5564530124240195,2.5046776535042854,1.2294660502366481,0.40263277828411687,1.0008149145601166,1,0.9326183874754078
0.7700370580973328,-1.0263809903870895,-0.738431456790063,-0.9006793258821002,-0.6258011988189841,-0.42692847857495536,1.1790868377495156,-0.009625314334352361,0.5066095323617316,0.2049731642184496,-1.1421022561543517,0.20295404568127395,-0.39761332917393727,0.13693116543820574,-0.3377441461134649,0.9202232519238923,0.29861266928754054,-0.3436786770884072,0.7803119666940879,0.659427090785994,0,0.01097809472023476
0.6363385678582286,0.7304740140449003,-0.5420592054177122,-1.4110241973399769,0.1361651384178155,-0.02173784783187029,1.0187909224528708,0.8725084835957061,-0.6550617037411985,-1.676781331703135,-0.8335984075087902,-0.40712077329761237,-0.08383340852971254,1.001260118525615,0.6433383402012403,-0.4134362197679727,-0.5595741732255993,0.742846541419293,1.706450708894533,0.00871913465831158,0,0.014649484526311452
1.724820361407372,0.8826846738925919,-0.3255108336461836,1.195820670714775,0.9647730370718338,-0.3350956027646232,0.8174073577847882,1.346728189190551,0.8151167040303645,-0.833754607858424,-1.501758062051916,-1.5169990452040671,-1.512949226665734,-0.9066958001223686,0.49328979848378257,-0.12659828054275027,1.0712003067721845,0.7144467596484843,0.2521266383769236,0.6008380661472538,0,1.493462389461613e-06
0.328817094551221,-0.245636012915302,0.14690292615538145,1.427478458993745,2.0143666419942092,0.4729008344355536,0.01907554286259189,0.3769486404271856,0.5213226263852262,0.671057827833853,-0.5644683043819236,1.2601976857015642,0.3553459226782136,-0.06154681058570244,-0.8786336710285919,1.3388338674687599,0.22339937880762473,1.2037192336257503,0.800599499649848,-0.1940614673686253,0,0.0006635222001571874
-0.6272505714350127,-1.0010942547576531,-0.7095793452612922,-0.6729088674340856,-1.274003135924538,-0.16072060424107795,-0.6712967406714052,-0.5690784531173271,0.5882387326471391,1.3716381629971544,0.8382947702726209,0.8450969823322299,-0.886515697552819,0.10464460421599536,0.6936144026464779,1.5050690603033883,0.5435731739647724,2.4127983156482165,-0.31884901245276726,0.26722778550703485,1,0.9939476975513187
-0.3450594367865155,-0.3117357831716106,1.3955331433684084,-0.06335623018604043,0.18237611527509798,-1.1897553384715418,-0.5337788029662848,-0.5328572317855701,0.4154839508243613,-1.1179367410602687,-1.1761470302668888,-0.007716448426520785,-2.7348550346623473,-0.6968584932032792,0.005258967446297168,0.6404060371989088,0.35781221528358453,0.25437395073402536,0.9384943356795108,0.6361045354965772,0,0.006020324746859168
-1.4204926120019077,0.37105315133698175,0.19412054823125074,-0.9983779976651671,-1.326230278508306,-2.409112366648095,-1.453307024666297,-1.247602388816672,1.2181566192651843,-1.0101576958349772,-0.45030246775801425,0.590926164597503,0.1691335599126892,-1.709851204053109,0.39217917495277654,-0.9941197846282908,-0.5819928589678007,-1.1500349450626377,-1.6232942158783352,-0.953503620441039,0,0.00012737917735244873
-0.013150259521518354,-0.22622125381722655,-0.22782739971160407,0.8112532445723747,0.7487137369399437,0.37233098702511785,-0.20987518231379698,0.18416692254689235,-0.4087886353451202,-0.5047081374110206,0.13989274058590367,0.834637952778381,0.23453372895482974,-0.03495171536254724,-0.9180797376256304,0.5077837852603656,0.4687397870620646,0.12822842961308747,-0.6707537980792441,-1.2599033462811797,0,0.01354821589957492
-1.5290223194783894,-1.2978892179470602,0.43332727222368245,1.74819323372525,2.235983324087693,1.2380687668827524,-0.1419559036352497,1.8637287055714264,-0.13864362047027226,0.5551611857632499,0.18316471705564505,-0.22298942559414492,-0.07959719293666816,0.9436057852783359,0.8192715915162443,0.5182029923952162,0.6122120939693856,1.8385087067746182,1.6587541537276593,1.70346531262655,1,0.9999976715925176
0.5342103522810753,0.8901363512419191,-0.41879371837644597,-0.4784265928833251,0.7006246603775446,1.5356458240556639,0.7905571598908099,0.5185394793273449,-0.17126413030884338,-0.15018141601164942,-0.7422919666393627,-1.420137256212382,-2.4148694634162977,-0.7249801902247884,0.16517289479868952,-0.8127456621283566,-0.549745868123979,0.4697881245127207,-1.76133320105835,-0.02405861754186204,0,2.660990693236044e-05
1.0200439468696665,1.4413616177975794,0.5458467540910892,-0.9207976128802556,1.399867698757437,0.13750601375046292,1.2497461969639796,1.7801973985596815,-0.7880059494969872,-0.02927392031357893,-0.005633283860449382,-0.3383887298529598,-1.5378326900703072,-2.4634573631669254,-1.9106933931437602,-1.9356908872002676,-0.7768065481841931,-0.1344942887768712,-0.3154339147980668,0.48814296140742375,0,1.0868330870847697e-07
-1.0870565115372188,-0.03659328252055954,0.011488320961665686,1.4403702619971868,2.4981991274081228,0.8768982399430936,0.9684645113046036,-0.4296378814709596,-1.4859517590046782,0.6450210521715212,0.790413252309515,0.001194359857928927,-0.2050820413315289,-0.4430809996968815,0.6413023266979311,-0.7544958917204642,-0.8550541448614947,-0.31418472411621234,0.5232646969342636,1.479700686532798,0,0.009629626581788835
-0.3232341627658844,0.4993566870909635,0.10963416951644983,0.3510566965300268,1.1451373898039563,1.3285549639790148,0.2899196935229892,2.794797708835033,0.5182537155243585,0.39498623762206253,0.158839382123809,-1.2328038118617572,0.11029907156014702,-0.8703566826690975,-0.08550312431239752,-0.13532658120664134,0.012127814768943616,0.5149456245019226,0.5619817788773573,-0.22695498103019446,0,0.32158605933402296
-1.101688854915318,-0.19355530620643482,-0.9399605666367028,-0.753969009840302,-0.8876421453616209,-0.09838520980805196,-0.14700928064695562,-0.7081482058514948,-0.8687028002759255,-0.07923485738312122,-0.8590928080099856,-0.8160047118663057,-0.7661249404836425,-0.07631360453384509,-0.48887463509001544,0.7824239200394749,-0.018761283705495752,-2.361224187265131,-1.948769628325442,-0.6301872685716404,0,8.522126719186569e-08
0.8441171558621399,0.7868706006991906,0.06837037676079606,-0.9260357734845467,-2.2824632339982607,-1.6899614678121069,-0.9738338867151048,-0.4089580650883654,-0.9957334986423579,1.4840530776792,0.6840055879450059,1.5079713100905519,2.5909904583338026,0.5768362885408245,-0.10270860480549518,-1.0424464870335193,-1.4148671060055753,-0.36371959760308464,-0.023574930091511653,-0.879654921434817,1,0.9019028390280741
0.8539869909326239,-0.18924394258948574,0.16339628066940987,0.1735393638728026,-0.017122873619343813,-0.05133355578442041,0.13823338455648765,-0.44473217587149394,-0.523598271277832,-0.09532391734764453,0.9186757476620853,0.09828110366391613,-0.10575952392815184,0.7220882816435616,1.6933380039607857,2.051343710873785,1.8880474453566802,1.8966357644723362,-0.16195808476605988,-0.012149159231356283,0,0.34613028151309855
-0.20387386450103223,-0.5433787234051954,0.09338448631316404,0.6704713388635891,-0.48217521693232096,0.7585089504894208,-0.2777860362599313,0.20923724253382708,0.7220152245480618,0.18421919416085103,-0.8355588323578103,-0.7837228904794907,-2.0197604397186497,-1.9936509815069081,-1.5069284997145678,-1.4453639571841694,0.295140759796913,0.17048445496924208,-0.06583271349777498,-0.0051050735283111204,0,8.72586799728818e-05
1.091568887683911,-0.0482140725659693,0.46681786324976543,0.8698477202536095,0.40670031105382887,0.714525094126062,1.6664209347168988,1.3101024853436003,0.5722418603964393,1.5600481337354701,-0.0007722103644925153,-0.45635076400260854,-0.05486657218537317,-1.3384672402013997,-0.8924970727194633,-1.5095278895539386,-1.1886523300139409,0.6559879911621235,0.048835582107263395,0.726575184105832,0,4.470442830164585e-06
1.0979485154588413,-0.5459819265665464,0.8140346011454793,2.103121205443092,1.2280901096730958,2.004947310910096,1.2905522366952131,-0.10995500091227518,-1.1266469779508972,-1.4577824535100228,-0.6948570128855428,0.2048330796175853,1.233075868483062,-1.1115964619716723,0.11539909041226439,-0.058162886243798076,-0.3030817951305462,-1.3747566867393355,-0.6398596060037887,-1.528058751772465,0,0.04139923865126428
0.5949239724796723,-0.4696737702991385,0.3470597325278762,-0.43200813722847575,0.5030768738422025,0.9123798198816283,1.7431981346311272,1.2743259995897627,3.016646273788397,1.058880536795707,-0.1694017718836088,-0.4689599984750808,-0.9891219690252575,-0.2502945332532735,-0.0445775661789425,0.292196889141845,-0.4703336957010576,-0.5518864367942948,-0.39432815876549604,-0.6754639983767374,0,0.0009186023083128612
-0.5044482109675905,0.3580796226297998,0.7939220709856236,1.6335111226533208,1.1058705223906131,0.12466740835907758,-1.302575086073725,-1.048339085659477,-0.34646647723551893,-1.6529743853197159,-0.925220864458663,-1.7092029467488377,-0.22201025833330373,1.4826064028997659,1.7248061316029364,0.5085649169473849,0.7623652098427707,0.559683931377383,-0.016982505214697113,-1.2839028688709593,0,0.25663390676594255
-0.7271924881319862,-0.26976467548987926,0.12799126841962163,0.27064853112465515,0.3478057155595733,-0.3811055327848158,-0.7273786385940485,-0.38253822477795585,1.0554108871854286,0.8282444066228251,0.6027141691648542,-0.08733912247880223,-0.4724336200424563,0.13832303958753983,0.48162926113246896,-0.46482361076194867,-0.7835858193543802,-1.348423666969151,-0.7348735239009914,0.305279800412675,0,0.006153784968325849
-0.5278871022202047,-0.8792587499464927,-1.0378184813149545,-0.6382072623981626,0.016754453215107643,-1.3070452275620088,-0.5211254235775368,0.5044401444994004,0.8937580997348671,-1.0032450200588485,-1.1438681568895415,-0.45327814165544966,-0.5846832750365448,-0.6340539709204308,-1.2325840166779,0.45419712011852054,1.1915522081147523,0.8027046747342212,0.01638401552655901,-1.2865622564137988,0,0.0021829966703750467
0.1688875227707725,-0.5152200777601695,0.7486149931284547,0.03590604145560019,-0.4193934397583497,-0.34187242593569384,0.4710803959480445,0.2548723399907482,1.0630152168822893,1.3120461275835817,0.4944141569780022,-0.6763120242064213,-0.33405156331420155,-1.1553760362767571,-1.8224990712287306,1.134104620174378,0.7270882799681747,-0.07526606800626325,1.0631932789982335,1.6100061062012692,0,0.0004206351243852606
0.4919379975286916,-0.4416212836733532,0.36328469003586267,2.1548670131883094,1.5461737216635478,1.445192580247705,-1.3015386395543753,-0.12522401257409074,0.6743906654984148,0.4888173703980085,0.8266307515994881,0.7438675324867073,0.03573465970436794,1.6579085398638338,1.1751936185369518,1.5613870195803625,1.491201701292662,-0.4296247433941556,0.06011788570774607,1.096357625160121,0,0.9036474971851031
0.16753320484428968,0.034624630337777,-0.5442039425791605,0.35670158961922327,-0.8353577784800951,-0.6427589972165585,0.40900973667161344,-0.5884000995294927,0.048113393577280776,-0.5380562332717098,-0.15467776045123413,0.3656210099351726,0.8873162470863959,1.9337866985258956,1.5551994817533905,1.0898199898037997,0.8839989318337906,0.5441766933144105,0.4768969073891727,0.3453368275714476,1,0.8590409977818587
1.3283889902766095,0.030963418300189227,-0.8085730902795172,-0.6516651767543178,0.6801044687912111,-0.7444407800191271,-0.23446460724503845,0.7944846460782486,-0.30359783231904036,0.6449608301548216,0.21756884529720302,-0.03772412138934028,-0.791911564062008,1.0481690444734932,0.41108165591500734,0.06811022458462862,-0.14188955833335395,0.9445906170814251,0.08642965442760311,-0.21414498430116063,0,0.0026854069052995116
0.7523986112100217,0.8779955429430013,0.7673619019097923,0.9768352389815925,1.1758249070010534,-0.3046515609365351,-0.7620923433124178,-2.2305681670020343,-1.5100332936095582,0.5544487973000481,0.26299542611133364,0.7151010590516464,0.0013282485886904213,1.5338408158734502,0.6646792162870785,-0.844654253885385,-1.9364553412607641,-1.1263682683415601,-0.1385855612791444,0.16659176225065556,1,0.9990461179425661
-1.149776775679817,-0.7712508906297223,-0.45082577196822854,1.0470957951847581,-0.062265780928052156,0.7779331649477588,1.0486221432739167,0.38281669067055246,-0.7792006914232431,-1.5727571458321836,-1.4240950397693046,-1.322996098539712,0.6487436136132122,-0.6395895708020797,-0.00860040172022142,0.5155046585797436,2.2732983267618554,0.9482613938367835,-1.041116149437355,-0.6454815587949455,0,0.0012298651483813037
0.8518493548068168,-0.04250702378317714,0.009164842731626884,-0.9840186042691281,-1.4227199081533477,-0.16437355484037242,-0.569775151021204,1.4663192919873738,0.27739018963959217,0.761160033238102,1.9024146098902708,1.8246516010014744,0.679706125857555,0.2309119263401313,-0.5662903272789112,0.17048080373702956,1.8446365171534396,3.175422394875971,1.8982221383178113,1.114909191840551,0,2.752473723838072e-07
-0.7353972918222256,0.6710532603413868,0.5957586438960178,0.06877047811995952,1.9418102449277952,1.0634707150340645,0.4595780383429499,-0.6976820739031455,0.673349011640572,2.0718694989871222,1.9187299539537142,0.3429387836765298,0.603963386660001,-0.15429413452347496,-0.4761164025771467,-0.14403657051013743,0.8680666443598946,1.1898364290113541,0.011559697279584346,0.2542453243741078,0,0.038459946161666175
0.5148680017058279,0.671071475964245,1.3758978272388167,0.7030845347711959,1.964956271820483,2.083807392572574,1.7690593119934892,0.6917086141528744,0.7005942143379627,0.6525151405807289,0.828410147720749,1.866653488761852,0.895854991230833,-0.25512127734853346,-0.5540810849717177,0.11654678162413872,0.4363180685402592,-0.10462997195979597,0.9753603816157763,0.17178544424994818,0,0.000296404101388187
-1.3589209587937936,-0.191421558856091,-0.13593083354866187,-0.28303926422573583,0.8566070014158751,-1.4459385639277984,1.0546553287426346,0.23364445388680818,-0.9831708338272922,0.14310909438729727,-0.9321968938133757,0.11246435284326727,-1.3957061726029707,-1.5071957505957028,-0.8997586148940862,-1.9708216722465668,-0.6625819591005636,-0.6386201774720432,-0.9068993311520966,-1.9826035635676127,0,1.1311284009183319e-05
-0.4344309698144914,-1.628612628188609,-2.5015498512314553,-1.970060994853858,0.12431994369270918,0.3328789018975903,0.9131065998285756,0.38631566688771457,0.9081230800759124,1.4000913323167297,0.3782722250998803,-0.41041971453282444,2.2043132793452607,1.6630269651608627,1.9479956038504556,-0.10060575740314745,0.5477617093398575,-0.6318549833739042,-0.060338022937796665,-0.1522790918631885,1,0.8667242649645502
-1.0568789588806258,-1.762062970086927,-0.08649191427191076,-0.47358561188608955,0.6948065617741027,1.8272003735434248,0.8192949172009057,1.386255550119646,0.31195982560146435,0.15051516675230509,0.08325709211045332,-0.21496574827372542,0.031205823559294667,-0.20117827120128604,-0.3379451624983918,0.26089255217645324,0.20139053209664393,-0.7712033882186968,-0.3084366073751933,0.12115005174675077,0,0.002586901426308682
0.11142039372925813,-0.8841477011833767,-2.186880145103552,-0.9793474845950718,-1.5910236829919633,-0.7449317939041993,-0.967227643142718,-2.0837049840018373,-1.3990636670239247,0.1930173759428265,0.7205663736651902,1.686582553628025,-0.083722531579587,0.12902198397753617,0.10446569620086893,-0.015919021648564777,0.48482127062125246,-0.2860345494006986,-0.8729271823505604,-1.6095549089048549,1,0.999613798818388
-0.005498851696923534,-0.13602356454888603,-0.8908732300446432,0.7488426548504271,-0.9018950257919359,-0.48190142192711577,-0.21830654719871942,0.9532251268224261,0.10984832175626888,-0.8834118927270637,-1.3089518241910973,-0.8404088866451316,-1.0475748876779618,0.7211988813842877,0.6145421536869874,0.051866893704987184,-0.6439025068005321,0.2497484062862101,-0.057543157366142884,-0.800273663268144,0,0.10462131173014418
0.4362199390454812,0.44790405700948727,1.0648842377064642,0.611013036667397,-0.28232995894131346,-1.147625080124437,-0.7005526757336296,0.06896333219974284,-0.8364345315624367,-0.2789765786253614,-0.7433071210978012,-1.1774880716958729,-0.9698918523598745,0.039846353637769685,0.7710549828264239,0.513907866542195,0.5517549665195228,1.6027163304628087,2.456964165584879,0.29695936203387996,0,0.0012245081179600896
-1.356883330003314,-2.538164403626104,-1.991246947388458,-1.036535416837403,-0.5995367664865471,1.159588995674555,0.21387953683523636,0.8141249623738908,0.320759898296759,-0.2625888554439456,-0.9532460524591732,0.0882681020775377,0.5814726436804332,1.7458877011708145,-0.14687845532009056,0.1050929823969621,-0.20399961837147235,0.3597772261346887,-1.6455344955152127,-1.3498947768984388,0,0.04452406664676603
1.967513989102548,1.7331106581108975,1.0208483513186595,-0.02550778051881273,0.46265173412052174,0.3314410651198018,0.46328269485550144,0.37600069707490463,-1.0726980840575935,-1.2838669599167871,-0.06470198844329252,-0.2635421032569411,0.9252875498721043,1.092887386474541,2.039978822654184,0.3775216701327067,0.010338556263181203,0.31202039110939256,-0.4461145230450423,-0.5660013430116815,0,0.21735236275241898
1.2762664824532846,1.4793918732378892,1.0367421056715096,2.1972573575024033,1.847183193623558,1.7970443811069554,0.033158573058241644,-0.9232921711212787,0.16248263808780863,0.48273571336384696,0.631637160445287,0.1921402450926751,1.1286340374767085,1.0440604211524347,2.5088506200382237,1.0929745325347684,-0.25666867881092703,-0.3920733387820408,-0.47294640842552255,-1.2354291100963866,1,0.998976996219229
0.010636004649761223,-0.25177844252613524,0.3688099013630499,-0.1310052856919099,-0.746185346173818,-1.1385756917054657,-0.4837567962088557,-0.13331667965547103,1.5344362457003209,1.65147882106437,-0.3764116149842061,-1.4020460371482517,0.34822127423911714,1.1717763592665713,0.5323879987885756,-1.8198030275535526,-2.0729638388443483,-0.6929241124778205,-1.6609553007098805,-0.5593762519750506,0,0.010731741272637155
-0.5072132318951229,-0.5320875548468401,0.012254360776310567,0.4622439515328597,-1.727304924643225,-1.2900027789844732,-2.1243696677102966,-1.2984773399780003,-0.958397116947271,-0.21275022831900037,-1.7024404630265,-0.5578604739071749,0.9262524649845179,0.5422224618496344,0.29068680170140243,2.028222880716353,1.585829428650391,1.7025575539691467,1.5048525155511294,0.6531270383316469,0,0.012505172104266674
-0.07676337412766564,-0.5469450007608341,-0.2354330799832697,0.2013247191509297,-1.0847044690964431,-1.200376594075317,0.7184002173577397,-0.4380198900582125,-0.6981289440503374,0.2257303356382492,0.7867452453697446,0.7626153904770867,-0.02135522173616342,0.8478797568676432,0.36446518329739713,0.8190696076179264,0.6970152630118187,0.26969545185735033,0.32484605362421454,0.21920710409739635,1,0.2721177853320776
0.6298928698922722,0.31660157350745854,0.27626827527356246,1.3267373584492863,0.17114392287050553,-1.0336152080243814,-1.4428581749073803,-0.9376680624690811,0.2955053076735968,0.5967525084757733,0.23339203175923207,1.1200027800620063,0.49791576303993934,0.35898171183518257,0.5451846465597917,-0.3648380712975331,-1.9795424734720182,-1.1964196910557863,-0.5006421880955467,-0.39380857628806726,1,0.9823625358920095
0.03986382990758143,1.2832382874600121,-0.24876960838132556,-0.26429739685083076,-0.8755888063983469,-1.6487583811599973,-0.7010038786590038,-0.29539894081810447,-0.6115578615184574,1.3021246603098422,0.13358906730830844,-0.06727559954968837,-0.9726822635278043,-1.4771292484910807,0.16805547745779625,-0.2779477336172349,-0.03626469612100573,-1.4618242072615117,0.09356240153559395,-0.841222670144384,0,0.023015470569276185
0.7827871270383732,1.3831216957924082,1.3551937960265237,0.7359043735723422,0.7550964147092574,1.7654989289737795,-0.4807617083622302,-0.6720714950916131,-0.011296718683683519,-0.9046188386087808,-0.3125460096539592,-0.5813528719682393,0.2385361401498411,-0.16127616703633904,1.4484870035954844,0.5740842788895557,0.7291454611717533,0.5274357155117524,-0.012172499135227126,0.12533923702856256,0,0.10304569454811757
-0.23682281564904098,-0.016814407744945914,0.2842625414243558,-0.03490354584400574,-0.9706431906099289,0.19809370915210267,0.6794591336835291,0.587106914391525,0.5625916370701725,0.5076273750825551,0.7137095508029129,0.8899123397736904,0.3802011115776877,0.9554309250515847,0.07495858185863508,0.2317169025648789,1.6011574319352493,1.0651281908178747,1.3643738652495556,0.10894471388650546,0,0.11174252237047798
-1.3888193290027184,-1.2050547299186527,0.0075405068262550164,0.12986339384443316,0.5185351257957841,1.2480643229429014,1.049484097130425,1.8376635486469606,0.8616258185561045,0.17307790246822605,-0.36732248472744666,0.0481670856880424,0.5711826551085891,0.19108431375387253,0.919157500194879,0.14212383832647618,0.10097066538263923,0.3418849491661944,1.56184272704657,-1.258544139901536,1,0.9998141030294526
0.9619949250233253,0.474395646210078,0.8815887759616662,0.4673910067056968,-1.2794668838350047,-1.2758452986148503,0.37837045659792495,-0.05848147147947685,1.021233765358699,0.5227922218360596,0.9995967800275601,0.19281744005486914,0.09046165034315702,0.17016886729533945,-0.39305981090635594,-1.111746246429057,0.15098542445800925,0.3251136952367806,-0.5583854296338627,-0.7533915916125836,0,0.0635016072209425
0.4875788167362114,0.8892308683886686,-1.2838846438945695,1.9629732119253467,-0.38973489052307164,0.4625732779622643,-0.7637561704604569,-1.0240878995246427,-0.5842916404500961,-0.9696715788895341,-1.7372564328913531,-0.20251522952370687,-0.060051990909709745,-0.1664196530370556,-1.2771578840045283,-1.0930790899465566,-0.6420494646583815,-1.5770273917663198,-1.7812394393804423,0.18618637918376177,0,0.06040938716499943
0.07310256795091478,-0.31702587364566903,0.1717099917700559,-1.9072610685755704,-1.160230718177859,0.08255184210130573,0.868748291461056,0.5312306809484313,-0.6503458633695323,-1.8050617773717375,-1.0761954471433968,-1.368935188990243,0.5692164085070375,-0.3946963250846468,-0.16921075257065088,-1.1900732050704559,-1.0096199267119619,0.052191571457227776,0.3559405498326926,0.3617281162574892,0,0.005314297271432391
-0.041251474720782215,-0.5670615663344422,0.38437900762336497,1.3657029043038862,0.3474898101433028,0.06540727443091168,0.17863023256021704,-0.6142586207067939,-0.3084963836909304,-0.8507264099620669,-1.1051458938590037,-0.39830928667283333,-0.9633054571004384,-1.0520830353607173,0.046521726232079966,-0.07412245814112212,-1.4708852612204797,-0.4815966401246286,-1.3675381775245479,0.41840480751212694,0,0.0039121710273692534
-1.1369759043995973,-1.516389486249641,0.045825749850077736,1.4157854392715155,1.4457063828518613,0.025571393242987527,0.29914523549683425,0.4950721992990545,1.003219217424136,0.7821560553073648,0.8205544640503803,0.02074184287711495,0.30962489484862155,-0.1897812914860115,-0.7794063253114228,-0.4683721905254758,-0.35556223802887954,0.15569712488813725,1.354691537132429,1.4645946057736878,0,0.1280754327978662
0.44891878002256247,0.026840677631103444,-0.31407224136369444,-1.0502607765972736,-0.23151946925647393,1.0053904954266033,-0.07575894356553439,0.5284806341521794,0.9267182474600902,-0.2105284030405102,0.07836535729242372,0.18502803346659022,-0.5193944620387709,1.3030872482117148,-0.16773808373460278,-0.41560061999303166,1.5184528246471547,0.5483736943347052,-0.6076906018559312,-0.203003751425649,0,0.07356573003351988
-1.1928023765680746,-0.9889991663901779,-1.420571233688407,-1.0979127560355457,0.9912564783775868,1.057808854058659,1.1232199532086395,0.9242767901006123,1.7469248793425711,0.6389552279827414,1.9249175340686868,0.06771316045273569,-0.5601820237192779,-0.7533020178455416,0.1228228378122249,0.013236701340132318,1.2522088132455667,1.3185990801815537,0.856590208113539,1.8332333105037728,0,0.6350377516720594
0.9701430336729255,0.1616306861512144,-0.8325567094038707,-0.6411746258769274,-1.0790767231457195,-1.2816890212083711,-0.038954772592452384,-0.14140405215289475,0.8325491494982764,-0.9546794093541098,-0.44919005413825513,-0.9583572769018127,-0.8673211613190176,-1.2000502909400785,1.1098068255919291,-0.4244988234451167,-0.6853869628358367,-0.21901105144864003,-0.6783014891731998,0.9727346300234616,0,0.025934889555657602
1.254549905116601,1.5595295610597504,0.6419917072221607,0.7964552488901049,-1.6368485258890655,0.07936702994772481,0.09303446473753611,-1.176822973518469,0.3992011008907479,0.39023315430890243,0.3176593140453015,0.04836118935931742,0.8738093096375258,0.6517483231378818,0.17598949500352076,-0.16214755353969218,-0.25977999266044477,-0.704481076286072,-0.8814276602259135,0.4665170653162184,1,0.9952296151371125
-0.7044234265889207,-0.020798087312819867,0.0862947697987616,-0.5444867711911581,1.05125099241858,2.1078779403872847,1.8862592497850739,2.6123028418559793,2.3569866100978927,0.9189093484779374,-1.471543426464848,-0.3627133609447731,0.19017504337760827,0.5375148477963029,0.4645867739034551,0.41660084766041616,-0.9474194265772217,-0.692078747029751,-0.3016379965239727,-0.34343147395842066,0,0.030198478524684966
0.9668124833472471,0.742042262782867,0.13227904455514558,-0.44614419575412917,0.7024601559090512,0.9568450356163372,-0.9015697616152063,-0.1217662714954921,-0.4887344640036883,0.5081419100695687,-0.36332804975137667,-1.7438232124713329,-0.6739092827983432,0.2143128703950034,-0.519262694153626,0.04492675491740603,0.5946763304341975,1.8323191113340498,1.5204482115985796,0.929860232157377,0,2.3356355772434922e-06
-1.6842875311492977,0.36608627002174216,-0.46265151334575544,0.47784193567102257,-0.6562637024244102,-1.4000371134049339,-0.4330301185646231,0.43025651833422285,-0.05282344602851546,0.5148664447477671,0.7666750321037791,-1.1711948159483412,-1.7446861234779467,-0.48165979956925464,-0.25266054826501544,-0.2788093933636656,-0.4810067629354181,1.080089775040412,0.579193437673491,0.7524306577864014,1,0.8611744668742581
1.6706467030806245,1.0609628990069127,1.3486333391099046,1.0526698142055135,0.7743590027334614,1.588421374461931,1.5401863806566143,1.0584592918437892,0.7329143523669012,-1.1276291351188081,-0.513603888127582,0.07744623903979096,0.2707516822159591,1.6465093604553576,1.4528573973569077,1.7232939986915914,0.9508997906400392,-1.3217661567172765,0.6553005262615479,0.22594964394984277,1,0.7088026124349652
8.378067029585875e-05,-0.8286208020434848,-0.03767620976973036,0.7508041003979826,-0.5635354933057932,-0.6657231270852487,-0.00606216016957157,0.6113938439104056,0.880527193859734,-0.36645255044209024,-0.523953272278814,-0.4684342501781435,-1.3163611245919244,-0.9269410711416152,-0.9779035901984352,0.12643108398782288,0.8150539044440461,0.9005848861725143,0.8125312785397472,-0.2882928144365042,0,0.0011059819358983046
-0.530935871150345,-0.022080616489020044,-0.7241879363070708,-0.09227325550230268,0.6241417182102887,-0.5327364719166091,0.5710399117685977,-0.012752781507003017,-1.8011316335263743,0.5304590050384185,-0.9602237089668874,-1.6741042463295273,-1.8005483881271596,-1.5151790018039828,-1.4120953118548738,1.12562866775305,1.2957910227565845,0.5396495535205209,-0.15337071748973038,-0.5296721608605865,0,4.206332332400777e-05
-0.0864958433020628,-0.9645626298823912,-1.6093451461773305,-1.0346195702787464,-0.2531882804401029,0.2996665820425559,1.178008506959422,1.70728505683626,0.26976642153775177,1.4238728400449645,1.1479776633800187,-0.2701644610477937,-0.3039558082736817,-0.6587835877952672,0.06243820151508589,0.45000829121913166,1.0396386516210574,2.7755211685546053,3.638195837347144,0.9834568080962368,0,0.023235496734178438
1.523569381637527,2.2704734024084967,1.3647142387621942,-0.07706390962327901,0.7147016049666328,-1.3973764123834684,-1.6473132319048345,-2.9985644703301313,-2.6071673741493626,0.541298640063331,-1.0422025784680662,-0.26566982884416646,-0.6634713778064587,-0.802356624355689,-0.389440809072357,-0.6677001469290271,0.5936418926574121,1.154710794541755,0.02499917058140702,1.9093019429287195,0,0.32089415512147007
0.6742392012240201,0.7516517422472395,-0.5917004544723614,-0.3686831332242158,-0.5449839889167679,0.04286085254579278,0.24237165770627833,-0.3530646186361357,1.3551972606045444,0.4760701792256263,0.5928315891988233,0.7799130119609538,0.6128756323669214,0.8900819137423688,0.26398809808629764,-0.35574483476639596,1.0279542286528474,0.1947734320038065,-0.3696064514955102,0.6949581797455223,1,0.7163050861396235
-0.6847269397302965,-0.1928212071962104,0.14926220328992115,-0.08980448885519167,-0.8790444667129425,-1.5304774607510045,-1.5772282412317757,-2.449792638776102,-0.40447777923623146,0.5884459431948833,1.8206367582016518,-0.459978686803671,-1.4347410952477808,-0.302273983760592,0.23358685800603451,-0.55688659169003,-0.10335696369958879,-0.46852590672274796,0.017093633793959832,1.1967817261322287,0,0.007411699932023443
0.891899030636732,-0.36031837198906025,-0.5957607545339846,1.1104859469148367,-0.2302843716792683,-0.8106651583276553,-1.0820107825275564,-1.5891858632962874,1.2041326183419059,1.7574227297900502,1.723329253768095,0.1174577614717075,-1.3179951954907072,-0.706766533778689,-0.28354571592259437,-1.3971868833279986,-1.3620559292759133,0.43945543398739223,0.43332327782153374,-0.9609983460963868,0,0.0357643842270478
-1.3330670536413838,-2.015549813835895,-1.050171372997702,-1.412990052085168,-1.0993035132487319,-0.15184038470720998,0.1673715165651566,-0.5598302770301403,-0.8661778721733616,0.09318414166831801,1.297105325348676,0.7288218670437084,1.5224335616357338,0.3859711920975032,0.053969659798765064,0.7195604449162314,0.5476927722374482,0.36802755828167977,0.23191358571233509,1.4216403442350654,0,0.13395069357159003
-0.6292490550452785,-0.7900785153213256,0.04338217028505409,-1.410478400234958,-0.3102083293453308,-0.6811054921586066,-1.371383676640018,-0.8851433080638028,-0.682737342930592,-1.3942778589484488,-0.8866381339796041,-0.39610287319794346,0.2568472445489382,-0.2222990869095425,0.7071795426316155,1.0574808131152214,1.706691953115538,0.8971798361343377,0.07165412974900168,0.5998691505950182,0,0.10641811745292992
0.42638451028720953,-1.277339846618864,-0.7944325634987754,-0.015707255558033276,1.2413634573338155,0.7227561669812947,0.0830510238338587,-0.3803450603895462,0.7531756742593894,1.066198782942747,1.3641954021787654,-0.376972873711919,-0.1118989761950955,-0.5226422759472376,0.2710281209174483,-0.5453408596292469,-0.44004155915378723,-1.4880420001183903,-1.175081878029095,-1.8082342955367832,0,0.02848322295279617
0.7923412883052174,-0.44133541605580523,0.12748641452763715,0.8413322466610561,-0.29899265605547853,-0.23626303587659228,-0.6305053703362955,-0.7835786826470325,-0.6739326904172372,-1.4243459175747695,-1.0499305697770496,-0.27128304266608305,-2.105129807235581,-1.4095311557767924,-0.18672170898814835,0.6297124401129263,0.4094184299774396,1.3165274238243907,0.40115214832512397,0.4781969030992415,0,0.0002185551731696412
-0.6349239748062614,-1.5027667615166447,0.34355019078510995,0.5141689782611414,-0.2788094352947109,-0.5604314563441928,0.5764677218673468,0.3340973491879258,0.3014135367645466,0.949526810192257,1.6865994926274457,-0.20132865854473456,-1.3013402265492129,0.03684187113590971,-1.161975660885687,-1.2609760454652033,-1.0101212163181734,-1.2745838233380824,-2.7479800305572484,-0.49816393664068404,0,4.955808690461377e-07
0.578264496265423,-0.0867865601649364,0.7587801300489782,0.6547689553126793,-0.19401702785636715,0.6861874380667009,-0.47945835138837284,-1.8247827856838843,-2.0096332062637883,-1.1114201746995178,-0.3500352130367402,-0.7029529974156058,-0.9381654935187945,-1.7765792438445136,-1.223104118007946,1.2222216435093534,0.8426857851646962,0.42135173773207657,-0.85806529200575,-0.19782952467587245,0,0.004703063978970143
0.7030078744987418,0.9392555281933306,1.5362939232432185,0.49317395843483774,0.8744601343975055,-0.04677416326380756,0.5342713937892353,-0.5576387902005915,1.558762511691406,0.5005940306789216,0.3956344275747732,1.52218371413491,0.5822153406097876,1.1675210064346495,0.37036598579339425,-0.1569367498523833,1.2111659792861242,1.2802562323988302,1.6177890119436047,0.48701716701780406,0,0.000557114405913617
-0.6335525685590015,0.9237824713588948,1.977923574972064,0.3910430464580103,-0.27914525577225485,0.4732456993249761,-0.3171719190620915,-0.3170932764672077,0.346587738434578,-0.23378959113719705,2.4603161382462355,-0.3701040701202197,-1.497250752043809,-0.7070008109258674,-0.8160409184045991,-0.9571657104256788,0.16763272186714445,0.8401227584059799,-0.027630606084182538,-0.9898940823571174,0,0.004437744526525019
-0.6156900278835282,0.47384796609636426,0.029424977185009225,1.3859303772182903,1.055529063668792,0.8704986602135142,1.3897492291213287,0.9163915819050779,0.5016781748473972,0.9119621478234651,0.12538190871230698,0.914151517494757,-1.3887863490196666,-0.8277588993076179,0.5114928158083881,-0.16520317643732374,-0.10240121053883117,-1.8934383799352514,-1.4165462690277137,-1.368125199689809,0,1.5648621771934087e-05
-0.14208189570233462,-0.12416144139247368,0.9538313507411585,0.25789219693446114,0.5917947479749348,0.5256188010582449,-0.10531726025195857,0.632264635605916,0.14418749304762235,-0.6344538237863212,-0.06331504669888192,-0.6248456945189335,-1.2510201927500013,0.1735210835109254,-0.7805561043190589,-1.3969038447536934,-1.1142406185293845,-0.09617150737943216,0.1351851631177171,-1.3366146156415684,0,0.004993927945668635
-0.13085513827415848,0.47973005635460075,-0.6460958884586864,-1.2511105650532546,0.7708204205582514,0.7883802312327742,0.6654925509791171,1.612738912666545,-0.14032374546281592,0.8879224299642885,-1.7881516221143408,-0.3504077824435342,0.04150523378089003,0.20222852042621556,0.40701897243678353,-0.043149945059683704,0.8233654353660043,0.23268876469721353,-0.36999109522701307,-0.3746420258428311,0,0.013720201318071319
-1.5762246840874954,-1.292574130979018,-0.7753773215831836,1.0096107926279472,1.3271802373928079,1.0210118392401444,0.9623672820976684,0.18575142842576362,-1.4765437651099331,0.9771080730814151,1.728671201244366,1.7981726913234295,2.8160291989438178,0.9531950194409419,-0.6653256066245135,0.6298735696983931,1.6181858265430864,-0.3309780989115355,-1.4605570896708926,-0.8382598386692846,0,0.006746552621331523
-0.001980002470574888,-0.2034622125663902,-2.100066590512467,-1.8277047552169998,-1.9554136268758175,0.2049490315928428,-0.2567787423147396,-0.5765775704803987,-0.17689373540691472,0.30386343705442265,-0.6729469401213416,-1.93535665805487,-0.4065958098199755,1.5868319769638217,1.750011503964423,1.6103763580589308,-0.49718912765065165,-1.4898806115241503,-0.5641643225422969,-0.8415478101404285,1,0.6847425812763047
-0.755675512152778,-0.022733646573256473,0.5828456827579762,1.0825109992025286,0.6745561951322575,0.6929288640493597,-0.13496952211267185,-1.0870310429892882,-1.0206076544564904,-1.5342927348256739,-0.4746606460143985,0.577191332947032,-0.14131704857317678,1.1442200959418867,0.2303257246682622,0.1622907192176253,0.09901210340168069,-0.9140549669433599,-2.378875747078525,-1.210610046497453,0,0.1197478105657392
0.16210294812340612,-0.18978989767886173,-0.11914976096546667,0.8583698599154336,-0.9947077554198489,-1.775306612163516,-0.767590433976482,-0.057143570683570816,0.457777797359383,1.2220598126083264,-0.38361012254858784,0.8042970176987161,-0.15700725601188237,0.3895113276221128,0.9720303271480893,0.24123243069085137,-1.5457657385357881,0.8015302537290458,-0.389040531872488,-0.4165947832660354,1,0.8809368298003726
0.21597414195153936,-0.3253810499828195,-0.11578388017772683,-0.2139004496057511,-1.6881778292245817,0.5257230224743592,2.3614427066037122,0.27553944824483045,0.3812913005578017,-0.2892508996690005,0.2162707541973738,-0.31135025599956867,-0.40079501973077414,0.5323386877074976,0.5922770246887961,1.350528164206714,1.375028380084239,0.8590289909373443,-0.3833874044358707,-0.5715108603122996,0,0.04153247017154884
-0.17416600026383242,-0.5134581082499219,0.5259157505647298,-0.15972520950596636,-0.04237024421374994,1.2642385060236356,-0.64254388194758,0.07573041175481626,-0.9706166319449061,-0.751356484920211,-2.001909017960425,-1.786575154926129,-0.8374100713656955,-1.1620495523862138,1.4681319637940782,0.6791070736228078,-0.3367203116662764,0.6074576874989427,0.8280869698159611,-0.2834281960002125,0,0.09890649961305399
-0.07094970174611435,0.5758645319211788,0.2357052190052028,1.2678173386444092,1.01940506803175,1.3474067770234754,1.00740641121096,0.9106660104204685,-0.723565732365292,0.35965192709887156,-0.26791624072320563,1.1219856218058804,1.4490408417640162,3.0611762523729875,0.1386660476599599,-0.016756152946428116,-0.740014204636259,0.3457515697178445,-0.7869333548297458,-0.5085883621845457,1,0.6823454289579433
-0.9366210734085424,-2.22606627538223,-0.13504629891125544,-1.282823727723049,-2.272975588025535,-0.8515138690972764,-0.631026689027173,0.15411158743567924,-0.29215220508236106,-0.8158350433462709,-0.11996482935840463,-0.2016283242361756,-0.5827377680531997,0.2406743012433836,0.8683226757499495,0.0031916449966016922,0.7342518236607003,-0.058740872393558304,-0.6530939058396248,-1.9813696755343222,0,0.18117652628801087
-1.0975001963303144,-0.7092658530521495,-1.8698307607245293,-0.6802514615749963,-0.15140631828721587,0.47658418253368484,-0.9335633230801389,-0.7041784845907705,0.18428748356096591,-0.05267796402310123,-1.4525452410019049,1.1009609451340867,1.7552938670981113,1.5110148256720535,0.8685025956114227,-1.2090322136046476,0.0678202432904804,-0.6694016749555929,-0.20118231223403593,-0.9344345700005393,0,0.3167121353847771
0.6291832639223461,-0.13404225971364384,-0.2682088708616543,-1.4225996559232046,0.6057574896223296,1.2157317262019878,2.299041327016593,1.4454386858430752,1.02425395868837,0.2670824805957372,0.1277038615953179,-0.24816931758190428,-0.08824306496879107,1.473841235154847,-0.27018761003462394,1.161566981853338,1.33742706465239,1.2497059873767684,-0.4926238411485244,-0.9488246086927528,0,0.0005528002227643586
0.9721687437528492,1.5005168610939885,1.9120663949567411,0.7863601688208249,1.0575091613808152,0.4984472913479032,0.04140817618442795,-1.8568770489840543,-0.9501418568133586,-1.1274064938536887,-0.6926669429533048,-0.7880500865292028,-1.0460036660896703,-0.29140796943833525,1.208117197996229,1.5621351711426024,0.3068622128766287,0.06768520084845497,0.3270770276860916,-0.8284091936221373,0,0.1127295943074133
0.4498013047328806,-0.4305150113313924,-1.1196441861000335,-1.8209349504747432,-2.1543442495394416,-1.8395016792936014,-0.9311937434115866,0.013735839965343662,-0.7069925038415714,-1.1894636245724763,-0.47145329308127076,-1.2625761306597298,-2.01941073705181,-1.0076807302799962,-1.37711214320699,-0.5814335082487097,-0.31402802344400377,-0.40672385890245066,-0.954445709050898,-1.6716410732768947,0,0.00013674581001305272
-0.0833650433588743,0.5086122553721716,0.09066093265909081,-0.8006759535280439,-1.1908920638932954,-1.1944000887763104,-1.5793841204571009,-0.11511148087723685,-1.1216523198596435,-1.3308135992300882,-1.2928939586336519,0.858154434499408,0.14843623476980608,-1.2244645671889183,-0.8739380907597537,0.17408737566710986,-0.13228108288779755,-0.16352547176487986,1.0368926119600357,1.9157795813001872,0,0.00154246837453815
1.5698508973318588,0.31356371909663744,0.5297365503979496,-0.9364951081312463,-1.206809579546315,0.24005288260004848,0.18827677116742625,0.7894028445729185,-0.023701229017217457,0.9431571558949959,-0.3103806075927093,0.5651145042552197,1.3396277744456668,-0.8991306270887238,-0.7571192160734878,-0.41933180248997887,-0.9036210723123792,0.3898712321446346,0.8621089317327401,0.8299699846712532,0,4.194997042603267e-05
-0.4709435003235105,-0.46831497168173153,-0.4321577793595991,0.04347711614840263,-0.6157819165365486,-0.5070490848547494,-0.8842869200399314,-0.9033889297042431,-1.227379862199012,-1.257309490577186,-1.3495522078946216,-0.10029858164783532,-1.0535209914237642,-1.14050397388564,-0.7074517925070197,-0.22002606255139162,-0.38003756881347167,-0.7033949961764159,1.05966428571752,0.6195585158431515,0,0.0009078862373228437
-1.2417291472685432,-1.3226950752160882,-1.6818189091184053,-1.5128117746385537,-0.22697139990188175,1.9887375772778584,1.0249678244981844,0.676792165164214,0.7562835426996368,0.568979246130109,-1.391455854945656,0.7943227017261155,0.918091029081745,0.8813297946166233,0.5948161011881115,0.7493382574065354,-1.9568728373249948,-1.4386307745030555,-0.9529926464752602,-0.4358137230567401,0,0.0008466927497959007
-1.2292527289259463,1.163350902916104,-0.9131880623937924,-2.0476080901131053,-0.8221493262297842,-1.417872460175461,-0.6217240319515875,-1.5078942813676768,-0.815356455469584,-0.16061603345609207,0.30807466805798284,-0.004403513054106186,0.657304885269388,0.2926691810985142,-1.5958768397450407,-0.6102306575998188,0.24286647248894913,0.6130406857695868,-0.05149003984678956,-1.1663311839300428,0,0.002139760669009411
-1.6600342477985972,-0.39783644283158676,0.905944135408817,0.7286263810358861,1.6322777076319033,0.7850052246772832,1.1319442578243846,1.4861507450222364,-0.15261021037262246,-1.445505999186118,-1.4582680169013529,-0.15800379258270963,1.1242074372531936,0.4337427843753745,0.4033334133935613,-0.6955721368763408,0.16567578740364547,2.376950109303196,2.859849147697883,1.9899750110540895,1,0.999997622140791
-0.8221029235281982,-1.0860204585002584,-1.4859870806314501,-1.1343640782533841,-0.6461190093841754,-1.1021519610778325,-2.647162084113699,-2.0641223884697917,-0.3018326734796518,0.6580024888957594,0.2930808707549166,-0.4079225548032114,-1.1995980980454817,0.48010151345434743,1.5433052653851786,0.9353535082346359,-0.699519255197787,0.9076328789471839,-1.468503124652554,-1.6568464729425485,1,0.9910235647375034
-2.014867022301895,0.8820317393465756,1.1328195763844144,0.7515658261037996,-0.5572218541297993,-0.824033056607354,-0.5665880148157237,-0.7086018349573293,-0.730131098739483,-0.4162025583668448,-0.3890628638135212,-0.49584791415587204,-0.5640096195318411,-0.3726646657241741,0.9728395171950175,0.7553036420367434,-0.6341959491922852,-0.26499607892879795,0.9970814888594933,0.480415269463415,1,0.12070244363915149
0.18680883156309924,0.2907970756909281,-0.5802291617947022,-0.02931160516521071,0.6075495365961353,0.007235375022923621,-0.44723962535397954,-1.1135536803240953,0.5404891979043747,0.6528492330332145,1.2606748778145642,-0.4691539452741932,-1.655374357265205,0.34005328829055737,0.29794931270180675,-0.0749220329419166,1.3751303721291162,0.5765897766414636,-0.6593486517705414,-0.5230965655566312,0,0.21808825532864806
2.964317506619768,0.6732298359279215,0.28194833615340503,0.8947132858592571,1.3749793259584824,-0.322441444430949,-0.48676636925865563,-0.7898034620616411,-1.3129406149079312,-0.6951667359385616,0.11200423407276107,-0.07312008654122354,0.11385990459429277,0.7362186707164912,2.4797989043056186,2.7110751815577836,1.8573012870606191,0.9444823496079353,-2.0328814585063886,-0.17246820022496895,1,0.9999958319382258
0.8019240378661512,0.3699365462909457,-0.230676892686613,0.10638923744218798,-0.36853637510823917,0.6317480175865311,0.3068060514255263,-1.6560799262043089,-1.1346221076218492,-0.8993495219579477,-1.4000216059751165,-2.209069992431672,-0.6014909483810189,-0.5013455825716846,1.0057443076299004,0.23861211450387287,-0.6030735979923704,0.014026375914551227,-1.1400410333355184,-1.8847246758386293,0,0.014280744418450259
0.5762118100584519,0.7076962223259529,1.4053082178616187,1.7536403622006977,0.4693220296640328,1.1237848986874104,0.5865454963891458,0.5781688988564293,-1.0743539750795146,-1.1442858256049027,-1.280628767345217,-1.3758391581227745,-0.2952371013665444,-0.3099097482730557,1.109686223542278,0.4424653283512596,0.9784151425104313,1.7151915506680522,0.1632910704533189,0.2870088675241067,0,0.0003798025405924796
0.9939750781475833,-0.34813832052320653,1.0360408251059379,0.28870199699342286,0.09649391172070367,0.39449095839230186,0.2616823487114004,0.3215338657567305,-0.03985179767852804,0.154883362299898,0.2751491184755337,-0.5398446561233566,0.1868074013812236,-1.803551937084701,-1.21891123195771,-0.16773396481212077,-0.9190108462238988,0.4067101835476227,0.9589300957608451,1.1784341856309963,0,1.3306872788959448e-05
-0.4556062691498132,0.7715078806913268,-0.6076581003628456,-0.9049777636177218,-0.7592376000827501,-0.30088341940391544,0.10447846780243557,-1.3483963737412825,0.01669890850536098,1.7969355855577687,0.11743660534232445,1.1804774712303272,2.9290236273216075,1.277971920048558,-0.10804417627470778,-1.3179500569470652,-1.9079201590079362,-0.672106099058593,-1.1121257862806286,-0.5680231908638919,1,0.9013948558490988
0.4250317570601837,0.9975451075578353,1.1660040768836688,1.5623564598590551,-0.23518440108513236,-0.7058150560219885,-0.10769220101400627,-0.08704714921821725,-0.7731627898548845,-1.6958509048583765,-1.753420052814149,-1.7068136605044406,0.16939284570306762,0.1561549555219418,-0.06697725503585383,1.0132548626125528,0.3782026544162798,0.5408786386891249,1.873347932336779,0.5020324567676819,0,0.008466766653683138
-0.26250590061724605,-0.4961473377650289,1.4561996178638708,0.7591790495516297,1.295585130418352,0.5268974151560312,-0.9349334527096759,-0.7851969407933186,-0.9382843196527721,-1.8213111612511952,-0.0023178258400133557,0.9378753438009793,-0.10334282091941895,0.38115397579453736,0.38705284388837374,0.6233581368865401,1.5761381409230744,0.48953735333971776,-1.3171677190822175,-0.32163632387370106,1,0.935203396979895
0.47701274842967106,-0.1855620725589224,-1.5426368252311227,0.40975504305302796,-0.39749270182768953,0.7040165894548209,0.5291972323569049,0.13388163218420976,-0.20230861465315395,0.03233737074255793,-0.5035290866070544,0.6645004747133644,1.097559444095168,-0.1871321152335866,1.4063341263528124,-0.11623597394137844,-0.498554313344563,1.3085778350515065,0.5948476230366836,0.9159984643091112,0,0.05403442132465592
-1.7823079498644587,-0.6919323962901585,-0.19498622366536258,0.2997664509126765,0.22082765794171025,0.33118686694423083,-0.8680415364276062,-0.31145698319530346,0.4134956762271212,0.6424082305570692,0.492330587452534,0.534487146830408,0.0019809272155404574,-0.11195725740834023,0.3076749414564958,-0.5073866232861607,1.1488914286896181,0.41303607284786886,-0.5438202736530185,0.3144443769253131,0,0.15658884212756674
3.320217264661361,-0.29033058790687066,-0.5528990312008504,-0.1955423142718441,0.7695676990742848,-1.0636095809202166,0.11923838144091685,0.9094654030443781,-0.23570763190080318,0.3503645949959938,0.025143547007452537,1.570567655024709,1.1795417850192873,-0.7042880317393989,-0.5969687932569984,0.47500139231704086,-1.3137194808347308,0.8184891349685717,0.4472820269298493,-1.317283283749649,0,3.0271545920456353e-07
-0.08791912148748797,0.4317142101467615,0.6202936959007138,-0.06062837969172063,0.17686655498060136,-0.08974108074481371,-0.8616485431044448,0.5521350980784293,0.6297259221691013,-1.6651466003541617,-0.41018085794169984,-0.6315009328401409,-0.03644165475358187,-0.6153468398450785,-2.3464703656564945,-1.8510124883775787,-0.3280940505053932,0.32228440566375194,1.4979282169464456,0.6157208338357643,0,0.0006200473121475913
-1.5053773074586003,-1.2250453086004023,0.5075969347752118,-0.20036826244101588,-1.1331768181087756,-1.2616127469785618,0.9883308589078175,0.04141360204572996,0.6039340602250292,-1.4123218733639669,-0.547672562605056,-0.6121650745094791,-1.6393286506948845,-0.10716363446628878,0.14941577571723558,-0.39661246943424916,0.6853335818538118,0.2848882066413355,0.01993930422352137,-0.7123154830526693,0,0.052346247248374944
1.15366988405057,-0.3302054657991384,0.5503666030676722,1.3030746243263442,-1.075619380912764,-1.184499768162505,-0.5889929823536943,0.7408634481708105,-0.27045216169505903,-0.7474967009392237,-0.07689418697436501,0.12231000851572947,0.11768021338421089,-0.3847655804309059,0.9147956229937414,-0.20584178815061835,-0.35004821934739067,-0.353978624627828,-0.3596683165350618,-1.6137171496487637,0,0.06128862753530891
-0.4338309354788536,-1.2528772900279141,0.3178719728284163,-0.128278317170611,-1.0262994783978578,-0.5169937253193174,0.027865480467109727,2.118957317350435,2.294185243524599,1.3867960088804077,0.2686334149318357,0.9524425312168394,0.49451543947618626,-0.5015050557705892,-0.131121584186295,0.485383102098522,-0.4567698298890653,-1.4420655552100077,-1.0911096582678734,0.21938173892712953,0,4.499068826761727e-05
-0.21377821904772543,0.30730990747721726,-1.85046634175156,-0.6606508122245891,0.87295471773452,-1.1031016784858385,-2.0955302524587784,-2.403357111345266,-1.6525205065901638,-2.2626824004315464,-0.40195093004486,0.1544095587500953,-0.3905329849979764,1.3165853041115803,0.12803604809993974,-0.2675416146914675,0.10855818347528279,0.002953270445780709,-0.28818398565213804,1.2242750487273728,1,0.5886163199164315
0.8141021272959594,-0.0922649281970557,0.08270930698312827,-0.7908825297573587,-2.3595314481354093,-1.4289333256464625,-0.4180050459173497,0.22056517229283468,0.770319769093939,-0.14237226583088897,-1.6143602678183182,-2.5977145677350597,-0.7169363755032495,-0.3334172934244996,-0.47099160499845133,-0.444219634614681,-0.9948520992113944,-0.25930575488160046,1.4646238399107085,1.2922026274655527,0,0.12096399807847283
-0.14363030449023623,-0.8715929257748385,-0.3924082143244364,-1.5239145432819856,1.0181045337357104,-1.5094189845280315,-1.0633476457801694,-1.8798772259399243,-2.351846093408837,-2.739175032222377,-1.3483451164639706,0.9903677604145841,0.7295559922086564,1.7602235362136596,0.6557836747654472,1.6197567366996661,2.968627730549583,0.6117865448572111,0.6469433263531831,1.3804159173984292,0,0.3138511253088013
0.2072337606661979,-0.2702261093414578,0.35793250976372737,0.530282208203615,0.19154520636250344,0.15121869308313596,-0.3267348089904349,0.14917405043433943,-1.4056965432072237,-2.043677992015813,0.0648897308255206,-0.012218890685594687,-0.6097710871003955,-0.23487659114229928,0.6839274571328229,-1.0014415732058302,-1.0550742666351751,-0.022796816180142385,-0.7679333213415698,-0.42763947585008955,0,0.04140778598239637
0.010918980407192603,0.8018720252765102,-0.7728280815321674,-0.8723212247313674,0.0047279136763223205,-0.5494822722065265,-1.564704568201725,-0.6736770959902599,0.11529183160637839,0.4698811113480036,-1.4363024099334203,-0.929452777629228,-1.9330047638854801,-1.3983945545905372,-1.61491756886354,-0.7522005286247703,0.269208232420297,-0.13256139354371893,-0.943727744595189,-0.9393179967562394,0,0.00017668254348441844
0.11288876791600685,-0.9387123866417261,-0.52741726956815,-0.6182624733650915,-0.15750502200354713,0.23972751559726377,0.5113537678835862,1.4755148944271705,0.8070537398449761,-0.35557425400490256,-2.441076052699295,-1.7015467272085667,-1.6207673759506849,-0.6779712307345231,-0.7899815184664906,1.1527173959422428,0.6850514049269839,0.47148804443253245,-0.43500650884312614,0.2570749497854282,0,6.035628396996146e-05
-2.165752746381969,-1.4249465122985558,-1.115310094266126,0.19835941927573666,0.2567734769145385,0.9663481175315728,1.0656697136006479,1.4671569884602629,-0.2961239246497959,0.020317644932248476,-0.34052436710283507,0.24358485737472196,-0.12744331454046998,0.6681480915249682,-0.451510160130831,-0.4366796864041289,-0.5722985557536366,-0.828867622605749,0.5608671356830803,0.5755164992492219,1,0.503436225274121
-0.005905441509763241,-0.5691091608422862,-0.5295286364018091,1.3577708611946804,2.4882465537188807,0.642835627031617,-0.6301178643500517,-0.6788246582926606,-0.32709595938265434,-0.7622721590130143,-1.1578473416484416,-0.6674631163894237,-0.2833302167457822,0.24227670453951797,-0.5824130440311296,-1.6071703524588765,-0.326262420450088,-0.005730897484207486,0.07032553391725338,0.048281183315387964,0,0.0029844727077769652
-0.6124584726777142,0.14430263748882935,0.07583134304817209,-0.3288691366257758,0.9360621461616058,-0.03698883187120993,-1.4183592211847766,-2.0076129774567537,-1.6015567760018794,-0.64899114585399,1.9627508180951863,1.056882602177827,-0.3361494127074702,0.7276764431256243,1.2191378111184,1.2529497217205852,1.0401077295907122,1.3072356382755304,2.0384716070546434,0.9557527517716025,0,0.0005420169487607865
-0.6125452052378639,-0.33827198455585306,-0.8201388377496239,-0.5147927395293282,0.31006720776695357,0.9618331227799214,-0.03342149969717555,-0.4526206044101265,0.20579642331167558,0.45324996931184713,0.027752702445839075,-1.5676110027595995,-1.8186963958066846,-0.6077443651817083,0.7772763549163052,0.75798204500807,1.170353342472945,-0.40139539220038195,0.01593430903315932,-0.7832401876748256,0,0.013353492103771285
-0.9094698458235195,-0.7152242132156932,-0.27938393225552094,0.07782687984602218,-0.024509876621218216,0.8954334326025629,-0.0703702408631684,-0.021317423467700575,-0.15576781758661729,0.04775775480939976,-1.0635394019948057,-1.304889535510196,-0.6160286717991186,-1.1632775423165433,-0.8353184495045752,1.1584915121375914,0.9865680233680302,-0.5158273950157777,-0.5095539163739957,0.6845661983499307,0,9.458830955925466e-05
-0.43612164755552196,0.787340142040902,-0.6352315254688335,0.029670822588839435,-0.08823649805046417,0.08434819514663956,0.014943976868288168,-0.738302527021891,0.09987809945529298,1.0938922925363073,0.10775327264551375,0.10069522088061753,0.6169251845084105,0.2217540841112987,-0.12289468059192785,0.3295317630662284,1.425467566432627,0.9562862718933679,0.7779948397929829,0.4555417089457694,0,0.025370355194160817
0.14598612931331204,0.16200740363866065,0.9519376859873231,0.5987567255024563,-0.43153952255852673,-0.4566572789547601,0.30254949106226803,-0.7864181193632156,-2.8693060375913877,-1.9348683376533797,-1.3900675530220923,-0.2442877785145577,-0.03590281186545395,0.6000818850004072,0.09935801594974773,0.30328404955666094,0.28460811625731797,-1.2188226948694372,-1.0455084500942493,-0.8325506258852337,0,0.0765659720384718
-0.8515292378377464,0.013388088295907203,0.5839898607779328,-0.15400569112332257,0.530909918547064,0.659233213943333,0.30791086608412116,0.31311296617456824,0.4139972614560208,0.08284398973238305,1.6409212783011171,2.0245065412769616,0.7545893229172286,-0.1589520374215962,-0.7080114628839356,0.6022916571822703,-0.24433424797289305,-0.08164587629351977,0.4158885279503226,1.7274752223716205,0,0.0055508486952162055
0.6915094311542551,0.8195672531755144,1.0966102679484047,0.15482537567703564,0.015205479680226437,1.4905378811723953,0.07876793150895606,2.9384205262065484,0.47961292167740643,1.8546755413870688,0.8644287970668892,0.012756679598468696,-1.1342864992547654,0.7762341971761555,0.6197011835276267,0.7055272852058176,-0.6851231680234443,-0.49259730332143103,-0.20948789352375918,1.2842038300967844,0,0.003309570620588477
-0.3276160422539992,-0.3340193222463577,0.08518516170742416,0.3227158240593015,-0.1314242108332879,0.025169717465018854,-1.3450314579460374,-0.3412380574555822,-0.4744448692430837,-0.24318330049838746,0.9020140120264459,-0.651702703028144,-1.2349350884604149,-0.6412802740633458,-0.15814149678178088,1.2789389754539027,-1.0383650026602855,-0.5293545409952717,-1.7646959447436008,-1.413966370138047,0,0.0010072469676981003
-1.038126235947846,-0.4999995374245298,0.37237206248441734,-0.3144206515744946,-0.23839841569848952,0.851591124085401,0.4944168860393671,-0.40193537383990857,-0.6633250476169096,-0.950714144367616,-1.0660057492750297,-1.3862301096767617,-2.02408172491856,-2.5095695928077344,-1.7895322400696487,-1.2694030165911045,-1.5135059499867356,-1.2537224048633133,0.4190088961379999,-1.0852112034200978,0,9.477419468089855e-06
0.061671723307443437,0.6496343482674832,1.6620134322043283,0.21487797073808995,0.412714200070295,-0.34955293122691694,-0.7190141881071052,-0.8364210959957604,0.42794914259018785,0.906502319037541,-0.1902425115874895,1.048528998934861,1.5254665767073832,0.5997248545218656,0.42892900959287283,0.45050956100551875,1.6432670253651558,0.19966930480967654,-0.14870920098043985,0.20383083155409645,1,0.7652824119955735
1.6090926572852717,1.3760140000904986,0.4208565782070276,-0.8909663293543086,-0.5756999972750512,-0.7670735384750168,0.9737955011827022,1.5181871586527385,0.7829676369697975,0.239721643426755,0.5687651989737209,-0.3827247556847558,0.4271453943978598,0.5719831127143565,0.612655009628273,0.5894110195602096,0.27742704596155543,0.6300196083146803,0.27089574768929797,-0.34799888317439276,0,0.00015661721898349636
0.7223460087428377,0.047793591618044286,-1.5337406630736572,-0.4700986369259339,-0.934474566535394,0.19510481480416475,-0.0717738907150728,-1.0326151246721513,-0.26030116947114973,0.9568378648885371,1.0321704118239912,0.15439106474372047,0.04417134732375622,-1.856099184796535,0.07078078383395363,0.25758359806602543,0.2833524345118023,0.6369410752553708,-0.29395294945071,0.45366052098085546,0,0.046314421758507335
-0.8050992690235852,0.8733243919113671,0.02497865277590953,0.28077320602539424,1.8127020497597526,0.4611553656871269,-0.628185982016201,-1.4828246844539636,-0.5346557325335332,-0.013509880691038846,0.6118665328048002,0.04946673230336469,-0.6168409683322901,-0.7169595345299784,-0.806935224020809,-2.285444459144581,-1.1642566088241864,-1.4741745353454072,-1.0196387585424598,-0.012851590544841135,0,6.773004702486191e-05
0.3127010320050977,0.2949166545086275,2.4820418452613717,0.09799972574322618,-0.6648040683368512,-0.5596591139480854,0.16115366193002326,-1.0801815579394909,-0.22029316640434246,-0.4857964954330244,-1.1493070386889233,-0.9208297255376718,-1.1723603552779196,-1.1250754214370464,0.19387285553553021,1.7648657520515034,-1.1357752033728576,-1.8467901530256465,-1.2398444028397062,-2.0975966485845277,0,0.012889323878983266
-0.9378082972199433,-0.20673844890691573,0.8501428001341053,-0.19529292894522138,-1.4578492476481781,-2.1690062630003966,-1.3533722446953824,-1.3535090363043476,-0.5075127568351867,-0.0671084472186423,0.24925213515258596,-1.3505783315265594,-0.7016764339578272,0.5497494237317918,1.2974125666888556,-0.24322583745706336,-0.24435099601721563,-0.3735607764462041,0.7552029558274435,-1.090947214740065,0,0.21806363216762914
-1.0543130082398984,-1.3923349842558836,-0.7011717643446638,0.3695003462870547,-0.16069295071922796,-1.0660605342743652,-0.014039262519867514,0.5703622637363444,-0.600328441743486,1.4327972761456904,1.127276283849862,0.45636091681694124,-0.0879399886712908,0.5222764033757312,1.1318990844828942,1.1918201430972324,0.41272684898735335,0.057388889778710386,-0.17533937749088618,-0.589283101658817,0,0.645683881834606
-0.6749056865645799,-0.31703301530866124,0.012463027057232734,-0.22895877098543302,0.39376614757783773,2.1428464396722764,0.09805687598270385,-0.5861812677905911,-1.01160341789883,-0.4414787457930245,-0.7517678098237435,-0.653367511294044,-1.4533035771012517,-1.08336266966767,0.7554640962742801,-0.38171926138472223,1.3476607601671011,0.2975600175817523,-0.5527584084164007,-0.10180703900645555,0,0.008931189631870435
0.10996961210809506,0.7608126741612982,-0.8516647521814659,0.033592535828197316,-1.0417491852204734,-0.6679101237139251,0.8486512708638992,-0.2278331100636968,1.2515324964754444,0.6852760186224851,0.4677729901630405,0.09852556436509169,0.8038897793725144,-0.3787939549016486,-0.9390653001333452,-1.1039453974906737,0.8354006518563193,0.29308778927425627,-1.2064082404141403,-2.5586642747778745,0,0.015168700389328618
1.3808667928635994,2.827079663793908,2.280798773793609,2.1036503752476174,0.4665931533851306,0.6184076336617641,0.20776584536180384,2.050269818429585,-0.0755413819142377,0.6575362710795495,-0.035689655390960695,0.5366667131240229,-1.1517652050948703,-0.9980256219880168,-0.2671466357595925,0.4811294221530114,-0.5005408230788335,1.1203171249141373,1.061315191392566,1.1957043385302444,0,1.0586469643085724e-06
-1.2029183285487421,-2.2623174935845287,-0.9277891866826662,-1.3445513121504762,-0.6231975425506663,-0.8798994616525387,-0.5237045494672644,0.9434203135696284,-0.9656788767577906,-1.212731438081457,-0.5098727519174598,-0.013373465869502117,1.226231304680395,-0.9616437650701756,-0.444369440466891,1.2543881948340398,-0.13713647398696052,-1.0149724097974189,0.003900826402086712,1.0744684151542987,0,0.0021248161063918904
-1.8788545148752467,0.44837257217181087,-0.5331039405673598,-0.617370276131242,1.171902220064058,0.26864953463626745,-0.08872747565319754,-0.6169284240128036,0.26341094494097117,0.5915030172690957,0.6818524026230964,0.3016418418303918,0.09112335714624423,0.7771040509837263,1.021781262807487,1.7611725781046872,-0.527256987985469,-1.2137113342873038,-1.7495550465018985,-1.1222735652853544,0,4.7128007522481234e-05
-0.5370187423828479,-0.49142610863456115,0.45524203258496954,-0.34289101375010705,0.2528241923941617,-0.22671190641146322,-0.6090301874629341,-0.192588855458601,-0.4035115050038471,-0.9261098578643474,0.14752031493751283,0.06535073925107257,-1.2319961526500691,0.5308649405436393,-1.06777102657744,-0.37251782643616516,0.3651733791748058,-0.4686467448871303,-1.4658248044650772,-1.235538810270609,0,0.0017557452596841344
0.29886929483234076,0.0754819298137058,0.29119379680275664,-0.14769109928643898,1.594057930917585,-0.8748474471454302,-0.17049057098940343,0.49915003357553084,1.1028228282148056,1.586837185393981,1.0899834001340531,-0.1865207768335468,0.43729746328537306,0.037749097981390506,0.6791011248378065,-0.8218625970528246,-1.6318384736518388,-0.2923461370145873,0.7508302460775308,0.05126045425002041,0,0.1155449523594189
0.34146269838546256,1.8074347946769393,-0.08006551632709635,0.6465711107262803,1.07731412252633,0.3307212851446161,1.4137154963309833,0.5651594366025262,0.8874077141952715,0.17803719419160718,-0.7391534420998939,-1.9638451200036968,-1.4016709340088958,-0.8693782148139688,-0.1372160841866851,-1.2016718717164951,0.9054109199756699,1.4192862254431604,0.5854723895684304,0.4627478957406567,0,5.8983528933334565e-05
-0.21819341662509872,-0.02207982015002914,0.37442629736968613,2.163820179523905,-0.1735348768983242,0.9688661774709267,2.3072308886922497,1.1852145005238335,0.9916478903205773,0.8998975770942982,0.7546137460113468,0.36043895676841087,0.9239016451975175,-2.226144279825718,0.7615036695616176,-0.40439787482480233,0.6144272184109034,0.0012403863355953228,-0.7582689041779634,-0.5054498236572349,0,0.0007919510654567697
0.4835280170984853,0.9895979537444928,0.899031338238579,0.3515022463169866,-1.061069860371535,-2.5498373573923785,-3.133329345711096,-0.5803917682193057,-0.24825119052052974,-0.6035452479207204,-0.3299624867576324,0.48137080570205426,-0.6077074054164009,-0.3369773737509722,-0.9764681877302671,0.022499653380101032,-0.9874311817649604,-2.1465529519158277,-0.8062022900579358,-1.7956350326470478,0,0.2025501937052408
0.5990036064780269,-1.349631029287486,-0.6283951691688593,-1.0839367933786603,0.5254117219113307,0.08892257910757619,0.9423236071677714,1.362230927554049,0.8325749765248702,1.0682167653972008,-0.33343653747343976,-0.31617276322016374,0.2891315434388483,1.2687081815779877,0.20122751263435187,0.5927236596548581,1.4365934229887989,-0.17658077675013026,-0.5109540067787482,0.56237914905522,0,0.00908236632629007
0.7618967607242458,-0.9495472726414823,-1.7326128915506294,-1.617112229486401,-1.5278351829342467,0.1234651811133104,1.6913577542767275,0.5109148198317618,-0.22183357702803394,0.20053647849755404,1.6826500109291882,1.3518121054572225,1.862933075604788,0.6387823300947686,0.26221293711206584,0.8461231335799223,0.28788279905079456,0.16472343182044027,-0.8981869607725421,-0.6062200607738242,1,0.5167027641945614
-1.1865448052371095,-0.284863165728443,-0.007564962148544704,-0.8567451613653018,0.7586002789138144,-0.5446878714740455,-1.5524971618932721,0.24991365780365252,-0.26030810941618204,1.2456292545294516,2.5120395362430674,0.9670734641717913,1.337206606757605,2.2038525350449243,0.08154632730716758,0.7587595904122892,-0.83863139083969,-1.28675284357061,-0.8183966193005572,0.5338221163552841,0,0.021299598903899767
0.09608118523297844,0.08818656228044205,0.37845809849393985,0.21440737566701212,-0.9426447806693238,-0.19300385553702748,-1.2970447482654694,-0.9813323044334576,-0.9691393242448656,-0.15072708636890692,-0.5772597130963389,-0.32897017147695407,0.43763820354074323,-0.7577363745617497,1.0839596779343161,0.9462928942207818,0.655952682522325,0.27114943756402826,-1.054452562472825,1.7993683419712203,1,0.5557238518446942
0.47347731685039507,2.0440761929015574,-0.4108917137351559,-0.004942776479971204,0.564626215986818,-1.3850555467487364,-0.2987765360871852,-0.150157330349039,0.6731500601754674,1.7753374623462512,1.1436851651343753,0.008935448502881378,-0.1662804769324471,-2.437052160944293,0.656911556941001,2.111856556119244,1.2787818806285964,1.0143592350722033,1.9186202099991396,1.6699999267026744,0,6.924299657408961e-05
0.6172312733096325,1.5194277145295878,0.6744687216010338,-0.9989496777687542,-1.8457904829322869,-1.0733629138985292,0.7204658530484198,0.14900551497516928,-0.6069575568044598,-1.3684913644440613,-2.175469188795742,-1.6267065954538764,-0.13452883716784417,0.3715330634576032,0.884284878721373,1.0258936562539664,1.1155906535082993,0.44409119544688863,1.4635526272346528,-0.7390446035441941,0,0.06191331243302768
0.8563345780271213,-0.6149358548723998,0.8204165043011645,1.2875673596518846,1.3215046936707546,-0.03187071988947148,-2.0526986657288298,1.1776596320300083,-0.7816525195924439,-2.413955568273773,-0.5645138346796746,-0.6570438125690188,0.15893278397657445,0.1645990275519457,-2.223181668265324,-0.6288261758874703,0.3187224406876119,0.32609712993738965,0.6044433741776185,-0.3418526164730221,0,3.1928156323273306e-05
0.7429420358711228,0.6048866312667317,0.4791047059387792,-0.02767778544836676,-0.7083718548178829,0.07231105265546488,0.6340850773816771,0.4255060269288275,-0.5994746027365795,-0.4504519606391022,1.1722067782830283,1.3586952292584058,-0.5043426347155076,-2.120484520689278,-2.1602246741985662,-1.1707410747713156,-1.388272890803956,-0.5316454168088194,-0.8817982422458611,0.22607836972319542,0,0.0002471882408251518
0.2893196303498254,0.5070378384895233,1.1784274789022113,-0.2514300125333642,-0.49894760672716937,-0.1619565649828262,-1.2835836099754214,1.171457516682098,0.5759136956272617,2.204259450758636,0.34091926543112083,0.4948513831009413,-0.01393798898784231,0.6124856851785994,0.04400342225544166,-0.25049280176717875,0.10164223298366,0.848233620934646,1.8571062988845202,1.3557931080160668,0,0.07726257361508464
-0.3859298337836917,0.6701085266121903,-0.3242552694295298,0.7502878414154341,0.14235682601049354,1.8973729799274237,0.8975635344327192,1.0509960189715069,-0.5367099051221936,1.156708076936028,0.014124280569086769,-0.5620549839811503,-0.11680651749504323,0.6882582136973209,0.7751127263977355,0.4068160772780655,-0.5722306162316159,0.43782069532476803,-0.870489719264759,-0.6012560764051789,0,0.04405967458093647
0.9645666783663056,1.2475103128564191,1.3425324636412468,1.75305392513117,1.4640013459489702,0.30499394249592204,0.39535200078267,-0.0032152081336704105,-0.2075125919349383,-1.0097864407092925,0.009515001894479918,1.366890606256558,-0.15373129073549996,-0.2885737170284984,0.628942319853129,-0.2259685781626649,-0.3292812612607805,-1.7959279158989203,-2.222409228635779,-1.715844099088454,1,0.9390065399022575
0.31897352349672753,-0.7074116475996703,0.4414578490069706,-0.6087840117522797,0.21135672959947624,1.4406300649781494,-0.6025595929463314,-0.31475823204661496,-0.518703560514969,-0.6746228445009981,-1.3183849375893848,-0.37645811138411217,0.0012032230262453997,0.6229269961989222,-0.13651089883768372,0.6651638736694404,0.9216806112663538,-0.06827371353263297,-1.7778497188628752,-2.102628066408924,0,0.08534875035247606
2.7569102305395576,2.0585558974322287,1.123623742155384,1.997277385625393,1.4188264173171663,1.51536843000015,-0.18224653563918147,-1.9070326347337618,-0.796348873372478,-1.9218972236842857,-0.8025162450967429,-0.7099461948968396,0.0008595672905167353,-1.5020751084069535,-0.34796435308131957,1.375323560598692,0.997654709367529,0.38896124658996406,0.6906621771710558,-0.2525170778308887,0,0.0006143737890612991
0.915220748532437,0.970894811467149,0.31611774868565623,-0.7257814093046951,-0.13228658448436445,-0.8399538425001644,-0.19511335770162594,0.7001027757709363,1.220095164654196,1.562616245105284,0.28329138612244004,-0.39271823837092296,0.46951964942773117,-0.032056611686780215,0.34236737824338925,0.9672684714805039,-0.5262887280152728,0.3110854146316289,-1.3509451207072074,-0.04931876835963113,0,0.008175106748823347
0.7343093826260516,0.5821884048705485,1.3990325090322433,1.621031212307959,1.3821046023081374,1.3827709905904326,2.8257896390602872,1.3281836517635113,0.8461599426587211,-2.3303912478430906,-0.7101569900886573,-0.2969888643655495,0.38300236950827404,0.1888278453597078,-1.1035734388553764,-0.3581889674944335,0.2069328932790502,-0.5033506322207161,0.02473551362310631,2.0522000854799103,0,6.036804338392274e-05
1.5276977231890507,1.6720339967531175,1.3536770353596608,-0.8668305234770888,-0.08332726633188316,0.28465037288454414,0.9406172121555585,2.6554199963307275,1.3722138150472045,0.06883468099183848,-0.40434973383925665,-0.006324859059509355,-0.6645681810091787,0.6624936002034808,0.3845226798438592,0.8124678184902113,0.6833085593126821,0.5843751631719063,0.6638383587252279,-0.059729040892486596,0,2.3284413258087503e-05
-0.30671299090928456,-0.26123821453965335,1.0661151046443298,0.15115507817007665,-1.426707763224567,-0.7720592803659484,0.602964556489515,-1.5714652711231687,-1.1045836491216912,0.08226590603201323,-0.3170777409448516,-0.07621312159215482,-0.24414357037239579,-0.03975005892709455,1.001522343545956,-0.13167271290937652,0.7002910062574149,0.8691070504942325,0.41947146909462524,0.7680749396743604,0,0.09714403367755903
0.6313403142910633,0.7132393353681706,-1.6427393834632271,-2.2033464637413984,-2.0064218934286897,-1.5567067683891638,-1.1212964886473136,-0.34794520138719687,-0.008611244753325678,-0.2438948739675308,1.3851819956902902,-0.11508976296695134,1.2172260762992688,0.9838835875152853,0.2524472105745583,-1.7981287575419092,-1.870797765277367,-0.7894540256053392,0.7358201155086711,-0.2106439572611203,1,0.5971724095974474
0.8985087775384353,0.30017074211604505,-1.013761999762169,-0.46542000624108715,0.6998600980440456,1.9863856223069338,1.352110358708689,0.23995953993554475,1.4014345320700798,0.04839157143424089,0.8521469089789964,-0.2930334194674548,-0.1505659617808329,-0.04510373652384608,-0.2615838231652339,-0.8945902182273563,-0.7536921998585712,-0.6064124049358272,-1.0945102185854194,-1.1502034211585441,0,0.006152402669870405
1.0724401048676817,0.48990945319902046,-0.718643746475044,0.6825751378868742,0.9160177845297169,-0.4963719144074297,-0.7141566896242483,-1.6204040776782789,-2.1114134933899065,-2.602985914776907,-1.2298385193017882,-1.8152296998909712,-0.7319169457619091,-0.6041289443681358,-0.2869009953975745,0.8013252731323598,2.5724931876657684,1.5172889300585792,0.09364828096785212,-1.1675558769093735,0,8.167119414644363e-06
0.7773099592700866,0.08774809152250278,0.014947631516646886,0.06981763268963984,0.3328253746583499,0.963603250794996,1.075483726030665,0.9038389295069903,1.0977611794827626,0.8411713968051704,0.044838031990702375,0.3880892230623499,-1.3756734030210713,-0.8223706776751865,1.0769799057118454,0.34179115236238455,0.1561760635117177,0.4610073160368365,0.76934594317063,0.14864142232903918,0,0.004723684484919672
0.03309410431941664,0.2981762904254885,0.06963953544356404,0.009456919523061061,0.7079154535600397,0.3072328871891456,0.022855109820551528,-0.7914946358389721,-1.0989355738274904,-2.108286571168167,-2.3196701726875473,-1.0628904979677956,-3.1516030203751235,-0.7692224200199803,-0.3415262708251899,0.2500804927429029,1.6866393725159075,0.49313727892081594,0.8851022509494604,0.04149056015688989,0,0.0003534525191029189
-1.3873987023169343,-1.148534574362319,0.256679813979419,-0.15122908002981328,-1.7070773977061438,-1.9634253341156773,-1.6112066587029277,-1.7657144157624056,-1.2440360836129292,-0.5321357489700382,-0.4479806681417289,-0.30007470283428866,-0.748492998268049,-0.9967359156745621,-0.25247936500402,-0.33698500556110383,1.4507365275584634,0.40785586572316457,0.4420191395681717,-0.2900399129463655,0,0.0012559683331649174
-0.5582888383138668,-0.17333880057391796,0.9203559464578855,-0.1468503965803984,0.6638909218192665,-0.2787756499331018,-0.2844655626397008,-1.4166622603982386,-1.4146448819721993,-0.6818336946992674,0.22763424404026397,0.06102059437965873,0.1729117799133006,-1.187277670585161,-0.06141003281776134,1.6903605175022018,0.5838247012206861,-0.2307742808047635,0.6668682866257699,0.506394784883922,0,0.000772023498536778
1.366135799746433,1.899111344075332,0.1833417258475896,-1.0818945643991402,-1.2668365628282046,-0.08934397454712269,-0.07206026373541902,-0.09310464495566355,-2.0729224043318126,0.1390802612990084,1.25183584207812,0.9141805611777235,1.4128512374621873,-1.1305813987503237,0.1131573068341232,-0.7126839453192483,-1.0552650917530042,-0.43754417304938553,-0.2679465114377817,-1.7532922194639495,1,0.2500075385320528
1.6063734022604887,-0.6936532244600092,0.1891265534767069,0.24984688993176588,-0.2862081438758995,1.309469357537185,-1.6868066742292391,-1.2005215181301163,-1.8525430340539337,-0.8607012359770665,0.05625431327806994,-1.2754729966385079,-0.6869499287347506,0.8814563605482303,2.123634348695198,0.6019502529624771,0.9207105733750359,-0.09302173890284118,-0.0033892852358828876,0.9132216925729278,1,0.9516493682406075
-0.5229087930077149,0.31208345976899626,-0.26301395438501657,0.30483397636470905,-0.049892259649686604,-0.9077972780483824,-1.2017603503901533,-0.6117664212285545,-0.768282856290346,-1.8016312462229027,0.23259004855162527,0.9699340726374073,0.09931777693262835,-1.4168975254827394,-0.2648328758130311,-0.4091235526567535,-0.8609628604161176,-0.013299120490135197,0.0881970287826842,0.4055605983457728,0,0.005768661242586024
-0.0787638870727467,0.21324314534356076,1.0260845949587754,2.0045554325223622,0.9029868619377115,1.5112863201841076,1.9355618022501453,1.2142650075270833,-0.8159641456178769,-0.6545671735757675,-0.24299209791536724,-1.3119034434712786,0.04691377488929058,1.1419124331481751,0.8497643796934974,1.6384443085008968,1.1380312388432794,0.7142723574888187,-1.730075252802846,-2.140286134094604,0,0.00024697503688491236
0.4842677337145999,1.9419283360577857,0.3498975431418391,-1.655171128369978,-0.1788266031267479,-0.37647493615574223,0.542189928434711,0.28575078763639256,0.9564184655356283,1.1419796786585155,1.56544915448343,-0.3546736871119147,-0.9639918090037738,-0.32835954533673783,-1.4258350601868173,-0.5540955326262659,-0.5080506519568541,-1.3192441227413092,-1.0001716882771685,-1.1614528910332687,0,0.0005533391215026759
0.06597630265484365,-0.270669095758695,0.2806865202133763,1.4473753025806058,1.6919597181748744,-0.4139996294807335,-2.4545050427666926,-1.4794790375076268,-1.2329197666278398,-1.0534906578891294,1.3132905120354126,0.11991080095192409,-0.744996246419568,1.2975930614588003,0.7557857480154111,-1.6945192312222022,-0.4643978765712132,-1.8718574144081657,0.3115329727208363,-1.099568254120928,0,0.6843975126075607
1.2866330577294969,0.6728757882729608,0.342576267222842,-1.1622578292964172,-1.633026345669318,-1.5286335572069392,-0.7253078829850971,-1.0876049327080737,-0.9498650869096208,-1.1772554715187529,0.3339606827767033,0.04737003345706361,0.34720934262350794,-0.7911825799286087,-1.0237393402310295,-0.10159638530366566,-0.10586541384138902,-0.7747188164360554,0.20019435738571098,-0.2897072850269226,0,0.10803078006832272
0.40966641490297984,0.4508777063790255,-0.9150462925335521,-0.8895949588578775,-0.4748913011813484,0.45428324128559094,0.4259427629787299,-0.43305246705094885,-1.0304212609348407,-0.4607425076231455,-0.7457637295620207,1.0472795469804645,-0.49259515478305876,-0.15040284941438975,0.849243891446762,-0.055322556825177296,1.1016680810351434,0.5522897756970511,-1.224430328032586,-0.8504033066681681,1,0.9761923660114183
-0.4971555902360517,1.1101860425834358,0.016680700257891572,1.6218849047808108,-0.4829205290900834,0.11804309403150073,0.4032108019202521,-0.5181397300147335,-2.2719183237279172,-0.6777123123451684,-0.46968616616583625,1.1290483099383826,-0.09096927826977466,-0.3431270700547481,-1.1056352565454766,-1.9749995652894616,-1.0631982032283236,0.02759788515559609,0.09484119698290956,1.6435855978718785,0,0.004385968313200849
0.43107461950819037,-0.9386809675218283,-0.23618992903039698,-0.31213918180410744,-0.5501819197663552,0.7968747857700936,-0.12069271634840897,-0.40039165420506706,0.11985956059864203,0.6636683009474493,0.19866564287262123,-0.30689762831369655,-0.8159292637250349,0.4453807907069602,1.0577016791845328,1.851430615556965,0.5974771530174819,-0.761301938652474,-1.625184467542115,-1.7530474413133275,1,0.6061696904338636
-1.4554445142364116,-2.0439918703569804,-1.0266701069834772,-2.1862539342528993,-0.6615909289542813,-0.38251825557331437,0.04887438411816076,-1.0769161421247593,1.2988704072911776,-0.16761226581268196,-1.129343328975671,-0.8404379876895463,-0.27799053946236124,-1.4549264789821639,-1.9540413864421566,-1.3546599540876818,-1.0569601753943296,-0.35416434215695936,0.6989611016450212,0.4018923131346164,0,1.6232579182648483e-05
0.5254057922546114,1.1226954044810604,-1.6942379259921136,-0.20498501136819408,0.5883490353347341,-0.5741380649374814,-0.4604172834040827,-0.8045467291965703,-2.0179648749512626,-0.36931726676583987,0.5700801974401767,0.9040078775231858,0.5185379701357384,0.2453975910154507,-0.4032849863781472,0.257159986630648,-0.669128302541511,-0.8295627237999507,-0.15629625858523957,0.08898295755563093,1,0.2826020987678513
0.15632043525462894,-0.5946830954358594,-1.1624244133852417,-0.15358321382123227,-1.3625897713642192,-1.046350790433011,-0.011543295418617512,-0.7279919117878222,-0.2762534385642892,-0.4180126888679876,-0.6547563129873872,-1.1080135005975715,-0.6580360431671954,-1.4097872983334256,0.5506076871056824,0.45538154287392685,0.4250085281649493,1.6775016738611814,-0.13344007526887855,0.2615151104589891,0,0.001646872043894147
0.19435241991547714,-0.13375236828440915,1.4050835333439151,0.6538133801480785,-0.24736209720563584,-1.6118427757736875,-1.7117835476252303,-1.048810857760812,-1.3827059153354877,-1.782805516611934,-0.07593521283918508,0.7871149002391469,-0.796833028694865,0.5671154183745879,0.727074246456611,-0.4591981817805419,-0.514980369611012,0.7840021670895361,-0.19322778496605977,1.7796050857085566,1,0.8858872446138165
-0.6848725822603241,-1.0485458599707536,-0.1609848479967007,0.3356982757519262,-0.24682821400069532,-2.2908248013560955,-1.6531074778339374,-0.06792297773416682,0.047468872276863056,1.001497567168102,0.9236422312133491,1.7653733262344524,-0.030970367287992386,-0.024727604527212448,-0.0024051122423374596,0.9448443351414457,-0.04069044471863124,-2.201354650020073,-0.7529126265480567,0.9165216915417226,0,0.001298669805783294
0.584693093669982,0.765618227970256,1.8655503355980727,1.0448538225457888,0.828022428302772,-1.1013992583131975,-0.9432277598393863,-0.8619435546754741,-0.9925681573621501,-0.9785150601006223,-0.7765325827937658,-0.19690361723916755,1.6886949145841357,1.0295146249250648,0.8700459243051846,0.028010428351659025,-0.23074812378497667,0.32419265747955084,-0.25246310195123295,0.46357665850370067,0,0.5862706942282357
1.255448377444186,-0.5486681739107376,-0.683377431728659,-1.2315572901060214,1.2197137703721574,0.40333614393079253,2.127295053872418,-0.23221286963225835,-0.7631982871544007,-1.3241247925103206,-0.14279594897136366,2.1094317419207957,0.6599440016464894,0.15449602740836893,0.3822336855502401,-1.296743323127557,-0.06384241280695177,-1.1271394195794555,-0.5206580705060175,0.055348236962301525,1,0.9197775398196445
-1.3118882889306602,-0.8561606658874251,0.12585003276985376,-0.5731726413494284,-0.6069280708515743,-1.8181872860946908,0.6657171873042622,-0.666743146893412,-0.7392342523514759,-0.16668852567799397,0.552519449662824,-0.15878161698155013,-0.5562291639952974,-2.3416290295374806,-3.024033855272282,-1.1539425991260672,1.024615031113379,1.4233688920152787,2.051376560802313,2.699577545525551,0,7.971260274545582e-06
-0.07461274649310377,-0.6262540098081611,-1.5362324502753826,-1.0427645804238386,-0.7590128229948055,-0.8609443418772204,-2.066914927778679,-1.1123501757159215,0.09877553681644675,-0.06857753268987381,-0.8998253489157271,-1.5589481382515618,-0.32455899701790153,0.9643564863465013,-0.7718935555433835,-0.5893274420151764,0.9505125858539286,1.9859109511860291,-0.5257640931917471,0.342457398889377,0,0.00547439087429384
1.167631916899228,0.19680978517556727,1.0717918608328507,0.3700258707634307,0.8905985992536216,1.0631520694599175,1.4351266072264204,1.163277562977335,1.5956275111393234,0.8668457752567528,0.2382592972078393,0.16676891809615635,-0.9632634059888842,0.3447942979577698,0.38633730003285055,0.26727149803160105,0.9358991819204555,-1.3305950815397367,-2.482239357228693,0.36673546766352116,0,0.0013086727439867536
1.57093420567933,0.8879210327565299,0.43374125742218,2.122452556631858,0.654807238115686,-0.020544832544306755,1.000742494678294,1.1139085898647787,0.42346223384350823,-0.38438110905698125,0.04712713041865218,0.8955744055562019,0.6115637194075483,0.1773707860034728,-1.7496984931336674,-0.7699208214789378,-0.7427180861177599,0.4503994485639639,-0.18103950780726855,0.06381127195640701,0,2.176145749040549e-05
-3.0342674238297245,-0.4628281193218824,-0.018470227649296084,-0.905353365190596,-0.3015367889591432,-0.9523154771559271,-0.6083704455043585,-0.2866172723704925,0.5073161961149194,1.7965110795738566,-1.1228587132265393,-0.7286644607842429,0.6189936113702761,1.0423229199421145,0.08395819273452018,-0.29100636101546307,0.04034336469479651,0.02298016997781853,-0.03687948433619919,-0.4894062161786222,1,0.19590216341917507
0.10455650917195983,0.0468360890941536,0.8402703553626832,0.4303835174215977,0.3424366068610532,0.10864504902319685,0.9390745902568575,0.9904205239593308,0.5805516667474173,0.4724661275910842,1.585975837490659,0.9935081496811001,-0.03195152593473813,1.0550987733262442,-0.3795546493676655,-1.1084407371695428,-0.03326306131553763,0.22465460993029016,1.0358276619576572,-1.376824150242645,0,0.022633046854480515
-2.7156171139741647,-0.2315905745255239,0.4937249616354795,1.9972718925412734,0.20044930477785552,-0.4486476008955573,-1.3957489608129698,-0.08432809410499419,-0.17003386397222262,-0.3321322830348412,1.6036742965180262,-0.6838927004445159,-1.193817009061037,0.13775469457498687,-0.7286737375340736,-0.5622440089817551,-1.358012760391727,-2.071742762336302,0.06194321793832397,0.7817239625968527,0,3.558832576627769e-06
-0.7250852352043158,-1.427886005265441,-0.16754433985882586,0.30931709132863017,0.5360143393923555,0.4444428754568362,1.4907636871368428,2.1333413740875975,1.6420009897081769,-0.5190548583677739,0.10286658432389355,-1.2012393969773294,-0.19174444940757063,0.2748186734466243,1.3527377595102568,0.3578617505258744,0.5439699069753929,-0.23269579813972432,0.12560492114778282,-0.11986040345510919,1,0.8017769972724447
-0.12778812747317703,-0.7555832313510047,-0.05261431100775405,0.41690382952035004,-0.19489951047912846,1.271910615380553,0.09366684700157561,-0.7627938281412547,0.4201076512273009,-0.18490999283526752,0.4067764542504192,-0.38569521967317405,0.6273416222030317,-0.5666399449632452,0.05358868732767032,-0.5734581774473897,0.6365276514248419,-1.079964146568815,-0.9083284599849193,-0.3012883880546421,0,0.0072012012457513715
-0.5360715367389721,0.048774783951421534,0.1472436851143104,-0.6086105525016915,-0.8400170841688307,-0.7563985323457538,0.956388742399394,-0.6189809707890201,-1.4535216522457872,-1.0519824272802485,-2.1466845767516682,-0.474141992521552,-0.0026371484058612914,0.3717165116853625,-0.20382431365489798,-0.8388310425645955,-1.1111836439848881,-0.7827779167706983,0.28253577178737105,-0.749242539695396,0,0.008833435553696084
0.8265131595164594,0.41685975832306127,-0.4968576794092915,0.04377189241158712,0.32273217335277876,-1.333691367850596,-0.5496195364332789,-0.6984849460424702,-0.7303849646182201,-0.3908614754750347,0.8117810069388475,0.5374543231198465,-0.8113553561895536,-0.6149965227251458,-0.316637147012999,0.4321029035608634,1.4474957995695974,2.355667762498595,1.18578550863559,0.43144514972644704,0,6.50080100044053e-06
1.0308998324066618,0.10071427239732754,-0.11879096453793522,0.5875826316692881,0.07668749929440323,0.7337914553010921,-1.116566846956445,-0.717489588981852,-0.13758104775843302,-2.83476535325194,-0.4919291240206914,0.8297927824017224,0.7252845291426506,-0.18228044824445583,-0.07112692150497994,-1.6122073038134972,-0.05620114879961619,1.8225121778612918,1.3442007860212322,1.127452819602763,0,1.3192408554105286e-05
0.6224210076681759,0.0361397822571738,-1.3447759529488248,-0.7710188026532371,-0.010867722799845903,1.4855735313762806,0.9109905356356622,-1.678197894727213,-0.6023767833434327,0.3639994859540877,-0.10237421748990674,-1.6846423394530528,-1.6287984726374363,0.09452352284541861,0.22200362139374194,0.27579323804577494,2.2877537544980306,0.7732461655364566,0.7877833130558385,-1.590342516329539,0,0.00033080094215542975
-0.9863915204663596,0.3150010398508512,0.3402936173503702,0.654806927645981,-0.10391895651959356,0.4507197525377491,-0.8451866956141469,-1.9625637052339904,-0.15463600034848377,0.3894404677454125,-1.0293706033613526,0.7946409177884625,0.6360183906913031,-1.287959517676604,-2.000919951690441,-1.7403828342794558,-1.8652041704801736,-1.703989539413448,-0.8099013628565728,-0.5346536574273366,0,6.493321119325812e-06
1.3193167698397075,0.04517144573151151,0.07086844673800262,-0.6942130330726914,-0.340525048419076,-0.3202914069697577,0.3035532068484426,1.2317899262663856,2.0781556369765197,1.2304870737247982,1.409927035670805,0.465592412455171,-1.0755604878795342,-0.2241067337929175,0.31524239228294776,-0.35624080307159484,0.0869552884047941,-0.8311788850152504,-1.1006582552302555,1.4310008953657247,0,0.011335503658375485
0.8358642942660984,1.2859021967643833,-0.15536779928978037,-0.25349155210300806,-0.34233230067797477,-0.030536904011321957,0.08532283487575645,0.15858904373527516,-0.08748581784284619,0.9564028184669248,0.2631059719931853,0.07931117107308311,0.7938074503535192,-0.6980560074749166,0.9066550525703662,1.371382564448633,1.1177478837991768,0.7803173748818848,0.600860938433072,0.017894782377015767,0,0.007858166746723948
-0.058382970764205365,-0.017612540987617664,-1.0397196074966026,-0.588517505481214,-0.10915572505866135,0.4945196894420316,-0.024335465225789235,-0.2548469070914429,1.3014211161205493,-0.39417618831233725,0.07556365839173061,0.12470203679520077,-0.24031424454543887,-0.6538281435274093,0.7757122978333694,-0.15937826786424708,-0.48141776854893775,1.1336460223689133,0.46626698687669665,-1.0741928036359012,0,0.03514637911965705
0.9905421549234842,-0.7480279273490615,-0.5415385285807806,-1.1865829590795502,-0.27776059859477775,-0.38973452012673654,-1.088245057323515,0.679588419188418,1.138888805276764,0.9839788200370002,-0.8035799811170333,-0.43447822775279804,1.1911172006670907,-0.28299143233355817,0.2387802238159503,-1.2187144666685479,0.6098985683602999,-0.3857025990276053,-0.8573016201269232,-0.5515370567720912,0,0.013872229167882541
-0.674143230559648,-0.7972476652236813,-0.4707151458391546,0.519118376920769,0.9692118593128288,1.7053768477170763,1.169463197732856,0.8764452360355379,1.4878208092989482,1.0628664772216472,0.9727802703337133,0.20760724409682071,-0.29085876471547834,0.5760772690425673,-0.4000357594360913,-3.3270558914085724,-2.390408446334858,-0.0881985743163894,-1.2261070601924322,0.010483584268456294,0,0.0022489519795589495
1.5316623421872015,-0.9168621673972593,-0.4382554576915093,0.6749560803375715,0.5929541799706834,1.0200106875078387,-0.2776665982241467,0.2551542005959125,0.7743170990012948,-0.1970515543548588,0.11924105243409522,0.42412536902282827,0.3117400601954255,-1.044610617505866,-2.0970617389842765,-1.2998402812988006,-0.49695115514838367,-1.642128684717129,-1.2411027141338904,-0.3310111375203007,0,0.009249418858421479
-0.8189535040170546,-0.15198086205800668,-0.4750631383534404,0.3480360101836028,-0.5676426633766495,-1.2451905590507901,0.0930669402109303,-0.4262219272728085,-0.9904928677230984,0.5414427340087578,-1.4735346588676277,-0.7183235476909227,-2.0144857683906685,-1.4313704724387624,-1.654783373312075,-0.25479282907735573,-0.39838727437100385,0.006284683529800031,1.029047145935221,1.2302960555329552,0,0.0004620073667012316
-1.134440112939572,-0.8404312474016483,0.657299328998118,0.8235549844005275,-0.6970134565891191,0.6069309980634936,-0.5388527930931575,-1.8012522527568622,1.0605539994578284,-0.2700422988064586,0.2920398764798662,1.017558127073583,1.2658971772599328,0.3321218195345589,-0.11772218911419506,-0.7297880515262075,0.15249072460810717,-1.5033321080084985,-1.8039452221698602,-1.2996915198642789,0,0.006713183443088732
1.7534197441113057,0.31032082853847304,1.72274492681481,0.5970039317889024,-0.9618032458265472,0.2152691258255177,0.6777203209761073,0.5256585350116117,0.19608398700585236,-1.0755376998162414,-1.4715232246688157,-0.11878632717429767,-0.6004419171652206,-1.4786877018382416,0.7311849746742077,-0.8132688714969653,-0.7360435108967947,-1.246875657530679,0.40621520308868286,-0.09087506180771938,0,0.06946439974669023
0.46692124650653866,0.007864447424865638,1.193169799937868,-0.7072103516948779,0.3189661426849304,-0.7508936990197232,0.5168952957588917,-0.0885716907160693,-1.7737667197861078,-1.615189174929685,1.2661502175003894,0.9484311908710571,1.8088812058053854,0.9151833278814553,1.0798588053000056,0.9460925989663486,1.6201307759567778,2.5231282187412836,1.004735658671544,-0.9617533984905673,0,0.005320318808223787
-2.2780709784235857,-0.8425032806870145,0.16819067621584244,-0.2766619042488078,-0.591403607926741,0.4346941758436489,1.3639699973656927,0.9207742366991581,0.5228972469629337,0.810148277866445,1.5865127053096058,1.3204424400235029,-1.155839170273743,-0.058815542565979664,-0.5846245258704583,-0.4035165177730715,-0.7878469990832342,0.2503914438702552,0.19100166152883022,-0.8625884327088369,0,0.24414933391769653
-0.7374553340225757,0.5428161613918079,-0.35085103824896474,-0.6973829009709881,-1.3786208107993125,-1.162804413444608,-0.9997333434637723,-0.3254967049616103,0.6015041913675682,0.3277621238831224,1.3911281151877344,1.0188583859582547,0.2910894325728698,0.12599792287603725,0.004852275714721208,0.04593916895043892,-0.9467415130532786,0.3665487614415147,1.0934349126597787,-0.5303977602233855,0,0.08356368094241139
-0.28933644349903503,-1.7658633111065711,-0.2628219594439244,0.10064891811557984,-0.6755755859947584,-0.7079865585047671,1.0546058554418716,0.7240350310585126,0.945446519175812,0.9488452541027469,1.476620678118584,0.6625695299883667,-0.11257368530435245,-0.7554222652320499,-1.700950178866307,-0.4685983582892043,-1.3703063818367553,-0.0021381024264887204,-0.09540631506938901,0.09680703995462824,0,0.0005135800528551
0.5619533836642703,1.6668312246355175,-0.247550687744763,1.1896093027466124,-0.6327823675435392,0.6004413751975461,0.8783165023722479,-0.10709459348731007,-0.753806372176678,-1.2221894380511427,-1.5605142567220445,-1.2484573586637966,-1.7737557394119643,-0.6184486923529796,-0.38723598126296116,0.2643242957636839,-0.17772160998469355,-0.0898436236730793,0.6151098382466823,-0.18855913194062407,0,0.0015046108882256109
-0.03592640303636255,0.4874363506098161,1.9334283056461543,0.913947865288181,1.0717545750481614,0.8454298272353876,1.0197156400771412,-0.7035074304927728,0.012472860140833462,1.3950585021365873,0.2630469633433511,-0.6586250680968965,-0.4529356660532414,0.11392314265472162,0.13777255382246703,1.0794326411386401,-1.0950887570577976,0.001924925518925188,0.5340163096021826,0.1610452506221826,0,0.01313007980877217
1.690063609202216,0.3271299956887521,0.21819852135329276,0.5563205581135922,-0.672130370218598,-1.231683429391047,-0.2858049563339785,0.9780818638847366,1.621426000151306,1.126772252901274,0.7770568731598685,2.152581104591945,1.0426482850211303,1.1372478017578884,-0.9063745315080827,-0.33475690610212144,-0.2620812440126967,-0.06830719843286652,0.21990188696723978,0.43953613556451904,0,0.011717340524978474
0.6682137427509103,1.0888442913266287,-0.29803001918873845,-0.8748503809700207,0.8589535658238105,0.8167172027667692,0.7596791602812759,1.0546760384466967,0.8721482011591805,2.505488600379696,1.3530401794207718,1.8742302196460066,1.4460548407293285,1.6044291646731221,1.0144753963732411,-0.5852219471816731,-1.24548335938256,-0.7099241447047984,-0.7716301653314318,-1.2910788125379487,1,0.7322743391108587
-0.17733894545257725,0.6049433070135233,-0.3669001632540191,-1.8307532246161229,-1.1269329878646002,-1.506305636013257,-1.252746279778818,-1.2740078333842837,-0.9653932129321638,0.1619095371482957,1.040628912067973,-0.2643633941851521,0.21127713733004122,0.43055768713740106,1.3665130988731236,1.3664178677499386,0.10003094602761856,0.4788092336147512,-0.6650769811094404,-0.417103506613102,1,0.8924336713674421
-0.07183687850637023,0.010247963871960098,0.3678394572598545,-0.06883737668364807,1.2776427573706133,0.07810623659269034,-1.0458860020734608,-3.16936647795929,-1.645861518603939,-0.5686105848665494,-0.12303671119439,-0.26876241664666334,0.5974070845882214,-0.7251273656821741,-0.6599428358077928,1.140978626610788,0.8202339269888054,-0.19811741973757735,-1.5855455931047893,0.4054434028300752,0,0.8330109434501468
-0.17869702917465433,-0.7121081063411923,0.9251961592127694,1.8289849518472365,0.823878649724038,0.8470071004446371,-0.00657164225648551,0.6578790016799483,0.02306657058299557,1.1566911589264461,-0.09563431527207887,-0.3034346416587654,-0.5848802740647672,-0.3926849260878636,-0.9101770885571397,-0.37145606846873885,-0.3296608360710947,-0.9130319828042871,-2.0149666807985067,-1.5083938877275258,0,1.2883388526245053e-05
-0.6530681753457241,-0.21765950182530003,-0.3686427952806052,-0.05859683807459418,1.1028861390448532,0.22842474074594604,0.3461707055847497,-0.2871312904790654,0.40307343908531834,0.30899587667262857,-0.454566794478042,1.3845676329722159,0.9438236915518378,-1.4727811524698655,0.7963767387513745,0.5422107370195124,0.8796570484743286,1.2369059874767752,0.1988567603329231,0.1975676845098509,0,0.18003922928609647
0.41314392147565226,0.05682599396737646,0.559818226290472,1.0821578815606268,1.9022757439796862,1.1284784273594486,1.2775034531477447,1.1507754561438601,0.05692218603649387,-0.20863128069501513,-0.8479415943618241,-0.2213142929706855,-0.09287220607329714,1.305758434488362,-0.45014771692723926,-1.1313613449137314,-1.9249892886405249,-1.6775527139009705,-0.7728603902993277,-0.7588417896654972,0,0.0013458428527690954
0.6282885002656025,0.1666941486622326,2.159739091709632,1.2369205639809469,-0.9936151958800844,-1.6615532111592104,-0.5786812943324616,-0.15749518807708784,0.4913732155147878,1.2850565724168777,-1.3136326423954172,-0.609410255493393,-0.6694559578493874,-0.5071679722533903,-0.38513704807608545,-0.3495753317012873,-1.4548782895012562,-2.1398211256142337,0.603469254254818,0.021721066270112763,0,0.44562978407111165
1.354936366609599,2.0124630119388724,1.4413508011791087,2.088262344288249,-0.2240087028456249,-0.23457041218438907,0.34536846090208684,-0.4162506045815403,-0.24380998625422987,0.385283273117395,0.9247258321724077,-0.14736661525250286,-1.7592777867005045,-1.965424959119141,-2.2420734955874058,-1.6694251684536,-0.8647736378266402,-0.4070887159970462,0.9476616926302436,0.7724060477032532,0,2.3998615337788695e-05
1.2497644420597542,0.35944663658404935,-0.9320687150210821,-0.39799069834627054,0.8499856221106922,0.6091423492145669,-0.21975297836732138,-1.1770260960217558,-1.5783508629137264,-1.1228500587256942,-0.7029600535488746,-1.217522937142694,-0.2619653571539089,-0.5408664599010066,-0.48676671264519755,0.29934762904550305,0.07357419310840661,0.7366337583757028,-1.0622654076317257,-1.4101674773681299,0,0.005128059590413107
1.223619907729544,1.8027723939603986,0.35386038230710193,1.0403522117358555,1.2947249861764294,-0.15793682867701264,-0.044787090399876585,-0.22745980064923157,-0.015899190753838218,0.11938961525738166,0.8451574154722249,0.477839293336032,-0.3539192012418386,0.45394112355699595,-1.7193822267294405,0.18504620526462132,-0.9167670196925779,-0.7046080650927847,0.5324910885198876,0.933122537369535,0,0.004999024031188273
-0.685295454423092,-2.034902865693034,-2.1293797779443113,-1.606294742579151,-0.1871134281994522,-1.786860005756964,-0.6617156330261578,0.27207647105855554,0.8244333713497433,1.4389223721215683,0.5042102223040625,-0.46633606732018795,0.6561156565302703,-0.8041826664052931,-0.6053076161835195,-1.9772960585305421,-1.2495264915366178,-0.2237681042553754,2.13634466334873,2.520810467937394,1,0.3790789165316684
0.383606654536112,-0.9336741594784429,0.17338679398866508,0.32344892068762354,0.16998516484193935,-0.08315461114316623,-0.05252001538715833,-0.1478122872330109,1.216555188350661,-0.7619459937656256,-0.9377385906652735,-0.25174503724226416,-0.27014230685765644,1.0653953541343735,0.6432979334885355,0.4194329881886624,-0.10266354798245074,-2.0287190685600707,0.44493060474222457,1.0308374151845277,1,0.7410999596789852
0.7702529841166565,0.24364899573861054,1.3220422690146716,1.0529654884142163,-0.06206933806932051,0.6910499859868622,-0.11416511920351866,-1.050319344396641,-0.6181341699474628,-0.48300629627265296,0.8843998155233257,-0.36200705854336845,-1.5133604023686342,-2.543326197882959,-0.6565001116274,0.12331228645282585,-0.14764504162066472,0.4592349473857431,-1.184154237292583,-0.34243128323453537,0,0.008030573850702027
