X1,X2,X3,X4,X5,X6,X7,X8,X9,X10,X11,X12,X13,X14,X15,X16,X17,X18,X19,X20,y,p_i
0.3336629207947774,-0.6698341332684523,0.4120070551329403,-0.46629335601616034,-1.2848995695339178,0.07906455695891026,-0.2403138834473743,-0.8796798071680408,0.14327790407911759,0.17693134009098346,-0.787361129106072,-0.8197313975258742,-1.1271856193571368,-0.21635809684026558,-0.0030069916606736847,-0.32823189347983683,-0.40659815913206004,-0.9905421119055974,-1.098716200780107,-1.276393223376444,0,0.0015638467161834038
0.731301690502827,-0.6976152674756423,-0.03796943993565526,0.6404640797092199,-0.09012620711215508,1.3483123227060967,1.9166660736942605,2.3329563720843622,2.0710712314124766,1.630999007502119,1.3004647949397743,0.19417643801631188,0.03592126452856478,0.009998625938397954,-0.08984545169835213,0.09034166082329648,-0.22633934350950033,0.4591306301763827,0.7510830073353213,0.24326108203051605,1,0.4559030610301463
1.0310964379640357,0.9202563576261443,0.7182479263275197,0.17250283480403866,-0.47821648916576226,-0.7442238219324468,0.14237585828785027,-0.06024369911676679,0.9076028738692145,1.827958369054936,2.4377292809442603,2.8970075072008203,1.92837804035934,0.8757621755048587,0.8176715718659516,0.038394028481327426,0.09823956206697015,0.12519096473430116,-0.3435278170631092,-0.4334079382014832,0,0.0017476445324717423
0.4547888585131912,0.6000633739334409,-0.25825310956674075,-0.6566512793418962,-0.19510191049355424,-0.17413565301649192,-0.1640948016752618,-0.32117911505384306,-0.3860186307181502,0.7190021251181085,0.8150663702900457,1.086728849200774,1.3410302954269515,2.7020967050796534,1.5556715078217658,1.150749903044254,0.6571198390689308,0.6226205301456156,1.563880885473711,1.8345309392889104,0,0.004080456773677665
1.2512215650429621,1.1722480343911155,1.071226672264586,0.6066628042937895,-0.23482527573627993,0.31868792617069525,0.6977722422438601,0.6739824448248033,1.0803318471297834,0.9720363042607261,1.0165332936503133,0.9003482087231648,0.027378736264212833,0.003649010650600815,0.23166825066274832,-0.5732209408425281,0.24666077793772814,0.26179135909044265,0.3446432997527914,0.8875256366677646,0,0.1233649398604305
2.3409670227243127,1.7772666031716482,1.6661143800005558,0.43961446800070103,1.8753637211541345,1.8863135506385489,1.8362008527762022,2.1713705198305,0.4803799462755065,0.9873094689738334,1.3523014134942275,1.4659447796906508,1.5171035683251677,0.8542280970128622,0.6007259299402118,1.5514091599564641,0.957696852740263,0.5890453674693847,0.46743789879200104,1.0889651244513234,1,0.7940372735141628
1.2898271005124853,1.48753873120889,2.4037722313621153,1.191826601519746,1.6781534990475058,0.4495293468891033,-1.3267281297590732,-1.1248984167195644,-0.6905778350364692,-0.9181386675049683,0.12966312116560097,0.2280460613452037,-0.3877317712970811,-0.4449672024133012,-0.14847740587368705,-0.1024812160688227,0.33500293751782645,1.6240088168257774,1.9514171692750095,2.159743430008393,0,0.000791444178548688
1.1846379897698933,1.4324379040601767,0.6322535802621405,0.05739631764154827,0.8040198836012998,0.4673995971052586,0.1660138054604284,1.0758312243657318,1.3698005656030556,1.2898362018551905,0.5631269217281872,-0.21610552574080188,0.20133786290933042,0.7403746113140872,-0.31896084924014506,0.09748404013851238,-0.2904257683126052,-0.3101090002329399,-0.9445811169355126,-1.3212106893613458,0,0.005533138709708502
0.8013534649113996,1.7409709663054498,0.6950829392614295,-0.13143274531265559,-0.9574348094014526,0.6012919398142931,-0.5986402747554781,-0.2409499662188148,-0.505631060032956,0.010235337108629722,0.25913261196715304,-0.11584020671448739,-1.0418019476437117,-2.0947352175852685,-1.5719661415447532,-0.5773141439895318,-1.8257262990119567,-1.2015602031201484,-0.704467803988316,-0.3234367201756261,0,0.017165067369901726
0.9070968594258102,1.7913025680254395,2.37186960637791,1.5151316736493479,1.5769936613341973,1.036869219547965,1.2682204663446819,2.2091014610728905,1.3656635485551718,1.293529827411164,1.3421685988887182,0.8453835525055553,-0.1173782036348096,0.5601498716407427,0.07536676606457719,0.06484723529069018,1.2955003713358695,1.7582391704406275,1.7743680201103267,1.678976695277409,0,0.8111453413186617
-1.0750138734032157,-0.8417689374261631,-1.2272795451528462,-1.2997883058020112,-1.5252747616097164,-0.8508816247823305,-0.2562036320333593,0.6614861818063378,0.06759909016430178,-0.34573274602618254,-0.8640520427916427,-0.7585275676879127,-0.9889392584855441,-0.5235223588603828,0.8452704627834501,-0.722436139350121,-1.861145318849813,-1.3078395332255812,-1.993265409049015,-1.8875945604388553,0,0.0006617905832093548
-0.01696224927726171,-0.018568824612255914,0.263031838073629,-0.6153822776559649,-0.870018046019522,-0.6947241639886326,-0.8749266203379908,-1.8453451335531934,-0.9585959072662433,-0.20726190720317264,-0.8989817645734709,0.31714718733441466,-0.09760601146437412,0.3631730306559941,0.8001050665763986,0.5784113775046914,1.1932475915849203,0.29051226781244854,0.9577879226129006,0.5339570824786843,0,0.0005986592220358009
0.9112583522062739,2.121793147674106,2.209466061898036,1.6805768218526231,0.915957201154198,0.925667111297625,1.2204477795836464,0.5167769568208683,0.3302226329580235,-0.2434167916635501,-0.13306819059841068,-0.7183410951314045,-0.4011086156373571,-1.100273033961245,-0.3158394205600436,1.0069806014624094,0.017193216040875335,0.6755119532224947,-0.3612836675035111,-0.5767266361412668,0,0.054782598125832714
0.5905938186322581,0.8528366734791071,0.6469717376086709,-0.1621097344401302,0.10239977490491065,-0.0872333222573533,0.056488685990533895,-0.59606093126813,-0.48659770289651666,-0.5576592691110125,-1.6066448701494163,-1.0926338994276283,-1.8005416477275407,-0.19147002891084272,-0.5887486087800478,0.6159079217094123,0.6199818200324728,0.13906079006059627,0.1997856892103776,-0.5117396560243176,0,0.008534224571002468
0.7510263488268407,-0.5274441531628713,-0.6202000831612937,-0.05920419956779694,0.546328375121601,0.34152913559907194,0.32333450209874737,1.4995656648933158,1.7629908720944107,1.308915052741783,1.1717969331617972,1.193840753399917,1.6725414267066885,1.9883265350701165,2.01851276563885,1.560474437554196,0.69327296375962,1.4031786302515143,1.1721399075572985,0.6416416710510142,0,0.016805853846774847
-2.5403112432435226,-2.249576130945347,-1.3218406056704772,-1.5488120757429324,-1.3612529850284059,-2.0785873420434777,-1.6540199503855464,-1.0578969217830552,-1.0233026059953025,-0.7819304629253928,-1.0159516150394179,-0.6660125381511288,-0.8421415056308656,-0.5039328045937537,-0.5938457983075189,-1.5719069020987697,-0.701551057312612,-0.22938325423636835,-0.6856747407136776,-1.0692232653354359,0,5.323367331086983e-05
0.5158960309890734,-0.23009906911088726,0.06933749026752135,-0.38537966709558696,0.01600442510605965,0.13571760924644483,-1.3941866625320416,-0.4216625019270716,-0.08927338988479873,0.13526416468776456,0.08156375549400222,0.14424223214819074,0.32106200938146406,-0.15466963303284642,-0.21879776008340357,-0.08266711552340635,0.17071136111914345,0.6143704554430631,0.7432582825136517,1.3027611085827933,0,0.00028610406615155664
1.5399546921975003,0.5202863348742023,0.7351126881613774,0.07647538469362035,-0.3278143212525986,0.327689705342122,0.45947599604452627,0.9267290936512709,0.5503494638156716,0.4440245209793678,0.5494454740565908,0.6827545545549957,0.006656466541297475,-0.05072789373885229,-0.06492876485918354,-0.4421566381890862,-0.9064817704677167,-0.9932975169030751,-0.5241909483181373,-0.5664273726255296,0,0.0413097578158202
1.9103568814736083,1.1154804441840793,1.1001155561877418,2.3438906495387712,1.960195009942994,2.070728195476903,1.4736926887137431,1.1736906225543755,1.2509159247910027,0.5439251122243008,-0.552606386985587,-0.8717584501023822,-1.2946174644987216,-2.28220929511542,-1.2634577373110047,-1.0660220125367974,-0.370626592306683,-0.28874973645886476,-0.5732703864777079,-1.010951323360383,0,0.05972021066022905
-0.3428656276044473,0.8773313672484974,0.54568681575748,0.6685087886937614,0.02736901773159838,-0.13149263127390995,-0.6701722970468496,-0.12012053299994702,0.17891956469911444,0.5407432865330349,0.6297209996580176,1.1687715661190967,0.8935248470593331,1.6039137356450635,2.7211682283053835,2.5434918049932342,2.0708181475890055,1.361179873172805,1.1532735865333557,-0.059223818647610935,0,0.0018620496007932606
-0.6622228650740225,0.45652841975395164,0.3746469773870143,0.590795361816441,2.6390642218486877,2.134873474528753,0.900303986835109,-0.2735385768498673,0.7208943795708185,1.0784451705446256,0.5736096235515931,0.5608965958029434,1.088883702879032,1.3644372893118661,0.8912690923630876,-0.20685376349413268,0.7640245357337468,1.5094041640439337,0.9868899730237543,0.8833044591915961,0,0.019490235700575214
0.8981302270238928,0.4860909191166783,0.41377811702778694,-0.45476718069941047,-0.21500717292031374,-0.9568526092236829,0.04858539801593549,-0.3396515951846274,-0.6422400905099475,-0.44785832581317336,0.2983838431602536,0.09115290171372527,-0.9391999269194854,-1.6731434942624366,-1.6473084366252697,-1.5429330541042647,-1.687769091243165,-0.8254460223331576,0.6641329922024976,-0.228397783340777,0,0.06596376358441927
0.6751952541893401,0.37384212702450875,-0.021708095214148848,0.10930895891683844,-0.44349435515721986,0.14710627902875764,-0.46805158620314524,-0.14936972673937504,-0.0057090898962740295,-0.5189219450294783,0.3095728590410776,1.1414944383641512,-0.7143222848597295,0.6754907235814246,0.4184489892431529,-0.01622136887849908,0.9276526687779462,0.7854396782430371,-0.1346467018377785,-0.02383250196966363,0,0.005825942561518435
0.9754646099288494,0.07703810967365418,0.6919656515179016,0.9640738298889232,0.09600106531613525,-0.3094310021164408,-2.0548200566445662,-2.181734012042486,-1.8649620558009559,-1.5278569141256104,-0.9779398593700225,-0.9310187711954718,-0.4545234858437861,-1.451760514511569,-0.9327665104203415,-1.7615600726911915,-0.8301193513328464,-0.10526395841313958,-0.6134789888569123,-0.8311461284762061,0,0.00048581665097214487
0.2397819781210495,-0.3099088996167272,-1.1962444912683174,-0.8172997137287118,-0.5363465222638844,-0.44484129495073865,-0.6306476703954608,-1.095166797899527,-1.9486207977968475,-1.5722633529080405,-1.9369771928392798,-3.224624201109364,-2.3547700260927313,-1.5596983733902083,-1.407710020763185,-0.7280370110912247,-0.3376065471000236,0.4943130336968616,-0.17070427216283976,0.8961937843539772,0,0.00329246171594426
0.41265885178116685,0.6185275263641785,0.7968746599018378,1.284422484375994,-0.03495737019461936,0.2833428365289326,1.389003864614001,0.06238664697413399,1.2576086519417127,-0.03583167947330063,-0.41234123918218096,0.18102730445151644,-0.7984398610331612,-1.7763081340082774,-1.1557316542951517,-0.5422169334903272,-0.08623286228480248,-0.733363939771632,-0.5532647085225343,-1.0344809186017134,0,0.003896621812404351
-0.067160736357885,-0.20983059692082495,0.9873874217016411,0.8264927859556103,-0.3030321758543991,-0.849832440172329,-1.3300337197260845,-0.7057701544172238,-1.539805574743671,-1.4226868876605343,-2.0716341971223677,-1.7759049443505341,-0.8689562687622401,-1.169797576480748,-0.5809352936676584,-0.3517557642492902,-0.11462265391554004,-1.17466267473126,-0.3143829115491411,-0.024373698855729774,0,0.0018156243176312445
-1.1025319588890972,-0.9193426886534886,0.25078854563534503,-0.12248035083265502,-0.47222663645222385,0.3710450400126827,-0.5328678691301322,-0.37812362894486606,-1.2556511105382724,-1.5417482855725557,-1.5921702945482,-1.2069942848752844,-1.5671402123781975,-1.1077851186451793,-1.1535969466938836,-0.7106520344809608,-0.09132547504737644,0.29211264560759576,0.24155408885560511,-0.27719176460675926,0,0.003258375570048313
0.09458083336940654,0.417959799903045,1.0844491237679388,1.3333034245938875,0.952150942672776,0.8522155070221505,0.9298015838812839,0.5750184685161378,1.412178021721983,1.243765344803797,0.3613047143365796,0.61766969496113,0.6190165648523955,0.37208516161643557,-0.18118220897479945,-0.3803854761698441,-0.8103662847228622,-1.186377082244965,-0.8739010693377838,-0.934058234261917,0,0.012282859806224223
0.7685102059113731,0.49456273747581914,0.13638484938648676,0.6978332952539786,1.0048128332379171,1.4782282751661209,0.3554362889579835,0.47238237205558603,0.9038384190333838,1.1468885879200974,1.431739494244345,1.9487198874786475,1.0100497394305823,1.2144828336790914,1.482497562814883,1.0266356557029397,2.1691839232871066,1.2525589531803836,1.154681913500548,0.4891402108830323,0,0.006652040114239505
-0.09817030599171542,-1.4938277978422343,-0.43037389831752804,-0.8638208039544958,-0.3088843261576092,0.34720338711908794,-0.3883695481775859,-0.3273578822436132,-0.4473632748878346,-0.4771522388901514,1.6088882789949874,-0.1348008668852585,0.38071185890155823,0.6827344768611964,0.5273945464759282,-0.45678262934069935,-1.1919801521678424,-0.8467398049625645,-0.5489869338179046,-0.7184320653922223,0,0.0006296458101459527
-1.1894223870950564,-0.5094804688467792,0.1773052862775227,-0.20898231533075515,-1.437381753826348,-0.8938734971461341,-0.6069228265918939,-1.5700577914560614,-0.6391863894459008,0.031189462518525203,-1.730748012342251,-0.9571853058077382,-1.0004208947449986,-1.4004371159483517,-2.367057619727528,-1.775073587709238,-1.5357958057431187,-1.1717621143853731,-1.3149305699813392,-1.130902642710557,0,0.0008218470825314006
-1.6739050731078988,-2.0860495339967793,-2.264087305542908,-1.3932104033167771,-1.3677327296121484,-0.6125603945159881,0.2612625445054824,-0.024461690347678724,1.3629985270323353,1.863805745714201,1.1988048311366055,0.4754697220199854,-0.37242156062392684,-0.766863868709059,-0.26426788926397504,-0.8962297030441951,-0.021533059374909628,0.46757421880050287,0.41859959084534437,1.14165006496536,0,0.0009535416151621929
0.4703147828233963,0.13109282793022306,-0.04908822568195729,-0.558711484563641,0.6348608314457684,0.8611322383609137,0.6745783762594655,0.061185219710847207,0.6390475096113587,-0.43424397130601405,-0.5585740705311131,-0.19307046275741352,-0.9681923723734107,-0.3037212401701158,0.6735686086758828,-0.6235486586383023,-0.5004974167098362,-0.08342239393152807,1.7144520959160279,1.6295240344088355,0,0.04448043991319283
1.993054554455855,2.402409814803503,1.0822273642945923,1.2122468380233065,0.6709572825352362,1.1937091313704333,0.790976043143952,0.2625723209619778,0.7302455619661226,1.308696633258628,0.3710087662405948,0.13149286102781957,-0.29273895282884177,-0.9221049488015335,0.202791063832241,0.674262525803473,0.432083913844589,0.1598280862095572,0.35055544552070667,0.24958988518672628,0,0.04275457433921068
-1.064611106921804,-1.364448754258149,-1.5384999699978694,-0.8446112734352087,0.2243849399255649,0.8923299780341026,0.07798480062451528,0.532730437470589,-0.0961979596565466,-0.15836398792169948,0.09559437916885107,-0.5412713231244165,0.10720778846317924,0.15750111853481796,0.19811169564968817,0.10404648084402199,-0.2580069264628699,-0.2400840219590633,-1.0142980674425395,-0.7169849232846008,0,0.00036516023508512656
-0.41840666339377314,-1.00276996980799,-0.9113219179533958,0.14348119293629213,0.4189762992221426,-0.6338697906989508,-0.23844473588093212,0.01424966453091727,-1.152297361588435,0.24591841228561753,0.20062562277151685,0.05662357773377666,-0.411102926650579,-0.5861623226937427,0.1735333220390425,-0.3964479194118497,-0.9765831728184197,-0.5765472967908019,0.13729476971730045,-0.1473699910362202,0,0.0020237028489359958
-2.238760958943312,-2.8255116167869736,-1.8400963931677563,-0.3867202948293652,-0.4209549147365544,-0.6055774773136559,0.9382597881253261,0.7479100396505575,1.0406344586474812,0.8557470312745902,0.5887861646698171,0.9213132551667806,-0.1932235131179946,-0.4516917857391913,-0.9525949220106511,-0.9258733245586135,-2.330379444349692,-1.7581045923804017,-1.119438340176629,-0.6897671017549745,0,0.005931470446375575
-0.8019391212435795,-0.6361668401304421,0.31913644742628655,-0.340821711178708,0.021997532998771788,-0.11024292650406761,0.9413828764339455,0.5824217155318936,0.02037790564813539,-0.6718062601855778,-0.6134270253060663,-0.29481644097646137,0.3362216489557028,0.3015903422486225,-0.5236124975447327,-0.974480084415615,-1.4989501287711713,-1.4282398227300765,-2.44963480886724,-2.936312965042096,0,0.00013646095876468307
1.594911296276134,1.2584923779257027,1.5572636925378303,1.5499999086268135,1.5084821465338265,2.275018993553934,1.8221832715680684,1.6377633998489898,0.8220991449385522,0.5874009917545765,0.23714480680042704,0.4372882426155851,1.8812842194884432,0.4769152696005352,0.017285282397749246,0.14238867883571427,-0.1616782494109693,-0.2800096811880508,-0.0741063777678439,-0.8619079169104805,0,0.05961310556896954
0.6862881194477984,1.237743528859206,-0.4515203914392101,-0.9563975805599376,-0.14955316232928878,-1.1297216039746962,-1.0377971826955545,-1.5415724317123338,-0.38226962155731925,-0.263670430913631,-0.05606223481653742,0.4290308846063142,-0.26412469281360546,0.831782008056293,1.6341054939854438,0.7358196411228375,0.6181877739282806,0.6700603334270583,1.371523219644552,1.669025417253237,0,0.00033901544561381263
0.24937956482348228,0.19253005809554075,-0.254049056422142,-0.9306674321222718,-1.3296109992053915,-1.781140111006769,-1.649394387672826,-1.3590575176522208,-1.2375966476227247,-0.7493515101708851,-1.108080004002862,-0.0924769021242812,-1.5563135302576026,-1.7110609219714765,-1.307904039143907,-1.1185578497650663,-0.7585845560000776,-0.4600505280190224,0.11620047601718618,0.5897239924612159,0,0.00035017227406546086
-0.9011471968525533,-0.22216263775980472,0.18098385141274387,-0.05376813335277186,-0.19935356068749077,0.9275735182212198,1.0109668324392618,0.31258686738533603,-0.019184910773274534,-0.9351124745502899,0.9396828773293061,0.5835195060595912,0.09570541985759065,0.33926464474708523,-0.20754243790603538,-0.9979750136139416,-1.3582196569321288,-0.6877021985091882,-0.9620292826353587,-0.608381181144504,0,0.014003126197293544
1.1614380427376143,1.0802429257637687,1.1370191024424885,0.6357814877490146,0.27484753926127964,0.44830097622348014,0.6893548190980068,2.1620437516595197,1.729823563730009,1.1364127619303015,0.8456807073157538,1.25637621996052,0.7935748716324442,0.8697277319017601,0.01633669484412888,0.1783373896038667,-1.0212605182895955,-0.7427785506301485,-0.189689095217269,-1.1985685827162131,0,0.13023961937250583
-0.5490579672536189,-0.3729626590275814,-0.34246275516614805,-0.6163878331523004,-1.3243739065996045,-0.9139501485249739,-1.2385850361070667,-1.3471597317959383,-0.993366247091165,-0.509424360470824,0.4281018583876599,0.06348563720486651,0.08635514522230188,0.11502095649477584,0.024451968691936235,0.2997978169298466,-0.4211278880330147,0.2728632783473675,0.0025792432736781706,0.22181810480284767,0,0.00010964392195399335
0.39663631253502285,0.3102555200706021,-1.5677609364304343,-0.14626280877318223,0.7585955495576859,0.5225138190411778,-0.9648002920224621,-0.6816310170671948,-0.5511395021140576,-0.5459509895164837,0.2264911263163698,0.1871119126799434,0.3887078714665969,-0.6222218589509214,-0.8947633890281034,-1.6211036748075383,-1.0220274440853543,-0.7321522049419074,-1.4553149606374793,-1.5752804029260494,0,8.289204576170637e-05
-0.6185575098934729,-0.08093294286530843,0.30085693917928974,-0.7277518470140416,-1.1141381271200486,-0.9721651274940163,-0.3948765186874307,-0.05776542142067464,-0.17504868317744235,-0.6562517549065405,-0.933402932834768,-1.3473372258404561,-1.9173077969875871,-0.9042453722491818,0.05535852292960486,-0.47547291752833876,-0.2540098986470789,-0.4943438506599829,-0.24279133927200558,0.04284621563175739,0,0.008929428520575142
-0.12867537914016225,-0.838574283438543,-0.09216048632162198,0.8484746698019078,0.9329284697490831,0.20514987418615857,0.6531491911531699,0.33555781797088136,0.23483654520271194,0.04730842592367579,-0.03377818400525436,-0.4398546488463224,-0.5974957244857695,-0.324104771131475,-0.9586293916353427,0.46633912094341745,0.3153330275003711,0.2671331929523482,-0.8585582475088746,-1.1664382851870798,0,0.0010798648686185894
-0.13688156960607478,-1.2230086765852506,-0.5553836662116097,-0.8928920277935908,-0.443618498970258,-0.10226294485008247,-1.6051117204329735,-0.7032602047548401,-1.6250791361778558,-2.0019422360330634,-1.3514666177433612,-0.8124748709030805,0.1019091411862776,0.11452861957608321,-0.31680650344604744,0.23864542420455398,-0.30255124242055603,-0.7011317494950249,-1.2468105153181974,-1.2700454860149886,0,9.174050840834822e-05
-0.6251785689598823,-0.8979718119017778,-1.3030498276385263,-1.5643995811108458,-1.2103526983985415,-1.7067245734108933,-1.7753519724620686,-1.6792493013333563,-1.2373544218986288,-0.3874889662809284,0.37715269474123997,0.6350240822622015,1.415470062837089,0.6287956522903639,0.3435133424885883,-0.9080334787020246,-0.4955561700859003,-0.08656333992046887,0.2154138842483013,1.8813417158824894,0,4.619721468201203e-07
1.6966791559453438,0.8499862921387883,1.0427382032488088,2.324259864244653,2.412524510598939,2.3576728056729306,2.46995555326192,2.6752266123901296,1.433712798624025,2.199356596541132,2.0610961326321977,1.1159074662121862,0.6714431399821684,0.5345811488116768,0.27876257833560425,0.4326960483983483,2.04664774213241,1.8256041301858388,2.0568663133140146,1.4380036175667341,1,0.5377445503024763
-0.41610465635363564,0.4771690858163487,1.7970300315513383,1.028485506717239,0.9173701660697418,-0.4323770493982301,-0.6129654850800456,-1.4176642080674942,-1.1199712150763514,-0.6229070635641126,-0.16481838348502,0.19508577093902438,0.21249435262038274,-0.08411612309765756,0.7083302527648748,0.7157644324407433,0.46978784729010326,-0.7097462962206345,-1.0269757827352808,-0.7364547880443473,0,0.0007394225454403568
-0.10460363399074017,0.4064458212272049,0.27254550700154573,0.15187542267811163,0.8668903485995129,0.8906387814911388,0.658601535421466,1.0015498738109359,0.8006858076004799,0.2101726854734612,-0.37433189731547006,0.3772710377734606,0.8160368388729422,0.5048509762753897,0.3937079597395733,0.2574251596152364,0.5144790477063271,0.21910381633438175,0.21778774550096625,1.4120294343063797,0,0.06155538352892522
1.6815963160044998,1.8201502361469264,0.8828357719896996,1.304096990803581,1.2851210659137322,1.0829634537140393,-0.13908738426232156,0.12679923908035126,-0.005436417301660415,0.2730259426359057,-0.39007674610216136,-0.7930197820341626,-0.5457147625949877,-1.6094496579357158,-0.9374936322667865,-1.2456121956391166,-2.136368528920655,-1.0950832092117142,-0.7741131421605203,-0.46681476483915585,0,0.05865117845455736
-0.4161508165626962,0.0607048556602886,-0.11084404073710802,0.08072016898253055,0.09701767276721672,-0.35108425917406744,-0.038509056624222146,-0.5030680935516293,-0.7133988161889315,-0.3493830023530094,-0.3849875610599588,0.27620717104745945,-0.03924315951102564,-1.1571106557378272,-1.0718067550822867,-1.2817192814493417,-0.7056222159441496,-0.1622689408027184,0.9886461323414629,1.0865297210548412,0,0.001874415653325767
-0.03284276094226116,0.4228473456804451,1.7190114714960583,0.6798944056417955,0.0776210876103065,0.3234351333352367,-0.4104400494325304,0.49752356409621323,-0.29692888868802453,-0.17007728100003644,-0.3568370076250944,0.43377256944094666,0.3087834437402669,-0.7576296706472471,-0.7817626855983953,-0.5353597310101822,-0.1471379944475196,-0.9978088182248611,-0.7000933066236655,-1.3193861399560185,0,0.0028754912510763845
1.2867193406335664,0.8852674149394284,0.5400063616498527,0.0465524487573833,-0.17265472665016895,-0.355432912867956,-0.8682511355874978,-0.17884361028092677,-0.4399029676139068,-1.248897855081245,-1.7552099945955342,-2.3475137574092897,-1.88543921424165,-2.427113001739521,-3.35005131484204,-1.3720510132000168,-0.9126306396208425,-0.9320338802754657,-0.7827515885561461,-0.9207226869093813,0,0.02227928904757506
1.2863789456184826,0.2412737280870706,0.40769465473258715,-0.26546176813974837,1.3769944499991544,2.2007663305787952,1.8192104229392918,0.36118074146532936,-0.00839424320890939,0.13230155554933312,-0.04321518910580537,-1.1366244249099795,-0.9438966472064491,-0.6988358735537731,-0.31501856544641005,-0.3600675402429416,-0.20450457511574255,-0.17704788351806766,1.1283601884930308,0.04602587223754524,1,0.20708125310958078
1.0465244606859219,0.6697793776300015,0.7456852165271489,1.0351038176444525,1.2696494243988976,1.6891429727780385,2.7576114592492043,2.4367368486123,0.8096362530521392,2.221054244480893,2.6565384889033203,2.777784055684917,3.0635558152299796,1.3965258413369972,0.5684714479954741,-0.31613969664746167,-0.30581368137107995,-0.023442673103228926,-0.1162168700014338,-0.45210541461446946,0,0.2873455680292823
-0.5977483263492156,-0.0704032505977392,0.3901904597556534,-0.16448791219168224,-0.5309173813714673,-0.35358940548553375,-0.619916042193716,-0.636877610087975,0.6297436462504498,0.7653603459617833,0.9300398950568008,1.4853000005969204,1.5813623334595932,1.0443630676274342,1.3241298264037236,1.2334760005156904,1.033526250717339,1.265684630220218,1.6435877757294823,1.6632186675551917,0,0.0005887538142636396
0.5635218585690802,0.00898759041713427,0.43307905497890403,0.20932239019193247,-0.1235748530970023,-0.14692155896933115,-0.2627692454297587,-1.9155661170998093,-2.835723444707141,-2.5985060080997,-2.2720799394985813,-1.7930590226592444,-1.5115632585055438,-0.5079829198056328,-0.9021975255298773,-1.7825694187076597,-0.9442482439042467,-1.7291197265816767,-1.361143901859234,-1.5287514701724059,0,0.0012111127124154644
0.41621850557000173,0.20352408869268915,-0.18326714211761883,1.4460309039421095,0.6508261273446574,0.7392799034198664,0.9159090959261101,0.7722848873858817,-0.6160178089816302,-0.4151737463856526,-1.172998528820514,-0.4124417692519288,-1.0184460711103007,-1.0156081244284747,0.5672910059001275,0.8513772432733069,1.1050890158057707,2.2680302115333264,3.478125653018534,3.3067812502885654,0,0.009216199934448511
0.2583397564020357,-0.10862846108262796,-0.7952928208493508,-0.8731531392556623,0.46240360449118184,0.6789125230897213,0.15981741729507054,0.6036235338479716,0.6553957164001143,0.5458183375811287,0.14199767331077667,0.39700647261002203,0.5899532844131343,0.6298424841103716,0.7008450647481431,0.08459854639283547,-0.47598369550691366,-0.7774516222231782,-1.433686139029179,-0.8011343190862832,0,0.0006075839787832646
-0.5008578268045336,-0.34448166250050977,-0.5303078753088083,-1.1903841654425957,-0.485125560798574,0.05775591347847876,1.3686485662894536,1.261272722165121,0.7241197091606443,0.971445858688422,0.6540867393573397,0.9077364667604453,1.320563776193961,0.6201904398998783,-0.058310662231541785,-0.41860209869333004,-0.9631086985999334,-0.5647479301049887,-1.6993077531577054,-0.5322090227617257,0,0.003877091868077522
-1.4990774789746548,-1.3848364551639838,-0.6986478281350874,-0.3955148099836843,-0.18246538030025997,-0.12164328014789969,0.8887526301525129,0.9251308945622998,0.7127015975489596,1.5601736010374707,1.017122923584179,0.23041688124138654,1.5967170606240069,1.1568683105180855,1.1681814750539339,0.5660145886843135,-0.14323600211600745,0.12077086429699281,-0.11123892406755465,0.4001226064592393,0,0.004424913371214162
-0.9736456347968752,0.0733703465117691,-0.41702916271601836,-0.5394408774828856,-1.577621963737892,-0.9621517883323151,-0.04941494313330139,0.18766988496356585,-0.8248043485688314,-0.6908012576347585,0.18049682626486557,0.23008615407426025,0.9561560560568648,1.3596738615986526,1.0679974176868485,0.566206848417256,0.2597676844706386,-0.039110482974838226,0.19252385540040218,-0.6539297791636094,0,0.000738831655753005
-1.1736817015059688,-1.525563350773851,-0.31315471452537696,-0.6115821976127351,-1.1437313908282254,-0.9769168298535623,-0.5290784939555657,-0.8233760892334199,-1.916819343671608,-1.8574208797926797,-0.8535944452948665,-1.398996336121359,-1.3546841845903268,-1.5770380527466232,-1.4782411931131054,-1.1334819530610094,-1.1891449305270374,-0.24888816596279648,-0.6358232453588369,-0.5556243168191467,0,0.002061426455943166
1.1023720412770948,0.4981009735306237,-0.7910757956858407,-0.40429125773095104,-0.8836714030542436,-0.2429831151086759,0.449756833869695,-0.5499905976588882,-0.24249660681089047,0.0719374759219086,0.8662842009175461,0.678539886742628,0.5509503551130006,0.19174733706002697,1.270278113904894,0.9971502781480803,0.4267088707364165,0.46366578895364446,-0.407962796985531,-1.3065724609809704,0,0.00025090812666686037
-0.7025860450941799,-0.754544259791989,-0.22478783477459124,-0.9982560171217805,-1.1037303963979959,-1.6671332859987662,-1.9707889408413435,-1.4563582594170743,-1.6955800393778768,-0.3435393799814285,0.6145901053743489,-0.21910367865884237,0.23658564764984566,0.02052048787313108,-1.2213610998653883,-0.3393773121238605,-0.5790385946514154,-0.7983285756136685,0.2880495302101919,-0.6646662924540098,0,6.477262830425623e-05
0.4320252310647955,-0.09128046928284533,0.19672210911649407,0.7408012635370604,-0.5208443046945316,-0.5126141995253896,-0.7377853017856048,0.1735041131943623,-0.11897640192699248,0.44244202021666934,0.5631813048456119,0.240869122050432,0.6260170188780775,1.3227188994347086,1.5860832921578865,0.9839208641799364,1.9808663865593743,2.1820481469207524,2.480415774816571,2.8444104567108135,0,0.006509600198902004
1.2936163751095517,0.3502700770971248,-0.42998364127185174,-0.07495705296282121,0.505060621841691,0.32436849873818774,0.16369705916557076,0.3344930347017137,1.4301108150041553,0.61831414221031,0.37323851391324164,1.201555447244669,0.635608769727505,0.8570985823023997,0.5701872920292038,-0.20970699678068097,-0.8701553204516839,-1.019964891642256,-0.9950355320463984,-1.121983412030217,0,0.0016713466708117258
0.1010312948234669,0.23568139918223266,0.5965779990881096,1.0581589662788733,-0.05866706260574349,-0.03835999905219942,-0.2316599626801026,-0.9398570886031532,-1.1570584812315041,-1.1702476904203247,0.8743774935010368,0.504415049922328,0.7227675095797005,1.110875061342501,2.0695657567327643,0.9695139847232698,1.1897966178575545,0.4500417272494754,0.5138524832138439,-0.2669977733346254,0,0.0011514872758675897
0.2664644199409274,-0.00016145436057212866,-1.102597439118598,-0.22214848294285833,-1.0443227785181897,-0.2893245737387235,-0.848087645986585,-1.822556757316853,-0.5030275922108044,-0.6947638483157659,-1.201759125333926,-0.4143696483468061,-0.10249488154923626,0.7547948392250825,-0.32744754524480835,0.2862699227596754,0.629727384475726,0.7699667751780989,1.0534107573867144,0.4475452079041218,0,0.00023683963332143729
-0.1825510184464719,-0.3924602472286023,0.48063389377363297,-0.08221688361596056,-0.6107110584332383,-0.930684306912334,-2.096615023228032,-2.1441576061169125,-0.6285126036767978,-0.633096932636781,-1.0638022476035587,-0.9889261476581518,-0.09984591527782714,0.8305378971046172,0.40812787864027966,0.6244673860058182,0.028280663506760197,-0.25332835446410495,0.23517824979946977,-0.4161325180380799,0,9.120550527855903e-05
0.16478892734958797,-0.02975650079987414,-0.2033812683884506,-0.7015905220550788,-0.7165005525230068,0.2967185183804271,0.606362119697555,0.5170476754582448,0.5149045494948388,1.1452243678504612,1.396769793268985,1.183121421946276,0.6102826482085525,0.8727768728337227,0.4147499431510836,0.8773310827811382,0.49327702454134004,0.5425163412320312,1.0039124968377524,1.0206007782213558,0,0.02002147937946897
1.1316723174978849,0.9356178105172339,1.405790782565133,1.512004738029881,1.4901888142208974,0.2994214594578469,-1.2232344277082883,-0.14934240379887845,0.18543367985094836,-0.11482601934117707,0.020061934822883928,-0.24770321782372992,-0.7891003057542474,-1.3224204387998626,-1.5135151171945864,-0.596903915226948,-1.2411033762095545,-1.7643529844567984,-1.1326537062709454,-0.6067391629343005,0,0.005185393895477511
0.009778577667883375,-0.12499339216510261,0.3360543704741326,-0.05245548376604244,-0.3616824599115663,-0.2611198646367606,0.2757302459266722,-0.5563896477150324,-1.1619680773607026,-1.2554051699777065,-1.926041882722391,-0.859609037531341,-1.4389538757583697,-2.128798924277099,-2.1174507049674767,-1.8120204450741537,-1.8911205232593986,-1.9426038687005227,-1.5350525652334701,-0.813057987644777,0,0.02247170817935257
0.6119817819771384,1.5763917499354876,1.0862680432979712,1.494816886517809,0.8268993606980733,1.1480002616197804,0.8129141333764967,0.890438213863868,1.1848930515568223,0.47193598425397626,0.04746625446558634,1.4303794712132725,0.9492806866079052,0.43235623181001986,-0.29748059211941225,-0.06282723725446453,-0.5278627068988444,-0.20742856667455553,0.06076942212936016,0.6561627722866216,0,0.07555587202301624
-0.8145952377897124,0.12616847964542308,-0.15232561972010658,-0.35236029865653345,-0.5602484439263503,-0.37069917460086443,1.2077172150974238,0.22100198339349172,0.13600605350752362,0.8815289320354427,1.4209161846234264,0.888628326266985,-0.06263298203219152,0.027707821294635504,-0.3494844199759989,-0.7287188000047143,-0.7693147253659148,0.8520508308461151,0.7184410478021436,1.047891663882636,0,0.08716065980232268
1.0377958388117663,0.5541842450084318,1.0566782955959262,1.6953034752311273,1.2678882778692022,1.6401303836423107,1.9670342428684309,2.257819070130244,2.4576059981507714,2.480991801016246,0.9966285715060044,1.10330545835518,0.9368214712742282,0.7179026724234518,-0.07645698101917049,0.17235454500756686,-0.012980113852684412,-0.20248857265443015,-0.639910114148326,-0.5847867957706283,0,0.11189917991499053
0.7505416583846105,0.5221477871898926,-0.10059452785857355,0.5301350400874525,0.30347085138285784,0.3217124679015807,0.2462979664715719,0.3661834333610053,-0.012776930843164728,-0.03223724334255738,0.8366620524592645,0.1209060761836207,0.8048832678524104,-0.236712279261459,-0.22327580314248197,-0.04042824023353309,0.649220360236028,0.7942531287361447,0.869462495559513,1.7873014124905509,0,0.014639052435992547
-1.391186627025346,-1.0395046774645451,-1.0792866359668403,-1.219551927541848,-1.8123898879547067,-0.1957634401160184,-0.7837503882262037,-0.26238819129021657,-0.16594724929982468,-0.7636924226968077,-0.9309952407673122,-1.030959392225725,-0.7683254842645372,-1.0857960964095072,-0.6018901284416253,-0.8784494625831838,-1.1626333139482545,-1.3579405789232826,-1.1991261546083,-0.892259256758299,0,0.00032180688173572084
1.9194699243997626,0.22978497650371524,0.5026851453229875,0.020128928177649035,-0.20353454772068624,-1.064534401821454,-0.8692207490095822,-0.8317651479437798,-0.1129411737291444,-0.6741613646913805,-0.538674258780533,-0.0756779948440242,-0.46936441369050746,-1.8246127958536609,-1.5393698221409442,-1.2177643827346383,-1.6626823362198144,-0.70672698544999,-0.17643930555011056,0.52723948405363,0,0.002866343005301305
0.40122413313352695,0.43638194578607264,0.27757935723342436,-0.574927607499515,-0.2388288822207841,-0.7144875510266142,-0.7138043710810867,0.7398191774239271,0.5115608367118193,0.0943511521421751,0.006583952898462075,0.7236602315877421,1.4822522783080923,2.2596849207294047,2.2768537189868754,1.483880228171473,1.5554651759207627,1.551284359251874,0.9948494711257374,2.44112093900552,0,0.030773641594513797
0.04692599358771896,-0.9745764814046117,-0.22288868649100285,-0.6971362003329727,-0.633832135825275,-0.191765711330226,-1.0113879965431236,-1.812608761674691,-1.5074115878945324,-1.0972710805686465,-0.6677398762238137,-0.6878014116052206,-1.181196812181218,-0.641917584665684,-0.388243661761609,-0.9224176197213743,-0.8199487758468236,-1.209089809546311,-0.7302224309628661,-0.058495645855323325,0,0.0003755680788517226
0.317381615625513,-0.24909219662281115,0.8341377729922761,1.104269451343956,0.2671000399388529,-0.2884534668435338,0.5813992544187311,0.38424565055619925,0.4544330425819241,-0.20772168969475588,-0.3584369429191905,-0.6209840885024094,-0.5841263549570952,-1.0155869876852968,-0.33116178895907283,-1.2134639092214634,-0.8362986346294027,-0.1506944211549562,-0.4237286211834287,0.32193031532406186,0,0.06285562331147208
-0.7918662367765447,0.3920704263211745,0.09619927283993206,0.10646226516634183,0.726872827198243,0.519627260776242,0.5540918409782911,-0.4254933174219598,-0.4202919147341623,-0.5808531199029003,-1.4773238264383006,-1.43922833357217,-1.2193612728222496,0.16191788391291406,0.6629933364037398,0.9807279603495437,0.34872597372309816,1.7175763951362664,1.6170079570485363,1.6286101984976906,0,0.028036269653327527
2.7491024183886967,2.1561553996413867,2.0610409581227596,1.6529868282604667,1.866708712017708,1.0966437394752553,0.8101673968863603,1.2521507965632723,2.082447480541409,2.182491783671654,2.4499754979394854,2.890632255543896,2.97095616629626,2.9194033534801487,2.4052292181831314,2.385615443927358,2.367534971996919,2.045979303528676,0.6708881788245219,0.07231236585466033,0,0.13036156165790333
-0.11994616849975853,-0.2630070320127939,-0.403405951051748,-0.11205825268090641,0.6925446112567943,0.7101439061812945,0.5739174100123714,-0.03419138033561537,-0.5362440856788153,-0.9917828701654109,-0.9711116200721271,-0.17042593193215194,0.12844058346181905,-0.341904381321094,-0.5311540973837672,0.10422785649647387,-0.7285434378536603,0.10890761037993181,-0.2565166062539663,-0.176232356021231,0,0.00617743166845439
-0.27389068269942446,-1.0851604059317055,-2.001008092014774,-1.4697196201577956,-2.247678696776509,-1.1584820309095856,-0.43067616184069835,-0.39591017482662433,-0.48220248271975996,-0.9350462277954509,0.06641067107770281,-0.07667252425226165,-0.6071594683416766,0.23204392814776104,0.5772088949339771,0.7894796487332265,-0.05451169434126687,0.2680369615848954,0.06200481975299014,-0.010296040033811708,0,0.0004810167557518581
-0.627507263692617,-1.278364466509379,-0.6070253265921939,0.3459362360770199,-0.8275699130858102,-1.639662995008016,-0.15159028901556879,-0.23902845264782066,0.4117109706981435,0.2606508042335731,0.20483466521648427,0.12278088491773362,-0.04339212173280565,-0.6608477972531411,-0.38354647369049366,-0.3630601808614312,0.35513825649786934,1.8296492955867052,0.41426314246640683,0.5307666275305172,0,0.0015936277140927632
-1.124971557338381,-1.4572404452210446,-0.7654599826035723,-0.6424585907169337,-0.8170603240356479,-0.8296894635878678,-1.287488062808774,-1.2277223063785965,-1.2051066740355496,-0.49525227657498866,-1.1890843455430102,-0.20703717634487562,-0.7227345219210272,-1.0155702689478523,-1.2521105399776158,-0.7199804845237339,0.15359453964748215,-0.42088264626146454,-0.517424794402568,-0.7550792478607122,0,0.00017237096372128133
1.1253691674079997,0.8592437370778686,0.45076251625194796,0.8103073195033577,0.7502098008204198,0.792213993619153,0.34501829412518864,-0.3165810999512798,0.18532574544431396,-0.4163820597873975,-0.8250718171490738,-0.1816153899676319,-0.7078797366183461,-2.508524289060927,-2.114016184524985,-1.7355603838928049,-2.1572647033275394,-2.564606200031284,-1.994173596632614,-0.9491626783932835,0,0.02926497099746563
-2.393086537351262,-1.5388908634847127,-1.707777706689459,-1.788567137797265,-1.0185277933867616,-0.5558497317420281,-0.727680837457475,-1.0289844461864903,-0.055613856136692744,0.07854142425852687,-0.7972564730047481,-0.11792963765149692,-0.5817958935602355,-0.731350024216859,-0.659431309618854,-0.5876398072326776,-0.48779037360815913,0.004726914100957028,-0.23064582217224783,0.4057235042519432,0,8.816649580392025e-05
-1.6596898746290918,-1.668752891200779,-0.8750616250735693,-0.3714305335898855,-1.032387394555498,-1.140579131903045,-0.6440620380562624,-0.8494739194104586,-1.3698901591565344,-1.6716253992672239,-2.4011401049839125,-2.3136253579141677,-2.7749202988736954,-1.0183782466793878,-0.93642612661409,-0.7663261439471478,-1.611409009778062,-1.7096771684849994,-0.8388433487922279,-2.215158266718383,0,0.005564095987213788
0.39924351116160517,-1.25867401386904,-0.8792967905948049,-0.6669503094746031,0.03174976167343091,-0.6305513506982422,-0.8979388915118417,-0.3648340126287273,-1.0269555668778667,-0.6843791184239121,-0.5047781090519662,-1.18208381037667,-1.1483479939376622,-0.7161028827446719,-1.2135925981971565,-1.9682526976207868,-3.089929654230692,-2.5282936067370065,-2.672724936997165,-2.4848193377286316,0,0.0004769506419905945
-0.9670571891094082,-0.374945405039443,-0.003180461304707444,-0.5255727018821075,-0.6710062994097856,-0.8927355480805412,-0.36982679005511376,-0.5800814808630724,-0.25964475642772655,-1.3920152913772867,-0.357666786695422,-0.24758489372663756,-0.4033671587014771,-0.26598206166910016,-0.1317495054538052,0.22424223378711278,0.8483650929789429,0.2839682408970542,0.6359923777179062,-0.3606512674729036,0,0.0005900108421143565
-0.022175618144152313,0.34411541998247175,0.752238106747536,0.7253764597952006,0.36728024859484965,0.8803747760581793,0.3533685406347291,-0.07061402907344862,0.08535376288331821,-0.8096518980633133,0.08620025433450688,1.2812178313240614,0.8000565913941567,0.29427841606582467,0.25950272779595995,-0.3605578012388405,0.3043641748256504,0.7600811457353831,0.17234037188477894,-0.8579499349527494,0,0.001979163184018916
-0.148860560596025,-0.7680786891056092,-1.0643901978606143,-0.5204696545974009,0.25180520447260973,0.1508200532107446,0.5328195811189119,0.333612749076922,0.44886461234612157,-0.6385132723582289,-1.3933314579021105,-1.1804526758385223,-0.7403868434212955,-0.28439074787881224,0.018839623272342527,-0.17370521543269737,-0.5765424589787411,-0.4915568571896593,0.5173817626487105,-0.12681961427977062,0,0.010162670012527873
-0.49314212159916976,-0.43639164634914096,-1.578869300178245,-0.7625246279350814,-1.9367730472544444,-2.4900287312058884,-1.185773748447096,-1.6438160255504974,-1.9483024603046972,-1.5388709990932061,-0.9707288988453535,-0.9381024111140351,-0.4028167155786589,0.10975202057215983,0.130425184699591,0.40266582353254166,-0.3855399853467344,-0.1474409641847245,-1.0258012294024732,-0.9501524769860108,0,4.500510771389695e-05
-0.10740889034589982,0.15520300534449757,-0.642210728997084,-1.4336536857099451,-0.9759719479982992,-1.515208456619134,-1.4107279109820314,-1.9002348109643246,-1.3766531099876966,-0.9005309713966622,-0.1947489697920496,0.15533953300702044,0.011572159720456944,0.26136863707192737,0.7624041933388243,0.3173693418297107,0.4948754787435533,0.1407587658069065,0.41775716572900745,0.9041480538176345,0,0.00010303650767264213
-0.3230131685805908,-0.19366415609340434,0.6654035368136747,0.5369989240561653,-0.21209288029960266,0.8008805721335257,1.199764446544211,-0.0015499057238385313,0.7053330153859808,-0.37751802227336456,-0.2841803044352088,-0.3328885905251246,-0.2216758295903478,0.3598968502444952,-0.8182838907525016,-0.6890384582374574,-0.01776155251911847,0.30501806354456673,0.5175974787096045,1.0948764400962734,0,0.13728208377512577
0.040680725369490495,-0.20349026581885704,-0.315936298738188,-0.43943429591909094,-1.321959914937322,-1.436496957169832,-1.3007562610029624,-1.6580228491472886,-1.691733957265183,-1.3712911438318938,-1.7594743377818827,-1.7763730034367897,-2.540491071766935,-2.9106713462921276,-2.908768361333854,-2.058930015019949,-0.9194858765881782,-1.0294970833059838,-0.7915298166532673,-0.7686233100883428,0,0.0036699695096930342
0.92414991348083,0.6220950693134284,-0.3082311404468293,-0.3860416304007815,0.42261084099275853,-0.9259587314252998,-0.800214012380148,-0.7763761735121473,0.4579843596040714,1.5274291263751398,1.7853065771124703,1.39868080332718,0.8158570682021056,0.5725302262770232,1.5397792910085306,1.2011589098649624,0.9955719034722855,0.39752319848840584,1.703150016921903,1.3709730129968263,0,0.0004789425238888157
0.3641393188749292,0.5996186599684901,1.6855828482631934,0.6901439332116636,1.8849678007173525,2.0963190372963725,1.503006930845971,1.5077360475860686,0.5035235399409345,0.3763271668203039,-0.3519148600744754,-0.2914643643135649,0.24121685256595785,1.3451673826735016,1.6629848728438912,2.156444558761362,1.9181538657727233,2.1319267327981084,1.4313059946830793,0.8916568935050677,0,0.35567789872089606
-0.22570712966627207,-0.3650724185943028,0.6243304890953408,0.5357751344443088,0.5140954210795906,1.0204605614259175,2.3375534226793846,1.9270034389284718,1.6063896971670095,1.1832176131416912,0.508932431082259,-0.1468134722887647,-0.3738071589586986,-0.06987576724874918,-0.49027780307939556,0.07318436233587558,-0.45156995120173354,0.09442377603408254,0.15641556781811783,0.5699090220893425,1,0.8091592878093421
-0.2607242792148446,-0.36126391568959354,-0.17872626512860784,-0.11639684661008065,-0.2811159873657613,-0.7225264923569169,-1.1807779844253066,-0.9203892992934357,-1.5787877142925744,-0.25212441994213625,-0.11474433874880398,0.3251247568897583,-0.4713481327366248,-0.28368406127994167,0.3187180157330396,1.6338811655876386,0.7021546889337302,0.9424885125618586,0.23577060034701064,0.581789461934314,0,0.0008724670728537978
-1.3684066179371799,-1.7103513037626958,-0.42294665074730065,0.6521365404675432,0.9535191808456548,1.2408665134553714,1.4673943930818423,1.7687556973996799,1.5488911340596825,1.3119650802743084,0.2537771452599925,0.8094681609208718,1.2530521949228863,0.8786489232061974,0.5808486827690869,0.549100002993574,0.47360810687446825,0.623759318899302,-0.22215183878524883,-0.66568501851955,0,0.0025276919273077465
1.7552848450231433,1.5040181121226626,0.6346616455179428,0.5832173248298469,1.324536825482705,1.3674424590544385,0.846894202245282,1.0599195895368838,1.1055194724820012,-0.6156473287074073,-0.49672981063543253,-0.6807188691868183,-0.4608690486565211,0.49863066152310587,0.33423006093991753,1.0945794393946344,1.4929124914047494,2.111725536238199,1.1708251794529692,1.6157621517432403,0,0.45135497868238134
-0.5754827568667147,-0.8993488036739254,-0.746070461809283,-0.5985577067303706,0.5266483222639411,0.1030209791687761,0.9317022823151565,-0.29025788829351146,0.2398093181290098,0.17867012540824567,-0.7656675277255297,-0.5961014887884302,-1.1218539452079959,-0.7849038303823054,-0.135690835518607,0.11152421248248477,0.805940173514097,0.8029305268333433,0.7554402599916555,0.3600604457386021,0,0.00334564319984325
1.066406560762757,1.6918142177835314,1.893693035574706,1.3702416229948347,1.304758417504868,0.9395844900391815,0.8862171944774114,0.5175901590023558,0.26466465079398466,0.3352075702269356,-0.18220514070028485,-0.6662502472754914,-0.8483396420529111,-1.0767519631893,-0.44035502105931323,-0.44992669868411855,-1.1991839535955862,-0.7418455199641806,-0.03565428602070812,-0.1279671344669524,0,0.38883252990170225
1.5434550804742404,2.2227175538249475,1.268780474688703,1.1144098543402357,-0.006858364174505514,-1.0492508616879341,-0.5337277819618633,-0.5639354182506503,-0.44751302401271,-0.5341971160765807,0.22033587673768318,0.23793316808713288,0.018557928929590656,0.10202589812777842,0.7230153223443523,1.4131553692411591,0.003092947220289606,0.40438049829916917,-0.05399297258759171,0.10412764483592052,0,0.007398393284345478
-2.0256615991701667,-2.1158895842800436,-1.1425193665480544,-1.0776354336906437,-0.721763667103983,-1.0286544797691504,-0.7926314549946908,-0.5465103715622274,-1.023827450866972,-1.2756692711091282,-1.1244860971319466,-1.362100109526534,0.44331891418488495,-0.0441277275615001,-0.526507742645338,-0.49500140404898996,0.10133482962070528,-0.2383696266436179,0.2809602173845001,-0.29833099509559335,0,8.837099633165337e-05
-0.39297052208556466,0.03404937477959139,-0.28173539012762266,-0.24224860561529013,-0.11189926871415705,-0.5645840617740618,-0.05744678003926241,1.361571941387997,1.2007571425554984,2.0265519971507002,0.9978453740030879,0.8740448610149925,0.6725912177705651,0.698042848344813,0.7905666907059766,0.5665205982367069,0.25887505378209863,1.03004876886251,1.5286277006692803,0.943968549794065,0,0.005586909340271895
-1.4627356106452112,-1.751577951779586,-1.7600379395151415,-2.330770306344145,-2.714882633941715,-2.471477618115603,-2.3355561913057628,-1.71689940080341,-0.3110622917172633,-0.4808789218212509,-0.5367249691710817,-0.8819445462335206,-0.16678650778746912,0.5201922712041576,0.7081483198754237,0.7117836725560487,0.6061313081724313,0.5213804918247963,-0.7823724574352554,-0.7159694301656095,0,2.0206342316930284e-05
-0.0914309430263027,0.5469410008827615,1.0634784765955054,0.8577291918802302,0.8465716235713819,0.753767010832348,0.8506368454018859,1.306042645399189,1.263907772151181,1.2969317181297388,0.6305980352478021,1.4035623800247123,0.6174696105747796,1.2544087029029336,1.535584418037005,2.525337278175695,2.710616257321499,2.1006933869969795,2.9621650035881957,2.5864749005965773,0,0.1980879460918339
0.14889185864579058,0.5492171790767726,0.5345429529334305,0.8791600132939418,0.8855050244023286,1.3719821097876217,0.8222622967370877,1.0759787337170108,0.5022268137083801,0.3190391582696048,0.05019748502126612,0.04779664341457923,-0.6979982721722728,-1.8404875308248505,-1.4806041201325424,-1.724568276443172,-2.217490429858027,-2.8243981053306735,-1.7099065092514203,-1.98733149049888,0,0.06926255929755253
-0.28262888755052346,-0.9266153988615636,-1.0794165243617797,-0.40780989205863144,0.14755293094967273,0.7897757429905051,0.14386431881523026,-0.06482435694536308,0.5032427052254878,0.949293120265582,0.5876630860826085,-0.5100171681440864,-0.36222897043162966,-0.8510834421503053,-0.6779827953205654,0.7077478388371081,1.1741501570485549,1.1384599126696904,0.2132175514023575,-0.2471630717939007,0,0.00040103583991144974
0.8402018027714682,0.19526254223924436,0.11219766678698977,-0.5299850932750351,-0.17898856567166754,0.6410546574899838,0.2916775738592775,-0.08409442800711858,-0.8360131310192823,0.22122800468229556,-0.7904709605926744,-0.5022972723428315,-0.21448646628683912,-0.6885686428570502,0.2991418310471718,0.4554433481983293,0.6961714100532796,1.2121362038363166,2.1303812772663684,2.021134089539767,0,0.006341696707319183
0.020283350394258746,-0.44663453225247846,0.14463909591952692,0.17634133285278955,0.07259276712419324,-0.4269259148517698,-0.49305834547765803,-1.1707942021923694,-0.5916097258435389,-0.579748655794722,-0.29170737645440903,-1.2576049773026838,-1.3690389985007918,-1.5031380611824223,-1.6786910713581868,-0.6225387512799377,-0.8381142621522976,0.22784814352983127,0.05749289147588949,-0.15684413346685452,0,0.0042030820166745085
-0.5678573691659213,-1.372934588969957,-2.7635984467551324,-1.4949120226319184,-1.1352938727537671,-0.9687448348960238,-0.5963838421601514,-0.38824273867140396,-0.8682189105097864,-0.25632651743220863,-0.1817873386569899,0.7324698838314916,0.6162857397827781,0.023150521925455962,0.9627389876343482,1.1228590507404201,0.5776015719175104,1.623451753018506,1.5392554665641103,1.8399692854270244,0,6.23972527260118e-05
0.5540194231557117,0.9438611690728135,0.651403568619432,0.6075104260437114,-0.29624121761182354,0.4864049897944447,-0.45565952166894547,-1.0626731611129783,0.2890742313360958,-0.5787260476092949,-0.5725943488368476,-0.009446423884306318,-0.7217810657428283,-0.26356939961999915,1.0631977163974902,0.9042430670384952,1.587758841434724,1.9305582624630986,1.3602040130043476,0.8612574338437262,0,0.0036529842631527697
0.7527392386274343,0.6843576316115849,-0.20427454358820882,0.25009353406897783,-0.8158492016957909,-0.47414799742035185,-0.4425815811336461,-0.8913721889282284,-0.11094522149170222,0.2905127669624791,0.6002797418154671,-0.06635766345643761,0.24613406358644233,-0.5779276808562083,-1.3130159205209477,-1.3010949743428655,-0.6356608741065909,-1.0042440914917432,-0.24702697689309194,0.09521914979290272,0,0.0009154902485803209
1.7871871819518148,1.5037534159054078,1.9733914596350512,1.2758256141486448,0.25614889923484263,0.9243230221666683,0.7955370282127743,1.3864934599669756,0.6715447007633494,1.3271972448782214,1.7879421273435117,0.9966718794634952,0.17848103199204263,0.7231420825344536,0.6456659829574957,1.251153402962989,0.13347088509679178,-0.6783431109078083,0.0827515800463421,0.08276108231252588,0,0.2391295172984829
0.1123877236945651,0.11052902344565846,-0.3968253536485377,-0.6962212225866801,-0.9026002784529586,-0.8227416713014891,-0.506781651724445,-0.7554772063122159,-0.11866956830090304,-0.3307682712228687,-1.0937474764980932,-1.319351846382525,-0.6335757020601912,-1.0651317321398315,-1.5053298879814223,-0.7465613569909598,-1.4205213128990095,-1.1290521350405656,-0.544419278539075,-1.7056786081106654,0,0.0034349303315473717
-1.3837651841089336,-0.6333250761619406,-0.42089638293117226,-0.43981791097966283,-0.9819865278830611,-1.2000804277368908,-0.5814379828138213,0.22849765089572946,0.6761756202694971,-0.27022036491124185,-0.8063643244336491,0.3913791458205105,0.9479219907008141,0.2397920755328858,-0.04342410390814221,0.06822730425180544,-0.13259342679372496,0.1396827459578074,-0.05836440098204264,-0.12568023966013206,0,0.0003324096929411621
1.2522942448841887,0.9039536835651051,0.5502566706557793,1.6868049484833882,1.479937900065337,0.6490789585621557,0.49920524172031927,0.08053662818245208,0.017404139251541828,0.2350427272899539,0.9955622260253677,0.5787914823242,-0.017059476817946555,-0.41998290324254334,-1.3810139396732601,-2.260100961849196,-1.6652962703023073,-1.612900522706329,-0.6327618506681915,-0.9516952329400866,0,0.037468735850467685
0.03721948884670774,1.0391926324731942,1.0293403188031727,0.3386574222101914,-0.3420919846198076,-0.7556559362682683,-1.4210446147852083,-0.8743597173078542,-0.4055149508655854,0.035459620097907846,0.09112590758484654,-0.140241157264208,0.3148614616623665,-0.03989436426106056,-0.10865593539792082,-0.7237116359615612,-0.3410747683972816,0.39236229349165946,1.0146863951562153,1.5564680324568871,0,9.921611072816415e-05
2.6600426823058076,1.822994019989229,1.4155372600214533,2.297270058154473,1.7563315326911972,0.7062371165232759,0.9709200821513384,1.268406742048037,0.5258267099547956,0.10187453990850862,-0.16400152581621932,0.8375422236704096,-0.07267442861926357,0.9940814448568852,0.7728919033431862,0.7279117895047349,0.9723247552992357,1.6017898923182106,1.7513783635176297,1.2290906311360155,1,0.5722657463431069
-0.7769283872793612,-1.4524559462089333,-0.7177243637330138,0.25545630244025685,-0.24212279071362952,0.39903220763757336,-0.07709695659460503,-0.2326896706908278,-0.6812820676469977,-0.2871070832463069,-0.03038644958131829,0.34904423858890454,1.521507688822945,0.9324554592937685,0.6735491545906935,1.3442901796844429,1.865309846287625,1.4844929289353348,2.3092933435525698,1.6564566131729201,0,0.0005815039651880489
-1.1689884917611932,-0.12699277738720835,0.22148497589479577,0.761363257660724,0.3378787264863947,0.11995413659425642,-0.08767823260007676,0.5529767287622055,0.3466128152565729,-0.025580025561493868,-0.739195819138716,-0.4502268455987851,-2.0356095673796752,-0.9036160474259564,-0.9987311801769068,-0.29133637742589275,0.6543389327475644,0.10407430872856153,1.061600162826131,1.2592706529970155,0,0.01645604446763129
0.09468592515836396,0.090001633549614,0.18417081619870715,0.6031796428528414,1.642922893377089,1.5914387997156336,1.1156191555442632,0.023577353311700886,-0.5509044733986921,-1.2628734315229169,-1.1556941749223346,-1.078988381723278,-1.3244565653290958,-0.21701899002589373,-0.2967435844539719,-0.5368312226598502,0.020397724632736754,-0.889401293112545,-0.69165388706811,0.3763690359223514,0,0.06753968155821964
0.30546258527558723,0.07239232068255783,0.7668110865729338,0.18811797669908503,1.5387112559590328,1.0812918275292496,0.8062944722979974,1.3491712185050706,1.598947388367692,0.8468220809132894,1.2732669829447587,0.7825554285407291,1.0278198491223276,0.3915470587695972,-0.11225668844803101,-0.11353809724800096,-0.33214764006592573,-1.2416655395313743,-0.6625489017897497,-0.2229674148217293,0,0.01679129181980811
-0.374515033147183,-0.764782785127726,-0.13173763122066431,-0.2812929619990696,0.0042430821664113045,0.02611480233032311,-0.6684797765477135,-0.07312895085207624,0.35944518242980583,-0.18514971319248366,0.019330190243380466,0.9466576330902421,-0.7205994082900099,-0.14098754680319522,-1.0917912252134196,-1.4802806498530952,-1.3064155429774444,-0.9181795885284338,-0.9086567164975631,0.04156460305167385,0,0.0008155467105958957
0.5162776876417521,0.9447459423727074,1.2692588772824824,1.6184900914746942,1.5996670917791254,1.7020500267740448,1.8858666386661462,0.9070753041081008,0.9919937071246241,1.3928643811077723,1.0303879829346239,1.065304158765546,0.6489545776365598,0.15537604880080963,-0.09756477555458683,0.3483272126486902,0.25610214499772915,0.2777239897449316,-0.15932336065247352,1.3509302862235293,1,0.7081589041323273
0.4871649285300187,0.49061138179614605,0.10784755706156503,-0.24757812917801475,-0.738356381410158,-0.5208523970058743,0.3746717024277933,-0.19596665269684443,-0.46372520221786656,-0.7307428318579935,-0.7809199954008076,-0.10280964926675688,0.37304803928755953,1.6571608171808574,0.49900580144962453,0.620184277913391,1.678186431649491,1.2642699669557171,1.0132933500077252,0.8132031623633088,0,0.02321619612660119
-0.4636048551465486,-0.06728065030116563,0.08114974449627477,-0.5762580334968533,-0.826970819976443,-1.2187492152628356,-1.785831701108622,-1.4381015493209062,-2.155430342323874,-1.2902417311622105,-1.1741127952699095,-1.1473676938360444,-0.6760510506240224,-0.7272228867151119,-0.9044855487903753,-1.8980908179756444,-2.170676369335493,-1.4786925065277907,-1.0680185871069474,-0.6832050169945756,0,5.7273880672950525e-05
-0.6285472370307099,-0.12036529771232443,0.9645927037046269,1.3630248095448694,1.509799242463595,1.2736208881286126,1.010255117224297,0.7363238254741636,1.514181862124096,1.852711866877999,1.5657782576875088,1.634361036468537,1.3636808520253727,0.5959929222356815,-0.03378176609571906,0.3984535148282846,1.2784267755826804,1.0779720761264222,1.0823953141914329,1.5691655885842137,0,0.06916888997623867
0.57971211170004,-0.20346147935900175,-0.27558549249228886,-0.1774107994339653,-0.4733798515505583,-0.6029424508558255,0.4834974670569355,1.446214966872215,0.4456268034338226,0.010496768822459007,0.7646264715464269,0.1649237776594035,0.43856392929552396,0.2963206543669669,0.6911099349160184,1.6608243084515817,0.9795393104582375,0.7895505643707409,0.5724724907743312,0.8812393828712788,0,0.02870659186004487
1.5560552148029223,1.6763723543407794,1.5200578480346043,0.7783118909800469,0.7597027092727533,0.8527242628332214,0.3788004825768902,-0.21934430018825476,0.3047325483694122,0.7258747535433908,-0.19148742810629765,-0.39427402858203714,0.27875040175367155,-0.023560783285556056,-0.4330966718906775,-0.2922706550401957,-1.5893985609040298,-1.3605066803059123,-0.4821565766255633,1.2253763175142947,0,0.02916881857705455
0.32285375494602137,1.0081137994372416,1.175202980410089,-0.1568281069222089,-0.6605653431645844,-0.8485486416008947,-0.4648787580233632,-0.16653440553917354,0.010566618747835719,-1.4137025798906577,-1.6539340952144772,-2.4589534687874535,-2.969721211682907,-3.364434798102737,-2.36324880279669,-1.746253162434641,-1.985187888421764,-2.2129353500576956,-1.238074220425076,-1.2759278747288751,0,0.25585983406399104
0.8670047950516936,1.2716581847590818,0.9590689834431128,0.07550816875682051,1.1614617679113177,1.6934714566955478,-0.5836673285648846,-0.19521109265869788,-0.5615371969400966,0.13323548672807034,0.6813336491485238,0.8863669728080089,0.3327678037292437,-0.15980840033356222,-0.3449561510092765,-0.5576630936202016,-0.5537917409843912,-0.07459661918273862,-0.5019301393541249,-0.6867900313941366,0,0.0029434909665401543
-0.799481401550658,-0.3650118252992768,-0.08885529133129728,-0.1665170893781064,-0.23153880729456058,-0.5437193719080755,-1.0424635980909671,-1.3072084099266124,-0.847855316199972,-0.42608926340009107,1.854995838396641,1.9894392291319787,0.8307382839407155,-0.14798554559840538,0.9020206814148752,0.33132369209276696,0.27786914168754007,1.121617096357471,0.27123101088288704,0.22390512502211582,0,0.0001568493717658455
-1.7542754719931763,-2.469261206313059,-1.9789155505520934,-1.8918559856004888,-1.6745721524712571,-2.0028997571006877,-2.7729948520693264,-2.6388294899462226,-2.6869904161562177,-2.7694510201818177,-1.5708422548371719,-1.5561648817334575,-1.7196938024679878,-1.6434610204884008,-1.649769243036301,-2.304980377488117,-1.2189982008633564,0.3207214178532108,-0.8067687973255867,-0.8232526124950842,0,1.5206341890710864e-05
-1.5439878509387415,-0.5957437263059243,-0.41257091459962014,0.5218562233100412,1.1912076157350522,1.845094550004822,2.2937860891322948,0.8188626100079712,0.11743106325070893,0.6155009920310929,-0.1101353510587491,-1.2530393002263993,-0.572859042157245,0.2321401001864086,1.4105318237615672,0.21170460842227004,-0.33569110051884377,0.8819030283008631,1.4243911329258045,0.5385036597512111,1,0.41369945731500596
0.4109359918506368,-0.5844750203169902,-0.32731282953286783,-0.6006073176334297,-0.9295112245216851,-1.3253799162811668,-2.275146045907813,-1.1094660593805645,-0.8762671854997285,-0.3641072345698222,-0.37508942919725125,-0.19613552951870575,0.592525035897909,0.11746212356513264,0.8306589722262417,0.955180489757326,0.8667256703937104,0.5611227964643812,0.964486972897162,1.1561601274607556,0,5.619480834266611e-05
0.11637412370094043,-1.0662026826336075,0.062222105905736506,-1.2534615005297887,-2.666692585934406,-2.3409547241454156,-1.72425896701102,-1.4956840980290784,-1.2395947533478566,-0.5276439415893679,-0.3848528464618924,0.05376622984077238,0.4410091267573232,0.1958794353477429,0.18390107023186372,0.6328017874959184,0.6264504576496744,0.7321961082700047,0.5316630857241089,0.9258011690940018,0,0.00014354091920466797
1.483925291131015,0.3923142755587719,1.2325359568743606,0.41642825992662563,0.6160182412806838,0.11053992922942567,1.605156046413491,1.1240873951131618,0.569922758217649,0.03103868112624976,-0.11138288174593725,-0.9532539924825559,-1.6437037335709412,-0.729369954429827,-0.22914240285215381,-0.33260844263809125,-1.219577369965134,-0.544463539853959,-0.7236825666445945,-1.2489893059224537,1,0.49522235607850573
1.4424581354557442,0.2900605814857757,0.30493802232814154,0.7447848920419393,0.3654228255062312,0.239335475068046,0.8571865848363192,0.006306721891541052,-0.21990351789152038,-1.3677112083711762,-1.1247389994760955,-0.4967571715240898,0.3340454970844509,-0.8623167379690478,-0.9416229717477596,-0.8344897039247774,0.846501041664992,1.1173671083610621,0.8719157803081183,0.9420342871471545,0,0.016659102056106358
0.4323405208846825,0.5359727472292054,-1.0490900619123185,0.0021505226035706823,0.011625457790648962,-0.048805947399064666,-0.21739225788512212,-0.5063874777416258,0.22736470794878472,0.32320769971083185,0.654829717522838,0.5871591437084729,0.10599807512956776,-0.40904345105078804,-0.4439046486117781,-0.8666689835684461,-0.71776355652044,-1.3737171814338844,-0.31086235451447664,-0.43932807023797726,0,0.000744302134037516
-2.472709121959392,-0.6783532578137077,-0.8167893012760009,-2.407638773690271,-2.018763291032603,-1.4925255976066643,-0.4963786560956637,0.5006879812813604,-0.3474893813836608,0.04984825567288048,-0.8582964312167372,-1.3290445948206044,-0.7254125394888136,-0.6596717097936807,-0.8700683656327408,0.2258737648881794,0.47337472253263546,-0.08134895442111036,-0.5069900919133613,-0.9689523900989069,0,0.00025961604622745015
0.5457181850472291,0.8051692552605666,1.160685316487407,1.1969536745587273,2.0024430463233593,1.4055057003704394,1.9371411594180292,0.7953246387180811,0.04161589901945351,0.38225630133666577,-0.053670236770423,-0.6386979477619599,-0.8330530087366692,-0.6916811256261745,-0.8200199290567497,-0.7380602127293897,-0.2823547783771542,-0.7356574234908659,-1.8393551240725532,-0.9118204698350378,0,0.021876235157593682
-2.131283558089474,-1.483703217073327,-1.7318535776179982,-1.7455689274824404,-2.1382857970543587,-1.63944542224651,-1.7035653227026843,-0.8847377538309306,-1.5961884916204911,-1.2014674708629862,-0.8987537255256062,-0.9589324319685475,-0.009580476854006603,1.185964792139689,0.6434086564480007,0.7725924500730124,0.9367123632215945,1.9037416347966625,1.0444717183344279,0.5182590467426385,0,4.61942510455808e-05
-0.10829635101999567,0.055667889317774326,0.8426777084429049,0.5126386538303948,0.8723680999396023,0.22888118285183448,-0.02321931057671758,-0.3585449955313511,0.11193859792189952,-0.2403974891461333,-0.09427271210957446,-0.514603653193495,0.7002570170205175,0.015704861929338426,-0.25721703483382513,0.0404517330033932,0.18465475152600777,-0.09407691970453448,1.1052491034986491,1.4238841194036775,0,0.003798817477282055
2.2144989125009684,1.3480187622364912,0.5024808898713807,0.8600345536219206,0.7665997671647324,0.7063132032817504,0.21942333114116747,0.01674957594848774,0.6109507392374556,1.0711703895076747,0.6847704728893425,0.21445157888400196,-0.5707360983430345,0.19017422412559187,0.16359999011190127,0.28237004081982386,-0.9721419916839354,-0.1360886407312759,-0.16226229384969892,0.37419043202542,0,0.04680716321211778
-0.5320973069335756,0.35709775987014736,0.571323483631822,0.21537184301168852,0.23142941805936246,-1.2062392171998446,-1.1249871111972443,0.12584927050292383,0.2397654249906378,-0.922035084838371,-1.0771458726160796,-1.35715173433795,-1.5215221247232442,-1.894435089254466,-2.247706583469215,-1.6495370193838281,-0.44094497222901263,-0.4552634231667875,0.11505684218671283,0.502987337721684,0,0.0040828413176601346
-2.0588874630488183,-1.1081822363873524,-0.39288353033124485,-0.8192672309730004,-0.753907221991916,-2.4069372502541655,-2.0130910636715997,-1.5008344564148248,-1.5238906571230353,-1.1333516029930193,0.4918864415194769,1.1458202717652315,0.6403621156494259,0.4085339249359907,0.37619135138360965,0.10765884908279158,0.037119056291242174,0.1171284550588705,0.5392881065555158,-0.44183271651851236,0,2.3602982831354962e-05
1.0824109071294605,1.5923961346493563,1.5709756024272012,1.3345316075611973,-0.08704640399819688,0.32282574097766364,-0.08185943808854627,-0.7217291615593877,-0.8503097772686491,-1.2409206397880006,-0.7265129341741939,0.0005860438398940158,-0.29521782327254464,-0.8129035294365583,-0.1545981660335354,0.5515149700383541,0.5688133500547917,0.9407847537395291,0.012909505592206834,-0.4775215770593603,0,0.005318725123608205
0.5459044201557898,0.6952874636888923,-0.6811357930882131,0.9416761996133565,0.41931281987260405,0.48220996772370395,-0.5985005853963988,0.5512818880875215,1.6801314538012906,2.5010388663315446,1.1859253209772582,0.49910998101803783,0.8397413789487781,0.09356605428502371,-0.27489415324481814,-0.6834450957810237,-0.888417393911042,-0.3608845484837361,0.18260140882421066,-0.359611556340878,0,0.0011413962837190867
-0.7257797655220801,-0.6786945592667823,-0.7066248349750082,-0.8760413939510849,-1.0518184104143078,-0.2908133409275108,-0.6012225977562762,0.30380142418228506,0.3743738543329575,-0.2721209467940824,-1.376303531986755,-0.7383314482907597,-0.3999445297409708,-1.1831782457374913,-0.6541529946779853,-0.7259799041837524,-1.1026771019881734,-0.357689930995299,-0.5204878169657983,-1.0287066960418811,0,0.0017130855523966027
0.20889565302905128,0.6859349327285597,1.1742244150620755,1.37921606099879,1.4872304145987516,1.7662442841486885,0.8647469253055481,1.6119512329419108,0.6373189350270939,0.5876394969853729,-0.10319473111465817,0.5105986810463709,1.3404819234871894,0.9502348910765438,0.894105889114372,0.6041384972709641,1.4704266313683667,1.7342521286654538,0.44559611489350137,0.8848317257025147,0,0.11717382020169635
0.3393932920388397,0.5152016088741204,0.6636295778719525,0.757279768995862,1.738082084341061,1.3956681450505102,1.7328228221307067,1.589182977217751,1.1550118873124247,1.2125478996504022,0.7703072571464035,0.7511747497924584,0.02181844308199016,-1.014432158929944,-0.894952454268588,-0.4318005732894311,-0.4938106543871583,-0.3034012658917756,-0.09192104399440006,0.20800791777954422,0,0.24252631702015132
-1.3938969981994507,-0.43809482065136673,0.02058278884566479,-0.6816496267041469,0.7320009321527753,1.6885176275606955,0.8291327896986733,0.9512172104048267,1.2652559259179412,0.5426271408615041,0.6241145415656475,1.3028941541097394,0.19121661708355053,-0.10251740679652788,0.4387838296564465,-0.18581601131283,-0.49528238714436174,-0.4023327454202003,-0.494753507682883,-0.6910594845304171,0,0.005191206304394675
-0.4439409632773657,-0.6151519071881575,-0.5079720079407911,-0.28255654392753715,-1.1908761856683314,-0.1790963273671636,-0.473154962456277,-0.49925067624100533,-0.4357481115417208,-0.0014633940072321728,-0.2670925916055936,-0.6522608088653664,-0.5395052731437708,-0.4751695360378446,-0.6724174788017082,-0.47187650701953837,-0.44164081394081944,-0.6667848588362566,0.5165032870763471,0.40222636532434936,0,0.001057125165404051
-2.0895200566833814,-1.9680185763314604,-3.2526426442876994,-3.2902916218157796,-2.5310217887970548,-1.6336660998707695,-2.1814662503031945,-1.8269956040531017,-1.598689927008424,-2.3505606414098654,-2.6480420482351996,-4.14558349714694,-3.747938836464462,-3.096968584522824,-2.2652628807304604,-1.3584866405687743,-0.6416736194332011,-0.5302496571997456,0.2425987425153854,-0.8832669422985069,0,0.00024455921795068434
-0.46164918310746245,0.38844096384648635,0.4445965894360038,0.6248247136613807,0.19207265472390067,0.2979394169946485,0.998153841030677,1.3320330923339019,0.43137135034426827,-0.35979134888433106,-0.7699447957089691,-1.2679784670931769,-0.8390228640170562,-0.7972146334525283,-0.8305472740590456,0.2104831595922373,0.14932634001016876,1.296718998835956,1.995756767775747,2.3283491788677217,0,0.14194830105148037
-0.4098074126918085,-0.5463094688737593,0.09009203106190856,-0.20655260212719495,0.3734008693477489,-0.21865372040448822,-1.8578490653930622,-3.2710571951005307,-2.6316720595926895,-1.7245133376588273,-1.7635187073462786,-0.559736459675082,0.33621625109792697,0.8806572033263625,0.3005391417168726,0.24063203383462628,0.2396575236150648,0.7821540615112763,0.42721043972578804,0.044595076484640214,0,2.594594204805038e-05
1.0028079099129164,1.857601664598214,1.1399768318851706,1.0845406934668818,-0.2370927205571755,-0.8739679358505658,0.38498293362639063,1.0664051535670032,1.4312637124154748,1.0040904465037686,0.4490278731133036,0.2418740862093175,-1.2906087758871925,-1.4443044459469427,-1.8374638770855565,-2.4346111561035766,-1.5250659615519775,-1.577521450975329,-1.090570934052934,-1.813839138698837,0,0.11104944857069952
-0.7855873808163861,-0.18203832965733166,0.08961560319714264,0.2634768832554962,-0.2111038635768602,0.08980371259156952,-0.6534194570996238,-1.5982143140796037,-0.5907360689019874,-1.6550733901935675,-2.2532383045393365,-2.4002900954093707,-1.8556525070079715,-1.0963073396889753,-1.0386230802003102,-1.4238542743079887,-1.1233386531054685,-0.7728695729205814,-0.9738468725488437,-0.5458952931461822,0,0.0014873165841373403
-1.1674429983681704,-1.3751459113653772,-0.7857291606213528,-1.2477677364393518,-1.0192295346340845,-0.8573105119192856,-1.4167652065764922,-0.5505399576809897,0.1282983852063993,0.13651630620117586,-0.22125783994640238,-0.32482358036899034,0.35334220538010885,0.9146918615262306,0.06764347100452608,-0.012380410622690326,-0.2904255734662107,-0.23282575815638448,0.2153393266991879,-0.0027592359771888095,0,6.144872236975428e-05
-0.6010434440617728,-0.019282981589837163,-0.8229094375359676,-1.0885810455178226,-0.6948868103168787,-0.07589240294609412,0.3048732280149553,0.6333362944755674,0.5580524159967395,0.14620624194925397,-0.4316259722604014,0.3157954079990747,0.4697203344740975,-0.2330521670818592,0.7970591174806448,1.2685270562909012,0.9153548534361424,0.5564822610251575,0.24180078101666966,-0.9235047488082457,0,0.0002140787636809305
-0.4030799773203121,-0.37858828130110755,-0.1265500973348781,0.140330583109859,-0.4789253321311038,-0.09981917537817554,-0.32777899653542886,-0.1407124079567415,-1.005931204795009,-1.8019428670246431,-1.7971486106439922,-1.4664188514878098,-1.3139403808940948,-2.3409414024408246,-2.8065401232883613,-1.9914061699737915,-1.5151031545408469,-1.2122416169547392,-0.62165337752549,-0.460022362561834,0,0.010488389608665142
-1.6417180576978674,-1.6549870550995252,-0.035190557404263606,1.1958700777721047,1.0726295602855944,0.47218531744008274,-0.12449638177790123,-0.8195145700988339,-0.5860869655024369,-0.28674327693944185,-0.513113577682011,-0.4964043030837736,-1.1376151498055442,-1.729205391605735,-0.9621001990991715,-0.5523057960329254,-0.19111783242032893,-0.5009324574360094,-0.4680290044135342,-0.5888165199680199,0,0.0009805132361450628
-1.452388872799375,-1.0235786321719387,-0.46787533379656254,-0.12197586899445673,-0.23499360936270888,1.055760619547974,0.8901347533808867,0.9779460473927889,0.007569953006866583,0.5399521392555711,1.1031940082375848,0.09929466437061418,-0.023872648595557103,-0.8108635464910994,-1.1588495900767397,-0.8601962970442771,-0.16492743811414232,-0.15743237863954485,-0.47207183647605655,0.11646502475881823,0,0.007212337380078337
-0.6095039231143743,-1.462553832182156,-1.6060094038348869,-0.8964567347260323,-1.0035784126614342,-0.7859789500504696,-0.48633106727671777,-0.2372434762218112,-0.018763912528160034,0.7440945068196939,1.069033496581018,1.6474710839697015,1.4642919311366838,1.1320583474849777,0.7442572532257085,0.35058712578714757,0.7592001778129877,0.08589722763627554,0.3151164921461393,0.6620320024384765,0,0.0002195141058912526
-0.360823032482193,-0.5715242350803038,-0.6870689951168258,-0.3755968607827018,-0.1186698850066948,-0.7899089157860405,-0.40877375967967255,-0.8927408531172687,0.37333508021042905,0.7271824048846899,0.02829940683122905,-0.9254080221708332,-0.9060045453354189,-1.8963803946133533,-2.0029732207180104,-0.6557564043398908,-0.1547769891879984,0.1236300068674902,-0.2816785229188141,-0.07001853443121768,0,0.0011055976543355075
1.0543015308766346,2.2104945287224034,2.0822515333969753,2.339295330312485,1.7561958913190243,1.4696114275028227,1.184483753829846,1.3242180493366091,1.028186478607075,1.0345210445519484,-0.4470903551581897,-0.5516198341628727,-1.2366287627601826,-0.3003111123093681,-0.5306048932205902,-0.4809096930676996,-0.1024684587144249,-0.35162546936681466,-0.1897136861526654,0.5594406531203564,0,0.6750899924654433
-1.1041069894424596,-1.8779248119203429,-1.6266932972751855,-0.6897820815024585,-0.902186095590862,-1.1602294890504539,-0.4003095688154583,-0.27554369661709005,-0.423986290658592,-2.0312646260535665,-1.3207121452723505,-0.5827786166790243,-0.5721685612925704,-0.41958061966935395,-0.4082412069045651,-0.1006785995078391,0.38206158670611934,-0.45925468013128995,-0.42705990051948245,-0.34932223100913484,0,0.0002736420094601726
-1.2530809889899253,-1.4284952885766113,-2.0176083000465224,-1.453016738089708,-0.7739632474970466,0.38020356112687476,-0.3188681264407779,-0.5153759561395077,0.36937909480422904,0.6065095261601836,-0.3383672452809919,0.1760301777080255,1.1715276289854282,2.166712061202001,1.4694804385082625,0.9400397187724792,1.1608431334697584,1.5114390950797318,0.34947700392724673,0.12938690255588137,0,0.0002379211854261174
-0.32905739657680266,1.025620758961037,0.9272554607098658,0.9556969156947288,1.2320782049628742,0.5123278040078602,0.14448779392472116,0.007512989556861256,-0.9128591108970643,-0.3880244221154371,-0.56700696177589,-0.5752544499300017,-0.5585939857314091,-0.5591451612870513,-0.5412470561756908,0.14705992941141474,0.9812770235877606,1.2736102292440141,0.10635101620059279,0.6547741312804215,0,0.01858466568022313
0.009854599882918707,-0.5611174783003847,-0.504915735921029,-0.32897422996673503,-0.03206735984030239,-0.530163570692746,-0.24314841146696484,-1.4507174335103095,-1.6395215248245372,-0.821758249930416,0.1611668372231828,0.15807402044267793,0.008904504567328492,0.6491652480235873,0.9806392274254239,1.4050138946632453,1.8762864756807258,0.5279714377404973,0.6054133267811618,-0.3501695118796405,0,0.00023207534299164183
-0.3716356955335207,-0.8632680248618275,-1.0840443649720342,-1.8594938480969954,-0.3826300634729908,-1.2480772932449153,-0.7796637701903686,-0.48186871532326736,0.40160526295696086,0.4205626760817202,0.8850913586787987,0.7575320517032375,0.5976128539056694,0.48646403645641545,0.11031763184771304,0.8296822348775055,0.602613235257485,0.2472105366447454,0.37687611046147446,0.6248515464730688,0,0.0003153268232053046
1.5929904118247944,1.1112469485659178,0.917046368436589,0.1511397058713106,-0.40202382391336344,0.5682448102174004,-0.6037643570087163,-0.9142492373030656,-0.6883678275686084,-1.4177830638078757,-0.7990573354936733,-0.6905032079808574,-0.2088147740168061,0.4874540711157886,0.23220720011678075,0.6008091379145784,-0.09955560670558558,-0.12303556799746547,-0.3340299958009077,-0.39825863276534956,0,0.0035958920313906386
2.122169348080977,1.9448089575610763,0.8043599807851383,0.745952680736384,0.7698590195202999,0.7872248783595747,0.7048596746815214,1.241069926271629,1.4131711925436024,0.6267826481535123,0.3674393039103839,1.3761235348379202,0.5628518627430544,0.4669862750380181,0.4648431941919633,0.4605277626872769,-0.4269800428814378,0.31971284895001306,0.23292207739051965,0.376522103923221,0,0.14690463774666057
-0.7954558044683455,-1.0258643273068808,-1.0305538240711531,-0.6517590989282508,-0.5769621207467123,-1.225526700681404,-1.6491642793096986,-2.16369611473308,-2.287427145214255,-2.1905332240516544,-2.214865340466088,-1.2430856633587186,-0.6423962104621359,-0.6135312887178781,-0.2441544481435114,-1.305543779842341,-1.37001477626523,-0.2923523555432105,-0.1866164600413662,-1.0167675273863186,0,9.756379421807901e-05
-1.4714322734412917,-0.7575494728567721,0.06178606955261206,0.21149058903367718,0.223037527606102,-0.04328919984964406,0.33260671651881757,-0.16647859977219112,-0.41966759035530715,-0.8182876415094744,-0.5250047574078235,-1.0441863279091568,-0.46403621113318655,0.1337390351472629,0.5379360416585718,-0.3133297329240606,-1.0095730958427709,-0.6010591759510528,-0.24004914841078728,-0.9034166759493407,0,0.005098159311452882
-0.12407461851271984,-0.24000617374139463,0.04850692139181952,0.10670766303609554,-0.34774376987864214,-0.41549614344785724,-0.857691909371667,0.6696987067171665,-0.25662508456195876,-0.6333882063801239,-0.5434794619424943,0.8482668923645428,0.7729750901875632,-0.03567340408303645,0.009180239148688495,-0.22827561577367117,0.4630947979163341,0.44282640994519207,0.43386388328802133,0.8665089724848534,0,0.0014149389017161784
-0.6730750423157859,0.6375437772386965,1.355196653437891,0.9205538693513163,0.4673683957094544,0.5858944033151658,0.42066140420254955,0.5991134338572371,0.9228157440426313,1.0443406463441678,1.4617289282331791,1.8040118989592646,1.8176955936302792,1.315379011616773,0.6145832896539228,0.5027476294832222,0.4455950579299858,0.7988511656464693,0.08131528016922793,0.12775681366030237,0,0.007959712575631217
-0.5609379007573417,-0.6833448889015409,-0.9906910995769314,-1.1049916435779392,-1.2192059424415955,-0.27834832511507046,-0.7910363262110786,-0.5794257202938022,-0.32872797797934555,0.11242075448756597,0.3868885875121305,0.9191287225252845,1.2811730915693875,2.213723992286363,2.4184903150861956,0.8796603923005071,0.2198998471244617,-0.4213374058615625,-0.25451222595331113,0.2662391068630787,0,0.00010118848158694278
0.8318506496820274,1.4577932941280585,0.7882061631626783,-1.16085705012816,-1.380182180383408,-2.1795380988299606,-2.113398765995113,-1.3631208744258874,-0.48769243971161275,-1.2843880831425816,-0.5038166413568191,-0.22855448825361924,-0.13653175795273811,-0.5660243934626934,0.07100761540149138,0.35676714413572513,-0.5845871054438267,-0.05620545249506108,-0.6611836033815933,-0.14191941835729702,0,0.00020717575804632204
-1.0694376282131814,-0.35256324859352217,0.006037607536867039,-0.039298221529175795,-0.1203314709145374,-0.9791516325831291,-0.7547988886861804,-0.36734491190576885,-0.03233868496173088,1.132599940433381,0.1301999764140449,0.37037627554846125,0.7227230441477597,0.8417476041289415,-0.5960611214392862,-0.5326507613230201,0.849006031157647,-0.33767859533508365,0.5807177703574355,0.5990569620318578,0,0.0005880316532002548
-1.5987776194061485,-1.240586719751654,-1.435974840460111,-1.2383990547335137,-2.493985972860521,-1.8094720873805743,-2.2831556607711305,-0.7534808595354997,0.7610011832500603,1.2405071932568494,0.272586103855313,0.5946103815952811,1.0339045881886866,1.7874316708632898,1.1378007307993412,0.38978947326379804,-0.2692950929923024,-0.5416577204409838,-0.45903392551356936,-1.0682556381608033,0,4.943954691677788e-06
0.8622355246154119,1.1206698186292898,1.5494099225267244,1.9285124432212741,1.1427117822944388,0.32183567047016803,0.24485607965048364,0.43577395503973093,0.5571525047949727,1.771361674848414,2.0648515925821473,2.5075836134675686,1.0951800902713664,0.7280994124431911,0.5358126195351671,0.27603892788852963,0.42963354476612,-0.156701735912552,-0.2971149983410054,-0.8987482874810672,0,0.004118418565572386
0.22069847939586415,-0.4196367288986497,-0.5004994354922168,1.0528978009984509,1.2388857710836192,1.0744640417827238,0.020828535574755953,0.5672252129459773,1.338016391811924,1.7520627150909514,2.070106600715111,1.4441959553927277,0.511202048671462,-0.008642951898652919,-0.5058206732397503,-0.6413769152402682,0.17015674444944287,0.39778768683662274,0.2818204044203035,0.31211024405422466,0,0.003234202111371357
-0.207453497937988,-0.5854725851185534,-0.4054507686160191,-0.016102017820252952,-0.4026420241778749,0.1456962462183663,0.007392860742682874,0.1414303662896099,0.6946448318268278,-0.05636831160680912,-0.35968332499166117,0.2107246490819275,-0.3620731224026334,-1.1871142884687764,-1.089852116697406,-1.126088746934377,-0.4702006989759071,-1.126603571516602,-0.037671262081332,0.41628102562147695,0,0.0037544267300558876
-1.0888108535084098,-0.9410028595977319,-0.25654717370103325,0.016455031028905907,-0.4868306681390961,0.22897842637144483,-0.2188345459576578,0.43801481201243725,0.2778085880079289,0.33323203419017544,1.259610270852205,1.4082769223893847,1.252388086914909,1.4780187865115355,1.119786738091997,1.3626644329395716,-0.4131647737524378,0.20915919121213267,0.8374528768449552,1.5650717871484228,0,0.000636187057713421
-0.3540691544338694,-0.8050638795104129,-0.872498951595787,-1.2271414656792266,-2.0643440245947158,-1.3736136886294557,-0.37745649257845115,-0.7677322757381073,-0.9112216300594151,-0.7209314727187063,0.2033350301806374,-0.4660438334924502,-0.5297927593384107,-1.218868906578006,-0.9165113122118641,-1.0880908813454426,-0.3014069764962728,0.7515768764296683,-0.25812523739781124,0.18203528991350534,0,0.001041462321451809
0.3019220502377372,0.732158422161934,1.0098394784707663,1.508249208294341,2.253797753184869,2.8852261240261194,1.2200706309793012,1.5910882279277372,1.1382466560727245,0.6569280612098476,0.6200532110415371,0.22541696589578028,0.45819920682410054,0.9583065188436208,1.638894762756022,0.7929962509604394,1.3354404230433503,0.322909771992784,0.1412997265640056,-0.3441699163527096,0,0.015502334852683285
0.7235891825819837,0.6327559018859924,1.0820009267474928,-0.4679911886318958,-1.531051069257042,-1.3078374930181864,-1.033076711289217,-0.4923314578311434,-0.0945465017453356,1.1311132186279154,0.40372597748279954,-0.3201355400671982,-0.09824861241587311,-1.1910799887728802,-1.374833836158329,-1.1273004594082061,-0.18995300666129453,-0.5863025127966266,-0.24986962926864015,-1.5894596813648076,0,0.0021953523870228845
-0.5047659136953673,-0.18067791232799954,-0.3857014167131916,-0.0348063257255431,-0.03652419289507784,1.0556223728224037,0.9006143316145013,0.6484778980471398,0.35899706356767214,0.21571975728219459,0.31817195135852755,-0.5643161184794961,-1.228450511936807,-1.576502549465753,-1.1916237093644708,-1.1328547935869313,-1.8381496983521235,-1.1515940938688305,-2.438482225939666,-1.0199739075866305,0,0.01210727911615147
1.1720571696658584,0.8432888328831382,0.6870418105779594,-0.45985858987106326,0.2855363720321285,1.3480580820706465,0.9872997888939407,0.8147760762747335,0.4505294380002262,-0.5382826056628921,0.20037850265124463,-0.15262855127878577,0.12182774401025774,0.61537745926213,1.0429483067037586,0.3296782940157982,-0.5010036499046024,-0.7862948237965564,-1.096300898092337,-0.6667945217331682,1,0.0231991278899293
2.4140673138381112,1.9081103534951687,2.7034635236355693,2.6175025578470525,2.3190765972618044,1.3248669060943736,0.5815586475077404,0.15540878270968367,0.10820297836795506,0.14743028739001926,-0.657423336933712,-1.6534505217972488,-1.8030080663075354,-0.66058954368527,-0.8815296049692739,0.20719567563363284,0.44852138523547014,-0.019185401529280152,0.1402751171548758,0.1838780462542129,0,0.3738149388157163
-0.8524560798994639,-0.45168499940871526,-0.016346065067565557,-0.8937049368077404,-1.0040252546013146,-1.1815095487072733,-0.442114448142915,-1.2004512813388375,-0.8277460355335562,-1.08996599651777,-0.5045486996245677,-0.9984071817251081,-0.5106904420381406,0.012261280689577408,-0.4337711923970601,-1.0673601797717696,-2.1609313373231633,-1.611261266148737,-1.2423581053918158,-0.6584137490882639,0,0.0003418567438882885
0.21070164841610475,0.10236141124697172,0.5433093580124764,-0.022140539360349674,0.43323743907542006,1.3080071917665836,2.0333387154949656,1.6519101956947677,0.26963615665346063,-0.13216739873699263,-0.32791732244247584,0.06587265113821646,-1.2213390250872203,-1.179873474014024,-0.952640283047518,-1.4942158811794446,-1.1920926526512436,-1.783448239564813,-0.031592107994106694,-1.0329595623433707,1,0.46700509242369137
-1.5513789551928014,-0.8896649333946922,-0.9153363565552822,-0.5592292589711761,0.8958197598935362,0.26908748454836634,0.1774091830306395,-0.969710966351145,-1.0256813301042695,-0.46706908230060235,-0.7306600547713359,-0.4782332454145659,-0.601170186117133,-0.5709912059086298,-0.30303152925861926,-1.0823172321075323,-0.5421533826034287,-0.03407316826426289,0.2634846462949952,0.8946444276133111,0,0.0014006221611046982
0.6117537762559062,0.8431591419125731,0.45909968510468036,0.6165036929901043,0.7827514294527845,0.24394755727724185,0.019794575034698746,-0.566230297935735,-1.4077405481625516,-0.9879474273406121,0.1650841838534883,-0.06762660914536564,-0.707525758386795,-1.1145227927435606,-1.4628899757740979,-0.9851794152743153,-1.2434061743873603,-1.974867304541169,-1.7437965206543649,-1.8876014805070949,0,0.0017603622811439483
-0.5703442568060535,-1.1413304391189212,-1.7290662968496389,-2.0325539215882444,-2.491947922846622,-0.5090616861497661,0.6513983403587073,0.011193500388373134,0.31185397428886974,-0.00594671271996117,-0.3386354612352491,-0.40598690874715504,-0.509336894585825,-0.9089484685963534,-1.5697487402453445,-2.104208351441997,-2.1563447044854818,-1.3596948189073734,-0.6915140230654538,-0.6297307696609449,0,0.010390498212709168
-0.6124692287832518,-0.5601123160424349,0.01070618246956436,-0.34420426415945754,0.44334376096566314,0.7160884287513665,0.07635837111664864,0.12450961992611302,0.35771486590742385,-0.425241305707944,-0.5486383194483658,-1.1446602369328838,-1.6042330034528847,-1.3494267202235353,-1.3806093369975907,-1.3762586751845869,-1.1439563888598285,-2.0571187283261727,-1.4577811868195867,-1.7551713652674423,1,0.003441398087488916
-0.14962397659801657,-0.1581320533319853,0.48846358904693377,0.665444889054077,2.447884049571953,1.8554966313028203,1.3262148343139766,0.10480122747204385,0.13075049438013817,-0.5251164236277988,0.028968944686254477,-0.4961541921480456,-0.9254364792087025,1.0611992258699496,0.23414092940641573,0.6053351187501014,0.36086301051091424,-0.36350570986370706,0.12386609092661932,0.7285124450940182,0,0.20865936237406332
0.16795332590564105,0.01815580257045901,-0.24015904040026095,0.8804344060016243,0.2893425502289737,0.015481925150835666,-0.04753094017485055,-0.2531409661388563,-0.43105527099766056,-1.0427522307082817,-1.3445383854242938,-0.7895892202016866,-0.19930139367457975,-0.7355792604132985,-0.1443837868847131,0.9626200210279425,1.405881516035796,1.2194527858996889,1.0952068961709078,0.4419688643558579,0,0.001028777400873151
1.0156865224929736,1.3324771249824425,0.3440391947105025,0.3670257519767875,1.2475659438869056,0.8426721503334379,0.2632521260388476,0.0552908416267012,0.7503458479726759,0.12900360662571722,1.40724106190918,1.290532004453021,1.3130085745845617,1.8762680676958632,1.397316272031696,0.8018867595350215,0.4873665106953991,0.8801138884584601,0.3579352876156111,0.8901329956463869,0,0.017698804013618015
-0.10248999528721942,-0.7794733149425603,-0.3925067386970068,-0.1309358363992951,-0.6095819686859401,-0.851331640604064,-2.1461134839196436,-1.2797826509086447,-1.7749225057840745,-1.6741011217824548,-0.9872474126626974,-0.1335685167198083,0.6000406969190415,-0.991076338665074,-1.2246091803170038,-2.0204357222147147,-1.315902084448627,-1.643736478116162,-1.4563828112261392,-1.5253927707869612,0,4.524070553751851e-05
-0.4661577878115925,-1.1000809257255486,-1.3856773059996923,0.23969076024125757,-0.5075797661860773,-0.41300587749445195,-0.7552858069328735,-0.7420536499070867,0.11953223755045794,-0.001121217443490701,0.36542113220794914,-0.5430522969616789,-0.798009793472886,-0.5944181833924416,0.8340501777497322,1.0223837688860893,0.8531589997942902,0.07935325264605093,0.14080549735587447,0.5892300805367394,0,0.0006568043521496882
-0.987428560504751,-0.40145774581892896,0.7987812751280455,1.2944799131747835,0.14183521649993017,0.7809421946803778,2.0528191971058023,2.6116933002438736,1.3558152922708555,2.132436203887311,1.8815578273036253,0.8917611490766955,0.07700470293148524,-0.12982704628382485,-0.32578433623655134,-0.6360158348663592,-0.9673360609785937,-0.8749845651564767,-0.8642128608452853,-1.4198374917441272,0,0.08274765834230889
0.2176047883425315,0.6630458592442258,0.404086087918013,0.1488923583209277,0.44940561094395104,0.5004607444002075,0.622824293249516,1.4714999838226759,1.1947317909206563,1.0231018611042457,1.7187487778053148,0.04960219071299271,0.3235181327758677,0.7088377804325545,-0.1225505735095608,0.8867596158309589,0.9036176704297917,0.23805163160986725,0.06874221743679618,0.017283866238765804,0,0.019188439442931447
-0.7193113242477834,-0.6623844800505745,-0.3904942614606731,-0.5017265125916143,-0.43767470646183626,0.5761076438687689,1.2760186050251914,1.4630839831045348,1.843001469983675,2.0479188300400444,1.7991373379054483,1.3002497088763727,0.006019023620465994,-0.10747702090741515,-0.5773545711470005,-0.6366321132784728,-0.42006022199326204,-0.3148214787467965,-0.8620453200126748,-0.48482489570361326,0,0.013165621733090138
-0.5377252353904932,0.4316363050804812,-0.4813738309092632,-0.07842468540749352,-0.313565467149527,-0.9468101562463479,-0.4945086487408548,-0.15155943841771885,-0.7665453025910192,-0.1601677581344441,-0.25020865355458066,0.43371145267362304,1.3281934103419628,2.072259167394512,1.4515539176360464,0.9869092207560377,1.5156877299344378,0.7010093541787898,1.324996444096408,1.013576982979652,0,0.0017615683195310377
0.07570987765078173,0.8448248466441447,0.31662361268483113,-0.039051908620433645,-0.3306433904343666,-0.4652203567090779,0.13218182403808232,0.12054107832487683,-0.35183444804498565,0.9394548185045823,0.45756965784427556,0.7411062745504643,0.1001420570535313,0.0979118788593962,-0.4986488613189677,-0.9963347233436578,-1.1181377049824262,-1.267283111646302,-1.135695648951307,-0.038016743175567295,0,0.003443636834813391
-0.20822802102609994,-0.4349392327463959,-0.7009337922949657,-1.0867305889886958,-0.5676602140339531,-0.3776727055080039,-0.7586997070180405,-0.36786383102039893,-0.8313473008713045,-0.5196788923237898,-0.11159523762153428,1.0762031541538335,0.844759610387928,0.9011012670842576,0.774432092703878,0.3949129396403801,-0.17781169270954217,0.07823672964598173,-0.15869917506518205,0.26476937701857445,0,0.00022908748004080948
0.18119673097434072,-0.05028669539838063,1.1766747881767226,1.1051092560149565,1.0313448294379322,1.3602609766918317,0.42335917322579164,0.6483113274010056,0.1808899670764949,0.2626171201816914,-1.199809418213217,-1.2306761832269402,-0.10143335633347161,1.0197519328070324,-0.6934233816906189,-0.4384690981900725,-1.2439802114165726,-1.8421699575352324,-1.9117695557708871,-1.2288798024539358,0,0.0030675513497323776
0.4568064066849625,0.6736534432060087,0.79493502770131,0.7772631169639348,0.26904471544762976,0.5569502955512137,0.9419120607889966,0.7054603595060973,0.664298524071709,1.449381370923328,0.6528095915608606,-0.2692587380018675,0.3627908712840479,-0.3834926442237268,0.365343086585091,0.4427544102459972,1.1313689569601897,-0.652545290574779,-0.3847285067054567,-1.0360849076730605,0,0.0004393881184213879
-0.17853300508493178,-0.9959859133741146,-0.8340159512444172,1.0357913735223412,0.31176726392863363,0.8764239214184298,-0.301967988676041,-0.8575662269062386,-1.3833294474392728,-0.3609564575135916,0.06604379190860052,0.39450313212986327,0.6116872313864188,0.9220795372861659,1.1319658661522056,0.9179042793786855,1.6351844292056337,1.7943143787006315,2.2299320487244834,1.4769843720333218,0,0.0006386237684404305
0.7725097661862554,-0.31007589336762803,-1.3172743171431285,0.15393285961173725,0.025856151442543024,0.7360850885761787,0.8435643218513181,0.7237905875609634,1.046305858038324,1.9348867155951275,1.4667788470676673,1.8145254575527936,1.4153469379984986,1.4198576838980743,2.2027359992499953,2.425121899177252,1.4610840596772385,1.436401287112493,1.7546136673929873,1.8394243415498683,0,0.03008365860487555
0.3780359953225961,0.10027300178892115,0.36887826931869655,-0.43708185605250965,0.05254241929646519,0.7522797103874179,0.7476932088039001,0.45412941673415014,0.4518222274401784,0.6623405993770296,0.7185259366345997,1.5143436389553664,1.3770737964367863,2.3201910491046136,1.857484282883753,0.7804155725326176,0.8985912963285588,0.5303401263037157,0.5323794919737789,0.08664631269513591,0,0.01994774573663632
-0.9325967543299868,0.12802710444026044,0.5826351556471148,0.10587406696011313,-0.476580267005256,-1.0277438878126337,-0.5395551857733633,0.05055056764762184,-0.5269110317874729,-0.7109659515470956,-0.8273462555722286,-0.5069511636339192,-0.44328716466444373,-1.0348389579960906,-0.7162808407459841,-0.2070337069900862,0.0681604958494668,0.8082420724369943,0.7695597847671646,-0.15407396043108854,0,0.0023359603384788996
0.7857227150489899,0.04180901864429583,0.814676252092136,1.5484851057155768,1.4218573136528543,-0.21242219132501225,0.37519551527247214,-0.9871249034707953,-0.936638749049762,-1.5522451477903,-2.553731579360118,-2.1117503873640127,-2.0963401998107654,-2.102551248233013,-1.134385719308545,0.7450101515867287,0.9946382868882274,1.175335367707565,0.9913044604342652,1.455411965290044,0,0.030007018320722282
1.443314878049776,1.1438831776986536,1.4455566711289578,1.9049051592091795,1.7435679301333422,1.6366317160519313,1.2427897680822955,1.3664164527789235,-0.24349777038767656,-0.47653181444053133,0.140342671322534,0.5185293245987168,1.0227003659782443,-0.16450533035495718,-0.21808157447179105,-1.0380520656461956,-0.06638607750339728,0.653746851417614,0.44353240989063125,0.13480487400990354,0,0.14526587524412327
0.7414528131650852,-0.6420708957778789,-0.5317793795735883,-0.17021653679534912,0.4063948223258319,0.5766474263991218,0.9962101862001433,0.762964084890965,-1.1358476918847336,-0.7946555877007058,-1.3546771360896899,-1.7384634889789614,-1.8797351373198368,-0.4349904567330409,-1.217732085659499,-0.3942713501577566,-1.0905575984719023,-1.2726024728076142,-0.45931986096737437,-0.48082008928657727,0,0.11987682652255251
-0.9302241933050851,-0.8511557359887205,-0.15713351016745358,0.08424621022677671,0.16752865605838194,-0.8815279665817004,0.2820613692015213,0.14237920855892672,-0.029658348853748975,0.30399053663708925,-0.3100095249339052,0.06130848517473623,-0.12621340603926762,0.21847942572199683,0.34441520861939473,-1.0734362725335282,0.31912772128487016,0.11161214407738392,-0.47930872603949315,-0.4148946194806115,0,0.0017321206172238627
0.29238739242842715,0.5616005538117101,0.9129845063589141,0.22183513252330608,-0.22347768214124336,-0.1378609865682462,0.01310717740788957,-0.21978306679664383,0.2568522122793746,0.8039455151964112,0.4376041167674119,0.49778149855610476,1.0772389140122856,0.4700619739238556,0.39671668729353937,0.42951657365378837,1.4131408599601494,0.4954336195219666,0.2647645834938742,0.8267067180350633,0,0.009226487729823157
-0.06244604013032751,0.25178737305056337,-0.09917422761988348,-0.4991107386490446,-0.458112914924195,-1.3569141545722336,-1.5189670880045743,-0.8775271106315156,-0.5940846501983779,-0.40071521454693504,0.7910008656999105,1.782780612706719,1.2776584411426197,1.0685339196132373,0.3123490990477133,0.7283231477316474,0.2994365559490339,0.5345800972698966,0.7079007499345844,0.3314771767079554,0,9.2988573233918e-05
-0.5444705470547353,0.7022908030415549,0.7756439673775564,0.2592171579240718,0.6227065797815257,1.4859906071857512,1.5802487407460712,0.38438281237274086,0.8213479975134658,1.0798693177650642,-0.3442178704083119,-0.14380589471851185,1.2104954530310092,-0.2060656550830125,0.2816819827795635,0.17956676516870093,0.41694971302729383,-0.13106838111221641,-0.9012257610878038,-0.012481671083985194,0,0.007363532313794504
1.8486886247615002,1.2562968097577556,0.43202485536370755,1.2769470415665598,1.1946092573756586,2.142034617091989,0.012514220772503765,0.18009146820504654,-0.025627808922091842,-1.1866944441548222,-0.9628078360982681,-1.1411231632697252,-0.9961734070012335,-1.4860487112120166,0.18071085378577154,0.073667888253559,-0.7530621102714053,-0.828376138782314,-1.527578646235875,-1.0091268924234351,0,0.011647181732565817
1.048645472579447,-0.25366942064030557,0.49485853103193506,0.39227229712930933,0.4360099329738632,0.26612907606079916,0.2777437437143456,0.23269120174767483,0.36925581129866814,0.24077260888747287,0.1508169274138035,0.4111015357131773,0.7464213583127249,0.5476706303127098,-0.03865243220331342,-1.028221127118997,-0.4313209210522412,0.5696946900818105,1.4408306302184863,1.8179488966724882,0,0.013505782020792726
-0.014250094520391702,-0.9187672400546734,0.12167857493088026,0.20379987711703104,0.3633703092042489,-0.501558763577249,-0.6284403388601223,-1.0975778628392905,-0.8466579290533216,-0.14680061013926404,0.6309947938521405,1.099150367211904,1.6414347851441449,1.528392747032977,1.7972192620123821,1.1523549370335584,1.8338523401667142,1.1499969407415598,1.8005283378564605,1.1758548491875944,0,0.00079574583861889
-1.0338330625327807,-0.49242787866552035,-1.3701888434104403,-1.657306401343934,-1.0399633612643067,-2.528786268332271,-2.310621081993076,-2.5271557105807454,-1.874037039150607,-0.546527902774944,0.16599959273468093,-0.26136680869024287,-0.5978300242931038,-1.0806998766015263,-1.0979877840953667,-1.011223503145848,-1.4437631574410281,-1.1781158283697406,-1.6919479916309632,-1.9812871692634735,0,1.9727936112372405e-05
1.3788601051203309,0.36572472844362436,0.6317214371157593,0.27884809839990915,0.8151627673629775,0.3735773749603426,-0.05641900445356628,-0.8222414524108764,-0.7781545497396702,-0.4549790069137737,-0.9401231040291302,-1.6438045928665799,-1.3461448861489036,-1.452542722202174,-1.6558041540680866,-1.279233407068626,-2.2652764882899854,-1.4163777563225932,-0.794986974815242,-0.6212040693911849,0,0.05245770347206016
0.044758683145711596,-0.738355191462455,0.10185971657864168,0.6029050172611157,0.7785902119965327,0.39764573371618955,1.1912697835917,0.9111351277556011,0.06853046801829712,1.155698052767748,0.46629963903037613,0.6636246962507206,0.6771553430413916,0.8823570757871965,-0.35168519944454785,-0.903493931221124,-1.4431896450534416,-1.162819298940364,-0.43743883117686844,-1.1431554708037774,0,0.04995621874527796
0.18217587467441415,0.1621680877709811,0.37793923598712714,0.32525293835611696,0.919133759548778,0.9039746759346581,1.258458202829871,0.9527000024124882,1.1169151868676412,1.0007218857676385,0.6849446767361541,0.6137183913997374,-0.07082198706269624,0.31262796464990833,1.134646347150867,0.4236382297933134,0.4426031544353895,0.7579415649062284,-0.007001804702317418,1.1850477597199884,0,0.2888632704084107
0.09240043642273274,0.10385723662665255,-0.5288879917635945,-1.3748771775784538,-1.292116251894156,-1.1575391085726383,-0.5111971897002661,-0.8356219550383859,-0.04485654474959779,-0.04455661298881195,-1.089144001549348,-0.39599758471333313,-0.45503324098272985,-1.521683169736662,-2.272688883574074,-1.7613611521601216,-1.0206622104962737,-1.9206064917237247,-0.9434294730238266,-0.8353381097587094,0,0.0008316005739916157
0.6405463686805658,0.31801742010068085,-0.20884125858661476,0.021294969110094472,1.0956863591040598,1.1757174177645502,0.6273861113325392,-0.9245239400399003,-1.7892926135948122,-0.7760238678806873,-0.26201187107939256,-0.9456216167705063,-0.8379619697024784,-0.43523908812308487,-0.14046584346914368,0.8311411618729476,0.9991083650314574,1.2900697419203877,0.8665849268956424,0.8703469411575329,0,0.009439743594261269
0.3700732291680364,0.8538244222254399,0.3619895753850888,0.1356042775299453,0.935523889322101,0.45260819665761537,0.8117346308330511,0.8468367474890028,0.5257441837222215,-0.3648954368924737,0.516460838291515,0.6838919846056557,0.36160009970788315,-0.21577722463535046,0.19604288612176168,-0.17317967699159717,-0.09268650149076652,-0.6904413025400697,-0.7248863216012038,-0.6034699107960592,0,0.006332147261164733
-0.42833797344053426,-0.9500964532719882,-0.16712115153451126,0.12768711945044045,-0.00036292850602255843,-0.5502827168587635,-0.355251399970714,0.9852862271060412,0.6129805065751999,-0.0786666007937821,0.13419411189639965,-0.08059764167374303,0.05964507814254394,1.100095654894507,1.2510946988801357,0.6623474162592184,-0.1710827314776941,-0.5215586845441885,-0.3312769608907273,-0.21770900260707865,0,0.0024904989547862902
1.1497524359553961,1.3209710923330722,0.6393957027387273,0.37117187035886856,0.04332229046807166,0.7808995299342737,1.5151027136822408,0.48972140678093345,0.7705836872199839,0.8972977131850516,1.5574902449639867,1.7575959536290522,2.0047553335611092,2.1127845918686985,1.3852682658730335,1.2897446474043406,0.5439657709707323,0.08273601326940261,-1.2852987900516828,-0.3334988729297885,0,0.009739790923315995
0.05583126284840746,1.0186928025337711,1.1121978974142643,0.6425457131703284,1.0121311873987522,0.9965803874122364,1.139043988509879,1.651634853663561,0.06568507237930912,0.05540173443894553,-0.04536850182173328,-1.4510424863863456,-1.4632821013859396,-1.1553748055916553,-1.3484955986968996,-1.6419871174585208,-1.494157847666833,-1.2027504843666375,-1.2430116984233168,-0.49835928491010145,0,0.3677768036119912
-0.9929790207548117,-1.1727333521940275,-0.7981379085266639,0.352632524874934,0.4335458703628809,0.3402849103068073,0.3396729244784734,-0.40360679777950936,-0.261747142564609,-0.25030651432767004,-0.250469861466641,-0.711133986029308,-0.4763947929812389,-1.0165612335217105,0.23220572499488645,0.3261054243430428,-0.37251224103514247,1.414983065316385,0.6890068116745081,0.1016442009246419,0,0.002769775544572734
1.4591802832508076,1.424215860006428,0.7809133826652824,0.35289608282596324,0.6068235563153734,0.6391129620424443,0.9070414191560964,1.211912972401107,1.184884242181507,1.803636411387477,0.9588836279406696,0.5508763484331909,0.49049706646176433,0.5002061867162964,1.0560508117239737,0.722326433285431,0.747839152125477,0.5678848336947776,-0.10753094495627152,-1.0375683000502618,0,0.005438669347945137
-1.033424709878049,-0.3071849036276565,-0.3603528575329754,1.004311530422537,0.11698882145712637,0.3516972261628569,0.23026013634841588,0.37251566953192006,0.6720656864458218,0.37945074302986614,0.08006207482117156,1.0511584094496778,1.6424775927099207,1.030256671273479,0.965891694730838,0.45947925964533465,-0.24925638485614576,0.09460114810253717,-0.9180795412971801,-0.9201987218662742,0,0.0002712421358988751
-1.4878286858975656,-0.8548699659228071,-1.1060202626709124,-0.35408470882791665,0.20830765948341845,0.0065760905892969235,0.5903110831113251,0.7479014598842627,1.052456757025663,0.9759821564103178,-0.07890552055692691,-0.1791592346762682,0.515742233323106,1.3892314612123307,0.7486750034113252,0.6832804528627454,0.4901272306254381,-0.22133535792175071,-0.4719347884533115,-0.28431026956749006,0,0.00123720892582817
-0.36369497221307323,-0.3640069388349059,-1.7658164548301338,0.04390827995658661,0.8257602915993113,0.32982630713310107,0.6603250701257151,0.5575388405601374,-0.45578140745567525,-0.14320509093630981,1.364322280030627,0.7799112644465275,0.629877958008991,1.2310729873408173,0.7116159129357307,1.0631220070452565,1.0584504175856702,1.626909811066577,0.6199920043031737,1.3565109984370092,0,0.0156864299853479
-0.5410350340987792,-0.5335024304620282,0.32177083418461494,0.07184229355935186,0.35765281857794734,0.1367126171332557,0.7431592418302542,0.8338560491436853,1.2940450300801518,1.0332892000056142,0.7379373818276008,0.8717458607536787,1.1729158544174938,0.5655510189430041,0.06395690116581451,0.5359454038310111,0.7490269177629936,0.7170179046651155,0.5216250677272662,-0.39822787336464227,0,0.0024665305458636206
-1.4750709571485356,-0.8779330778844808,-1.5987296618235014,-1.4872124947435532,-1.0408173579979672,-0.41918486384053816,-0.7980166747613157,-1.2033325851464987,-1.9528116572340484,-1.1909605424993097,-1.0474840518714341,-1.648644129361028,-0.4777930419220968,0.36140396957933363,0.6592477790979072,-0.4326519258098833,-0.46006410125281666,0.08384594901926998,0.6303497186787715,0.2652429438887703,0,0.00010558892886619093
1.0077170526951633,0.780432931411508,-1.2599264297428547,-2.03451634201899,-2.29125812318677,-2.696858938776299,-1.2713440149544037,-0.9905244853364639,-0.18164023344381494,0.054584863015285486,-0.5705587268657958,-1.3867831920142986,-1.150678609877515,-1.2545128120138493,-1.8750900656778242,-1.3791216523938594,-0.7522098484551958,-1.1679881503297294,-0.9112517813700823,-0.33936967571372884,0,0.0004664622701685955
0.7940811956510107,0.904956346644139,1.0895537321485596,0.4460152598759716,-0.5936573807345762,-0.536168155388702,-1.1962190534035604,-1.6335102563799684,-1.0773300526127176,-0.55878491597284,-0.4128270008699807,-1.3234300512161847,-2.4930954247064387,-0.5371656672583923,-0.31368276669239825,-0.1944967668642468,0.5056302463585687,1.9472513410296113,2.0051726328239843,1.1240017902282073,0,0.0028015597712534738
1.5731790921203601,0.00785912833255395,0.29311602164419376,0.8226131299173118,0.047225508981036175,0.11445596733883946,0.541442677340468,0.6486012400520336,0.12292013556348796,0.5356652640402926,0.6619240835988046,1.564073311511666,1.271825008735844,0.3675297127690254,-0.2762543209350791,-0.24950475100879077,-0.32625463815952077,0.13165544317884567,0.3622956745554431,1.142093958805689,0,0.030901369337525218
0.015236350542047332,-0.49228871288009396,0.14941622675673877,0.5382461947966876,0.7302215532597969,1.8712214861463354,1.61156574551818,1.4074334215134487,0.549125697498361,1.3390987231373541,1.0600012439467532,0.971686808506989,0.4797426439293767,-0.7223765080391191,0.565747445572119,0.16129196104154792,1.4768432885825395,1.9973123746783394,1.0480630179346713,1.4204309109208828,0,0.06378007203492078
0.205239111826974,0.2823380417086483,1.3359797436866545,1.1833703075812783,0.4417527894962244,0.5802515019489248,-0.06542389403280646,-0.22690752644248677,-0.5859920507602665,-1.2819775850186237,-0.7277383640124094,-1.196620785108411,-0.6432941726796695,-0.4699626726464339,-1.0672359273303935,0.08153941743861665,-0.12147022926324681,0.0823490750725594,-0.3126691105536217,-0.13879804467306145,0,0.012869753050428482
0.43292416325576366,1.1313670247396472,0.6318346332096079,0.8749514759686329,0.9388441158635245,0.5838745293581367,0.2024964616548038,-0.41160566796313747,-0.48745307485012257,-0.23431008740542958,0.2754777129274154,1.547053619301381,1.9773480456947792,1.7118221193891443,1.527786661711653,1.4950426747216317,0.9487460434589564,0.9705270530344631,2.263333859729678,1.307002647722687,0,0.004589699212462927
-0.5565742496754034,-0.2306880117383164,-0.18077406062085266,-0.23818519982420677,-1.0614374448894577,-1.687359426542242,-2.4443017682073465,-1.8205758380174484,-1.1284002058903149,-0.2017301384391177,-0.6592136781191452,-0.9465731613758176,-1.4274513873202384,-0.8423708567000362,-0.5797854414276944,-0.21012864843038065,0.2300040142463636,0.7076750475758317,-0.1577789312499556,-0.06949380464024449,0,0.00024133811045921313
-0.11244826841372468,0.5730921378605365,1.2392925530119379,1.0028038534783046,-0.1134840361912707,-0.6732018798180592,0.5342512591872183,0.4030987814990449,-0.019485869523131156,-0.30886447500933967,0.8999138018684926,1.1936909931323687,0.6337001639878905,-0.20587982598905583,-0.2965717901903572,-1.1478599113925472,-0.18794436967553632,-0.3571900129718361,-1.2712574171038895,-1.2189608438212052,0,0.0016330613637509683
0.834635984480425,0.7627859217713432,0.4270488972673136,0.9300801943403493,0.9024765101672774,0.08215975891351146,0.44445716445112143,0.9923697627492892,0.7074837734403887,0.5697899562226738,0.9354657723096172,1.1635123203565563,0.46291705025817725,0.19798533286944053,-1.034068648471508,-1.3956420992790468,-0.8144385188180625,-0.8203418628490231,0.07789057954015877,0.1681169271234595,0,0.03047439017262479
0.3632430399298137,0.2480569508464661,0.09997044723608957,-0.08259508352006552,-0.288054424071036,0.7531623225476062,-0.15297414290456296,0.167135087341742,0.5840952525083959,1.1705927183536124,1.1935804110123,0.8674618161649854,1.083976191774811,0.6243087801259424,1.0414475205001075,2.1608413502223804,1.1444926001712006,1.4743642855760304,1.6021801560132005,1.3575185695116305,0,0.0035199347560029236
-0.2845301797247176,-0.02661994945729925,-0.025381746328436122,-0.18638442254704646,-0.6410427338980553,-0.9115923723877155,-0.28155435955142033,0.540901584844519,0.9346945986138475,1.8293133925385294,1.5630765561454845,1.8615880936652895,2.1731611414593277,2.189937416926145,2.840776829846214,1.5233592372628986,0.5617729872834936,0.06567094823976373,0.8687167552438154,1.7466550915945596,0,0.0019940762418442057
0.4827875004441864,-0.20882910674671357,0.5916460012098126,1.4255498511195592,0.8190963329940095,1.3047316270556923,0.8526806197224265,0.6793779318934063,-0.5022909180855685,-0.5085824209067333,-0.2753438377312666,-0.8393553553640358,-0.3994185890387753,0.48730636171136366,0.9334712130486563,0.8976634560644839,0.7188455238601843,0.7623778832265364,-0.08620409796074312,1.06378303286644,0,0.21203696995983576
0.9339309181749875,1.0610527820427,0.6077988472352571,-0.15817324532616014,0.22034839695327668,1.711880146396629,1.4587755938434874,1.6003571209016725,0.6446880893584174,-0.3016136671613818,-0.7897039755097418,-1.2357750788848736,-0.4725528120400589,-0.322931779710844,-0.8266907208316908,-0.6698756971972426,0.9939585891444762,0.9300243189502411,1.1092689132919837,1.6613677028225395,1,0.5108288244703656
-0.3764131681096747,-0.052784091909921595,0.7018901653153349,0.35165047881486133,0.6881752832674946,1.7795480865894633,1.8724428532000938,1.7648358009948177,1.8595711551619405,2.433053036074539,2.802221915069325,2.103184217879916,0.06116065412518188,0.1763332759502035,0.6744958673610782,0.49785745791792124,0.4234669672572984,2.3525332653011546,1.0420518512952741,0.3302551458914453,1,0.22024602121729994
-1.769002077189663,-2.5431327621054574,-2.6600426714505634,-2.586917229764093,-2.138876440670981,-1.97805050844556,-1.4909557079998534,-1.7838643779230734,-1.0163191497366433,-1.2634623851014561,-1.2567856179079413,-1.5027787840339697,-1.7033055989312165,-0.2697585855700192,0.16326940239119248,-0.744431241128591,-1.0441367674276076,-2.150454558958226,-1.0130686586016664,0.12688960270962601,0,6.632005011429073e-06
-0.9106642543932432,-0.7375618449843087,0.2185570571813304,-0.168991711906841,-0.020935794806079384,-0.11911568682577588,0.31767171895279034,0.7547237889155828,0.7399445700217445,1.1242744674719563,0.6618754642569254,0.6095204889471316,0.66035244771382,0.6617916374427764,0.7667395983632548,-0.6276398320745664,0.2478277794341101,-0.7470870614062554,-0.143464449302675,0.1936508329713927,0,0.004653501323108318
0.05521430975653204,0.37439136576979004,0.7776660910582843,0.3780243585331717,1.8765236321703536,0.8141289853121924,0.2767820797828756,0.6312987974378068,-0.2983274828351784,-0.13886507665365802,0.015010998378821604,0.2715878964230225,-0.5300336713998343,0.32100711705083357,-0.22952583364812582,0.08202785115780588,0.7857951785925302,0.4928288442075286,0.4613929789042558,1.6407877051610484,0,0.12960508705313215
0.18929772604236997,-0.37493033882955346,-0.10864059718191815,0.8320821351515795,0.34826906669280816,0.10469648435656217,-0.21064397187369768,-0.8589119025192882,-1.2047832241498106,-1.8109483867558402,-0.31081505616294586,0.24731426769766107,-0.2566965950341899,-0.27558857062529357,-0.2759805445329588,-0.24842728025801658,-0.12990319295699182,0.08745030195580507,-0.6746135570092753,-1.0142743917398085,0,0.0007515435907093405
-0.6518521102946138,-0.527709644730301,0.09317784544591898,0.46943630541023673,1.1533030937373425,1.6865653111816168,1.8759283037287708,2.2590106090099353,1.7197296539298548,2.2377172480525918,2.030242486107281,2.1954640337183853,1.8826005576221676,1.452168316519968,1.4914929935626597,0.6800192794269613,1.2631647053612407,2.0148937049977618,3.015050006942313,2.1139688584715315,0,0.30498289615137847
0.1808380122460441,0.3144025421073897,0.6522485555053782,1.332770940715224,1.2216714221442841,2.0406173693377103,2.2883276159432873,1.2409873809423073,0.8078625059549347,0.7955008564446331,0.4784326209157737,0.8842938151658355,0.8337600535559921,0.6848377874362276,0.36102325468170493,0.5550624630031142,0.3601991054520901,0.7394316274356327,1.234590454240602,0.7129943082839049,1,0.43196183218186956
-0.04318043895671932,-0.34726839988187785,-0.23175594916784256,-1.1493490762572016,-0.6711221082158791,-0.38596236486292723,0.6862027232778117,1.0087242406544672,0.47526796077256456,0.09771392400138049,-0.26462208821088046,-0.5464672815209975,-0.40175532602047964,-0.6935835768167721,0.4661537766873618,-0.8422793173414116,-0.6762450566196523,-1.3921020796650103,-0.9854584224112983,-0.8538715608879363,0,0.0067293156218524875
-0.9730856589239959,-0.7605476309192288,0.5629374811177472,-0.5951179821854148,-0.14549508914981013,0.557688647969642,0.9854031093065384,0.1743046696375299,-0.5109635837798947,-0.6872671210505477,-1.0054487687448463,0.02255744336076887,-0.8159865329052762,-1.6455409996710773,-1.929846482957846,-1.1580405898322437,-0.40371106030610626,0.4241020201534568,0.025418040273724546,0.18534796495050987,0,0.029189550466581903
-0.184213598925325,-1.31185798423415,-1.0869194165793536,-1.928454307418982,-1.5518402604875756,-1.8008174442504452,-1.6528376387052188,-2.004323583331827,-1.5011358973516884,-0.3127791767088535,-0.1274058596667339,0.1594130648843641,0.9848662564601254,1.0786207823006142,1.9396456843417786,1.5976361667783736,0.7854099104299683,0.5049133261211805,0.6123303808951293,0.0069628181242120035,0,3.4199901972842074e-05
-0.4128662293609835,-1.1985191456409734,-1.3645683394209862,-0.9674027385987131,0.16854100959956467,0.6908713038823626,0.6206617386838901,1.6796099918032616,2.090212474511502,1.9775131276497497,2.275938394997861,1.334459778895689,1.0755890622819713,0.4293898375050774,0.8471166604215526,0.5425445978683239,1.6729694622770834,1.4636136261747157,1.248093409889924,0.712581341695054,0,0.0023664790135970912
0.1535380708935921,0.7106326664012426,0.08110915923001694,0.17251669218949084,0.02282334694865937,0.03739145411751071,-0.09971317292996208,-0.5714341316203212,-0.6649366688654306,0.27890941140603487,0.006548601770100849,-0.059089459959523714,-0.5406903290617874,-0.11759454545054289,0.4065481376009747,0.18422556825311592,-0.09313966526596608,-0.20786323145111946,0.7126915780554866,1.0987021258901244,0,0.004772676086855202
0.1853251194938751,-0.9683209265983543,-0.26245648705096686,-0.30614394624524754,-0.261013844870973,-0.4932479697067763,-0.4538031515272127,-0.3609538361415541,0.4112804540132233,-0.8114135971583195,-0.3805645018417663,0.6654557778310483,0.24067415839302336,-0.5051439493778129,-0.1552675545973739,0.10704539941118713,-0.5626293241544942,-1.9773531009774385,-0.7918076529807189,-1.2367058498707233,0,0.00047156215577089756
-1.5411156523001717,-0.40198603604792027,-0.02044513599759348,0.2866818917084668,-0.08136685308093797,-0.6973467350685968,-0.73600095555557,-0.3795128631225595,-0.8969295675898904,-1.029545464227332,-0.7689762605561908,-1.7833399064327056,-1.3994139024709626,-1.4938243454290117,-1.5868336131214804,-1.810262647365785,-1.4985978909904902,-1.7417215623782816,-1.0655909135172688,-1.0718042416112208,0,0.0019689038102850553
0.45055855109079024,0.30883094952781237,0.06036917503506512,0.10914305458154404,0.750776404123397,0.6553811758524413,1.0593414423781975,0.9461481058334711,0.4122412798019593,0.8415324949172985,1.6303184887890596,1.0493835702691892,0.7308817548164118,1.215836341921653,1.172573122068973,-0.574101982807398,-0.8155727316330529,-0.07264133756582108,-1.4077154376664667,-1.333286778465288,0,0.003748528178945991
-0.3524517234984028,-0.4842069938615505,-0.23949693029434949,-0.5215380067817236,-0.026080696147184383,-0.019279270896179784,0.2519508847095967,0.7378636429341972,0.48317683882180623,0.23877250235548203,0.2521681220792673,0.9870936013476626,0.24671774070485156,-0.0327864897050871,1.1982411703643285,0.5722897969560142,1.2044832969038433,1.2003912752712211,2.0965593203123922,1.5159013711490892,0,0.003758819737379297
0.26897683577487996,-0.5731916204969116,-0.45248036293450805,-0.12437547811397759,0.042575489457378046,-0.08242947339595562,0.5153143665242061,0.12527035879808607,0.07096428153929867,0.33100560898869735,1.4760802159083932,0.5891247845310497,-0.09844092400796539,-0.8076141448924612,-0.4107659272753859,0.7418776088032609,0.5602170656595808,0.12945290004986945,-0.293514372894349,-0.9078571230524809,0,0.0005320604189363348
-0.6784238506573098,-0.2754736650996192,-0.2617133598051391,0.18303785070799314,0.3541426386617191,0.3666182902622669,0.4272520101343211,-0.3741312568163493,-0.12236096928833257,-0.9037988372378521,-1.6776499720827127,-0.9915362828524461,0.1469456078779963,-0.9249921391230116,-1.5711248658836552,-0.9904447187703806,-0.8487019140966203,-0.15978277786303155,0.7970695045463635,-0.17964059048947495,0,0.005201211182577451
0.1665512401815675,-0.3070951496353919,-0.2164137712094939,-0.3249334587778028,-0.14298322030550134,0.8377808817987642,1.3159463452632871,1.686688471149781,1.4943887346356381,1.1563802037765292,1.9720987062044983,1.163019656848181,-0.04497417614016108,-0.8817540344663821,0.15298913014415091,-0.11750512190852157,0.2236428724688157,0.4814455616535206,-0.8365373658609183,-0.7664028020719629,0,0.004480164964908785
1.4863543313749938,1.6319336175929726,1.2689437887876243,2.266231811823201,1.0843230417488048,-0.057599469062472416,-0.7719306987061969,-0.31435708485554587,-1.3235968531951967,-2.0094331711175637,-2.6983488440942844,-1.5259349654067869,-0.8863117102409349,-0.8234991612490008,-1.30157124398349,-1.5415342107658394,-1.158010547892535,-0.6045689752281841,0.3687289152117048,0.34490851373895076,0,0.010088502167555151
-0.9254788904827889,-0.7592072408823841,-1.2294107652636923,-2.1487153474759237,-1.3255695894092538,-1.2180579294785703,-2.023942403919285,-2.0575659618045807,-2.3837791968950426,-1.7084663006164538,-1.7162136594418864,-1.9666455772179035,-0.6949529239407631,-0.7100586947258439,-0.8494536067578521,-0.9823217182504604,-1.9196297334443475,-2.8427342326421177,-3.390938521821274,-2.032110644720775,0,1.0953154188645934e-06
-1.0291174341144564,-1.7684589019444907,-0.9279540622966316,-0.9067970104758002,-0.7057669984951485,-1.386480309344443,-2.0569739913826606,-1.0871757121593975,-1.1054976103294945,-1.074323393128861,-0.19228784100433777,1.2938671582356944,1.8220131767162837,1.3369521882031254,0.860757013737013,0.6799699581666461,0.6537321734527756,0.29611577274972034,1.3476767300187087,1.532184820338408,0,2.853295266680879e-06
-0.2308284073860157,0.02372073415561912,-0.7044719625765733,0.4166003784046087,0.3955121910863392,1.9329871954905755,1.9608465362023926,2.071503356758164,1.8745878052472265,1.277760813296328,1.1054603166266104,1.6430236960124616,1.4832574802597516,1.1557437143818343,1.4705262031428787,1.9379107782756533,1.1133229127313737,1.4082095695046253,0.5702769274752697,1.1243368405015828,0,0.22443440560503694
-0.48734742872177866,-1.7115069434436918,-1.1437069873385506,-1.3393132388722704,-1.944458993851807,-0.6808505230129165,-0.5220399634990415,-1.4432175745938878,-0.1304857029608764,0.19844798442510292,-0.38402546973314855,-1.143881525923804,-1.2489665527304814,-0.5938478264432783,-1.1987453032170676,-1.0257470484214997,-0.24946668771057856,-0.26858721745426145,0.0016499813442173274,0.01127965323673861,0,0.0005551194291299723
1.3199211157024138,1.577373561556425,-0.21817867982835504,-0.5582479541239773,0.2996665040298807,1.682933230876178,1.4769624282754314,1.4485253324414704,0.07630216376169091,0.06899730831820715,0.5070297216976569,1.2588106627063222,1.9303327927119247,1.4151029202189236,1.3097367561345368,2.080694420831376,1.9992034670971297,1.4472172478632745,0.3025510038765835,0.23510260123908608,0,0.012493704335663497
0.4458144611173128,-0.18016713607954996,-0.41469627899149036,-0.7043104189518737,-1.4149756629307113,0.07788329621269904,-0.6525696458312076,-0.2936257446978915,-0.7953822218454819,-0.9472463454542739,-1.3474006635727218,-0.5034427099137407,-0.7538891361248464,-0.8586984186963122,0.10922865068554735,-1.4905175962436708,-1.349506900853103,-1.0476348271404614,-0.46477919254529954,-0.6791284495497555,0,0.002634852092085574
1.681709729957726,2.396101260662856,2.7162625005914336,1.7769783913924904,1.6240268008430403,1.4745049890674566,1.200421674542399,0.21951688692383922,-0.2602415428374028,-0.269632139158079,0.707692110366264,-0.03142244860969746,-0.04368415891941167,0.5882001667799243,0.5645139538490557,0.3753290724838162,-0.0039052591479954357,0.47958840394711366,-0.6006316135015036,-0.3419900429360147,1,0.20257193082804145
-1.0139277265372044,0.9267376459180575,1.0615380858265286,0.621995919590562,0.9045547878149536,0.13947751330389893,1.303280666595012,0.5855641951721775,0.006628390626651569,0.9066894123925566,1.151335835293601,0.6739956233341071,1.135365922443843,1.0398326357161216,1.0679193264221305,1.2185300824598186,0.6188404197529066,0.5642658015674221,1.4732490959462203,0.8521935491620364,0,0.05758952823545737
-0.39370343845280703,0.07488256817945309,-0.9420027455758401,0.9841158815405806,1.3057149887866597,0.8822652480457831,0.4488499450060362,1.3642826710621136,1.527399612968658,0.9539083486013911,2.174950188384586,2.0863155719166806,1.336329990567988,0.8879666913563721,0.5342379714752311,0.8715575841634553,0.6288652747204501,0.19894051418872052,0.5798024052175513,0.0910072867844461,0,0.0024906117845864837
0.0869255955711145,0.2742198292608762,-0.6955482234303462,-0.4447841168775369,-2.121058343690997,-1.440317284184885,-1.6705670644111879,-1.5239629426305494,-0.4877350406086663,-0.4631336834158587,0.36767905457594735,-0.15760154735696508,-0.35691713934869307,-0.3160675948884451,0.8080015822913513,2.3604861108223405,1.8281864688234197,0.9985383211838741,0.41884054367925055,0.527632523836911,0,0.0006775971810615617
-2.6073828212136387,-2.238185974846991,-1.7998236389589142,-1.4042401501770492,-1.4481062495271249,-1.520718921094246,-0.7768541529433248,-0.19276080488145203,-0.7842256430298717,0.545200605772881,0.754817936103819,1.1434444442680558,-0.03025505031185389,-0.5248186233157829,-2.080125875339737,-2.3594102076644234,-2.6960005914599448,-2.472795445821747,-1.1062700054305725,0.08294829178737753,0,1.0662021356892936e-05
0.9824673768654364,-0.17012206573687966,-0.9697250942109138,-0.8461391705235982,-1.1063123595973623,-0.42972327236434854,-0.33466959388499606,0.35504326760477484,0.4939568303908022,0.7889118195660222,1.03204195266781,0.8967409353434451,1.8294611338646527,1.17028675142723,0.9301693713493643,1.0576662596655604,0.9426386869659666,1.110378395286717,1.2069248343902779,0.08657585138758002,0,0.0007591513363013335
0.26012414314474325,-0.25643254771656415,-0.8048793663805138,-0.03433178006838189,-0.7576545784971254,-1.0364069189915461,-1.8994495748135822,-0.7512150983460445,-0.28075166783761335,-0.7704167429589696,-0.4948771564897213,-0.6502425447103612,-1.2436812345377812,0.3586972473195721,-0.45847876654539005,0.2627168617869605,-0.21472945829556409,0.8025954703978514,0.007384278271653021,-0.5826161185130513,0,0.0004244101214146411
1.2863151088030182,0.3933815749803343,0.7993569812336394,0.6629989863143224,-0.10650314147164175,-0.35192636133677196,-0.4441323162123219,-0.7255465217832391,0.4036892125294992,0.8473276246033394,0.8399126905585776,0.17334961737801946,0.8562648019785354,1.308771545304969,0.7659441882345184,0.6437387526285261,-0.13661924267015194,0.1858028082682815,0.5268116616827354,0.6755397581460618,0,0.002574303667950725
0.01393168146742249,0.1814333200138032,0.3638173782831081,0.49004155614409867,0.8406069337067824,1.7136532897399213,1.4722798401359545,2.597263270461592,1.7343139976029782,0.8315323519853707,0.7050820924823331,0.9226378476631292,1.0983485836427445,1.3472375467238218,1.2626351412341612,0.9668038044185572,0.7284255335647827,0.8929737117377718,0.59895318254345,0.16156074596847556,0,0.12706159985459622
0.026137078382089878,0.005069720534489959,0.11655518077841082,-0.6864475952492279,-0.868876404208825,-1.077443174049682,-0.9019793885548533,-1.484888776345883,-0.5811530965752263,-0.19609024185711013,-0.6767723198702166,-0.9539921431371788,-0.9679372774168137,-1.2220340689285398,0.3693838535659,0.10172371649997354,-0.37820566614935297,-0.2501451128248509,0.14620380773414482,0.18803541931085715,0,0.0009609130892898932
-1.135816549884933,-0.13506827453778214,-0.9024968285958062,-1.2426406502541558,-0.21554751565744426,0.6430950691626477,0.1092001214809229,-0.8046162116047144,-0.7623632002259363,-0.8134352920662951,-0.9165036814104309,-0.4682345081824664,0.1851561913847361,0.7195323408938901,-0.5687181647416789,-0.2189815740968079,0.24378213669893078,0.24988693780789506,0.735402103757024,0.8744204267862811,0,0.0011519947791080816
0.2359399211535933,0.21817177187149628,-0.9590391977690575,-1.5366161772759452,-0.575012417949873,-1.0066814700366178,-0.719042023264813,-1.0019618771852192,-0.27258026495168014,0.9171756903713969,0.6067003759794323,1.1341827346615783,0.6393009628920208,0.8224650550708921,-0.2154109776056924,-1.0701608517314525,-1.2728750280893453,-1.5622308843846524,-1.0620787131619946,-0.8775302330476746,0,6.12497416779268e-05
0.20534196458709938,-0.07291020047173634,-0.2427239865223112,-0.4072194523936105,0.26189649966214196,-0.32684582568432613,-1.1263111393517646,-1.115866600141891,0.22693888673917217,0.16232593911153093,1.0176873033425053,1.8048142482077316,0.8250777458592279,-0.1812466341373094,0.4989641786703727,0.6592519765124792,0.3103953918930841,-0.25102200525295987,1.0874223800195866,0.9817872801734575,0,0.0001141113756608167
-0.9836803258444293,-0.35917441152522545,-0.7950757028866633,-1.196901632669174,-0.9391319465522284,-1.2447351006972456,-1.1656180497314774,-1.3311237927653767,-1.3171118758262383,-1.2013925313960787,-0.7802829523877969,-1.1072396739588264,-1.2374491345825507,-0.1430740617171876,-0.5077301920803398,-0.21279578410565042,0.13685219314608124,-0.7591339365216081,-1.2602355342864804,-0.7655653409449882,0,0.00017888439739169204
0.8001499753796905,2.279841139502687,1.8164848307998611,2.241937187609208,1.0800261849056778,0.7931430508359198,0.1523846821340559,0.10367056485041055,1.0290300951985967,-0.6676299539144802,-0.6424020999184294,-0.38200285489362623,0.06954522876424132,0.32930042968043194,0.5156057283263833,-0.032108050871237914,-0.262444215191897,-0.23054997523205406,0.46685950446789687,1.0358722839916488,0,0.046852896776129
0.47376002032470144,0.26570235533864556,0.091818533573125,-0.9971529700841973,-1.296013430006663,-0.46154792385834603,-0.3416829781180983,-1.3820391083404886,-0.8445751410545471,-0.9043428933117167,-1.1713870144396636,-0.7434490751696653,0.3824556455279141,0.7420481708231005,1.177746436651431,0.4855914807181088,0.30108015993176046,0.13113191445493022,-0.10220485296860514,-0.21794857110407226,0,0.000801368010097017
-0.7740991127214093,-0.5677985608624261,-1.263280858772825,-0.2685373378711727,0.006263172783437066,-0.19383393298478765,-0.09531049652778871,-0.6091728089762267,-0.23478843331213514,-1.2827199620015373,-0.747033370269297,0.329626466171881,-0.28512497949380305,-1.4384339478169152,-0.8360936022146043,0.2249857165842185,0.08624191859564233,0.13961953761074383,0.3448982506435461,-0.032149433927450635,0,0.0003973030347084949
0.07110167610386126,0.13788871712438994,-0.1268190854790187,-0.8685970459586605,-0.2446644909375872,-0.13608076505092975,-0.0425868868647081,-1.096725226588199,-0.5077812330498409,0.009806184048503213,0.6733317900822848,0.17035949129269984,-0.7496289953192659,-1.016499300710814,-0.14522998544256546,-0.5451222224136505,-0.026273599438716023,0.18804366190105937,-0.36346143834985817,-1.0730442759367345,0,0.0008222647936581046
0.24956486965153818,-0.8164200762870598,-0.3891471110387874,-0.9837919515590197,-0.6503101057231417,-0.07182068408474039,-0.5502366539580924,-0.48172237779763327,-1.4301577230863145,-0.9431224413126155,-0.7300708945438439,-1.418862628053511,-1.97180026647932,-1.472830263776563,-1.7102369706982392,-1.6737482082959412,-1.9696593506333748,-0.91236409793868,-0.09579500818216491,1.5313379271526624,0,0.0013324612683232103
0.01266737008987608,0.3774450709869536,0.9481966243606067,-0.5348074436414181,0.3238537857633531,0.9433345177154451,-0.36421693360820356,-0.18905684922779264,0.6038156993168625,0.6069950799016851,0.8291039733256275,0.854133930459212,0.2166531199660881,0.600045407302358,0.21694814909095975,-0.6914470329236974,-1.6506682656019906,-2.3450011980341436,-1.1915468005875796,-1.1061198157445291,0,0.0012095840097330714
0.670572678223783,0.6395766054961799,0.9154757420252967,-0.059174467712442315,0.9033975514872704,0.7286521261728129,1.4937476306234145,2.04110453895503,0.5870401777214124,-0.2064814372836114,0.30987728031606765,0.4015163065012253,0.1717313535746833,0.35546956679668923,1.213139956436722,2.325438834443592,1.8482234587612574,1.8337776042091365,0.7817461408222232,1.5220155264805866,1,0.6267870595276521
0.2568128680258384,1.4096839379768236,1.3340411451054788,1.015411386994477,2.1127651594717336,2.570739765028286,2.311525973346084,1.0099609717068376,0.7352373299308352,1.1590530299489172,0.4435443381489029,0.3970746662203815,0.566715525145506,0.5022775068646013,0.7361761514811545,0.8433407576704799,1.1218830702325784,1.4401637088211254,0.6673861066511524,1.3907599593915985,0,0.7459282565397238
2.234760214923313,1.5621200306220897,2.061030059215634,1.336228633432451,0.13452411991340085,0.3279154553844922,1.1537873501857936,1.404677501104394,0.7789107929283497,0.49532351660752666,0.9696178482166717,0.7729960657027235,1.2994080231872225,0.816528765609481,1.1419258991391479,0.5807967240971428,1.0843271541767932,1.2666649059829083,0.1562020471905045,-0.5371712121738934,0,0.03490152351680443
0.07561945534131874,-0.2439462588789032,-0.6735303094592058,0.11818148954720945,1.2508661753665566,0.7982860452086827,1.9065332069486065,1.1720205223333757,0.44265976551772035,0.4123055375683338,0.32219093481293604,1.0313735001424769,0.2831899431999533,0.23234957762651828,1.0582778904256558,1.3488045150141057,0.3433522059270791,0.783528621606623,0.647011933009415,0.6133644447680928,0,0.10123660113201051
0.3265277968752722,-0.04612008770592791,-0.24533863100456832,-0.5408577997911319,-0.564245710534251,0.21341799308928672,0.7454285560707482,0.2588820466848916,0.14519295227996354,0.68777226887919,0.5654073237079488,0.26928583337306244,0.6160426923755078,1.2006606151728676,1.5196452734781944,-0.17420078432578645,0.8663273703539254,1.0394918949614569,0.7317807589064481,-0.23760179866651607,0,0.005249027719616657
2.367092225260963,1.5752667991951128,0.8419497416025884,0.2937054317423222,1.2022219781355066,0.7534843760840381,0.3437519923660338,0.7073781633201177,0.277336372377059,0.8692330697455494,-0.16873863638350603,0.4159026434082052,0.3352789092059647,-0.10519520674537139,-0.04248895475633881,-0.42901755463174285,-0.9399949637429224,-1.03515475023326,-0.5721429525362949,0.7494905978725184,0,0.056715754088029015
-1.1504980671114013,-2.584620452583323,-2.6206536120084114,-2.780354715393794,-2.4634144604322423,-0.9795224353221208,-0.7646205327359846,-0.6949778941112931,0.5434818451087797,1.3945088102872516,1.954577085734266,1.8102075771344424,0.7461342389703401,0.4229084899870743,-0.23519316138140373,-0.13344578622388256,-0.05341445842758687,0.8405221891392485,0.6965146861678069,0.49435667931253,0,3.4758644610906396e-05
-0.19800459268706477,-0.09666567393828487,0.47902748723503147,0.16239625582397593,-0.5110439995584007,-0.36368111778387646,-1.3369761386547492,-1.6168348542426019,-2.794440299464185,-1.6863083592599029,-1.4754997084722667,-1.9054805614997061,-1.7660848742184039,-2.44409067976059,-2.814349529146451,-3.0495555587926635,-2.9557337843646874,-3.3413568599937906,-1.9263227624477677,-1.0306908862029902,0,0.0016114591949935744
0.7211321243749821,1.1166928676932122,1.3395775906839573,1.6225559691740319,1.2791078237154392,0.19870338361033918,-0.1963275233866363,-0.16893152876108902,-0.004707192713295715,0.5565350555283852,-0.9157978799413503,-0.4446935837701622,-0.004480004999102306,0.2015366811255976,-0.3175433966791942,0.35502332240801476,0.716443423749193,0.2128475737095879,-0.3368481791361971,-0.6013819322321713,0,0.0043125008190573865
-1.2327867366052072,0.27459812963076935,-0.8130477817737017,-0.7163787401441115,-1.5213496795497832,-1.3726223461357223,-1.1592772682510013,0.15584170927588858,0.8611756222356755,1.0639311006654386,0.9279212858119781,1.0556347726866329,0.34048766442362205,0.3661482061423742,0.6921779435218911,0.5788771297300508,0.7957635670238411,0.23871233411616377,0.15435944341322852,0.4592865254622561,0,0.00037708837607765305
-2.0252814843272415,-1.6538782646163068,-1.8601617267015138,-2.1927302433363964,-1.6776392906229336,-0.7467469075995904,-0.28305326863615604,-0.3433684082534066,-0.1656780941327503,-1.050149372003973,-0.4879418658355769,0.5438933298852358,1.0912557418047597,0.19198906420352269,-0.46225501327259455,-0.04438777452616915,-0.20097446333460955,0.6096479553449321,0.5524015648818583,1.2492583076475279,0,8.909589876841013e-05
-1.2449870446800313,-0.9457814466394293,-0.28741991123848204,-0.7095057770966613,-0.032271028426099274,0.006455589434079496,-0.6626078402827763,0.4614710192389208,-0.1747814393672309,-0.16272636533233767,0.11207826327269933,0.9712975704665807,0.38861368878051294,0.3291560697963806,-0.43237007863607524,-0.8107412318727871,-0.6829397258797453,-1.7137603308046467,-2.722098651367081,-2.1454738154030113,0,1.5034405121852117e-05
0.8628165618311228,-0.2559146144197109,-0.68114441911342,-0.9774424807942763,-1.4322614869457142,-1.3223569042638137,-0.49744374732982755,0.016853894949213535,-0.838678456015808,0.12750045164460166,0.2042566373847664,-0.4203573610335255,-1.6210949774725967,-1.2712297974332252,-1.47535981956575,-1.2765469082523304,-1.0204643410780145,0.24875429085114073,-0.11090876951536255,-0.12491090032773859,0,0.009311264698155419
-0.1857603575497972,-1.2796499649009172,-0.6826140710581287,-0.4454487518321448,-0.3184056428199718,0.19815880100439925,0.39595617252964804,-0.17232555970789487,0.681455063177344,0.22101565881903182,-0.05390348630217485,-0.6800867628443553,-0.2071376901401807,-1.5200796829056,-1.464882957404071,0.4790401457778873,0.6168303882694177,-0.11219301316550248,0.5035736965888203,0.03485709984357445,0,0.0006875513592700242
-0.2560482384843283,-0.2775258540768605,-0.13820741646877407,0.25974219136154175,0.8794420112853661,0.05021403914208585,-0.644619864647458,-0.04605726187375187,0.32698766118809847,0.9033761643819999,0.3601343435282331,0.8025326276325959,0.018621694530261863,0.3865894574194445,0.01786824271982914,-0.20906192832616793,-0.703279431235627,-0.14106913430780027,0.017257792261911136,1.1857534714660949,0,0.0005771043764440695
1.041732579509868,0.4469383291794287,0.5715050036436508,0.8104718582229028,0.6308164876101323,0.7426304202616408,0.8158214893974357,-1.134658363388091,-1.5225043053872303,-0.9591745604959985,-1.2429175155014445,-1.4121253742349087,-0.7010809563753705,0.24740253305164286,0.4332874345361777,0.13702896283390945,0.30675602761192455,0.4895204773497961,-0.5612217777324319,-0.35337987204920696,0,0.009004872702538932
-1.5068470805590968,-1.2466899184978786,-0.7608918377749612,0.8241268586232599,0.3515465717547992,0.05707081615506304,0.6936343639203253,1.8299669536953729,1.9942658899903878,1.7497583361575877,1.5185186577822423,1.9570155597583512,2.5011164424709387,2.7717141000165673,2.394974498655501,2.1023890151973754,2.470997915517848,1.5926579776266003,1.203935296013033,1.3006870705511786,0,0.05193813340135133
-0.11738456695656191,0.038910044150195895,0.9001753916883481,0.9850370007314007,-0.2579718327238908,-0.7884963932342011,-0.5795162035995398,-1.59853957437914,-1.2739629744479117,-0.9508605978410053,-0.27338163257155923,-1.0791962937841295,-0.527505989771456,-0.7235684997285295,-0.1450927549549192,-0.2399949034671552,-0.3171522682743217,0.7207806968090463,0.6902731890191365,0.8157210540781211,0,0.0015615974182860953
0.7883580742476874,1.994309086202713,1.4124747048052602,0.2016221710895072,0.2048550637900763,-0.00388812251165215,0.4104340900650781,-0.12463266662623082,-0.8250930498394657,-0.5310615564035722,-0.9188057167100091,-0.878697832199541,-1.191394507074905,0.20946080360875868,0.7558536173723842,0.8977439103510508,0.9478160916731961,-0.037794898018196334,0.4648610613470722,1.3770033573775708,0,0.22240810285591062
-1.106393900031537,-0.9159380180910786,-1.327325849463062,-0.7953163679637135,-0.06180001563927218,0.14696865193309683,-0.08910534772810566,-0.3544105593298676,-1.118941484659974,-0.6563493589066943,-1.3452788418950448,-1.8476967440328635,-1.1803523515984087,-0.16781553032812765,0.21736369559761998,0.3197800802328659,0.8703130992534138,0.41702233534450295,0.25078231602123124,-0.9294339293673625,0,0.0002512161925974939
-2.2685348825213283,-1.8744624319768934,-2.6360238350211764,-2.046915501000391,-1.4688796872214849,-1.3990640798446017,-1.6718593682632001,-0.9009987179457852,-0.2866704289952462,-1.2783290292151255,-1.789659917844651,-0.6798386206747158,-0.6086983402023742,-0.15617708002782846,-0.7678105802633639,0.273153787485941,0.5379856083491994,0.7232966829809782,1.3578997209393626,0.7196484442862028,0,1.1555216701805318e-05
1.0272684073992182,0.8838774965497171,-0.3432074538562431,-0.45275158832772944,0.012519847805419653,-0.5150031530104335,-0.20227853099808588,0.7042059840536327,0.6209673570279787,0.17668351263756382,1.2248874480510679,1.527872875121824,1.9092737583140271,0.6227589648032051,0.7208064500940639,0.8295628781826382,0.8311696589541869,1.6994953771243284,0.9866744902341176,0.18805030514398352,0,0.001536628504129833
-0.20968585008361035,0.4382205473277715,0.18732094548149852,-1.7223404090661427,-1.4128111141996138,-0.9910885150818958,-1.402616606397543,-2.200005361412751,-2.6810340404792745,-2.1142736204815424,-2.197595952264841,-0.989555472659537,-0.8386777864853642,-0.825180892257457,-1.3303514863760135,-1.2255133928062583,-1.596248619522823,-0.6951931356922741,-0.657092886962345,-0.47892655953584706,0,0.00018205000065082738
0.32673318566370957,1.1766897593252457,0.3314000376821075,0.4554543863559936,0.3384445809682822,-0.30390195766096134,-1.416436928329869,-1.5057218405157091,-0.8755986055528084,-0.70164646637105,-0.7822942274340083,0.34381158729759553,0.5805250627322411,0.20307016777102113,-0.9416566088604037,-0.7680954881516834,-0.8486587900817518,-0.779267028660481,0.25050453740762696,0.5077618863607816,0,5.161833905597561e-05
-0.8069658388751451,-0.966245874796088,-0.7737124947741991,-1.146902671510726,-1.0772371800974259,-0.2793250566277398,-0.875320241057295,-0.5335777290887983,-0.6091151749276699,-0.0847115574543895,-1.3082883225721569,-1.904492828639651,-1.3140416635693917,-0.6842011624942766,0.1090016451706955,0.040858447415570105,0.17519746604501416,0.2678281632984983,0.30360962956502474,-0.46306594675277885,0,0.0008051664360241571
-1.1656536467473413,-0.1624452632840947,0.05802297944088211,-0.026405827012759037,-0.47394341103939586,-0.6643511198222187,-1.239102425373702,0.487188679384366,0.7477597220262845,0.19809230484516197,0.6655999552712095,0.38816070924320145,-0.3540758889562828,-0.3672919929823327,0.20382111842751657,0.647293023543775,0.9315391217740395,0.23085296071120145,0.020312577715937016,0.4465385891775632,0,0.0018657227097537774
0.13972753944466346,-0.3010925532981195,-0.8810673021677635,-1.6017152753241006,-1.4209609229034923,-0.862297680676183,-0.7130062135958425,-0.41873124565500736,-0.83983357165723,-0.3323928596062561,0.6436270756810231,1.3209034278945055,0.9578867125136127,0.27941065899107814,-0.13914235661910668,-0.9695506453638871,-0.9944083407124459,-0.5576584179123464,-1.859904332266603,-1.238815009768769,0,4.4415773580666525e-05
0.5422882088609023,0.553057199812628,-0.31706216255887393,-0.43333576377778177,-0.09721851854566306,-0.3883763745245246,-0.2727004034362718,0.32764789892617224,1.2288388347041046,1.612418442537745,1.2467041376405814,0.6143370785526009,-0.36879381288080737,-0.9038306409060396,-1.4089920207577094,-1.3397021607552022,-1.5945024623003097,-2.4644272627171246,-1.2501235651384661,-0.7666316120996117,0,0.002736554045925962
-1.508767435410957,-0.5997873585118313,0.15811158861052382,0.35555804644992184,-0.4861949536465436,-0.21697219928864014,-0.3703483210711449,-0.8803358270287273,-0.9827125431830991,-1.2092368793031947,-0.5945985910849941,0.7536103884686675,0.8181255832818976,-0.009371237486112195,-0.5518272907443839,-0.8888821042262912,0.07402463855760638,0.15627785204123776,0.5905426864184375,1.1759548707781287,0,0.00043438159773881874
0.032416771322217756,1.0781761498912787,-0.07720880970678994,-0.5532521434401726,-0.621417104779483,-1.0937906514090052,-1.0380811736684095,-1.0231909441716247,-0.5601960561826805,0.13378814305674572,-0.5698340847310455,-0.6783568876366249,0.10481076722694316,-0.7286355835389678,0.17586071820927715,1.1723513508997945,1.8053091006401887,0.6617876110970915,-1.18122529919974,-1.0406860001406333,0,0.00018755389517211658
-0.11034324274274966,0.4124304878266113,-0.4763715155355365,0.03066279846058969,-0.08165081971667902,-0.1758702153331882,-0.6515263646879993,-2.2912677095761884,-1.9376197447453718,-2.496538985823244,-2.7398620179654265,-1.4118005035333359,-1.4205236074418182,-1.2456680130667102,-1.0052333164190408,-0.23839368428189667,-0.3378067481712751,-0.014407479206075146,0.4135837468786473,1.0014692951096702,0,0.0005711494628689209
0.7506285941209604,2.1980325831416567,3.0473461654716423,3.62962134616883,3.329456952942951,2.7975070319233533,1.8739528783263906,0.8414413808604322,0.33913873609637046,0.34377186688120226,1.124667042668193,1.4545570610552179,1.308257237667461,0.13097699403582916,0.6165228858682369,1.466305811367346,0.32706932367574115,-0.4928181538379471,-1.2981336941616661,-1.0678032810386118,0,0.007628085938149253
-0.2925750536461734,-0.5753005845789034,-0.30985265981627946,0.20532836996656276,0.22119307314304432,1.1831969430699831,1.1850450701592588,0.3782017846035868,0.33810676655549055,0.2594546962369793,0.6582237500131691,1.9409949076621935,1.633937165719877,1.1847129865631463,0.8510665734209767,0.9737490083233233,1.5547370726918646,0.794899583228875,0.004855600961866083,0.19589150438415448,0,0.003023286071028225
-2.3955253815061774,-1.367439744790933,-1.0677893425634186,0.056548170837256335,0.039164857273900365,-0.0692130511959061,0.08343254108514278,-0.3128182000962601,0.6685509491608153,0.5123206211558612,1.6129420935067282,2.08178303594514,2.4808830260343355,2.261291671873511,2.302587637155805,1.4342898236344628,1.54331989440437,1.772875396109896,1.2016354695581317,1.0451969178213205,0,0.0006054658460190212
-0.6877874034047378,0.1055905052541709,0.9837912945548133,0.19765969389315316,-0.9045182429466267,-0.8521829409692738,-0.16653747914584832,0.39744273817992487,0.13963429357929152,0.2765936526253752,-0.7128230084220087,-0.5897986369534317,-0.5202272823996252,-1.3925676910721723,-0.9843633797650638,-0.8690202058305715,-0.8669000445591603,-1.2980227828004132,-0.792512711956195,-0.7884344688625129,0,0.0069882506943332685
-0.07895986182371778,1.1434870921282958,1.4892938071204804,0.9523061454393155,0.6444561182598624,0.41487007578419255,0.7336086758521593,0.34774204853856655,0.1805401009166168,0.2498818437589334,0.9785863797204964,1.625649811692143,0.8167634354076216,0.6119959522752478,0.31416137240794473,0.026954151995748472,0.37120901244773713,1.0112142150695709,1.251743812565123,2.387933572039439,0,0.15109981674282716
-0.4111142136401092,-0.3839892083214316,-0.9085230174726739,-0.3459889790724564,-0.4888442950807001,0.08315515960525892,0.420466172751324,-0.22489054065058542,-0.4266765324788438,0.25178149396785604,-0.6080658878084038,-1.1447833123389828,-0.6944011722340301,-0.1517174239991537,0.8898920082072576,0.2696789608390899,0.41577294663017916,-0.21310934564021397,-0.1053332483321227,-0.7869585760388923,0,0.0007500400160004613
0.9633479208704457,0.18462305511080498,0.45068969401200837,0.4010357868572236,0.041434305397424265,0.5033760951112414,-1.297790863410354,-1.5743266975349999,-1.6564420087918375,-1.6430634330762666,-2.0087302487947687,-1.3294013224237085,-1.450945860608081,-0.949516998789713,-1.2756611528631667,-0.7782319791390887,0.4734352642888824,1.1265963904666123,0.31254926003797234,-0.020979326685298557,0,0.0023094055095092287
0.2595284729495316,0.20477929405421066,-0.3674852280042092,-0.17430426102393276,-0.2857895470956329,-0.02408956088160769,0.43635636265633,-0.011379698613271396,0.06267332205083768,-0.0324406431447948,-0.914954415540636,-0.4999092588008532,-1.3898706496104016,-1.0229820422424711,-0.5850522933031271,0.3233066009776928,-0.17123388295474876,0.8067899467422733,-0.18283479656040166,0.15276829653963586,0,0.017811294943958576
0.6622545434345016,-0.1117360144363193,-0.9206715920600157,-1.4318403431580966,-1.3150892754931995,-0.600988734117315,-0.5009895742750997,-0.11508451091283911,0.8006587503311714,1.587796802281202,1.270007707817605,1.5563858720231418,1.393482145324425,0.6008684766834328,1.6673829414324723,1.1276693793190407,0.8657184923768464,0.63402900482982,0.6368528450508582,-0.02300004968157566,0,0.00040042972392182824
1.0518382899507752,1.1898216236222987,2.7349779450206206,1.7873175020636691,0.1965102836054361,0.6416831568739944,1.5093599582736912,1.4709946846765212,1.3334703097422744,2.139334546349904,2.107538614911594,2.2001592429222856,2.605689123453269,1.3794677662654649,1.1897013234727054,0.7600034791400835,0.15891511726116817,-0.22299402770622578,0.2414970853629631,-0.5909932460853937,0,0.09184840138698755
-0.5198306008878913,-0.06302307313970731,0.33850193273938123,1.3374245139962209,1.8380312975539521,1.2713622386777308,0.40194940535375606,-0.13484750944390092,-0.8032528934203106,0.13692447827121534,-0.043625110110751486,-0.4321620461767249,-0.17312716687847213,0.5929655849885245,0.8334875879400716,0.3922476913734713,0.30671655753014576,1.1018454355403162,1.245063189026318,0.9176095353359695,0,0.01499525888876811
-0.2879932456973851,-0.7634941412359948,0.02353102413313909,0.15693968950380557,-0.21881156492233203,-0.7278444101465343,-1.4939576759427806,-0.7829724275643164,-0.3847061982158782,-0.5084074295796395,-0.9904163317017963,-0.7469176814428562,-1.4646207813867709,-0.9702048165194157,-0.8354016070775412,-0.7149496607512978,-0.839249091106888,-0.7356061112138105,-1.0989760639550779,-0.7601528211868709,0,0.0007971624195318826
1.2143886714035377,0.6443510384798727,0.3639982149981174,0.6968745783243812,1.2010511398545944,1.9271037366124213,1.037246605387327,1.362347478695488,2.0550865929967284,1.2595916770396365,1.130227756787606,1.5765942180310353,1.769157745014943,2.3469583168083332,1.9219784555756205,0.41405055119295814,0.7002477720147106,-0.03931772000391188,0.18192183662754605,0.8141758805047324,0,0.1566531997052219
1.599509101704869,1.1214419550530679,0.35276131176876435,-0.32373930661047085,-0.8616656728121816,0.21272565588574616,1.0391612537315813,0.9112798279794665,0.5432787420855112,0.21813125737696348,0.28309594366056384,0.5868642253954733,0.6888679443572543,0.16262761911644252,0.3193127939364577,-0.6815784017705148,0.19318956741689544,0.34774863360313096,0.9830072377696099,2.555748700266461,1,0.3886776317798419
0.7661178117183923,0.6533273155127705,1.5613429951094635,0.7667785751366901,0.6713375614937389,1.2123026438988702,1.2332388526225078,1.0002770483557637,-0.5037826645445049,0.26797178954371487,1.0530502689370358,0.9664490386458797,1.1436529629082117,1.632086838565929,1.4214944330950694,0.7736473579229202,0.8646839104123738,0.4559647735992327,0.542731544851628,1.521109192485515,1,0.6161476176703359
1.0272893792841293,0.6136412446456324,-0.27965573118980896,0.1194283746906734,0.26236077957540826,0.2369366568256179,1.1080766806645928,1.2389947704738729,0.9861677802534636,0.20488803391562047,-0.5562840787027362,-0.5425100508894954,-0.25505965520784746,-0.7202821168442857,-0.7305650807164824,-0.20392772692108227,0.4591582852692554,0.7215671328976344,0.7347499125802188,0.6461352259222842,0,0.04693164598085589
-0.1926433421561551,0.19541726043837687,-0.09183685780663675,-0.08104742934666519,-0.2152179261817944,-0.6451909187123875,-0.2806759708207228,-0.4433151894092392,1.3456289568150948,1.6050662763743044,1.8899973673854442,2.11664660658039,1.358918893088059,0.6945795914946147,0.6963285571142533,1.358625572347552,0.28871392879723523,0.6995347550400008,0.31877586378892897,0.5382570623622754,0,0.0008299277367302287
1.550477836519645,1.5715069855205905,1.3134701263867221,0.5046575629136777,-0.13245050284161647,-0.1960763128289903,0.007147184700344768,0.9019920640209272,1.0653438422418517,0.5140997235556354,0.19620969966290347,0.734826985277022,1.011562780416391,0.9517574389426906,1.688757437479963,3.1162524014177198,1.0268749933905135,1.0317929360525413,0.2511243583770691,-0.09826940206468052,0,0.018231766402884767
0.9395355955596086,0.25243277612883785,0.021613905939533735,-0.11794463686757323,-0.7204113502521573,-0.3785464692826474,-0.1647073476480066,-0.11165316614328807,0.24299147480782718,1.2121213807014761,0.9179871945237187,0.5266094840236814,0.5973113402013466,1.3184673872305017,1.3304739024566474,0.280286864448385,0.3133000375428733,0.013753642720241308,-0.8421288640226653,-0.811247676671981,0,0.001038185327171054
0.08024700613940429,0.8596135615262869,1.868638617156859,1.7429938399666214,1.5193396016052314,0.7223595067890648,0.26774348074620136,-0.5162205364823457,0.686852486556539,-0.2820251812063598,-0.2935986984384289,0.4954527067719606,0.11149419324569725,0.3421407652989481,0.6474267648607807,0.0947832627916863,-0.14506668142903212,-0.8900901939921108,-0.9359926474298951,-0.8626095471596231,0,0.004025275049608808
0.8877654376008544,0.6853183131738508,1.06047927799592,1.2029010691993356,2.215956026326615,2.3768911081048496,1.9897048710381944,2.3426136632639367,2.373209230021355,1.2813795276633515,1.3759235948630202,0.2828276763625428,-0.2324753414251729,-0.824938613194862,-0.6032868437174778,-0.5623498617952061,-0.12117282892299963,-0.6654761385710708,-1.110711648271997,-1.0546524732871292,0,0.03075098905842503
1.2455028500614382,0.08014811651181412,-0.2778565280258571,-0.6598102969364499,0.6343676030444919,-0.26625431204845224,0.3816874130601265,0.15533900554541474,0.13139977485391946,0.29673388677850643,-0.03197915238737166,0.5321459323000717,0.18645043272098977,0.24442412003601527,1.3991893355897431,1.4102285764013236,1.6058662129221308,1.601819541607105,1.1356241787621968,0.08483695426859174,0,0.0022685541143915577
0.4070912913393314,0.7890267445934824,0.24515551182773623,-0.01247577794249018,-0.021430308772736748,-0.33937270202298475,-0.09647210618783175,-0.21485314247209708,-0.21197534167604554,-0.23962670259470703,-1.3378604044115376,-0.5435024431802988,-1.36263749550921,-0.6297664831410309,-0.6740792288776852,-0.6837420151586928,0.24021714634335484,0.4553071994256799,0.1185398617822584,0.08943218390248676,0,0.010597511230275759
-0.2287608358047455,-0.6831920882795021,0.7425286933050292,0.25250062533152173,0.16923563454044305,-0.07383993405613273,-0.6230235417273975,-0.13249236705868295,0.2127387265689106,-0.646959958072578,-1.351419022955684,-1.8871837666709463,-1.4483455308375595,-0.8663140976034612,-0.575845193169612,-0.189989363237999,-1.09281154588969,-0.458396293161413,0.560595948484374,0.7724052331256734,0,0.005386017141527768
0.984544647832681,1.569538821349945,2.3994003631893657,1.4488631019475988,0.6256471123816846,-0.40116306400675456,-1.1810527449814472,-1.217133841103252,-0.2764927946216738,-0.7250329056948384,0.040806239529460185,0.7851324079590318,1.77427944147927,0.6688223346967852,0.36035090183321833,1.2497108776136217,0.5614857102656446,0.4256009278504716,-0.300851749821964,-0.6764047400809527,0,0.0009126801224206276
-0.33277045709166425,0.11486962757433371,0.2307248971534486,0.9479390930294831,0.9277853170512467,2.1161406643662497,1.3046451506330783,0.619348733101498,1.5374438047072827,0.7854149902238527,0.06019551333758942,0.8101778035731517,1.1510632536688523,-0.24590960666435435,-1.3475298215628244,-1.4149565210966026,-1.3731691640564345,-0.9434929418559689,-1.2665543825869012,-0.8235432579492253,0,0.009481160107257516
-0.666992166518805,0.2978931647544755,-0.11086710371632766,-0.15734424834446883,0.3299885019691486,0.33882655523255506,0.16208944656794133,0.3778338642727109,0.05599810002805191,0.36587649444000797,0.6398606097284516,0.04316716732917931,-0.06234054671042559,-0.15131468080515723,0.17490614464867862,0.23777891149999633,-0.4517510014089553,-0.4853812423086541,-0.4306758584981851,0.3007701279001703,0,0.00476845563516763
-0.6981781121968343,0.6180716797030106,0.9361349831622372,1.7443977262875308,1.5030221315259222,2.203281813677087,1.1677071485138466,1.0755869485778005,1.5402675646521848,1.0147346900606709,0.9742316042197046,-0.8784873943182153,-0.64542864370878,-0.5150190297715801,0.0979407894777199,0.7509990945057151,-9.022819532165623e-06,0.325652904954723,0.6916078224640753,0.8159039128539382,0,0.15892995631939547
-1.748529338949786,-0.8624283447664894,-0.5603468075358101,-0.16405861405583527,-0.01282409114944465,0.24381286756986223,0.1258182164967726,-0.9212226785570852,0.271158277564237,-0.10218819920369362,0.20499235387693546,0.03768068031271406,-0.0524798192277247,-0.4236764837261144,-0.5779058373310725,-0.6105181495492552,-0.6125478006117818,0.26908472698813546,-0.5265036270713455,-1.0264382639368594,0,0.00041734455727313177
1.3854303572021345,1.1718151691977539,0.7649491451298401,0.8337149346142291,-0.4301949291636739,-0.8554315101533119,-1.7402478894677793,-1.4592050655633944,-0.93977326214384,-0.5672207842848737,-0.9022607421062119,-0.3144496866338535,0.8642083801439682,0.24666849299031784,0.11172248687031569,0.050431391060795916,-0.8738445280554088,-1.3899753496329228,-0.7060857363774902,-1.1434310327981994,0,0.00016643236831368204
-0.04506264832507677,0.14987492302083155,0.951569346128277,-0.18512270488717947,0.027468800183317262,0.9689647345232597,1.543779017811871,0.793251783344521,0.26155567467780155,0.5757640350891179,-0.23403411813155198,0.5729807349751342,0.4679155239978703,-0.5445209297292464,0.19442293162329852,0.0368804708881669,1.1507759911044624,0.98547553731644,1.7667410534444057,2.2737261228745997,1,0.2021783257862076
-1.7305070807352543,-1.8189164590043205,-1.4610703969161147,-0.8366226052349606,-0.3860644814435705,-0.5118940005864315,-1.5359475219643353,-0.748594834990301,-0.5925787748848632,-1.2706642588192791,-2.151895171056623,-1.3233200941967689,-1.3943892531465045,-0.9228562697564519,-0.971169351268313,-0.871623238838916,-1.5602168390997735,-2.5851791543305525,-2.8874545874856143,-2.9151870687427532,0,1.909012031010627e-05
-0.25552221517643287,0.7437282304595159,0.9195618396751967,2.220820667954642,1.5133414488957477,0.820596459940497,0.7626569748969897,-0.3075465047427422,-0.24185239056931288,-0.12595046716291572,-0.17293531080112373,0.4438172317124096,-0.39944401955048886,-0.8350796791696893,-1.6507366094858946,-0.23454779019978553,-0.8312157555830966,-1.0542218029681665,-0.9387165206547681,0.22074960171726538,0,0.02697683853675989
0.2933452904354695,-0.23537578300313405,1.029051058294294,0.595098337610866,-0.2769351553761204,-0.13710995797626926,0.08403083806303559,-0.4643452562441791,-0.3376562255767793,-0.35768892887532905,-0.580221689241131,-0.3450656919389914,0.34117236934673145,-0.25827814077498157,0.05280986821300264,0.7214587637330008,1.1874623444512782,1.4859896578891647,-0.2901745670423067,-0.19736231457913928,0,0.002632818461386924
-0.9331637610256395,-0.49453996767140773,-0.326818225185693,-0.17632837674063104,0.21718690101635252,0.7954095402938586,-0.5779915807386609,0.23362046749853527,-0.5299886758697681,-0.0689455625413173,0.3154191252428147,1.4924046319074813,1.6701869670432412,1.5020419940934886,1.1336445221473919,1.0647435395454115,-0.29737552523984445,-0.5902748436329538,-0.990701208336963,-0.5286212341432268,0,9.545902918494447e-05
-0.7499180762505915,-0.5753145314737209,-0.5494194220642323,0.19986554973913154,-0.20902562565621485,0.1421252809445717,0.5828509359350726,1.0160225273954695,1.3756607301457715,0.9698627213165443,0.2484078463574116,-0.10759345462390874,0.792286646840384,1.0721456472436273,1.1452991657253964,1.3019496530614445,-0.008802518480296598,-0.2197326753108995,-0.4993994311553999,-0.9592418556226116,0,0.0013231540282842619
-1.065021147721047,-0.9156532800710728,0.13026656159983147,0.5206219171913462,-0.5976409046656934,-0.014586082968070705,0.5342826669369589,0.6212326584468354,0.25834603999520284,-0.7956434412144988,-1.1143783728251975,-1.3045564910720997,-1.5369012773698494,-1.9896544798797764,-2.232079395715183,-2.8685224916635756,-2.3240558858575473,-0.9834859013916222,0.23839848525325127,0.5403123065907173,1,0.17320640155534292
0.5007534104742001,0.7520165929935646,0.5722024888016923,0.17661059261805845,-0.6217490619911868,-1.0943505437543068,-0.12247637401152384,-0.49505790164877056,0.04170646699276718,1.3374468460469182,1.8268996643950126,0.35806113735967754,0.16803090183822944,-0.715513646116133,-0.17402728324887526,-0.7462848405522688,-0.7310690191349598,-0.6808457615905286,-0.818389189145234,-0.11854451366702098,0,0.00316592494632042
-1.290865259461598,0.5778545140630844,-0.4933319167083632,0.35802167397757695,-0.11754445840982301,0.21796038962437495,0.2431464574936627,0.6784135877886627,0.6618144380170697,1.4173906156958194,0.9273888357027399,0.8906932667710884,0.706691665120064,0.5415868811041071,0.6499291241780409,0.17148016699369253,0.16280249592701607,0.4325098615067043,0.5273842700623357,1.1274667708467299,0,0.004291767104548253
0.061399365450825326,0.33605909255403116,1.2374279854016166,1.8792385049246514,1.2087339625252713,1.2775342530477445,0.3268522486141282,-0.2691902730320324,-0.2482964239749288,-0.19689285911012983,0.41717901650940514,-0.8253492748719292,-2.1108367516921187,-1.3551658039233736,-1.267597845878143,-1.1689335740619258,-1.5085193234706464,-0.7315221243271168,-0.017098065713501934,-0.4560576818488259,1,0.18723485993487685
-1.1217267005464306,-0.035394363571910614,-0.05434246222919616,0.5154781830468207,-0.04914942056038759,0.06179379073501387,0.8111939405877185,1.342349082115415,1.5814163287876226,1.574912864608215,1.6451350475076123,1.2281844746397634,1.3602649557142388,0.776184931202161,-0.1844963413043715,-1.3690970717562356,0.3166028911581988,0.6123852731501989,0.4494750023983805,0.8851086514915227,0,0.017933112079237378
-1.3584890682664892,-1.0586148660562844,-2.671475623839749,-1.072018173278862,0.5196904381889323,0.8453657571803147,-0.40744308782112904,0.5852086495706641,-0.32978923969207735,-0.8646996357954475,-0.20221299399497084,0.40129800520263453,-0.32315505875707873,-0.3628299375786799,0.1847351136023611,-0.510843727258814,-1.4140986390768249,-0.8549521526114437,-0.8870571970477718,-0.25775078844810906,0,0.00017240175527274957
1.1032390833518124,0.730234196473639,1.0757781854247528,0.6370076046929011,0.9989451374851848,1.0647720086717256,1.0346007112052351,0.754673796303004,0.8141528206512347,0.2323564680582803,-0.19909473096860594,-0.6895478687409531,0.19596887378003847,0.7187533446869991,-0.20126943080259593,-1.338050416948336,-1.0727863327591811,-0.290722298146367,0.35772097951311993,-0.07690176102913139,0,0.2942126076953953
1.0911273605749685,0.847526874421334,1.0261675399246732,0.1353781789044192,-0.7297260197412142,-0.5760452395813294,0.34954316460744894,-0.7459335293843088,-0.6589939763218581,-0.6529340329029577,-0.12163737443052026,-1.1511338573222154,-0.5826053713647281,-0.6368613823967465,-0.7425973564859766,-0.9575331973911322,-0.7819126571114816,-0.4764739057245596,-0.8988347574014259,-1.4980504046492955,0,0.006689112754191661
1.3774125690094585,0.6356454458550476,0.680720601112443,1.0492048511741223,0.04990627401167049,-0.3429845709903506,0.02547971698177921,1.206709094621837,1.9961020704397316,1.3240239869162387,0.955088077430418,0.7411594159257817,0.17451402346865025,-0.21814024613998523,-0.2749974087357591,-0.32940082005834614,-0.4959212954565497,-0.4766200966922907,-1.1984868092227832,-1.4837447269245725,0,0.005016717184945414
0.735717688935653,0.0504588736902667,0.3644073446377837,-0.6220045958380962,-1.386111284420252,-1.178393285215614,-0.11182888244692503,-0.7050851831839214,-0.687246089291858,-1.6115353031029893,-2.0306072517988127,-1.7791066267243272,-1.4978003775713784,-0.8458525919679158,-1.00809784607023,-1.6514848235510187,-0.7110724913894165,-0.82495183637382,-0.23914863100379646,-1.087983954306573,0,0.010222378991566802
-0.7780761105721434,-0.5715496044244941,-0.10729144982352323,0.0072831085314034715,0.09397329185260411,0.6162237975929944,1.0345658257319323,1.1374892884868257,0.6141474930435025,0.38013809199493864,-0.48309207330230586,0.0898371185848983,0.08370599240893287,0.6344437899747173,1.3032747199145194,0.410615300614821,-0.6712508653420811,-1.1037289254048364,0.3368838294153255,-0.269713305742912,0,0.04145124077513689
-1.5439479376689884,-1.1702658706256461,-0.7523035271384015,-0.7039404768471527,-1.9055398219777802,-1.760458200371879,-1.1995773301758241,-1.221031989920441,-0.31972585116655955,-0.6280475905407449,-0.025047249154837168,0.10176466258428192,-1.033703785348125,-0.8207334719365829,-0.9335659393820892,-0.3584844078074928,0.045108693958987596,0.42816017263080447,0.3648287509945424,-0.5196505115270684,0,0.0002482581371777247
-0.38444815159657525,-0.7701525413461864,-0.2520366137611765,0.29973721551669563,0.6409030940354973,1.328835115206801,1.2093861355072009,0.524492375295297,0.47465666310241583,1.3525806048230742,0.38487950907850665,0.2993881376898541,0.14052310411623367,0.018782746847855872,-0.382981425624161,0.22524872712847394,-0.1772807429054236,-0.29499927255434294,-0.9604250180274788,-0.033703693607802204,0,0.012020005247140158
0.27815783182131176,0.8189607333691236,-1.1887108366215426,-1.4042395390387234,-0.9251050483217309,-0.9190495880560134,-1.2983688905371111,-0.33706647117664,-0.5546711957581015,-1.0187254475899823,-1.3605637738319998,-0.3698128720355067,-1.1458205825133805,-1.495576121071603,-1.2163874919642652,-1.832580481626244,-1.9276430227193002,-2.0587801068020983,-1.4438035315546003,-2.4954437227195365,0,0.0025658289125522434
0.6410308596542571,-0.700570289599637,-1.055440111378201,-1.1215483115741156,-1.011463554956278,-1.2013536379662773,-1.1486981758381556,-1.6180908443502777,-0.6358322122103512,-0.06513053025591349,0.24569646552962462,-0.47699999349152333,-0.3226460714825322,-0.3415886828182358,-0.2470259279755075,-1.3749511465853326,-1.0306558979515286,-0.8014146137107414,-0.3292488411382961,0.08393810822384244,0,9.813359564419364e-05
-0.10437863159086504,-0.6244887174505787,0.06116729297397631,0.2026129883259699,0.30191886838262766,0.2927481794561091,0.6561838098834532,1.5127005909804458,1.175612989319308,0.05616487618606908,-0.11892633811062357,0.6679464073685412,0.07890063481104735,-0.19602668557645164,0.08710738867910113,-0.6676976534668725,0.25389995113707814,0.7444190047947195,0.8274805347040249,1.2975005858603637,0,0.0595471066461252
-0.4960183689444768,0.18356260689437115,0.4838836561101219,0.5354874810989532,-0.9544676191885431,-0.277813820959847,0.550715224313534,1.1746812411267233,1.8951162907635792,1.6111033214519526,2.471612455438609,1.5174597899310662,-0.24291003526658897,-0.1740781185664014,0.8892952056883451,0.5679566405265373,-0.5946940690324185,0.031585037632614305,-0.5444819967854636,0.27646039215863416,0,0.035954771438932345
-2.102060589982489,-1.3138326853948985,-1.4807650720389902,-0.6995656994719225,0.1357507006156151,-1.3624473048805328,-0.580903307134006,-1.2443491629782175,-1.4195644038119812,-0.6445845815463944,-0.33452943301073207,-0.7072397496663757,0.12796835917034538,-0.3034105716613253,-0.09226207341026013,-0.32075739222573624,0.08888066575391658,-0.7300184148442516,-1.2145716989897426,-0.986458776655504,0,2.316945269643145e-05
0.4180860393178645,0.5709136063114655,0.42124269911853457,-0.1777999176334565,-0.7382381643085221,-0.47377307374383604,-0.2541296298435559,1.892418950891344,2.023324300974167,1.418409032846716,2.155863726050232,1.3417693534153905,0.6093055386832442,0.006453128589362069,0.7084136561115715,0.2036416149425191,0.020729150698756745,-0.28491901798588604,-0.6067816537717373,-1.6266127097108074,0,0.002306363718369814
-3.367532649781331,-2.4166086480397255,-2.2364256876227486,-0.5617107064129533,-0.6792594995000045,-1.3409638478935415,-0.8221672373045059,0.2192141840658596,0.0585760737297798,-0.6852475672470619,-0.04606087398661532,0.31749706053747145,-0.17585272601840063,-0.5181978698729973,0.690314715755409,0.6829349723647824,0.20858063496382973,-0.3324631149208014,0.23869892751063915,0.034796201355794754,0,5.313293841549505e-05
-0.6467118134159199,-0.43873630166209987,0.4678155688349012,0.15953462332158375,-0.45399324858177487,0.03724737881645579,0.8736642566615843,0.583398238400083,0.11956900648965009,0.7281992176784496,0.095112368040199,-0.4353691641771577,-0.20650627251731557,-0.1156206095847262,-0.26259311987667217,0.7939939995156776,0.2534514688300283,0.1863244323206108,0.3088248957535959,0.31620019430606217,0,0.022516875814762978
0.5506129360320013,-0.007841889354991497,-0.15339868132732323,-0.9402037952558585,-0.17881103286460795,-0.6934907177739875,-0.8028852209447354,-0.8441448639751571,-0.06239120285158078,0.5708985049158716,0.8271698735120264,0.8266749782483543,-0.3760472789558063,-0.939878400270779,-0.5822289977591346,-1.0234989363198332,-1.1903824864163248,-1.065637262235332,-0.48153386667600423,-1.706425242332187,0,0.0023413314564682103
-1.4813520007394876,-1.6876153964320058,-1.0336814627006115,0.437070171882453,0.11753909228927058,0.2026343326143476,-1.0662944994522314,-0.7626446485396647,-0.0793876889413397,0.04684559195429553,-0.9092143082390058,-1.049359193961749,-0.5485368127501268,-0.480220141722231,-0.43339797330968394,-1.298734876865066,-0.15001725064904425,0.41857221617956536,0.4425323261678753,0.2893112676625499,0,0.0001764834030397043
0.24977420379275383,-0.03179403435938849,0.05578269320143355,-0.08758959239025053,-1.5521695931644055,-2.38630579305357,-2.4714521383426398,-3.031113475241597,-2.5681026477097872,-2.784190217305978,-1.7209742540769761,-1.9533284451607464,-2.3568128610011536,-2.4055391024096644,-2.141222691416723,-1.4610021599465968,-1.4765541020770279,-1.654725277706502,-0.6109743931240424,-0.461553144692519,0,0.0002794803842357867
0.17779896672750972,0.03150876828022344,-0.42421129356776255,-0.8191604255337891,-0.892572415545617,-0.43354089670137624,-1.4651759034522864,-1.4198114169548754,-1.8812427100942293,-2.213173113733853,-1.0677624192107997,-0.8475761678699176,-0.28044442896494354,-0.6838253423302447,-0.28757699378178714,-0.38419895606052157,-0.37257955370013307,-0.8647785503563713,0.670110217064732,-0.018609393930119743,0,0.00016809092693997036
-0.45665300570949974,0.7741664522262642,0.48701718521413706,0.0033291411771802517,0.12699295667135913,-0.17000558515955813,-1.9303549895405308,-2.0205692266416064,-1.216440493074941,-0.9451003637564711,-0.7251584070824789,-0.6612064161789625,-0.10693920739332266,-0.4155306127280682,1.396544343538458,1.0716326494355706,-0.056610630125741516,-0.44332064583220354,-0.5574056575144113,-0.871642290005503,0,0.00014090049854426632
1.2552862459744125,1.0755856288808443,-0.06200515602348063,0.5183398065885569,-0.26640920054861045,0.09141394633362376,0.14270427981879355,-0.7255640514891216,-0.6118264046985495,-0.9477297749620649,-0.039536024728347295,-0.154411473622624,-0.3040499260019777,0.02528870188799378,-0.7501299845869701,-1.1366846822919086,-1.8556924147009193,-0.9977645984833851,-1.440359816651095,-1.4630799676629258,0,0.00352195316721377
0.32672528757989294,0.18745604591989615,1.2495605306045523,-0.2917439178947661,-0.13616238414123216,0.1518556655430313,0.9997854943078194,-0.08928447640845741,-0.4028802773422351,-0.7935411890975556,0.062437869626115444,-0.028158216680895673,0.30605373161215205,0.8688494381414311,0.22668975563151608,0.4307015356980408,-0.2656700522069262,-0.2916295532668103,0.5789075387402999,1.3294376611077032,0,0.16286543148945012
-0.9849929719639986,-0.6736519499523148,-0.35224795259007513,0.6147449004621468,0.6624751024752714,0.3546416788043335,0.5341621601003719,0.23092419819972732,-0.16010432797620802,-0.10787270392844846,0.2531048565065562,0.5229734593928613,0.2796803165578602,0.5727799207502904,0.07071710511741061,0.8744147690679682,1.032024035876383,0.73209200561662,-0.06586594714573593,0.8302225172131805,0,0.011159169749055016
-0.1271370640819445,0.7135544820809573,0.9387740937468476,1.618454781907538,1.1170202814202386,0.38848440421273167,0.7101929893270906,1.104595789959908,0.7721020637164467,-0.24869546177577606,0.09666709305832402,0.7570658598001231,0.755803865782449,0.9309049056932857,1.2811463176006155,1.3182796015466707,0.7699731248861492,0.12285246864557174,1.3724158605149102,0.659306988284859,1,0.03624792014634018
1.0842581475310114,1.424663189026604,1.1323861234133714,1.0074577078639546,0.9936245891213032,0.6546968509677975,0.36886084913184314,-0.1696017509931019,-0.8041532830178948,-0.7963958471349148,-0.1673844771064948,0.811957134297594,0.24114008356785374,1.0203533050740392,1.225939822052377,0.003003175840927617,0.43219643695266685,0.08712574311062528,0.33569179314190695,0.7072174007809608,0,0.04230918530179505
-0.24153605460551933,0.6558307176799938,0.0005483693470369238,-0.13271168820110726,0.11184797167696961,0.13440660120569092,-0.6263017109412169,-0.7381682024281355,-0.320903401704766,-0.17896010829073866,-0.7130098787654333,-0.7533016345614244,-1.6056322272926684,-1.5128249554678508,-0.6722617757895988,-1.5278641733749156,-1.4555556340963054,-1.482054171945169,-1.3295187918308506,-1.4899691101243309,0,0.003299457461889406
-0.32732780618610013,-0.7570430170350254,-1.068004569256978,-0.9771667774151213,-0.7301542681898496,-0.3566358115527324,0.5056646107928494,-0.2871405624057706,-0.7416910263207526,-0.8145129276647417,-0.13422355018566265,0.7120169495463176,1.4132253274801951,2.5290271481964774,0.9126439349141803,0.07052645831200538,0.44547158840696544,0.49426247169967197,-0.6412738267986657,-1.1607566998187009,0,0.00021621848452573562
-0.7944138820257551,0.6169257340724154,1.174232692873712,1.2397779924234693,1.1910067015187693,0.9837416012513162,1.2984014591548159,1.302709962402785,1.1409027102628018,1.1831256870386233,1.2797586705290076,1.1937297911916338,1.3665019695988436,1.1331110912757327,1.5140359181539786,0.8064126424158667,0.46570526342812785,0.9776453461823585,1.6020085391293901,0.8871834137694522,0,0.12533202022674136
1.6454003588723083,2.3260486078587017,0.9952759847254137,1.1833533782340069,1.9830703199391226,1.6669694217756597,1.1319970666215722,0.8857024927474746,1.3814293859476425,1.74184033641234,1.3262248666030751,1.3773452390544574,0.23581808895555562,0.47027288412568957,1.2824500384840738,1.2143379557156386,1.2730513074658747,-0.11438909618270256,0.17127985301869664,0.5676976118626601,0,0.11097162508785528
-1.1109317413226398,-1.0410616251548082,-0.8442427650485144,-0.2637291888145536,-1.4744659732523175,-2.609145465182639,-3.0374256223573974,-2.55057540962327,-1.3295305178210202,-0.355352635205921,1.0120146089010313,0.8417012823949327,1.5080177907494003,1.1543090636783577,1.0221855795854593,0.9115298850407313,0.613199286091096,-0.36392370743190916,-0.5028017626801721,-0.29717208530344286,0,2.4077385263569537e-06
-1.7794279052595858,-1.6457065769143786,-1.3986858073567188,-1.4266009233633963,-0.8149633614384291,-0.8047997040880578,-0.8651264572964611,-0.3154441052260154,1.0617053430517327,0.16149842631876735,0.6238399415918757,-0.9618299627060927,-1.2199178064868759,-1.5120714806106026,-1.2180832790359344,-2.0212485198721972,-1.7992404739820018,-1.7396733597948386,-0.24482613883082874,0.42190266360228235,0,0.0002170140149300899
1.0060540420644442,0.3258285688477736,0.02443592124918913,0.18914055744374628,0.11500379581803995,0.3940178866894278,-0.07133585916115652,-1.1262109259151587,-0.23404844074600714,0.20421031523419317,-0.8085113986769775,-0.13833507290280198,-0.904773523278973,-0.04964695776235753,-0.0010140498038580452,-0.03909562970601253,-0.48281277982597287,-1.6624158947068097,-0.6744649765564232,-0.1336652958664728,0,0.003245134588607417
0.28802084568344,-0.7757684557846379,-0.4072715464271388,-1.0457891473462597,-0.951384657324304,-1.3045492278099944,-0.958038830061919,-0.12119221297975181,-0.5618527538180543,-1.2940226211731436,-0.30949466291748845,-0.11545958942361374,-0.62163032975094,-1.0661789635860313,-2.3363902298407906,-2.223111627881477,-1.4520971601985346,-0.44935561633720544,-0.7942979305407333,-0.20888804780986348,0,0.0010526848263740477
0.901610004182459,-0.14728050825646685,-0.7844165239237406,-0.08830932255201837,-0.9678733043941511,-0.08591948484264568,-1.2851407759401194,0.1205323779741749,0.8625609376839414,0.034033793614719116,0.37936667008068514,0.6084113525747905,0.5389095385391285,0.7991574357265551,1.8509160698685192,1.9837662435227663,2.3519401579648624,2.0156024505977737,1.6584062420467098,2.1557264220581858,0,0.005925321861145346
-0.21813557744647158,-0.17994638106439487,-1.0546889914210995,-1.2853038714630167,-1.8684519944054088,-0.9349951549450477,0.6143343994645101,1.3360788633579477,0.9456254047282012,0.8902413754333401,-0.5813985008184459,-0.7484110318494382,-1.4766987681281825,-1.618883328922917,-0.999141178733248,-0.794959020322051,-0.6637841180722469,-1.2268719577426308,-1.5139896961284824,-1.4893032888040765,0,0.0026099050867021316
-0.13606968518321208,0.5309189285260244,0.14061098324336585,0.41446644909912805,-0.1326489591725094,-0.31805615635992796,-0.4120964261185884,0.4587252151277484,0.7288977192828171,0.18982355122877445,-0.41599696443324236,0.20380483643685088,0.3179473191979575,1.0475789498199246,0.7313769951272223,0.7631354395847658,0.27556385161492797,0.6467679717449779,0.750310290241048,0.8980363128921743,0,0.0040642600786249365
-0.3019943979542053,-1.1260176055327953,-1.1895203015226234,-0.4562930206534189,-0.03098327463570387,-0.31689929747729234,-0.09038470898401935,0.09451428740708707,1.415424246642376,0.2598286466746168,1.1237889603988949,0.26425243502492946,0.44230979607152404,0.27260297212014806,-0.48880962772238523,-0.47146605719518775,-0.20396759195412487,-0.3682705444102536,-1.4977600066558725,-1.5693703069325418,0,8.397793836444024e-05
0.5062764045429562,0.2389008629507064,1.0108229944818135,1.3845652314581995,0.4266069270499115,1.4155683217956925,1.1767379666029412,0.3401100492050302,1.032292058110857,1.5973921655858316,1.8362111855929633,2.4985497714977924,2.40141700008657,1.0828995191189863,0.28818062672141803,0.7008203177242361,0.6706863888852566,-0.1412627067869955,0.44769548128498865,1.5856602147837435,0,0.10799118948291672
-0.3010418015572158,-0.05196626452478995,1.0098585045790702,0.9523255057259823,0.1100743660071368,-0.5605680669589292,-0.7618661587817418,-1.784880826663882,-0.9531179239317935,-2.0351843679259556,-2.5185622728156174,-2.7977909705895643,-2.773004661469297,-2.9201345963557164,-3.251585307354977,-2.3245349509442272,-0.8100999880364262,-0.27252126819860883,0.15716227858817122,0.7995511601558342,0,0.009674230495090561
0.8243154569321971,-0.6623750200320391,-1.2079215131778172,-1.5642953681368164,-0.5694125125897317,-0.3878711979415399,-0.5912672823386079,-0.8289647601306368,-1.4831841438598166,-1.2574391751331504,-0.1990193264731789,-0.09201778355442082,-0.43535532347642053,-0.1161549005886635,-0.862143941738948,-1.493402263790882,-1.9333283929342402,-1.7783804670476095,-0.7065513015278206,-1.1500957691878984,0,0.0009884418841830038
-0.1286546627350564,0.7673659755972116,0.1593663618578262,-0.48984359922136617,-0.2632423413495373,-0.8341343663809065,-0.22914911750819375,-1.3133397732974808,-0.39593516964815,-0.8347062427523135,-1.0650512653805806,-1.4449453874635996,-1.0412027414767835,-1.0449674054585731,-0.6221800056238479,-0.6153616533647281,-0.6298112525940949,-0.45497375214640895,0.8828992861846594,0.8676049155400597,0,0.0023943070921201436
0.5896078297899534,0.5269034815400042,0.7450100109676634,0.47027615278425866,1.085840757485375,0.7419478659456534,0.6229508686865126,-0.6314220510745937,-0.336477570349579,0.7962031342317072,0.8225263723531323,0.44022850613396713,-0.1133038453171459,-1.328302325838563,-0.6379099738141164,-0.9136658179484716,-0.831644125815004,1.0235677785589299,0.5364167588295706,1.1225611647619842,0,0.038273155292667
-0.597498468448493,-0.7890492537999093,-0.22450415500950496,0.22151077459308402,1.0372165534117292,0.7841369144170386,0.5447418578957267,0.5754778169348992,0.36015596361280855,0.7230237577631691,0.2637868175185536,1.3643842373540997,1.2551662905801142,-0.15267895448646257,-0.6757768506435129,-0.43547386947558275,-0.2776389826082155,1.199415089835907,0.8666625986359637,0.9075572535522307,0,0.006026826552290365
-0.06412712226290716,-0.3175204917614562,0.7499290159064276,-0.21663273550194198,-0.24865338000883597,-1.2404799542313583,-1.2369217495282225,-0.7058281662555248,0.29814429544450505,0.46253331629801914,0.08777307583858059,-0.8049556772494335,-0.350847993104546,-0.10040128335029341,-0.15624557848857193,-0.5670744300678523,-0.5970272974822168,-0.5402155119302274,-0.06085705466365719,1.0048081245619944,0,0.00035619066315341173
-1.918510811768987,-2.3024413046490073,-1.2846275967720486,-0.41995307520257147,0.5554666054917373,0.32306542230416346,0.8580812082235404,1.4835006958778265,1.4561802264992396,0.6903691405303604,0.5228360575990261,0.8390173846407997,1.1982100643206592,0.18708115577423665,0.136853549979391,-0.9943936334610756,0.1364317856831701,-0.007913565954545234,-0.5432540363392921,-0.40804684331034036,0,0.000694861167994964
-1.0053997122771785,0.43007456254084614,0.9504786847368348,0.8097346969755049,-0.230753901474778,-0.1985968361024477,-1.1137005397444408,-0.9692357002483442,-0.946481189739296,-0.7481735307364122,-1.173398234549102,-2.0867970887102727,-1.9596106479305935,-2.49213282054149,-2.1151465376827416,-2.3799398095081488,-1.909757725943733,-3.4429146426645336,-3.357769330183332,-2.8830188428516976,0,0.0006902893433561606
-0.5034673314186294,-1.1643529958644492,-1.3072319922968367,-1.8694610311466924,-2.3432290264558358,-0.9817327139851573,-0.9937109804063241,-0.32513325186328135,-0.315719073465297,0.22429251891655877,1.2134601934223423,1.6351228878512523,1.7806801273307626,2.265265938130816,1.1739032829304996,-0.36035075571725816,-0.7384708703474656,-0.6285394215640862,-0.33280675033730384,-1.0967171984433457,0,3.280703771384082e-05
-0.26745497067465684,-0.45136913349434643,-1.273367077127808,-1.432676764693753,-0.3666410298228228,0.4293807572372767,-0.3568476371661963,-1.2029708305368452,-0.43969516090374133,-0.060912994803681515,0.5439081032971508,0.9766606096851792,1.6406977565308818,0.3294339371675237,0.4228736050100047,0.5335423577051572,0.5415165525243255,0.39417818061267396,1.079287914341459,1.4919020918374248,0,0.00012371649592933038
0.3624376211579728,0.6619458268481506,0.8960043127128531,-0.10890940805833556,-0.15392917859088792,0.0332333263961891,-1.152877131723241,0.6397251724365953,0.43560752528091484,0.09812640156876791,0.5232894463055954,-0.03536560323921664,0.12128852631837342,-0.16489484925774334,-0.22304332224446888,1.386601018291588,1.984346559800967,1.5578709172279166,1.4448657169862216,0.778360023024608,0,0.004319128476456166
1.481961935220359,1.9689845104052057,2.118495920442287,2.2405305183224176,2.813085568220417,2.255218803233443,1.5343607753604782,1.0127424116298211,0.36015512141033,-0.0394480107279333,0.05711639446011885,-0.3888582506327675,-0.0314451198933384,-0.20792980932260172,-0.19990062361876762,0.45465317049699017,0.725129380546347,-0.2028798009618422,-0.7361418891496101,-1.2842956305659396,0,0.0041337540076856645
-1.8659311945881063,-2.0106652315659357,-2.087098141254201,-2.1238713881296336,-1.1427464920696981,0.18117851198796608,-0.5301365510915353,-0.20480246297184815,-0.19347442680035207,-0.6105949381138484,0.4699577025416236,0.5769158186229241,0.9661509742691374,-0.09574485227549455,-0.01152506120562574,-0.2972607265162005,0.33656394512816146,0.6670133525128239,-0.33895373101947585,0.6873727580612137,0,0.00010728563079703769
-0.4434059918415992,-0.2836688538898964,0.9945356994038143,0.9783833149392611,1.7044804962549822,0.5107042484105934,0.3947535006897254,0.5102138460633049,-1.142210792129732,-2.0767884404336576,-1.5761762758019646,-1.203136508758296,-0.6846252247908156,-0.5211910603744737,0.09290235675482866,-0.7065338696496166,-1.4168217234902443,-1.7351432734797647,-1.5000743248972568,-0.6184655745676839,0,0.01414841919561823
-0.8219844634009255,-0.1737575104492464,-0.352267534292594,-1.0055150123737737,-1.4449904422661153,-0.31336059248111986,-0.3945187839440554,-0.07495209215177435,0.8330300808143013,0.3014679425467556,0.9304843255652733,0.2884138084298921,-0.3485981413173639,-0.004354190830325651,0.23547854531173823,0.21312391181759702,-0.04164305804873041,0.0681333866964884,-0.025245557502086503,0.5878242259072937,0,0.001747242835457366
0.9966826165640519,0.2844065498626415,1.0504187613563019,1.2230611434749994,0.48260111850307236,0.42147458573621616,-0.7611046576916948,0.5982348178692263,0.6104336795801171,1.5305486127237173,0.28903223701707004,1.3225431524816404,0.6753461597304038,0.5639455282009866,0.10638922303321381,-0.8059102585184272,-0.5631285741856485,-0.30724809512459683,0.5437924723935162,-0.022561142246759508,0,0.0046072928378560855
2.068930407690911,2.2641539385207237,2.090649043502337,1.1966971432843236,1.406229850907857,1.740533574399932,1.0556475967744383,0.22992189193328771,-0.45425506206611854,-0.22440148348397204,-0.16806098293062405,-1.735726340890907,-1.7601394572017688,-2.097512948529751,-1.946092858961944,-1.4075947856313211,-2.1966977225125652,-1.4055862907760808,-1.7939107279996522,-1.814000178616781,0,0.5662695442935096
0.540493869127686,0.8211442259051372,0.04389962638481459,-0.005118644841717851,-0.1908319035658096,-0.013309653894775174,1.1060608375263448,1.419234659028113,1.7445711245672175,0.9734212703718061,-0.11313650116675687,-0.08001226126237058,-0.16122894367488988,-0.8686799926163284,-0.5343278384359483,-0.12257306691469463,0.32256583919343534,1.2306173076927083,1.099184968187006,0.6168261695048478,0,0.046411265717267745
0.765920032267769,0.5242621159843519,1.291319200071669,1.577742201170705,0.24127530580146014,0.9319044415952462,0.6259156408267885,1.053861584532981,0.3442953306489512,-0.02969784440121165,-0.7791241167365319,-0.3911917869180569,-0.9684599030743395,-1.364482784643257,-0.8057080882490681,-0.7912427100747155,-0.7831216854414162,-0.6684474328497664,-0.756940643656125,-0.4253352554660895,0,0.10720126238531985
-0.7890169759107055,-0.35178838786038874,-0.23566524123846833,-0.44020389969866974,-0.36164500152131956,0.6636137520962473,1.1302857557314219,1.3844834339423258,1.1421815188476232,1.4312513468939903,1.4620831708515265,1.760214234953488,1.0227634109481858,1.782046703959286,1.3487069360312258,0.9028252963126752,1.6904550936759568,1.9748861578080128,1.6159303759759795,0.7215831476930438,0,0.030078909535672115
0.4597552792418827,0.5586841609902111,0.7581573845534414,-0.2915635262686055,0.41107332944800995,-0.7488866073056601,-0.7815204011700141,-0.5977491659421932,-0.3874868197656561,-1.240397050444294,-1.6936128209428645,-1.9593848173967088,-1.326090555718175,-1.8075699197361037,-0.7339011646651403,-1.1507165622048383,-0.8978399207323011,-1.2331300720585368,-0.6367235086859859,-1.307199510470795,0,0.00749367355266136
2.0047904927745317,2.0193501750039884,2.0415675326392986,1.6238341402243666,1.3024545015927171,0.312871782234924,-0.5303637440796336,-1.1484126008227424,-0.6445399346148258,-0.4609637410796324,-1.240291445657105,-0.5146654160079609,-0.9956534707234548,-1.4132689797538622,-1.2018723974275618,-0.5361472776901363,-0.5844765014871652,-0.9517784686146084,-2.120538490034463,-1.2818067427935738,0,0.006114152839757906
1.6700885775453034,1.949471313353774,1.9012237105705037,2.246055827468911,1.8246376500756678,1.463416459891254,0.38554764455926877,0.6043581897932008,0.46496288499406335,0.24208475097577448,-0.46832320607797,-0.06461444228731199,-0.06468597250935516,0.04517721093584901,-0.13423655597232428,0.3681981025357141,-0.16455702396025854,0.2529548599530476,0.37266048071321944,0.044270948945594586,0,0.11030921011756976
-0.23167078484261497,-1.1642897407062685,-0.004599878182114166,-0.7203786877986719,-0.6037742976677581,-0.31645996920337083,-0.4943004508809148,-0.6378981351761189,-0.06714662303874365,-0.3158358103867998,0.836145032395945,0.8364168170679416,0.7987829337238672,0.28522950683735493,0.09641402682322954,0.1677616158876892,0.6526511839546232,1.5241886749417621,0.6759417072530396,0.5085667506023057,0,0.0008810972779143202
-0.18968960056700832,-0.4181277747863411,0.38586409104360164,0.021597775839416845,0.1311204837345631,0.8268914191997574,0.2410443253569345,-0.6326435183543894,-1.4998475996205187,-1.4327059246950997,-0.39923664843705514,-0.4801014955343415,0.1938215625967107,-0.175517007960993,0.16145200480633587,0.20474693886678616,-0.22545569420671385,-0.29819466627345037,-0.07507644844941598,0.7690248850065603,0,0.005637274820332166
0.6802570283145541,0.14991768715613324,-0.4692294471300585,-0.2756475482138031,-0.04895419116924057,0.417188343372384,0.19661167749833094,-0.08229501126152267,1.2459867352888774,1.758541589424128,1.718882346676409,1.5347592504909708,0.6982346208628115,-0.1539355493447897,-0.3961480569964079,-0.2875079127386641,0.6333087463718953,0.6669872799402009,0.33192193693565425,1.3931622906235042,0,0.008614152544487375
0.7225608244205937,-0.21955803797658083,-0.3313209955157443,-0.6049251392405097,-0.2807318931533677,0.3353271526752186,0.8663632511960457,0.7532086128197715,0.5363058908002456,-0.35967150298686057,-0.2675067815420201,0.631898109226211,0.2258880106642946,0.3142525358499906,0.5085227720562249,-0.34483316344558274,1.1985535897481543,1.2252178513870104,0.47140846076611875,0.5350970061686796,0,0.01779482572094273
-0.8757273412986816,-0.35576458152885165,1.18885967809487,0.8798557390417767,0.011136953796338639,-0.7854639148282536,-0.14330309242701417,-0.7057451690460501,-0.5649150655543854,-0.6091793207433661,0.07724445548915712,0.7114456497691852,0.39133213060875793,-0.24967615224612075,1.2395624877220057,1.0864065914140517,1.010152788968262,0.774760270708381,0.6863011068095186,-0.22067956955856638,0,0.0008804913560749114
0.6549361767192625,0.1118127146000723,0.4502812592822479,0.37005860138078633,0.2836724001487033,-0.13950091637509904,-0.08357366063322283,0.0802315753312712,0.439162137389496,0.8542881435609024,1.6348068478473012,0.5457674596965976,1.037637675912164,1.4838124072937153,0.9739174298797857,0.2853355197802667,0.08386771258775334,-0.5212095231830026,-1.3350564495477726,-1.5023210892705328,0,0.0003096165978769916
-0.3077982245846335,-0.041076754845644416,0.22744456615472058,0.46950923478844064,1.3446611632846126,2.3362747123488243,1.3902374435846465,0.329063355649837,0.6010676577218278,-0.11279489621710627,0.5067655461412123,1.0655301438722224,0.20104698291001907,0.331538125685007,0.9103280924440199,0.1427624868561021,0.7456014221853317,1.1330761598025787,0.9822371190549303,1.5024221100596973,0,0.1411393260777138
1.2099487801013569,0.5204051740065389,0.4115349207937787,0.8624351123278529,0.679755485337939,0.8116114676980103,1.3026061478577442,-0.011950094031317133,-0.398681590047239,-0.05779445535807854,-0.8672680327724326,-0.947223771956626,-0.1361482434343292,0.049269730068973686,-0.4517934894183937,-0.48130121886715926,-0.32782555831742943,-0.36085688828864704,-0.4201195849442358,-1.3682175903658094,0,0.007978737855013775
-0.4459005422364537,-1.7267221666742554,-1.4397014510123174,-0.6162958785848761,-0.7906610888075261,-0.05105263921289883,0.5911141143068162,0.887987940768073,0.6304522430769226,0.8572736952235624,-0.2904418577581039,-0.32709509757127625,-0.8344311662291053,-0.30094490010516833,-1.6342764719733947,-2.0198375835794553,-2.6207532804069924,-1.089132396346214,-0.5715370109460596,-0.4913090312384149,0,0.046007465341716944
0.7286317096740837,-0.39006928254290746,-0.1797976401668476,0.04677440325224837,-0.4579412121866219,-0.4461466222646927,-0.5643224901438327,-1.4892405703507663,-1.3561195777936303,-2.169861669442593,-1.7562194433295402,-1.0489703665033725,-1.0591295262767495,-0.014892289142074607,0.35579375077011827,0.9591622892105881,0.5803652145823304,-0.061761806457905674,-0.195249321489659,-1.4948641593631025,0,0.0004418520235165686
0.35698207635289214,0.2940238292673549,1.337070288975467,0.9253222834064779,1.3097844435229549,0.5448488980833748,0.5103822448269744,0.3435770879838351,0.17666094421053197,-0.33307174239006343,0.6887088688147033,-0.23750410249763332,-0.30919790750157455,0.34203853404043666,-0.4961303311162907,-0.1542237322012905,0.5489898886328629,-0.18868154384458272,-0.4414208846557863,-0.8671194974377956,0,0.006303889035370148
1.8578225839037241,1.4850507003565265,1.7884195642325613,1.762146790740089,0.7095670120437917,0.5403516767231072,-0.1490672988247801,0.7344768214489963,0.42327200324272374,0.20733870789572184,-0.6819082999364292,-0.40010384226620865,-0.36424156748115905,-0.18708770996075202,-0.6875278335813279,-1.3720534942021243,-0.556916963508515,-1.1085414614768945,-0.8128533865450526,-1.06153984848663,0,0.028105758970836288
-0.28856833685969463,-1.0180665395822583,-1.2669277161476848,-0.9695353883043887,-0.9700997521463554,-0.9625644601314611,-0.11132606688742304,-0.5184550367805567,-0.4960418937665481,0.7003558205189061,0.7095407957855636,0.5590514749072123,1.3021100886082961,-0.10375807237177942,0.8834676333867678,0.9737349346748498,0.5530298681515755,1.0332362907901267,0.2797827668314721,0.34180045875617016,0,0.0002813241339345249
0.2406302353541293,0.8081218970751589,0.3671090977818873,1.1045872121811418,0.015612924707723947,0.209724375440209,1.2883317890851818,1.5261067095421683,0.7301560211327107,0.39201185543215794,0.7267519158858716,0.1347177177917427,0.35565049327228426,-0.7586660006135538,-0.698840568652639,-0.23345201794276252,0.2480851534221001,0.6411271872134215,1.5093713718224133,0.380365529913736,0,0.03318247980233513
1.4345809693120424,1.309261471612786,0.5463286756161102,-0.0026119189902896797,-0.5394458687602873,-0.2115084086543586,-0.07072199394960643,-0.32249012763832285,0.4203309790743093,-0.37685565553023925,0.9991154961229751,1.1100969571495287,2.1796391999654743,1.9200191118992322,1.3742867241348726,1.0400429531255146,0.28853203085687035,-0.005798948332936111,-0.659866888922071,-1.0845872522432993,0,0.0005040526044628665
0.025555010353504763,0.027738652831441134,0.7397382136291323,-0.1153397770531068,0.468728673402632,1.0519537450870682,1.2871878152618654,1.0711625801017612,1.4061429475648763,1.1263842095026344,0.7937080904078277,0.9001529291938513,0.7869229796933165,0.09278603412161117,0.09578291139508316,0.6550149954986499,0.5243371329620986,0.6654181497841672,0.387122067325606,-0.005009245605529561,0,0.019571665500243536
0.8768361657574272,1.641527553085434,1.2112294044193348,1.3075047092616454,0.810155332821969,0.8266068678316932,1.0047756695489243,0.9328529047617754,1.5036786440110341,0.48984293072631324,0.0009827224374610354,0.7291532996943076,0.8651178427376703,0.40218317874384063,0.1693887234780478,0.5170916718265166,-0.3407872015389876,-1.1877521441995003,-0.8254887498012173,-1.0719665061249624,0,0.00971325593162068
-0.13044141755842936,-0.9665468586956765,0.07608429217720232,0.3752740394384572,0.18092473329204975,0.5487672661336115,0.44469347220799066,0.3451465614063735,0.5971106451850974,0.19929173553494833,1.0011525792822296,0.5757835535596844,0.5384231691730756,0.7787015813851278,-0.015960375712308697,0.3018675017792288,0.5560465545527734,0.35212323331584583,0.30199224687847137,0.8489442963445909,0,0.015153885710319979
1.1094391942835868,1.1423556789202987,0.3879854485812597,0.39177576001988573,0.19439794740576383,0.7458741167157772,0.8204758380208738,2.008344442056477,0.872177539265919,0.3579393003559501,0.11239608547330697,0.3622695265926242,1.2350453269552735,0.3602123371995792,0.45216370012228035,-0.12587302634948908,0.02733645986994493,-0.15452202384894922,0.1398447923730893,-0.3479276995323085,0,0.025471032295204952
-1.4981265875710557,-0.5993353509730946,0.09709293609435736,0.38512683332200204,1.0990764417172083,1.595243693938138,0.6073857177440322,0.9204721476137593,0.9846317806476935,0.6005156854509273,1.1182925308596934,1.4395196594040554,1.666825916393334,0.9660767909500756,0.6167558384263699,0.5727850168410362,0.5760565148061606,-0.2944600077327921,0.11917905446461065,-0.12733922543238682,0,0.001618561777254648
-0.04947811261396793,-0.35164185048071456,-0.09231570102709659,0.39284548970339134,0.9451659097719477,0.1272684260264484,0.12157296055474182,1.7546122985145607,2.0830926506878926,2.5581589710878627,1.0301059026370805,0.5473429348252715,1.115542392963503,0.7883584679190627,0.010615557152429457,-0.09403908722271857,-0.8461881264918462,1.358803600395877,0.7611517428730867,0.9355632007727901,0,0.011014691392005026
-0.963118471422275,-0.03318170088970294,-0.0028663508139502385,-0.947434182475158,-0.4479534219079083,-0.3646115344527041,0.22744116485809665,-0.6174116179381696,-0.603480613934637,-1.3630833237285873,-2.5868368590488586,-2.717035991650947,-2.4840894965927154,-1.8058609515892423,-0.9953790506529788,-0.8950158130562212,-0.37858198476606286,-0.4653832977125015,0.2643667792410469,0.7198049873138184,0,0.01837042915737124
0.44351247208328115,-0.06806775068296812,-0.7383307381838868,-0.054355165503908245,0.002572206471847903,-0.4796300895508357,-0.37221321993464335,-0.6584644321113429,-0.9265832118704116,-0.32463977522591875,-0.23224250640842906,-0.7672279697111916,-1.0825957522337406,-1.4760252423330673,-1.1884768593486716,-1.4149478183775626,-1.1983193382809145,-0.8300976973684238,-0.7839673494866615,-1.4620746637146183,0,0.0029458285038638306
-0.26568078903682096,1.4104697938392858,1.536200334759042,2.0927953712593954,2.418743600363653,1.8354411894102507,1.8691208285937244,0.6743134632903082,0.568458303728698,0.49122574498836263,0.48089348014858607,0.2150558348299551,0.022710410750375727,0.8716579118041924,0.6055258110471002,-0.3116809765495721,-0.3035893420882409,0.7008788140589401,0.47650395628795433,0.2536632310230221,0,0.545429444199869
0.34178896951460314,0.11392104890570033,-0.18990076549832635,-0.2721051275499075,0.779083250102685,0.2857690132142666,0.5072976323744074,0.37408622442281037,-0.2950328877841667,-0.4078189191744731,-0.04024835070368914,0.08865738024898635,-0.10305216373937487,-0.13748682202946555,0.884391718134514,1.7228425776444285,1.4469540307708564,1.1068495547083597,0.07048040581978282,0.898093268954915,0,0.024759713702993496
-0.47798398636949035,-0.8575472681981876,-0.5152365413377483,-1.0115292965551388,-0.839792480185554,-0.5101966481781101,0.015345136759784841,-0.2509689303228012,-0.8587758427560571,-0.9299177491701606,-1.1217246512021974,-0.5803960020762263,-0.8042687881924341,-0.38868006630293184,0.016647356888088636,0.08132822073919264,-0.06909307269052405,-0.08524348085220426,0.8977959272648206,1.3904934123949853,0,0.004097003427028677
-0.36367435864339,-0.6008491962916364,-1.1232685323181282,-1.016710883263748,-0.6649452394466366,-0.3590690741741616,-0.7665225897731643,-0.9796198348577007,-1.1593020961601013,-0.5847702943772284,-0.6174978301598443,-0.8287470665434581,-2.475218008882963,-2.4376817184655097,-2.3761843067990194,-2.1228530774078367,-2.354101138657362,-1.6514487089266636,-1.1910904574926409,-1.412605918368619,0,0.011540427703756054
0.7528810349746018,0.7892471035436546,1.1167169779564863,0.8143022685023404,0.8077563176157666,0.3861536045632952,0.7220095215279015,0.12218114388077879,-0.44250345093833426,-0.7122930969696936,0.29724867977301916,-0.21796793040028492,-1.4364616165063102,-0.820081427538546,-1.3099554205956625,-1.3008868815750838,-0.10602348132189762,0.14019270252027272,-0.7011368100757027,-0.24043827628311842,0,0.05711925097627351
-1.062388041117239,-0.6525784096581984,-0.29324712026571975,0.031723873699823234,-0.024234088450279807,-0.3361373175980521,-0.21856392857446502,-0.049842114999840585,0.5217943840390846,-0.10226399905158845,0.24487857365356663,0.5525824171098317,0.8350878755727534,0.47176884451854134,-0.09290774505415544,-0.2787191320672298,0.49871709888632987,0.3984488841328164,-0.1564138027027681,-0.2651949122537654,0,0.0005115549055155744
0.07333370421916716,-0.7528063305305912,0.1235422498178422,-0.11781421352364484,0.3353194473685703,1.1412404406066625,-0.02827206794092248,0.7048865594189785,1.3852235172209435,0.8174036947659905,1.2067796279760783,1.4049160804915395,1.2879128724471234,1.9783326791937343,1.7464838077746454,1.3664731051428738,1.0957157902956485,0.17961024606666884,0.5187832059293105,0.7545659321397677,0,0.010544234751096468
1.6848296697820155,1.2651062852869754,0.3595253894006711,0.5696935068540059,-0.10201096539774683,0.2656222320718196,-0.472620676159623,0.15872749085121604,-0.6285725370465838,-0.3347779151832759,-0.8340679161667486,-0.1987846714268883,0.3260598828192681,-0.49876337600153436,-0.9007030731053561,-0.47326555109291,-0.8399527835186292,-0.6705552432173846,-0.043089166548359564,-0.44851118485349895,0,0.005621363778254676
0.03979876843863406,0.884929574931459,0.535960844332202,0.0438301927875249,-0.7093460157385203,0.5206502483247679,1.2419282544316685,-0.8320671049227992,-1.079116160983708,-0.7721114264032342,-0.5025345844990866,-1.9031291040696634,-1.8892384576717198,-0.33651778253929043,-1.3684884998952134,-0.9121777642929371,-1.065360420258865,-1.5936174718680587,-0.7327915231466203,-1.4006287641957642,0,0.030877568606355522
-1.0800611538269773,-1.6583216802756298,-1.8234509601989948,-0.9570530242762196,-0.014911429669819471,0.7398477720323461,-0.7337413582744927,-0.2509647571448492,0.7117357411948207,2.1210250237053314,1.9139620967355326,1.4160883367900412,0.12720885990153685,0.057778388271399486,0.313642157493429,-0.15610783278769808,-0.14608425754925708,-0.6571989744245682,-0.7509577069285093,0.0823812029026975,0,0.00011589313382947452
-0.35089825970595534,-0.6504286547515821,-0.7287707876149007,-0.7483740278715701,-0.4022705954328528,-0.2275251451598243,0.2519620303203227,0.7811359758033187,1.2257760668389015,0.931571907875196,1.187328903446178,0.2789773599107663,0.580695874498331,0.3270900721310986,-0.3656402055487197,0.17128989997528557,-0.153497064386731,-0.47013612840395014,0.19424314489359856,0.4153038161451698,0,0.0035936633160107982
1.118143734930081,1.3704254756757346,1.076746793350883,0.2036738313359224,0.29538479137030044,-0.04459124843697494,0.07199776718213963,-0.24409026416694002,-0.7279033773667676,-0.8328832979630247,-1.2467729277908173,-0.8047453048982738,-0.92331326155234,-0.4008511217063539,-1.215326715051157,-1.333164759204244,-1.3070153279242198,-2.1963485914679266,-2.274683476800791,-1.021610894954483,0,0.0037664314688692353
-0.738341151157457,-0.8704458344264778,-0.3891634121110493,-0.6541603616950226,-0.5389697323533467,-0.9243151159124049,-1.0193773748888117,-1.4317856557899793,-1.5354851806023737,-1.801373633292895,-0.652947044639755,-1.6381537918765534,-1.7909166771127094,-1.840036238573391,-1.1038288068275632,-0.7914844271880908,-1.125391941378067,-0.8915136933009193,-2.297126839133104,-1.148043634483414,0,0.0004869627533126348
0.15168793998574517,-0.19097572930947856,0.1969746989504366,-0.36220438112397113,-0.352644115799085,0.3080455006783645,0.47119749080821693,0.23057292066143992,-0.21553379043833715,-0.4028063455076147,0.6912693995361496,1.6784787151977745,2.066799603866214,2.3285802614410778,1.958604677607745,1.643479448476297,1.0650032123039872,1.92292406904999,1.0513817620340256,-0.2252111957899302,0,0.004984559802179304
-0.027544576630909885,0.5614106556183176,0.29840560486384643,-0.40275434472481664,-0.2765679991936206,-0.10200166297050522,1.0336244082636143,-0.17526244100254004,0.44348414538387654,0.3152887974209858,-0.5098951184443268,-0.005239728146317352,-0.8679732589463032,-1.3155957483049228,-1.3797649682577504,-0.8504113350541375,-0.7906340725943833,-0.9822447681878382,-0.22337326163583726,0.801631908827214,0,0.08387910466289047
0.18228921598312386,0.17888464613509164,-0.043017978227858945,-0.8749777487405775,-0.8876894904954595,0.053655845847389,0.1636404551014634,0.508142567887932,-1.6022433270591583,-1.2540778409708568,-0.2953823303599873,-0.5019608681612077,0.30050803018088323,-0.12829009869889088,0.9290963049570001,0.39650390897240173,-0.32326690435281774,-0.3976181767736346,0.3279481385048085,0.048836672811651015,0,0.006039740805636155
-1.5871464753540352,-1.4018189916403847,-2.2295386875650496,-0.8677641527272028,-0.605092005481229,-0.4245827838449901,-1.5524666828926728,-1.6854278509780114,-0.9131593006284147,-1.0286691277495177,-0.9246946382450618,-0.18685991858357767,-0.5327207025782774,-0.9399602987996614,-0.5070825947898702,-0.008373214863684642,-0.5249992564053891,-0.9965540753693802,-1.858314349034786,-2.1953429177597443,0,9.165424775849297e-06
-0.10205805399411422,-0.06615536858093975,0.14838148844868496,-0.22522439156643637,-0.19444855546193862,0.7062633974613935,1.4063475706945685,1.739236095319422,1.829745940447638,1.1632763806608373,1.1821003996049537,1.9900050597848402,0.6519216120448786,1.6598930489879333,1.23808563739116,1.5541850991771147,1.040089191941448,0.33845428723597587,1.0903724729075321,1.3341487457430965,0,0.3938145695238405
-0.34499468733443994,0.2829359510742759,0.0024342933557506686,1.4034511082915497,1.423886992403918,1.6282796096602905,1.604152641320284,1.3247865138279307,1.3577627966797217,1.1185230990113608,0.8928833060208775,1.9877944091157476,2.1043281570653534,1.8885113255554506,2.17222816635763,1.2127302150623829,1.4087656778170778,2.274952353078997,1.0313851509176633,-0.3300242378650557,0,0.005629341675853358
-0.5001393232908025,-0.5698352894147681,-0.01027135611175855,-0.9528583675318255,-0.1326812151777783,-0.047693856796837165,0.7907811032051809,0.6304968658230571,0.7545930596652354,1.2680691809660642,0.8672085334692308,0.9487305570562268,-0.5152846774945075,0.10386496211542744,-0.4579804569702573,0.08572510251348885,0.08743190083550996,0.1094437705552607,-0.7191734593584668,-0.6017053892139996,0,0.005632001703868529
-1.1867665986136102,-0.253507851533811,0.8024741780853996,1.144336333341825,1.0477335350372994,0.7780421125850128,0.06562958247097037,-0.03658115358490512,0.5432292784727227,0.6930923470029084,0.6532970910695813,-0.5372133738343786,0.39182373034108603,1.327322282260932,0.4894176785712071,1.0047525489547775,0.7836369429791451,1.414583091710462,0.7730071103171631,-0.7166322261115542,0,0.002757928312505373
-0.06372315047909835,0.12683062516843,-1.3366555251462964,-0.533907685319271,-0.6866953200129472,-0.45652626544871633,-0.640563908984175,-1.0839259988236623,-0.6259987732080398,-0.6519521020476879,0.39919596262937806,0.5209491231448263,0.026116536377983144,0.9416562948097911,-0.9406017132973439,-0.588794165356128,-0.9622555388223702,-1.101082425873336,-0.7633173754687402,-0.021497890185721492,0,7.633381784481939e-05
-0.6438597979800484,-0.6341543615331269,0.2604546733656477,0.773272018611332,0.5313980496422561,0.20480532267434623,0.8576972465467908,0.01524136150971911,-0.596953639909948,0.07913136759951384,0.12554714734576433,-0.5747369883557949,-1.542109204589092,-1.0615374497415724,-0.651023454968478,-0.4105915643282972,-0.5299135084349456,0.5302876557248429,0.1473918157397471,0.553091147013189,0,0.07230641596498803
-0.1145977686164953,0.6419474533553848,0.5982543815641083,0.48851157615858565,0.09068880640766015,-0.6168517998120978,-0.19773415150693893,0.029872986771438875,-0.10556154292924927,-0.15297462237049322,0.905643541389137,0.16904457284691338,-1.3735010982839462,-1.0238976790027257,-0.8822471650831654,-1.0836108840374548,-1.0661412482867227,-1.7295127856676278,-1.607423982771366,-1.1449867815083974,0,0.004679218651062388
0.6345064559801676,-0.36294727851192704,-0.7871523254828114,-1.0902048164229874,0.460449622617197,0.32194644942639933,0.636053676610847,-0.6416436502896269,0.26220493738168343,0.30827737703010966,-0.23617505089417193,-0.364225064347986,-0.009408275345705513,-0.018136286251414994,-0.12302157854607389,-0.4728923087182816,-0.04027771412741294,0.44198880017852615,0.627424869865137,0.8364241549025226,0,0.00827161970672797
-0.138151669883972,-0.15264303913632457,-0.4253733935082454,-0.8477135445128575,-0.5648283561185639,-0.24690934869349127,-1.130272590659332,-0.3699738997401154,0.5893167792146387,1.0234318767582242,0.4200285794542493,0.48436888183434745,-0.3999089039752097,-0.3879711966225491,-0.9176387471918585,-0.4437369188025922,1.0683965007379983,1.4686076335394773,1.294332065559812,1.7271569726997305,0,0.0008459925293604621
-0.7368756164859905,0.40038036779676245,-0.37503766929146365,-0.6914289529600482,-1.5673688330093556,-0.669318790561897,-1.1995637167007351,-1.3639613292940813,-0.7782886155899401,-0.12130233088653194,0.8825064330990374,1.4057424173109698,1.102634125033288,1.4769612386384674,1.679780380479062,1.6757683404629617,0.8998414439142846,-0.6060748296496755,-0.3452304222638948,-0.7828475617265833,0,6.447710558375558e-05
-0.35635504436789667,-0.22171244213456356,0.7817545695136023,0.07645508132120296,-0.5466129553877492,-1.0745551778831235,-1.0148489243549748,-0.3369448285665006,-0.8600010155477871,-0.6715847874743736,0.77592344229217,0.09223003886329628,-1.0426829524932355,-0.277428471805175,0.7490542264552137,-0.38932875778754156,0.28030746830848624,0.3904310498128043,0.9224098735560504,0.9715127892663101,0,0.002409379101198248
1.4876104741073433,0.9491192258593096,0.4745362252521117,0.3509738017206321,0.13391968253298328,0.1270071560197952,-1.0132896575871757,-0.4522887593449942,-0.12146386771330116,0.32094970193736094,0.44388470732259666,0.8747068325490199,1.1554149365175157,0.6507452500671149,1.6004692669245566,1.038744511075344,0.5826128072251998,0.9620251222221896,1.8560977477051939,0.8517921780959279,0,0.000695778687879128
-0.2917134754706424,-0.32743261615070157,0.5002157309220223,0.9105500631438375,1.8401033007658907,2.0267957426416814,1.3011940767929078,1.1843747453724365,0.31384019450173173,0.23251626050283053,0.1863920119761887,-0.07963021075800979,0.3411273344506985,0.193077530421122,-0.5799208807651426,-0.7848235627929737,-1.4413702152909953,-1.7683537581803845,-1.2885815255311746,-1.586130931708528,0,0.01620251565552072
-0.31251363610436883,-0.18230867951961896,-0.11623885633284091,-1.009474650436749,-0.7401930111131095,-0.13154899525849892,0.5475400044870121,0.9217648465496975,0.6828486694992711,0.6847672003637083,1.2583487361123884,0.9813743909185618,2.65218157164536,2.7339836681221845,0.9213983494080961,0.9531782017937455,1.267161213426844,1.516733798247838,0.9945416320887066,0.34980695788365596,0,0.008748593290588936
-0.001690768164880241,0.19312827522542092,0.12798793441331494,-0.572753136159174,-0.1509248005527717,0.058311379817884854,-0.101236213353065,0.6413450590104643,0.38696370912864003,0.08519607543493801,-0.025925059087897884,0.9006518547737318,0.9042661899011697,1.3197451156893878,0.8470207726522138,0.7397206610276366,1.2921613904761529,1.0354356609187556,-0.11416141280204824,-0.8771507674795177,0,0.0009765035887543891
