X1,X2,X3,X4,X5,X6,X7,X8,X9,X10,X11,X12,X13,X14,X15,X16,X17,X18,X19,X20,y,p_i
0.599647261105407,-0.3592236458132582,-1.1232952561650948,1.0376839561065005,-0.4439531869285953,-1.07877444903627,0.4633656695604125,0.043695987505585676,0.08672894231902302,-1.2377713919383801,0.20181811711904685,0.24248012816884462,0.9746467426125727,0.38962196451178216,-0.15369559434211988,-1.4242395732951019,0.33113125814135713,1.3786050839740849,0.8375222477773727,0.003959448740686259,0,0.012124222799016005
0.6763382313895004,-0.5709396304502855,0.6052625580794786,-0.5759081874551344,-1.944793064560932,0.08761443078728492,0.311268930836874,0.2720913475925689,-0.9984153577357596,0.009463877954179715,0.7265340306667297,-0.3242911155056088,1.6431348620384862,1.6797064605221297,-1.669264145604045,-0.2784937237616025,1.5539714395183128,1.1151390092494904,0.48434966853607314,-1.3288399146671908,0,0.0027746886773698976
-0.503199707132081,0.29374504761542325,0.003992026406521837,1.4950285255374909,-0.6362234313227562,-1.2834205959269402,1.4431258205129418,-0.6310547477927796,0.6600926239746427,-0.6009328361406251,-1.007416025111402,-0.004888563110009057,1.4586638964056098,-0.7141272984924713,-0.553558922661804,-0.6951565468650323,1.4944341595172423,-1.0863080263606701,-1.6317492315316109,-0.4447572608142039,0,0.2316843091318051
0.8238473691566136,-0.9485750167993456,1.6694357558238455,-0.384693318448894,1.847772793413694,-0.35536893602538816,-0.230942106301276,2.1840090861426105,-0.2565714480427649,0.7437616851859593,-2.3700219962722175,0.15772103219408867,-0.3881258313074987,-0.5283595076118346,0.7540199159500416,-0.4592960336679437,-0.83041567174789,0.271561595445983,-0.6552177038809991,-1.6076368692500875,0,0.6925363751607561
0.26987234190443093,-0.8164091092881403,2.142860961517055,0.05325040455378773,0.33484423267634733,-1.0791031531403268,-0.6795902550614425,0.32321592708485364,-1.5950984741130838,-1.0786514387541162,1.5713059323525285,-0.3126010771831608,-0.38900233489045016,0.9546548320695076,-0.3112554027803073,1.5346601440935055,-0.2827071747503111,-0.28329683297557295,0.26327470000849823,0.03567686114154618,0,0.0434060736830595
-0.03078401107972439,-0.5398759779637058,0.24431857145265112,2.4203026574579702,2.1258345369208187,-0.460236307167519,0.9571174477039343,-1.4371558002582294,1.1925769028697653,-0.11689684572187929,-1.283234336151254,-0.6436840625858575,-0.728798074867075,0.008676267771955385,-0.3010523734535587,-1.4595244265109395,-1.047439221488959,-1.639221270408281,0.4690678440228147,-1.1529124256718448,1,0.38048750802238485
-0.35355417103833214,1.7868242166325936,-0.029951763220382586,-0.8498104052982622,-0.5843110793142042,0.1487062662267232,1.214096565015546,-0.5488978458443623,-0.7305697280036666,1.774293644873771,-1.6428684925114885,1.0367003175666594,0.00109537792133691,1.1120509787886201,-0.27829401601316733,1.4694060652710792,-1.6323588490191,-0.6000053666328744,0.8999984306627062,-1.8979947357296725,1,0.44118711834716573
-0.3207483456793025,-0.6405106748179175,-0.8775146506892688,-0.6071238120798861,0.42932735773924297,-1.114197452141912,0.7927974143614289,0.2664194240180834,-0.7979843328710375,-2.7007137172696773,0.2457060830316484,0.650591564174109,0.8157633167893693,-0.6387703103339062,2.1592943001664526,1.2610328699466822,1.024603075775999,-0.10948376654341734,-0.03647469469653858,-2.1553947799509454,0,0.05041004183479393
-0.5250867512228717,-1.0406673536418782,-0.6902260555946262,1.700930376373848,-0.8188501113928847,-0.6219247246538677,-0.2039043296048825,-0.8947996848369434,0.40256617226778635,0.20698262831182695,-0.178624813238782,-0.32340177375756507,0.2747064177266791,-1.5708778783124344,-0.45057059172997427,-0.008887799940730998,-0.9512362215497348,0.11278536060346085,-0.630849690701889,-0.4000876106527127,0,0.2528643032969324
-1.020699015863001,0.9192396407768416,0.13460333238373612,0.30240194560019307,-0.2160715739211311,0.3514224075519871,1.5452330512340202,-0.5400140141220822,0.8753382827139927,0.722131079434969,-0.32389792811576895,0.5466829613745535,0.3934585171122166,-0.5762098080579555,-1.7566065804899245,1.953953843665353,0.6677858032071254,-1.237628283716882,1.2880811826321907,0.5162810090321898,0,0.09379797421169908
0.9024567002754517,-0.08410809027271632,-0.21620657153108033,1.3807653149891583,-0.0636309018220792,-1.658458911005868,0.17865483382620828,-1.9204701758924572,0.5069317779909611,0.5709689833147334,1.619829084149905,-0.7515084860833565,0.08141004834961689,-0.8479757302802275,-0.07430138579082,-1.1032709614191718,2.171005662529814,0.2067810480123504,0.2058123360647601,-0.5925933062924231,0,0.0029434772907892663
-0.593251842381593,0.9596119476222302,-1.3077815730428621,1.574487086692532,-1.4068706427892073,-0.5667389833405432,-1.6688124241374525,0.6959672388973687,0.3299239496327907,-1.4104124664926858,2.1403681108247787,0.5994374881572202,-0.48793304497837225,-0.749178384279186,0.9932398708302971,-0.5869545163312028,-1.0946123680236317,-0.5377960509196771,0.6485494289623561,-0.3909184354290309,1,0.526222735133942
0.1777133246160383,-0.8143698663864041,0.03571065445083304,0.24545142713430282,0.12804149448356356,-1.7075946035894032,-1.1904743466160892,-0.4016614700540227,1.426680656182069,-1.326307428830282,0.8992688724399036,-1.5997372188112673,0.42089632455492576,-0.22857268080364398,0.3084026956975294,-1.6136401230485966,-0.983834709159444,0.5440019688677606,0.6385085273432809,-2.7342988071620167,0,0.014772267715915033
-0.9953686669620343,0.8375928478061242,0.12112345849059866,1.6091866099805479,0.24059965380882897,-2.2006489134822194,0.017230529106549312,0.15126769497086498,-1.8496023599965656,-0.9688522502946973,0.5277307399280234,-0.012421737524833477,1.3736773059424352,1.6696223367533207,-0.7381781049594807,-0.7550833108833931,0.2555059826115368,0.09330099002033643,-1.4615440772451946,1.8633566402635893,0,0.01371567331321408
0.3889685330875625,-0.9161554818309751,1.051049225224478,-1.1862292563321455,0.2851054023699464,-0.6713322984777043,-0.18191477379205806,0.598371762901266,0.034356402876023526,-1.0187428237864549,1.241910276116478,-0.7155415453225787,0.4714671828811762,1.9577831044383158,-0.7550946470698146,0.901275220264631,-0.5404103932111658,-0.41806625923443513,-0.2076782580463469,2.0375999006213803,0,0.03528815929892824
0.3839470080088814,0.8855894761237202,1.3455897903599716,-0.5698177601092396,-1.1587018520403283,-0.8137595825267482,-0.8665064106471057,1.0114564353331992,-0.4253206112147728,0.011371555210386781,1.826325953053245,1.0015099071082363,1.1618107351727156,-1.9799087329457985,-0.28882512645395375,-0.2592638314798959,0.4370166973188659,1.0565311807590483,0.6291567627384581,-2.199973141493429,0,0.000479302208616941
1.6384230613278128,-0.43023507411714706,-0.5898574618009824,1.6111455639612071,-0.25133202674608435,-0.03504999292724865,2.7035187961858687,-0.1817092745088199,1.7919499513840849,-2.3663024031245103,-0.34738007775993685,0.3378544187430504,0.5572577917125237,-0.4717912285084689,-0.11217552721491644,-0.3819328461537695,0.30502268654786246,0.8444963969515777,-0.6894687394529384,0.7797589046827775,0,0.09923709706524618
-0.14530581545259058,-1.6364237619396267,-0.6224946878850208,0.7224092168507892,-0.7816901209572502,-0.1861400377758551,0.3526211111671207,0.6015370380534705,0.7229316719468061,1.27981565928159,0.4858953157203038,0.6235768590082623,0.0182335611815154,2.175172348379795,1.6123285175343705,0.2508354072317252,-0.8818265425420806,-1.921354403601818,0.9144371099568643,-1.4772926152101582,1,0.9470126831900532
-0.9058482104347657,-1.2125285952937002,-1.0310822571185985,-0.12695660732200018,-0.014533662620053798,1.2931736040680204,-0.20985081799694208,-1.5191064872391695,0.9325275790310601,-1.1079872067616425,-1.9416375960239498,0.8443254540132726,0.6430292861988607,0.5032489663021869,0.9628504345786496,-0.20075200787418737,-0.6641416804138218,0.37781237305091997,2.1175613946909184,1.4278321270727106,0,0.8123349299037964
0.6828037327761488,1.806802581748798,0.15737256686382362,0.49160346724168125,0.3132046120071484,-0.7021300283694903,0.06889836680995971,-0.05050156846221674,-0.5449215117551218,-1.806170961140628,1.3674386043045454,0.391202697160771,-0.8712062323412951,-1.2810748054068233,1.046792228549251,-0.522520288258064,-1.0375237531627712,-1.2159435909317775,-0.006321529176114433,0.6800455546279623,1,0.7667056732166356
-2.0287752881357757,-1.569721836417981,-0.9645052304762741,-1.2043569902271403,0.21227855934466178,-0.41800691139803736,-1.020644479818258,0.9145229826814731,0.1786907747050877,3.394612522179895,0.7587548776285568,-0.09964411866914205,-1.7127167236826861,-1.1806506786950937,-0.05939629423479697,1.5586705974058488,1.5548594744192183,-0.5585510816163074,-1.8626075893569485,0.1578710420235641,0,0.14795506645512413
-0.17902054857358424,1.5568030927010064,0.3985225290984612,-0.9846666182621095,0.05846131808470602,0.7094698992745221,0.2608169844776232,1.6100926075458974,-1.148924805175814,0.38393827546709597,-0.118851329848614,0.9513705692562642,0.5917575197336497,0.1983242073546425,-0.7222632004394426,0.5563267148231393,1.9253603477047683,-0.6368004490601274,1.6868286221138875,0.6789764887536178,0,0.014445197714191988
2.37612178186325,-0.2811583845951116,-0.39524154028549285,0.6106079033733234,-1.1599609966870297,-2.392523371290591,0.27032170694040275,0.9281068963358773,1.3237885084583074,-0.7342801573219663,-1.4550307718854523,-1.6921402545910182,-0.021406307592255022,-0.7653738698483842,1.2037637148824867,-0.014035745652412302,0.266513564140373,0.2050026474996959,-1.605329905941566,-0.2081980946297772,0,0.022144638125281176
-0.8136138507531283,-0.8651747858744879,-0.2938060700242774,2.6655507580422744,-1.2936471637982807,-0.9295994344804355,0.8116915419350605,0.08830611026568948,0.20263854958884758,0.6337510012872487,1.3093400969352469,-0.4593083866763947,1.5409308172467422,-0.9357323389942565,0.3865052477869519,-0.4175397972389795,-0.5994355157229541,2.122683433152109,-0.7461504577318675,-0.8219359054783828,0,0.00019902388137341075
-0.8537805308459321,1.6931172609707872,1.4939692854818594,-0.7627889320295906,0.3298040105644205,1.1296561950062647,-0.6633795699831307,-1.2431215283114467,1.4605967758128464,0.5530178482840871,1.2072799678121346,-0.48872000070751015,-1.0997821266032215,0.27544446669691475,0.6834538395031328,0.4988432839687475,1.1610953612727903,1.542017854753043,-0.10636296888945702,0.9052891354892634,0,0.0018574614570161338
0.6450370655187712,-0.24681154688413198,0.617881121288593,-2.0617917486400144,-0.5334202424354689,0.6938020575080144,0.3768553883346346,0.3849651789298314,0.19495750774006682,2.522345494113316,-2.0294885532157023,0.9512481436369676,-0.9088127233078735,2.4283075684277584,0.24325083744909579,2.0857774193959027,-1.2875474844996595,-0.909080582686839,-1.0079696160390275,-0.10452677217097843,0,0.9243771841129456
-0.20598853960682395,0.7081515891240927,1.8699902467166163,0.44769783652311235,1.371025446376222,-0.5169456696621821,-0.5933460958312972,1.7551789907282043,-0.6405786236958242,-0.49088285599955966,-1.6480739865890146,2.0077554453302726,0.3092442171875944,-0.20474113099309058,0.06974568577888474,0.9508307084852451,1.3430041805146806,-0.418486312878004,-0.5961226127738477,1.621523786860166,0,0.438343761912992
1.830300031800171,-1.6728363549847796,-0.9267155389552938,-1.2647546680506678,0.5843108919438722,0.034853299533419,0.7911382944188445,1.5515124668965963,0.3779219741316149,1.692083721947483,-0.7882295584462459,0.15533258459169702,0.306267778231787,0.6962802866808749,-0.9514009050681979,-0.4831646210215353,0.5989152962780152,-0.19786672849326956,-1.059066519275794,-0.15046319707398573,0,0.029994900310700286
0.11377036956302074,-0.5008937464865147,0.1348430067830057,0.5034732411460802,-0.4319189596187045,-0.12693857925176757,-1.5460495132182102,-1.2537171615483804,-0.34013460158190284,-0.01067772297021408,-0.5047924076954947,-0.020502434647554642,1.0976904563712322,-1.0805674541953652,-0.9906252038942794,1.2309379513193943,-1.395805543721259,0.8233345022820846,-0.12747955755435358,-1.3214712245496105,0,0.36281643833118143
-0.06448521713083452,1.4557196642167665,0.4326532705873553,0.47232438457149023,-1.0127430359711083,0.4068487144194639,1.0283429263810355,0.10714236475784686,1.6534043538117398,-0.8732494913300677,-0.18121175317948093,1.4464751646795375,0.1806954001605036,-0.2320270718207796,0.5031729092245111,1.0520733526709682,0.9167656173270726,1.767331751222506,-1.468585528949579,1.7769271231966481,0,0.08990914013835175
-0.24744088573098946,0.06533281216059234,0.04360246879469291,-0.9972236990521485,-0.11450148546363696,-1.137687696662544,2.5380072959360085,-0.8602139398495404,0.8492353858485667,1.186034868716959,1.620379178883829,0.37295348450707366,-2.4730795806651633,0.45032097645614394,-1.0959667394981483,-0.6561446068536556,0.0843546000534374,-1.385080877920166,-0.09716608475174307,0.14933839140079758,0,0.0014146454095792455
-0.0013322993712608674,-0.9459797568429643,2.327486698074182,0.12622792540682745,-1.050926684257659,-0.26592217503938215,-0.3913003149121449,0.0031776864423340746,0.16991797195900715,0.5916999266796495,2.607333917265434,0.05189500256068647,1.0484061897486154,0.4231925872372166,0.30850319781466656,1.9581385658721437,-0.13159325900091334,-2.208785369182645,0.8158916067363009,0.6778295914096982,0,0.018622397758632756
-1.0122203007420136,-0.9719791465484969,0.585930130456748,0.2749106954200561,-0.4762221351744762,0.9473275657141652,1.1680433919416127,0.7534932132286208,-0.19171230168993766,-0.6065650848052325,1.457353768564058,0.28018118054117286,1.6478100458116587,-1.1055054424006252,1.353623721259182,1.520508208107078,-0.33930144393668127,1.5939744348011535,1.773496372665044,-0.17851620197347765,0,4.161235812161922e-05
0.1247580073251582,-0.8712588343713428,-1.2630408833824516,-0.6939620138958137,-0.3023783856005152,0.35959489154866864,-0.8047773646462275,-1.182631005344405,-0.4106415767226741,-0.8264834303497396,-2.5631111690028643,-0.41341448972271416,0.846218426281854,0.8876847012260495,-2.1941371420782345,0.913301303148837,-2.43989312053376,0.942639380734041,-1.0566180359644441,-0.2573246830316762,1,0.7065875022512682
0.5828742359120618,0.32899112753561166,0.17575992426490974,-1.1520285689718408,0.016589559045155692,-0.4155645476559836,0.2570018778545553,0.13224075331579827,0.6766232987162276,-1.3804150179847066,0.7897956983370319,-0.1706763475651918,0.45919521767354693,1.6765056693637124,-1.5048910928427228,-0.28533273044765695,1.445927400989134,-2.1550749774828444,-0.6553454274073923,-1.2794499389764666,0,0.039560627608379875
-0.5021422637138228,0.6325610811962037,0.054580060876342734,-0.18849313205525173,0.381628628918821,-0.5670312437298092,0.8902956474242777,0.9774721241145531,0.14087997463138374,0.99478499684185,0.4757270419075338,-0.010763608028723802,1.4146299716365809,-0.9592363714299125,0.29707533994304897,0.9419478447450051,-0.3020541193542079,0.6193057603642151,1.1766133438389461,0.6244205506405165,0,0.00027093176496012196
-0.49057455028145114,0.44282871904082066,-0.25450242117451627,-0.02700435871461926,-1.6846267392266798,-0.14734025430933315,0.5024603780863807,-0.3961948340480261,0.9142667109281606,1.8425193559240127,-0.7102946463999789,0.21284193805628107,0.13222740864381566,-0.8549459218482475,1.7064094435760315,1.197167614964857,1.6317375054113068,1.1771735147927294,0.7200401036889429,1.0832229675338716,0,0.026614347709251935
0.6995915341341616,-1.5494829446415075,1.3647422485347882,1.2000200055914023,-0.7052479563860652,-1.5819661601522859,-0.2922665579247515,0.622636125689306,0.9568821334109541,-0.0771480292142214,-1.3262257037149274,-0.337541004841966,1.0095193658339858,0.1988294694175492,-0.7922478198511613,-0.9327047478851916,0.6931395427940976,0.5451154012607127,0.534643000220477,2.080835103075777,0,0.03648496459326694
-0.37377319559798156,-0.018170466878801778,1.165413609148672,-1.860562676358855,-1.1681283372640556,0.25456830433092187,-0.9713273526460576,-1.3234752494152129,0.454471039189944,0.8205841669991235,-0.7545817076236677,-0.9442928006046376,1.0204694538528418,0.9819061870064801,-0.20914718387332215,2.6370772541727465,-2.407935919118742,0.48626743596446614,0.3219834008549105,0.8660177242176099,0,0.407322630386834
0.09812119273479755,0.08315054276143806,1.1641296467214686,0.6392732463945201,-1.3079262650855634,0.7138494191122962,-1.3821669794840004,2.046800105290723,0.7751825440776712,-0.1260343814413888,-2.093428242657399,0.16126784949698797,0.172143598928855,-0.6321474378167028,-0.0933023171831332,0.9193565051179775,0.2829181855149699,-0.7039075466508876,0.5885980668114952,-0.9148618392703667,0,0.5492672180982958
-0.39599256686106565,-0.9685344575005792,0.5024051753692237,0.2028897497235609,2.5554632434546334,-0.20771710521089976,0.03770028356512375,-0.25930750313658324,-0.5016922505146989,-0.6611966891941111,-0.05834758149558748,0.11173891417740797,-1.0422454885730275,0.7801661372642206,0.5343139309016517,0.8411069061936893,-0.09014057664973178,-1.5583654327803542,0.6174605672831773,2.007989674295417,1,0.4676540632587355
-0.2683424475371334,0.4138254525708361,-1.3163275218221975,-0.7527429265758646,0.010578903559871183,-0.629252069860321,1.0631760946015243,-0.4696604714986925,0.023562270835424573,0.8266422693586615,-0.6296730061145633,0.4130186735463689,-0.039051678827898326,0.27677662290769106,-0.6327881695801407,0.14065695586738788,0.04484805797758696,-1.4350564975461257,0.7922702745736209,-0.06067613686159059,0,0.19655320000773757
0.9151605448993828,-2.5423011486021974,-1.7873026807531092,0.5727865193310459,-1.2146356882427565,0.5012318677605941,1.5840693219157485,-0.4435494775860566,-1.179050597928068,1.5536812881264983,-0.5297948081351771,-0.5975680603319489,-1.7652562502094484,0.1673123662719026,-0.9366781236250901,-0.7978800054388486,-0.11270094297428923,-0.4206384788873272,0.24012447155594785,2.2649080928446805,0,0.10309420886543101
0.8734319816526995,-1.1424426654555293,-1.1792033832707356,-1.8811105984894005,1.000685927887698,0.1729386380323237,-1.2409311351823002,-0.7201324460148022,1.3786055244130875,1.4987936876702297,1.4841186117606942,-0.20560848302804122,-0.41522493200505484,-1.8782428493165737,-0.9779388113788234,-0.10588408305013841,-0.4527527312154401,-0.5713099779397142,-0.7189472341484048,-1.2083932115734524,0,0.029032775807887948
-1.6737061604398218,0.2813198564982162,0.051775242600450334,-0.5814481103250055,0.3195157372708945,0.2957452015193825,-0.7301164193420102,0.17898879930238043,-1.6226205419649369,0.2219747103984612,2.1152603362865454,-1.605161096897729,-0.6678328782232097,0.5389150385384063,2.1038124757198537,-0.09821162057593864,-0.9004117276519449,0.344271006245915,-1.078656567355407,0.24373346465857018,0,0.009983313017253583
-1.5768364684828353,1.183091564042435,-0.7468678281787031,-0.13573778345542575,-1.1488875841196464,-0.7177881373373001,1.5617643259383442,0.6188484384980262,1.9256083502253842,0.5812294659825684,1.5445017420759282,0.9604699370667809,0.8984371983358735,-0.6560469415713092,0.7583743940821448,-0.07692910126783753,-0.12191783292432364,-0.6643971817647442,0.300779579726758,0.45002152563616676,0,0.01647228957846495
-0.37722901732289393,-1.2624834005973415,-0.39838959635628185,-0.6894302887121869,0.8378610672394549,-1.5303629950857334,0.5009271008051706,0.00830930919442473,-2.223175991965694,0.3430308216059485,0.040444889809012154,-1.6001876347896453,0.16157214545272797,-0.9697797836030351,-1.8563119442481428,-0.7025972858897498,0.14513039054542395,-0.45045537924541657,-1.0379016834621706,-0.9285187770717334,0,0.12731843486390204
1.3515465018493447,-1.1990192874580128,-0.9331498033776182,-2.011738153891825,0.5619892384198936,-1.538838208481327,0.9140882995389586,0.4259837285477071,0.4633746384862433,0.42680450646227924,0.24648774244936295,0.7415820642474765,0.34599131327255006,0.9612638368529165,-0.5470475022409919,0.9950792210540367,1.0653540713629988,0.2619868972729259,-1.4600172534344114,0.3757857456736192,0,0.008482524752877935
-1.060902702057138,-0.7204581998584789,-0.01546983421051719,0.16733528199353592,2.6852809776375017,0.6262646088175822,0.03754182637702072,-0.4139602617956074,-1.5719341225532997,0.07451906358023279,0.034298635899195816,-0.027509162172639257,-0.26216382960077433,0.3001468067330976,0.7475666323342103,0.5581769199801189,-1.2923138763170872,0.21769925761370013,0.6157606081554645,-0.03953574784285581,0,0.08901136676670261
0.3627545284325938,1.2599826196211945,0.34161250690433304,0.04879077939096359,-0.4206840969723478,0.2658223575285862,2.1602676663191214,-0.7251987880380354,-0.12477628563671653,-1.7481493034714173,0.6760026581509374,1.3086488583107518,0.34979021133492305,-0.011723159293333585,-0.872154960537268,-0.7177038246103866,2.2475122882221727,-1.1664978413400646,-1.035023711303389,-0.19131683316500986,0,0.032459781826813694
1.1081339510567296,-0.3679274123144843,0.8177787537711475,0.5312108059214051,-0.9247897605368486,0.1375630169405044,0.9208534928735488,-0.14189690524562548,-0.2927225961674035,-0.5985922851683407,-0.4705413039180066,-0.02937327599877778,-0.4651259365893642,-0.14871373123091716,-1.118342825181211,-1.9382632710527181,0.6356493452203744,-1.1422743683857517,1.2865922533371386,0.6582984316046995,0,0.2786564734201158
0.9992360228777899,1.93970067971862,-0.20530697304393739,0.65386430093431,-0.9042730209798244,-0.8243242902211335,0.6029713798414066,-0.8896863454719842,-0.6278124093313007,-0.2681558734957355,-0.7572298701367159,1.139902031352098,1.1728439632663339,-0.4330933550094754,-0.2946313372839302,-0.5705469338551838,-0.5210705890283532,0.7022384823309046,1.324507857449099,-0.55555601658885,1,0.22618860626140025
0.6089612496089628,-0.47664269858864466,0.7594556131007575,-0.5226517792458723,1.0327389221940173,-1.3560468975634734,2.0041008185263447,-2.08206634323716,1.822503629267401,0.7539141015144216,1.3201117733469063,0.2272925938971467,-1.9000104380401326,0.3609124904722552,0.7609018389829104,0.8640015597047025,-1.93589107900166,1.6671108352399522,-0.833874335136322,-1.0837838151435741,0,0.00258018956452329
-1.2139402005419322,-1.1092984382039464,1.063385592069608,-0.9313142602269172,0.3471866472885251,0.5528462341127904,0.7254838857520693,-0.2004708110988345,-0.9648489281564456,-2.073157422360735,0.571702332938562,-1.9565341182004337,-0.09777388232370503,-1.1659676719348628,-0.7768193692803013,0.2108883147818906,1.1709311091300447,-0.13112744370278523,0.7629941343347052,0.5905957232720903,0,0.03851594736827801
-0.06903611737698662,0.5489712701863821,-2.33137436412748,-0.7741636605537271,0.43648603090225674,-0.3662227015954878,1.8604435399977415,-0.014177432632724663,-1.1357160712807086,0.3993506047773344,-0.10383119837246935,0.03796931378485156,0.9854317850791536,0.846116924990474,-0.10888357445101807,-1.4088518098821927,0.36920349405832725,-0.39688917507347016,-0.2695450184710559,-0.21470197667066684,0,0.027836068675486634
-1.222088686685263,-0.4358386748562666,-0.3703765284217289,0.35541694144342745,-0.5121301966944535,-0.0792146329769723,0.11009890517544638,1.285807076744442,-0.6435488856076625,-0.11048675492405695,-1.2649814005582085,-1.2267948122448051,0.13746417042809408,-0.296633234996415,-0.2518805972257019,1.1567894235917826,0.07485925773581405,0.3157645491516262,-0.9283321841219171,0.31352064111235006,0,0.07117151256119962
0.4024973908174667,0.5008318941023371,0.044790471334109926,-0.28739662964298723,3.825397353178052,-0.014668924478390504,-0.5381898369913988,0.6478804014138534,0.8668221971909934,-0.5579943374932393,-0.45227769356586084,0.545577214527823,0.1078557305124749,-0.43935356210469273,-0.087844957839956,0.6425813388180078,-1.5987924803316045,-0.012003430825431252,0.9521229157011691,-1.2617630375901763,0,0.1084908427370409
1.0720052718751376,0.7362548806644761,0.08023505801346931,-0.3633354433484821,0.13484911816395484,0.9003538373413497,-1.4434576821437883,0.8222918858111725,-0.8583610201778409,0.6774083618825258,-2.5792339150143384,0.05135802571887891,0.9900561179757393,-0.7900307550604735,-0.42187706888280163,1.516897923235027,-1.9997048102402466,0.9907244331437643,1.826033223059084,-1.7561199088177162,0,0.15023088087421765
-3.0189274057596482,-1.0493791358307392,-1.0190518463984708,-0.2825384068550969,2.5356965220690135,0.7121620667852675,0.30688584239955474,-0.8813060073348522,0.3454789817863483,-1.6480394325054963,-0.3557486081622945,2.2505654574212848,-0.06374630500108498,-0.7319061850851488,-1.299356508578311,0.4703515969261235,0.5134512673841727,-0.7339543535409465,-2.3776253037401016,-0.015044472167919355,0,0.03983406951824404
-0.6285330756308583,0.6032684816800012,-1.372781374763289,-2.105274321128584,-0.6241560149552536,-0.5432831693549288,-2.0227103492672796,0.9962759506274192,0.5074417467967762,-3.1159229100769625,-0.1911323188667603,-0.9112873656658709,1.414078841322089,-1.4792613126661571,-1.6765394508525167,-1.738412113158525,0.3947616842637748,-1.229116315790139,0.5206108886476045,0.4704537586192147,0,0.17638878757345383
-0.02887004583713035,-0.24510806727516013,-1.306313777584926,-1.0624682992800951,1.1877563984920212,-1.1899065848624972,0.6314514450362617,-0.10482853056490946,0.22498462500753427,-0.022226029913656974,-0.538203943875511,0.9884163448347932,1.2325074445241355,0.3099901828552987,0.5899571854678277,-0.08926191202496597,-0.25566514382761857,0.5589868201120167,-0.7138318725431353,1.3617016509846906,1,0.041123965884277365
-1.2512227054520446,0.760604858811842,0.22664258526554845,-1.2379243742391814,-0.2764821324486087,2.5183921140455854,0.1875820594899529,-0.745882529310395,0.6344707098856134,-1.3082123844461342,2.7066928683289864,-1.7876277438256476,-0.39342282996985845,1.702598870394444,-1.2707560073661714,-1.9134889125755192,0.16491688849772784,-0.4803534978292529,-0.23467106792002626,0.28909721159768365,0,0.004513310294452837
0.33724764500794957,-0.7021637933894566,0.8601891344982082,0.46968140178130413,-0.5712031594522858,0.8240037182073022,-0.7110085263586197,-0.7897439833644444,0.4242030164495124,2.1816886747365904,0.8822845231523149,-1.3330971212625329,-0.2789534937579938,-0.9339347882782701,-1.3789494958905721,-1.084046783242535,0.45449474358250475,-1.2062003701310475,0.6933480407621092,0.27802766349863495,0,0.048918311154553716
0.34379650406961615,0.7776682116048927,-0.21499052117608874,-1.4118082387382638,2.1451012042493525,-0.8814636216911516,0.9799234258020583,0.8423598844210985,-1.200057560855551,-1.1763523227354824,-0.7515864506838823,0.6737093696957828,-0.9551654614273907,-0.7090536292333364,2.921462754233946,-1.3733831631870472,-1.2254431061368682,0.8446709182766705,-0.7417416717759588,-0.7047365407192041,1,0.9837988661137194
0.663211692279237,1.1550772976586798,0.322304532182897,-1.0719845321492907,0.20240425904028672,-2.9291374903343317,1.2879186627031018,0.1172866429196698,-1.229418006060582,0.18704335413422044,0.5669490444146745,-1.4423889566853025,2.8126667534424543,-1.8952254228865855,-2.048256026076657,0.014786901694734926,0.14685461404470604,0.02182799377213665,0.5684972141291639,1.158879386701115,0,0.041050173086096944
-0.16704958176510806,-0.9338531008592595,0.14845394858996122,-1.7074436785956555,0.5934930470940767,-1.0617633284650232,0.45300289395540966,-0.18929728590392728,-1.1328918845405243,-1.2397791404718388,-1.0502181872731655,0.10629728906779799,-0.36031904620891475,-1.093104201557295,-1.3589302831799448,1.5653912842279991,1.2879045567355476,0.746545376045614,-1.9313987987077073,-0.2098124659805528,0,0.08229670472059747
0.051671349772833323,0.3135787148353196,-0.003025226961599716,1.2891663445032036,0.38013327434234256,0.07638465386787559,-1.338560411569952,0.8671801086465719,2.2817147807129623,-0.2618268023703524,-1.1627637232512342,-0.6050953530702534,1.6347819873836924,-1.2565183085441978,-1.768886407872333,0.6002408685414401,0.3500262641544824,-2.352641545523526,1.1807082640433046,-0.5298099581737845,1,0.2543007444765444
0.9906925295894153,0.5698904984561634,-1.4571981966350989,-0.7359368362486682,-1.2349000247758901,-0.712513763012515,0.12978262940077465,0.958568278308663,-0.5396282697989017,1.8190343473404276,1.63983621311725,-0.4945966592883346,0.2824508334409077,0.2821744758815083,0.16840747878669263,0.4048756302517301,0.7481242853732907,-0.09617179219172245,0.38624405712392484,0.116252348894641,0,0.002993374946968745
-0.522283608556016,-0.6038757578764195,-0.49721987218671737,0.7317919613354039,0.06921737448406699,0.562539760969667,-0.3107240476024497,1.12024284329122,0.8842416297800216,0.11395038488663162,-0.45158325263440074,1.623774033976245,0.8901139089190951,0.4980849581141916,0.3500494722278566,-0.3775596136683087,0.018363383728502228,1.689234348144627,0.8257960111528074,-0.5868599874883723,0,0.023021875010306118
-1.7208264214318327,0.31895593310585657,-1.394193620305776,0.21611668072899223,-0.021791412369621187,1.6345663899838956,-0.5698320913292505,0.09472995426972447,0.5123872694630919,-0.4399055694707588,-1.0598293854557144,-1.8244756125950665,0.012097687498407327,0.516336490174118,0.5557076904653406,-1.71033848442965,-0.269621444105334,0.6380839830460038,-1.0163743160412404,-0.16692829299200074,0,0.06033631944197187
0.03147940390310741,-0.376173009574895,0.8289002722979131,-2.0977679064214843,0.21681333168484512,-1.885160851015302,-0.8661749765165025,0.08930425583728176,-0.35779753868043984,-0.9662663862354579,-0.3413172414044181,-1.0187876002244993,1.2419439129868366,-1.7858221115553827,0.15292028405058938,-0.5626399676058361,-1.2117873341165815,-3.819105097157661,0.6663895062160926,-0.19515397041673024,0,0.3026664499736677
-0.008246134892893178,-1.2128553721142472,-0.45067957319462665,0.0516188053161197,0.05762686819441858,-0.19121005342162295,0.7149995276324222,-0.5941035863346776,2.2891641561651404,-0.939824537347026,-1.09601426255212,0.518775717705397,-0.7691033396727953,0.14476655926558957,0.012927115210324105,1.785973523469046,0.28997460781693607,-0.7582143129507678,0.8821720152022703,-0.28705040340063565,1,0.5425969122623188
-0.29446404536099247,0.38611968981937655,-0.3005088615276558,-0.08411612561800996,1.1693932656174668,-0.6262125517031406,3.2138203129497502,-0.3292276771061615,-0.5959742355178562,1.368200663535971,0.5621012569080597,-0.7925390845511884,-1.359894631782243,-0.6192294592527005,-1.23745928018817,2.9464847252591646,-0.736391547916935,1.1766641011509125,-0.55306649146041,-0.4981948963859699,0,0.008712016668294601
-1.3220001699560453,-1.0036886587990932,-0.42126428128521815,0.4744275896244522,1.280749769489446,1.2785217127457393,-0.6115453789475269,-3.026476084081483,-2.323290440049347,-0.5867240553826607,0.43445670236299794,0.1259971739028271,-0.3249762101197064,-0.4006337516962014,0.7001119177648094,-0.7833020868648998,-0.11314149362295778,0.12314280254428614,-0.42068524784339867,1.0363449409754142,0,0.05149244289795702
-0.501526326936832,1.5694123656785917,0.5027385115957858,0.9621786235295136,-1.4214496966098908,0.5984578279714245,1.077813527071425,-0.3125496636295066,-1.6692580135065442,0.905649567468386,0.029010430820968207,-1.2728519112722811,-1.2188788050387322,-0.4136770923400763,0.8144796290974841,0.381307090970902,-0.3067338116099569,-0.8892933284574288,-1.5428647983185084,1.6183844906204927,0,0.3585161358621405
1.2025457600981415,-0.3704036523456434,0.7433836057815338,2.0907029549198115,-0.724000477985442,0.42596338481288726,0.894107578613282,0.9703205486328534,0.1518458524204076,0.12249375026261138,1.294894944590045,2.6633674291521863,1.7749678053974705,-0.2113958874687392,-0.11116981206018224,-1.0786194956465165,1.6218945864976966,-0.947585600596361,0.6951386411636029,-0.17076329455168246,0,0.0040408469722672926
1.0947275079367151,-0.695265857636786,0.42651433593160787,-0.6693847330875368,-2.363307083875677,-0.4330515080546929,1.203449043435172,1.185234445021255,0.5274878092655909,-0.8129510320103771,-0.6924548811694334,1.336698160048661,-0.22308050411677174,-1.0773229035340712,-0.546165800744827,-0.8735088005568421,1.4407836580499382,-0.26274126791682734,0.47442697451654314,-0.662222951693456,1,0.5709220162398038
0.9928319958790036,1.0080406750192363,0.5043259877961717,0.48793065293159504,1.1629102391801158,-1.3010821723471104,0.48318054493470397,-0.017128188311573596,2.2870587702421625,-0.7935084047001918,0.3829267689586229,-0.5961357443217926,-0.13450267872962388,0.048724850462122125,1.1942437613861356,-1.1895995205197407,0.7127924209577701,0.5753140743585292,-1.2034611601434049,0.515600085327793,0,0.017355467327336782
0.2938628149320586,-0.3985322179794449,-0.5342982631645508,0.16357585035566752,-0.730907849584625,-2.564682376265357,-0.3514891383499074,-0.4732160927643813,-0.010502842051976553,-0.5301562095481306,1.5630134549817796,0.8331726898566446,0.6630098651464912,-0.22258679303102782,0.1433594529569328,0.24422575917718403,-2.1058260628012286,-1.774610298186295,-0.06995724233173797,0.20181642398893992,0,0.4264760243583594
-1.1918877250758242,0.663261719639099,0.2735031628017325,0.6537026903254912,0.3282508925168659,0.7405088077371188,-1.1645444467476114,-1.000067256056268,0.6992336616048461,1.7804247260550294,-0.8474545959213222,-1.474320970553986,0.2920327402979316,-0.2917873491082208,0.9955309050865279,1.6141949663429052,-0.33247190783870206,0.3494235198302664,-1.0300078164493254,0.864252109094611,0,0.017335887817114877
-0.16120922427146792,0.5657515408627103,-0.700007859362731,-0.46372827082704526,-1.2762338832307607,0.18978513712613207,0.12826005074744712,1.9011684127894706,-0.9356377384796504,1.0585538557082719,0.7556504662896608,0.021625713306608525,0.8160108423691369,0.9540017145304748,-1.4476346198514025,-0.08992249799234894,0.1305793612748755,0.2257900874878767,-0.12290433034011257,1.6020043514360411,0,0.005700185491807167
-0.6897387851158461,-1.6783739704249814,0.7107028649599999,0.9564193733836539,-0.46752730285196803,-0.8481347579982506,0.4115367752817489,0.06773488150329736,-0.9463391984118953,0.32882287164571683,0.8011203438220987,-0.8217285978165547,0.4322059298239877,-0.8093930866559829,0.633074482988402,-0.22819621728331593,0.014078294605969164,-1.698465926740467,1.2983546825643497,-1.2542489043444547,0,0.02987701391697137
0.8234034832864041,0.9307486144073125,-2.0382801475694623,1.0247406591251091,-1.1744660089677406,-0.9558163992138944,0.7198556852007484,-0.20822732482765777,-0.4210447451606405,-0.47998039538594117,-1.1140286463346227,0.49714184337956563,0.7910451149951464,-1.2683211833496812,0.12369157683051517,-0.39506571808345875,0.6844709124732056,-1.2922399252009602,-0.19229014413436815,1.7948666189858011,0,0.44212112176392443
0.07558548421783691,-1.403306341840796,-1.2690387546594935,-0.10333903271580412,-0.6464345966623367,0.2150066025047791,-0.30700731510240575,-0.36835662736189584,-0.7108061952171901,-0.49289807897814253,-0.4813542004634595,-0.22444380164453973,0.5280110213264151,0.542500139728773,-0.28524767635636006,0.018332708086315506,-1.31683106330078,0.3209589232379527,-0.23339150774360984,-0.5160508200690925,0,0.196912628344344
0.019101564531025506,0.3796288341458614,-0.6576699761651196,0.8628320553981506,0.6104955076954307,-1.6510887783570745,-0.8812536354982458,-0.9839192516461353,-1.3315292302009156,1.063874708956628,-0.5556990604439775,0.4117066343577121,-0.4452812470750544,-0.37636068799364675,-0.021943742219289186,0.3961780293195549,-1.1253469561982943,-0.19753210386517392,-0.13186492284525012,1.6011577932179883,0,0.20183390454501013
1.331289355786341,0.3839862139854036,0.8971116977069705,0.6786448901358685,1.729570816526794,2.1503922826074993,-0.40034895873587356,1.2626297231719934,-0.8279244720368433,-0.2962257248763508,1.3603098171208068,-0.3635952528987496,1.385721127152495,1.0580539056943745,-0.466240028430258,0.25000403855277564,1.2024374986905977,-1.1208285431040714,-1.4396425232502503,-0.753942886626221,0,0.0010192999111762742
0.6810612229975238,-0.31599565762069254,0.041821683988778,0.5203231214376767,1.578958291360422,0.7408985179643118,0.6611549289041029,0.046268040491205364,-1.649198171557866,1.211902425975436,1.4323688476632737,-0.514312725408683,0.6765755125658274,0.5623112472200728,1.037480588663293,0.9339630731911267,0.3239843416301378,-0.5775660803868036,0.6078567273304969,-1.0049637951915045,0,0.002378466583599934
-0.6705015208086391,1.31626205764473,-2.7573216888292302,0.10770219402617096,-0.05855085385226601,-1.7924059373595531,0.047945536329257,1.0029510632337588,-0.3652134924487946,1.2373132429995253,-0.38487127406724814,-0.4314343650430805,1.7076454326167645,-0.09460395276803599,-0.7110476482212319,-0.34020620369610954,0.371019541169664,-0.6962648021051265,0.480126102484933,0.009730459198608349,0,0.003569730441796928
1.2919960451177492,-0.33356655724823675,-0.08418826341291114,0.6073077972168069,-0.002491563819512817,0.5003588060683635,-0.44420966722426436,-1.0235558720279236,-0.011710990676826134,-1.1461706058886565,-0.1641043710536366,2.175913716778498,-1.7636828421971873,0.8811258193282007,-0.6329260694108595,0.1409887011819444,1.751699442531544,-0.6343285404332307,-0.8283050514666987,1.6323483140155701,0,0.0038891844651428578
0.8354855516245406,0.07966318800865903,-0.17264714434705866,-0.6032045125338559,1.311816500731747,1.1460057889106423,-1.6058669777209116,0.5241299385116311,-0.07704084285709599,-0.8296864953804907,-1.1047752720699842,0.6244371186641234,0.7030818798288871,-1.2042200116544657,0.9734832524839618,0.6125273902974554,-0.8136277986617952,2.934618247047471,2.0812419908306596,-0.8483614617051022,0,0.007387251360981615
-0.7944250027423568,0.8230689589783107,0.8184075059503326,-1.4152744279302307,0.5861518521794274,-0.5700532853967226,0.9848945468671831,-0.09820048800168105,-0.12527322511493033,-1.2544414069831118,-1.3637360215190633,-0.8877218973132679,0.13013192926242764,2.5943485960407653,0.5020757181171182,1.6491364532439465,1.29731150829681,1.00219169267365,2.066008418779078,0.7897710873220228,0,0.10554971592040965
-0.5034510245646249,0.6106606862541871,-0.15744010877538986,-0.9814052815986779,1.5775522561332187,-0.38327694239389876,1.142005769408744,0.4203165307136923,1.2044956378262635,-0.4718707819522227,-1.1756349086401554,-0.13218714482371394,-0.18145044874808783,-0.9268153173209194,0.4321058334193877,1.2088848796328846,0.14691107944078582,0.10119632933103222,1.9173944631575308,0.8331353357152803,0,0.14906355122940892
0.3542814792736704,0.41654672337640064,0.04492164806795016,-0.1323449453918746,-0.10302355053521402,-1.398384347511189,0.2319005684465394,-1.5865437572441758,-1.670041725067707,0.19120975127790624,-0.46858849215198384,-1.643855648143125,-0.012694930885529435,-1.2578271993967765,0.1113299119532686,0.6764980564515523,0.6383174576790093,-0.7664950515565334,-0.05874249811607214,-1.6241461078250106,1,0.12428844794824592
-0.6178918974206362,-0.323510094644044,-0.593279299525808,-1.1438053616118167,-1.5641697286827985,-0.9817872273526228,0.12932845062535284,-0.8677117129864506,0.04087126323607707,-0.05561909175062948,0.944675650258985,0.5023812741583003,-0.08840129409714013,-0.17257745631998772,0.49137452255312625,0.781060569701142,0.19509004173941757,0.42024961729262794,0.8499840919163972,0.009080999664885885,1,0.07009698204109495
-1.1481973392659528,-0.3554724096827064,-0.38220577489971364,-0.568472110779821,-1.3227990578875568,2.188442543582464,-1.0466793744109555,-0.397860915178422,0.9204638704759996,0.759224505739587,0.5844694309599151,-0.7611492120308234,1.027129382407575,1.0596683446704698,0.18559128833606545,-1.234069380009027,-1.3669984576884813,-1.0192139892323415,0.2556819448156666,-1.0236631660694713,0,0.13727140956065326
1.508333149593183,-1.5631647581170038,0.6520778928669707,-0.6868548763999495,0.440407505221153,-0.3376579257461085,-1.0060182961023818,0.2907981368720268,-1.2799586293003964,0.0786132970717922,1.2987847863291697,-1.4154656686091016,0.6302576222786245,-1.3452955379470941,-1.1560578015733936,0.14810390698754727,0.053288661001543176,-0.9825806526247496,-0.22905879280949668,-2.367542870426445,0,0.018638237276423903
0.9766623470660952,-1.2800368037248546,1.6151246655483575,0.1630936638635049,-0.1755506776373895,-1.5092195711335423,0.7005230840684282,0.10782223225689788,0.4172278476968688,-0.21068854093712364,-0.17242742816416967,-0.7850083998089953,-0.39701690188187294,-0.9147995897320431,-0.9160438546042431,1.5580069188738792,-0.860771204650127,-0.059502106822789586,-0.6081880273674581,-0.17623783489692085,1,0.22497065738440483
-0.7738563312309481,-2.044932671278218,-1.469358981519638,-0.27511573908186354,0.35394408372563474,-1.0325722811230567,-0.346356859231348,-0.5207580113738783,0.38504520419064725,-1.7184330911939745,-0.8913626138506072,1.2946062181883133,0.5754185105221978,0.06024463738240385,0.026301315820067412,-0.2152577988926822,0.576225587889139,1.2962280813649842,-0.8572526779237527,0.07442143038875845,0,0.09775677034694744
0.14859170846283562,-0.06424411256470171,-0.7722724235057128,0.03610835388482004,1.0798394368970792,-0.33262563845770277,0.7799364170757765,-0.0012294002391314085,0.8680904012237766,0.2176389015127704,-0.5242910679500753,1.2546975272991854,-0.7198201646274865,-0.8033226958406081,1.0443730335581216,-2.3916849168675385,0.7382040769679082,0.6395392781179126,0.30567674678129997,0.9535759976253285,1,0.4941292009736308
0.2302317814404671,-0.31192495720927393,0.9819424236880177,-0.12687754705556686,-1.7562599692937249,-1.3957253179117786,0.35201500062480157,-2.2780362990534857,0.3185311115068043,0.26137714926524386,-2.0151374181421957,1.3091432730308603,0.039316767837859666,-0.31732202933068887,-0.9748680692852718,-1.2756243936064213,0.15541992974466218,-1.4932542490415563,-1.7148837573335058,1.345385649069798,1,0.5811446594592322
0.3898915835339352,0.3078302602922397,1.1149880930366793,1.2503723445437829,-0.40324563918937945,0.8648483376004772,0.36690452621873926,0.782711793505244,-0.5562105920944124,1.3047230061188566,-0.6395230589366583,2.592462427689663,-0.5024319223976216,0.787943716247109,1.4282936686446637,-1.0264204701980582,1.8963136791933017,0.08862585922980919,0.9588114913030794,1.1799888851650697,0,0.9667849476811949
-2.0607590977834516,0.05506659835000868,0.18864649013042267,-1.4367178056358665,0.23603289396341082,1.7349413731807084,0.3637841580376937,0.9575297600609235,0.5065122990316653,0.6818844656249643,1.0501051790680644,-0.04080376690050194,-0.3302825788148868,-0.12656110083574926,1.0192508320242673,-0.10464443118518414,-0.13199373618466276,-0.06590369430903743,0.9478119287973079,-0.4697640917631116,0,0.0664985887626694
0.01237674691090563,-0.9780217963182355,-0.6769808298342517,0.8746849530069203,0.30031625590355837,0.10378447556213799,-0.015163166122696428,-1.20966871781579,-0.3249333775154933,0.6090545178759452,0.45897870471418795,-1.602284364883697,0.3762540762567679,0.9782364577461908,-0.18401370620544102,0.42027416395976186,1.3327146366002953,1.0868718981265388,-1.2210739438021159,-2.2357272224921436,0,0.0029111858889808648
-0.08043632073982136,-0.5672247890139774,-0.4991281246105536,1.5863078069469463,-0.029090419674465087,-0.5796318785573532,0.46843805164658014,-0.40463223798167486,1.369635521267325,-0.08459419996120295,-0.6308733146366872,-0.10856782907330616,-0.010974609244444437,0.20877136869419807,-1.0769096836076322,1.3768685523353892,0.2438132791194123,0.03401972722072056,1.22180174103078,-1.7691888186522133,0,0.0645098050524981
0.3362886258648157,0.4217669357140723,-0.36118301173366596,-0.020036759412764074,1.1409510277736608,0.17850998892925374,-1.8422259587851437,-1.199049293643749,0.3359458818221442,-0.1633224580953743,-1.0541393288411227,-0.8091451523420056,-2.0193503898846625,0.704695378092542,-0.468929088581507,1.096361158539215,0.1614052493602395,0.6761373247145307,-0.432835904904381,0.8409911711422288,0,0.00958408189597759
2.1344088785054174,-0.34135110730193197,0.5904923908579872,-2.77053787390167,0.47271286543333835,-0.5230188696737618,0.19572830469590452,0.5795143309373683,-1.6943654500973997,0.5082426403103515,1.3791196328285578,0.6817252909702906,-0.22132186513362612,2.0560760523689137,1.1263075337685224,-1.7540912979000811,0.4959457600260485,-1.657292034852456,-0.06498248063398492,-0.576112409187531,0,0.5150024509742703
1.1092490407946947,2.097196416007272,-0.49411614317728547,-0.22562434017162877,-0.4352422441229848,0.05399012560593559,0.8855826774166521,0.5176176983169805,-1.170477612516576,-1.499938538377681,0.2876373533494992,-0.9850941783166529,-1.2836687761497563,-1.6863830205251806,0.7829083268545024,-0.7382219765290595,1.6493648143858295,0.49166077674446507,1.4403722083993526,-0.7680173037360257,0,0.10165452038756696
0.14956659731435842,-0.8462639677571138,0.8340672262526746,0.8977396969040179,-1.780309857991413,-1.0918869339722015,1.281354621440821,-0.15528834214928164,1.018251885870703,-0.3379367580513773,-1.6776712315644036,-0.13523440965488798,-0.8917854806073835,0.9805384015065863,-1.7384582708613097,-1.7903073080800782,-0.26450691155080036,1.0921722911485838,0.6273087970361162,0.42872647501862765,0,0.06550749790260128
0.9838754350998778,1.5907868097808169,1.268917640086405,-2.5818111019470207,-1.7781263778067549,0.3198255127408989,1.164757134335047,-1.439292135949506,0.1263487138075078,-0.7417401132916126,-0.6092485525089993,0.92680895163132,0.46726997510088153,-0.6650978215492792,0.8304027807506996,1.225201602567186,-0.7888820784549124,0.20309711393031024,-1.1482587103391597,-0.34433911559760044,1,0.7565573553387697
-1.1047446554177627,-0.32264460709641773,-2.7267383082156167,1.4994346768727433,0.49053805766267455,-0.32259322529688594,-1.6537120163104377,-0.8850562717025569,-0.43083741422306693,1.4066867404965897,-0.8962497194925149,-1.9479908317193537,-0.45971175575651557,2.128830554395603,0.04681232411404721,-0.2459160348217544,-0.10194677974512004,0.4976065905842005,1.209873734256765,-1.2538769284773572,0,0.028862710438686694
-0.24811691366605496,-0.9873622336198253,0.14299045892487783,-0.5382761806782129,-1.180151919986823,0.10043389839426896,0.5862035564730801,0.0033832204756166283,0.15347276131732607,0.16510516126792824,0.02285052864786159,0.7417833841868011,-1.6694181811046522,0.6338533755922524,-0.7650383811952537,1.1505531076547288,-0.39657579331505677,-0.8436570290555574,-0.1681537818075289,0.11539757486285024,1,0.2875008509078909
0.09110585445228013,1.2483704926788193,1.3099981699894665,-0.36333475402800147,2.411866954595914,1.0304749142118945,-1.231595802245308,2.0581886741432522,0.8611005655441321,0.4036388771458397,1.8113540673997286,-0.362312843187325,0.21127800220195744,-0.824061945067637,0.015029749509267902,2.5776699936647205,0.5556368813121524,-0.4369274396852202,-0.3510419568770186,-0.5811676144065849,0,0.0006005058240181023
-0.47671789345330595,0.5522640020896596,0.06756372619818596,-1.1852135214618997,0.4419225974878394,0.7758610075332273,0.03509998384586345,0.35199632396694314,-0.8477181190376331,0.26268020197943376,-0.5735412762571646,0.2692342162538748,1.6083700332056792,-0.7051276645600338,0.8912475501199497,0.9663058544342505,-0.520981717647767,0.34853788899416616,-0.6880121554624669,-1.9607053156607808,0,0.003991365220922621
1.3772987089560036,-0.5787388595706016,-0.19157794166018968,0.47483879571784743,-0.32532476202419136,-0.7943419931261282,0.08283694286052279,0.750158194844368,-0.6518734517130133,-2.9133490962637554,-1.6728125959417253,0.29122042733179826,-0.5224704558441966,-0.08147606804280642,0.1977398690902727,-0.27500638799403987,0.4108126735845725,1.508322924433097,0.1261283057018851,0.12306531764028968,1,0.6688723504298792
-0.2831846713428479,1.7072190302201098,0.07161627009165472,-0.34932134980008417,1.0543208591291475,-0.47415604022618746,1.2745933585624183,-0.2041329433760032,-0.7323946288771496,0.043529758220859305,0.5357580116336752,0.03320479420540095,-1.4886132565567953,0.42706256622951794,2.066706571971279,-2.1542163059737716,0.25446033282775415,-1.7760211351660238,-0.0946535353265642,-1.0946847404870916,1,0.9470667447052448
-0.4046329794931927,0.03868808621362219,-0.43499450720057675,0.4990891217216381,0.041217352407072,0.9895028375652541,-1.2105073158715614,2.1411330542718363,1.2133586459460257,0.6854611039614135,0.029066467170336282,-1.8791119254653912,-0.358606290918629,-0.4859988524857535,-0.32954152433299555,-0.9418224212834001,-2.454683370245856,0.044974965869796935,0.10706417661690967,1.2165772365812721,0,0.11981039489009852
-1.4746233958126826,-1.0312633794168022,-2.4059096769376223,-0.232170671476331,-0.9027552849825865,1.3498477798962492,-0.3296463054893452,-0.37064432748277837,-1.1011643592678688,0.6214316802032012,1.5937356148842248,-0.6918636805812229,-0.7756399918210929,1.5799121561995177,0.6416347808948397,-0.19244727199849226,-0.7413486891057876,-0.29678950463674303,0.8424102592301487,2.6604906724437325,0,0.07449705516790113
-0.1433480456360054,1.2793987469036032,-0.9073343331912826,0.2917602175404041,1.2265662091539553,0.46905813436684757,1.3531663309719908,-2.2863492677879806,0.15506409264911433,-0.9872721246694015,-2.428016427622505,-0.2819834768031098,0.8324253701628672,0.04741564379507278,-1.2456077522363005,0.20152735275138145,1.6550118701172705,-0.7631819093713025,0.3528624552234285,1.734834903190341,1,0.6012051311120521
-0.371340899678203,-0.27770597452652446,-0.168108195012869,-1.3404659581495952,1.1624724396072887,0.4176746413051211,1.5118932676520545,2.456033717953015,0.04286910031486753,-0.2911908024342908,-0.0653554929541914,1.4958952122256806,-0.05591141933408446,-0.08840751715325815,0.543561965889281,0.5426282490445252,0.04815533622795272,1.3489558031652433,1.1321220429191794,-1.4152118078482872,0,0.22418517326626355
-0.20490371184444206,-2.0173907132986297,0.40500423558833776,-2.1714374163724885,-1.8072411971099118,-1.0492727338089738,-0.599839637823333,0.5178733210638582,2.1322718690083917,0.2058835388763771,0.6852511303310289,-0.50597148764284,-1.1270113712098269,-0.11557327741103293,-1.0037061205492128,0.3735900711264463,2.377287579534568,-0.21399096788101127,-2.1082428537910824,-1.8434126541264964,0,0.04606448969971437
-1.4278073435433871,-1.338514273823851,0.7272280859204667,-1.2624402489585596,0.08202209313089316,1.3083174430731381,-2.0924246789502,0.5043653390470881,1.7679650002282146,0.6197973074716122,0.570366079549501,-1.4528467857096328,0.9461309969025996,0.7102763288026681,-0.19829048866462043,-0.5652391246453258,1.3848075143278336,0.048667493686368156,-1.4578140156545436,0.7834899722588089,0,0.0017670304397998018
-0.0014007899216604714,1.053702137754359,-0.26010770016825896,-1.83955234447236,-1.6002120048667303,-0.5290198311921901,-0.9331305341965983,0.34051686856423463,-1.64200406504708,1.0347920055072548,1.1228392104855476,0.2753638974867849,1.2472458017177184,0.17295605246698062,-0.6632461582364799,1.3586259435881987,-0.7805627534967196,0.617416446087923,-0.16100810589984654,0.3269951520301367,0,0.006446942225453616
0.9453576386422646,-0.5864778418506584,0.6907259219811297,-0.37082010612405064,0.21363621666855823,-1.7891380981737897,0.636887573492008,0.013762244599080844,0.02485944022819625,1.0414669601378677,-0.5782529117832289,-2.5450684001164037,-0.47138548232635713,0.269240459412606,-0.11250319486532072,-0.31798104386666726,-0.2801514917595635,1.2546961598002973,-0.20032620956322103,-1.4760532846078385,0,0.01579047146997705
0.026504787051937442,1.0500476325869743,-0.8927651235360431,0.6454157095163615,0.5140816905116166,-0.04260902826427845,0.154727485965768,-2.481279627400479,1.0595747682412378,0.23790232456850258,-3.128458488422209,-1.5592083963721213,-0.05584010222832919,0.7847952328477752,-1.1452748462327729,-0.8784467207470872,-0.0091430338521659,-1.2541555863271994,1.0859232488680468,-0.5133292282406338,1,0.6840590893564151
0.5506681535031849,0.4603303434181096,-2.6598387650993134,-0.9105376775431787,0.022953901426920064,0.990783191255189,2.2464668414195286,0.033980837257608656,-0.2613859159194044,-0.25867655657410976,0.6830292710645404,0.17287748086315516,-0.0018293333187672136,1.4778895813423054,1.0094376848595095,-0.7876792515148063,-0.07474226501040646,0.36191766484292764,0.9522447849016904,-1.298449115184723,0,0.1193713964685297
0.39237555156434173,0.0503971366258188,0.0699414932525039,0.11985033461419078,-1.2525988400386487,0.33847362124548,0.06723869537234956,-0.7839661587176517,0.4670424976865646,-0.07582793487428435,2.152233275510334,-1.1676593165372706,-0.07279466034644176,-0.1332483497930475,0.2160550948528286,-0.6337489685165432,0.3582034659424941,-0.15273630988461107,-1.5009100508174749,-0.5372104673081939,0,0.007900268795955415
0.2934516679593815,-0.7725929902654617,-0.7716701104925764,1.5541133507240354,-0.8953185030768129,0.08162788581300627,0.11757278313164765,-0.8825190339214285,1.3029285993497788,0.7223822321807706,1.8507040382826219,-0.7674079178837395,0.571171139094038,0.23705733350837319,0.07720734542130432,1.2269104058136582,-1.1236894100221821,-0.7550755216515005,-0.3151632262735187,-0.31050723686664833,0,0.03242550802553719
-0.09868713568136418,0.9872366961387737,0.7126805908480425,0.3956709321084336,-0.6443751217202259,0.32927449454126867,0.4079974917249443,1.1266946206343644,-0.4865733049897564,-0.41517702044366134,0.8944784977476755,0.6914895718183744,1.0750910547212587,-1.4762394886222223,0.6010243869643888,-0.8599523671161984,-0.4860231251686009,-0.7775383278043027,0.8087368421359311,0.03280107209466752,0,0.006977341136206696
0.2028968585870295,0.03647817626159993,-0.7561886791440638,-1.9920073002433534,-1.7907496428642922,-0.21026635444590464,-3.0856222357109653,-0.33908019694239605,0.7799683747267419,-1.4580762256911597,-0.7892758351781511,2.2727080012773544,-0.41578680529830225,-1.3123123809243185,0.5100557456290651,-1.6206957864563019,-0.80842509444735,-0.9255326071936605,-0.4164652368591901,2.7391527704974,1,0.9922470212128761
0.28254142174889313,-0.6375772348644011,-1.0948242864078488,-0.30712453852134947,1.968409999733004,-0.7381941172951991,0.2067222469898208,-0.46907836104913514,-0.5282659135247821,-1.2289371747930722,0.6403428380526538,-0.27343079037641543,0.4196798517496622,-4.098517616120673,1.0977989841371691,-0.36829685367144577,0.9562229221377639,-1.5630032238488432,0.6318099044073343,-1.101066241230345,0,0.006690022753142633
0.6577486662709089,-1.2509913185721706,-0.1712983382474983,-0.5158828914136219,-0.3148041962644683,-1.3607678000482175,0.4077860778252916,-0.7155477654342395,0.48384810539829254,0.9034003570977462,-0.665924417931297,-0.6048795788011674,-0.03963344108066229,1.7379755410485127,1.114633605494986,-0.7533270544932941,-0.6354832219624823,1.4971050002713375,-0.34855087138710467,-0.8272133396046003,0,0.07763491952665201
0.7031098731905033,0.7344646533331769,0.11856636113238586,-0.004359592421990678,2.4628820846192694,-0.8254621565020851,-0.241012632135083,1.575976887459988,0.8085112318380526,0.04619550565402087,1.0017658196020203,0.7699744019770476,2.7075226761288156,-0.4341018654293646,-0.3316614090347974,-0.34427395424499757,1.817127640836496,2.12140748640634,0.5287957448569686,-1.2562108750299459,0,2.9863902987545864e-07
0.8588638762531613,-0.6941167847162619,-0.042213009066763105,0.05155176766324575,0.4249634599828965,0.5469038013750416,0.5945479182054262,0.8338918305679706,0.5264236811308028,1.230155366064463,-0.0847577929882113,0.656138620689134,0.850516965931539,0.4571552846450032,-0.5815057926033923,-0.4198892605320471,0.2543679156463352,-0.42903702874388927,-0.954676440204988,-1.6265873409983789,0,0.015216054854673167
1.0883778364247272,1.1495851540241993,0.8065154414928875,-1.0392314304004509,-0.746561288709583,1.0761779583173068,-0.38101429799509345,-0.1559855765173284,0.027450236107706985,1.416304215087499,-0.8166167174338377,-0.6087836136168824,-1.0335189125000448,0.21269844062636636,-1.2955936555244965,-0.3559608656029845,-0.43973460642216455,0.03377395350480919,-0.24958976022307372,0.3529877453024262,0,0.10320225083831469
-1.0261253060211684,-0.9270294752448831,-0.23013731876139754,-0.6295084362650589,-0.28284649280240665,-0.3171682821373567,-0.139094619214728,-0.6277209602096184,0.7153386659613993,-0.19724533898791832,-0.49227746498744146,0.9092100700840355,-1.2374522300805972,0.79609451770455,0.5348082134472729,-0.13109214175447073,-1.4670213615360657,-0.0108279747051935,0.4564497473771516,-1.2473918425624275,1,0.7092700405534573
-1.550222555456277,-0.021146704040695914,-0.6148928132310787,0.7680624787518402,0.7669014418221617,-1.0595208035214647,-0.850189135486846,-1.0453492905374189,-0.5085139735857883,0.7225679053699926,2.2415524444675614,0.6718529368191061,-0.5521576977295994,0.019040534580904715,0.3805032295501736,0.7283769164594707,1.6187674842408095,0.8016877415775491,-0.4898437972844184,0.5888101246050785,0,0.0011371938112333037
0.53334216880569,0.3096940409232645,0.6313284873592904,-1.290919456072055,-0.41239672521278165,-1.73504265528392,0.621768947500511,1.2678904800566295,0.8016527675839249,-1.7002322605308855,-0.6110151882716135,-1.1850980003109026,1.0043785123697877,-2.1149377355985104,1.0594309598002678,-1.0204081699121204,-0.906321931789151,-0.8464659717598232,-1.1873001565384247,-0.39205209158222726,0,0.0004646715195310005
-1.119010853657827,-0.24694842033056263,0.6965637556757089,0.5650810812059797,1.2338847152931824,1.095037695079047,1.114029496632601,0.48153584018222145,1.073368331131344,-0.9792180198678812,-0.9038598987439047,-0.45248644144838013,-1.5182399954787897,0.6522639501047568,0.6337494920512259,-0.7172656034530102,-0.5217022072355536,-0.9899521003391791,0.7161193095106089,-1.4472954877913193,1,0.9493904261314928
-1.5139038970612286,0.2135987308418334,-0.26357056271202234,1.3571560538514362,1.1286154152322494,-0.8852128835682108,-0.011564138465692172,-1.5144172990772935,0.761405224678284,-1.7323850171714061,1.5664487592175667,-0.9598968576705328,0.7125548509477063,-0.4238746192206388,1.1988800375111333,1.2670846493067667,1.2321731221279884,-0.2817840561443035,-0.06825288055556006,-0.47062346325941534,0,0.006276678115436628
1.3598091811260267,0.06720850080981454,0.28955097413482583,0.5957121498936433,-0.28740445346911775,0.07383689811239655,-0.174328460937052,0.40637918891506714,-1.926843092571212,-0.32180350469364666,0.5373836063571359,0.40787116125609757,-0.7360356076422655,0.10337735793986787,0.615816195709888,2.061487373679652,-0.48773932489394595,0.9174999129618585,0.7019733381495459,1.6356337893169757,1,0.26854938946996837
0.4645161728124325,0.28688593330063966,-0.48399817192107203,-1.7536164403964312,-0.7606540503358403,0.05902533962662278,0.7799464692353479,0.2864592005394055,0.0757671472614726,1.7240091400273352,-1.4171823798065297,1.2835099053378716,-0.28918891209285297,2.0689556364794233,0.07162541295073763,-0.0361296818802032,-1.1696590632038033,0.23770526563628885,0.20339457766512659,-0.24095594107387436,1,0.5066058539768442
-0.3361385549867631,0.203326222845437,-0.8967668841127084,0.9255316833039638,-0.9547377475145769,0.6689880759148876,-1.5279082167823888,0.6569367022172609,-1.5849785689509097,0.6947392984566416,-0.3447750684609504,-0.25649703532638046,0.5340436284871876,1.3537946413707151,-1.3111656077721374,-0.7572928835646237,0.559315009968353,-0.37376454475074733,1.1278124474042752,-0.7418235541569864,0,0.04046206086267172
0.7024270917037801,-0.4121285776852845,-0.9004378658146676,0.871577294196352,-1.83041174261098,-0.7929385072066966,0.11638261384833591,0.7824423140965115,-0.7370145822295368,-0.21411793191815373,-1.958921925605301,-1.5166573497546711,0.32331910314761114,0.6548481836376597,1.349253572323518,-0.6133269911654069,1.5745488019320104,2.2457706633575647,-0.8799720690567666,-2.128777925422188,0,0.007501121134121366
-0.9182280782081091,-1.4332535692097628,-1.1300417803313794,-0.5897220455914726,1.8705864663139207,-1.1476126398997053,-1.0048173849013113,0.5972602080868267,0.3145825498955844,2.8346321280554845,-0.06510184636623194,0.18820689889246964,-1.8171799625055796,-1.8654533690674966,0.5506756067044611,-0.34951604611378956,0.4880591723356988,0.550945229439717,-0.9783703928154838,1.3000452010787684,0,0.29959859217718204
-1.261148364663851,1.7374151160297338,1.4545552646145756,1.5273856182335184,1.0544595938461536,-0.04349362061038841,0.13467209756042747,-0.2818334456895403,0.9092550631013113,-0.0942630892973331,-1.6015013465463261,-1.2380404993715026,-1.1367310947934335,-1.4814705637188028,1.8211778662779023,0.2550400141882236,1.134146474095591,-1.059340506106961,0.031119459808429405,-1.7092882137433332,1,0.286744956243929
0.6084409835544848,1.0760994542953248,0.30495488944637855,1.2831682350736822,1.5438855889290637,-0.47037511557092976,0.6657147912382694,-0.8680049639349321,2.0493642476952556,-0.1629826367268353,-0.28225111038148415,1.0769922808334826,0.24784450539698222,0.010267318502672736,-0.15410852504037273,-0.3716920545197474,-2.0354903803711903,-0.061897757574274265,-0.01668041291387396,-0.8737265092904771,0,0.23133486564383515
1.187012274366316,0.3006415157110082,0.7948465098688652,2.0573559653609417,-0.8072174714990045,1.574240424219801,-0.7439945892334668,-1.0306378745937468,-0.22593331053046753,-0.7496333486616757,-0.6551016657091714,-0.3865101052643728,0.2583760321422978,0.6487152740659242,1.0916057492612818,0.5919982049377359,-0.4831997105138282,1.7176122410419423,1.1279804107618645,-0.17423100751557344,0,0.10242648022332286
-1.2870473321028546,0.43525532772005654,1.0697784675001711,-0.36534495381979226,0.1077782571428204,0.13511629958542068,0.7660388574960693,-0.25378751973597286,0.7027148850626206,1.609567902513694,0.6921922029991394,-0.5490516254516992,0.09985587687700254,0.9223822567884985,-0.17678836598310896,0.5839399551555369,1.6430140998518359,-0.8394827528392442,2.2276692637308146,-1.3856993322004083,0,0.007876497302933829
-0.4535305581022299,2.4040258471751814,0.1074546896789427,0.30396884812450004,1.1532038483524674,-0.1765712249368793,0.36439918391739134,-0.49985331490491647,0.5952139196116037,-0.3372637080899207,0.6894865790875916,-0.5914135874885206,0.3123906013639197,0.32246673140881105,-0.3257938188619509,2.123109555313725,-1.4757011843513967,0.6166573816183243,-1.913345054843387,0.30596169303381343,0,0.025347623360508664
1.4695975003116553,-0.08199845867004259,0.6255316829667065,-0.24539520727467984,-0.3351371965401736,1.886385263822238,0.08500872271767017,-0.8731054433055675,-1.1645466089468128,0.23951480709164882,-1.3374376473578424,-0.8643713630247364,-0.07435955115476811,0.9718559042396265,0.649825232530306,1.2804661886249071,1.5772387310967042,-0.5192482464479289,-0.07026032452779286,0.043211886531688545,0,0.14131931246371754
-1.5337549360634273,0.8982430420056727,-1.0424090362845133,-0.5252146026647683,0.07350833536653095,2.2177598619766354,-0.4304722553806073,-0.07753767676273055,0.517759724230171,0.47719987464192487,-1.5439536628637438,0.33112934476568107,0.9600161412452697,1.1193361753715914,-0.9050100361522642,-1.3701964601116814,-0.43191774017010187,-0.3931584376484976,2.1602184039286207,1.0142914439761732,1,0.16285549626938062
-1.0923531815825307,-0.781720910939691,-0.46088092448859785,-1.0647887754953564,-0.8229694314807724,0.7060337423363297,0.255872600684624,-1.1879337532367646,-0.787110668272329,0.5850468564651902,-0.06029628436618883,-0.40400833632980815,0.42467181094323614,1.157060752032333,1.7745426278020247,-0.5336682410558083,0.08793276291204692,-0.6015870383022298,0.20604941922366446,0.23361137890480432,0,0.24742647147635724
1.9284732882775577,1.174903486164438,0.0607974452102973,0.2792595349821756,0.3461511881899667,-0.5377162286142653,-1.4243164020272863,-0.532331678391093,0.9445385301257249,-1.6292327379900344,-0.11548694936502597,0.6177446158964724,0.0019970177056712465,-1.5639583226046616,0.7104315142158664,2.2114235333412124,-0.29883897500887197,0.7287297819023478,1.2128227042740154,0.87788716673131,1,0.24417912669478672
-0.25575147450750263,-0.24932086045609275,-0.3270467751373723,1.0124829114896103,0.45754708074017764,-0.5619958617591763,-0.6191342903637747,1.8971255000147473,0.10230241526356339,0.4171345187317145,-0.3326852207714715,0.39740723463716754,-1.893988181116191,1.1636496694572585,-0.4690119578742428,-0.9710538877279464,-0.8732228557615298,-0.030654886000961834,-0.11270843497481445,0.7454196199755405,1,0.9827651419441644
-1.667415776022505,-1.373971831987295,-0.36668768420545617,0.6870707950913221,-0.6379793099250364,-0.2252202624988482,0.7147568155034636,-1.259521568880507,1.4678310783753514,0.45785477311193373,1.0724898935716864,0.5315030874950911,0.8494812163493858,-0.5453005052269404,1.7063053768242835,0.7024733997472337,0.8079449715729765,-1.822902846179753,-1.2420736484426351,1.2844194487390195,1,0.1884866359207869
0.5643581383977575,-1.0754471406023487,-1.2182132096088403,0.32903805817210147,-0.16839184207883526,0.09782121284773335,-0.6586685124700579,0.6304667774614832,-0.19900267127714638,0.646472466379016,-0.9570555982739997,-0.19681693354641264,-0.4936860208065994,1.0562964383446922,0.49824632471315167,-1.2767893919646167,-0.06372655950485646,-1.0845491667592932,1.832837134466958,-0.14273763990471183,1,0.7240857686339145
0.5012446644037963,-0.7305555323484159,-1.2470602665379469,-1.5496902522911193,1.2762188004171384,-0.06285436919415291,-0.03510549509384621,0.7775161254924179,0.04541724909991819,-0.03956442550874549,-1.4207346346776888,-0.775748592034819,-0.5518940867623494,1.0746984907494637,-0.036627655829982064,0.5861195059252943,-0.1475800936539874,-0.7159637914245404,1.4002349080266057,0.10656705577659237,1,0.5636475180470022
-1.1274655446263044,0.5958245568379159,-1.8024472892822907,0.6157831205294126,0.20882627796912984,0.12077034505097997,0.2087608992597638,-0.00824974145292205,0.5993737353317731,0.8900649555584913,-0.594459390638837,-0.8106744611042627,0.4258409583913569,0.6151947750629589,-0.9110535318934648,2.0783133090765307,-1.0026155352575565,0.10160349972656932,-1.1721097285820363,1.1703304811712856,1,0.07993805021774432
0.254264247413946,-1.0575645399400786,-1.4382717779246983,0.9029150684151107,1.8030162024557634,-1.0664473219058013,0.5648163094375176,0.4951026686907159,-0.17439723326092102,-1.2366479728584732,0.07387156242512688,-2.100807825850048,-0.39718094307282925,0.5271520884977338,-1.7269283910859647,0.4810050983217611,2.110052177470123,1.1134328523520685,-1.390979307329292,1.7577167837702508,0,0.00928917956646934
0.7758872075301778,0.5716270458007259,-0.10767819867143408,0.7891596917521382,-1.0434823172541154,1.1135313817645298,-0.8646001823119368,-1.1205313900394611,0.6549091984661117,-0.7605902269994063,-1.5332389806646542,0.3136315495250996,0.3228306534301858,1.088506426133989,0.026607311892245973,-0.3370460314956348,2.0656612085472617,-0.3027574339012642,-0.38142717502182527,0.253958090058402,0,0.1714097901942246
0.4969401693612508,0.5879262932344687,0.8165999199324918,-0.00398387248860141,-0.5125645477555235,-0.5305830537932512,-0.14690225892450703,-0.9238704201778696,0.029274018234640136,0.558834847262956,0.13011303543363695,0.1347325576266163,-0.5382283068846666,-0.8648956428486813,-0.3531591607866214,1.2888968528716729,1.3772486112902405,0.10994402266423224,-2.082487434745789,1.3634985034873546,0,0.031626504225895385
-0.9305287573768485,-0.8371382701453458,2.939410795181551,0.8563425404460601,1.3644366072872156,-0.16493704645762033,1.3649235809969882,-0.9785743345197241,1.1075538749479974,0.8856154405511953,-0.4249096513689626,-0.390094905054985,0.017415557845426585,-0.07766291325142036,1.280841128849608,1.433471078440369,-0.2414079907394323,1.0796791383242483,0.0610394681810379,0.5457350809325981,0,0.02441591417780492
-0.10719098224465777,0.36256360386751385,-0.2756744687789712,0.6424923933444548,-1.3994647419148742,-1.3441783677470975,-0.14737619088273704,0.4164434098180103,0.09553258650090087,1.240728198129953,-0.892986734809353,0.10974144079782322,-0.999642725157448,0.17243661604469038,-0.5724838896941803,0.06974950448506546,1.4540695045121041,2.0376123269316575,1.9444202483052664,-0.4487989067114689,0,0.030844972952006795
-0.6265315565544592,-1.7079467307789356,-0.8059558137028335,0.07042194666767775,0.9369993983150103,2.494851799689617,0.6678158162765243,1.7520266820730483,-0.5943292473932982,-1.172376816832452,0.044476803365917035,1.0929308587424509,-0.9052812107973176,1.2152868683090476,-2.223161710754096,-0.44462893410098137,-0.25397788315060704,1.011178944350087,-0.761792682686214,0.7368801849446516,0,0.024422295938589154
0.5664782895308815,-0.06188793017708369,0.8273366792127214,-0.5052750484958753,0.788130375513387,0.41537013859445276,0.1081590635725724,1.228220571938648,-0.46979351715891876,0.13793587061796547,1.0480018422163886,1.765553874001033,0.21870263196079132,-0.6567412213808439,0.6010299832983685,1.0566585869213534,-0.5570402831538045,-0.28454472345930465,1.512277136386588,1.7929785370324909,0,0.17122742416584477
1.8351340974497476,1.0438603658464671,0.5529987771548484,-0.5730135626390184,-1.1526987659472,2.0815765986115404,0.9251843130921543,0.14678462171783566,0.8880185449133388,-0.22153995493658585,-0.4689528520814994,0.45578565565116846,0.4628865163104661,-0.4021055244084223,0.3221633168580989,1.5494482704628,-0.4859843626455057,0.17253723642197072,-0.2788573544264377,1.3010915690236151,0,0.19918635583201386
2.3655759621820547,0.8597602540072633,1.4144939750287882,1.182229382342204,0.6883885742018069,-1.0334151274719656,-0.07246710277271824,-0.21352383552111287,-0.9396701317739584,-1.212630133098916,1.4212609047543419,0.5328929708006959,1.2549923423749147,-0.5621913750073715,0.36331753697873753,-2.3165432866412172,0.3273070719761803,0.2395123196648141,0.11641427628877997,-0.8516477479508808,0,0.00555638823973904
0.04610339101638686,1.5028714365080043,0.1380231984837324,0.4157269181354238,-0.8895898000932759,0.642110892600368,-1.864876052929141,-0.30341495843712646,-0.11105506322507111,-1.0124905038127305,-0.9784582617607973,-0.6235925725099506,0.21803640951855435,0.5177068604705667,0.05678024446322252,-0.6426578687105604,-0.21368370144623486,0.17569547599119764,-2.177237684930139,-1.4958898596709125,1,0.2664308883513877
0.014714267455474276,-0.7472318468399158,-1.9301724594443075,-1.3605383689943455,0.16861433115364924,1.068657305144172,-0.2812286338082538,2.487262483755047,1.5646070644463572,-0.8827529554338492,1.7415611532554935,0.9690159307657963,0.3192629144226725,0.5274500249447945,-0.522505090650682,-1.8712668238448131,-0.6609404514226294,0.7848011249923201,-1.4596457844330613,-0.25532658990447005,0,0.016953197218773496
-0.5606709409797948,-0.42174072052700073,1.8795884687000246,0.5008550341262041,0.23471943016402563,0.6968918203559417,-1.255239759972173,0.09330057565998896,0.6539896928521342,0.08000086255188366,1.8994591519396982,1.6425599801902278,1.6509571674969037,-0.6160777580774403,-0.6698185526068373,-0.7090408056717026,0.8085054824609024,-1.173880178276837,1.7523690325076242,0.24288408979391593,0,0.005012746731250262
-1.8005345097995114,0.13561533595607211,1.242287313318068,0.24160447300679022,0.22753492188496638,-0.15483475098721936,0.8234042736620586,-0.7125069339213941,0.31666960085700513,0.868224667508513,-0.00614860960333008,0.046781510203093284,0.6298106551299946,0.4773350950224999,-0.5755487487760677,0.996182303277206,0.48203299797793003,0.15778167755995987,-0.5784668698717188,-1.0366699526358703,0,0.01679471255688215
-0.45832282048583933,0.7085139646681231,-0.14113408572378577,-1.5958652478153905,1.0811693004289935,-0.42967345677314733,0.945206835055153,0.5417844795507456,0.0004929780718738034,0.038212342791926,-0.500648603984707,-0.7892288664262381,-0.39161050839150036,1.4415764467033954,0.49665210307092855,0.08114613843704421,-1.4663029209576153,-0.7213374319098448,-1.0146122494318237,-0.623691765240056,0,0.5715218835596746
1.8135584594159602,0.19204244215165725,0.9083752195470183,-0.2805495886165581,1.9073980650158107,-0.6624523451407218,0.7584015986016965,1.5901140131827673,-0.11115372829163424,0.8927696186883092,-0.6153976388300576,-1.9792658034606714,1.0787196558293515,0.8645233693251742,0.4720355520695193,0.16966380149592655,-0.7049721326648722,-0.5438975406634814,0.23250413110994092,0.15947225027735157,0,0.0012852904092857315
0.9454770186276915,0.4268078358009492,1.448622275483715,-1.2479300439640528,-0.0437810570320746,-0.13965390267833386,0.4907428346319207,0.4359859531610961,0.6865201545288202,-1.6463457741735692,0.40976887547031426,0.9414905065381205,-0.6839080226925159,-0.930304277891846,0.017835252999828157,0.38597167935153764,-0.705897337766648,0.1333521626422195,0.5791509669488732,0.7793896994894914,1,0.5950754677532952
0.9431436745269478,-0.9985937051077896,0.036618359775790546,1.3098368643612925,-0.6413660344415023,1.1313274531228983,0.3871776059452813,0.7277370147078298,-0.1844511630502218,-0.541652012522496,0.37280784626575925,0.6299758225505631,0.42036640978833184,-0.12849276918259656,1.0515272097467994,1.593390361178927,-0.9176521424778841,-0.8458521109010776,0.6203472958140098,-1.339944688617761,1,0.34116993232625337
0.6655420892630217,-1.7407702976732062,0.43872885092647795,-0.6725117450912682,-1.2444068874109178,0.0360477348514844,-1.1481288154063989,0.06005024563766576,1.1351156273107015,-0.2274846503088588,-0.2430665928690287,1.028638202143101,0.18631161676432265,-1.9291485221275237,1.8636165329032377,0.45683941580182225,1.171682134793405,-0.212085814184842,-0.2542383115343532,-0.22253947672061825,0,0.26545901350411033
-0.4810640743039661,-0.07537060910971044,0.49384696278678036,1.3091242170763722,0.7727248918323794,0.0761561976082741,0.3991006763205401,-1.2618971524111364,-0.8778053014776115,-1.6966494230838176,2.311778862777428,0.3878409366730213,1.5310121587627754,1.0120570575304755,-1.2386171243847324,0.198217969406073,-0.040038906182112935,-2.4387114628927904,1.8151779072087804,-0.690940228090302,0,0.07887578254785263
1.6619030850665946,-1.0208694807233074,0.4543374853057842,-0.1690151069972698,-0.6720465670041224,-0.25341819772253693,0.8956674401477708,-1.0244809762097062,0.35537402606430696,-1.3177281345190732,-0.8641388366955361,-1.248317751136437,-3.1439000766202025,-0.3757989303302161,1.3671755982088147,-0.507001285638661,2.0434031464719884,-0.23987987548168246,-0.4974872698581111,0.03599220216249606,1,0.6640881599780931
0.43712881576502255,1.648608712456593,-0.7893195962320547,-0.8517182701015471,-0.2347746144127454,0.012781483869021651,-0.5015018135908496,0.852904424498129,0.24913725924283603,-1.1091557012475368,-0.39735818915888976,0.6457938946989613,-1.1422704626309512,-0.9241476075116534,0.40701384723959655,-0.5211572635889762,1.1252039581615694,-0.8983221990868604,0.4762209737484828,-0.22134297339149922,1,0.9105055193478645
0.5621344438847866,0.7540192836159926,1.2513494328148984,0.591507142036999,0.39996910328447477,-1.0863212539228781,1.122945929111556,1.1052351807714562,1.210812855146054,0.6511804043475011,0.26009555185162425,-0.36681615542866125,-0.20763506370673898,-0.9149282600666666,0.1284512790349234,-0.6377353561761033,-1.518929738368768,-0.8177510253047823,-0.6388731108523703,0.4796088046556207,0,0.1732613523845723
-1.0227219336974795,0.050686727287087625,-0.6890157183292953,0.9645365829378382,1.5310279257175212,-0.5523291887898639,0.14249219841952282,0.20502303082995704,-0.9688356061522417,0.18813869555675225,0.31375120441451854,1.0310030787091722,0.026545358929973572,-0.975210661394548,1.2876091755450427,0.6763683007237032,0.03260622693548643,0.4879211147721066,-0.03976499759745832,-0.8384662743154647,0,0.09117226282575407
1.4276448220604074,-0.9692860504428517,-1.0795834366119264,0.08793023758275946,-1.6167422280148465,-0.20818365877273645,-0.9279425905553249,-0.48249321674854795,-0.5063572536004953,0.600435298858288,0.5075592774678035,0.8724319162373538,0.2658318940227908,-1.2449387987616423,-0.8246777269052866,-0.5821945104427053,-0.7739252754341601,-0.5672431350586913,-2.7910249695120926,0.6122686634472281,0,0.23420360650962463
-1.2294942169625478,0.7780844242466457,1.2162880085179182,-0.8818728019162756,1.670718895782685,-0.3207536250948511,-0.5325352212889596,-1.1077751495536208,1.3605311560939235,0.41091584128083253,-0.7846635589467619,-0.6627142018302195,0.6210854421168371,-1.6288303765734702,-1.4935863542346022,-1.5575867290104999,-1.6022616616012701,-0.8718310367393369,0.3446890036727008,1.1514177317016836,1,0.7044964170571776
-2.4349801583959363,-0.6856854388936866,-0.39073781827029214,0.7897927128331759,-0.713339137433239,-0.3445818422485065,-2.8141383735381824,0.4237197824590659,0.9226850615604447,0.22755044395062712,-0.7728046945155067,0.9157241474818033,-1.6501178156268097,0.49703596502006325,0.7678688395556745,1.037635144598148,-0.02853100916715302,0.2866016421494402,1.0312625363650496,-1.6994823358642064,1,0.965443656229565
0.7353763111018811,0.6481063624001288,-1.2562045715848151,0.3176702265203622,1.0732064615125094,1.4479596105562698,-0.5218889931083462,-0.7452775586004214,-0.9956691469090989,0.7387704462272424,-1.3439232211069876,0.792573418163593,1.2300727073293691,-1.1585962752235686,2.5947521754116,0.4718415303507821,0.92313541429127,0.14457456868175497,0.4740615461802453,0.9356882372437147,0,0.043085160541790894
-0.15213633568876933,-1.103005103313497,0.5541754804655746,0.9839971216811131,0.840890215950075,0.009872047444036313,-0.6021209864064478,-1.3398963190283588,0.7286178770805692,0.34440333660557915,0.7415429673411368,0.23642730932283526,-1.6985502058023518,0.8589637743213016,-0.9040620216878873,-0.14990362813340413,-0.40569787171169713,0.6807571685193963,0.10652928157270031,1.4553602931822485,0,0.0003331701491074419
0.030764156746132282,-2.111273255317906,0.8913918998661065,-1.1466061842450317,0.5321518477574408,-0.318238450595411,0.8135356450210236,-0.1926489862601894,-1.8814332935677331,-1.0258788466399658,-0.5546152379698405,-0.3016700470247308,0.39014789782524895,-1.55025382343132,-0.2609589442892656,0.6989475127850834,-0.9751549993462977,0.3945398349621835,-0.8772911528980303,-0.7337512696607642,0,0.14312855750159492
0.8168833054339468,1.3695679478197083,-0.31177098400953296,0.46482831911406397,-0.20603916293201982,-1.057266577708216,-0.06070560972748111,-0.49279883266158175,-1.977588697617329,-1.5645489831514587,-0.6495443860862776,1.139822831235146,-0.880504591518424,-0.5112294036376553,-0.3862362892206297,1.4346696356224644,0.3736030885707253,0.30331750547763475,0.6359077521962033,-2.760238760846165,0,0.3213381760908529
-2.348709339787951,0.641900515890962,0.6141347655241671,0.510035610387531,-1.185331757485415,-1.2862200173001979,-0.3729934598521777,0.3454639697988247,-1.6804296994652235,-0.1770710897029278,1.3458424010637275,0.5241789848666805,1.0355847387224353,1.497191971350818,0.07244945200785756,0.5814547603859004,-0.7175901503005865,-2.0277627575030435,1.2998487219678097,1.3410686112560717,0,0.17105429983611553
1.5829393326089798,0.9499501074929467,-0.7621318385988463,-1.7793871613938483,0.4203978647374981,0.026910071644406165,-1.3520313874976462,0.667403586976394,-0.8267882888079394,-0.11501916373495522,0.8936788531236901,0.5085796791232862,1.012265496344667,-0.18912082001367123,0.14036909429341932,0.557273290253046,-1.5569132968238821,-0.28878660664620726,-1.0208821625130122,-0.964795698178297,0,0.023091875997745
0.5586856357019383,0.08242509755634486,-1.1921028912971035,-1.184519572621495,-1.3023044934564574,0.9426484422455016,0.3278306970306761,0.764271289134178,0.9927015555350802,0.21651442072672633,-0.4671330378867781,-0.7825988137985151,1.1130226930769822,-0.8859391128055475,-0.48803996948105355,2.8451050128197153,0.30808201696270554,0.04442506267200878,-0.3989430066240445,-2.5266800321919556,0,0.010250993573896732
1.2947619038401539,1.4222323415160432,0.13759972453408745,0.5146855536132575,0.5587113542533383,0.511488789102418,-0.5647635653264187,0.5123996306654321,0.10812289812547884,-1.5234785831177307,-0.1473650166013017,-0.7636361150365534,-0.38183121719362045,-0.23479551670583027,-0.845149131860952,-0.5630229942323269,-0.07117739422054976,0.3133010343588838,-0.6525998339622849,-0.4076529421687493,0,0.12578980682304697
-0.43712715255134804,0.334541987216057,1.2034728564809893,0.29134220754171336,1.5216827860464162,-0.8621138705353434,-1.443572765491088,-0.7748940549306071,-0.0643124477318886,0.630168614074225,0.15489720011519534,-1.0322483738164527,-0.6691557704136747,0.3994164550127421,-1.293722118276731,0.9507484527081365,-0.5842903800316962,0.972666549757639,-1.6962354444961463,0.16428204514877703,0,0.005588059922031625
1.2410235689853422,-0.9389105184617301,0.9065029315594582,-0.1337941228194123,-0.483148761924798,2.4401633669644336,-0.5662497795447368,-0.015806811493071938,-0.6393039398008354,-0.23139587367784734,0.5410653844100184,-0.6331841678386375,-0.09202970092692918,1.9398063126724254,-0.047514216339947006,0.4797902774281045,-0.7340457126417888,-1.8916120924988526,0.791037116110249,-1.9443622214850207,0,0.3800356622934896
1.2130770737686563,1.5370176985826414,0.5047741707131203,1.2352448476374982,-0.6232950216788085,-1.246814841876265,0.1519792609628322,-1.6388696863879204,0.16911213321437377,0.41513495274257345,-2.5962990602161433,0.8009420908770042,1.0565515502178726,0.2390896971009014,0.2515524861177973,-0.9262466141779457,-0.5049472246568106,-0.2758340536932942,-0.30436247338284234,0.7171572105231095,1,0.8575946131561648
-2.418761903545152,-0.12067157542379152,0.5501289547514995,0.4108136670672173,0.9639354230139403,0.03090714562337811,-1.2433589316721174,0.7853490421640558,-1.3576645661686386,-0.6096505484290372,0.28354011368194226,-1.1362228704559747,0.3859004238608762,0.4419819134523513,0.20476232797051774,-0.8234467872340919,-1.7004008622297957,-0.9980129229577924,0.1574962930706527,-1.9630421561538878,0,0.10127538528095448
-1.2577743423920125,1.2943277192023135,-0.014520079898968667,0.07940674034765667,0.17049687212631429,-1.8885996534095746,-0.9880696811268349,-1.36230579347998,0.8172453626198137,0.5264963249453603,-0.22973713703007237,-1.765084211163716,1.0540368945826302,1.7199426140323992,-0.12397341969662815,-0.8562789906370324,-0.8362751684993912,-1.4845258611940628,1.0949430033351808,0.414006463515996,1,0.38994889067973765
0.6823856828413245,0.7667164390966323,-0.8126890510689047,2.2204589734315214,0.826405921967985,0.09472758178760772,0.8352058521115088,0.36917255382649355,-0.48421418173916425,-1.8590013172270528,-0.1777075495376678,-1.7109958824838016,0.7082513818025321,-0.9444355455581178,0.9566735048271604,-0.8646951200921089,-1.0580322797054111,1.4253045527049741,-1.7464140984853374,-1.322088875643274,0,0.0008537404878244276
0.5627022134757846,-1.17728705094864,1.2853207887882845,-0.22319706009945703,-0.13531343931872133,-0.5214262879865962,1.115441918420807,-0.5377388330878186,1.602549063562618,-0.21113862462674468,1.320767596820455,0.08250383729543723,0.3317916586815581,1.3751544113971197,-0.45448529937901605,-0.24373963101210774,-0.16013787991490797,1.5934987031185202,0.25396791592791623,1.7343414258094922,0,0.0023406153125089526
1.4212286425080103,-1.9402813884832573,-0.28470267519059467,-0.003535351496985071,0.8117659709399458,-0.821401370522698,-0.317147613759501,-1.0673645453908145,-0.17653792967149887,0.8583425544683781,-1.418189257505452,0.04548839876488878,0.7048820462244969,-0.41905573210334707,1.4749834760883536,-0.49528473909406273,-1.268178527633946,0.29303988747692844,-1.2723666946365746,-0.04123506374025073,1,0.2645246160379102
-2.8644261395758313,-0.37122624679347255,1.0887206361451844,0.7692838586970664,-1.9405235580928017,1.3092422579480711,1.8370300048840587,-2.569241878053272,-1.8859700699121598,1.2595841695417689,-0.5593178250244519,-0.2485218223535072,-0.7656274295671831,-1.24245902310056,1.642618110907477,-1.059627462047574,-0.6014311329311802,0.5830982049767842,-1.2931890135589763,1.518295050001895,0,0.35663893364984506
-0.20944762067226208,-1.5512205175871225,0.16394301877317666,-0.23707795833505188,0.09775083984840083,0.9750012955337765,-0.4204371443280774,-0.4433162395960142,-1.2878226381103703,-0.3555483727217057,0.5251827478085356,0.5253403889807293,1.3151061230027226,-0.7921103952944958,0.12679420310057898,1.2398393423930696,-0.8275282159832259,1.2517961493666532,-0.8368068576755485,-1.23555889381381,0,0.014253638003224408
-0.580605163783355,0.09718256803396605,-0.33604094231330955,-0.6407098334435374,0.3715517387739378,-1.3971992786697738,1.4803862552949194,1.1251468438765544,-1.8790278540419592,0.5270014862260058,0.7081596848369681,0.9147968206345705,-1.5633789010447539,-0.18078638543430847,-0.24056419780747543,-0.5446258178124065,-0.3026328142690523,0.9729844866627886,1.4091317966688062,-0.750224453528961,1,0.47074890182831447
-0.7516222182617442,0.42246883500711585,-0.056531497948468845,-0.45597610246499665,-0.36579270665102553,-0.018193763560421752,0.32260707322859083,-0.16237879439751113,1.4159004794640324,0.04380952438864348,0.14802200784707426,0.6280378900063016,-2.605540277410125,1.9168263844659428,-1.4249159297976162,-0.43690074593049555,-1.2280802472906662,0.06110373323254716,0.12976946012870758,1.1909857482727264,0,0.002615257220282231
1.0465667330377502,1.3190420370694382,-0.12729035475209427,-0.0005863050629548569,-0.4988992968026657,-0.004026858403487867,-0.7841806515421832,-0.807948349977441,-1.060051168260303,1.113877819300999,0.46122133793292563,1.2650512321409464,0.06208094776341253,1.5058643219457883,0.52171146470518,-1.205634398601815,0.8254767274404906,0.2859285139794473,0.896940808589177,-0.27869524520648,0,0.02830920156632825
-1.2295332423908711,0.6458093801503294,-1.508182962988044,-0.32064219986975134,-0.8987758474909837,1.1471908746304809,-0.4565207822268824,0.29425378487179704,0.3742878119764347,-0.5194221991083775,0.43180124155191957,-0.3514735474165954,-0.19282072951414356,-1.463634735678903,0.7860319388971811,-0.6737983935460395,-1.3415089761787826,-2.2931794186707317,-0.01469083372076079,-0.6162427543613491,0,0.6115045871253606
0.2951205541176646,0.9386009928482417,0.32886615377743383,0.3003073031132045,0.6153621752267527,1.1189659602925934,0.3612863826628287,-0.18345649848756115,0.9907475862009384,-1.3192452525807612,0.9660281735570331,-1.0811986477999478,0.779541979834736,-1.1286764814178885,-0.45561367412012543,-1.301201087431373,0.5335971770299542,-0.526597157248705,-0.32569439836496605,1.3996463480138381,0,0.014770383609963517
1.369560180985207,0.944601613513838,-0.817377352262921,2.325508674913696,0.00868070225465419,-1.2217597079873639,0.2967300971090046,-0.4615789023180481,1.040107469445578,0.978048038623164,-0.8393966740121527,-0.947948084899155,0.13245107518847526,-0.5032956156097248,0.2157240468498652,-0.32492565626557957,0.39047376416035856,0.6336265302328843,1.1849046518982822,2.3926719653783652,0,0.025925538142588724
0.11603898643165314,0.23976620353491915,0.8366989497576848,-1.1950618281064598,-0.030604516825605155,-0.20782758069190377,-1.439245866920415,-0.23462689367985456,0.4142043175911397,-0.20928382903656118,-1.2774293395288001,1.8297385895620961,-1.3004743864898485,0.12533512641659356,-0.8022843615152879,0.29088664069773323,0.9669897984168937,-1.2908120312202656,1.075780788190336,0.27131886769344377,0,0.3270510347870462
0.26725239634319214,1.3249719470363068,0.9915081464271234,0.578616229380674,0.3807922157887332,0.47898230860972285,0.3715414059922906,-0.04173905981424035,0.7891456728801356,1.647360706006375,0.43491529464222045,-1.3136918659557304,-0.022696015267019608,1.0597462607069608,0.016980698376834934,0.9030976333750941,0.2070581231473368,-0.05617684789993171,0.562162518397551,-0.5245903652939695,0,0.011777238707557272
0.7587258964400087,-0.910632122113175,0.9494375025042211,0.2527976776421044,1.1127542659420449,-0.4131640151251384,0.3124035262667469,-0.41124050093954,-1.1475448495535483,-0.022297125203855905,1.2955230027684779,1.2271439874999592,-2.38982946096988,0.6125961613767326,-0.326335182539854,0.36860429381619414,1.4517818842035712,0.7590821414822291,-0.053305378760999306,-0.03595155673518071,0,0.00325162276866721
0.6989112089540644,-0.7452803719831393,1.0111153064933238,1.08280927146091,-0.8936289757706443,-1.1999939554371113,0.15962993619486646,1.471904410135751,0.26417516626608667,-1.0407204175785527,2.338789978371881,0.2987946413911319,0.39194420697077864,-2.1112756304848594,0.7468534179917955,0.3927006753239885,-0.44846474227202565,0.717177541269812,-0.34402300348169756,-1.2132303882126507,0,0.0008657170234393063
0.11640394058245317,0.2967924519820798,-0.27124620228142327,1.8578444088521646,1.1979387618263715,-1.9624778348872258,-0.5699948524290565,0.4822734345813828,-1.2066484367055619,0.7751129167473447,-0.48867990142843293,-0.07490231404663109,0.9933446212626579,-0.7362589036426255,0.6851417054141874,1.248504582978843,-2.0061924542025595,1.8198803539095298,-0.5227588252661088,-0.5067389796396927,0,0.003271451294084838
1.4933333484861777,0.7837847853095045,-0.19293693976283657,-1.4365603539936715,-0.2582666067483346,-2.7855211942712077,-0.07519847060571128,0.5405052664625386,2.0402164485660483,1.0208878853919898,-0.6054772585126482,0.5037487040244857,0.9404909789617152,0.2752829879133478,-0.5386580856143409,-0.24268801502685475,-0.9409893892693861,-1.1944799253308536,-2.355529678807321,0.7040355293423192,0,0.16032634598904733
-0.13760793059960166,-1.6492389334499038,-0.9016397978807618,1.1282066220757143,-0.16177080401717797,-0.040529159803598586,0.9416723078476653,-0.2037927849322857,-1.248326191988731,0.855347498152635,-0.43837483229449914,-1.4069598746821619,1.618089760760139,0.08251086161123734,-0.5502123433856069,-1.0693364908258929,0.322320553225193,-1.1792793882595571,-0.8594327551413188,0.6700925663938629,0,0.054399138997823324
-0.44218191359803827,0.2875304213040689,-0.6157197134504592,0.17222816889600653,1.1299013218527776,0.7990944893116418,-0.17154384658488117,-0.11814524187142542,2.6278998636701596,-1.2053649747218114,0.057638666574809906,-1.8284354532174083,-1.214082207197188,0.08792726201610962,0.08747097402028882,-0.036534549099524145,-1.2400883575777337,1.621562562944925,0.5364056789912269,0.07659713520986512,0,0.05574542765323869
-0.15111684510349174,2.311945350614224,-0.048878472253380816,0.22677771022737925,0.11286719065742466,0.39155777129566105,-0.814911362670377,-0.278432004646398,-1.4286525151932206,-0.4437442021342861,-0.4163317260952441,-0.10451983728666832,-1.1963578762173503,0.15744980131073988,0.027160948351665153,1.168727289250269,0.28269724386677536,0.28504600660410156,-1.8686080816683812,-0.38528397875451864,0,0.19944597267644595
0.029812096580551877,1.1827791218631445,1.0282841635049425,0.6120826049264231,-2.643777323126543,-0.6178494269227524,0.07937871246986669,0.21528007776368108,0.7590147802954729,0.9531558056304434,-2.149153984272176,-0.16311756223998536,-0.1077250493626944,0.30303499002287015,0.5764456644113385,-0.4223991983199018,-0.9731026794370191,0.43316478121949675,-1.3395061081900117,0.8122497654579036,1,0.7784342538082147
-0.2374512941897722,0.1782888366192559,0.1775000759615869,-0.5187050305334041,1.9960656806298696,-0.8551447667397516,-0.8379677549150527,2.20164671904195,-1.069903349887528,0.5305469924773615,0.3101218851927648,-0.6128246503866679,-2.50382584778905,-0.7313289964381117,1.5987045105611961,0.18339337796396513,-0.9607057697781297,0.398393733419492,-0.11246460737847583,0.3176531930449627,1,0.998358865420119
0.4075992007243484,1.0087117919791473,0.1570735333018719,-0.6571973371336147,-0.09396623985456697,-0.3757277806966103,0.7786711447761611,0.36335474716106264,-1.3544106305204546,0.5334871679509754,1.2284806537271997,-1.67075424082086,-1.6537085577938149,-0.7107634538852736,0.932206419570426,0.9632414723361555,-0.8539157403388481,0.2603750465525537,1.5289713099759679,-0.06759825850255433,0,0.10595670188656395
-0.7093037548169162,0.35308587336414743,0.21951545321389354,0.3356824674657165,0.027895797846887414,-1.0351591643125537,-0.5718977626829709,0.8427589889347021,-0.9681226978612936,-1.3475174377391943,0.6131832035861572,1.5862244797829068,0.5401447976341895,-0.5978049488280025,-0.697357454841835,0.5191400743041046,-1.2986679873324913,1.5790589210916575,-1.0669255237315112,-0.6483882486872229,0,0.030363709329607406
0.35381814045178933,0.44278039767884886,-0.19825187851774811,0.2816089686323258,-1.3070504787470574,0.3708985444705424,0.029029776901175298,-0.883256080147217,1.1208984243669036,0.25889625518231174,-2.0305682236679132,0.06975009391731864,-0.5668669331338128,0.6748655562829365,0.5685290045054614,1.5122955420786293,-0.4249194822696181,1.1900916825843137,1.289739275342086,-1.197011084438067,1,0.4564296365391109
-0.17592865642795816,-1.9872619872732171,0.630454035504396,0.7851370336126023,1.653161003477239,-1.040674447818877,-0.6868631645820965,0.15779483850524217,-0.38364533311459065,-0.5180730308891499,-0.20305607567690423,1.2416543612773558,-0.712178944650817,1.3870008772146825,-0.15746190520549871,1.1288353674333584,-0.17313186598505312,-1.392998049720592,-0.19527538607568448,1.769434855275006,0,0.36243329502960475
-0.4632864407778713,0.12702315490853655,0.47012347662784304,-1.5298493239770674,0.6369442243582202,-0.8344525981767177,0.010523673520799613,-0.019233386576769946,0.3002327888395367,1.434757513743095,-1.6831826777898065,1.7956956942660554,-0.22385593196829096,1.2424382339180127,1.1595164537672498,0.9419670447664344,0.309907807846278,0.5366576731741113,0.8046865977706241,0.19169293777627333,1,0.7773916516959413
-2.4501713305383146,0.8062465189786757,1.1251753614113476,-0.5363579307137778,0.5311714887766206,-0.46810939782315786,0.7473232535395267,0.1872945779572788,0.1039531229332787,0.7242626822399293,0.09897236997386133,-0.30472538800118254,1.1408182209055306,-1.8491152785564358,-0.8957635688313195,-0.3021529109764661,1.0690404656415065,-0.19931932241648312,0.23331668169250974,0.9882981475684197,0,0.0066954788715416725
0.4978245709233598,0.839298175618799,-1.2220238974656332,0.4980560386132263,0.026598660675657956,-0.037604290421930434,4.033931980362803,-0.5058705089231009,-0.4363854871345913,1.679584219432624,-0.5183762317441037,0.6373319401380803,0.16912147128572408,0.14772524552970218,-0.9189384141395786,2.2260800716781453,0.15087407601706626,0.7650988074631625,-0.6608592851166117,0.39311251794300117,0,0.012286089597027936
-0.8083344028185397,-0.4966492319067572,-2.068429962386656,0.16125314167723973,0.32290387828883427,-1.952882261291821,1.0118191411712234,1.2864044860124617,0.16496111270358443,1.430489059103352,-0.5517856545438795,-0.08548370447866978,-0.3096042087136536,-1.226514020568215,-1.715767239670648,-0.691479952658039,1.0077078145028617,0.6328009453188521,0.8309564482601691,-0.9219706730802819,0,0.03216551463975919
-1.5554896391191133,0.6184034491408285,0.32129612538317115,-0.2843808583997751,1.2644116034716766,-0.7814272901459609,-0.1387296893980815,1.023601830615825,0.9015024966525275,1.0408005250294714,0.05658308004072042,0.06502049671389164,-0.08520423710574593,-1.506523491045307,-1.1629945896788543,-1.4292665021361186,-2.4332942658704293,0.8052392978008401,-0.2061840731753303,0.7590885839732708,0,0.0764767181782462
-0.024377867093116224,1.5866690255455327,0.018561177682596446,0.38164680312140087,1.3405696421128914,1.2159909417896164,-1.86349839786147,-1.2263604616256303,1.1376431378535774,0.5784544451002473,0.4836793897983218,-1.2476958661076933,-2.047182077267489,1.9649470047199276,0.4157158616231118,-0.7289744080104964,-1.1706036510023086,2.334185118320379,0.5354734959576455,2.7457790663591966,0,0.0012113112271776045
-0.6527767690522243,0.46691382533791875,-1.020068804862033,1.1198228462566209,1.2050388236022296,-0.9135942873923465,0.19847210533732826,-0.4168798172908561,-0.680476554377414,0.5201373893420118,0.7425870640666099,-1.492792862493821,2.3081663283671086,-0.05500915152558881,-0.5068612584028666,-0.4881917277776601,-1.87985565662325,-1.6525331282074838,-0.32795629847786445,-0.9618060901005885,0,0.07046721514956991
0.7818094260236887,-1.7109125397568075,0.7493526748552201,0.8665510810372528,-0.07529439094528702,1.4328384533899834,0.11426254613858526,1.3931910318157126,0.08254791143417124,-0.14137676493032947,-0.1766717793724754,-2.5010929459404854,1.6192111883988443,-0.752631591730153,-0.236211415176106,-0.9337416926799726,-0.8808497812301352,0.7436306650370993,0.7387642155760621,2.131543722352474,0,7.236169507490881e-05
-0.9509857462375306,0.3901188108511138,-0.33597140668090125,1.3549629168462474,-1.4561158458045087,-0.5544334653076911,-0.30301921354218553,1.7950095771338956,0.05383303245973542,1.2586843572491178,-0.29000505459947745,1.6726590541103614,0.8172406300145449,-0.4557038524661232,-0.9403358516215687,-0.8433342955527401,-2.6250803698447935,2.0669271278472086,2.96684821007074,-0.22770917703310165,0,0.024240136386244643
-0.596964557799534,-0.6003104851634569,-1.8985147141472372,0.24070091180042755,-0.2969708183234162,0.4321949618399237,0.835102263346598,1.7169612827798078,-0.6944641532735296,0.0038760791334849208,0.2327107851268948,0.6799661273727844,-1.3993934798419037,0.07197162865535307,-0.012255342567052099,-2.040179945913235,0.17009761942268,-0.8473621293024044,-0.24484618856155513,-0.3332712388174787,1,0.9637596969461817
-0.3286223629869297,0.2924250019840154,1.1085329621245865,-0.9950510381663904,0.7992757499988635,-1.159014514421505,0.9150954442734204,0.7334203577240792,-0.20668558171977852,0.24056908073009092,0.5623296589601279,-0.3762165341459543,1.147426003232167,-0.8032824891703204,-0.3855650407769513,-0.3695163749116342,-0.1549055808093757,0.744292650639048,0.7387411195941186,-0.46226429928190904,0,0.0011169842765212082
1.2072988149283332,-0.033823038929793665,0.06735524968181415,-0.33889003557500247,-0.05552805963106298,1.9077803732139544,0.904016094101222,1.0578255552343239,-1.1817870273561668,1.9129644427649013,0.05104593287956566,0.5346592928881101,-0.15644521358054303,1.0603277477244222,-1.3215781724252402,-0.0980725908790983,-0.7387945328050679,0.0002864557138472554,1.2404675377179462,-1.0695945786126715,0,0.030618987431583287
2.854104843161251,1.292906074462882,-1.4167701639404804,0.9633167364470429,-1.314734610006466,0.889444512914125,1.0300022588438427,-2.8238534000052162,1.7851244754542859,-1.259906191788912,0.48145742908347794,0.7131343297736236,-0.19671028465801998,1.0486347956129516,1.5396287497750505,-0.8575027793540874,0.5886429338091014,0.5675873598812425,-0.19874182167552257,1.6817214209030635,1,0.1624189552140624
0.43720094501307855,-1.3179805791224335,-1.1242857464387235,-2.4247333600779735,0.9345405236538397,-0.6650343008783451,-0.1819535021286628,-0.5605265542282938,0.42652591872348095,-0.3871653139381109,-1.086346743812617,-0.24262136487336053,1.2942862496202037,0.5252452952130667,0.8729749741936859,0.8382907681995053,0.4451856275831794,0.7294862099705584,0.34554080840967555,0.12795471495886712,0,0.028836637798238314
0.07192186822196439,1.664094487719891,-0.23562876569467192,1.6296528878560796,1.0941327141148722,0.6751879138231487,-0.15577605339685222,1.1171445483235773,-0.5465961037849465,0.562963232642234,1.4213660698987334,1.2987680336116352,-2.1184556727037154,-0.8569953330826868,-0.025637144555501725,0.17603685484912968,-1.904804999044503,-1.7631520708302866,-0.3612715059602047,0.6151274921587822,1,0.992798345275861
0.03264638715351014,-1.7096221859024834,0.5229685293493522,-0.6113668346380952,-0.5962777014928924,0.31685814556572084,2.0021626550481315,-1.0324202017299975,0.14959773528522977,-0.020777018501727272,-1.1182837017193108,-1.8228050064766441,-1.530087315431416,1.179214345633723,0.6809192491323782,1.5528325487732735,0.5631714360373267,-0.9212601092039024,-1.294648365763349,1.0176800163669029,0,0.28789003894994036
-1.19744758615613,0.7978479987822581,-1.8493269750940446,-0.2000298434566057,-0.8501592757308383,0.1862399162813011,-1.282867558236322,-0.8903988966953956,-2.284042813275533,0.03758878735024463,1.7292451743262829,0.3662416750721121,0.06478302415322394,-0.9499872934801997,-0.2437420558648357,0.7349756713155478,1.2761037410898968,-1.5037436656166066,0.3791975851170089,2.051842626249455,0,0.04603250259853091
-0.6039614022543882,-0.87391399371862,0.640201447264295,-0.2452696081431588,3.0904700445686966,1.4207956867455314,-0.520228454079865,0.5546671981912313,0.695639876751324,-0.1649923234565499,-1.0903444132013618,-0.1280002627316614,0.6012319173452053,-0.20783408094835276,-0.3442205151038047,0.034176930222023706,0.4008157763425116,1.7460719796135113,0.3663466477363634,1.2264517760909606,0,0.0034507384785746075
0.4755954181451038,-0.18934722721024438,-0.6452806991236005,-0.7244663219725013,0.21049453418590766,-0.8738503122369804,-0.9870752742875222,-2.0470888221570296,0.05520394453559738,0.9945776758133347,-1.9986673341966255,-0.5530145942182287,-0.22947372280793749,0.570259615178249,-0.5813055452412486,-0.7307377895100499,0.004535574208687319,0.614729337353529,0.8884379912951078,-0.1562888370955678,0,0.05130190877440783
-1.3426397274827138,1.4865967057733627,-0.7853322063802495,1.3626190667188136,-0.9592948869974915,1.6658049524759582,1.8432630038734124,0.07870211657729426,0.21019299980819628,0.773352257087896,0.11273121056560521,-1.1329550153932098,-1.3406617431290473,1.26560795273063,-0.09149481884054791,0.43743972798351877,-1.3767596854595225,-0.6097901227325653,1.727547284634051,0.04717707191184893,0,0.466205824134167
-0.02642015754923485,-0.7781115093729642,-0.3043360313763815,-0.4102930123899725,0.5221044142957271,0.6464461978589281,-1.8587761456452723,0.5024171241070505,2.179241359737172,0.26271944792340424,-0.21421100688120354,2.037646732387876,0.25586706603941034,0.025345203134622796,1.2873217113331579,-0.3372794215609912,0.46889492513926506,-1.0391375607727882,-1.1749722887967335,0.22289833082446514,1,0.8011190725106222
0.02099440065256432,0.011163083843087345,-0.48165223224584125,-0.9457453441783125,0.4344739721478246,-1.6118361748498364,0.6456721149202861,0.18227015941169952,1.073009153485479,-1.9523352457834693,1.2844638171059661,-0.6786238811321255,0.25867224780752723,1.0922452127171531,0.08010186193319414,-0.9806140181766108,-0.21537269783111068,0.20798264856819937,1.5652021190821572,-0.8222447235087568,0,0.027676498695680576
-1.5746107817266213,-1.9236992647817612,0.6215404979766705,1.514106814693619,-0.6114193269225635,2.8372723258089123,0.5568255337584077,-0.52476957167376,-0.6712005516818645,0.9124608061687164,0.9847047916273867,0.17768295277533241,-0.2698446537783814,1.9174925237390847,-1.458359813815205,0.7078385050788464,1.8431339085398812,-1.0246847814333828,-1.2023208160229037,-0.28825225193596876,0,0.0007873836428586316
1.387291688643777,0.2464140398122563,-1.5390637269075236,0.7353443206786867,-0.7679404201636613,-1.641868685473224,-2.8080396703152446,-1.517644082644843,1.2937544776818128,0.09978727224794534,-2.007918793897492,0.9959537439774935,0.11981928137668844,0.01756677025144244,-1.2504993230898271,-1.520613277934033,0.40234752511618643,1.0654024746614306,-0.17542287931482764,0.10949409503028368,0,0.049579563235701334
0.598015169747397,0.528722990915676,-0.2153244089006549,-0.27349728523232963,-1.426556057305035,1.288696293668216,-0.7928497993455098,0.25408909410641894,0.07456238191882461,-0.18489864171862047,0.7942785969195232,0.6714759478380514,0.5124772864766407,1.3686532388629724,0.07407915938580045,-1.3305763783252182,-0.7641772237779482,-2.723085107313952,3.077363332389534,-0.06723696456198247,1,0.6142441428314774
-0.13627282718792266,1.1687417132401123,-0.42012232194324967,0.42824204269300314,-0.5303158217445382,0.9253711109811548,0.5836442676484287,1.98136712379112,-2.1431873634883467,-0.12524530388750418,-0.44244449709322053,-0.5597799103883955,-0.33435009156265794,-0.9917844525279141,-1.3467303432455942,0.5430566149004752,-0.28228680849203036,-0.132185251692262,0.024612924457947827,1.3895964235543357,0,0.3140185892449701
-0.5725391779124005,0.1347140280065488,-1.1631891404334105,-0.36536262715347245,-0.13748569136311903,-0.07218541455418324,-0.21106197074331542,0.23990112730559038,1.3913517784466174,-0.4373282540392112,0.8089759889067593,-0.850733544871225,0.22766678547207506,0.20976439929087137,1.0176092042372096,0.572569938920968,-1.8484990713571736,-0.4825695932685901,-0.976910073021855,-0.966085431187918,0,0.08883577163475473
0.3450072876684126,-1.7408403705547657,-0.5758222054489291,-2.7224598719306994,1.7347523208597995,-1.3367620817669459,0.91757697966411,1.178985414613521,-0.7140834951111595,0.13958137013151348,-1.4233797796542034,0.9871452575804244,1.122807916144196,0.2794553242541538,-0.8788564782602721,0.4167831347296737,1.0580814546228074,0.5211558923738085,0.8524639138639907,0.9760343705116068,0,0.0070788670475604
1.6229032472687221,-0.5515504800984304,0.08734776331582665,0.479286749452929,-0.23500619341661108,-0.2663845695001301,-0.38333461401838487,1.0413140939687733,0.7899067980172562,0.6354763810284478,1.7353325871644412,-0.10791587221507971,0.4893550295902469,-0.5929300797281131,-1.498946178259066,-1.0784964684833578,0.1932959550304668,-0.6165241122274069,-1.297098084842554,0.6581296515498124,0,0.007024587043992677
0.9507330008437717,0.24162311640080436,2.732023365690494,-0.7310017035474533,2.2612235533574587,0.18418892950999288,0.2506965316717994,0.8872648398969657,-0.4774779725206391,0.9181221324276414,-1.2051823006198192,0.6776375523023851,0.5122779722484064,0.6420948667694991,-0.8823490154149449,-0.31996181168563465,-0.13172467428452297,-1.0800013298563436,-0.5768378170847556,0.3049716495000943,0,0.08075152440618208
-0.567401976924097,0.32387325260856487,-0.2996924888151408,-0.5492901558015145,1.3494647243608113,-0.5518456706152852,2.348421683529238,1.0403662093415809,-0.1966732901998642,-0.8570198458415236,0.2577186153515322,0.8517376391395319,0.38210416193731944,0.5947812426755525,-0.04710795926886647,-1.1778165889111172,0.5038787731382315,1.4044310718641209,-0.42090392138855315,0.11543084855563127,0,0.010594299232198257
0.6856312596228024,1.3730279536351422,-0.5715730880410833,-0.5103669524816421,1.191349495344211,1.6213346243453346,-2.095075747306631,-0.026657249409073762,-1.0391563993578552,-0.08746946831384679,0.8590718861467082,0.6197447755914566,0.9098870145554917,0.1595631920106447,-0.05986264309613603,-1.245683483512964,0.8664272480445868,0.19789294697683557,-0.39177529089203333,0.07208854241784245,0,0.004761464663844921
-0.10335027077744062,-1.5333656727895342,0.5756815104322041,-1.062956003476056,-0.4360970330751604,-0.077575951019306,-0.48481613039510346,1.6795533443006931,-2.2229188938855087,-0.2670977025954396,1.214559542632592,0.040608644600970974,0.8115097247504374,-0.031701954381167706,-0.4319895778067372,-0.9050269093192483,-0.44545369080774566,1.5162654276626633,-0.24512823645512932,-0.8684866827110062,0,0.0011916534296459581
0.10973692146336847,-1.69040307747546,0.7107554724220337,-0.21974969064441952,-0.2448045065353552,0.2860597717525257,0.4253157775376299,0.578852138722166,1.2145595271925163,0.12793246610816356,-0.1610783506551154,0.954368124272283,0.9113557061290043,-1.2945900166532935,-0.21216738746130004,0.35539356739576766,-2.071792191677534,0.11510492297035618,0.23356756959502042,-0.9160735115989878,0,0.11623158280368812
0.9023579209658676,-0.06268435167846037,0.06256746133571595,1.2550271553413286,1.9986525298385545,0.4601389847764791,0.4910526883912176,0.21220265093909885,2.149334140233594,1.8158340861803497,0.13991443812821974,0.0922769036962743,-1.6084886455331944,-0.06976587862658051,-1.2229880674237859,0.13480669050383962,1.6509729251718293,0.5769765339710028,1.2981276971730322,1.294509735740381,0,0.003375307921036591
-1.1904704500864736,0.3599964040680695,-0.3159415543304264,0.45288782465009836,-0.4139840598269793,-0.2765456958036034,1.0162363428756553,1.2642116189208583,1.8239113427456286,0.34107672460165367,1.0218326061143073,-1.5035324878104233,0.5236647814993124,0.9408396900679377,-0.4725051743061034,-0.6634270077383985,0.06988521075654841,0.39190607952200524,-0.3694950892019013,0.43780613791918793,0,0.0050413924911414006
0.37424006605416393,-0.9072474762022864,2.5995458996506504,-0.8442421626794503,1.4926093448698166,1.130391199049382,1.186334717034107,0.14769591127366885,0.8101861193069774,0.5836527922196382,-0.5140514367584449,-0.33419326936757116,0.04375233328346556,1.919942382287979,0.613380852555386,0.9169945302868225,-1.500827375595644,1.3123624670794618,0.08535587311560425,-1.3494843946724846,0,0.085175833359473
-0.027895379906766216,-0.01719911575072732,-0.33158780845745967,-0.37138655713386226,0.54221178685364,-0.4042378248821154,-0.07327799112074457,-2.083184320402651,0.30106123695062637,-0.7441752654785587,-1.0533652140956258,-1.0262074943916957,1.2851111228319982,-1.3888437030521852,1.916691845916963,1.7098105634753593,1.5089061475178196,-0.2640898869485372,0.11491438199064472,0.013801010934999084,0,0.038408355458823394
-0.05796424058096955,3.3907077718717926,0.27722457914634074,1.5033213406848092,-2.3217239947504718,-1.2004215517680625,-0.22036459850171455,-0.4332476396405854,1.1859595521086344,-1.2157669173537637,0.3377776244333033,0.6702840396321773,-1.6872806047034585,1.217064946751383,0.4937684462254522,-1.3306659059159425,-1.3193840626288187,0.32047672923903375,1.7789938465592912,0.17655866051239022,1,0.7724962582429733
1.1913761764754718,1.2425327201557326,-0.20873428429234517,1.8932856213022347,0.10548456099795472,0.27639652448913427,-0.6033367121984414,-0.2869139951568912,-0.6228766248222661,0.5346877530502021,0.2030905823764177,-0.5492458616322319,0.7547107591023511,0.2055942367688651,-1.7466729052639463,2.3610473114609065,-2.0880295615912385,1.7762606683616555,-0.31376105975107516,-1.0386460248899083,0,0.025575936754150538
0.7581004949657484,0.011130683454404667,-0.3962524945662571,-0.9380167664698676,-0.1623790353560263,0.5201097083393914,-0.6703532681350367,-1.1565279384008915,-1.9123218280326497,0.5572859358938943,-0.2903028615754253,0.8128647700432475,1.4381798765038898,0.009753470331647137,0.8598429055542077,0.07846748155015211,-0.33522187599206626,0.4838282964947351,0.7753336233804285,-2.9475194013377815,0,0.12177564856582358
0.5041881782131835,0.23005473349209646,0.22561053646015744,-0.5939431754437722,-0.9559350204618364,-1.2484813476729923,-1.561586106125937,0.7816229975633696,-1.8943063687798916,-1.0999673567119155,1.0087327536013782,1.2794282084133852,-1.6398199401832236,-1.089676647748611,1.3536287211745794,0.7539058607698776,-0.4790303492732154,-1.031568379274529,-0.33402681189460215,-0.9844624308677011,1,0.9980444911683074
0.5159580351229441,-0.107996123120318,-0.13643511863406313,-0.17606019144039345,1.239783731324884,1.1240321202462922,-1.0829374419253206,1.7856304041063886,-1.4027322998719325,1.976837688507993,-0.6697937183917553,-0.34138327947773317,-0.9627561158326985,0.14346312583324458,-0.4419899591615818,1.061117726825328,-0.5182082380264315,0.6407851099784866,0.6187301435483662,-2.38076888780091,0,0.30029341976968554
1.6838195252065085,-1.5003004300608669,-1.292966933050916,1.0358717250071487,-0.6360525208872048,0.7892210342671627,-0.4249693540928539,0.2992124629529075,1.2200366267171643,-1.0848972384938125,0.3821611121880753,-0.9315303166925888,0.4936941139677758,0.4151531494422847,0.0438325258500994,0.30981435171004734,0.7613865648020849,0.06833649397913158,-1.8334680432626675,-0.077262450464775,0,0.02137496715792363
1.0531593598989504,-2.3310049506176584,-0.39591421507337293,0.999025668256769,0.14657549129184197,-0.07272084820888557,-1.4009612929618753,-0.47559827009125627,-0.2121885284556786,-0.015812418259016043,-0.008474099219783258,0.26013035462600725,0.7551009172978869,-1.0385044638619445,-0.275237719104895,0.4981599760680585,0.39640084764539096,0.7704003885945857,-0.21169418491163897,0.5399981412998803,0,0.022522524656293837
0.5902957918713526,0.3325000574251487,-1.9652679685693566,0.004047856692384506,-1.5404918361933349,0.7761412542009429,-0.6080004001301013,0.6255111701669451,0.5673948294225617,-1.367325129754269,0.44187240576013737,-0.9112267811635182,-0.8397863994720968,0.9207169481563038,-1.9456528154967112,0.11036696224513874,-1.387748243752346,0.30973611674628243,0.055090385055055285,-0.6189751254795336,0,0.24004819831727003
-0.4404097232099769,0.10150956488220889,2.2512397610076254,-0.7080413516284437,-0.77905626735108,-2.1096671429169116,1.5854327709484008,-1.1937546674645974,-0.21868687198974174,-1.740328711684884,1.8253067874197941,0.5880857159432887,0.7453379944424092,-0.788367946022448,0.17300252449643794,1.1198298793763923,0.3556413398196329,0.6510670055022487,0.7458209045134953,0.4491165827519887,0,0.029136886196921685
1.242350971794432,1.3231457111268006,-1.6324413682524346,2.164460803060231,-1.4619817334302885,-0.7942552974834791,0.15284063735935882,-0.2564200127592826,0.28762851665302497,-0.8019984294724352,-0.27491591743825217,0.4597590084873076,-0.9383874917117373,-0.7046598213673718,-0.940239450941151,-0.4760038552057127,1.3511016532671318,0.04427413896463717,-0.769859023024518,-1.7706113600326319,0,0.13869894938427604
1.2560305858994965,-0.3247479782041855,-0.038893983622078604,1.1725242215307035,0.7471958595741645,-0.42968491431659384,-0.12766640311884028,-1.376275402926748,-0.6354499208075003,-1.8307912165229183,1.1695594838104255,0.19502360639177996,-1.5147396341529171,-0.2517814629618272,0.3383726093348759,0.07554878778435466,-0.027605473694389565,-1.4550037034885894,-0.1934412014991377,0.17339327752498618,0,0.18049889984161294
-0.2727685485089065,0.8546314234760863,0.0858751186539303,0.25861831311730377,-0.5574210054491783,-0.47861872376314757,-0.05150271546494066,-1.1993691271917843,2.7256169999725377,-0.9123457433154826,-0.1748406928022258,1.1531423220537824,-0.716353388945196,0.9862027784613829,2.666763774199715,0.06382146503264795,0.3550096509004144,0.02107577335333127,1.5625707743360724,1.5801219728190368,1,0.9815833679568136
-0.3116057617510029,0.2568133054824149,-0.8528414241342356,0.46137522680263193,-0.25309425228278454,-0.7315234521191492,0.6020042580648306,-1.111465649893145,0.7104449422366403,0.445727344051477,-0.05975929200627308,1.7267941044077642,1.4720632025198916,0.15500416787607096,-0.8273605671744704,-0.3337613868908671,1.437001898871581,1.2645784512310057,1.0928586014729247,-0.3035198748302731,0,0.0066022146289367355
0.8465648270169461,-0.5231065746110339,-1.6624354570781952,-0.6831497271899808,-0.46169692919784305,-0.2616993331087212,-0.2695354073772414,1.5008965178353195,1.2357692181171163,0.692564670320405,-0.36976004454328043,-0.2050995257920863,0.9161204815932231,1.3151442219328016,0.2108044722360944,1.2787409008066974,-1.0213364229632835,0.31396036047367787,0.22752460327493323,-1.5929910212077194,0,0.03718824719432043
-0.3300444961885549,0.40868672594430616,0.06551062083996768,-1.2367301316814243,0.16925788311497256,-0.11887059029783414,0.26250125859521634,-0.8099637492041378,-0.757326356859853,0.31535375286311884,0.5876262291100258,-0.6211675750300709,-1.6659281325331001,0.22821406509686293,-0.42280431198919965,-0.8536665796679254,1.028198435401291,-1.0378638529981508,-1.2075710411893927,0.6627855188809276,0,0.02529707032998581
0.04042847125634354,1.8573205774836636,1.6339383192219232,-0.19361222254943702,-2.047399121053789,-1.9445725745088414,-0.579388998217511,-1.439908489713985,0.5785710702344464,-1.063471908202901,-1.0838495167361797,-0.2113592690090671,1.1559490264414312,3.2393013715790233,0.012541062949831074,-1.000561580659102,0.8665307890459073,0.745188857851226,0.1579022820581033,-0.32718718260587354,0,0.16632568282277882
0.8302634284253398,-0.636994881798963,-0.11175262385178138,-0.14989014885525917,1.0691416520434953,-0.09734673479634337,0.24209411490267987,-1.2447228324794473,0.7272293571646377,0.24664272076070126,-0.573768285869816,0.13624114774612914,-0.6016161805962175,0.973551566908406,-1.037286436433257,-1.8933872648344319,0.9544835814663376,-0.1597573695489789,-0.8352466096095741,0.9149682639361051,0,0.0035447796546702885
0.11773695076345347,1.6110337373973718,2.0031699262105214,0.4113269673921,1.5712274167105331,-0.675901384747577,0.04917900965046026,1.3782724863180322,1.819244981502326,-0.6512374588267629,-0.22553858553367162,1.2695660976098582,-0.7527547471805147,-1.767692574341872,-0.7557426882518083,-0.8473331786583919,-1.5744467421325095,0.6948702997669627,0.225956393210926,0.35487725711680257,1,0.6250258928132494
-2.2237204294639246,-0.18604866979818638,-1.030898506675857,-0.9604143673959701,0.541274303975648,-0.12847386949899237,0.1392937240987465,0.6383154185083266,2.2016478762705423,0.8655742782527583,-0.044906276290077256,2.002094740329709,-0.9320203082705947,-0.8207492706217372,-0.6380810547957233,0.25525923036180964,0.03697044706215205,-0.31679536116981244,1.8564123511976738,0.675747341567309,0,0.3956177994517306
0.27224951206684556,0.8343613965097111,-0.3906629688569202,-0.2568095822696303,0.3631732895603128,-0.22364847153821857,0.34936658238578844,0.05766043683943408,0.6169133632307857,-1.0254006809375609,-0.48852808948578597,0.2744367918052044,0.7628851612587032,1.248472778332573,-0.26479954543780426,-0.3060740369531513,0.2482385325969397,0.7530608606591378,0.3672723876627026,0.4077312970543884,0,0.03673121136599786
0.08574903867241136,0.6092640046814911,0.42262002903651813,-0.3849661591229057,-1.1163909838906925,-1.394146356309035,1.052436875352731,0.6464073263246496,1.3868212675905085,2.195213696269017,1.4319891704317627,-0.046398460312460525,-0.16377949490624966,0.5625678883405866,-0.3417462156997723,0.4577805950395423,0.22824715590039357,-0.5317590803839654,-1.24817711468363,1.1890690869154885,0,0.017766168039141595
0.5366773665525978,2.1030477568697843,1.1713622511847221,-1.0850594676167258,-0.45373447530582284,2.944567507973997,-1.876529513861004,0.2476284497343863,-0.05592827343850848,-1.5083544012979295,2.561921501233199,0.3215364869780848,-0.010943688336988083,0.7536676794430356,-0.25900944380217217,0.6846178557690765,-0.9836712062136036,-0.22878127121498087,0.1887723635424221,-0.0834789506165479,0,0.03255413496288548
2.047158673403616,-0.11369791988018953,0.17475765704373522,0.9004304833713664,-0.4147542841427013,-0.4560722511227679,-2.8505484272434582,1.4182400015694685,-1.5659127999141802,0.03208581509639029,-0.9222437320136985,-0.45523573482208424,-1.507458622446563,-1.6112292726792292,1.6482388323667785,0.6380685696787376,-0.6727137776597563,0.03233875385090025,0.7706038886392779,0.14896437727393183,1,0.9479663565929567
1.1142289505466456,-0.07914151067040809,2.6301979713396797,0.3842711702792053,0.20608780082894443,-0.9588136233014403,-1.295663151708745,-1.8481913723330634,1.89597063087853,-1.8649324382328951,0.9131814134218177,-1.3155626955170043,-0.8596286217107502,-0.12980889828766567,0.35940831545922997,-0.9000019290052685,-1.4154630937490458,-1.2716067371704134,-0.11544780646237936,1.4379630808050516,0,0.22194156546847252
-1.1024401886847226,2.0359241524128104,-0.052393818171709815,-0.13397585143594096,-0.5553362702117788,0.03156853646615512,1.0420669820073594,0.42395871140446467,0.41632603641194493,-0.7842608822411918,0.7313772849521051,0.10118959624042112,1.5965837484646035,0.7156330447631855,0.16628194892023318,0.043485162315236636,0.7426227533842785,-1.022781973344274,-1.2342755140455977,0.33633581031645204,0,0.013340917863717272
0.5907618444019206,-1.9017089937875657,-0.19465160879634655,0.0902697254174502,-0.6550311025608374,0.5894551920432186,0.470751172946671,-0.6269043673768593,0.7541011068916577,0.48729176671569363,0.459878441670947,0.30191385568684515,-0.30352562685312606,0.7701499608544958,0.44766218453261036,-0.5250988030688482,-0.6513075570283612,-0.7600341285279458,-0.007644207269191032,0.565629490484937,0,0.2304906969943152
-0.253588835044046,-0.14719043766141945,-1.5775080977776095,0.5174700143701627,0.05845220650053285,0.816369208882296,1.7301000567017726,1.2241465313129662,1.2930989740734298,1.5619684981603548,-0.5228374840476935,1.5763646291277942,0.46913703155621606,0.16666459032347572,-1.1346926197162785,-1.6593562479655732,-0.02200749403074275,0.3856296395026675,-0.3689565964264166,0.12311174980265073,0,0.018600510138614457
-0.956768861208998,1.3984670676552582,0.43533078584207585,-0.667467494549473,-0.024733978396166065,0.0009231848323788094,0.7782573583214519,0.357794168129808,-0.07392809881998746,0.6829740099707965,-0.329482531464079,-1.3094953635556008,-1.6690658286583482,-1.293445783832874,0.2770426561682102,0.39924139007796444,-1.7477281145468104,1.6460445480145793,-1.0602849865090946,-0.06639009579133028,0,0.2795839453807383
-0.7449986358726307,0.33859447330507125,-0.9766670080683063,1.0597447146455838,-1.7139155119138008,-0.056176594690743195,1.8634773543746417,-1.5575596121962247,-0.058888019671581464,-0.5578782893632303,-2.4158744181090857,-0.49258618358757084,0.2267301833896904,0.29598248438265146,1.4335196008730184,0.5663615914965485,0.10169874597936314,-0.7135800395687918,0.2910146124592556,-0.6365564351724471,1,0.8915973297803035
-0.1649084339885238,0.314556532558264,0.4443304523530204,0.7578078448161096,-1.9078400669225306,-0.4333953568319633,0.5733955932916526,-0.48873145894505204,-0.1745653431734695,-1.3628338027252243,0.2077493645565507,-0.2722515940524505,-0.2756556070308433,1.3048572018042326,-0.9005965070506178,-0.8114129468069038,1.6397962312533136,-1.0453177527955735,0.7409348519425831,-2.3197539451224665,0,0.0642357138127576
-0.5261492834351025,1.613861807065011,-1.0677195762987142,1.6838388616478055,-0.2302024645450245,-2.23568161017011,0.49830128654721145,0.5110199955404771,-1.6461920794995117,-0.6618921525023173,-1.0595016628633285,-0.31994796959013855,0.38594468914377666,0.14559011762158847,0.3835945387731904,1.4562432300514379,1.8636186693059498,-0.55253240850163,-0.4941765206629521,0.5060500117202548,0,0.07738332114068265
2.0083368381285402,1.0514368222058639,0.8526559473642844,2.1503357960908716,-1.9216331281309575,-0.5612355264828286,1.0463236172050863,-0.24985977603788984,-0.23917605310897055,0.7459778485706774,0.7191009206396523,0.3703509214807625,0.4885647833875741,0.5438952145287532,1.791068402206495,-0.40922791266564273,0.8268749989401005,0.9041012208092157,0.15760980919657325,-0.35311423198188024,0,0.03992295819366407
0.13587489611756665,-1.4101407811695332,-1.518093388673059,-0.5733548409306438,0.7501052186154545,0.4837752228191966,2.958300524188848,0.3157268762006638,-0.4623213441977159,1.2986249545273156,-0.1420559795317855,0.3325471870625603,-0.855652578832528,-0.40406341141125796,0.8006493523225243,1.2857633083629953,0.16097703591812182,-1.5398974603891367,-0.31596573328559896,-1.2087059318120805,0,0.6444111671456803
0.8534758404893158,0.4655313513559698,0.16349978669858242,-0.7317151048647618,-1.0737055918027654,1.1919690573894015,-0.774639010099137,0.3676810250209049,1.514209332806517,-2.4448258172123936,0.14804175519036009,-1.6393996422121913,-0.12434693960201547,-0.2615695678009934,0.07356431307476552,-0.3091583597513297,-1.8723403487255237,0.3862306964082079,-0.1541894678479116,-0.9968192889433642,0,0.2531416498002244
-0.4789073173955566,-0.48534660103268845,0.3196606540595778,1.2176470510008597,-0.14181016153753365,0.3617964717688848,-0.26487761372419116,-1.4702701643767155,-0.916915709398032,1.5168174577624949,-0.2760172056532378,1.4661633718505171,-0.28819201280303747,0.014855153373340884,1.3466889541593463,-0.6030030992934615,-0.3445405741598864,0.3860091823753059,0.774768049118741,-0.4774814600955287,0,0.4487605078936622
-0.3373089836848659,0.386685907854458,-1.2424291481163252,-0.08270788567342564,0.42894350197649106,0.674160720012508,-1.0211388542936628,0.05578294814479475,-0.5726604557084182,-0.6897921540123109,-0.869225562281351,-1.0425553993359298,0.7614178216405465,-0.9421425286706145,0.4177018640994319,-0.012309134750081803,-2.4016610520904123,-0.3094588908196215,-0.009532672953513639,-2.169673982376514,0,0.12348979114803274
0.6587503879439276,-1.7727208992658188,0.011829370488138143,0.54998247672516,-0.025336635726794052,-1.145009080691178,-0.9756457617494358,0.9407249951448401,-0.7770480472263392,-0.5648118062573658,0.09450042076918312,-0.3537130815425941,0.342976734621149,0.264545592570111,0.23577196195598757,-0.8861054021154354,-0.12962565548279106,0.4290663075666623,-1.3056312633920828,-0.13755932628111103,0,0.03139622624228849
0.1301590263766632,0.19067072255866085,0.38933491889010613,0.2376846718746651,1.2812069169860876,-1.4423378847883161,0.8246515155549506,0.6184908852589242,0.677258874357537,-1.138348484849789,1.3615438986210862,0.6149080063082317,0.261466255677051,-0.8578843602649002,1.380246003090696,-0.4155320376368973,0.5539083938830304,2.5205395887133983,-0.015304740365099634,0.3493424785560449,0,0.0014818578611611834
-0.26327465076378764,-0.9847492728196385,-2.353859177086897,-0.32820819736835355,-1.0468477480156642,0.45251065431468757,-0.5541561346226889,-0.6640639791711601,-1.462473202640989,1.294528359042199,0.5207947460654425,-0.9343517575155444,0.16142830111916806,1.433493470718171,0.32867949864772866,-1.6134345547237823,-0.638853603287619,-1.2875159651751276,1.652081968477054,-0.43974163144021317,0,0.13166025113110263
-1.0898919008117385,-2.4943990130362814,-1.1507182231321338,1.1005380678768697,1.871820114182041,-0.7994129131871219,0.7511184377801947,1.768267043751003,-0.3321760956364074,-0.07895394565998608,1.2500596995990283,-0.4836408899689209,0.26314681120030353,1.759682876957433,0.490299344308084,0.7525379211191381,1.3389277141306144,0.861003037174328,-0.1313407836883312,0.20581059537068144,0,0.00328105739597769
1.8861251610146286,-0.5094817101271694,0.3324084751689932,0.8400859451557047,-1.7472135233919281,0.11325462773979741,-0.3760304314807576,-0.8117366403040427,-0.5927203892985432,0.3884296685811545,0.9422065753110793,1.4325230623922525,0.8525614936496224,-0.23037737009759823,-0.2976839192854548,0.8594555900550113,1.6208501331250558,0.5731125265090882,0.8866065205314563,-1.239626274624027,0,0.011457717008167091
1.5546997680713142,0.6005282197760121,1.4454312290542561,-0.2869789682505639,-1.059256467901575,-0.516897122205244,0.29007084889959384,-0.5998939289541592,1.4334972253611644,-0.10515551351677827,0.4852098287645023,-1.0357844951741653,-0.3082798902011713,-0.8728982673103205,0.41767781662379777,0.758580727907665,1.1653865946997317,0.3223892216336798,1.2321154319297096,-0.09236336986277029,0,0.018003769877687193
0.4192539500895548,-0.4553989709898094,1.182693996873151,-0.7028876343898119,1.0547430381864047,0.14214177060520236,0.26199079168340134,-0.4391963932106333,-0.913091157355701,-0.957138300615523,-1.53972110092767,0.006355080368615317,0.15035793946198847,-0.14303494713279294,0.19359330142464662,-1.0756788053737187,-0.7022571398123804,-0.3255098822942,-0.43208003601699035,0.3958948895049525,0,0.4915672351509859
0.132789797670224,0.8794813976939594,-0.8787998404666039,0.9446337254865608,-0.3914441877715448,0.3982034692333895,1.2331652364711019,-1.1245960178816052,-0.14318382749531014,-0.9874704903767904,-1.2043687494719186,0.9451050841101085,-1.1277092110797566,0.17283882026634695,-1.1886306233602077,-0.2755225423967236,-0.09364398819722224,-0.17198104492908747,0.5923556933607425,-0.5140872493066506,0,0.04451203430023961
-0.2318456416648433,-0.10667757803045907,0.22922435399713997,0.7446030169220123,-0.9240489925759606,-0.4984804124270285,0.1483336285525057,0.405787358469424,-0.04703218504112313,2.116206981998175,0.7216066405608124,-0.04964055485012565,-0.8439601002875157,-1.1989003895919461,0.6184779852085681,-0.6220861269845535,0.705845821088477,-1.2273172685242524,0.041007812677144526,-0.05646711124567239,0,0.1883833331107831
1.1789817282317367,-0.3934749697862456,-0.19988978848029704,1.3814097592583263,0.060607918390854325,0.27047598144023516,-0.496589233944214,-0.4319829832330563,0.9254297645819941,-0.43897350776350147,-1.5848993345532292,0.12028294367765342,1.3547688233148092,0.4761454185288659,-1.1147549508338748,0.9410369837081188,1.333426807405078,1.4238203939274097,0.012861270100060681,-1.8811709532759329,0,0.025855398555960696
0.7392660557983887,0.4696918116863026,-1.0616424403415263,-1.0814609903151022,-0.45833076015681884,-0.2876281694551285,-0.9308586861978992,0.8967245541669447,0.496181924696465,2.399069859486292,0.7040143744774687,-1.2936902237184966,0.03363734825496008,1.07965520454272,-1.321666901982588,-0.7635652908856488,-1.6024766278645146,-0.48845897592077026,-0.269748028553585,0.227846866790028,1,0.06033280868290905
-1.15242239008352,-1.6846011654572886,1.8865866031982967,0.15319700717904902,0.3407160106676093,0.7088837897344574,-0.3327516174728355,-0.0281250977801076,-0.7917869663410309,-0.9693472035457882,0.01496727121972653,1.4761526413155013,-1.453237357805814,-0.7755778956273439,-0.5649318813078176,0.14701502359362126,0.5798118426115113,-0.5502281722389119,0.33455007252212243,0.6001490547821814,0,0.4515642245002181
0.19264506522767533,1.3170507370879452,-0.9081924481334936,1.4073323616174216,-0.9130690808340601,-1.3586886695820415,-0.1756845238647592,0.19459312325484945,1.5765496644576258,1.1907151251103025,-1.5657863834992793,0.6667947948541108,-0.3014094872982007,-2.5739187626901345,0.5827942637846413,0.2350919993214977,-0.29353551056367455,0.9085421580851735,0.3600582506311845,-1.9093448750785154,1,0.42484672786489514
-1.6958087021639956,0.5395345160503858,-1.1702614550722548,0.7438129790628005,0.6130423241445586,-1.039107823785108,-0.8765677973142822,0.7328282407722211,1.6852724431036907,1.2451283933644615,-1.020504370054895,-0.4525902285123825,0.7430635180335093,-0.11812962804809796,-2.056863909846718,1.6089633509122405,-0.2994586855065429,-0.9562417501193117,-0.3852926970289675,-0.3146893391745617,1,0.1385475056887727
0.21703447542928758,0.7817820925591314,0.3140176367007119,-0.7859897707173675,1.7123921877830313,-1.5881676084897691,-0.27846485059484427,-1.3539798405088173,-0.07417657980525526,0.6261840589451075,0.5554300307816821,-0.5054046470770436,1.5656542424414823,-0.25664787987273247,1.5022515816911381,0.8022162723260957,-0.5190173733228186,1.4393874353616087,1.0222217648619771,1.0188124657044009,0,0.0021204384739874713
-1.2580298352197572,-0.9223525031463794,1.9228655335640423,-0.06508918082934367,0.08422148628895047,-0.7620707403130909,1.9171081630651075,0.6519483657472391,0.8699128558662718,-0.7362974380523029,-0.8556930683407866,-0.925596586498673,1.5080035078981728,-0.298995879582908,0.10114057070047258,0.12835164496542692,1.1780057067464866,0.9874688636247445,-0.910069908336152,-1.0537162824061557,0,0.0009576582010070373
0.47374977602290524,-0.8834592538193627,0.7853366376581887,0.881390233234877,1.6284519076527832,-0.5633903641071019,0.7660885071676822,0.5631060899371167,-0.025889977490402987,0.6479435046166618,-0.21935185346171868,-0.31151831224787724,-0.17813128914699508,0.42376909820477787,0.598313925696605,-0.36664509668800305,-0.3902341795471029,-0.20743825695473567,0.05338015571273821,-0.47822876248580637,0,0.09530327007297018
0.09330716595394986,-0.797191935770343,1.245708493832543,-1.1726229784936526,-0.05585957784816439,1.047584081671404,-1.2388875208215557,1.1484335628835183,-0.34282226524955667,0.47471025862274574,-0.6871701284246136,0.41664311782530367,1.5728761471125365,0.34561978704190127,0.9576435422735493,1.9351476539640406,1.3328647051376548,-0.0723842912220448,-0.9430126577079134,0.24086112642763371,0,0.002004443115896351
-0.4805584730307014,0.3307145542964729,0.14295444650716405,-0.08368936657364341,0.4002098385244768,0.15318495811970245,0.827864183697454,-0.8805846171736676,-1.379980890805006,1.5762925434572146,-1.1080837652748756,0.23286096582946997,1.3632044366137666,-0.7192659171045135,1.0476782275667416,-1.1610639784039396,1.669812195386624,0.11392206189203645,-0.587325983231605,0.9211702638642735,0,0.015044047714740275
-1.1178243959795804,0.3438313085377802,-1.149275499944233,-0.8334843849038255,0.8323860246600442,-0.9116940192546976,-0.12373983543904726,-1.0761546589420838,0.04939153864074556,-0.9764157534634508,1.4016620042556391,-0.710628428440053,0.3366726281145466,0.7228270796486754,0.02293877445367462,0.2971041067976743,0.22139999270221636,0.9627309708715979,-0.07314503669578953,-0.21649099308743383,0,0.004523791927645084
-1.723733214658946,-0.7285433055270119,0.8052316517776763,-1.530640020698698,-0.0425538592756659,-1.4775467015001673,0.49196444102071457,-0.3481166447543135,-0.6066577966900957,-1.0919248070910628,0.12421957213746544,-1.0886619538678328,-0.45902165281791024,-1.158835085768941,1.0957285028845305,0.532993940676959,-0.031206432676732645,1.0069983295667428,-0.8833847269088781,-1.7074022023462505,0,0.02412622394508251
0.7584839140850819,1.4261181635443727,0.3766934996463648,0.5888067399648937,-0.40611825424738346,-0.6396509835910164,-1.3675027592689617,-0.30803438057177035,-0.18843203525620733,0.8940473544575217,0.11469661450651952,0.6855326999726628,-1.2040223217257526,0.21502675232015286,-0.03221042713299583,-1.5858298873994243,0.6623197391860817,-0.9439066946328394,-0.08979524005577728,-0.4591043015367905,0,0.2146780902042875
1.5404326841288822,-0.4486191250192747,-1.413695437758401,0.677342127504909,0.6090818645270248,1.1966503959479364,0.3786744620578308,0.3290773517914867,-2.3940456047988556,-1.8736215561588934,0.31677501726385643,1.3210723405904854,0.4596594854830577,-0.5936219216536944,0.5496391090473305,0.17450170732113485,0.42521215915207766,0.3089846038216585,0.4586905521704536,0.5626905355602148,0,0.11687691762059235
-0.03585968082139124,0.954852280754038,-1.2304934909123162,0.28680467029111234,-0.04390145192068685,0.6918582770094733,-0.25347260395800253,-1.641361816547271,0.9415828101073426,-0.2542777514680366,-0.9251858421333111,-0.09648596985667485,1.4544291978987678,1.4935298964147397,-1.7184218968823026,-0.14726795966234335,-0.5694672124935346,1.0714229918454086,1.1567752071603217,-0.624309597553623,0,0.09430849537686493
-1.513734153200073,0.1622214639931874,-1.463837412401261,0.27570815065438625,-1.4165555188628374,-2.570726560824501,-0.29785309184979164,2.0289386597448704,0.6146251013238666,-0.24634762428139112,0.02428708856080137,0.05298265518933487,0.2754232092238971,0.10364838035010625,1.4803729822981744,2.333021556702089,-0.44351520183566046,1.3401312582903833,-0.6356271144995,0.14342238970990148,0,0.03652934818320581
-1.0491511369919007,-0.49428561828516027,-0.4785245676214035,0.14629916390630307,2.1981465534870237,-0.3458957338336076,0.7932475049018703,-1.148312286342382,2.222264435240128,-0.738997985203343,-0.19468519662703238,0.1359704953609673,-0.5669610637748299,-0.1754394323256519,-0.49104243858078384,-1.0336025231031434,0.6437171037007855,1.2476012565657253,0.9275129253115924,-0.16595291524364467,0,0.006242818044017112
-0.5684904236846066,0.8366964574731034,-1.5338148805619365,-1.444868035643714,-0.8945872072346837,1.3142432101898958,1.726039205825926,-0.6636823879757814,-1.244231887926847,0.06753201533859217,1.2358725215041078,-0.4967913741369597,0.5705299874443375,-0.6981670937489218,-1.0753737942458927,-0.2179669916935537,-0.4428519398084671,0.711858828302578,0.7455481162817862,0.5549966170772187,0,0.0222936564468967
1.2755507163951185,0.24343568459558115,-2.3353828865815416,-0.5664240334489462,0.48225088846570946,0.5142410821962812,-0.31914266907370226,0.3475093725584732,1.1305807235989942,0.7280343710725394,0.08888251276322738,0.8525611317248017,0.47869105990552424,-0.894319340638637,0.12314437039286408,-0.020994964048090658,0.6448056017695288,0.16275505321343267,0.7373926439588954,1.2478074549582023,0,0.02080590601029757
-0.8013776176491465,0.13857587737168392,-0.9265341692925217,-1.5323476462094883,-1.2810889327733146,0.4221230021874403,0.11963431734510781,0.8705661332583515,-1.0161071363693237,0.9530576134611279,-0.2835345529247046,1.2793036815737235,-0.1062879701316569,0.7473028187885901,-0.6220389473799662,0.8622292695422854,-0.3198587541592607,0.5606760323154291,-0.9249928023842355,0.7383737478558503,0,0.11178229833626778
0.32775830711996573,-0.012081727276950326,1.3373232122350547,0.7355396847127623,1.3729234097390373,0.7366634145675683,0.8880955435357963,2.182971377330368,0.20218727637471387,1.9409159302376044,0.3159203116392818,0.7871771565684734,-0.4357292358109898,-0.7670853249079181,-0.8554482386114042,-1.5196452183642015,-1.1377863049666541,0.38005254119268933,-0.29822194430532695,-1.3374858867780326,0,0.09984452581334508
0.46797878816016925,0.3813935011462384,0.952661239824687,-0.9149825714336428,-0.049067306685287006,-1.1006005182568508,-1.2792395450599703,-0.21818912877553817,-0.87235717400225,0.33264475193377985,-1.496138805465175,0.9886385003868359,-1.7491379579176574,0.3472912903726745,0.319253280546155,0.03879726701995706,1.1717672679790758,1.5544942667644839,0.7578842475206075,-0.18635414165810382,1,0.34221333057168213
0.21859207654259974,-1.3995273635572036,0.008419014971456544,-0.5737256220059243,0.5666019614779695,0.5416368382367196,0.6844205637399434,-0.5686380632769011,0.40170078992932534,0.490210669079359,0.4761052803298068,-0.5842651372002116,0.6745041022019211,-0.013935086550976196,-0.8169277249404542,-0.9791520036739378,-0.1981041299214622,0.6923290980040313,0.5458035510390054,0.7672315146944583,0,0.011942285004279279
0.9288595235358463,-0.7855548354904401,2.3794616877154517,-0.45231921479321086,-0.11716776327235336,-0.1962664312993261,0.4319095443063016,-0.27780935180655086,0.2884927935506417,-1.4299720730554233,-1.7860396947410326,0.325854424010309,0.0662960666079215,-0.39298518901691676,1.5920042782044974,0.8651765991717526,0.16060023673047585,0.737170125954779,-0.6149062760724116,0.8147089231001104,0,0.6067053205151968
-0.15747919361798204,0.9516054538768868,-0.7420107653980739,0.5857775275143341,-1.5965870401635824,0.06150929041464918,1.0493659304693614,1.9011000715021047,-0.9702437170484023,1.9186485296929872,-1.4814633489057492,0.20639803172608268,-0.4358922030804204,0.8565776318614892,-0.6659835184095638,-0.26119697523632507,0.2810418217054334,-0.885721205001424,1.0970631451513737,-0.8153068423421123,1,0.775630516255177
-0.03942364323876779,1.84808254960447,-0.03592031598587093,-0.6878867035659809,0.6888945452857472,0.5625755446519496,-0.44082982071953714,0.34000460895709655,0.8332827118950188,0.09168778882186807,-1.1986288234631641,-0.31306236121370584,0.959308712322941,-0.37306944357893396,0.936039356706779,-0.30021212971787586,1.2688221452844128,-0.571229370554814,-2.245316452385213,2.357475895297498,0,0.013209519872993796
-0.6853400333755459,-0.5142939742040896,-0.15840831710921036,0.03880593297001479,-0.7244140193977073,-0.06276019470310894,0.7771218752950152,-0.22702351659693715,2.620172530481566,-0.5888124803717337,1.4160030565506732,-0.5890929606731795,-0.23091848584899594,1.037407120622734,-1.684016774392365,2.184757841766075,0.4279963020085199,-0.03941405050754074,-0.7515599052578487,0.5281510644981031,0,0.006317359000386731
0.6299803830276076,-0.23235351400307327,-2.78059355956802,0.812007205410942,1.0320129702978817,-1.0008614037606762,-1.572892065797184,-0.47673467275526044,-0.511753423684451,-1.502310572619527,-1.0250897657862654,1.555711561675663,-0.2532485856547702,-1.3765862605331811,-0.8432976577055721,-0.4360651768747254,-0.16529793724363848,-0.29453083945719766,-0.05464867140952403,0.03241438112997828,0,0.5135827477519017
-0.5985878210977273,0.5880988135448408,0.45772654933417867,0.5808136931391816,0.38669146664287135,-1.3985282635257086,1.54016926218484,-0.1776307302536555,1.630823206026052,-0.9358869525190012,-0.23954785435146198,1.8460564162316684,-1.1086700531832627,0.06513134430183155,-0.8069768201106856,-1.5566158053927155,0.38320080971059123,-0.6804712661614066,-0.9347488278177586,1.0101659963642322,1,0.1511394804567154
1.0782647205767963,0.33308153374627864,0.8131546893877616,-0.6945697943390156,-1.0437019219773171,0.7958219096814144,1.7854616881963314,0.8489034651202456,-0.7554132099063835,-0.7988111820322339,-0.928753924264438,0.7244097323191456,-0.2403559562584504,0.9113960770469807,0.15878122707508258,-0.9685310053326006,-1.4741140031069788,0.581638651650715,-0.16471758049972438,1.2332451674459073,1,0.7959319833045869
-0.5457700620191731,0.29550838464387663,1.0005755901705975,0.03726936871056817,0.48210079116820603,1.580348261727071,0.09546807203461925,0.17980275408129068,-1.1119261846892647,-0.9807623773554359,0.5284572764078852,0.8181304332590528,1.1244857575797107,-1.407070878751272,0.7118071147973334,-0.9517035700092507,-0.7030970234801929,0.9106103284024477,1.4814270687954945,0.4253128625141328,0,0.009645657243672022
1.1331651674821537,-0.8793136353417982,-0.23051769925032858,-0.12523016256490796,0.9220959503559947,1.1562576061905654,-0.5306947877711516,1.0920169148306116,-0.40688445569833426,0.3466846440630017,-0.8100126663991472,0.4378948224614267,1.89282920034767,-1.1453371197672813,0.037147713885619056,-0.8619318059472032,-0.21407873949490075,0.3652359095631735,-0.698440884433271,1.4230971942461537,0,0.0006104174502432905
0.11572074808659398,2.080562402432354,0.7462333171261178,0.3353967481856007,-2.081483726707334,-0.45663492023052465,-1.5066071488277497,-0.09604999048434194,-0.3283328002019173,-0.33603643285068996,0.6001215151165705,0.8738608444496803,1.0955589114778648,0.11452010640816562,-0.6611877784747486,0.89540917804922,-0.24207070272116227,0.36962676997512817,1.410936978992839,0.8441182590115439,0,0.04189302202481039
-0.891317984711191,0.5714259002613659,1.403548898020596,0.4653515828946649,0.5990660080559108,-0.3852148287806539,-0.06393021742667478,-1.5527081850595768,2.279903794280957,0.5631607096014687,0.8224005038856509,1.3160195590818906,-0.05838313066081031,-0.28713212672129285,0.09146742254549997,-1.3196593499245985,0.39733864870956814,-0.7010289548987897,1.2759701489056454,-0.1596843718769019,0,0.04859742484829326
0.41554706529565294,-0.7172363670704148,0.25036018368541224,-1.398576055074629,-1.126693424281502,1.2565590384618968,-1.1904019305837468,0.07917161181836227,1.623363352062906,-0.7781765383368611,0.5800119353806926,0.4303667514558526,0.6837676813078547,1.447882687212339,-0.7940313223578517,1.31232715068401,2.726630400171361,-1.480086557114446,0.270055864548948,-1.3498898663112955,0,0.0191987098000858
2.2510836291652505,-0.5999890726076131,-1.0690989249673757,-0.10912172520184316,0.4088806961413178,0.6332155451118143,0.13319504140501517,-0.03989600009997371,0.6797842681893657,0.1976338620606273,1.141035496933716,-1.476444063379955,0.5286424637509599,-0.8348703367539636,-0.4204195485620305,-0.6170720040676723,-0.9304226891350249,0.06074248766650018,-0.21007732468380227,-0.01500082496600297,0,0.009177874734171598
-1.0175880983931285,-0.7375536270550069,-0.7469114027705047,0.38620656921895846,1.8090969699879862,0.5602538794410986,1.2930207564195908,0.18343790956990677,0.3095003318404773,0.2866248169818953,0.8027365243180139,-1.5071765025936583,1.045483510328804,0.26686519639750894,0.7920055963385032,0.053705555308171615,1.1284124780617648,0.223180064879345,-0.8247962506262839,1.604851492531373,0,0.0002030393597375658
1.555793230473028,-1.1946006180031996,0.8435084418571263,0.2454690482136176,-0.35765327758365506,-2.7971034640109753,-1.9627469275824754,-1.0683015523808232,0.5776817549854862,-1.1600015025918788,0.9330735226167725,-1.8438323992251542,-0.9721579457313615,0.6703260428950115,0.4044427827133161,0.06356178862091018,-0.5553774790394066,1.0713074046392477,-1.3249435207907803,0.9569776362165253,0,0.01653063596442139
-0.7110205594147819,-0.3926581355617883,1.1674038608472457,0.3378643195779274,-0.35240157710256914,-1.5939525791663929,-0.002807958768746212,0.027224285728123316,-1.3766309477320766,-0.3118340178237906,0.005183711431158022,0.16436986124347247,0.14159651424639452,-1.8588356232040695,0.15491351431267772,0.850352859929572,-0.20211232843572224,0.9170334518409131,0.3552999584702296,-1.4269169557967125,0,0.04765140704868406
-0.08897958673235912,-0.1888885995704529,0.7030516180541541,-0.8034492407749758,0.7484630603685619,-2.866442050139802,-1.3798858628065387,1.5207490655136082,0.7337478753683715,-1.3267012692486821,1.4452134598224664,0.6442186764595573,-0.12107500786394489,0.1623600667488781,0.32345232635378146,1.1993809230764163,0.14670030898298286,-0.24219236685797058,-0.4454013493169569,-0.6377626686354664,0,0.10871708901780565
0.9742696357932584,1.3270744551518683,2.282507241790244,0.7924757686322291,-1.4032653345881319,-0.27224262357658047,-1.0299003352816298,1.6247414685179757,-0.06285802382592486,0.4988463496382019,0.3326837965319145,0.9539217972203912,-2.1035889474270024,0.29707328380837295,0.7677784176120034,-0.8984497210678837,-1.9237382279015143,1.2435923992169668,-1.2967252931895066,0.7178120112442729,1,0.9990513340762727
-1.2576141092832869,-1.4611239552499822,-0.7821988318907636,-0.23841495763647086,-0.6155119369399921,-0.10077898239084056,-0.5687164284093605,-0.8673184869390043,-0.14183709247596238,0.05275252989300005,-0.8649552876095663,0.30481194466208544,-0.8093474716123279,-0.5315354633047987,-0.4631161939495458,0.6310288173418743,-1.290171810162451,1.8393520543411153,0.37579675278410224,-0.43078206293154153,1,0.10619934460605415
0.7139021946794002,0.43548840591574817,-0.684387733996997,0.8408244821838627,-0.43185351589808946,0.2370103849710163,1.0046978312447377,-0.7496231872959573,-0.023938171929093977,1.6096372076512615,1.2974501168796966,-2.0368686553805553,-0.44913852530134174,0.049746639084952124,-1.579220892490415,0.47616675120111207,1.4791491337245297,1.3409411872221997,-0.9608814495268626,0.20889209208707055,0,0.0013128330790956578
-1.7068694236763617,-0.9036027241436084,-0.8287561534882718,0.30827711453314977,-0.21567974605459367,1.290834484022668,1.041489077470051,-0.2942364956329336,1.7998947766021465,0.41921739138990355,-0.6012629237016542,0.6672773825828805,-0.5041950018970831,0.2523540356420894,-0.5894846014398489,0.045130060378754,-1.0186902860674703,-0.15303958800245174,0.10846127715167451,0.9516023214920765,0,0.21098687497891955
1.2614039387209985,-2.22677686678896,-2.567476471247351,-0.129805503508721,-0.8095838606233573,-1.4271928657386148,0.6663079602781777,1.5917658786928717,1.671548657373341,-1.1936950988624908,0.049156234204973934,0.18528493763994,-1.0585434408630479,0.9637910365610762,0.4768380504029537,1.9412082323856399,-0.9277440102372504,0.7668591734181247,0.07230141541053814,0.9053523216771846,1,0.9444341488360324
0.07043423096479567,0.43253221322454677,0.59192279263724,-1.0223938087586322,0.18310311854485828,1.1899271820526485,0.6192470214406236,0.17259352516176213,0.17739931788373575,0.07004073875854111,-2.234963390683286,-0.3386853509852135,0.9444046727259444,-0.6009150658273947,0.2591150488885965,0.8679014819284517,0.34059383076771194,-0.49451374235810336,-0.5415840053943143,-0.17997598904502798,0,0.13581363786964482
-0.28808966127652924,2.0581415344447005,-0.2690099502776741,-0.3087480001088942,0.6686621146918656,0.1442750294526568,-0.23253600272318073,-0.3341876340828819,0.03918126873801768,-2.361037627852717,-1.7002131771764484,1.7799348945793056,-0.8468982317435252,-1.1687983555859418,-0.01658780189030411,-0.14771060806833233,1.0007839720600997,0.7836857859035662,-0.5338872757848032,-0.4655665418927688,0,0.7749425880673521
-0.13919347880105318,-0.4566499443250544,-0.3477258456568838,-0.6707812899134111,1.1565684794984088,1.5552378793414514,-1.6604441003938393,-0.5208862693089622,0.17986670372554808,0.6987852789662178,-0.03831231341422858,-0.11917846620859904,-0.16129302155640748,0.39672186344122223,1.5931038663631971,-0.6380010304683679,1.116587158110096,-3.4251438669473333,0.05623793993138436,1.0724938959002084,1,0.5978206607865707
-0.6125445234580835,0.45828194149014106,-1.1525794847924975,-1.911838263965315,-0.22188811069941392,-0.5380393876002182,-0.20298620079362042,-0.5363780787740114,-1.4880371066388178,1.2423973702139792,0.43386358162549793,0.39949864145672453,1.103619402504484,1.8329049309102212,-0.7177273030845456,-0.6553628965740085,3.027066240965563,-0.4818509595174362,1.7659880811474056,0.3372519220460764,0,0.0017447939715465853
0.1608950284624232,-1.0115563579165214,2.113057232824731,-1.293082474132288,0.1737544993771899,-1.6081402847417596,-1.1924549609282766,0.7296350532840192,1.9782402023466799,0.3889848869336485,0.12201333725374262,0.540361360617671,-1.002000976392268,0.8067289430833248,-1.2180199449130515,0.4501165362595636,0.7455649138231139,0.812275229001941,-0.48113314342399305,-2.0108713649768224,0,0.01739533447163199
-1.8954988139568596,0.1042606224483297,-0.3204325438662586,-1.072368576706118,-0.004106228422864094,-0.07765971119981696,1.7415710957511845,-0.42165427065236194,0.9406670357281072,-0.8960289407053628,-1.0283039532948888,-0.3248630049169801,-2.5727560837707606,0.27746852125405774,-1.0765472244971082,-1.379119303334028,-1.0875293195247897,-1.4184471790126725,0.8330823927068736,0.3437333793853814,0,0.5471364193362075
0.5592922011521354,2.0043674535002673,2.0744729432213336,1.016831152728279,-0.9935026494188233,0.7790777616075688,-0.23457413563634388,0.8384809858467248,0.1605013217882621,0.4367192885618909,-1.0121626752989572,-1.2853849481374333,-0.9973752985681095,0.04818356195398765,0.2632111418334444,-1.1159184096807362,-0.6927470276146828,0.40047561695682166,0.5993458557590634,0.9098628684016573,0,0.5494303622801644
-0.7461186049278323,-0.868196345157076,-0.9772169982733738,0.03618116553969133,1.7993469754971538,0.3741843863919281,3.0452082019704805,0.9842014229066806,-0.48731027682263284,0.137727752436077,1.919029277984624,-1.5726575320162248,1.2225606070055093,0.2420705297087498,0.9557971860889618,0.4847180032957454,-1.159919611257947,-1.7793980620351002,0.4656171618247395,0.8040264894246426,0,0.00027878799310722353
-0.15656158412351573,-0.889669845757879,-0.5376056396725393,-1.7239349634305017,0.8190776163249733,-1.5394403191922454,1.9103688085349222,-2.777879932568354,0.620012898656622,0.42017485243826563,-0.821591472706398,-0.5493874515121625,-2.0196273651370023,-1.4136567676361005,1.8232314658835558,0.7488041836663235,-0.278531364624304,-1.697522623546998,0.26896640791136767,1.4310578194667267,0,0.554309505517965
-0.11471538491280586,-0.5284248767926202,-0.46594395349954476,1.1448173964943216,0.47242229853434203,-2.1975546740734218,0.059049669562067496,-0.3490675155418325,1.3453913387184988,-0.924532259434106,-0.2714455218528862,1.8306843148956091,1.2052535271411053,-0.5678016763935604,0.7793937769846057,-1.4579938157633847,-0.266081059979661,0.0012588211144011806,-0.7028408407641092,-1.4364788382241738,0,0.2783694657845011
-0.2453398254645926,-0.6258487226813988,-0.7643906510383979,1.5016465781686945,1.334982510937845,-1.4002570386565754,-0.23680736167485913,-1.5753430423517338,0.11400788210088961,-0.6710872379806566,-0.8650168613674442,1.3423346370032923,0.3360386195448187,-1.3494509067919165,-1.8966311534277789,0.05762305110496208,0.35349055049583605,0.041521470246776805,0.9828689761014066,0.19158734052967527,0,0.10139191884335928
-1.0821457035807547,0.1991348741170849,0.150338160285132,-1.3054723055558277,-0.4784558210581059,-0.470400379913461,0.7298266388038706,0.24531321197497966,1.1062997660581764,-0.6720438485719397,0.7105126013991029,0.7699227358720818,-0.7675207179961375,-1.8617543854636565,0.4971254044171797,-0.4592378784387316,-1.072915593032851,1.2869263439264542,-0.5189942386439379,0.1454560941578756,0,0.3515826615593393
1.1102317256540548,-0.6198953486055774,0.7340643535726952,-0.8169301671064063,-0.8310871709174001,-1.5850553442052806,0.3936146117391444,1.1208404766468985,-2.086760522216932,-0.9076514066669517,-1.4919378420456522,1.0528887570101104,1.1389685294350278,-0.23248104032653796,-0.7606501237370444,0.2285554509773083,1.131088546053705,0.7140938354783086,0.727233316401246,0.29021016718775977,0,0.031062309750168517
0.9031225036465216,0.4359472527268145,-1.4524728590393206,-0.5314782187118221,0.16563724866384696,-0.8965148962979214,-0.5181463908392205,-0.5048513265080203,0.62054876602868,1.071584185023493,0.313678611802021,0.8085926712538483,0.010922646746120769,-0.22095317925390648,-0.23815842696127812,-0.489784153103582,-0.90793540066823,-0.7423966825042851,0.5921723523985869,0.9947437934951773,0,0.13265271367918707
-0.3902462565319786,-0.37939889464827997,-0.6626134116528224,0.8038982347546234,-0.30326726030698276,-0.11139894014069031,-0.36437668512023313,0.7254767358758814,-1.0433213834945523,-1.743342051972458,0.052446731698192896,0.4928516596798228,1.762677944233405,0.5760694690481309,2.0036465695046273,0.7730186006871475,-0.12122632074384776,-1.24859255424921,1.190824046490542,1.1476563124103327,0,0.0337597674984533
0.6863627706729226,1.7008928779862693,1.0360068072603925,-0.39977440802132647,-0.5562881066327818,0.14943728836473785,0.09381736883793884,-0.10880286309252239,0.7953817568429343,-0.06689050937875443,1.795429164502937,0.8844596494277768,0.5500705451187294,-1.4049713478365649,-1.4812983208426613,-1.6584800257212027,-0.006572819372009243,-2.724509937995553,0.8497081547734475,-1.3971035670527772,1,0.17923664586223023
-0.18613383243359566,1.62781910361922,-0.18574404092271665,1.7112385835890973,-0.7885026175476509,-0.6526986128926737,0.9364320135602411,-2.754071570800757,0.6785292349817736,-0.9542224419133586,-0.13482417598117363,0.8657240305167406,0.5826172346775544,-0.48425320486462936,0.844402321242945,0.26574778989386133,-1.6430085485042927,0.3223006711466434,-0.5072142300514958,-0.19715070678531244,1,0.822819712325893
1.2119193223509825,0.24674436977434175,-0.29947640758355376,1.3225409797883207,-0.47438000968225974,-0.45905503117753266,-0.05953318075780185,-0.852049006294107,0.2491461272488307,0.9663063908328731,-0.32564710084192355,0.3204846956439098,0.549020495077006,0.6692934268471883,0.05451979125217181,-0.13270727251034548,-0.531053927523364,1.1273330750987383,-0.3287918798698617,-1.151002613789643,0,0.03551504106792277
-0.2040616426980318,0.27462293145950817,1.2943400918341639,1.0211688145022382,-1.580542508860475,1.4041727827914476,0.6293336422254379,-0.4000298765082302,-1.179526480979213,1.166381512558029,-0.9137273046349453,0.39304342706869255,-0.02909535262693586,-0.036768160085904916,0.08523277126594807,-0.898226923078619,-0.35788602544393505,-1.2288433481338374,0.17654174594974595,0.748414569144006,1,0.5885998213967245
-1.009756249642305,0.43761083004973134,-0.21376921746203129,0.02791289660414046,-1.7653224774974492,0.0761789913333394,-0.27846144639269693,-0.4235971802985314,1.939962946775068,0.2782397241962988,0.5014245857231067,-1.043958666287112,0.43618845260586514,0.222457229157978,-0.5988678334369723,0.4652364889448739,-1.3654448241242072,1.9286835729314205,-0.09459585880203043,-0.6007182936289734,0,0.021515978711928372
0.4679294091728888,-0.17724705156602996,0.5537590914669447,-1.1902238505152665,1.1180884523061818,-0.12073482641692622,-2.0674415702490845,0.7079116177159117,0.05880025235350173,-1.9483614052019562,-1.3697861436480407,-1.593621528956579,0.7057853228646999,-0.25915930383357727,0.4689453050127569,-0.21485565615185315,0.5064168972371059,-0.4533961589974495,-0.7907495928819153,0.3563889119919099,0,0.01941613114470487
-0.977462166749526,-0.25662986049131464,-0.6617404047376337,-0.7797570315953983,-1.051459655533505,-1.2072240278709152,2.063419346885298,0.8533282946384417,-0.6279578495228006,0.03351907905341941,0.8004264448230023,1.0500437055870744,0.7293868971873463,-0.7063903743428309,0.6174937809481545,1.0410187673341456,-2.0159199752088512,0.198448898090088,-1.108840016858762,1.2362990673241618,0,0.09360234665196676
-0.3381256958826832,0.3879679436530879,-0.3553380747137858,-0.6108035838586602,-0.4000322288141848,-0.8242336414042686,0.13565821078332832,-1.073938196371731,-0.07726884261257096,-1.1910171090775197,-0.059273090723964965,0.12523092445432352,-0.4063584174710104,-0.2233475442280656,0.6212823253547838,0.5424974813554708,-0.35231430621401055,-0.03653987625713031,1.5314659764757153,0.7834811523111215,1,0.3322712061097
0.09545996427221626,-1.1691703218269422,0.5442308766172743,0.3124096638476003,0.5772096138769568,-0.0525460250052715,-0.9899634382390936,1.6813397085430404,0.7777551593758933,-1.2946176610835607,-1.307233245996934,-1.471154316154739,0.17856107195367013,-0.6173273997402835,1.5028259022959236,0.501878455592088,0.6171384457362414,-0.26141009592112446,-0.7888317240423851,-1.0860977357994708,0,0.004515485223208781
0.4935883381656427,2.224256385130206,0.1316645686454226,-1.0379228885920957,0.3427354656536441,1.5217779868781247,1.65150173850651,1.488996236738667,-0.9114383776654319,-0.6912114487445256,0.19166220648498092,0.4031777883483682,2.2444392659197785,-1.143397791676643,1.3599738242360961,0.16050150380733305,0.02461094774526339,0.6597653391094161,0.5155212581009679,-1.2916628808599915,0,4.19041246915527e-06
-0.7005392220325839,-1.3780184142780116,-1.4083745279961932,-0.4098057932695885,-1.3123929272664583,1.6579551039566205,-0.7728596578332968,-0.3487006180505197,1.4259068851420638,2.2080465429664513,-1.9732086910145117,-1.231390592732111,-0.18224606849431943,-1.4727068945777042,-0.1876955628169392,0.14155775868770545,-1.1068720766457847,0.197351546472483,1.1563993203125957,-0.37661885223635033,0,0.33177737123193235
1.293783608686964,-0.28958786579947843,-0.5353242454636767,-0.4125571544568135,0.7189237011440694,-0.6988641993138202,-0.4866445296614257,0.46206159559286586,-0.25802752202679496,0.03055644543198759,-0.4327400449364483,0.6780332221081717,1.4028025415531218,-0.41574220680860186,1.6870453409245345,-0.010254866107243557,1.0177278181996605,-0.3029343263058467,-0.5818014995686437,-0.7595817264174295,0,0.005566311596140069
-0.08089319065299144,1.2915840269878387,2.0314907041496313,-0.4708806363392686,0.27006133373642904,-0.049543079818269914,1.3938196634102147,-1.375222013056898,-1.5380062465144941,-0.5937847435728648,-0.41831359493978,0.7628045742550106,1.4953403536650036,0.41703326475374825,-0.1599453284654057,-1.1739675690274436,-1.1402774972584202,1.2384068074597323,0.06141392791228148,-0.34466386786258574,0,0.14078874251424556
0.6913726697470101,0.4955711378938547,-1.2069664993464684,0.5416413350317497,-1.0117795592421206,-0.8727866254467753,1.1915380233007489,-1.260317639954653,-0.9858250404667511,0.6641990292580451,0.3785319032516969,0.7953554015343809,0.9244748108698647,-0.9683592249874357,-0.8752074093526795,-1.958624828359147,-0.04931334629963468,1.4938897944884757,0.6139561774170453,0.0767764906492113,0,0.029621844255099367
1.0454637377449956,-0.606886096108563,-2.275978743113382,-0.7717312691462188,-1.2966232089458023,0.8696741000730033,-1.0396520130834994,-0.826825132674451,-0.10858097155424022,-1.8645248364894085,0.3963109282988392,-0.3810527952640723,0.6631063210715905,-1.3230418165809588,-0.7977128961037031,0.029610941193184828,-0.2588598075728133,-1.5260641199995777,1.0451249848214694,-0.18500870931887234,1,0.6371232269428191
1.0873933333695511,-0.027349390916972575,0.38385914375466845,1.9233714399591444,0.343432841131181,-0.8303336632730038,-0.7505015565186276,-0.6209524446015815,-0.39969646146496435,0.7401158084100348,0.8849380884186829,-3.045248340518215,0.828871930861116,0.12971097483210667,0.5017199351038621,1.0568493981857687,0.8218241011258094,-0.836302848548796,-0.9978177041228714,0.4341342509340612,0,0.0014602169639330428
-0.2076475197304057,0.1543377426752616,-1.6541703366644582,1.0247485810163557,0.9770567261565395,0.1590798135952148,-0.6016593595543419,-0.09499742126924514,1.1216539737892874,-1.1093276198977475,-0.11210597263801779,-0.39448388907464443,-0.8518416509389137,0.14060427203699155,-1.5194869826443056,0.5689424130388375,0.7159738862393635,-0.04687782679692016,0.9387538135500139,-1.2313791626307222,0,0.03350333593360482
-0.3663104229955696,-2.387516311923818,0.7489634662159422,-0.09368002317861525,0.6463707816781776,0.20242147190975612,1.1510842326444592,0.8534832798844674,-0.7397260893460766,0.6883159075260566,-0.15397722875500527,1.348596869442997,-1.0608205521295142,0.6045404759264543,0.1043823452573151,-0.45107388889651445,-1.4188591464892153,0.1417558625562355,-1.187745645095872,0.2633278768660642,0,0.8029817751745268
0.7464147884663518,-0.7198576360756349,2.923510182695703,0.34049839591228037,-0.045639336544640516,-1.5156735553858138,1.2751795787320113,-0.9105203212729079,-1.3096414816490425,-0.9397332318573604,1.1748213364823339,1.3417952794347858,-0.6959254141817873,0.19338550226453358,0.35991206747378335,0.06610825750460193,0.17611785392315973,2.0304200675463506,-2.167654393209303,-0.9022288853799598,0,0.014565011432460579
-0.8523898881026447,-1.1714640415486504,-0.25642061844575365,-1.266876120915849,0.813450437386499,0.6637225801575368,-0.7570380335979817,-1.0942571523088855,1.2125890184997796,0.3548490885940192,0.27059477364581946,-0.7185851398874935,-0.09317756426397655,0.7609363393707516,0.1594323973074184,0.015152357845423617,-0.432271172050638,0.5097985371262019,-0.04036148045208483,0.876326791218909,0,0.018938254512917068
1.2032433742671604,0.07929541842278665,0.9595533791710614,-1.0127840885961,-0.7705288561211235,-0.5856144720523816,-1.3365880290934726,0.09796242845200417,-2.059024241022769,0.09877613103856617,1.3157825744883789,-0.4494242210525113,0.015314467047510296,0.7055934523933853,-0.43203301130486205,-0.40449336645930806,0.9545576383690407,0.41512799655944227,0.23081315598950408,-0.2146452989283209,0,0.006444907019190407
1.1832465215689152,1.6833243714468504,0.019214129240581652,-1.363546225620602,0.4530103667326549,-0.3535349119092782,0.35388772639408944,1.0103837100817168,1.7428459462242905,0.6776925931494734,-0.4809998512906734,1.4090440785915384,-1.01849941913831,0.6424173844123545,1.2878679919996499,-0.49741265367370363,-0.9008868034440407,-0.10315861271363677,0.5516071877894969,-0.2696214114284596,1,0.9914668936479569
0.774723550600725,-1.1861119934199111,-0.04210217532925459,-0.9549630109775231,-0.06382257869300503,-0.5453231718730904,1.7874706279168318,1.2983141123681314,-0.9670944084200421,1.2746339955862849,-1.1439846162901575,-0.7842638759741004,-1.280025300473295,0.2527605615184943,0.0925500002347837,-0.5531694646719442,0.37514570737413944,1.474207986271314,-0.8641306334742761,0.8035837727276853,0,0.3657617546546508
0.724930077147424,0.7056637835057886,-1.606088894211053,-0.7508603981946196,-0.3133801708053632,-0.9555427726209642,-0.5008876881598779,-1.272515121958954,2.4950281181515743,-0.38114776854925414,0.720799039963966,-0.5299199154962142,-1.097048547652951,0.6402283329004151,1.1505016607371439,-0.7237864392324731,-0.5967611917097331,-0.493802268823064,1.0095370934269527,-0.588714867712782,0,0.20025428747949078
0.4138651769161322,0.7606752839476397,2.105878702683823,-1.459557202138886,-0.23658669917749933,-0.718668107086271,1.3229069773821032,-0.5672250705247918,-0.669480882807117,-1.6865728389068912,0.8670167378099748,-0.925145512079478,0.5994547607303541,0.8389025370108596,-0.4267365512640169,-0.7214959331007447,0.6506655261093692,0.32879535020522827,0.4876104344046871,0.6192182972749023,0,0.020427494044564842
-0.771682699468022,-1.8009857258323299,-1.1679425033968671,0.3019654249648546,0.18054434533440003,1.7695621537660378,0.6541412964811988,-0.3896332458416593,0.6006545592518994,-1.3299534686737653,-0.20717537150789533,-1.5847140975124625,-1.406745849434325,0.8412201477893672,-0.14567294982183057,-0.9177353161204882,-0.5417644507506723,-1.5539287742868333,1.8208767203224094,-0.09112639533518478,0,0.556046637983254
0.874768473106053,0.42936947606455766,1.4032199021576657,-1.3619438586121135,1.0501729845569159,1.4817850486918378,-0.43311926621722824,0.05340591808219808,-1.176925439830403,-0.0006158805498265646,0.659475480169516,-0.5653363281082856,-0.26960219263934154,0.6943725176105874,-0.293074844448532,0.7430128283052841,1.1339282780445432,-0.5369079943303743,-1.6617409793518743,0.6905809831033166,0,0.017303117332360812
0.44432740630787176,-0.9166985879288506,1.471007252104848,0.6671483806358302,1.2885863315763078,-1.6134079628757458,-0.3126847829283499,-1.0808438257964796,0.6890505478785919,-0.9617023023475163,0.420211602420133,0.42254826339045304,0.8606448355548828,0.40534926450114556,0.2033073749754895,-0.27288344080811866,1.8227353127271628,-1.707219991494929,0.5862240358099441,-1.5868713062741904,0,0.06971576342666745
2.512688859597328,2.3648640036045223,-1.5536304605942342,0.3441521795708471,-0.26534440131649234,1.3220251535364,0.4915251374159151,2.05366883188046,-1.088861584328056,0.17104917936325997,1.3253712314349,-1.4211749493229353,0.5557313865606438,-0.036916856056850154,-0.8151231096762774,0.7927378349766088,0.7129373870953645,0.9532821295275821,0.9633243924672469,0.39195132861660176,0,0.000509673530804467
-0.3032985367195341,-0.29914201618373515,-0.6273540538597758,-0.4907006152748043,-1.958403000510411,1.2646273718846701,-0.5383901398799914,-0.16067567568348912,1.9418529785573886,0.8301658463647279,-0.5984792175383712,1.8359038572798299,-2.49504655819791,0.7884755652011705,2.401900960533813,0.036256227623803025,0.7828412210029374,0.14230536729708979,-0.7888584972368992,-0.4850929533102834,1,0.9999510282526445
-0.6462693071123496,0.5305016425958716,-0.6438964081363515,0.043954392867355134,-0.21703992525164034,1.0491183825923382,-0.22088065902744708,-0.5374445288017106,-2.2333447944550113,-1.837627333962714,0.33263237861401496,0.08377880832552168,-1.089332376184639,-1.4239403186719033,-1.901559316237999,-0.1311529823645655,0.19632351256985403,-0.7050185572624483,0.6981360214503911,0.7016782696108894,0,0.22418955891463946
-0.5099308316703705,2.3366578407354845,2.460117112724039,0.09106044988758755,0.7270975607764731,0.06500295306856702,-0.6365586553679091,0.5304545245288096,-0.8969794888698424,-1.002654752171462,0.6698610066901916,0.43128965227842475,-0.1802461177144218,-0.11545116729574688,0.13871460712924963,-1.0730611996762904,1.9284057743707548,0.07359407208850047,0.21387576084736193,0.7416482650505767,0,0.025402938728648954
1.0116428060607687,1.3407210338100912,-0.24356341275664567,0.11405621693858588,-1.3894265912847368,-0.6900086798772738,-0.7497400907573573,-0.5037906555718908,0.8655187918075419,0.15628223825528864,0.9875081113911259,0.25643919252730046,0.3816474346770701,0.5890161350258276,-1.7009573149569341,-0.24265954414191687,-1.0427463450809153,-0.35941720035966784,1.1125508696144797,2.241057457717527,0,0.02931460105953495
0.3918371781908296,-0.0006309949059494005,0.25819578675717053,-0.0898496493355419,2.226929465218401,-0.42056635397126324,1.0678694141506848,1.3137824712057453,-1.08130194692348,2.0635296685904616,-0.458861246763761,0.09952008466914555,0.4928951207188169,0.20856736777744,0.13842841432068229,0.17077647703299323,-1.3853064575301814,0.3017545037027064,1.0478578164115748,1.6750947412831065,0,0.014400802339679483
0.05368414452185259,-1.9087289351757353,-1.8616187177439025,-1.602724275729024,0.022013600266935027,-1.2693787900964468,0.791506136019809,1.1487372971319048,1.3495075312637892,-0.2187056119471629,0.5441267593501113,0.8831116775349531,-0.714024049607786,-0.5250772954474028,0.2990452407980022,-0.7291514524584565,0.3087465278535493,0.17827254646061103,-0.48071170871518115,-0.7402909614529115,0,0.4097741154785541
0.4266292169973747,-0.2787801871259121,-0.33187462459096834,-2.1298864471300507,-0.2348837867959407,1.7059968834650532,-1.0967734629594184,0.8931418583960504,-1.1947837516568012,1.1860373786414649,-0.5244553432806994,-0.44529877734728257,0.5187059571603796,-0.1396752726647327,-0.6885433061411177,0.37723278908517843,0.36123431390143296,1.2489860004881022,0.5497276194697184,-0.6455680198445221,0,0.006559953219914664
-0.5005952928339884,0.6332413365710947,0.30464141974513903,0.6549040660088431,-1.4475424487528465,-0.425037213849273,1.074477020057525,0.24244515357660637,0.05718449677025656,-0.5317297796480628,1.4391943414971187,-0.6861386694063956,-1.2150562267857894,1.3680957251179782,0.9806265843369039,0.35697342602874543,0.9847751057895369,1.4913251222510637,0.9284423605456674,-0.8895310379831896,0,0.07148065175125283
-0.11822036634712531,-0.31193229475800477,0.8674786240721608,0.5112992494680783,0.09469976199117973,-0.5163529429675038,-0.823707462712099,-0.5444504875089436,-0.9659298306979461,0.8702248941783263,-0.22364817418971783,-0.9396676827564615,0.48150999529291993,-0.05115401784650925,-0.9136833980976797,-0.15254103630870333,0.45717960092285104,1.0933505735892797,-0.7641623337390981,0.5181030225975237,0,0.01222360836990175
0.4646870011153149,-0.7687450120101492,2.6281344029502502,1.485269398788634,0.3467104551711693,-0.7381503216659311,1.259320610318887,0.698968740387562,0.7906701180817443,1.0464127138515935,1.5621672461334783,-1.0860263942674386,-0.8946322211222447,-1.3148531077771457,-0.006699766865718657,1.522312234002575,0.1277965767306748,-0.4217767976083886,-1.2563945035086699,-1.0637118140789044,0,0.02046254184921888
-0.025374104506025504,-1.3346193049375532,-0.18081172961574213,0.341824711248042,0.09009145321301823,-0.3461496993939855,0.7651879466491642,0.44493187679360857,-0.23719736331456256,1.6185476965143106,-0.9456422555242529,-0.2217780026858662,-0.5963452034963126,-1.1763897019506822,-0.9772159016543831,-1.7568590145909289,1.4386154061632892,1.6496459861751953,-0.8534494145706067,1.8933818913889096,0,0.015874606144101973
0.23726810117351382,1.2588896321697893,-0.02521052540514231,0.019880939948529647,1.5218052778152362,-0.4935679947193327,-0.3768274475598816,-0.37379451734697866,-1.6515008363098789,0.18144559385314682,0.2998559659376225,0.8372605170115681,0.39479415347527225,-0.6934685290313669,1.5154527125131068,0.61785766635308,0.6645462112756478,-0.3764244972694637,0.258130897604419,2.1888815870290537,0,0.07477003804000515
-0.800901000668545,1.0066882472553662,-2.0526209285379613,-0.6899481050780524,1.6125394167332188,-2.0414050785199005,-1.0960664142281742,0.6191930690698249,-0.2568582689661681,0.3359527072577979,-0.5751168791912447,-0.3655435813182532,-0.4582834536139979,0.242766068224401,-1.6989411733410031,1.0749530060471675,-0.5399332543607415,1.2107261612860947,1.4434882863313334,0.6355723386522407,0,0.023203720356234837
-0.915624933438814,0.38191073653031404,-0.40191391383629343,0.11805815670012054,0.49560627212628083,-1.9158881429763561,1.2616865485798536,-0.4897083725067752,-0.402055591114414,-0.846193913793689,-0.38862870751932443,-0.030876929342296223,0.18370326769598178,0.5432598834412121,0.22754965327554785,0.9709529782630892,1.2132132164101483,2.065908978363609,1.143951567543088,0.03698915692195842,0,0.008318473678138216
-1.4603940655796934,0.20319260159139768,2.608350488026384,1.5948368540763567,-1.54514756912376,-1.7150019333996818,0.1260060690792083,0.8969485608473078,-2.0405222191174572,-0.143933162566362,-1.1234080721143556,-0.4942311301624621,-1.2332428167753908,1.1755555743613038,1.3268750612175133,0.10867101480365171,-1.2396228814017956,1.49655973295406,-0.07340069067686143,0.6433496448731116,1,0.9655306183453072
0.4053631493109605,-0.5465779127564365,-1.9176615117594749,-0.6291440558752386,0.10917823201079249,0.4239048587736503,-0.5377454668812003,0.12835820750951019,-0.7786266016274589,-1.106366868056028,-1.0683004070507096,-0.6026683744699765,0.17875887967125575,1.5028181716228852,-0.5204422204156662,-0.2191579612559273,-1.1659169719365432,0.7207330508863874,-0.7651030689668162,-0.7786784608196157,0,0.22041402990095696
1.765053632698909,1.559594462262152,0.4389294432778287,1.7459437459642002,0.7712062664122392,0.23671805609389754,0.8787658630452928,0.2400408646931695,-1.0308830414381693,-0.19174735839660942,0.43496119282775253,0.670901420287025,-0.5943410999241172,0.8450571346608382,0.17176964370399547,-0.28371830897353545,0.4212761492444048,1.0062209212111086,1.6714682553243727,0.4796584626096647,0,0.045752575628226516
-1.0036854532756694,-0.08213155567498844,0.6297121079050154,-1.393808190032693,0.8243688195492033,0.5372106386963696,-0.07257477454661039,0.15325528002956934,-1.8932073628613209,0.1923340299865725,-1.012151154931887,-2.8403376349697083,1.3051833215750135,-0.05678065992696205,2.200376039606558,0.41847378740301816,-0.6208873984892059,0.5280836644000276,0.06349311315381312,0.583439822248832,0,1.326861256836186e-05
-0.2029468414184085,-1.224291013104307,1.0659379834787228,1.2544741661440106,-0.9194877124482285,0.22371712070233224,-0.7239069742992115,-0.46323694703279467,-0.7679566654352886,1.7079375760024595,1.7613885292893574,0.7238526929068525,0.543769989474065,0.9999395038039645,-1.021858683586607,0.5712641815090874,-0.2503313091901097,-1.798087752711706,1.4775026914967757,0.16002140932710576,0,0.012211240284227777
-0.00034468688376160754,-0.9761665508392514,-2.0018218512286072,-0.8463960858626814,0.6332046117899721,1.4038625156330378,0.5813344477537228,0.32931454932932164,0.7752530253450564,0.6111209265840561,-0.3767129651461371,-0.974347566174237,-0.42725557517162277,-0.5904993942786148,-0.7096680407740166,0.5324808644927499,-0.4031881742272813,0.7321487150282917,-0.17128998256737446,-0.8889360997671372,0,0.04929607364927349
-0.98717293604488,-1.0323041633586012,0.5690599107916308,-1.3743992724616243,0.1615888968345441,0.383888859947052,0.9948157075354466,-2.0163313147859827,-1.5665071004249829,0.7497945326473301,-0.20308831662624172,-1.7698856308794206,-1.508656476376517,-1.0258900546370842,-0.4299621894732572,-1.6481351179093597,-1.919579848604176,-0.7344052269323085,-1.2464518524886359,-0.07099137115379729,0,0.15157598064230454
0.001955423611843027,-0.8210680833901111,-0.6169039838336973,1.286754178526552,-0.33199772908393826,0.5268614111897094,0.03827577029608803,-1.084621402022341,-0.23428909366977965,-0.1642937053712875,-0.12302151424902816,0.3151157049967564,-0.36142178063510094,0.39055325274379066,1.0709790630645208,0.35993642631865963,-0.2959586163527712,-0.3795035459488974,0.8742772869339963,-0.6713289619949965,0,0.41477925085889683
2.034842141596722,0.013589731155772026,-0.7311633329572537,0.49459801760779903,0.5904787923869736,1.7777797734988026,0.7423322620575017,-1.4272943988880984,0.54431271233924,-1.229212390273942,-0.5844313160032271,0.03226016149022216,0.6629216922721862,1.0759673046909242,-0.5322167735194646,-0.6544313785188195,0.116658915390215,-1.2451974697601536,-0.4944250745947985,-0.6141705087946876,0,0.2460419129577647
0.46177070789692526,0.045085503425431585,-1.1160344636099977,-0.5868302838686942,-1.1308361304159418,1.8112352343110452,-0.07533135265692373,0.46050589507281825,1.8049017735728676,-0.056908994989452726,-0.003967187694343473,-1.3632321342289218,-0.4619879915599596,0.40349102168203865,0.15033977043159874,0.7914957664295923,-0.5495973749812348,1.6159243501184366,-0.33734050893828343,-0.0661461670539276,0,0.044439368514266865
-0.036360439832386474,0.30509275005215686,-0.029643816637289027,-0.822015247928473,1.7348542186175635,-0.3758501709398917,-1.1617062122225614,-0.2297995640825985,-1.3472739313245612,1.4040238939865461,0.29069309070592697,-1.9469082444460957,-0.46520314578687205,-1.101335245897813,-0.5410025913037106,0.45643588677600894,-0.21674407004364443,1.0978203778328623,-0.303459105781465,0.28510974307888004,0,0.004430994151881787
-0.10325483070029608,0.6213145558841705,-0.705495300799588,-0.06279242618252802,-0.4441551797537504,-0.4081907392336225,0.019107019489482444,-1.5870876485804124,-0.5792825632403791,1.659158133349777,-3.3609184687694995,-0.8418521322049562,-0.7604526418941159,-0.18427226236066963,0.36546070069529585,-1.7298057303506134,-1.317814000050741,0.008977874181829312,0.00568971805486442,1.0510306427451848,1,0.7433646612978777
0.9307944097151478,0.42673200635364933,-0.540712072078494,0.841945662250413,-0.5874168959657802,0.18243716978818045,-0.007019742627730158,1.579331515110834,0.48806345216305297,0.9793192650398665,0.02073545747034094,0.8237868632535379,1.186343273721697,1.0413794361246713,-0.9487161583108749,-0.5309344684459424,0.130315470469265,-1.4174283786505666,1.2700316549566928,0.17577688709766404,0,0.02667797593360301
0.131946120090466,-0.5612232324441435,-0.18798063519732938,1.6893627804823605,0.5554159812412883,-0.6267724662550689,0.392136359373168,-0.5903845855775379,0.8960338393171533,-1.4325737134106769,0.1434300921385297,1.7222297838008052,0.19756860120810513,-0.579507307008145,0.46124720426151367,-0.9272091464657974,-0.9353736307670826,0.8406619515797393,-0.9169933931657047,0.46327042614861036,0,0.34125989877607343
0.6480735845834047,-0.31534810706874356,0.49664132902476354,-0.17758986544153577,0.8057420149838693,-2.054566342470709,-0.5948446423018066,0.5615429052235215,-0.8051145495125542,1.2938298595108666,-0.8659125941763727,-3.0519802401023273,0.025715999403704694,0.5475635820455689,0.18260806965596205,0.43213981539831087,-0.383019664358899,1.7084761763200906,0.22080698050006656,0.20489957905873907,0,0.0027694635511384146
1.5262957590587318,-2.4217839035945485,-0.09620480104230425,-0.6057696964484794,0.4685176346906955,1.7872886490215856,-0.8521346235754828,-1.911037816601511,-0.6463680936047778,-0.6548306377814042,-0.6055500277867605,-1.0534168752179398,0.8545965393170972,0.6219796953092368,0.4997440437059961,0.06313397724072593,-0.258775316777528,-2.6467743413334386,-0.8568411555421718,-0.7517258056489214,1,0.774526476115551
1.0061796967200327,-0.18121405508476945,0.3867675380084765,0.6048811614492603,0.51756564723329,0.7065695801944898,-0.5016087685343568,0.8637066142130992,0.8951784532731819,0.3487435232412717,0.5128541352792727,-0.2952203195983981,0.8607240397361403,0.14297687165175924,-3.789699719932891,1.741298364637292,-0.3662493843325445,-1.5913832825232261,-1.5820190996348888,1.5034025513796114,0,0.12138785211635715
-1.8103095477996098,-1.7390296537806442,0.29863558264653367,1.0289459100953733,-0.46052759462995857,0.3934239503786543,-1.3262571958161107,-0.8914379223938476,1.0744333995187967,0.5628466748111618,-0.203409688382064,-0.06431255191483871,-0.2875243915163271,0.6738951373891297,0.46926826315234305,1.895694587520987,-0.5437100454293249,1.4943860059176524,1.8101112605094307,-1.3234818327488522,0,0.03961680680788815
-0.3619048098652485,-0.835260326062251,0.35398191736188594,-0.9760168371235116,1.0497737228227642,1.506048949899835,0.6675996581924825,-0.7132970317091185,1.246171220888298,0.7117804332125011,-0.6014135608630352,1.5183161741088165,-0.32654307561706925,0.937005296765229,1.9661217715561319,-0.5587921148299215,0.29179411526763044,-1.099128003318414,0.00636686203885003,-1.0845667312575822,1,0.9476324015813137
-1.7781107431472805,0.30585364007632665,-0.07896889875619854,-1.9990596666432767,-1.1316452311113725,0.012628585335368382,0.31613591590055445,-1.3707813130564062,0.1302030418171517,-0.4395811061816355,-1.5752424525997213,-0.4050793448348556,1.2341857864848247,-2.2075819461298813,0.6369967390460083,-1.0364072185717617,2.4154556913360934,1.4535480507788385,0.4495454468306654,0.1428425756175597,0,0.0281539743039644
0.6525604171115713,-1.2910337274082544,-1.244734221620017,-1.1173626595957824,-0.5281744342784758,0.02250385091100572,-1.3047465207815694,-0.32859267450003843,-0.3830777063488587,-0.659894499716515,2.09231424864042,0.7278390796994212,0.06361797999015509,1.539450595235151,0.21982735049405525,-0.5169814693995852,0.9334030541322001,1.1848918435233455,-0.4522595014765639,0.23170284651888967,0,0.003165729105246215
-0.944800228759108,-0.682387104263617,-0.6134700350053809,-1.613065702842643,-0.7151518713568727,-1.2372351566071675,0.44564353261084627,-0.16423543096267515,1.2585968204650941,-0.9036497184338693,-0.12342302403743938,-1.4440552142621312,-0.32506094197777174,-0.23013554406592085,0.026393876500621853,0.9023039637177724,1.347616806452427,0.8749180536367278,-1.0042990586261347,-0.6299834269542158,0,0.020366788993887146
-0.0793216092119429,-0.9032968063520513,-0.10573156690317465,-0.5421965221264818,-0.2863923510636253,0.5231038680165753,-0.44847117567169875,0.33681163144591053,0.7778964541229979,1.1287743689335281,-0.1392784159995996,0.448200733531186,1.0037574594570804,0.5736134275384609,1.1530754770037157,-0.40397797335631,-0.2020150586450341,-0.05568792619785398,1.3868386276018219,-0.18434059947924505,0,0.039529910764222825
-1.1084111289245981,-1.5537252634507952,1.0832156016361658,-1.3372425108615453,0.27670045200165816,-0.09326834551370732,0.5116994285014155,-0.3308418183325994,-1.8138488061578517,-1.799026783724829,-0.6001359242027461,-1.163423757791634,-0.9817958790376422,0.8881084949759421,-0.09661331407348872,-1.1150362019952103,1.1737948356377237,-0.2185282400152674,1.5078122329188102,-0.6878346825913065,0,0.15871472180514887
-1.1159780108997588,1.9202208995002494,2.7899278909471326,0.8331717337261214,0.761699445369367,1.2952761339904717,0.8153775851582836,0.2380604451973706,0.45598995068938214,0.7591717573901026,0.6717910959336131,-1.0947652813480635,3.1460515160791465,3.14126474580246,1.431975705730475,-1.685656387759341,-1.6447096395254321,1.5131009345413438,-0.6521706188908362,-0.5475372499334565,0,0.0007753239514712119
0.066099123424654,1.5756871288393726,-1.546684212770827,-2.150331751303219,-0.1204055977954744,-0.5168254982302307,-0.2632895261434681,1.5294209467066189,-0.825104118830614,0.5632750058097702,-0.47145318983213014,-0.3726656820084854,-0.10526585227458185,-0.1476571788935749,-0.222098131701606,-0.7667412072755146,0.5699413901262048,-0.575116479615035,-2.832693155475085,1.1192718601033451,0,0.11714725742989986
-0.7999389571079045,1.4057868737155128,0.32561788531397906,0.33937869397289516,1.98958591161114,-1.0130345921113098,-0.19200583258570036,0.25092192191747115,0.7382382011324231,-0.9737991898715853,-0.9273294452051085,-0.11342303562069563,-1.092064638064904,0.5011476243816887,-1.7552342772319276,1.014694664555453,1.7462698389880909,1.4005114495970226,0.45517527935128227,-0.08738094246689747,0,0.004576741915821457
0.8454346487371233,2.4838029203040484,1.1583238269244578,0.3679769777676899,-1.0068663064064904,-0.833663878302163,0.6660966059269428,1.0852860750221103,1.830187150915821,0.764130587584863,-1.3201381791194302,0.7064752107538751,1.048531281380318,0.6874069265307828,-1.7794181248606307,-1.6063502482116803,-0.8000567485064771,0.7136190880890751,1.1180759047331277,-0.8133421655593412,0,0.03875491171084048
-0.711206433526581,1.0013450933076244,0.24649622937173563,0.3876582779801372,-1.8639208925346078,0.5558644601435461,-0.2687595853107273,0.6667492279297275,0.6191942586536482,-0.6403529205394035,-1.1078443885899492,-0.556502339035198,-1.2602485744444754,-2.47581710905852,0.5919076890536543,0.397904636607994,-1.0644905115349954,0.7478739420751913,0.7316224623719612,0.13176733125956175,1,0.8416350083250347
-0.958858752495533,0.25282754113849537,-1.3843037686943487,0.7128351982971862,-0.10158845587424398,0.44475980261487885,-0.6902051830709708,-0.04639774145794789,0.38118721570190617,-0.9075695683497847,0.15554385688741507,-0.6865360178861712,0.5864249354000536,1.8793211091714186,-0.22868092275597746,1.5684855112755036,0.8311399317328504,0.8510823367020429,0.2963031122287872,-0.022619127687773685,0,0.01534737355742397
-1.26101813227918,-2.1823813107041397,-0.35367905305048836,-0.7647491459554985,0.35579998915887956,-2.15364911474679,-0.5112009908705905,-1.0542878206441944,-1.032242829164531,-0.24097117142386318,0.25480001845219113,0.2992837023504588,2.7658374333632225,-1.785098465292244,-0.8908254648438216,-1.2911434360927578,-0.6619516879277438,-1.1904849828788155,0.0854264393619867,-1.5687684633422907,0,0.5368292579807197
0.14565724384203657,-0.5201499510390869,-0.4638952064574131,-0.5227442611432606,-0.4788164738901934,0.0918863758662373,1.611426423875539,-1.3997649979408444,1.2523220620809028,-1.3014509264017067,1.0056847087974508,0.6181220546858519,-0.9598147752396776,-0.8274719580457338,-0.13409650156710776,-0.31407324080847454,-0.9382808199546298,0.24000659321086876,-0.12149343314019855,0.9973040837842602,0,0.1191538375453637
-1.6413794055081037,0.6850073261705802,0.8602815640689147,0.8849311798852415,-1.59427374499416,-0.9117928969034793,-1.2197648910579326,0.28703053940627665,-0.03458101864644718,-0.8012105279956302,-0.5112521105350917,-1.6913754191215715,-1.022437975307264,-1.0099691994434987,1.4735373824926654,0.015158376769774988,1.051301711275599,0.3860379238069595,-0.31562061566257527,0.6789993581321063,0,0.07431587079560247
-0.5190584709895804,-0.2242969081878389,1.2937953621100962,-1.5019666932606943,-1.0352650374849128,0.21738221661926446,0.3161749130835657,-0.8282703671697003,0.6266420749204594,0.6661830296495992,-1.5897692034575077,-0.6765508001497954,-0.9052140924576544,0.1468912270056828,1.201541877986266,-0.020657282084422465,-0.517324942482166,-0.6021714537637738,1.2939519736944147,0.44852688733849455,0,0.7660175109266402
0.8067924292275043,0.3433826268041526,-1.278066025400203,0.6379339965101494,-1.2778293499463487,-0.24106090961594714,0.13237951886318278,-2.280506552648545,0.704655273457224,0.7905158355715209,-1.333688273009715,0.12332364363642015,-0.03581336137172227,-0.8802107994005681,-0.15117366439915697,-0.013297929751490913,-0.25728291478114756,0.5513782275544691,0.23584055766177603,-0.6182481988058508,0,0.34287053262314604
-0.998561049862182,0.6786091356264974,-0.05362027855275337,0.8279820937597285,1.5825752467727554,0.9149934898480613,1.97327614785935,0.5476028554787793,-0.6396450647206416,0.35694379399639575,0.7785855796863702,-1.4256737452721207,1.0428115459443972,-0.5029644357218792,0.09823696405462795,0.45411281392279434,-0.5133513035116125,0.09896095717583676,-1.9886394884271745,-1.2652573093082704,0,0.0006136161374781298
1.186443794848165,-0.6123188065399335,1.0182315025076067,-0.7543235551774787,1.8662754118422795,1.093777628849073,-0.14313008975926286,0.3753138518996049,-1.6406339360712698,-1.3704089606312544,0.7325116219867854,-0.6074414754624932,0.4439233559584511,-1.642536693422842,-0.5052143539299836,0.1155902950752366,-1.0476837015394835,-0.7862956116459867,0.7528751248163837,-0.7091406769860883,0,0.04215799835775639
0.49380347878901115,0.7781330675465822,-1.4963579155577817,-1.0981768274859633,1.4311980442499346,-1.1327493046149446,0.09106862193716743,-1.255592445528942,-0.9933469516287452,-0.5003541647263194,-0.18063770959585315,1.6558953049252247,0.4033851402134883,-0.027490082970158574,0.22220544066128478,-0.37391802391851037,-1.03211455267583,-0.6117627163976045,1.336118951942596,-0.3313860289990615,1,0.374412075858697
0.536029947016111,-0.21403841138748583,-0.24814979162005085,-1.1426337547515668,-1.3477292101654101,0.1467485501880148,1.493264206937254,-1.3010271036200296,0.5066857412452618,1.9961006277586535,0.20532469324493693,0.08988415120131837,0.733624482450748,-1.9250354893778645,0.4687714363918243,0.34710198519819796,-0.8121140712038633,-0.5639208147165539,0.9815074296723053,1.2713157000050452,0,0.1967431013404046
0.14090208006491595,-1.1738902865397647,0.09117846723251624,-0.6076507487199502,-0.0259370305045555,-0.8185780786849102,0.29444024395823376,-0.7661422826892266,0.49100321696669463,-1.0809882390546632,-2.1162476932800427,-0.3586949868414426,1.4499110872182164,-0.06470013224790627,0.6162328131918151,0.01497036851044125,1.046981418361106,0.9777330498933641,0.38834935999622233,0.5602513876530429,0,0.08214801443094175
-0.2819990897424542,-1.892165713867566,0.8031757171714007,1.4885079054891635,-0.021693422155302275,-1.182299262800096,1.4484254306367255,1.0270325184451325,0.6031533478526095,0.018310313793578756,-0.698387091573918,0.9697823189958463,0.313448012879337,-0.6916340700946644,0.7878199569025153,0.739534509002176,-0.24865130035058539,0.10705417284978197,-0.3650239312649871,0.1940816951610522,0,0.2273826642133944
1.0250355692651578,1.5642893406735408,1.6811379074817843,-0.6128689137117159,0.32908880839834614,-0.46806182167712856,-0.7273133418720623,-0.7312745002044778,-0.3677111263144718,-0.271168690421707,-0.5840332763266868,-2.456006106353462,-1.1007091703119434,0.6039390272322296,0.07730539227792825,0.7832580130571387,1.8213433042684324,-0.7202336687572444,-1.8209629889569596,2.0589354488231475,0,0.04544163641558145
0.7362774868285936,-0.16892287644444665,0.5424567573946195,0.3864933622601734,0.6332147649771295,0.9088718148650444,-0.68032282867345,0.6379232017045302,2.603188946223461,0.24285444522866062,-0.607108402502352,0.1775211254728273,0.1329994788871986,-0.07809728477285788,0.5822716920898987,1.678954238092474,0.4547378780078992,-0.00465837736129855,-0.387993547514409,0.5687473201478424,0,0.08547486713260233
0.02844101953280771,0.671352964744148,0.040391122579240234,-1.368546765959897,0.3788758545898641,-1.010325727266955,-0.36692368372556067,0.34239897314940476,-0.4135979882540707,-0.39060641765865034,-0.2027477836849002,-1.0416813972820975,-1.2111778306002805,1.2233052931956596,-0.6959699178177314,0.14318321812031687,0.4660743147741419,0.24502257303927338,0.26031329114092605,1.1654583730080426,0,0.09626116788970192
-0.9777790785837651,0.11745701589768086,-0.03725574266922335,0.501709386327784,0.28598726048397605,-0.6051652954656612,-0.15589376404926264,0.41828416528342416,1.2239217213377926,-0.2976208109628374,1.2557118964209137,2.2847815808419316,-1.186866959519191,1.3896655196747567,0.7294739072033717,1.8577606188551639,1.5674400679849665,0.25572730608313965,0.680505577439215,0.7426749283418052,0,0.49045653599660993
0.08078918807738275,2.4066877065278,-1.3225848175208057,-0.31522062432800724,0.41944525531497673,-0.08476839847230906,0.8930763465426569,0.33980682124585976,-0.8017454938098814,-0.5452244908450216,-1.0434278205175278,-1.1644271700616298,-0.19546434023398487,1.017923998279769,-0.09044271591304971,0.22922567064463215,-0.6295899573248277,-1.425802173702347,-1.705113496841432,0.03304942844735692,1,0.6112401461843622
0.01675491225487796,1.0394040562351394,-0.7314927141410115,1.25385146175602,-0.6197697296646686,-0.43640374019631833,-1.4907189130512766,-0.05298158029665346,1.8658189418874664,0.823198328532212,-0.9814768498117029,-0.5505814431333886,-0.02282887835413655,0.7230940762844622,0.4756878357166186,-1.7221139586000695,-1.668206097481674,0.5321421130971555,0.17049295035085726,0.9252964760024207,1,0.29342690978583214
-0.6947671435678348,-0.9965479232838116,-1.1695726094025574,0.052640582936877164,1.0549932877735269,0.3468982872815718,-0.15501146441037011,-1.414394080751015,0.5155584737697826,0.11722831531061284,0.8016726210029332,-0.23238987936811334,-0.37761909455090464,-0.8575839009601942,-0.5203287893605467,-0.01570275290629263,0.3014166693515303,0.7846154950126897,1.5035905552522089,-0.4964945263739019,0,0.008044628276406856
0.650014161658762,1.8212706882031942,0.04702578111819908,0.5083058003353931,0.7330282584266387,-0.14063196409028328,0.24921229587162463,-2.484616752703414,0.0698916209265573,1.1541882933495908,0.23441581274429452,0.7681038147960642,-0.5455385153615135,0.10075495562404352,-0.45650939434293536,-0.19247676939334202,-0.05605424332744544,0.36939211164668945,-0.7408040887418926,1.0087060773872847,0,0.0022643891749215103
-0.7983915391299445,0.7218929529699734,-0.35538505622253413,0.733355528401901,0.9411340598325327,0.6637221300702175,-0.04956219599150156,-0.7354112498093762,-0.6398765738760757,-0.17162492414581595,1.127398747254458,0.5706381696583818,0.8712092104244926,0.5677236196446391,-1.564875912523451,-0.07699594894255317,1.5986582738332613,0.47372244470936314,-0.4013410293245762,0.08464661960169921,0,0.0009690451564011723
1.8420873396151798,-1.236177578399572,1.3834760981759822,0.14946154114239935,0.7946055521361005,-0.6511788766808788,-0.4448163402957417,-0.05294438871345152,-1.2492181144044003,-0.11265873451686545,1.2589911492847838,-0.7400536514700022,0.8376803078609463,0.0988025579930634,0.01731826271890165,0.009022799412614383,-0.3614884698863539,-0.0423447557615756,1.6705262672665468,-0.6660682168555964,0,0.005626907267357483
1.1463864309375082,3.2004087828082217,0.7037434651952889,0.35552962196915283,0.46373898475127456,1.397724986733085,-0.36102733679636306,-1.184573699241054,1.3103933430781003,-1.4618458103551943,-0.7981493316144237,0.21072352340450856,0.4709558530025472,-0.9657788828515953,-1.7732191443359704,-1.0018045168676208,1.0306835786371076,0.522604832576025,0.5209354894889807,0.37353891228638414,0,0.12160899808097698
0.7151400484520647,0.12351434238443686,-0.9058419885311607,0.8301809648187318,-0.5434565299010602,1.1272808716591243,-3.5958475381202586,-0.21948831398040183,-0.950591224137203,0.5199407515677473,-1.7173209479507325,-1.2895043686206245,0.0024838027786105972,-1.2675222105583486,0.8075148188527493,0.07655736615268234,2.8587541552125737,-0.32173493345358517,-1.0164852776547206,-0.06624396547737163,0,0.015956536472564335
0.18967435258124582,-0.13258742846238616,-0.7700106025339029,-0.385087359764488,-0.9122169416296062,1.0649048019297105,0.575828824683553,1.268477577251826,1.0348800827038547,1.3399957043824848,-0.4239871263492097,-0.14130794107225084,-0.6385464628743648,0.3343702129097331,-0.5386011944337585,-2.695087752367767,-1.7911905820333838,1.3414777515945402,-1.3870147553034742,0.6744642469858216,1,0.28510208970623835
0.8225931542657398,0.33007554229222036,-0.528112731519162,3.2030234347638755,0.8108154282746219,1.5767915590480157,-0.10579966406068876,0.2650681325019347,-0.8926697379104697,1.1857524921879716,-0.20786750591863462,-0.49138276694090205,-0.35068866840847207,-0.9784481618353496,0.42016681853462534,0.1760944642880709,0.8880158434591175,0.783433362989601,0.3133673942180116,-0.747470234676012,0,0.011006335270864172
0.29327612252969776,1.1583814124775045,1.29974183406081,0.22820665686322886,-1.0865700262847806,0.7478653566566118,-1.495241108547669,-2.1359181540019914,1.3263696257711899,0.8339463021362905,2.0951870328224285,-1.4156410070950751,-1.5322686446039495,-0.22579275730839238,-0.8415095128558063,0.9677980497978473,1.7030086223588001,-0.019403741073265986,0.6490886736966218,1.19504759020658,0,0.00024005563968423053
-1.0564168091799768,0.011042534345786142,0.01371111218544101,1.0870257498818003,-1.4762708720778028,1.1201143909526463,-0.90745920701168,1.0423675954697318,-0.5532912837662176,-1.256842617530798,-0.2605046448193485,-0.5726412773492812,1.7116547577129715,1.446423806984328,1.8857229535058884,-1.4614907440811444,1.353780573148633,-0.3868118670774516,0.45551353816798007,-0.37510776136241775,0,0.003763241674491128
2.2865059497011386,-0.5883773533290416,0.8193015620141813,-1.7875260710405607,-0.5205634465672413,-1.0837081076785915,-1.6465584313053685,-0.2955567550297287,0.17483916305539327,0.7453486697936018,-0.17760728617940738,1.3647081412369628,0.2560815341381018,-0.22393617817335182,-1.1061181490886538,-1.1829260519721845,0.668811860277139,-0.47765901997949994,-0.7963801866781027,1.4364024926681427,0,0.038127468879380025
0.3946984977499504,0.263431177217345,-0.7699735130842466,-0.9017210214037679,0.21139875713416023,-0.8131748810590865,-1.5803361754372964,-1.1794552787706294,0.03330327809802803,0.3632908124167432,0.07114004622033557,-0.5386629864683559,-0.41812330701813055,0.5175906965547751,0.37890815263557903,0.16188628421110357,-0.27785336773067043,0.573622372348019,-0.6748295905350569,-0.037663222423321055,0,0.03185581258511944
-0.5562799413144147,-0.9634489581573477,-0.326873058590323,-1.2606920459446045,0.31685963930630323,1.6099831651176437,-0.659016873415473,0.2883373775709277,1.7435191232298293,1.3227903791475668,0.523343058035332,0.2787791392404601,1.099634968178811,0.6241569865629735,-0.6652134655807213,-0.37162595375660473,-1.261082076587152,-0.22750561573531386,2.291667655905397,0.47366407672956345,0,0.017326839245676934
-0.7143508174414438,-0.033472510438459495,0.1679482554132842,0.7199980542670231,0.741527733588527,-0.23971602483321938,-0.671554615409141,-0.511456858763135,-0.9623028450381712,0.5002943402971087,0.9902716194111223,0.6971797421708816,-0.2358834861803031,0.07540327827770006,-0.2514841609638588,-0.822854408870001,0.548038254086162,-0.565666305351875,-0.4564552280221601,-0.0009925383530547604,0,0.020081695362272497
-0.8119153793359648,-0.3632459908420094,-1.040622340439126,1.5037127946029967,-1.3470923073772292,-0.12072303395955349,-0.4843083758457618,-0.715616732017795,-0.7832942366482488,-1.1252312805170992,0.07324438809626736,-0.13702250585521675,-1.2654513371508114,-0.46817931773157107,0.7951710093602352,2.268681061348573,-0.9443035681635021,-0.8778026774989321,1.892910874120593,0.696802828069383,1,0.8454692855817322
-0.27957234454703533,0.09446828281836542,-0.8017099320070468,-0.44267922002543236,-0.7344594036766647,-1.1620874474723555,-0.8115565189937616,-0.11776003859810469,-0.40548976842392437,-0.2906461899694203,0.20570556478335306,-0.9308802494862355,1.4117242676165134,-0.1805764251003992,0.6818318788700569,0.7783942490608747,0.6037593211930075,-0.020453055563051242,-1.1732885684599232,-0.3041017508206677,0,0.0037019282091124792
-1.7733200559777265,-1.1653686300567385,0.7853640244093331,-0.26787200871591643,0.2863776342279418,1.392632381159065,-0.19617013539559416,1.4390226463670985,-1.224314302313459,1.8365559784615555,-0.09200478968588609,0.5851690884030469,1.312465952905273,-0.4499845419891259,0.851095581698569,-0.7908026046269948,0.0952767391314646,0.05324930536582246,1.3646480169326602,-0.4189565075575656,0,0.0007558932593801898
0.9853819586493694,-1.4577301312819713,0.1611902605787075,0.18664237035723724,0.17140277719473743,-0.2901366871144236,-0.9477750601594278,-0.9714603957170511,-1.521344459858789,0.3999619311938723,1.0779932837645685,-1.5198592665359512,0.4694496998122188,0.5592999296341682,1.4671702045552804,-0.6413476229362788,0.6159725846793733,-1.6908222043846406,0.8447449914824331,0.3878419087266545,0,0.01676438383402871
-0.8706092713025558,1.1476528940158275,0.6789341687896194,1.0104622469300788,0.8362512174456145,-1.694137478131453,1.6605407295044945,-0.7137661524464544,-0.884765510927136,-0.7437267140346777,-0.04355329201126653,0.5735248459850006,-0.12109903381319038,-0.12713084409121866,-0.26212964140790823,0.29935053585526433,-1.1777743337668543,-0.6823546701785939,-0.2771890092563396,-0.13348998761261663,0,0.28046645926368424
-1.031007365184762,-0.9662989430350448,0.09116093673210157,-0.14542699501167627,-0.5063081737639432,-0.007527622932080941,0.8344259056286613,1.132152779543559,0.5858157040776849,1.4509937444916,0.9291672325998837,1.0823493538683386,2.5265356247690196,-0.6013721996489934,-0.4107517167077388,0.9609519092274945,1.6357143427256904,1.0682775403117406,-0.5222879591609524,-0.8806430223256583,0,1.281440860008316e-05
1.1390714762967549,0.9363781726584125,-0.4253538244591342,-1.2116297645311256,-0.0810412285331789,0.6357256830649121,0.0285445411443795,-0.5695899775588954,-0.2043791090240504,0.012442798990056927,2.2646517171257723,0.30831109090607095,-0.26899497216915863,-0.6643360854914119,-0.2658714388167602,0.7096729513656731,-0.5974570457961104,-0.8231141175179542,2.162362032880059,0.8457838001380309,0,0.03407771718316982
-0.9410978277936747,-1.4066425946584564,0.4402504590642484,-0.7539682541675362,-1.8262166449202526,-0.9918094668879992,1.2478376870116716,-1.151439222879353,-1.2653124345215179,-2.6284399212613603,0.43411409247788685,-3.2383039209102775,0.10056512321902433,-0.7944035896997949,-0.27105169213969943,-0.3856608579343491,-0.4190768737612431,0.978427522747219,-0.0815708170849507,-3.118196403314605,0,0.09683876012325465
-1.6918375339595009,-0.4098514427327046,-0.5516241159211785,1.737879063677309,-0.5096164024342816,0.452898278017586,0.41114432061769707,-0.6200043363215995,0.17658951890017272,-0.6685103909151575,-0.6486105637444001,-0.8093606444541533,-0.07250008613882661,0.35267790558509493,1.0339875477756786,1.4551709326023157,0.870036942131593,0.1079226259832773,0.4995388272540288,0.272106839603584,0,0.1105293251881571
1.2111518488630422,2.0602294316073513,-0.5017767547637046,0.7508187262114617,-0.5057564689303296,0.41379363401664304,1.4586092660441898,-0.8361561658020441,2.1005620956235305,0.709179329717073,0.35455819421278373,-0.5215820908612108,0.0815860611439899,1.1405973925781543,-0.1476272172679528,0.7470782162989512,0.4688926688565317,-1.1298048966747654,-0.32959015665547003,-0.5189546400719438,0,0.054754912069101866
0.3806065976352927,1.9058577931674452,-1.2378623767715529,-0.4502925092762378,-0.759296266494886,-1.1618909688417811,-0.8049203532672118,-1.852975755865039,1.2496921858089534,0.24161602370874027,-0.06470652136171895,-0.8285068435875984,-0.5107303059933432,0.8886765388689033,-0.871075067812215,1.8108172550538242,-1.9097328357798804,0.06340305504554863,0.9769303634789407,0.9349139781048231,0,0.04260761004546625
1.4950268749277693,0.41756571840430906,-1.085774694191467,-0.7180048697466606,-0.45407278426676395,1.0002187340972928,0.7134983328897757,-0.7355439183533757,-0.4319067016497198,-0.4953917506079949,-0.20938133595874586,-0.9932111972051311,-0.24434347697793615,-0.9311190823207207,0.005130335104857872,-0.8505121984397656,0.876028694878276,-0.7590518553853711,-0.8757557455964993,1.1638618041792976,0,0.12811246065309193
1.517409891482559,1.846979396249663,-1.4407055720234452,-0.20739043428524476,-1.0547593809154527,-0.8201169559860535,0.476768153681797,-0.3656638597600827,0.8161213048677703,0.4685906289095579,-0.05331189758154254,0.4685677500860206,0.5497154334970472,-0.16800034320099486,-0.7056060733939804,0.00012054737609813183,-0.7123028261842198,-0.3016074310800574,-0.4450447596356656,-1.258785440443656,0,0.13462462302577002
0.1555703664964466,0.568737332330298,-0.38570696365793294,-0.030685929041121475,0.9138249384390588,0.18966647823402594,1.6271950889920521,0.5665420049858864,0.31085659400914833,-0.06062070965037845,-1.1926663449703214,-1.0259428012691596,0.3436302791400466,-0.8596089182071874,1.8875112374939622,0.9601171151356067,-0.7229143493233446,0.6028803289317326,0.9847487072158108,-0.7006190355117481,0,0.004678590391914979
0.019258992105615085,-0.5298311712929586,-0.5185669905946788,0.38821260799357016,-1.6027697098047966,-0.48897422611076774,-0.6977851207488873,0.3721939901686926,-0.8444005462775496,-0.2917149787598387,-0.2149388349042917,1.234318816699856,-0.9443331706844078,0.3344378271810647,0.47413667860161596,-0.13911512375435653,-0.5711369746188698,0.9261395870719503,-0.38643026296701427,1.432140910207539,1,0.7985010078225296
-2.2177008912522522,-0.9213775689160483,0.18951140551857096,1.4137673281211631,-0.4711827436566606,-1.2963523263246812,-0.17466401294637376,-0.612361305529052,-0.8793789564230652,-1.0792266067708858,-0.9661711480977211,0.13468145249722976,0.7206192853426088,-0.5543206827459104,0.5191701137302144,1.432430190183795,1.6739624034011846,0.3481017228016214,-0.8305555510415844,0.40613823635293184,1,0.0756549307416217
0.13627313174401132,0.12285013777207716,1.1841029816995514,1.5795125412164628,-0.260883494844815,1.763163173358451,0.9939771781382353,-0.6209737833743517,2.2731589901451197,-0.20838193799216678,0.6626022215949524,-0.9268530604868385,-0.5955320783428607,-1.8617690119582608,-0.6889055874223481,1.8724376767253956,-0.6806131100043656,-0.20111153412948238,-1.1891247795345001,-1.5702455419767356,0,0.15855440150511477
0.4890033846238222,0.591915151570619,-1.1432086899541338,0.12694052390511748,0.7031630807431187,-1.1711530155071448,-0.4394274666475767,-0.857322195886437,0.5529439447861214,0.3998954383648744,0.41476978502984047,-1.8576835493434003,-0.8358065227338023,-0.57384638525425,-0.341102691221401,0.3741343515530613,-1.0520794804147964,0.9982832706590047,2.4726577843159188,1.4320291410248616,0,0.01855983242107406
-1.3159829777511496,2.4165644755407145,0.6352855027972083,-0.2275285263250786,0.960362741757413,-1.4417265787835036,2.8938604877851533,-2.980026215299756,0.1910526716267237,0.9829565651369895,0.23164613183382857,-0.7902423938085116,0.9085865794244752,-0.5877591490899209,-0.3540873294060532,-0.6590842140302112,1.0783338109463299,-1.815263713131734,1.1414000530021646,-1.372097082480054,1,0.4539475106381293
0.9554088872905975,-0.6342709525068561,0.4848513932185757,1.3446531913782576,0.2127509569121932,0.8094574038075064,1.2158783137141365,1.2594408346536368,0.40020609132398444,0.42599760847366824,-0.5174841820692502,-1.9545451824864497,-0.2796787994499316,1.1752502328626495,-1.1090008531550641,0.1226810330754898,0.9430837303461412,-0.13996437442228768,0.12325809674272356,-1.9856560867882866,0,0.10549814236835785
1.826191555078646,-1.2135707350957416,1.603132949474939,-0.5257000172051204,0.4090865892141109,0.5059852700527492,1.3667589784906282,-0.64205867310192,1.2083649320253158,0.7014718938260206,0.7286898246301071,1.5200043921273982,1.8905980584507636,-0.6000896518631424,-0.5920863844131049,-0.3605627231338353,-1.043803882277814,-0.2580679711625473,0.014658461581943637,-0.01685048695012762,0,0.049570052709675225
0.99346259430451,-1.2407881376873215,-0.19987836603378112,1.4257976433558848,-0.7698187700362392,0.45987937761897746,0.25185225995930344,0.7645263907379312,-1.9319504698591106,-1.2795417973479992,1.0643626435859124,0.04948065382090479,-0.12997236443019225,-1.2316140843886596,-1.334647814456734,1.0651440237061127,0.46301077304820226,0.6932127420099787,-0.7590769960882684,0.9277244315844513,0,0.032324712997985075
0.6614303909122987,1.2188435252314826,-1.185479442982293,0.40592977078745046,0.2597332317541811,-0.5458581410376653,-1.3318868540347764,0.02413906028184945,-0.4230104395439679,0.9095908964570478,-1.7267599521302337,-0.4252278794500945,0.984532861426371,1.3939668072016915,0.21617167189668157,0.14259199720025403,-0.4580493304822304,0.5513268413336219,0.4060407559334829,0.25697844880954696,0,0.09461129639859471
0.5847336134588884,-1.4128453345709826,-0.31972634920266424,-0.7298451995033357,-0.724349886003823,0.22491278227767336,-0.540221585811259,-0.3155563876405418,0.6215027333857305,0.6837525481430266,1.0105871051677664,-0.41901166884715535,0.2529014010924696,2.443719873010076,0.7250565629997154,-0.5248940680550751,0.27795863577211116,-2.0045180676976417,-0.22388421474362363,0.06173242617671759,1,0.2103727740091927
1.008762657838558,0.2102789142599161,0.44178142595065506,-0.015576512808771897,0.5895696147305484,0.775023743287032,-0.5747768428015164,-1.0172718898617437,-0.4521011163069794,0.8439839871303952,-0.5102245001011887,0.157913688352186,-0.33164819051550065,0.4262278092370886,-1.0091923584634237,0.07316514409183468,-0.8207608986909524,-0.907500184063424,-3.001064584161368,1.9375297372845666,0,0.06632861269634407
-0.5024552904310955,0.3325701204026154,-1.6920214075350446,0.7030705434175616,0.6676942756790045,0.39059152647271644,1.1960008474991872,-0.8077254640708563,-1.117970740536263,0.9405389188190086,-0.14827112504085707,0.44004984254805457,-0.6110359233977484,-1.2908783934045684,0.2745688035444405,-0.646820515605404,-0.1876104129475665,-0.07683276563659752,-1.4177314203661533,0.8930101385968037,0,0.17175386852554803
0.32562588290476496,0.20541719232427594,-0.37025793712798305,-0.025053354792341737,-0.100654367232803,-0.2075941759457187,0.2659580661975929,-0.9897401442749294,0.16507297751371774,-0.6497830649344681,-0.34546159607310184,-0.4155493841106546,-0.46699746949667803,-0.9025891327819225,0.985740937657858,0.5290046719281067,0.23506864173868336,0.8166032965537641,-1.9395482042017287,-1.1986997277887195,0,0.09887071443848072
0.7657087129280882,-1.4062804646718796,-1.886825312896036,1.35745544157931,1.1166831937747312,-0.10275918574198939,-0.7106896610830282,1.0345687665981635,-0.8087379217133908,1.2481386817749198,-1.189093762503901,-2.313260733393943,-1.0951015406216145,1.062839158940072,0.38208398566678287,0.5086296415421356,0.7914157609408068,-0.46032323735563246,-0.5653664929980821,-1.5738780663856624,0,0.27254948907939885
-0.6609288560549131,-0.6129233121997124,0.45760960506569376,-1.7604341011374534,-1.132305260082273,0.12116949204247883,0.25947487257086915,0.6791695189945439,-0.2906184078741919,-2.2493525106816916,0.9402921688534133,0.050747990397343325,-0.18247827051016788,-0.39779658195759765,0.7718704080005891,-0.4964342500004294,-1.346032365726903,0.2171717557944262,0.8592330781686496,-2.1275086608828433,0,0.38050047116750096
-1.1833208923546534,-1.1391493871709348,-0.45195558252973944,1.3286773919741426,0.35788949860747704,-0.6477156770332533,-0.04103066846424904,-0.2413204097980427,-0.870429115926927,0.8586254355752614,0.782379081485641,-0.38515829912705607,1.1364692077592922,-2.10717973670602,0.6992274664416789,-0.43839590354980323,-0.6826216378726151,-3.57570691259242,0.08151772200783552,1.4827725936986382,0,0.05054794682695977
