X1,X2,X3,X4,X5,X6,X7,X8,X9,X10,X11,X12,X13,X14,X15,X16,X17,X18,X19,X20,y,p_i
-1.0684515469955929,-1.1157216960313654,-2.2128574146809608,-1.4981314380660098,-1.346081376223102,-1.4353232774299365,-0.25477162283784166,-0.21796312787595098,-0.38908646297949534,-0.16234855908544005,1.1005619656874313,1.2483163892007163,0.35595361687623095,0.19895766455951272,-0.20243558339442216,0.088410366837015,0.532048971987123,0.22729375007486396,1.4145563655470714,1.8680304772557312,1,0.9964544178713269
-0.21425766623905693,-0.48768862253119966,0.5636667174578475,0.002162496776655678,0.33453982333885957,-0.059610253944878566,0.009242759170495494,0.3515898792337727,0.3997595965111209,-0.1455515743653928,1.0238804399748602,1.6718587407541956,1.950146915050681,1.0743752414607917,0.3854826142596012,0.8736536685290374,0.31542996961821707,0.029482535197011144,0.7172474568742593,-0.5579714272194901,0,0.10365894467690508
0.9598163860499576,1.154420059057791,1.6122536091585458,0.9643719184411867,0.6071230792641312,0.8107517262647357,0.7838149752677345,0.6187353972313308,0.5779949466011063,0.7765473785004939,1.2256292899892656,1.1967853502570103,0.9432165989115756,0.04840936362256661,1.185752443263831,1.977886492346765,1.564193066264091,1.1658068928895131,2.07621888496976,0.9819125363011001,0,0.030318922225003497
1.1018459279365087,1.3786606323088455,0.6804031813108146,0.21960399223056587,0.27953063646792603,-0.2481521776263485,-0.07363372983665502,-0.465680373332714,-0.09418583738087646,0.2680145523467629,-0.6657972785728575,0.055680714039577056,-0.939875706247262,-0.8298444282634505,-1.20153698768964,0.46179941527271157,1.680451081442803,1.323588779590276,0.18503830225800832,0.3292661206441202,1,0.798202777446113
-0.6773602993059882,0.16245568543357206,0.2927076977008037,0.20338877483715886,0.8800349641440492,0.6436986467915867,0.4412688755918346,1.2524080059271774,0.7749957670882687,1.7081052253461593,0.5379422733030151,1.0037075546703382,0.9091048516155006,0.4717988659582985,0.7469732057104497,0.29786931912231235,0.10355696917903136,0.32516343639959894,1.444604429098698,1.403734693906202,0,0.017113511797027994
1.4685357562719787,0.4519387607224306,-0.5649556043844507,-0.30745055534974497,-0.6016512083169158,-0.33225300102688354,-0.6377918674690055,-0.5091018076497179,0.12290629742955494,0.4632690526035408,-0.44704804634433315,0.6862828764369311,-0.17102110768803097,0.5085192894344505,0.36930143693271944,-0.23204901917240398,-1.229651746359973,-1.135040233116589,-2.459434339880066,-2.738785830605217,1,0.670115694772644
-0.20778827217733822,-0.40964954595502967,-0.08565908174755911,0.80847097991717,-0.12672534242102274,-0.8145003736787122,-0.9153331126538364,-1.5033675782658455,-1.7969949656991937,-1.077863733151093,-0.7858117168988128,-0.9409405005389514,-1.6403102981265507,-1.1577881048719396,-0.15066960012139094,-0.7830686419995463,-0.4498484309641631,-0.10345285153183213,-0.74065843775277,-0.16405772071445557,1,0.6521433837076089
0.24913721192666502,0.8219548693912206,1.3155423430317374,1.5003713232272131,0.304357070183895,-0.27593778141000896,-0.8189006114645706,-1.4454431965401506,-1.3198774803468487,-1.6904615764869368,-0.9536456514316901,0.8736855219284618,1.2666702886401142,1.1744815105969215,0.7454808429814778,1.0923868190130004,0.5269818921177488,0.6156339891916582,-0.0163411151321838,-1.761135440073523,0,0.010121727589486493
-0.08969903456505125,0.6144954922951623,0.3647259315313596,1.2438035172367228,0.7494870582434893,2.5235706428790845,3.3282096693278516,3.233306884736326,3.3272704449047197,2.7842583370572718,1.6429225887207817,1.6666383432400658,2.539846649981807,2.952674303225241,2.7779070501383942,2.3888225255545703,2.2711172278243934,1.5283997255341246,0.691614665077325,0.7946468618878786,1,0.11069120383851887
0.29789375403215557,0.40339116052935264,-0.49248770069614456,0.3169116692712929,1.4566273327271904,1.555929733150809,0.585101847761561,1.5696839422422537,0.15486538736361144,0.5944402389630695,0.12525625346747601,0.26091173497367603,-0.219697805007327,-0.38184046239712355,0.8768752551328355,0.05292083959101534,0.41573077933723,0.15292032064515218,0.21643564922892025,0.3762099383871115,1,0.8980138401329317
0.6364255032595062,0.3031393414632967,-0.781422393928549,-0.46881645973098324,-0.5998140215753814,-0.3730188711607013,-0.9936423476263724,-0.7725243759438514,-1.2547820150331568,-0.7460654478614872,-0.695235178430682,-1.00414989085243,-0.6523972146216994,-0.7652784156715828,-0.8274222355810288,-1.657376132262987,-2.071854191958415,-1.4704657493808977,-1.9302519832972087,-1.0038309474256877,1,0.9985574373736015
-0.46454928467981643,-0.5549081631291608,-0.3059992346673397,0.8693665458031284,0.005212266127714023,0.04852800183376843,-0.23542455438281107,0.36432625066016433,-1.7655345679530963,-1.1930100275315885,-0.6929052552538237,-0.6593560703118982,-0.659692967725937,-0.4176951205574055,1.0026065239496014,0.4233170918278396,0.9228499489796624,1.7015969712940562,1.3248987936385874,1.4544654181689527,1,0.7649764425954937
-0.4396392390176735,-0.9162360057355352,-1.0620126646046628,-1.5178404597563828,-0.9240080384822835,-0.2941018361380022,-0.4383395444842347,-0.9823382834694897,-0.2635027412404678,-0.5091021878488241,-0.9517647674313031,-1.4164118030865858,-1.272600127004022,-1.6155307997432995,-1.3833879026419016,-0.45309601982105063,-0.21908122590954215,-0.46705166499346723,-0.9218450420349925,-1.5765609553486928,1,0.9633330801422485
-0.5701914292708076,-0.35349753591486116,-0.40921846907247744,-0.4901806600442459,-0.23831841507176008,-0.0856307837022713,-0.8524988047637143,0.06861989068621802,-1.0175843474976083,-1.8243866506627031,-1.3350168036261063,-0.6615341924831655,-0.20066829461641483,0.24411832399165292,-0.29304143874065786,0.749732429363819,0.5221463331488341,-0.15500888037697935,-0.12274841640040136,0.11850748856487474,1,0.9461857870093501
1.5466831160511536,0.4480788678687327,-0.3904141361274793,0.06455408960233441,-0.8567074164736529,-0.3736283093300086,0.20261520232556998,0.8807757023968201,1.0280139445870318,2.1235902746408883,2.892772380871061,2.1676121623315954,1.6655989287337976,1.345789239489544,2.176043736320678,1.414339430244868,2.2562674561512197,2.0146771728468718,1.8237591578481418,1.182800755448384,0,4.4040102399735635e-05
-1.7170822818838167,-0.6947506810796215,-0.9911259166872272,1.3089348729200565,1.1689983706035236,0.07830010577788349,-0.01533735904039311,0.524327177968488,-0.4492644449982839,-0.9204764129691823,-1.6537768649387017,-0.3197958270576127,-0.5950176328498782,-0.3178167665403116,-0.34285867566616485,-1.0446430712178347,-1.5701851675946903,-1.273154929162516,-0.9609450012367513,-0.522348478645149,0,0.509722875263089
0.48446221421918617,-0.15605998538700613,-0.3259265481834639,-0.048199236020162135,-0.6061015993994008,-1.1986543989788225,-1.313939564642501,-0.5809210095048073,-0.8455732190343727,-0.09252209057886127,-0.40927940320298695,0.19835135320949146,-0.5393277373203179,-0.18578445512990202,-0.21976651290639557,-0.9174134369133844,-1.095308606626689,-0.7244389055358759,0.0167263174561205,0.8025826786052562,1,0.9397033494426447
0.7225971831377674,1.2103562605099503,0.6560939711251461,-0.07449703075838608,0.015259481898461531,0.13393019827219665,0.38492428598971656,-0.24060573840634203,0.12653957520069484,-0.3219270493187574,0.26790184011034035,-0.27110971849416293,-1.8419166350728606,-1.2866573300719195,-0.9313579327761914,-0.6823636819022454,-0.9337446711377521,-0.36701445429449875,-0.09069862308814956,0.05450826711768567,1,0.9846497540861661
1.3598501811367387,0.7652030488847881,0.06964175737311668,-0.2643500843724618,-1.2494457367952723,-1.4692589312727906,-0.5603101068797912,-0.417631470934185,0.5685908423068946,-0.8783319705458748,-0.05752234974570055,-0.03366477114305608,1.0520198265982375,1.368927409775359,1.5908619950136644,0.7373311760898275,1.007074282392407,1.8887942458016196,1.0824407901194069,-0.08575335720297614,0,0.004046231183699402
0.6913749527874179,0.6407848112175752,0.806855779328617,0.5610428730197209,-0.21324152467438345,0.22102558937812092,-0.5292356283453781,-0.2300708350233991,-0.033447050295817495,-0.16951982472847868,-0.09640336985905217,0.0949058116514615,-0.6590210202500035,0.9811307956136784,1.4662706297970463,0.761297081408219,0.22250959542524795,0.3074824985735269,-0.046586131788566826,-0.10523266099046481,1,0.019969439134579384
0.3501191742648426,1.0559246530559658,1.5391516369803582,1.320114272448735,1.5804903475467484,1.4110593214686495,1.2129859837859402,0.9589859143958859,2.0017626369534844,1.232731427199455,2.002966662065903,0.3743066474939877,0.450180380512159,1.0511826206165926,0.9403123621553066,0.3512516661045171,-0.09586519673717064,-0.05617833535383187,0.7563785904079889,0.2614951756603105,0,0.015089970283378655
0.028242558325636834,0.2628119130734542,-0.3179123497987747,-0.6074908446639836,0.7465433610287154,0.18929682828764666,0.2973079234203136,0.22513316963937322,0.5059258476129437,0.9575222172378522,0.11001732815862068,0.4232474052280875,0.519488368142449,2.0340501470370023,0.8610476006363171,0.721889170419008,0.6730699105068289,0.6672096133153066,0.06608213501288361,-0.6309162663964857,0,0.01323083403939173
-0.44236090481622276,-0.957060897528144,0.13927974908502008,0.1182624436769947,0.903190960255776,1.047804226755161,0.502504403865739,0.2599540465036923,0.3250203001551328,0.8436181935605929,0.7509016277909802,1.143681843542188,0.07058097722634972,0.9310411815583135,1.0284776313159927,1.57297621220558,1.3807363249560591,1.450606591259776,1.5381637796739158,1.0368782937860348,0,0.06971399615934908
1.331545320696641,0.887211039285476,1.7273161718972883,1.624491847509559,2.437403149100058,2.289698161825399,1.8024193150617696,1.7873207907947015,1.4453267946286708,0.8049381860335229,0.017570757106735994,-0.6961899803176544,-0.10959244252204474,-0.401039320686611,0.29954637284957475,0.4746532754185747,0.1915311509864672,1.341539892754944,1.8447807851529003,0.00774378879518304,1,0.9999093881936423
0.27366794907011827,0.4999444607911303,1.2180244194553453,0.7348210222180727,0.2645015886024564,0.21156686373668043,0.2784812989033899,-0.7580592448362781,-0.14806261143291752,-0.19934054363078835,-0.08621347745448568,-0.8591774165918507,-0.8087809541446981,-0.9470860160257539,-1.5640322362462304,-1.6126982428675052,-2.3383865951009852,-0.8607485532100385,-0.4265877064805017,-0.6809986683511043,1,0.956857726726027
-0.17852021909038526,0.8493667888520284,1.3667063946315208,1.1824292471197946,0.8160079136715128,0.2512498268072109,-0.4326513302201539,-0.4934989323729384,-1.3171818249989418,-1.693852369877853,-2.3009415488507057,-1.709645366102093,-0.7701000160289863,-0.9448870519846749,-1.7902485889196635,-1.5631401486870389,-1.3571232336623753,-0.5907262098717911,-1.4961240930861988,-1.8383906410099706,0,0.94596786827548
-0.013098925181003477,0.3821465386307073,0.3684825819761123,0.5305841240490046,-0.17793914930673807,-0.6245753625902208,0.20227781754413013,0.07687224156937464,1.0607649536417258,0.8866938913024834,0.18490480878352675,-0.49345849323569474,-0.45422361094077096,-0.950662767770714,-2.4183655245850484,-1.1526283439840903,-0.5228313537682584,-0.44824402803536734,0.00937938052784344,-0.4681595624571666,1,0.9505281000292992
0.6783025492723584,0.22169761366425572,-0.9770807653391669,-1.4052877860924475,-0.8568022092396499,-0.7350959619694757,-1.2602286009224886,-1.1412918301159767,-0.7349124303156758,-0.7003550246191582,-1.4520321171742656,-1.4453677492086097,-0.9207990011024103,-0.9524404379452552,-1.3410255058407312,-0.9664473151479656,-0.6945996546660205,-0.4246755329780772,-0.06592895666927347,0.19191872279310146,1,0.9938430111430918
1.142135210464358,1.4821042163661238,0.7575390021026206,1.1629296794647992,1.3433097672892862,0.7152433197593379,0.5330846102658774,0.46123970445862067,0.22834771465525713,-0.04555952583309233,-0.2425137662931278,0.8972102908836149,0.5649923431852865,-1.5343232368372177,-0.5940301915685545,-1.473553618574001,-0.7183325845948972,-0.07829654602562378,0.02606492234378674,0.1713840148579371,1,0.5897948734645929
0.20514539354762823,-0.4307672622539742,-0.3768790865891698,-0.6260282282314693,-0.29789959902488633,-0.6285861315886737,0.4459123456723963,0.535751244100053,0.852887446656307,0.17832895544523228,0.9176426170828618,0.6714567987953449,0.1344323270762737,0.269176418036591,0.6006924720618712,0.8165724689944084,-0.45331019631827235,-0.631385790415608,-0.4770280160761643,-0.8397521694921583,1,0.6991629147438603
-0.24702225828289878,-0.4820360559378369,0.429856674400187,-0.5203231732384788,-0.48926363144904156,-1.4355948969179086,-0.8084368807886182,0.314791042000974,-0.17940480785784652,-0.40693375591051756,-0.42328035527465036,-0.8048667839758755,-1.616273788116658,-0.33977351225266883,0.5013454608649692,0.5789653196269241,0.2891904915236801,1.0133473075265225,0.5062562787089667,1.2957420064948157,0,0.15239931520970468
-0.15544389583121077,0.7854903065260022,1.0627119680606394,0.37510586194105777,-0.45552273394428916,-0.12187983222849594,0.35182540749611263,1.0569591841189863,0.19291362149817934,0.3620222152160198,0.8750979187221339,0.2921802319000214,-0.5504246279482029,-0.20281810629540614,-1.1573918582803655,-1.1567954489731418,-2.2073532813279364,-1.5040423008496944,-0.9481061127855982,-0.7320307274826469,0,0.18726316298219314
0.7288332078062534,0.6573102515476977,0.37866272703305864,-0.03946047055914163,0.2918525160823386,-0.09946626637937038,-0.6025575011777208,-0.9680723460443605,-0.19420903912311754,0.6783779600258405,0.3763809381835237,-0.6790397018459022,-0.3656093412897815,0.14095158223262483,-0.018171781593912847,-0.8053392627514416,-1.2890580153276536,-1.8386046066132495,-1.842079285767292,-2.3045373163109284,0,0.6324206178056687
0.1368169982920657,0.12446242666147335,1.2913713876178823,0.904054231604985,0.41180493388047695,0.9630271514059116,0.3821616470229614,0.8570515667331841,-0.005145777571033518,-0.17762666712160105,0.5136532693277299,0.4887820224377711,0.08014732963636391,-0.9691499078802721,-0.5477251116206044,-0.8687841382325736,-0.5698924414804614,-1.0226222718799651,-2.281228220678786,-2.159588458632702,0,0.39158866254002694
1.5538551543436354,1.1395228503072083,0.034272636396667604,1.0654355765452075,0.8307183096570934,0.8751230258941295,0.6552102822249,0.38618775779120207,1.2266078201792998,1.7175552389220123,0.903923135766163,1.4329925210902323,0.399658239849629,1.249235093933967,-0.8443815705893221,-0.6312056158865185,-0.5941357067909699,-0.8314153496585308,-0.9407874272130954,-0.7851361807657311,0,0.006814634926357629
0.09229309404576921,-0.18099430141938153,-0.3345808893530951,0.8403166424551934,-0.5897315675084746,-0.9838442449293261,-1.0490431532298345,-0.742840057524623,-1.1035245609413507,-1.3901063590426312,-2.0902803542763455,-2.4283280972678014,-2.2221210830615634,-2.5296570029713807,-0.6282718883675501,-1.4773676748607567,-1.2782145373512768,0.5040933344159161,0.2582806753126105,-0.004268203784438212,1,0.9669309549151897
-0.02125361424388655,0.31701319370121567,0.43191171675185613,0.05392338869892447,-0.06089793701871015,0.5384692715278991,-0.49655175731365475,-0.09120043785103636,0.1434031612185464,-0.7254671102405209,-0.5833049524697204,-1.155408229757728,-1.5004249989034781,-1.5128628450804174,-1.164253411269992,-1.029331988956792,-1.5433912714899751,-0.9363587290048893,0.3009331936553648,-0.9168665504213854,1,0.9947288952990987
1.4946625592781733,1.5052800993539384,0.15160763729160848,-0.004816524848472242,0.05364410771102855,0.3809206842576018,0.6123803595018102,0.13421367772521295,0.9045663435367989,1.4065421120602526,1.2309867560539909,1.1741752804019627,0.704524420112082,0.501280686915221,-0.540422508247037,-1.5960855979818014,-1.007968466501159,-1.3326312745750588,-0.6714374487097907,-1.7543106943146842,0,0.10572931645327946
-1.0878160241361188,-0.8068547070297748,-1.5621207421954875,-0.6060118274132249,-0.15331343673470127,-1.0055853732259254,-1.0403017331671571,-0.353013833891894,-1.6513408729977024,-0.9652743694214537,-1.4879200022701327,-1.6498229807736748,-1.267362818612753,-0.49661404449405183,-1.649617344413425,-1.9936023433210288,-1.8951908229213184,-1.5637616214563848,-1.3358315685456947,-1.8287211094319273,1,0.754472773649945
-0.35766540282292003,-0.10163757099475913,0.16069829097810606,-0.23253846185161006,0.19571614993944828,-0.47086201499939995,0.16971235546740954,0.15858280100091635,-0.5495071291897438,-0.8488051275340247,-0.8150204414778605,-0.27698554651989343,-0.6178936886444469,-0.9988564090328587,-0.385037826619085,-0.367786973157689,-0.17895011974483627,-0.67636606845941,-0.32509129701067024,-0.9659476019629687,1,0.9362907017215085
0.7900914657046312,0.9934414926825448,0.396004511616694,1.9826618777602454,1.6840739248540986,1.3496139169259893,1.074617215786667,0.9932291598602281,0.6127918291197936,-0.06101042321800056,-0.19559293221988516,0.029779441792687295,-0.45279830877072075,-0.9841908020727954,-1.0738579128646102,-0.5979130343761686,-0.9336443472891859,-0.2636249356649,0.2663343446362312,0.3523447299325156,1,0.9878415491435114
0.25578888732650584,0.23096672154436335,-0.13061853388408887,-0.3231201031527498,0.07436528711119048,-0.10915562588471656,0.5276449082436018,0.10907789476228989,-0.42166542198820584,-0.3275928987716286,0.713795610105567,0.06707766728396883,-0.2934189191587968,-0.34404205847392083,-0.08009161967957827,1.047553268325702,0.28698690526559784,0.8975353406737947,1.0002575424042732,0.2617995201035843,1,0.8847004628406611
-1.226599492907653,-1.5850535047618046,-0.9800024301631612,-0.7688425880263592,-1.901024655124356,-1.6596960310075706,-1.372009957655845,-0.230006754826167,0.4187449952605028,0.08418039546543003,-0.08238410265760528,-0.7689656374968505,-0.011831280353225743,0.7608943400177101,0.11951664227540036,-0.5318880166510239,-0.6245878424085163,-0.7547181517022914,-0.09232617894933728,-0.9034357967084893,0,0.025389453781084613
-0.8858347128488333,-1.141443366362883,-0.7551087210870903,-0.8797987661888814,-1.4831480626715874,-0.8746864666087214,0.426146518449999,0.6098155783132537,1.0361309568107984,0.8808141776652656,-0.019193516372199664,0.8710810106155749,1.1546182202766346,0.7688588554609583,0.11462636848405018,-0.3774907155610666,0.02584213358562193,0.13816471732210406,1.9395885862602784,3.1707414760443355,0,0.1361410299974056
0.9757413764031057,2.075219397451142,0.925258310839916,1.72488644340091,2.1711036823881695,1.4507480434587086,1.567919669735264,0.9247238939416289,0.9379240328070839,-0.06721418135730514,-0.11263087345575411,0.002442398424236653,0.21618147627897666,0.06331726592933333,0.4275557532039598,-0.7470765595359148,-1.6976211736436184,-0.9129332036217901,-0.5082638816725479,-0.6779357712680145,0,0.6044579288121235
0.8056978813176017,-0.37375641417093697,-0.22931784136759684,-0.6082165845141134,-0.6728114877608053,-0.35184528771418516,-1.567371634051808,-0.3616033996860108,-0.08621297913704207,1.0277695568353948,0.9182249720707386,1.0504610373984866,1.298606545548528,0.48496994949835354,-0.8185668304502295,-0.6416920097395087,-0.2044111131362164,0.12075752081545503,0.24994613972714994,0.3815377775536826,0,0.5390726850160793
0.5388017780427702,1.1245508477841746,1.1321059776473306,1.0856032434299634,0.9474702101676293,0.422688388689326,0.7265853381036188,1.3213101013178417,1.6407180681703584,1.8556205696998371,1.2513757931078906,0.18053821981320362,-0.7773625676279611,-0.3776617637710599,-0.29795183128111885,0.6018289402611734,0.9074379259381504,1.4346553068552206,0.4443280991130718,1.1729393627102753,0,0.5730144236449737
-0.10138590481116334,-0.31802792853626044,-0.17406202373219,-0.49155102262436395,-0.06720477153200592,-0.10416243242795312,-0.5031692806069162,0.01516470610222552,-1.0583955025367062,-0.33878310802658634,0.16881403978358825,-0.5737013302789485,-1.8372523244128494,-1.5752097206255167,-0.5034991961158801,0.8603472565963514,-0.21268654426660377,-0.4055551903302137,-0.2619175384132829,0.0923159337761954,1,0.9943178428615498
0.39002415814223657,0.9346932108317908,0.21826560240928353,-0.6707963900608451,-0.25290640657915214,-0.8802465042797548,-0.8389023517172877,-1.378748103127447,-2.677561716019776,-2.1631492474960314,-1.638531750619292,-0.9717121330029163,-0.2984099999712868,-0.6193557973302752,-0.33556391354258075,-0.16834691264222068,-0.20304973866115825,0.04960251630832319,0.5578462014067808,1.5046015339781758,1,0.6229302331015755
-0.6560325824002685,-1.3371600068333276,-0.2959532441490484,-0.872337754038724,-1.058627457989211,0.12023162301892057,-0.7365526866414444,-2.5376434311108294,-2.3615916968059,-1.9584237356266836,-1.6908350543392239,-1.127852407669984,-1.0358248231890959,-1.0331705682394048,-1.7986124477510441,-1.726710969795316,-1.6110595420596012,-1.5777369886316042,-1.2523138607316802,-1.9569577982070339,1,0.9889945055713788
0.7209077745840891,0.6423645775062248,-0.28133962457372447,-0.8487258961846346,-1.5174281922341197,-0.48711532656948214,-0.028389359017181648,0.03648816662568212,-0.29623034708956514,-0.3231288085974749,0.04163718459544745,0.33659543034509104,0.8519953177127784,1.140719229052809,1.3630271492953383,0.6541731988552961,0.8627253010047753,1.3446672252265994,1.2110707657802675,0.5212878138926079,0,0.04321704922901847
0.451088576278227,1.0591968951764972,0.9770054775453672,1.127596736299001,1.4701048704769217,1.0293953213613498,1.0171664276910453,0.08041789424657111,0.2801214955337904,0.3195805531228932,-0.3131550669533777,-0.24671904800466468,-0.535132466645454,-0.5795022358435538,0.3565379907817854,0.024301681572146395,0.20768871156181057,-0.03052673179392547,1.124707899139226,1.3280698637612292,0,0.6874785400034646
-0.12340620986573503,-0.738354643184058,-1.103210227679571,-1.952601759533492,-1.2806211566118781,-1.311911660438251,-0.9329010140807324,-1.5123950255545218,-1.216423173416624,-1.1583616615312562,-1.116841530734081,-1.1063546976451932,-0.6528227431339019,-0.46007456964864596,-0.15680036071100067,-0.09923623675909814,0.090260470342973,-1.0123007750573745,-1.8702163058205876,-2.458051205338967,0,0.3335253996175553
0.2556440955406286,1.3106028976530184,1.2205379404118866,0.8119536776899454,-0.011080364471969693,-0.3099441576255899,-0.0516528455906677,-0.2926987008849813,-0.638838479796295,0.1329495078139156,-0.7356691241168711,-0.4302713394438739,-1.1474490628246725,-0.40376957458335017,-0.8939332466322251,-0.48570644186185724,-0.31599546902018316,-0.188441655861401,-0.3324549793101403,-0.047028192864692425,1,0.5356557483950246
1.6644654737048392,1.8129707499169492,1.8053510852495467,1.703412064734648,0.7135947954612629,1.3479186726236867,0.23050139411316875,1.0608387859521875,0.002407151301335283,-0.04265859116656365,-0.24125802435321117,-1.6001736051347453,-0.23330823796767441,-0.42534798647475597,-0.940444582143199,-0.5105760039926024,0.08389974330319233,1.3915960010331616,1.1150034442430747,0.5465541946601731,1,0.9999762079409648
-0.5178314003832566,0.04036081528421837,-1.1066147717059203,-1.873868988646634,-2.176115262748252,-1.9927814549104956,-0.9510802893884127,-0.8181281949925368,-1.5035313101966126,-0.7895930254091527,0.0015523636020951454,-0.1106507660501193,-0.11375314097590204,-0.09886894545549645,0.042107222981528324,1.0702258304058552,0.5461997015406869,-0.5254137980121457,-0.020134792593985616,-0.3865316764374735,1,0.5318167794993179
0.8037354882008616,1.0514799633595093,2.007947492131823,0.5253191299899931,0.20038380416616078,0.2322209990838632,-0.8613854926348855,-0.800924701497082,-1.2104861290746975,-2.644856921890478,-2.7121392852983033,-1.8475593644502637,-1.4915304219607455,-1.629833653672376,-1.5807446052343663,-1.1047162153905128,-1.8664926829944384,-0.19843551634491768,-0.21381519728764464,0.28484153854524774,1,0.99854051163438
-1.3988704476096665,-1.4430558293746292,-1.3742382431884734,-0.6981100023781763,-0.4894392982433799,-0.26028520714684983,0.2610615549240097,0.5747612714593725,0.19276590350564893,0.8052829013850905,0.4344056194201895,0.36074192276455863,0.13071803115174305,-0.12530325664126435,0.2559265440081782,-0.6182310613801062,-1.2121658461563818,-1.4486258923934203,-2.181824653798248,-1.3356031309886236,0,0.5010819475295067
-0.19695127376475255,-0.9991136833019869,0.12970726070359,0.34908370036678793,0.05140946575247569,0.5383762441457451,-0.009485404006586134,0.29167011291481837,0.6002242645960918,0.805350115413346,0.8312382148137853,1.5823898247392345,1.3707964047477224,0.7428781798037908,0.6970036148295186,0.49557178299863197,0.8220431286546598,2.0276484248300903,1.5469450855896583,1.3094335173453904,0,0.008423897769869048
0.1920759365202942,0.09570207408160385,0.40825726165111514,0.19656615700051147,-0.36743218040935216,-0.7759456590528011,-1.5941343168969098,-1.1837323852687713,-0.38398239953659613,-0.7052635992463366,-0.3177274419112105,0.47543813770298216,0.16172122538441377,0.05772261960080748,0.1054607541646638,-0.3910979533912003,0.07244137311108996,-0.6274670586883165,-0.939888377847238,-1.1748447247426026,1,0.7711775041739238
-1.1387038838640102,-1.2821913913045173,-0.5535128399036151,-0.003738411047022019,0.1275844810119769,0.8366011515062952,1.9447750569448665,0.9169402112508046,-0.16597196358905347,0.36174227331768244,-0.37313222497020887,-0.9246758755799465,-1.0376249336764134,0.410701860899946,-0.14704038825532506,-0.5984763129518456,-1.2095995595311715,-0.32047416066987994,0.09809141370983476,-0.4693291195306424,0,0.48743115034359424
2.017739786674661,0.8863579759405682,0.8523322170212412,0.7494493471517458,0.4084083279373746,-0.037996297380886765,0.04046764283655376,0.08999852949782179,0.46652254875734345,0.5740668962226825,0.6279662858441079,-0.06602027376519982,0.3437427845231089,-0.22602891919383267,-0.46613252175948927,-0.6418230865641864,-0.2583584485261596,-0.2853541761266482,-1.2634293486093229,-0.9721006716593348,1,0.9113780348845665
0.9035106053503105,-0.07446930170748838,-1.072726291761283,-1.164267117303754,-0.6865874020345505,-0.6559276135828209,0.14719774193340399,1.0156572222523566,1.7325480050995095,2.556864810472836,1.6011638033428326,1.551064445322684,0.3332227565459637,0.26137675456832055,1.5134476955209804,1.3997769285893613,0.33332025057804926,0.8372107735781382,1.2662007045797632,0.40348159219662016,0,0.04388640950001259
-0.7417892792679908,-1.2423488070971882,-0.5907456173135518,-1.127498877473083,-0.370458779212102,-0.1426739820307361,-0.7871805394924354,-0.8074619570912732,-0.04211555306756853,-1.2388063607309865,-1.7606121064885256,-0.8616119300747703,-0.5587846631656492,-0.2683457122323844,-0.15454630887092152,0.26086078810832414,0.3135240287591261,0.2706707910815382,-1.0030668141168435,0.750497898619704,0,0.40911142361325387
-1.3521516573774024,-1.0705542181024812,-0.6887511220355843,-0.6477246984703492,-0.2681980740916879,-0.09496623339061167,0.8661544716360848,1.0043435721493454,0.3422843147166189,-0.6438804879424532,-0.35537380982558964,0.9856236701045009,0.8791276897510572,0.4213413194545839,1.2185612000435488,0.5432839197122161,-0.25331240562699625,1.042802790037685,0.33076163908728284,-0.22697644404938294,1,0.49950967531931384
-1.3056330226370492,-1.2630470275373848,-1.8322085716937273,-2.646656364003059,-0.9365744408206669,-0.25080104988142987,0.12423347565214994,0.29174337622475,0.1759492952315856,0.5422621397268725,-0.6425837796440432,0.3896050280127211,0.7847700413430564,-0.1380930018522921,-0.5525117028873939,-0.6977715900239262,-0.4274537087937743,0.15157461923566906,0.9662513408512657,0.76075068492343,1,0.7499811317846913
-0.8333264664243047,-1.7349592251479715,-0.3628479839283992,-1.1934854842047657,-1.0447025682878515,-0.8339670212888156,-0.301319639315536,0.07564556464025116,-0.38543396698561067,-0.09035719565730567,0.27877700842447456,0.34355150165188636,-0.036176763655550614,-0.5205592372509245,-0.799737781890242,-0.6610099010966504,-1.1526199076627892,-0.8221138465237428,-0.2784281243837316,-0.9200320655529879,1,0.894240180965389
0.5618776168461693,0.5950899693046531,0.5691094918848447,0.8051093852651501,-1.0478082749626676,-0.4817419639817037,-1.0316226806930013,-0.4906431630078872,-0.13008789565471088,0.03843052413321658,-1.253166575546673,-1.2146464189051172,-0.7393535165862625,-0.2730992907846162,-0.9201070221514615,-0.2269362170048436,0.40495034848124356,-0.011305363932965534,-0.300271658706184,-0.11756120047145394,1,0.6639714661721958
0.20926662799300205,-0.4332432456794764,-1.137501265072692,-0.6417660141474814,-1.1552894937516132,-1.0609148123361931,-1.0741779430898306,-1.0919112644708286,-1.147465594348771,0.24090760437421285,-0.734804707352677,0.10268025578650566,-0.9818456929567192,-1.3715105117203665,-2.954073812158051,-1.2781035768633704,-1.9743461514554632,-1.9014697865947081,-2.696097660751743,-2.1920584884476924,1,0.9999703561262139
-0.8153967935148614,-0.793199485649879,-0.9317639101378572,-0.9076292111545493,-0.728659487838994,0.06982892838634915,0.8719933253110305,0.6644734743496921,1.0917909054635264,0.9093689407210069,1.2566707072973515,1.2762816361988427,1.2983984457708504,-0.38438406795019114,-0.7453658534194493,-0.7637944012021919,0.6743355270414652,0.20849580451023297,0.2555330601810006,-0.3688333753276125,0,0.3498714269104041
-0.14476438103674505,0.1534315948251912,-0.49797440678709315,-0.420804650997638,1.022830012040557,0.6391080563575267,-0.011072133411046509,0.002215080145609043,0.6460372068964219,-0.17200430388491775,0.6955448221302607,-0.21346071111085213,-0.3877702424421233,0.004327294033180749,1.442975556974315,1.5803742756407706,1.488638817784616,1.126270796670199,1.2282139466367892,0.19788072146749136,1,0.7046172598492123
-0.477816773305477,-0.42413403350437184,0.1579862709142793,0.020358991780363975,-0.9174669328159798,-2.135965207168607,-1.9765339971045774,-1.7306208939473966,-1.5806546499763139,-0.21079449721500423,0.17068295948006418,-0.6863813438558224,0.1673826691447802,-0.2061438044969479,-0.1153482590498553,0.031378735188830505,-0.35267111430773695,-0.3784834577849851,0.32678650906987594,0.4292175268597208,0,0.01177524094689569
0.5757445301813,0.04265793513237038,0.6625990967794282,0.9354201669985469,1.16021040107218,0.5292207307714888,0.07544635106644548,-0.05982863922702819,0.0657510482571213,1.1786306034009546,0.2714088393733663,-0.7397957271150088,-0.5890996946379732,-1.5729435797333244,-1.8252412161477052,-1.211033626681032,-0.4489101013391555,-0.34415321008696886,-0.9264555112710359,-0.23660744224868807,1,0.9917178086230326
-0.08719419755642831,0.7257028897938141,0.5741876695695006,0.15845107943479317,0.40689056268271273,0.8439439947011514,1.1379677490930131,1.2773385497441296,2.13723191756779,2.0768818475185684,1.3352482828099257,1.348857109930649,0.6405852993682132,0.834408224820632,-0.3189016322326864,-0.1545637033377642,-0.474900853052419,-0.25848506811640287,-0.9167655761824608,-0.48482914033553387,0,0.0015045845033954323
1.8271873264341998,0.6493225734454569,0.5101014682422519,0.5274220617727605,0.7069576826591364,-0.3792130005557142,-1.1303509937339613,-0.6690009808097253,-0.5624719216162616,-0.0916587498732172,-0.8722494285179319,-0.05336186265912438,-0.05518206141219099,0.18365336072819602,0.48506718243724267,1.1648112112808071,0.6624533107134136,0.2730012455640685,-0.23352454906904707,-0.2639044792615682,0,0.08525464497325004
0.8534692021293658,0.8418787020279731,1.1373250340685574,1.3090506150202705,0.752147056252278,0.17926537544328958,-0.494658752611546,-0.9815638982749548,-0.7786256939349322,0.36300779607200395,0.4145002804796972,-0.27648409613948904,-0.3966949129860055,-0.25198124280072626,0.583737475360286,1.6343226937713131,0.845660106890552,0.5497915023335959,1.4656832370477666,1.627609333604686,0,0.011271362817076372
0.451057937302251,-0.2103210396025508,-0.27161091733944226,0.2433550744379204,0.48606946010274754,-0.32987598147026187,-1.1090392127150361,-1.115827945451373,-0.20410023550576228,0.38642871046271854,0.632428969778534,0.24172341932118888,0.45617471558190964,-1.231596735045985,-0.7883353764022255,-0.6513241107490637,-0.48669704952936993,0.06277009305335633,0.8641008391462235,0.4516879398859781,1,0.9824394930600071
-0.2580847821639526,0.02564464825534893,0.8530776050564729,1.1698393063198613,2.0151879627389815,2.4916664964133584,2.1425773483249793,1.4858492124016032,0.8297909012905922,1.6418026349658532,0.8899443641415138,0.6472799344598549,0.9281618270314234,0.48278855846566165,-1.198279776540031,-1.215746517489109,-0.30147312320359676,0.18756319123244225,0.38359251099775066,-0.017003496757774253,0,0.00037248481816771746
1.116077390808158,0.6677432428378517,-0.007818908501436921,0.022410660254948842,0.0915514126175677,0.02995083211950421,0.35214889397652177,0.11538100204601567,0.3312928859928085,0.3153251005020158,-0.427263945229495,-0.23648572465093187,-0.4883230978082561,-0.5958826839936541,-0.2576312857993251,-0.915175569160458,-0.4152570164967747,-1.4720146357310009,-0.9590345988066143,-1.4433159112288665,1,0.9793446634018178
-1.7875550923909984,-1.6702282893073668,-2.626325698282399,-2.6747964360434997,-1.0237958090610335,-0.9075324141016022,-1.1271596282383793,-1.5298465367578407,-1.9926182906642174,-1.3723214768330974,-1.349423883762368,-1.3812936640532545,-0.6350626682643937,-0.11662080907298947,0.07676335231878144,0.40576676512859383,-0.7645838646068452,-0.9013042828826658,-0.7891317855161301,-0.7953284756044728,0,0.015930961373283422
-1.5181706306232152,-1.744120494224476,-0.9135446630556657,-1.277605466381452,-0.6750430365810154,-0.9958459272222916,-1.4293974926706687,-1.4645634768772777,-0.6246553402051426,-0.33746164595761974,-0.06400900215351657,0.20826075351494835,0.6292637349144351,0.00418730497082453,0.3847676062234028,0.2893624662948578,1.0059460310009012,1.1114217622178846,1.180347694251586,1.7777628400115422,0,0.25334635369347447
0.21615534488861404,0.09085231833362861,-0.7399849049628114,0.16913967604832605,-1.1029779822787094,0.4653819772205041,1.2434949856210178,0.9854388536674396,0.29082479687434293,-0.5847171380497904,-1.5122353628900471,-0.9722176981498223,-0.3082040779622756,0.6917129665503843,1.5475096326059155,0.9188870907491855,-0.12945932604921953,-0.8816928127011772,-0.3464853356326179,-0.33058228474363877,1,0.9963928521816017
1.2345857935085829,0.5326647810605971,0.047319444015120005,0.9155624812051766,-0.34454206039216206,-0.535873918666823,-1.5487846497418245,-1.6261330333548227,-1.8761149142298554,-1.9946055920705128,-1.128256521626113,-0.9653546543837499,-0.5140747885403727,-0.40943502803528437,-0.312687152683427,0.3678821884484661,0.024825087213905504,-0.011005998596588183,-1.205087594333783,-0.9383842334589505,1,0.5598157661273973
1.1529197356008076,-0.3669817299111648,-0.04227031086912094,0.2476378470690505,0.13707747541247825,-0.7237968431434328,-0.1724366639902334,-0.8880379478929027,-1.6034507789662358,-1.2140469512455045,-0.5418347593501884,-0.7188748927880289,-0.16657712262131383,-0.5943423601722442,-1.0466081279626844,-0.08220974120275053,-0.3912977394733351,-0.10900826076641283,0.5392107170971867,0.9177342812787899,1,0.9753574016768931
-0.05918909422352627,-0.40748998848328755,-0.23183833959806868,0.5946686345910881,0.0693295778319021,1.1477423685612,1.3078963900129557,2.228893971687609,1.2119434107461318,0.2987247560487203,-0.32299800687324787,-0.04926457198778899,-0.6388710086418092,-0.7606578350081273,0.07914269156646421,-0.533915858553057,-0.48472004096779775,-0.2763607320471097,0.2807340418431218,-0.12395639736913584,1,0.940458523408021
-1.3611213007253549,-1.6338302150578208,-0.1251649447091679,0.6752191739361418,-0.3942042139064907,-0.561093995756524,-1.0875574796435665,-2.4899584741228513,-0.5565766721977486,-1.376863988268962,-2.0261613465434314,-2.0736630293154863,-1.6227319727724212,-0.41040354032509174,-1.347476466566653,-1.2356538524259437,-0.38592912860774,-0.9176213881892268,-0.5497808298780106,-0.8997693271534275,0,0.000757368308794661
-1.4474424826005385,-2.7148050244023487,-1.653519463933158,-1.5257400258462817,-1.2582943843852692,-0.9767697209372735,0.8714140370889938,0.9726672409636095,0.7852832909266524,1.5304964962569247,0.9101817445052435,-0.08232850712509684,-0.8425053748106228,-1.2006519256462933,-0.6098441822022144,-1.5013775092998667,-1.5110776605270013,-1.0829346135853775,-0.9707575307266432,-0.8889449379849177,1,0.3943875393240782
-0.2865191891943513,-0.5176230864522288,-0.8499482953938587,-0.9012372290100646,-1.3010737297480715,-1.0915802900150648,-0.8477799116696757,0.3905521585304375,-0.553447157523096,0.29912932864143016,1.3144441513045582,1.31130793509629,1.8390115162242564,1.9618891165742478,0.737630341876942,0.6091230862272601,0.7512305727417463,0.3269066982661733,0.668441716136984,1.1022579575607054,0,0.10893276796366325
-0.40375858277289095,-0.08600428412217637,0.40774385828421544,0.15481626139564905,0.7809698552910312,0.2368591933679022,-0.01861460971928211,0.3006321997940238,0.18377430120427604,0.619841459581828,1.0835669369628071,1.5941576186517574,0.9590643033596825,0.3735297031833711,-0.31999835560774287,0.4897184152411867,1.2537766150927492,1.4108110952249038,0.09266069840952595,0.3506453864766071,1,0.1038838330454376
1.8681976667750304,1.7684672914592516,1.5718543594769783,1.959522076965814,1.0106835215128684,1.5797409032249614,0.35718516885383184,0.6184848306134018,0.20347551978661363,-0.34349951821257935,-1.2911854052919554,-1.0133731726919932,-1.941325317416149,-1.4892292570098922,-2.454050359383702,-2.090952018031805,-2.1123884653568763,-1.746947852130717,-0.7772007854326626,-0.20739574504803704,1,0.9999941542566535
-2.002103463832768,-1.9343450877728803,-0.783025930170551,-0.7473562116930657,-1.824869521328554,-0.4391676141064802,-0.5102647554822002,-0.6018272174998884,-0.5248943271282438,-1.7233161283168534,-1.242235358399388,-0.4758246399133375,-0.6612216290487971,-1.393161046796041,-1.3404775680858134,0.27057756987094483,0.686704959333439,1.0520350599075505,0.40134179892893024,0.5646946606549147,1,0.9386074119981019
-0.7810884466572168,-0.16417543561058381,-0.5830898703325632,0.32060289514174234,0.5637316278970154,0.3801219372339161,-0.3766207656133848,-0.2909460204241359,-0.12303636389824926,-0.7853727405882905,0.02305210222873109,-0.07847752253423085,-0.12301983582022871,-0.6834761521412707,-1.5170668741647013,-1.354194640923705,-0.5530862045118848,-1.2528390149872215,-1.1106942913054292,-0.7930865085544584,1,0.9640410445946737
-1.596242936829636,-1.7325364639269625,0.13114114328080212,0.8390905392791878,1.4467634047196067,1.4445148198975275,1.3399828323046488,1.4043228957929164,1.3243555462264125,1.587073445653507,0.5327524992303974,0.006295888506854937,-0.16176629848706153,-0.2641923510581315,0.002857790030098538,-0.052745501326316814,-0.5493850168873324,0.7168429272703933,-0.1143620844339071,0.6520778144323629,0,0.2199394555556034
0.8939892215629314,1.1461470135037148,1.064602057011939,1.332554957908506,0.49452506535142204,0.8217802514097539,1.4001433618375905,1.1399664453478915,0.5280196881160938,0.1570990318296836,-0.3249058375237399,-0.20312883440320847,0.5936494436537454,1.5214933462024467,0.10626767618635297,-0.8161624040233163,0.25226198784421866,0.8128556988078065,1.5125010824273462,1.195551787575441,0,0.048033836467933806
2.158299720004656,0.7535612631876394,0.8354341291709708,0.9257410001898407,0.5255190289581775,-0.01215352118837866,-0.02349465272987701,0.1306831552770676,1.4805643546527603,1.2881163020913786,2.0297320887792436,1.4779027387244275,1.3507819574005209,0.4478567929097616,0.9358264044011474,0.30445444543399586,1.1228646682934371,0.3766356980130642,0.3741059061424243,-0.2204946547220943,0,0.0020184560263266497
1.130521350712334,1.0442500185690375,0.29451610697119845,0.37229129364294894,1.27649509185497,2.0531391973763133,1.2598781967588393,1.5894028504574456,1.4883862591478771,2.6976675786267004,1.749381093543364,0.623513554556399,0.79718941434192,1.0675865085925027,0.18172030414963816,-0.5632435091839803,-0.7749741810911781,-1.4136942435297621,0.764576061168843,-0.12795779323066317,0,0.007529216053840631
-1.2399501128414967,-1.784096467533028,-1.9228910545482698,-1.5459738803802294,-2.455734034028275,-1.7888810617369477,-1.282337861953316,-1.4341146832715606,-1.9910760672817658,-2.171800674921729,-2.921905179682801,-2.4292457874039433,-1.6224668876106512,-0.21278167029493844,-0.6280487700217166,-0.22806914117703683,0.4747480879610191,1.5103228785799283,1.479019977723116,1.0093776428169292,0,9.04153988999938e-05
-1.3641734814825055,-1.4370922721707595,-1.2510733301541002,-1.4290401105126491,-1.9023832604449258,-0.8422482268633539,-0.026226931610421125,-0.8502015852439123,-1.3382963236887568,-1.583045670320523,-1.5602202316183718,-0.3028865849104449,-0.9146499384643106,-0.8882752621586725,-0.7233847551110427,-0.13589642186155215,0.053289669130935316,-0.3761313175290031,-1.3609760602779353,-1.4771211526383017,1,0.9621207360895837
0.026433608156797943,0.4127755774239648,0.9622618649088452,0.8085077278467233,0.468231075183176,0.10623376183507396,-0.5549770508945621,-0.44939174140780724,-0.4777641335007798,0.4450966604282577,-0.16193542455234758,0.28444430651863906,-0.4417635636808953,-0.43400220818828245,-0.16046450441483637,-0.14182961251261844,-2.0154851700759924,-0.9703465397279136,-0.4643801678292961,-0.017884572157856517,1,0.42984633027476327
0.429663283634571,0.787464452450424,0.5439910356166356,1.141893371624874,0.6209708312623942,-0.07543791325141606,-0.6759538114140354,-0.6120791879188371,-1.4963150521215685,-2.065572986374868,-2.057220284676945,-1.9051692311199944,-1.7334041842796049,-1.379241271436344,-0.8149243354429517,-0.22073233709771026,-1.7051538775147435,-2.0377528569600116,-1.6735644088657604,-0.6084743886594369,1,0.996565391647134
1.1699987876355622,0.7891593473413469,1.3926852130918164,0.5041253944297499,0.07441308984683753,-0.4892267084668963,-0.04471344887919686,1.1860822390772092,0.7842345503953002,0.34610245793403316,0.04541567417811222,-0.7748573826118823,0.6067821374183202,0.26745636140110796,0.6655211705297135,1.4592175831105818,1.5278135838629157,1.1816916364809622,0.8466782996277555,-0.0734588731191849,1,0.9028578462984885
-0.8595433590129999,-0.41320987287120503,-0.8156314183443734,-0.07440604332141251,0.7333007620181944,0.7632955621152676,0.9658602475066363,0.3769211656047141,0.7846500937570788,1.1701161272147342,1.3962674367469377,0.5901572232972957,0.06290353870617761,-1.4002513595201573,-0.8744229214877485,-0.7627419621064169,0.23758119071288425,0.6487697996135476,0.7251034231297809,-0.04081841521279102,0,0.7024227569181478
-0.8373298855055824,-0.8086829372416758,-0.4328730234854709,-1.0621181009075231,0.5802159525831115,0.31708474573886697,0.1808433547652325,0.1738314285374693,0.41295177672570826,0.23575070453025476,0.14034335475301846,0.017776591949636492,-0.05862374922617724,-0.6822953136077521,-1.2596587652579065,-0.9236054902360396,-0.9224194025663575,-0.7707433689888817,-1.1230652290927456,-0.36522745912608234,1,0.8457279135791878
0.0016131905962634722,-0.9150409413516131,-0.27142237350596554,0.2781317096599959,1.1406011620652488,0.9378881028480971,1.093115636937314,1.2022103668922333,1.099446466063749,0.5098227921346711,-0.005976231153667253,0.3221688811497021,0.2437359261475274,0.8255399581180707,1.4680464848030363,1.1844606973505005,1.079886682132355,1.471384499138751,1.0387842126990663,0.7809480652396722,1,0.6519584286283155
-0.9999676539116926,-0.6058353381623592,-0.8763973349782367,-1.8032398390016369,-1.9974136087698384,-0.6698430027211433,0.31489771620683066,0.30935584666641613,0.8038035611659861,0.3991873411583355,0.5419807458978865,0.33455251482057885,-0.49474332439866386,-0.6806806437102747,-0.07649653437180222,0.19706133398599573,-0.707232461674031,-0.3229828260766031,-0.2699394027740601,-0.14265767981805172,1,0.9222504333334138
-0.7727371325983373,-0.8318256112298471,-1.1288114884339135,0.002987780557316485,0.2505134865525531,-0.2200565638677572,-0.18378291470115105,-0.3464886748888143,-0.3061240811190036,-1.0454627019068217,-0.3611818416838411,-0.17426434028649848,0.7279104584873203,1.2293811115503859,0.6444717579446412,1.088628990052435,0.6927339163393692,0.2270878486854815,0.38485335187535263,-0.5459945682701076,0,0.31222212985939735
0.32763158525680014,-0.2586003961483381,-1.2970459498834326,-0.23139748884700767,0.8923210068447912,-0.8828597134746753,-1.2384696504493564,-1.3406599029439394,-1.8898977299816793,-1.1420304324406767,-1.5050407288246073,-0.8438253680218623,-0.5903107714512845,-0.9098474108072514,-0.5773686533110026,-1.0407435316258613,-0.5000765604493859,-0.9662848688667415,-1.2351181942730256,-1.5201058627549586,1,0.9949825217512279
-0.16883949741758755,-0.49983543404482383,0.6475674327986435,0.5286094855983459,1.6503332665028205,1.1797185488931141,0.8510738324631688,0.2898213477901961,0.5592743549850753,-0.28230536376978166,0.28594240515586605,1.152016722193878,1.3685004272583945,0.7747216266941804,0.22437204925365753,-0.12636195475985487,0.3985548838875969,0.41048329238313463,0.06237583667087707,0.23795439400389562,0,0.01499575820685533
-0.340706700999549,0.8361175138724191,0.2414820796395013,0.5189784276994868,0.7354837014996126,1.339284018455244,0.7503223244589762,0.2928494749622802,0.5220773836068203,0.9492887067660091,0.20124098881176036,0.5285767734360876,0.2713390559337627,1.0980259115775175,0.6711544765246203,0.8655211579638458,0.4954168411119908,0.411031232029371,0.15443474197084484,0.25983322046580387,0,0.06979571085317986
0.2727143092329136,-0.6016880870561953,-0.48965861747207096,-0.19655859239883683,-0.8121413757213051,-0.007271631373479554,-0.5715821795897573,0.4311966195633793,0.33695017091363877,0.6036234269148917,0.37895722769548584,0.09373357017438545,0.5717700448864813,1.122409951663145,-0.25127108007652954,0.438435713424891,1.400207532416092,0.8438073400200168,0.7279721648931964,-0.4078434107414801,1,0.36566243206404725
-0.4779489078657369,0.7145600677409267,0.6549222961044956,0.24018034598337754,-0.3124700580753685,0.1600423475613227,1.185652814553041,0.83625012922343,0.43189730767693907,0.42112471985840677,-0.07067540259892048,0.7425985568765044,0.6995232928721526,0.16560040676152457,-0.44126935164509473,-0.05768820591898651,-0.13436636638325591,0.15245656724880607,-0.6262071814166194,-1.08084988655507,0,0.16712932135823985
-0.48138948934653947,-1.401431940866625,-1.136229315248431,-1.70507190411051,-1.5351664309003528,-2.1672325422206504,-1.3548362030380905,-0.8317482671051906,-0.6057611807528774,-1.5776099221752364,-1.7405289746768824,-2.2316912351445093,-0.8199938374228319,-1.2804042803918896,-0.30662430214180003,0.3424929068488266,-0.2209704660790907,-0.3197284855291258,1.064551991991459,0.3117409293900298,0,0.009816549233899623
-0.14991226036290228,0.39998840846737427,0.5182824443518772,-0.18534201384612217,-1.1164083334459096,-0.5271542054937216,-0.2227022564993526,-1.9861568492704125,-2.3004217005099235,-1.3213659208020414,-1.2117165758139967,-1.1226752521638466,-0.32890303358763495,0.30938914904507636,0.5688399747613098,1.1749549564911772,1.1986656363489585,0.9062862767382186,0.1563549284703541,0.34275177778892435,0,4.157871681577615e-05
1.009335816337065,0.903570604239106,1.4977612333348687,1.0856333598400016,1.956838808435113,1.520735563924755,1.3600104846860452,1.7583698216336248,1.7277220279480654,0.8358650814072047,1.568943136352004,2.458777892091684,2.8053195145283456,2.1398730740986442,0.7932503899753023,-0.24114846831430417,-0.4275566141330951,0.0863799457657639,0.25834391061425144,-0.03057436321576432,0,8.778621090077056e-09
-0.49827497876097004,-0.75279497831633,-0.06964023040396919,0.5899589336058096,1.6014896547407242,1.374062479992735,1.2246548526183278,2.496839217560397,1.57934264657668,1.5742480727065091,0.9673401335110624,0.7555373553609848,0.341881765082028,-0.36930746466763187,0.2776012246361961,-0.1608922677495581,0.23685505840074472,0.32662558327294644,0.672317930017993,0.7574326095715954,0,0.06786377831684874
-0.16324854813266892,-0.2254033100874948,-0.05270474373106975,-0.4319912468177505,-1.136864862577596,-1.3221216946885617,0.028211714342340943,0.4102931197763617,1.5267643191225126,1.4413842174853781,2.0010084724745756,1.101623875148373,0.15781853184653324,0.18158639589133968,0.23769041755233583,0.9743774208872663,1.566000773400542,1.7539422600515637,1.7440690840198463,0.9352744806784503,0,0.21732695762497511
-0.04953449988356904,-0.4410360479606382,0.5153653620874735,0.8814858485117176,1.0679614076412485,0.801556395005045,1.1158641250788637,1.7443301259472053,1.6951768774575888,1.308394106099674,0.8077769227643364,1.3552166720916066,0.9682923102814996,1.17197039201543,1.355439829744459,0.7122498139014892,0.8249104519953615,1.1520130412810896,1.2485020852764928,1.773687294207314,0,0.0019892857080940967
-1.5655726066340405,-0.69488601172133,0.4527231835934847,1.360889566351453,0.7552965255444581,-0.6463387596163477,-0.538566130713074,-0.0712533944387013,0.7771176724554028,1.474451855598606,2.60856130946793,2.177432662799538,2.3520090144092887,2.056368874470922,1.9357262732672311,1.430252536363399,1.1652542297232817,0.9441741457565573,1.7136214557235736,0.5968869046384271,0,0.055257829902138886
-1.1512759609994632,-0.17680832728133022,1.2067374590763178,0.8072453210480642,0.43100343674806485,0.5832377681279214,0.1400151380087875,0.3484246685918459,-0.32219958910357943,-0.22742200616789676,-0.7184598959758911,-0.40126323656633806,-0.23479155499447835,-0.25945776995254205,-0.5443731934141309,-0.24215298779202715,-0.03425538653174534,-0.3991710430071295,-0.6110917139638964,-1.7589316726056194,1,0.2678511035854954
1.1459228400166699,1.323418646948258,0.6702520845600718,1.4343181514972947,1.0678968592158207,1.1371683582480894,1.0004954283812655,0.9321431075286266,0.4944866863152794,0.6893215017348063,0.6071835600036909,0.27529279946466606,0.022746768134429392,1.5323210490559518,0.8055944428579933,-0.00411313829879126,2.689196476884978e-05,-0.24828035467336587,0.5522454186878992,0.14976162172734425,0,0.05238119207632072
1.0819792516498405,1.2757324612319734,1.1291633422830434,1.6419318454240865,1.791257800861596,1.4439501189038662,1.1939735085888252,1.8896458490616994,1.6711255379865415,0.47388408347339,1.977834745597512,1.3354241239186975,2.0681299783773452,1.9830749268264398,1.363676091681402,1.6049679291300614,0.8796042596462111,-0.6167517137477467,-0.10942320373108731,-0.12150629539369322,0,0.02243416529212737
-0.31360269012341896,0.0361711591448298,-0.777542801798238,-0.5716965550854465,-0.7104144766707813,-0.3816352727551153,0.30848264722838703,0.09608892425782506,0.734363511365659,0.8468713597116218,0.9718955358229228,0.4287911563158188,0.9473804430747198,1.270500406246261,1.4466513967420984,0.3598090192769634,-0.037855972620951014,-0.173882175884809,-0.7202471379281028,-1.1509702635307468,0,0.041179168600413305
-0.18367124887297073,0.33195225806411516,0.24898307812147752,1.6946766709416754,1.0203626343816212,0.24605705017895363,0.154159902532471,0.8862384302305248,0.12527553815913922,-0.44256086011203283,-1.0279082746680346,-0.518313687095243,-1.0556493394704793,-0.5129717344064123,-0.5961267241573479,-1.0655075224849293,-2.2257011867338505,-1.2660085064314364,-0.4571104467535427,-0.9462085204473549,1,0.8869510894766608
-0.16680502046185053,0.014715397748084634,-0.32367704144165516,-0.1401947053873324,-0.4404339130342572,0.09361176959733263,-0.4212083959142896,-0.08931517340214147,-0.13879108248003322,-0.4682350979133675,-1.2153690086369648,-0.6349988078037545,0.37569705020138155,0.14546986729617298,0.5782891387680251,1.1331707945546985,0.8981035342388505,1.718542485152858,2.0763214687099856,2.2041041738700966,0,0.4669655860849436
-0.3873028050656826,-0.10451127767242235,0.19689007178014806,-0.7381875613908891,-0.8087445577511456,-1.0081277893819152,-0.08307786643454682,0.49009837248710203,-0.05462884738707034,-0.6043498113219498,-0.34827960103438066,0.132343822208976,0.02540862794284352,0.41653141301437846,0.12786222152646035,0.44799432373077896,1.28195692859199,1.1889673216279475,0.8403974288447081,1.0366709095962692,1,0.3191112867215735
1.3260723397167344,0.8936550684555542,0.9993933535028947,1.4397652247116122,1.2137162261528471,1.1646606658385172,1.1212291570179918,1.0628027096023964,0.7613326884200907,0.276795868028864,0.003770587651195989,0.6266410144185852,0.6026649635392951,-0.390670220706335,-0.9862317259903625,-0.0037881177319427895,0.870274617666617,0.7609149619283417,0.42678640175361326,0.2534424582393574,1,0.6565195909406946
1.2762887258954294,1.0002620743312975,1.6942119598439869,2.079324654355694,1.140479894763147,0.13620088669139224,-0.03135147078973451,0.4936786245187187,0.9618018449601815,0.9168729983555192,0.7243020120315002,0.8996991278494436,0.7233351219145073,0.8777723815503099,1.3177577597329913,0.6865364249249095,1.2572365847727291,0.7513621141652504,0.6809731084307931,0.7459985815759159,0,0.0014377888734784072
-0.24831752655388875,0.12618640504128031,-0.34659701048064473,-0.05373811953250952,-0.39953576584328926,-0.33739099307416964,-0.9623803580637644,-1.4105364074090811,-0.6975743177647878,-0.6510843243436951,-1.1131227951448779,-0.9974624878045136,-0.8928608047559027,-0.5513435939028215,0.5272271012567206,2.439046124917417,1.7389429942835661,2.274160304358554,1.007205900830706,1.3099670492271032,0,0.0005160626983599608
-1.0606179054707512,-1.3530503295860763,-1.1043142515628461,-0.879862809092286,-1.5645692903570174,-1.5351510661817187,-1.104332659326667,0.08165903793113816,0.7448645833178076,-0.35840323959565057,-1.132730127856544,-0.49825353217545887,0.5045142391802319,0.3648627968336765,-1.433549340064253,-1.7073649038529242,-1.5953903668809426,-1.6383317592968367,0.01685378815162069,0.31769554804096406,0,0.6285029408764164
1.491555379176022,1.4681532537335917,0.5705288410700224,-0.3789428144641529,0.2551144107713953,1.0424513473085533,0.5857190495885652,1.1909873813328522,0.9410964745011545,0.7506213058091274,0.1650150345746991,0.44382961070521615,-0.3368495971118669,-0.6592963138962747,-0.8926860211926164,-1.411367849110571,-1.1683835684640824,-0.8813737407958548,-0.46898526479910513,-0.6445258906455316,0,0.5283889053533354
-0.4738961862701048,0.0032656634329168086,1.0043491261127322,1.8271481906051894,1.0288851996928363,1.1263849480071504,1.0495885782457421,1.8523404465668853,2.2413576349788116,1.740074914915823,-0.12285733131851528,-0.3957570964343143,0.5294602069376545,-0.4950400067026716,0.30018949798514394,0.20548361431943468,0.11311876334172577,-0.3902630357445737,0.44559113115187543,0.5314203384373968,0,0.94025646911435
0.25501696712895583,0.2415612307561184,0.8235465054598076,0.0544751180339342,-0.0614490024614941,0.2075879268137198,-0.5271120848177039,-1.1238673577478924,-1.1077306048076425,-0.42496461597820395,-0.6769339457048934,-0.5332520501832454,-1.017811220481588,-0.8797523512311395,-0.8289256725541772,-0.8668632478610389,0.28167712875625334,-0.24946511013545977,-0.9013231914318013,-0.5807334812478973,0,0.8670483118493946
-1.1644882014825548,-0.9823107052734394,0.001636660183162333,1.4905507684082042,1.0753697505119448,2.2611884159793614,2.0646107060016785,1.0311697364099588,-0.12007887839510965,0.2485361986005112,0.33057314812797417,-1.4500644280821953,-1.1432933766210511,-0.17607987033133213,-0.9249488771461416,-1.1888877012143337,-0.7064700022084445,-1.7209435591910354,-0.4617966914182909,-0.10073375857264068,1,0.9669592437587967
0.213416137378647,-0.5901006651523398,0.4035286994966565,-0.2640505098215016,0.49236237527319116,0.6495439142423771,1.4335887884394871,1.6639584882555032,1.768499743049166,0.953803043236781,-0.29042289804342464,-0.6519224930970177,-1.913536686811271,-0.37285491208567306,0.2645866657468557,0.08888983505921215,0.23043248765960225,0.8927704651855086,1.3791580982273306,2.3215902554976284,1,0.9808537753549009
0.05557256605132292,0.17594934266650078,-0.28363857458710195,-0.12559015727369782,-0.37627950012808414,-0.2240614844965392,-1.2091489898772472,-0.16171513739641147,1.0001772232365345,0.22436774752127522,0.6477039536838842,0.8265589252306885,2.363111026685061,1.4343658488358877,0.594886098729201,0.996820929220815,0.6221785728499218,0.8254966203950769,-0.010079423347269394,0.5701143157299171,0,0.05662122781639897
0.11367052719314384,-0.0004125397367992912,0.06453341340683368,-0.7523360623362148,0.06585918697034988,0.02591467174225727,-1.0520022914904756,-0.5046341990541746,-0.48379583990286157,-0.2124649014582704,-0.36708300689598977,0.09426570798844507,0.2636978044869313,1.0422933044972529,0.770000453710892,0.7398034563071709,-0.6153527053285651,-0.6890899551839699,0.6332647713400215,0.00791612138395676,0,0.0918708947012709
-0.8751965216108507,-1.7675608693984448,-0.7798489002682455,-1.2713584368561788,-1.113737505366885,-0.24349282429923003,-0.09928688782776326,-1.1253422012357504,-0.7545933844451693,-0.05723780447546713,-0.50890662288392,-1.2846315266117236,-1.0724812130701176,-1.4731756690072753,-0.9530215095806721,-1.442302954453505,-0.6477497348662998,-1.1848229533878902,-1.4940847950778366,-1.5907537196138675,1,0.8249230229451139
-1.761937364618917,-1.16297264683827,-1.1680035766775685,-0.9681301347180034,-1.3837574372175767,-0.03393927242013863,-0.12361727344943126,-1.2291814807718842,-1.7762575275018142,-1.6174137040421412,-1.6402081411342218,-0.48422969277725003,0.2854870896537879,1.0353097474614419,1.0238955022104628,0.5951131854023018,1.529757300889523,1.9394951661143012,1.8358762054952749,1.3369689897608523,0,0.004287153069210336
0.29567918042370644,0.13767592865737344,1.484332601045346,1.664134918420279,2.0222115883052587,1.1237387605027545,1.655417697393357,0.6968263979001691,0.9292328080937774,0.4364061543740751,0.5577147375621269,0.2588520176874978,0.5129035035617366,0.40346213255175706,-0.10152562819403492,0.30288711500653726,0.1175429799893097,0.6247415406681638,0.09915840864830586,0.07457555082527892,0,0.16819538925582472
-1.2156441401515825,-1.243866117638971,-0.376119144386812,0.11026991343053,-0.3699031549075372,0.13541558781388824,-0.4100192999981705,0.5094401531037732,0.8069184339197023,-0.41267494843209307,-1.2784908565813904,-1.153388243024807,-0.4269939889781638,0.187669843121182,0.6799967206247008,0.3578867845423994,0.27732375133688625,0.6824375456270438,1.163046086348164,0.9229864603812501,0,0.4393991833141777
-0.8558662109584743,-0.6736593419476766,-0.6470652427164095,-0.9755174826021715,-0.9475454875337986,-0.6601420934826991,-0.6026248341915997,-0.5215750088021726,-1.83148821058561,-0.5572235581725571,-0.812199790810483,-1.1810562823660602,-2.5919485757403824,-1.5381240346176122,-1.679207913446591,-1.1630760480041185,-0.07393030247982227,-0.2185031759239042,-1.6678602898336867,-1.3819539783427175,1,0.9321780442629567
-0.6317246712891388,-0.3363605202281026,-0.30847427218587314,0.43003475637578864,0.14712247125064373,0.26039547065728036,0.6599250770340491,-0.6070936031048746,-1.2173285422404094,-1.5192360884366645,-1.6000535745487272,-1.583044447807337,-0.6834259539014886,-0.21252181639674828,-1.315372647384501,0.10323649368261775,-0.9289717272480953,-0.4322130295756667,-0.5226914522236943,0.3780700806817366,1,0.8505119317829576
-0.32206528167538534,-0.8872192666451966,-1.7411200322638702,-1.1059549653012293,-1.0629516831150299,-2.1998339339045603,-2.0150641773520763,-1.030516325804684,-0.9376057566361196,-0.32706019256129,-0.451085460150261,-0.0918883969970531,1.1376909775534634,0.8886542024942192,1.64173048031995,1.0531081249405256,0.3647604548019685,0.21372663847704504,-0.3233629891277922,-1.1804500211836273,0,0.016226791698427355
0.8811231820268428,0.915075718223858,-0.12758717609227502,-0.02603124504542981,-0.27716981133428487,-0.5463851611962989,-0.4376546575374671,0.7952512290324765,0.6858587744513216,-0.14843356902854277,0.08760705355896531,-0.4871228659724695,-0.3060416598193422,0.02775083861859274,-0.4212554613120595,-0.40887141110783143,-1.0298301087432689,-1.1681936036208893,0.23252601292148592,1.3319807097963576,1,0.9735247084071716
-0.9900046311187894,-0.718484226248649,-1.1069011414292367,-0.49425618621769596,-1.4777605122642925,-0.8912160949771132,-0.23929747824929914,-1.0720578182855962,-1.8347669484381912,-0.6520305410171946,-1.3608034159223439,-1.7341297167931524,-2.308061838547349,-3.1086862575809153,-1.6123201605170807,-1.5133165762771135,-1.3694201113151945,-2.0983275474056016,-2.1915606407326687,-1.9015464717941692,1,0.991007034474794
2.3164164920055996,2.788929436509765,1.9580281950069933,1.6751812978930114,0.09903999993397636,0.36969597150375444,1.3130905711853278,0.05013313660173428,-0.19950222664319467,-0.4715748506009257,-1.4438278743762798,-2.6931518225173994,-1.514000773475857,-0.8180181729742788,-0.6893338087225407,-0.783538253245807,0.07276902293106806,-0.4420192879394839,-0.32531592854316205,0.07198694070504189,1,0.9999972769353472
0.7741423407351644,0.4432216522613022,-0.3089619964658786,-0.12264039429218401,-0.6319811476725157,0.049318031812668806,0.14955347634015226,-0.5922804938600424,-0.6204628635830733,-0.08534331687692129,0.6683206630579653,0.1971559580399223,0.966081592694625,-0.29862201966919055,-0.876707393623038,-1.0831767638369398,-1.166698137175249,-1.375846462099422,-1.478573960461509,-1.3662526865942548,1,0.9853565210660994
-0.49639867845418695,-0.17804231751686583,-0.025537963831765435,-0.4361609827696325,-0.6022478953281214,0.20276209369237264,-0.9279843275617684,-0.9555374522242186,-1.0100744795215226,-1.0851845660803967,-2.6311378048383003,-1.4497135698757502,-0.9664299569318255,-1.276721364434873,-0.7222363645954331,-0.1471685718966104,-0.6677629445652152,-0.11945222185318295,0.18010930482734402,0.13881918700083193,1,0.7456782482265514
0.11152712504942287,0.932923303500423,0.39477572084595636,0.9244694101004736,-0.38853017414261937,0.5020684643617644,1.4899931141393383,1.6530789325428872,1.7897070111924893,1.8864144108274055,1.402680833428104,1.2223180857569966,0.7001661095736232,-1.3231668336985472,-1.5893153540908673,-0.4584822817502551,-1.2785711787248828,-0.6162189183924704,-0.5848021972503963,-0.21397629080085676,0,0.21331150929755477
-2.3276608280070987,-2.0937105710788604,-1.61957728158048,-1.84672053989474,-1.5791963254694612,-0.7843942247770508,-1.5731398940578523,-1.6510669390575938,-1.3167090290751757,-1.1210628568939192,-0.3639802337905936,-0.001673450729392223,-0.5125657023193559,-0.06981608923258593,-1.2002887393048458,0.1457169209804349,0.015176303647272335,0.6958857936028531,0.07610510908618702,-0.16974615722645636,1,0.7992268542898899
-0.1718187967961024,-0.39771559792562206,-0.7542289054674187,-1.0454298958474213,-1.2260291499458809,-1.1514082705080142,-0.6784975357353991,-0.46369851966021325,-1.1521678345431365,-0.3723961124880051,-0.601562030322018,0.5047649446754224,0.9152763313338794,0.43765065528304187,1.5446076577088916,1.3868741923710002,1.495988263739851,1.568396754317784,0.4887888261362491,0.40533336734531517,1,0.09432570183611012
-0.3197770622099358,0.6500101553362224,0.07749844280560507,-0.9181303600403422,-0.7485703867471761,-0.33627027492325207,-0.8336241743026396,-0.7861265584731673,-0.8804123617765337,-0.6994302070343141,1.0059745057156142,1.21631965598468,0.5035479704854472,0.22017704104153366,-0.13582559133413585,0.10437636190911603,-0.2264375066178059,0.9348076038749878,-0.4367227052735663,-0.38143597760747194,1,0.7193598534105101
-0.7289836907036001,-0.41526677628776165,-1.0022684882090993,-0.8065058969118808,-0.5097514915505673,-0.7936850228708785,0.10939785328958364,0.1581677259504378,-0.3313823727415483,-0.7244033537796657,-0.75581845427697,-1.2558610387932825,-1.299172902344063,-0.5179634194334265,-0.6598208065665943,-0.6554818982839773,-0.6153026376866717,-0.18437781618569862,-0.0567098656237674,-1.0047135898434048,1,0.8068857303001642
1.1707177830505797,1.5124871231717474,0.6612169889371241,0.7612988633367204,0.3948207725329169,0.1724439820920987,-0.15722795749098187,-0.9858801187928509,-0.7970322349196316,-1.4247057281617466,-2.265218702297729,-2.4110454456704447,-0.6180666239057442,-0.9627634699321381,-2.018624021058656,-1.0731843156710057,-0.8405749550513074,-1.0156414318858007,-1.013340789612937,-0.8421580415796581,1,0.9997399038825995
0.7588277202424358,0.077341221070668,0.16714421047783926,0.3193846127988805,-0.12074471732172129,-0.3839843320857785,-0.6427949227142613,-0.033701206987280165,0.720204119811388,1.3217103317236,2.12442355250797,0.9073288978191066,1.1713259355534718,0.41759269514507097,1.0190078624521428,1.0380204686377965,1.218093967919608,0.870794968424995,0.21435467805340833,0.5242223580825456,0,0.026252786339431133
-0.5437213057114041,-0.497116068412647,-0.3831239550613394,-0.17479998395987717,-0.6627522621951012,-0.9156785533924822,-1.1526458442189658,-0.5160970914736684,-0.19238585794454865,0.8602967278921869,0.8558240592025286,0.3218933295600779,-0.1178827372818506,-0.4233115051937052,-0.49561732163673816,0.052364902198108916,-0.3208437468843647,-0.496724081103811,0.14397150179137977,-1.0845912643184281,1,0.7802672349218607
-0.04499821966128835,-0.4056915071866898,-0.22706591881121455,0.7087415579863076,0.43143969348004596,0.24192988076180091,0.1450075515024791,-1.4895886931773343,-1.4445027464607554,-0.46963716129253624,-0.784558425157148,-0.5504396639450234,0.45670950429531926,0.24019296666605275,-0.07747147833331594,0.19958746116657564,-0.03229382039395258,0.4337375730410279,0.1062127364962172,-0.6019156117760698,0,0.09120374638387084
-0.25286864594863595,-0.2790474580653867,0.26678482278552745,-0.9372096405310536,-1.1835555346743554,-1.7209252840289198,-1.5281363967037478,-1.2930297405004023,-0.5544948345431338,0.039930398067252966,-0.018478892056488026,-0.12116430610280082,0.19119665601355623,0.2637911334159608,-0.22515621204121475,-0.37278957973130156,0.3198525452699751,0.8959845694803579,0.9712027393056161,1.5214617761106395,0,0.11567553620988086
-2.074777707115223,-1.42860206282648,-1.2531406766929511,-1.425085663649412,-1.5360722650865035,-1.9185756394655449,-0.9664283065604494,0.12387499991669185,-0.03898649663787375,-0.29822358771080415,-0.9000227275609712,-0.49183198798610395,-1.0611605168379938,0.3181588792019637,0.9657426097630943,1.257059225690502,0.8908862405024935,1.2110644446155474,1.6931019230047066,1.0133707777809697,0,0.09133628579805782
-0.998084512620871,-1.435250420453603,-1.3795843430915873,-1.570535298374333,-1.3002634723952848,-0.38476433879309785,-0.07232863292506332,1.0650942876556273,2.000311583686195,2.520619780247291,1.9544974614892023,1.607368268671595,1.527327261805355,1.5004108529625255,0.7991283136379197,0.5645936799874347,0.09781459708054394,0.6870631469041695,2.004900105858533,0.8203647167019644,0,0.03401925379920627
-0.11701890602798003,0.053815286710027076,-1.2282803101101654,-1.2024272369377125,-0.8146477676199028,-0.845347593948337,-0.6866975658615397,-0.7518919389775853,-0.37905107056425064,-1.057015053846397,-1.423359853922644,-1.6323040780233526,-0.8003069437426029,-1.3003307530899986,-1.2012464307792778,-0.8610260688982729,0.1672621374346998,-0.14048202784682276,0.26072376024121435,0.6867295513776058,1,0.9733694104940969
-0.546236241775064,-1.1907388598488924,-1.1878396860261622,-0.5939304225476478,-0.9684333037538146,0.06409539735040097,-0.5288562695162966,-1.9753731173131124,-0.41168160931733355,-0.42359431371781014,-0.21976804618092569,0.8775605956047232,1.8531660635162712,1.4875682988027965,0.9285345062628,0.728519620820299,2.339054220594882,2.620598362217534,2.534059859189974,2.493709283629397,0,0.020968317164130557
-0.03689073256182115,0.17388310339886587,0.2345408804324561,-0.5094004347552571,-0.68000462197057,0.26090707744139296,-0.7875505540663622,-0.4890665938645993,-0.46137589156057485,-0.4529013576353653,-0.6182841758792489,-0.7192440923683284,-0.44832673453791455,-0.24088191937610562,-0.5958556708171944,-0.5110669791187368,-1.0992219388517204,-0.626643076091022,-0.38101711438060365,0.10135164259345712,1,0.7909373724514223
1.0233054769033907,2.5103418744977497,1.434442670510172,0.8542636180085109,-0.6029341128992904,-1.0341676218916094,-0.15333347725735946,-0.48899419404226147,-1.418394731277367,-1.6878247501327053,-1.217171346522595,-0.3324699629396738,0.11020168954619891,0.20721280120149235,0.2762923197743314,-0.17326946986750108,-0.23659013600637663,-0.1064785254664557,-0.7937647848657968,-0.024700486450252784,1,0.33357830289917173
-1.691645824064314,-1.0545546956734633,-1.1031184221618067,-1.0636567894988802,-0.8922731880408282,-0.22883891832077646,0.30120553543177603,-1.1448539250449428,-0.9538004055067086,-0.5638618453491587,-0.2535202548319205,-1.181859960921459,-1.0249953245649548,-0.4766491962490088,-1.1342080840657578,-0.795052650692086,-1.4997038900425586,-1.2156272206547838,-0.7291328632597396,-1.984997605563056,0,0.19593291753343137
0.8578350833708993,0.4539431183335879,-0.020527538158148083,0.19722856660829013,-0.31069932719019666,-0.26951825808026697,0.5548820607892655,0.3777506598957413,0.44369620385824826,1.209080687362308,1.0941965305763472,-0.28440410173867076,0.39155856088132546,-0.2765790328724609,-0.770689595258719,-0.7838268308466432,-1.826276370022387,-0.9401581972771611,-1.1381108502936164,-0.33379078211650026,1,0.9070668782496913
-2.11483592869707,-1.0952204498463836,0.870435161021406,0.7324970984986872,1.3758316886387594,0.4743075822099103,0.8047698245919952,-0.16939422191748577,0.04557871676879375,0.25996870405096506,1.6941522855309061,1.7458775900050236,1.5664953357237636,1.5594559027573733,0.8298139293169694,0.3842097520243424,0.6853387778888768,1.7186504642959075,1.0557925483379025,0.20602936543294664,0,0.009104253388592975
0.42807170104287673,0.1796130625880392,-0.6008541951817674,-0.2564095087573411,-0.3403638674031804,0.38253538673117005,-0.16858331849967276,-0.024702685612854377,-0.36991991257835877,-0.36720160279668196,-0.756468071342667,-0.863103389374182,-0.5436925036398782,-2.1167931744538735,-2.2826815191212124,-0.9201842082880031,-1.1324556361918143,-0.4036270024879902,0.1521870020200226,1.1086224094951842,1,0.9999263913633902
-0.6973421518847516,-0.36108412571308285,-0.5950440565191417,-0.6488076933600089,-0.6196990960722597,-0.11962987671515565,0.24560874521123202,0.0376503520205211,-0.5426851530778768,-0.027224348944969192,-0.015416986293614151,0.6106115925459008,0.5309746124594478,-0.03501494964571443,-0.5499283890264405,0.05258577014087171,1.1511774828185577,1.1708994716841645,1.3566290229975877,2.3645767444430903,1,0.7100652826097151
0.981115500525466,1.4595220735022614,1.4950883326605091,0.8268224669413311,0.12038434407445914,-0.8859604072643262,0.06637504490397579,0.32582963071899657,0.1412655117105187,-0.9064888261551654,-0.6917972976697908,0.3559113592326049,0.4088333523695747,1.275442159730707,1.5415172582501677,0.7933624798199047,1.39193298687635,1.1532562380187001,0.1577722417014946,0.9713187164390945,0,0.004896873402472623
0.9644495647176732,0.2574158959855673,0.8549762058668536,1.2838070064914662,0.8379239928532733,0.7060740498638384,0.1754228896678195,-0.10354039548865687,0.33774357998826454,0.43425806654694094,0.19253231779562133,0.510678243877506,0.3117657667672418,-0.4195363358665508,0.23130269927422203,-0.274380127329481,-0.3150161243074913,0.20521074193934197,0.5711722097649876,1.1858863903137673,0,0.29387291886016487
1.3024212757017848,2.2009916966482934,1.5242368402355297,0.5576714770644957,-0.3855285108729527,-0.6459066333816524,-0.1488695913917368,-0.46188926994851487,-0.340984009480899,-0.37637050441561853,-0.6159385298863953,0.7073747945964795,-1.0028376235147083,-0.36368736853442424,-1.2095461556369016,-0.8748885263898462,-0.30959764369535925,0.1910021695152363,-1.0603304480467706,-1.2570028568120695,0,0.8611220035025327
-0.5313622874119558,-1.3658135397096067,-0.8985019993553108,-0.4128825375161086,-0.13502927400908316,-0.4365333412448699,0.3327655270018607,-0.02826038313378358,-0.24835377734879432,-1.067231283588995,-0.7178428285643511,-0.11854927386033595,1.6890173893785916,1.416745377871306,1.6623661073880642,0.9946600191400424,0.3486657160530118,0.05310226368863818,-0.977305392880571,-0.3603827857689451,0,0.1354500564448827
0.31184268754694733,-0.1351318554807141,-0.1591496903301469,-0.5582425409504441,-0.3066138887442423,0.4429282629926802,-0.25960608396263873,0.23175515130067958,0.8867787078154967,1.0746116013420413,0.25628420363535,-0.8282762075537318,-1.1113206316351645,-1.3044492785496427,-2.1669137001449545,-1.4940523185603,-0.9536897028401033,-0.7703436289990782,-1.0744879776009153,-1.3244003984560846,1,0.9959152964695642
3.134765479601021,3.4712967968740207,2.3713777800105915,1.9816180434189068,0.786833808160659,0.755459349604149,1.1590932240545164,1.2408575641349755,0.47095831852261366,0.5263231956300954,1.6133194889603746,1.1332788471105883,1.1727431697935102,0.9622216500926953,0.6165409730615576,0.37809268962822534,0.39440210662155156,-0.07533566571827062,1.2030157060641125,1.604865893095461,0,0.0006084846783324605
0.01293045142653516,-0.09317871585803557,-1.5712821435012547,-0.690710769101987,-0.5891125873839468,-0.22121058909309638,-0.17859479193057942,1.354356940304606,0.8533584538035048,0.5397641473285747,0.6774709754273459,0.7899396636041907,1.0714814436447933,0.08092011311442728,-0.4119020006596726,-0.7374070182081641,-1.2240621357051031,-0.9321084834977499,-0.6926943608441714,-0.49370221563951805,1,0.5871231585828628
0.18460941371345516,0.5368254679551022,1.3192279044612794,1.399043321096386,2.5104628335115295,1.8233731275795684,0.8772350794311344,0.3514481085579692,0.15127186039955923,-0.1707886011553653,0.8703578783132483,0.2837536058443668,0.35429698597445614,0.9705346876679795,0.6935122603636398,0.7339381529651261,0.8496861420423688,0.35905208867211136,1.0390529832930366,1.7607763845919624,0,0.1152862432233347
0.5717401760409142,1.198710859236844,0.3999556282589718,1.1053538478880873,0.2802802876797503,0.4809120395649278,0.09953006595607707,0.051416726070398634,-0.022379908842041822,0.6460968080901973,1.0214479400295409,0.8490540644148044,0.6061570088127525,0.25568671134324783,-0.01755761129663391,-0.7822940589757306,-0.20364085232468843,0.5574312025436913,0.8544776419381174,0.9583937544086101,0,0.05965235474378891
0.20722969451827947,0.0260385622919505,-0.23437716571297867,-0.5066207221359558,-0.4028300696182768,0.3742444009914041,-0.16791843634720727,-1.5723978309209983,-0.9840492112547534,-1.0000604128796864,-0.313778090156941,0.5418589416274339,0.13094619810227584,0.7056197550495477,1.0200094367181425,1.1599379618499037,1.4165432849791844,0.6457983951418269,0.7378652065834175,0.7209148124046293,0,0.025996493626696145
0.06918546578073044,0.7397562086059579,0.23864022111512245,-0.37622633505093095,0.2986302282487588,-0.7347584722542341,0.10840607948965988,0.2354171071466228,0.5392890574881664,1.0811089911268172,0.6151554200847985,0.27207246329911605,1.0173667325582108,-0.23223236657556598,0.05809005100053106,-0.033620037176398,0.3392306509680599,0.011644159714467318,-0.13961652706385477,0.9847171991439755,0,0.313686607063123
-0.5479482685648821,-0.7781108678214168,-1.4680087743630337,-1.0167669598506563,-0.6505447068669905,-0.458287976967175,-0.573378466434635,0.12482915649673999,-0.5708298886617849,-0.6023981802794404,-0.6792138971527123,-1.417733191966457,-1.7098062380010202,-1.145368679461775,-1.6493099668770257,-1.7942825076316735,-0.9142406865737958,-0.9637904225554177,-1.136984565399415,-0.7852410211220606,1,0.989633422146516
0.12728872603661012,0.09327602184089619,0.8329279403299471,0.9928244860954468,0.015959017411100677,0.4676291018399816,-0.05991853945665973,0.39137984057766595,-0.4347309010355608,-0.19728518778249976,-0.29581076933364975,-1.2328994752546627,-1.7277647732560346,-1.2897899966429855,-1.1225214172973437,-0.7498366955103313,-0.3120138179099521,0.060380644818291855,-0.07611987732374424,-0.4696782305024503,1,0.9903387456825644
-0.6113546828814305,-1.0567219400100025,-2.1720175420573584,-1.6621865005790057,-2.052950556369101,-1.6130817678314586,-0.8694082532994489,-0.3918175515528337,0.6009519930726478,0.5105355880287087,0.39154792009265366,0.7751532457325627,1.0457992561887026,0.2116137901969046,-1.2958598342251373,-1.4274725206043508,-0.6430165105194531,-0.8422027425404172,0.18865273578090783,0.22758376005467898,1,0.9973916036925822
0.4780839566026926,0.2857117040748197,-0.6009573235813304,-0.4389139208323846,-0.09225113811253428,-0.06557094120593243,-0.2502470380940516,-0.15601127258483422,-0.03633102821684532,0.43009209127375664,1.5535895785618197,2.7045636653888425,2.0250443706304937,1.9680041933019154,1.3567828410510079,1.3734968033852966,0.9482022109888986,0.75199067343693,-0.10143479297534407,1.0073038872840692,0,0.0057997894478272975
0.027421472090295915,-0.3275092058479659,0.0769693932968106,1.0837495825054229,1.508874798471533,1.9435131341623795,2.3642519093902634,1.208311317394876,-0.102246950394732,-0.7288450601442313,-1.4888816222058543,-0.7605960787529633,-1.6821262491564497,-1.5350133027792665,-0.02889681726323847,0.83452298516452,1.4798464286412782,1.494924861808505,1.3510188099129246,1.905724852431451,1,0.9999927869552099
0.7764151757523402,1.423644267168602,0.7328803048794468,-0.04421219394634621,0.3893679106823693,0.9375608367064654,0.5579382250786444,-0.4193505712111743,-1.2188880345825361,-1.4821354049101916,-1.2529382297489065,-1.2781488834512285,-0.1926563251571741,-0.02497405746020408,0.7602344232101889,0.09443073087918015,-0.4391292703680453,0.7433101736088098,0.4854635020846425,1.6161648139241198,0,0.887280596966428
-0.03570389465593631,0.7754700985993764,1.1359584067397335,0.5029481438560884,1.0657252475787122,0.24427289858864565,0.852068884739842,1.037953586976339,0.466134945201533,1.417194980768855,0.8648066419430379,1.502895429517088,1.1794269329466385,0.5417933605587718,0.8446165205734102,1.0125457448488262,-0.179014503786437,0.7859593439427507,1.055539918943693,0.39844783880227114,0,0.010051492191669599
-1.435951866692474,-1.1562760622847224,-1.4522986305790444,-0.7517928722771656,-0.047849573948441894,0.38351261857542684,-1.1087757855662772,-0.5523680235718319,-1.04465846663903,-1.5142905855615003,-2.467110024449936,-1.6818939088090108,-0.42048184110525233,1.0661758480380144,-0.5392581372129468,0.009735038621037695,0.40779262745912376,0.7598786135318946,-0.11580854598384441,0.15409898030646815,0,0.07239684618982235
0.5959043735023627,1.0800745431378742,1.0185679551837967,2.358282155096944,2.668465728550763,1.8708017000981867,1.8402634822801252,2.129224048326838,0.45141794215383324,0.7614540589884181,-0.2515887209490886,-0.1388627026194526,-0.6159101691857212,1.5070220214400276,0.46304899064471,0.23306779892351004,1.3414144677372535,1.0955118538214041,-0.23369694152373177,1.0985695385138448,1,0.7519439667153461
1.0922888699708724,1.3647603263638743,0.1584191779728007,1.0699427426344195,1.2112997212131607,1.410828532306102,0.8156243811146497,0.967888273718206,0.9086129895944538,0.5062001796546853,1.3109570027675606,0.8556900201085255,1.4259674846187056,0.7789177478666902,0.19033489889800928,-0.18214991022260377,-0.4967393057305625,0.22274755468533933,0.19548673632140284,-0.5461430476121355,0,0.04052161399645692
-0.7557761311125973,-0.8150756263567126,0.1897379534131255,0.9844017509912815,0.3938459762389097,0.34241372749903,0.6158068569661972,1.003282309001303,1.1031188523158697,1.5074261036811747,0.5599214603900701,0.05605996965989346,-0.011844755547317584,-0.7201772062992046,-1.2624607063991788,-0.7162268697490929,0.1733731976224773,0.07942649849929778,0.10466238312389045,-0.30631929612837383,0,0.37420484994987585
0.3362005269389147,0.5554069215565742,0.9867789419028805,1.2643980002051016,0.2095024692475056,-0.6027450931529834,-0.5549668517241275,-0.8164233821171684,-1.2296435580136844,-1.2030929762693865,-1.1510425948027772,-1.6114281124833876,-0.34797065358390394,0.7317450527364311,-0.4644597580705368,-0.15477127755548734,0.5525593313057972,1.178194990615761,0.9640972771888646,0.5398833003795462,0,0.0188961664107094
2.512524687478707,1.6883695142565167,3.2491758134197575,3.6499745734836413,2.489980263429814,3.1046782869326006,1.4646771004774306,0.05622896285891983,-0.3900545394696048,-0.08805791884066863,0.33919616783288703,0.1051850687627329,-0.4384621527782012,0.9779034785445643,0.6986546567343563,1.5687085353867758,1.2633573857126956,1.251309186310887,0.5821223757641277,0.02872344418180412,0,0.15217298086123765
-0.42494956222492675,-0.5510521032140575,-0.8705842710331003,-0.5721295324636742,-0.027957567675703548,-1.0973799198994199,-0.7880973167324141,-0.21521305062941065,-0.40427554252207387,0.1828327032806496,1.3518545358081715,1.2830617760027268,1.4610569032172032,0.8036984496480787,-0.17340407464555976,0.41385897850477393,-0.9751521613927635,-1.268861958973189,-0.9416804040387406,-0.511776455136565,1,0.9278197604465195
0.8503018148392858,-0.24470628978006448,0.3196321730202434,0.8987845776911105,0.7697693848301863,0.7722713255155547,1.5301658708644021,0.8782876365217577,1.251583462667022,0.4896616658487239,1.1437101080018506,1.9702875497403747,1.0918260786268672,0.7835553110341372,1.2563531123325886,1.7005211673654743,1.3288824285805776,1.5321177072067382,2.0017339303875685,2.262195684565082,0,0.0050724964401465825
1.3757559078032058,1.0363012566991237,1.5705508254753429,0.5565817897278814,0.6563535486397988,0.33601046376518545,1.3437446951668806,0.7159343166325082,0.4873925257915826,1.345076851352656,0.36460877727824237,-0.4125792403862639,0.5332244211645385,-0.003801866326004849,0.20530647722004552,0.03251222216670446,0.35061930529751145,-0.23915862797419918,-0.866608451000928,-1.0159252277143846,1,0.6191120788174007
-1.5130650762627755,-1.8538443040114925,-2.83040566562858,-2.009432612060964,-1.2688739774800006,-1.16762314951462,-0.9673706820351373,-0.31296035385695287,-0.5253005405430654,-1.3074508371328897,-0.290137353331121,0.3719123009411441,-0.4844901214496337,-0.5987766961739187,-0.6400418534366449,-0.3696153305301323,-1.3840880501620658,-0.5548187965309838,-0.39884758688454447,1.218633485171973,1,0.9990551687398945
0.5392226136094602,-0.09618303508676278,-0.5003590799853648,0.306191975473919,-0.6672564952887946,0.45045049676150134,0.6537358582095834,-0.3665969207002163,-0.5707475797435418,-1.0473253981102155,0.12200921542011071,1.4489557514820017,1.2350513379384276,0.40738304509155027,0.9210955937040282,0.8333625532918043,0.03417761724443332,-0.615266400563517,-1.0292150842891066,-1.9584606544640255,0,0.48972616219113685
1.1454730851874475,0.34349187392751385,0.4837054283584876,1.4122943714194045,1.4467466489044292,0.5461208554041089,-0.10350174481744782,-0.3669760762664123,-0.2899522628440704,0.19585188747803342,0.3545145440351215,-1.1632582376808278,-0.32859369330866184,-0.2322927182288307,0.39181301549316755,0.09616210061311488,-0.17660070429186908,-0.03872082380747632,-0.24200075158880685,0.2148831246885987,0,0.9074186492821185
1.260466060045047,0.5419038313240454,0.6195566224068831,1.1020073147915954,0.07598076290103624,0.3350804373652764,-0.20772011653485833,-0.14210932093245093,0.032871688945633484,1.0344986892163102,0.5251099510356425,0.49032047364362413,-0.684290302250376,-1.926346152953125,-1.8239722267293075,-1.3402894608455562,-0.8164938360087012,-0.5219394562555135,-0.751369651075371,-1.3541459782319547,1,0.9932701908270606
-0.7460868318556331,-0.02247012906939663,-0.7393832516813008,-0.02296648971777132,-0.5730912894760306,-0.2885537388162908,-0.711114821181592,-1.5483566125536774,-0.11627376994881636,0.38117613633817377,-0.15601837659546786,-0.10704686998646744,-0.5351077751740332,-0.7269552186068055,-0.9464257624940602,-0.38180044714996525,-0.09157686980179414,0.16468823491352433,-0.19249684160756927,-0.6035267116297949,0,0.7921630941692095
0.23824497131553954,0.7352625256432955,0.5048068054021566,0.6027733043802527,1.3081877870878307,0.5548686265249775,0.6291545060397069,-0.1525266646800611,-0.002784678846975003,-0.8589655976332233,-1.7103832788231903,-2.6285835835104585,-2.7868226086291834,-1.9843923261886027,-1.481675550822297,-1.2623784874169846,-0.31698596620245045,-0.5299813403917774,0.13232326859244803,0.24545578322359257,1,0.9997998092412578
-0.02808865001565836,0.5610675563944695,0.16694915123801402,-0.30525447473067097,-1.0622594704762938,-0.575791278388312,-0.6119031345795772,-0.9380890163942052,-1.5828972107185675,-2.4783027562702893,-1.9015623874190077,-1.2159964250296245,-0.014808682234496339,0.84403901967071,1.0344636676279984,0.5714740192231581,0.8608827322359486,-0.03489145705426213,0.19116984713600363,-0.2307584154739846,0,0.01443394212198502
-0.014562660049368936,-0.35167849158630926,-0.6364867502957392,-0.6928137767865222,-1.101682219286275,-1.683349762484492,-0.737116449620764,-1.2161620524618602,-0.22847604803805083,0.8227468030399925,0.7913175171052172,-0.9384342477081472,-1.2022301659651415,-0.10433646866786629,0.24564931998571266,0.05079279135448728,0.23561729247537255,-0.1193910546988512,0.13678864030687501,0.656525940479962,0,0.013664354360739428
0.9432072285111378,0.997597975519834,1.6155463477801517,0.7906994184689998,0.4154184268863513,0.9311070637889086,1.4071818264638838,0.7731776090589187,1.1241243605845432,-0.04264238596598149,0.6592953983437968,0.9320006762357609,1.3879433834114097,1.0680365302391637,0.9987720951432723,0.2516970932969327,0.7287973467619413,-0.6866023456276353,-0.011057475599311108,0.14368676147513995,0,0.00613299851463002
-0.9311406214480741,-0.5558106915596484,-0.1614921521842012,-0.0965124197288896,0.12071684712868312,-0.8747428160370355,-0.10109031179199886,0.05939820346548929,-0.3278584056646156,0.4157967455585464,0.3290810757252303,-0.7277722858484609,0.050026253403169935,0.9256115807464906,1.0915246911475722,1.9360156849544057,0.8250091790121424,-0.39346113482491296,-1.185240041487914,-1.8092140021781882,0,0.05314616574511276
1.0567741501626953,-0.41915540632932646,-0.16919686992842972,-1.841933477989011,-1.7596938645619835,-1.9470919790874492,-1.0678919945489758,-0.9602528169055917,-0.41476484201979813,-0.32227385988998686,-1.6139419173129617,-1.2121492108734566,-0.3175234950913505,0.31856914768185357,0.7689264666344457,1.1728997929372689,-0.04903148264391964,-0.908565652704886,-1.7431965933960956,-6.253576204621824e-05,0,0.0016384888782103634
-0.3527874492953297,-0.08070743367693192,0.4490824628529042,0.5042433484327337,0.19239601356237576,-0.5211415975384119,-0.9898358792037064,-0.7916040971382419,-1.592768556129753,-1.148293377837351,-0.7221209696592564,-0.45616935095271893,-0.5173098846446186,-0.7135135889792863,-1.0361819231146963,-1.3141778396790538,-1.148951316336706,-0.7356983936796072,0.167368800822582,0.49664654001883995,1,0.9161933260694891
-0.28506558699845824,-1.2462831842589774,-0.8028880545780475,-0.5673986638465429,-0.14656752234059703,-0.6451260147465397,-0.6473984489577551,-0.5396046796277817,-0.886263756685617,-1.4575996000101332,-0.6526341537757571,-0.7788051558048582,-1.6097136983327849,-1.883976504882162,-1.855433035785237,-1.809650427778152,-1.388125478995627,-1.3862770550145311,-2.4669137934770418,-1.5538169269457,1,0.9995553025111822
-2.320023846079121,-2.240704430590652,-1.9128864651289703,-2.3369672945721347,-2.272178526394052,-1.8312536045826393,-1.8271277002875035,-1.2001689307157866,-1.0485479702221991,-0.1512637217441486,0.9598926586913861,-0.3711704831454714,-0.7840294696064256,-1.4676721927389753,-2.141194125293053,-1.465288975820564,-0.9398035881078416,-1.441331856826994,-2.069224559035244,-1.5185007074022554,1,0.9940534231154102
-0.2494153107234538,0.7574905123895619,1.03235313273599,0.8471015417170294,0.8847785334762284,0.278033518973162,0.8999649323012565,1.028178248244289,2.091342768992297,0.9939049824253906,0.4683502791166733,-0.6385141664717564,-1.1862513602408054,-1.4633280362231367,-1.1730549026420527,-1.4662059553908775,-1.3601155857627423,-1.613893771205347,-0.7540090488653847,-1.4802284942040576,1,0.7751928219535326
0.5233040812397315,-0.465836754401291,-1.4398818010957004,-1.4792196908467155,-1.4045772007907826,-0.0784786333890397,-0.025522432382783608,-1.3342291111422608,-1.3824505971442356,-1.258348416414127,-1.1251968201020122,-1.5742189655957404,-1.5311795958573768,-1.0363021443415064,-0.4559817689945842,-0.5543167942223867,-0.3347828905456889,-0.011143924557434421,-0.37236742746927076,-0.18287598965296026,1,0.9852063687161973
-0.31213619811407867,-0.2597581167774607,1.0003537635088178,0.5960115520545808,-0.2627176646905758,-0.05388357089398195,-0.21487973575947017,0.29310316562990996,0.4033675914562019,0.3342317339872686,-0.5599779862761528,-0.8886042127988203,-1.1638233182981164,-0.784085490261951,-0.3901748299669733,-0.7236754833753413,-0.9063586551343177,-1.2603716918465415,-1.4222090266178782,-1.5315050021761298,1,0.6232170898346604
-0.0574694708465163,0.6433401420982058,0.8006283754150383,0.0959212816128628,0.22429282682391052,1.2396282090367055,1.3526180158740635,1.0603443012261402,0.022602981469616725,-0.2800195246102182,0.04904530109478443,0.7697761406895438,0.22690845265763862,0.6394557889654522,-1.1406523491866258,-0.8942271898262181,-0.536994785797503,-1.3133939334868754,-1.1898449405606748,-2.203099190315734,0,0.04385318371921054
0.6030616177512207,0.5226728294112757,0.2796142388283125,-0.3223686279615475,-0.33276921905166335,-0.037270246569998784,-0.5744847542598289,0.6123374246341304,0.735939527530315,2.179964147255098,1.6393209723060918,1.0372934034419774,-0.44161825233667373,-0.359106958177658,1.31286177040924,0.486261505086522,0.4836923774958987,-0.12957964660865337,0.08972144832339181,-0.7068218021483377,0,0.040675980126332896
-1.4217650258990404,-0.8184326023494376,-1.4790377166961453,-1.1914293141175545,-1.9835160295062202,-2.2012530920256363,-1.8367050862849987,-1.8961796118369258,-0.4639344378104031,-0.27234581423814835,-1.147549645098031,-1.2221518429244642,-0.7971092115878742,-0.1277527831120695,-0.5964935238763478,-1.634634183366303,-1.3576868689507873,-1.2035624951627277,-1.296933312918032,-0.6208454124574923,0,0.11945958958994753
0.17847551997707434,-0.15157879144735614,0.21511600319713842,1.0028007537330037,1.1995407702106786,1.1419025838778407,0.7849516846706645,0.5737104529698056,-0.035042190511519834,-0.6629837494742644,-0.938312831203645,0.0602561697125783,-0.2005707450360588,-0.672885639186464,-0.9301319430731725,-1.3105355632691067,0.7925815730973026,0.6916006482045732,-1.1500718901522156,-1.2221590786184413,1,0.726459787109427
-0.16756825313644594,0.36047685479625946,0.3398718653524408,-0.2169674784390255,-0.4029123425254613,-0.6577986855612674,-0.9150262601989333,-0.45493212651508397,-0.43357519819861673,-0.42191211962289354,0.8766029640242032,0.9912252920190701,1.1268620968143719,0.9666078269374405,0.911647064757149,1.9254281671358895,1.4616914025349916,0.38585037431013675,-0.019342063082006672,-0.8677203323731661,0,0.093192949370909
-0.5159187396595318,-0.24428692751554926,-1.4754777918411108,-1.2591246908728468,-0.5981871000889177,-0.4993109610019922,-1.0026380000658761,-1.3372422638538912,0.6003103859270486,0.40760895449179835,1.730694339341475,1.5371306324172211,0.5945938187138587,0.6442464405573464,1.0874944886789464,1.3252157830639146,1.1563978439729505,1.3751846000516705,1.7215653303973113,1.1135807569670075,0,0.5412732806910544
-1.8190192882199718,-1.3278715866369535,-1.2113526005031956,-1.4657441753017684,-0.8117317784541973,0.23600176937232287,0.4513576803473684,0.6422273419131618,-0.24601135545286257,-1.1061377520803777,-0.15458495476818554,-0.4480400021977928,-0.1942575259335274,0.17842932043901213,0.20570115014043205,0.4864147246927221,-0.5704800422584924,-1.5996751754434373,-2.1075109310058497,-1.7169731830562,1,0.9771809011479566
0.08672900964346736,-0.02241607120154525,-1.2000442196941103,-0.7168329006307278,-1.6720327202491718,-0.9932472394197072,-0.28500300040439724,-0.03160850304862419,0.06804574250483367,-0.47686557686288233,0.27503999128932294,0.4939980990747448,0.44231792505778716,1.2004359027040945,1.2119683526765623,0.49952844346851977,-0.7417201501342968,-0.0128722773442231,-0.7888095733765759,-0.9505051293988013,0,0.29051283807873546
1.1266492853976746,0.5541376147707925,0.8417963776628735,0.35585921302039303,1.0857917576158622,1.3559622207336028,1.2574106894882273,1.2913579818629812,1.657261984035488,1.5052070915927482,1.2651716820140317,1.3976902095763626,1.481777925368676,0.25388655649685143,0.7357735792749717,0.7535665362012254,0.49477951362332495,-0.08561299445436081,-0.620132643597879,-0.9577041707378385,0,0.007984249699924808
-1.493394511829134,-1.3033910971522122,-2.0568912868993734,-0.9461747201976561,-1.357977218238131,-1.4837497175511785,-0.28247996245666124,-0.23592268197991095,0.16237595840010297,-0.7184360481078083,-0.697072295357418,-0.4347154667113451,-0.10035022695338482,-0.07752683905627884,0.3140120309952588,-0.25078770935624967,0.5801025094334137,0.5760864892744048,0.7553357204562453,1.0016491055118575,1,0.4945793891488169
-0.7083201855106362,-0.8550895886028784,-0.4334427485686974,-0.7672151062107283,-1.5008083812799444,-0.7616915207903416,-1.3260169699524038,-1.0566715695596642,-1.4189837848910671,-1.1479119292542834,-1.3929807799864957,-1.129238834049231,-0.7646261495796038,0.12026581780382146,-0.6590447193868972,-0.23310302890984808,-0.5353529394078772,-0.5760514689743055,-1.3818813788202857,-0.7917712884201707,1,0.13761617033921375
-0.0015267795297268971,-0.120144171746477,-0.07073548958867948,0.29650915798971983,1.127609223309722,1.6531205771812987,1.266892288139423,0.6333590024437615,-0.31956461455612384,0.1895819388415492,-0.31210637132552743,0.1064639692537057,0.3968527191290771,1.0273796896531056,0.910893359889724,1.25155443482012,-0.13588670471030226,-0.5867971507671499,-0.5922411606921063,-0.7454726709893224,1,0.9041538642168141
-0.32517321491262835,-0.3200697419646357,-0.26581715286204544,0.25974270036921526,-0.17983764845989095,0.12933104647321422,0.28283657073555885,-0.3749683503530867,0.0013390600305654813,0.307917823744935,0.4357899612268649,-0.3447611863257105,0.6524585721019994,1.3936001901335915,1.8539800341985486,2.3670297089598504,2.2836165649590776,1.3722773170414646,2.3087079186731194,1.884521942554618,0,0.007032290614432621
-0.5210747926395457,-1.527047584550932,-0.6683148893737255,-0.7785752383970062,-0.12341702177177696,-0.32741083740431337,-0.24770786156085556,0.6665006969609684,1.2176197456861473,1.9235641276897,1.7744104306033484,1.5070325410944834,0.9746353922713762,-0.024540291461079746,-1.053292143185408,-1.3751707255536112,-1.3605193144499887,-0.7299568671605906,-1.094863047087843,-0.2660400930227929,0,0.0767872674049925
-0.7283690981979349,-0.8000380766696437,-0.9040751026672851,-0.4281848759104659,-0.052787128183551135,-0.6457513720577375,0.448068063594728,0.045864388732259016,0.6770914944625688,0.4345261385368874,0.01163947155819039,-0.273748358005638,-1.184418939523881,-0.49468364798185893,-0.9726229983671257,-1.2586317171560653,-0.5664290656723838,-1.3497430086791387,-0.6089175329668575,-0.9233746715949168,1,0.8468765430790384
1.0954384888929878,1.3296967036758736,1.7905342943602722,2.087221103791765,3.4373029801867645,2.4321015066442744,2.081518775408847,2.5701296018388646,2.115861251029579,2.429797916592505,2.2023585290061183,1.9274227336366274,1.8446386720380543,1.4438900859034054,0.9711857011792348,1.183138777871433,1.2246228971667403,1.0506980159943016,0.377366581983873,0.49050095521624065,0,9.744583983630883e-06
1.88451200967923,1.9577400619836594,0.7916614572714077,1.1355390678981123,-0.18844860703239796,0.25220063198037496,-0.16786294600258003,-0.8957667525289814,-0.2386343560500073,-0.13086925272485084,-0.19781270695701578,0.7723902273941261,-0.25985986681666307,0.11190314092792097,0.2715145351269001,0.5093066108014224,0.5903300258915645,1.1459897248386683,1.8460675277490317,0.09051818165810616,0,0.07124936056751575
-1.8045135032604156,-0.9548025450142692,-1.7197828059684352,-2.1669660374459494,-0.06684279715654147,-0.898765040107983,-0.4302586543286664,-0.13852687281450962,-0.10295202424490475,-0.43522448313955586,0.5328498285695477,-0.7849279191203172,-0.1004214444317751,0.3679512717879272,0.16750757435470598,-1.017500227952967,-1.7789290252008136,-1.4852689395350605,-0.6701471454338785,0.07333867885964655,0,0.09951477363673261
1.0870736064003044,0.22327989289817282,0.02362184437083323,-0.16397206468469402,-0.18266265225218373,0.43851153566606366,0.19834834579387647,-0.33528385039591435,-0.27028517394688945,-0.21126353489332697,-1.273121563861555,-0.05186683790082854,-0.40875581002529116,0.2220086779093211,0.8447846890171261,1.802675887187884,0.6783658693827519,0.4985782992173932,0.5460588805449981,0.37321811472329264,1,0.3467981197624285
0.4685616470235955,-0.41931200959877085,0.08497963589133799,-0.9966183872634239,-1.9627483675320372,-2.2201530263177993,-2.4814851483151097,-2.872892600481253,-1.9524465419199897,-1.5080483693863351,-1.2844486840715306,-0.8245909403684925,-0.480258954046849,-0.005034327683491809,0.48701349832342217,1.6245589621387122,1.288413779865561,0.9656982014162567,0.38451934074075167,0.7489374829884594,0,3.805428950178644e-07
0.14009376970644632,0.054596381724102215,0.20726142955451832,0.12053739060135571,-1.1286391462302314,-0.8978486313733434,-0.48708430010544723,-0.5228827815856194,-0.6603187060821352,0.5086417960440935,0.18984733957333857,0.09085030249495206,0.4289745604937139,-0.13707157129290026,-0.6255928375098805,-1.541576601132387,-1.844848362542725,-1.848709537981717,-1.5846179591542082,-1.12803514431152,1,0.8925227438835929
0.12230374157202853,0.4525888930187496,0.24302568967489765,-0.7877064593375327,-0.262912486679923,-0.2582580215200875,-0.4964979064799276,0.4011445969928401,-0.23141491778529194,-0.5105567273685109,-0.5427564831898435,-0.2194075666208405,-0.37203644573814965,0.1680972751166432,-0.10455763880928762,-0.2736070126250216,-0.17425170203341359,-0.011615026801546637,-0.13170077596374485,-0.15344144506798893,1,0.6281123744192898
-0.694877098148846,0.33160194951338356,0.7676741801696091,0.31011078110328233,0.37925286029749466,-0.7933833729845156,-0.6316412883185828,-0.59617089795655,-0.9218576579035757,-0.6791070288041919,-0.05814958597631932,0.29831401307743827,0.4073006752597316,0.03864114560517232,0.06697039057013422,-1.008018395822471,0.03125713493095112,0.25401745424347605,0.2570661912266628,1.0520012724949388,0,0.24263597854327884
0.034759137421929334,0.09907548281055016,-1.0961577211006546,-0.4449888385159334,0.20646128072017939,-0.11682242283414566,-0.6187557255081635,-0.17064896048284953,-0.10278511576819273,0.36575392754893876,-0.21803571405328054,0.6875522606078966,0.9625472631481192,1.202626646177643,0.755066191143003,1.118034020785242,1.510353367468702,1.1732624979963726,1.987298045176162,1.8316085908902204,0,0.1494913449572053
-0.9549248651169316,-1.3774259088215866,-0.7074715386066666,-0.48973198219865066,0.7036587365198367,0.6464052684784697,0.60289097921784,-0.09669150755600017,0.052788591334277234,-0.05018349807526854,0.19893470107309452,0.3331122485211909,0.2437623802251615,-0.8185174283801009,-0.8664585369123071,-0.430887413203263,0.3189086978967343,0.31306434733987476,0.5392797195783827,0.08883354301206592,1,0.8864787651028764
-1.7031001421974497,-1.836075007554256,-0.4695169616796772,0.2569555923016474,0.9034573689618576,1.5822175892519856,1.6057180126668145,0.5435664039984187,0.11884558494012498,-0.7197592933807107,0.11651319234716705,1.0212364278142536,1.0653810665353418,-0.07978135766722536,1.1686106833970096,1.1083523937537474,0.49299067464863927,-0.1252141239662969,-0.48007888678265376,0.3148594665340817,0,0.9191884837900058
0.3504280605555704,1.2186093488966272,0.9250207963882064,0.40249557401252467,0.7020355615630319,-0.26711500648573866,0.5802409377422897,0.30610809842680153,-0.5645791577413061,-0.6809238514045743,-0.44168375389027675,0.5599380821909641,0.4880873613624106,-0.672951900839887,0.051283631121067014,-0.036885226745085355,0.891828365976803,0.2165998768272389,1.1874257824148329,-0.027983714386687637,1,0.641245150234138
0.6125066422742158,0.4554961208470184,0.04370382909612324,0.13140491730253331,0.9921868468522828,0.8243964487600596,0.1989788315412758,0.33202749280511373,-0.1485137546297182,0.15801243744734794,-0.1346079244518511,0.2679475046369508,0.6626970183382827,0.43964624856621165,0.8917459756823691,-0.6116994399547372,-0.30817899761433354,-0.8875927353218975,-0.18565191703827238,0.13910352965753187,0,0.22435576737081722
-0.47289272356503476,0.46091751911855966,1.1156528267674757,0.20636273477853273,0.13201510141023734,-0.4433268801611357,0.09898189808441124,-0.4638798763567009,-0.6697587744688196,-0.16459521173527902,-0.5932833435053347,-1.0502038182308528,0.48901380406482686,-0.1630414844280467,0.8682843223741532,0.9777550360916024,1.0510175281843765,1.3053757996217263,0.10228701762805811,-0.26693136522800964,0,0.005117405203319483
0.6090367506584632,0.3702324865852627,-0.4522068067891786,0.648022754002451,0.1846067405281088,0.10549544044425453,-0.37291780534079244,-1.1005189218483,-0.32992414565557854,-1.4900983699299448,-0.6347486682576515,-0.5410093881549458,0.03551275718238827,1.2932525619725455,1.6069658642819098,1.3888511931293264,1.409824454344977,1.1070291411956272,0.8089571760761541,2.3371499712828756,0,0.0052092926928876526
-0.844910057244792,-1.3586392732588555,-1.3139392269405352,-1.2606202242719375,-1.6003666048187475,-0.521950655681978,-0.48919736221560867,-0.29407907842845316,-0.04982499564311649,0.20153205312660766,-0.004509545903255596,-0.02598716108579212,0.8179301182139243,0.6115661016086922,0.4191785438437028,-0.5496882070113276,0.022605743074448938,0.11316612850171932,-0.39646051478055394,0.622561764904657,0,0.22271711656604118
2.531827804523552,0.7714774647795763,-0.4311579114654273,-0.3631334537890704,0.6668146095400942,0.8770991040961257,0.5507628047016738,-0.01473714634759846,1.2980377780533974,1.516706960454871,0.2324997695475983,-0.5780479664997084,-0.3548724226410294,-1.0770778833341865,-1.351108914771423,-0.5324769490918982,-1.0936915556909248,-0.8243012121509177,0.3998970943558566,0.7631348708005257,1,0.9999389426870748
-0.5057494693585627,0.727171859996738,0.16906929281073196,0.8245204875640574,0.6011957502956925,0.30683105894963236,-0.3134077812346804,0.015847886669439926,-0.2502765825195541,0.5497176430488875,1.0191716441328371,0.41447181584916176,0.7190843045227421,-0.13402821295769166,-0.5649541844207532,-1.107134549985288,-0.4082474511661336,-0.6027855388849505,0.21363464928700543,-0.9404874273987887,1,0.23892616683387627
-0.4185644589685395,-0.4948961726828155,-0.16405478493603592,0.5272916296045248,-0.04081593283344392,-0.3837219323710805,-0.420492656052749,-1.2057879571796728,-2.199492436069656,-2.2075874768468147,-0.5778381528348672,-1.2437853318372172,-0.7474008455780011,0.7063194805983606,-0.3374811026435891,-0.08444163814825463,0.9220065864729705,1.7906975241429084,1.5848390713246323,1.3721778726589413,0,0.020676116848342332
0.4479021056284708,-0.7770621532036168,-0.4309483872001535,-0.494512227276889,-0.31155676892044004,-0.26799920798783966,-0.3084066168562164,-0.2658186600696571,-0.5440775710441712,-0.6960778589082222,-0.3102184090819141,0.7556722316537693,1.0981239324883632,-0.19174039083023112,-1.093069051593215,-1.646353062717831,-1.171161874662693,0.048141291892858665,-0.5558986527136685,0.15042623070256142,1,0.9642354000028449
0.3421438163942756,-0.5003485653531163,-0.12646523096848908,0.8422847073860732,0.7919925291311828,-0.06673959588894875,-0.5104637651266334,-0.03878472545284777,-0.09478825920133213,-1.0923198078704326,-1.740049372046145,-1.4589389975233384,-1.721263238003481,-0.3731130120272488,-0.32488879330624765,0.3290257813262016,-0.3558333257891909,0.08919451546158066,0.2936280300681844,0.7287667671381202,1,0.9768127114218259
-0.840648738164685,-0.519284634819565,-0.8162719409468455,-1.1997810431286677,-0.012350025509232757,0.31153074053686486,0.08533601754020816,-1.0795832285383595,-1.3900756567092716,-0.34342735711906663,-0.27697199878549333,-0.2583973310483104,-0.2553467948179674,0.74616069667583,1.3760584543936734,2.060817769023909,1.0926930628429623,1.2551581214591585,1.9613662671833518,1.6915312207839652,0,0.008242253943912153
-1.0028295989023572,-1.0713115962419966,-0.4390869982525342,0.9642703540278879,0.6964746968085235,0.9917716734717259,0.46984712759747643,0.6204300461969892,0.964108730752255,1.3101857177631384,0.6830133517217328,-0.2650184232127271,0.27123868425593883,-0.18957733203452357,-0.9135578988730055,-1.0901768166574652,-0.3338861536982983,0.9396767335265269,0.3978310677507479,0.4084615894283721,0,0.08992447862702924
0.6770655180815777,0.38256469355918843,0.6771083759196552,0.6292475064451983,1.0385512466613898,0.4958844225133037,0.9832789417990485,0.6822675684294272,1.7155288389870806,1.3382792793618294,0.8053404519706515,0.4201901986254081,-0.05722158492389812,-0.6812070463425193,0.059678583368205404,1.1220187313537127,0.12209153571689642,-1.0089305363864234,-1.660816302501747,-0.6850979244692004,1,0.9129812237201442
1.2844373781978042,0.8284272083704762,0.919414952083213,1.006961238609763,1.6463066061267873,1.8315229230911363,2.0687734747203623,1.8981048374897793,2.2348942287610316,-0.3395898360659181,-1.303309313161984,-0.37256556792456413,-0.15419272076251261,0.7584433338160776,0.2763859480459563,0.6710191458460565,0.6893455478155605,0.5268318053965229,0.7413464960095624,0.2170989223175311,1,0.999629822260455
-0.1564080376671898,-0.06955969696080047,-0.6310082468950531,-0.4968549366730148,-0.7143138095449221,-0.533347296519047,-0.026053411359390488,-0.550307792480778,-0.3379251295553587,-0.19291043590868098,0.08733707942035533,0.46773539959758353,-0.2927515488847135,-0.819379960107138,-1.643315309978473,-2.0097373104299265,-1.0154218961568788,-0.266897857269069,-0.28667873695348645,-0.16545357688978238,1,0.9948237568389552
-1.8734665456405235,-1.2654723397660033,-0.7363326130602421,-1.1152266416521979,-0.9948193623782086,-1.4030933423443006,-1.0132398680399366,-0.8967707637834123,-1.2997461082728339,-0.3966334637387359,-0.2982779564555088,0.6129360073733822,1.0827753990124576,0.5923001798658438,0.4983681984507755,-0.3179740996138955,-0.4456753044714808,-0.9571856954313381,-0.3971455765252538,-1.2269926778292166,1,0.7667512155284798
-0.9607829081092722,-1.546105169460371,-0.8954175044267219,-0.03186225570645192,-0.1316306535941148,0.47150226786496297,0.39826734789221285,0.5603781881275873,0.1702218008137551,0.6937711198808346,1.0176132394671926,1.5328289131855533,0.2632699373235569,0.20291730061867452,0.2406139627308386,0.6655481379843566,-0.19529339854686742,0.5690218972736826,0.47836131664327425,0.48212275437633495,1,0.5949568193291973
0.6118003020795412,0.7593856462636883,0.7206044265315771,0.7303165246528673,0.21512409783840009,0.3423051972490732,0.4334610323470119,0.9705999339614492,1.21646115816946,2.14875965038376,2.3495259135441717,2.0606317680910116,1.818980972895585,0.6091137668515068,0.19719575641343842,0.08634350625784754,0.27780979431936065,-0.3324603899000969,-0.005961498527452412,-0.5041061825522083,0,0.00040613346559589814
-0.38683701465566167,-0.7484814950286877,-0.06684388008218074,-1.0808497138602542,-1.2376003528420083,-1.4110514135222134,-0.9120314550273163,-0.6172050514730134,-0.8257487804543283,-1.2058752440950944,-0.8789009465172318,-0.933041520198965,0.06350418815925371,-0.6338584144708649,-0.07316960132245427,0.3243825076084284,-0.4782583964460816,-0.2545399587622032,0.6976796828676473,0.2860994692725889,0,0.2667587499505374
2.144086108247995,2.0901442873420977,2.706172243839093,2.523852665994001,1.663059608358002,0.7128138779237385,-0.03791500101434024,0.7410086810978306,0.5554460813099507,0.8707914804400084,1.0008657747977323,1.0445681738210137,1.1660681276813776,-0.39512411720502033,-0.23043055179548758,-0.40482105127471785,-0.5008876795914879,-0.6587790230760086,0.3592061018709762,1.1406240483006902,0,0.01050581834431654
-1.4575253997213624,-0.7539677919967913,-1.237439965630461,-0.5945692123243737,-0.9794867908000409,-0.8098846634686989,-1.1636075658863165,-0.8801157129159669,-0.4962975315160183,0.6876908960327346,1.3107436141792597,1.9030710577654095,0.9672670079416786,0.8262941571641025,1.5913114244390583,1.2252315766929804,0.6707678785029936,0.19458411645946627,0.22878639403535816,0.005437410418484609,1,0.944014983787086
-1.1942794037653939,-1.2975216822074356,-1.007959120352117,-1.9275239561520519,-1.306738637240789,-0.41714171844966125,0.8803892940520289,0.18578397908645217,0.8045451467044237,1.6821490607908582,1.2138974339450659,0.7298899541726938,0.23612343251491094,0.7480553866584203,0.5752541664592821,1.022404484696868,1.1455056567861868,1.3102693062916853,1.122714414933174,1.5216830676221915,0,0.2441115475752325
-0.9137452144180365,0.45635199383117925,0.610132689379915,0.6609960190649828,-0.5116897772287151,0.007141879491983252,-0.9814869644669606,0.1979930969657941,0.9329789384856291,1.0704398104850996,0.6435879121692809,0.4580182019622881,1.3903274716231135,0.8335114683835929,0.5384322372157432,-0.3071808815292195,-0.4626429163235537,0.082293540707646,-0.587773310056585,-1.086881051744468,0,0.006961092089081354
-2.050257555328214,-1.3004424664743663,-0.4651737098598977,-0.10105171552773007,-0.46490625172488886,-0.848759183219078,-0.6816146825750999,0.9420367624194915,1.7896225158476746,0.6933577774695907,1.04016101861182,0.4934171491373804,0.9921526807056761,0.23253378532874183,0.5813326395013123,1.3914643875275143,0.8227678426729642,1.3395048890199626,0.9709782581768586,0.4147660375683248,1,0.9008447349654002
0.30197546340649173,-0.3666085329296762,0.3452071805481148,-0.12256369225477189,-0.2277988758347741,0.7925446012935472,0.6016365912139697,0.289085211966553,0.06568062024421474,-0.5697546768172802,-0.40347336497873826,-0.7953437073573029,-0.41355631459932307,-0.030735126193204104,-0.41749572394121953,0.12336788500756349,-0.2632570111142573,-0.2327497862297119,0.7983839630241837,1.2224921929399988,1,0.9802122125441282
1.4159958862172017,1.475830780375783,1.8008509744987955,0.7480075788459924,1.079182750698696,0.8316833253552743,1.3273674143116843,0.9122108399033622,1.0634020746477977,1.6697755819391333,1.0964308497746,0.7105570648679875,0.14339026470426866,0.5122580967114085,1.9430959116830167,0.9588943824280582,0.5364569380627169,0.6439743969060646,1.062716832193924,1.0124262787103824,0,0.002988624088299588
-0.047348946063456854,-1.1925668890990482,-0.7318690235354701,-1.3874024179308506,-0.6692796414125659,-0.5265325536533845,-0.03163232992488968,-0.20732944129779898,0.19320619513258333,-0.5615283374256759,0.4701857007953122,0.10332511690031894,1.0399455082333056,0.6796530759628402,0.27698142048832247,0.3228999559275192,0.6416438165359869,0.8299271121251681,-0.17628633639474428,0.22299410383447713,0,0.40310997077037486
1.5172151500559614,1.9982909686920232,2.1946710378182384,1.1139970806230086,1.2048754468096428,0.17740492498987045,-0.9405600295041189,-1.2052432729312328,-1.3834160500979011,-0.8233135167250349,-0.7295831324280234,-0.25137472277992745,-1.8610605163006462,-1.7382231287323797,0.23616606990717479,0.33498246442045654,0.4014841995904793,0.9454722796475982,0.3553056312932208,0.5327163434383463,0,0.45279441453701835
-0.24642570789973414,-0.4749365515592131,-0.19425408936436495,0.43149338132916576,-0.9566344667955303,-0.9326459836385972,0.2179651477759087,0.6370037307396738,1.218477507995182,0.5014935935422036,1.3517811506647783,0.8974998685392443,0.11789639895331475,0.7555991126400003,0.715541213738897,0.4208216045952899,-0.6423114386262865,0.4148524363982528,0.15240576327275093,0.1683696925656154,0,0.1422959929831097
-0.4117038433867948,0.14530314245864612,0.2556688589141932,0.8084762412327833,1.3553453330704224,1.0592639465398328,-0.04747156738418774,-0.511478668820849,0.8403987781255604,0.7090578369352785,1.3945781993711448,0.6854103402660269,0.47503352981968755,0.8508646650495684,0.8532902908148688,-0.1797977119110743,-0.46517903112576614,0.280943593312077,-0.41314861734367786,-1.9164211123368509,0,0.009624891033845178
1.3263918651780002,1.5920829932805884,1.3038074385293874,0.9291259054419987,1.0215549440842278,-0.18614222920591944,0.7131081644383663,-0.06588910473602708,0.03594757455759041,-0.28081324808539954,0.06393654881858384,0.17268813777711547,-0.03558988256361357,0.920382446239038,0.5489498274713794,0.7715695633070667,-0.41064519347110146,-0.2918352841780533,-0.2367924161448514,-0.06532722371238857,0,0.06230638807701502
1.485905386074521,0.9315186109879664,0.8381895383196829,1.642279993206231,0.6223803403679671,0.6118060729807242,0.8016149467080654,0.3942899249184739,-0.7599360871757536,-1.4354229606848483,-1.8475047125964026,-1.6459562146928228,-1.354525874775071,-1.483800500971028,-1.0312806982111973,-1.4537500826569656,-0.5314155631078534,-0.9526126527716846,-0.5745672858254456,0.8129930798660847,1,0.9999939340451033
0.6210784457577818,1.1249430515917518,0.409513992306797,-0.3212494235493973,-0.7539155369245959,-0.6765222240004584,-1.065755801655927,-0.19135827922666357,0.03765935487415762,-0.37224822443068156,0.4906977309479989,-0.04917384212837409,0.47013809727657097,-0.14233684798531168,-0.20844229296301406,0.32679175449373415,0.12605438716279113,0.4135473124439193,-0.1070237213750002,-0.7895229327716122,0,0.5940655355384292
-0.916456399377841,-0.4286054509064593,-0.7012962785027756,-0.21814760496253005,-0.21650853366516995,-1.5113735142302183,-1.3423713016917844,-1.39335562351377,-0.9222502192016969,-1.1070253276353335,0.3950397910894669,0.48342182299004116,0.16400470423300095,-0.40528759077006804,0.07825986077080903,-0.3123344442823831,-0.17412850355653708,0.23855779934850013,0.45303462379091947,0.5430397542321538,1,0.9737584914436591
0.7317959781365305,0.6795682908338659,1.082744543897919,0.361582658197474,0.4065944762774244,-0.8449842277018454,-0.6030451140106862,-1.3296268837250997,-1.0969141257438346,-1.1847789891574154,-1.3658497443857394,-1.5348284914016224,-1.0917072968719996,-1.4155952900156854,-1.0999837637171421,-0.8962305638768172,-0.5321719507801786,-0.3619409199605077,-0.1069311872958506,-0.5316162474101449,1,0.9141381396386193
-0.602190404387155,-0.09093015603228088,-0.5884335275067618,-0.7811508319034833,-1.3035897393225548,0.17408745632969275,-0.9894997399156804,-1.5874396482993167,-1.5754090491914012,-1.1644732312323696,-0.612345026796106,-0.6103512039641575,-1.5507857097924196,-1.17108631878318,-0.6323977480701095,-0.70340431791961,-0.9827521290900019,0.3062442561215652,-0.17326371414810887,-0.6206685202147951,1,0.8816351533501946
0.2742822549863028,0.1253270201640832,0.0016608194264481383,-0.3225906340661558,-0.10024686448639258,-0.18068083103160235,0.3388259408890182,0.18898974284108933,-0.048118183415903924,-0.5187220737964383,0.3765383978281468,0.6432984865135637,0.6379678495440299,0.6156411447467395,0.4105396422919716,0.12967357635216098,0.30423063433021563,0.15793615694726873,-0.7375516629652639,-0.5865857938639405,1,0.30286819628454026
-0.6837737856718206,-0.4616897482980008,-0.02544513607969367,-0.07715430530596053,-0.021005369903816695,-0.8924668372816789,0.051496644859891576,-0.23499083784818875,0.3109857406745779,2.3815567102505906,2.1812479268795824,1.575301908343552,1.2518417716267645,1.5521821404792229,1.0730277294039838,0.35661496560131806,0.37790300505444446,-0.44579475820159437,-0.6107669380214908,-0.5057559891322948,0,0.024411678404405633
0.8702632451856696,0.7380584413056174,0.7951600557900412,1.632748113342146,0.7232468883941787,0.43512156451520284,1.2633696642849497,0.9889810819728545,1.4277562215564,0.34003186310226785,0.7650483306205079,0.9333167368885351,0.23957349119176166,-0.2934629828053957,-0.6136539639719284,0.4741844805576666,-0.42724788499658295,-0.5334845675760281,-0.729800282883759,-1.1525764945338197,0,0.6514587229766614
0.8453576768906409,0.3349262048505554,0.4270382380512925,-1.3725514844153948,-1.3182233910174839,-1.169786926754986,-0.35253439233703887,-0.27250609764595657,0.28277273768166605,-0.718100849880489,-0.40609424016367646,-1.2481152616751108,-1.4784201487974817,-2.2094612253297483,-1.7896529374289325,-1.450116886599087,-2.029520563647075,-1.6081828476442233,-1.6872552647528003,-0.9210659474321894,1,0.9997331004228455
-0.2898993257268392,-1.0347106543043065,-0.9585483353598435,-0.9023666085863967,-0.5835629994334617,-0.04384371599730515,0.019983964035609137,0.5959398303265866,1.4801352399536343,2.3982336874342445,1.5269119177804864,1.1391058781047034,1.5737564828303432,1.5347021574515691,2.2610318962739555,1.1974476057632673,0.8427158595276196,0.7206969279713092,0.27940928416932376,1.1061848378780363,0,0.007670081586160301
-0.18779336619436204,-0.14963477496331304,1.0276321633059073,0.25311972328842564,1.053457875533601,1.4153790509136643,0.2386058979386092,-0.5217247503907667,0.8390554320520531,-0.5842444308449672,0.16043371589967073,-0.48041764405839366,-0.17263830014338005,0.1997820194450407,-0.4239464756650548,-0.28180724290836373,-1.9451233532865793,-1.1819768745509682,-0.6120276985481954,-1.1209554786391465,0,0.5253478725730654
0.34839489705745624,0.21250173599217972,0.1492705173636681,0.1221670455509115,-0.6833577878743794,-0.5752083612169379,-0.2365357349302269,-1.8841286023010755,-1.0717985412250741,0.3024831718429913,-0.08398943051743629,-0.4080673085101565,-0.6089656522118849,0.06388505874309477,-0.16447620243471392,0.32985717065621506,0.5655614527329985,1.956430000996635,1.3790972905932266,1.4364469616588345,0,0.00766094917112132
0.1258098701705717,-0.1673642407624407,-0.4807634684471014,-1.4802078056687726,-1.9121921610426194,-1.0791678265992934,-0.9332238482194796,0.1235299492275804,-0.7265099061344779,-0.8586663801268248,-0.956686974736871,-0.7114825737594838,-0.45653208553878594,-0.5006523450980205,0.5051903528058583,1.7185169549227983,1.733145569264372,1.4569357141686299,0.2866214065118448,0.034538538925140534,1,0.7249529331248982
1.6356104104004128,0.6471638180720037,0.4472737035186758,-0.16927873456323228,-0.9947831522148732,-0.8443880364968145,-0.7365243569471368,-1.0684946063900196,-0.775470302578305,-1.2299076476123751,-0.19706383627985594,-0.9135601070296456,-1.3981692598114066,-0.4106220148467279,-0.4427681768003139,0.04794208891086588,-0.02294147365946742,0.4462004062279396,0.6320934816096548,0.0608381430938344,1,0.8072748641630962
-0.5758210193422598,-0.03180115888930613,-0.18978272138657515,-1.138766883370909,-2.2334232454473395,-1.738890450430812,-1.3278929939409825,-1.8046833473911084,-1.5184994929819233,-0.2877661348550916,-1.5492460940044075,-0.8908670793652567,-0.6201051981053959,-0.7706949532227689,0.4109169646410408,0.0583699461807749,-0.41983111299752507,0.3054083499881296,-0.2532549225747608,0.3615963691441458,0,0.005961879146800449
0.8350544112839412,1.352916143051307,1.6959714569404958,2.776607112185811,1.7635697562236008,1.2259824899163145,0.077598028108719,-0.30271051737122245,-0.5793204999970644,-0.7039927460720562,0.43171957554521734,-0.3695658560935031,-0.17548335887262517,0.12381111195143284,-0.04117022572859893,-0.24252023369025458,-0.34021634835501025,-0.5678212435148368,-0.9094145962460468,-1.2612047371567348,1,0.6360881768421688
-0.05868763562129539,0.6448794072884757,-0.030077464401520308,-0.5856668611473165,-0.7494024464710676,0.22027540383203265,1.3260668783021954,1.6672001067799014,1.7834232178265612,1.3598046490613076,2.091408218875029,1.79785547557615,1.6389485563067172,1.6065268971920506,0.835331459799587,0.2676871637623548,0.891343415415006,0.36108523897567024,0.74004395250728,-0.4119674438784286,0,0.00035974287132697344
0.5443911353820102,-0.11147047526692634,-1.2409394465584078,-0.8291281083892733,-0.9957354987720276,-1.3357675061459804,-1.0574668389912096,-1.0662625688254332,-0.647066459713171,-1.0244662011928343,-1.4344891105169442,-0.940496518775219,-0.01974644592449867,0.3482526699536182,-0.6092760942424192,-1.3900644316499478,-1.9941508781179607,-1.0811067367977152,-0.39584244442908395,-0.26205073311799254,1,0.9794954743813833
-0.9475368109831152,-0.06796714728448949,-0.17333698059727867,-1.3367695312820755,-0.31542448470494644,0.5239941013445626,0.004867003414437123,-0.05162964121881038,0.5466976631708592,0.18936849393528205,0.559019365374884,-0.10155028982389769,0.3844897863317059,0.2049875959961831,-0.02604177676383861,-0.5595615363319016,-0.09331656077798402,0.42964617055487014,-0.58093400531384,-2.482256168146562,1,0.11052287774076594
0.186329288766031,0.0130215654984801,-0.739145480180375,-0.4426426226219088,-0.5819308452244107,-0.2713730931174843,-0.2640980958508238,0.08769846872804385,0.4194998382755594,0.4930150608137603,0.226386237032532,-0.3211668948944327,-0.22261288417246677,-0.9538550018875492,-0.5521203483440668,-0.5251064154121083,-0.4714661980786691,0.17154743436616127,0.2947337465183875,0.5808747861064837,1,0.958076095326778
-0.6388016368387315,-0.14304838771671433,-1.100230801337487,-0.1219000612633627,-0.8862609780305711,-1.5881467588848555,-2.0168971456726816,-1.504123472665944,-0.44130493608160065,-0.876379740351449,-1.1742533925358352,-0.16033236142551108,-0.6408945878666947,0.7331391105611846,0.0774755646897662,-0.28811767652957815,-0.569570837402792,-1.0991095915869946,-0.4021828125457537,-0.9239605614998133,1,0.531203929364709
-0.33002089634535475,0.381732858561773,1.1264192330250697,0.5417794733619036,0.9214002904041237,0.40784573362992677,0.06620997517146034,-0.8654374193320377,-0.662171366165924,-0.8962186031783685,-0.6386963772996339,-0.721415836767308,-0.9835365837116808,-0.8149679858827957,-0.22713264015516882,-0.13802505156331485,-0.2055010148382743,-0.6578537135000337,0.11788238390634354,-0.26750272001744535,0,0.4600325328310775
0.01288237708317293,-0.2498441493372876,-0.07390878709725852,0.30461444969291845,1.232583321086512,0.5593204924695196,0.5808407874426483,0.031488955030846755,0.43259438810567347,0.24054085263838518,0.07640563294185618,0.5174729901257891,1.7509746608866747,1.451230791913132,1.6031816617503694,1.760347871331715,2.067449128805085,1.5332336096890191,0.27907617746105906,0.418401588802402,0,0.029566813996114123
-1.4768477546161285,-0.33247153068838464,-0.3884882745805924,-0.5895194540969021,-0.6777332143761358,0.4547135248244532,0.5668417162245403,0.04649429710620411,-0.21544386726811143,-0.35532920068199997,-0.4108216866800996,0.6298427168440704,0.5506661766652065,0.721531294500337,0.555297755183992,-0.01718031063259903,-0.10534637985337293,0.5317720779666743,0.23568994244689564,1.4153250366657426,0,0.1033235156816443
-0.2713413564924332,0.16457829990953435,-0.20707857963486834,0.18937094606189853,0.14354272139093166,1.137207735141059,0.9644617279585957,1.7838399323747707,-0.07221888888629655,-0.21010028276444503,0.33441910301728,0.11017899505591273,0.24047422037248878,-0.09816855074029922,0.07771166726017051,0.27113961464542036,0.9545828998826258,0.9554355882450214,0.33470307631046536,0.5740900665220483,1,0.9704209521371736
1.6935053502089246,1.8537039362622854,1.3208199548106956,0.7781059037219404,0.5311830077160824,1.2885678999292767,-0.1059061726884643,-0.5186341476761575,0.30511108161844985,0.14729884026854342,-0.3321512409538297,-0.9874712554959227,-1.9148480501073144,-2.7062154014486848,-1.5280876182295398,-0.7550038102000086,-0.20648901370511938,-1.0844889347082898,-0.3032330338487575,-0.3037560776007558,1,0.999980545384201
-2.179970597560403,-1.614798314998967,-0.8115022330882297,-0.6780617443289145,-0.40139134514079405,-0.2996494701983843,-0.5452513037520458,-0.9828555939825533,-0.861163066655936,-1.4009701722404917,-1.292554016739771,-0.5395048860124688,-0.9026225639627016,0.6675291084229126,0.36251139813747885,0.666547869817671,-0.10830738484083872,-0.3932833582706431,0.7731310492712281,0.3575403476630394,0,0.034084522065981976
0.6128089552200502,1.175952629417187,1.1111921286941353,1.3845394960099393,1.0783237782041604,2.068700198115813,1.850934040871932,2.433253919697172,2.713011080052614,2.95229028700754,1.954498500544878,0.919846429625714,0.7542012569276406,1.2299832914797622,1.7685071818311247,0.9467816294644841,1.295500412758472,0.9251017115690591,0.055605387414092794,-1.4530301474382414,0,0.0065849486155105915
0.22479900943923728,0.04325125696146689,-1.4975915900016326,-0.633337519471807,-0.34459126286259906,-0.6921911108587778,-0.3927045744068831,-0.0326152386091093,0.9610856103934736,1.091960982382485,1.5380594662392835,0.9942744048255495,-0.6366382157942737,-0.4188428394193602,-1.2941551052207658,-0.9848738075079293,-1.4077016766281245,-1.8128650373561086,-1.3303241681787086,-1.3940831237541165,1,0.9922614185091636
0.9128382768746858,0.8723343577154661,-0.18026830417716658,1.0031059449397168,1.0499599903067667,0.9314096018583601,1.2653364358413295,0.265020551692542,0.16966548294048145,0.25471559657733706,0.6897941617067995,-0.11343627496708587,-0.23068235994116554,-1.7883086600004103,-1.2379212527485464,-0.933792225670541,-0.2206839523082558,-0.1575009838619378,0.8573967065956272,0.05662146518877759,1,0.9981876370901449
1.4976470453755426,1.1972214438656454,1.4922210988447084,0.9658130742499126,0.5592064073945582,-0.7144155119126294,-0.995397044594628,-0.7845194800214484,-0.58179194066795,-1.0966231154345623,-0.7139736744995591,-0.3579736255313903,-0.5927643000418386,-1.1474669492347611,-1.4833439389751468,-2.8108604587760913,-2.8957294027215252,-3.0632395477746295,-2.3690869045668763,-1.5836367831471587,1,0.9999758208045286
-1.5655466797969133,-1.5541646739622077,-0.8942018821491532,-0.8260939511873153,-0.7495392521534098,-1.4068609582531175,-1.7180096937120317,-1.3173654200756606,-0.8700947288693454,-0.815927557759475,-0.33860065790912924,-0.10959367797066223,-0.16295024842924538,-0.5081460854797686,-0.15837537744073624,0.09391298067550675,-0.24840687300142464,0.0023491568967818326,0.8736923046033807,-0.09344770179690148,1,0.6131587479188514
-1.4804714641752241,-1.733498837753487,-1.1919338388508585,-0.5675365745538811,0.3867474238877397,-0.057088736702767734,-1.468011164950202,-1.5697132428446885,-0.3459604953809983,0.16061204906109336,0.4405388857316194,0.5733926480683735,-0.14617129331640838,0.3190195934424268,-0.24228630697102424,-0.12077529502168761,0.44419793094686566,0.7237334345201911,0.7080884902820487,-0.0052858724023563735,1,0.6095162472856414
0.6342913684162979,-0.051876634703821756,-0.7824824473171105,-1.3839560237395003,-1.0618210186504125,-0.09208821283911439,-0.08973802507850051,0.6984241436123938,0.8103973606040904,0.9874472732913654,0.49925005900636976,0.0542601960168028,0.48567093300861486,-0.06246190056651061,-1.3933033306640372,-1.2846957398770427,-1.9101057761505236,-0.3433235417489507,-0.5074327828891384,-0.7005618008136286,1,0.8781663493236983
-1.7058686096675315,-1.1194858812534711,-1.7395938448751596,-1.5318399235611793,-1.1826637988325919,-1.110506630729791,-1.9879664449637706,-2.1872501917700418,-2.031325089002919,-1.8238716843091551,-1.8197033643496754,-1.3599997284066414,-0.818504050648729,-0.08999437629719062,0.6482461882731582,0.7955489200281791,-0.1303017504020311,-0.11635892910802234,-0.541360011887163,-1.6924992633531226,0,8.678891780104348e-05
-0.49145058368520145,-0.38364842665973053,-1.0898557621129594,-1.8607113071888826,-1.1735680300380993,-1.4651617324175568,0.14556629218158432,0.9272472149449378,1.1072407038776677,1.0616138471341154,0.7049700087054742,0.923764428799758,1.2622855235408756,0.799360448566651,1.7528092459975504,2.027372602020098,0.5634788243583947,0.7452327755975172,1.0735013681819103,0.7574448149831278,1,0.6863789709729538
1.139103677325658,1.0798934598738408,1.215475408667733,0.5240245900690903,-0.6139956020285252,-0.06613251450653179,-0.2113034159020556,-0.23091351779047134,-0.9154284308371142,-0.5507074333767317,-1.1225068250142076,-0.47687014088444496,-0.3835624037974714,-0.9643252526209,0.35955639935765843,0.3001709527347869,-0.1807110846463265,0.3139915880310527,-0.4391704803468888,-0.08669761559750738,1,0.8019261445073975
0.11644013563993273,-0.7257403861673253,-1.129541141674413,-1.4804745178304992,-0.7322178495754454,-0.40772155414224126,-0.8117831816231758,-1.963894664164051,-2.130163333747671,-2.047972168346034,-1.234314062712955,-0.7172879153793383,-1.1766047827533608,-1.2670767515430743,-0.32618018310679625,-0.10874700364556546,-0.12193559989674103,0.008808362006988257,-0.12272734125366569,-0.11064789054188105,1,0.945920745479179
0.46252026717920747,0.558737192148724,0.19055257952982807,-1.4952121947248083,-0.7990810503290612,-0.3462477824936855,0.2280086116427809,0.038456440931303015,-0.28238169940091457,0.3716088676090129,-0.03310878135781911,-1.2565960584968279,-1.1643672997160424,-1.2483398715067182,-1.033579814357829,-1.1331570662247543,-0.4917642895477272,-0.5135858235656755,0.033361639767872556,1.2033668090350809,1,0.9851115792078317
-0.09207387537129656,0.6157519247841373,-0.5780571470257728,-0.6377732785791459,-0.19310589922205681,-1.058314247906243,-0.4265230720365655,-1.154165058485099,-1.1578455477274234,-0.3311811254671197,-0.8858583867434431,-0.993733492908088,-1.052827970947869,-0.6530117467073672,-1.1984328553770813,-1.9004923911007994,-2.037790324932782,-1.3632696575309957,-0.8387064426604419,-0.8194215528531206,1,0.9815092300433328
-0.23219141721943612,-0.4628252666819637,-1.1496421445685807,-0.9034742226607545,-1.1967703967885637,0.033702469045547336,-0.5524534223516204,0.6875622734573821,1.513550027721995,1.473506089707749,1.3812103316919662,1.4109537562841616,1.2709797866151151,0.7154550163993604,-0.06032216569466542,0.6233566066961849,0.09854083668337386,-0.4242237505222529,-0.127387792844473,0.11267052960247068,0,0.4635621204709634
-0.7889966693759733,-1.0370139122806268,-0.24834252114170308,-0.30877294070402694,-0.699926445840179,-1.1726057700672632,-0.8240237467824406,0.25945663017466636,0.8713606874430627,0.3204147362492096,0.39346200892844635,0.566943702924719,0.3154796206878443,-0.08550919336587613,-1.05609542099494,-1.018401749996037,-0.20530247204875382,-0.6803013797160223,-0.04433059264539625,0.46629427552328506,1,0.7204375558382137
-0.02156817456121382,0.5736174834712003,1.2468980225893354,0.38030835842355715,0.7124855531646442,-0.7105599305824634,-1.2200854228032352,-0.8763391198017116,-0.27346328870406067,-0.1511684972663809,0.6009893671404766,0.95420431441086,0.5678007250454563,0.826820805117463,0.3604041203073991,0.7865551340339839,0.6042181630181304,0.2073282088832111,-0.20643677993399917,-0.8112982349268346,0,0.041326188101071554
0.22104643343046773,-0.3553887178226009,0.5940730713870036,0.3809673022147338,-0.5206015384129122,0.06338342674007726,0.615643019918671,1.7140755885530237,1.701362194072556,-0.42970575454836113,-0.13333045446459255,0.18395720196139398,-0.5089197046675782,0.029123212657464564,-0.39790911697531156,-0.4020696455700985,-0.6836729150844735,-0.605928174975756,-0.41452021715422016,0.38541599653804953,1,0.6661981267319591
0.7208695575973996,1.7808915762558344,1.039154513884771,-0.24225130863494168,0.9107051914978775,1.0028934858346832,1.326326300361281,1.4979424078384154,0.5100723588005649,0.20642280826511078,-0.6246043675687759,-0.5153332781250884,-0.4515646993627314,0.5393177311895102,0.7024082277633851,0.5756539597055634,0.575148880813151,0.24333692860281533,0.27950319657486933,0.21853176596353022,1,0.9826418413172453
0.651685575166823,0.18544474149810722,0.19063477708294757,0.305348443849196,0.8740031625106165,0.8430861132379964,0.4889646105281619,0.18669493546713203,0.5832482404132275,-0.760951396746547,-0.7952346320234271,-0.7366320367008785,-0.7607405286998487,-1.3314997667192061,-1.4559437442645373,-1.846313484000769,-1.4888824797960367,0.165493138066951,0.5399902700622213,0.444317966107657,1,0.9976610339019234
-0.6671184139984396,-0.19367160739553455,-0.7740675501561848,-0.9319106012074898,-0.5119841416632295,0.3306566439081201,0.3156216639726149,-0.30433125493907426,-0.972163824128551,0.588381544844088,0.399140142235389,-0.8025674944175024,-0.9886030487056299,-0.5521411497834406,0.28172254395166796,0.5216162629956969,1.0522513229497519,0.6853842580332078,0.30277290621939956,0.7787674709913709,1,0.5501744288471119
0.9651389667012017,0.895855527979587,0.8031029628371915,-0.11132775626178687,0.36257414345373296,-0.0034180426078503335,-0.544990345688015,-0.30457536528749657,-0.8871253085351448,-0.8966287537357044,-0.45412474522326407,0.5527263111321912,1.1972903004306097,-0.4929021714458529,-0.6929390629129594,-0.3130060054511485,-0.3781646410681155,0.08018296555250683,0.058899379196264395,-0.018578906514169886,1,0.8806883653599379
-1.1831879947052388,-1.4727125693210044,-1.0971421303248372,-0.14418332722591515,0.08805846335276964,0.6846031736658662,0.50496088170022,-0.03244212965453789,0.20212075389589887,0.4706532635484202,0.7357183380516767,1.0387719738194174,0.3626721651664616,-0.0030143598841019478,-0.0891848416148849,-0.40569361076552735,-0.2841852862020288,0.30046697244281495,0.09796734537683562,0.37997809387466586,1,0.4001453294621159
0.15815438893572864,0.5266151065583561,-0.050186943698603215,-1.1252907654538993,-0.5261342077098194,-0.12112065932111157,-1.0328177304612167,-1.0493885767464852,-0.6640753976970212,-1.267287366169831,-1.8279461904465972,-2.155885444598166,-0.7895609963957649,-0.7499840909960643,-0.8554905120876541,-0.573110259449778,-0.8689865484163262,-0.13008036606231702,0.17265745016538422,0.5700495672647066,1,0.7476808430352662
0.4788315723878851,1.3110119412850199,1.0025335494728622,0.8161226383235963,0.9744773914650886,1.0935930383817698,0.4609157825876552,0.8581143630639289,2.2555526767414658,1.8703736482152578,1.3188165503635636,1.7711899838283365,1.3124370302877142,0.7240543716412289,0.1717770035295828,0.8549729840470314,-0.18689809978372912,0.03247957908338935,0.16627133169889663,0.2921263002456862,0,0.0020442862169090165
1.0568811872653963,0.7632285558545946,1.0135265226079029,1.8165742277151118,0.8704097730446444,0.874946900012787,-0.13159526387981507,0.2978897810497769,2.1265154491324654,1.322658305169885,0.7562781369878273,1.4425114655145233,1.517781191632389,1.5703796097666645,1.725922680176211,1.6956888181593663,1.1748345648743834,0.1200305723641745,-0.019094239882401883,0.23499067813377225,0,0.00046138819375250305
-0.3657936057718342,-0.20393575283196907,0.09306201301346577,0.8723528480505334,0.6339834798834669,0.2194424073207389,-0.016568314656701617,0.8692360988258895,0.01756802716026775,0.15240403950562362,0.12866198651216576,0.08176392467938766,0.1803723336852007,0.21919909701751197,0.4928113307573153,-0.45053976359213516,0.8169629130269536,0.32827861229243666,1.0303071281368628,1.0450652844344306,1,0.1344324484812143
1.6771564050783507,2.2453569538278475,1.8258992371805876,1.5780740401770819,1.3578055646909764,1.2050035283516005,0.9442294901098763,0.6381150932318737,1.1980528662202536,0.9211128197842189,0.9812594898882804,0.3278025073791061,-0.05217966054464333,-0.2885677110479795,0.6596285291713719,0.6436284750897531,0.8400625896795196,0.4143896234622484,0.21524740543480317,-0.22329282821920518,0,0.27733748149393284
-0.7124477725134255,-0.381084937218328,-0.6472400700878609,-1.1100282387166662,-1.433801746303097,-1.2690564395130541,-1.177359939576916,-1.200860758349982,-0.9781948764212215,-0.7733748307532817,-1.4436175506814022,-0.10382221389928203,-0.43586495614534587,-0.48164442024443704,0.3044389257063976,0.7939635291170553,0.44212887428339126,0.49185090029679535,1.1962271327927845,1.4256129261130819,0,0.277723616599469
0.5553667322104291,-0.09109693680235237,-0.8357858095671264,-1.1299482515355155,-2.3654055683090203,-1.8602232896588822,-2.189026156231947,-2.0478241825315298,-1.9349726469498536,-1.5388671810591084,-1.2622821403489284,-0.9292795760830745,-1.8017620310305782,-1.2916831446149728,-2.579033538067552,-1.8077850744447994,-1.955021347413905,-1.7958593524743498,-0.8591011122294321,0.5913590013226372,1,0.9999868041947724
1.7355173936752717,2.4923509273005946,2.159989816599304,1.8763850740434156,1.7822320380006584,1.216261624031529,0.53138751143537,0.3780915693331379,1.0364324849901874,0.9953505178986117,0.5364213992132821,-0.17805105732463541,-0.08490678247638486,0.8013636237902657,-0.36402280844485674,1.0525875739945267,2.3827126694234804,1.3912376948243608,1.2883737765458803,1.2062180069688497,0,0.3123479230857016
0.5500584901647039,0.6807833037969935,0.15024538890513095,-0.19343995662087365,-0.33846679062225826,-0.6877896774653831,-0.11699998361348912,-0.18396912633038498,0.10427532869672133,-0.3603744897370415,-0.4153826774672918,0.13791988161303412,-0.015565189838059233,-0.20322616404116162,-0.30406713035469246,0.7092736849058927,0.5137182181408292,0.7201641203244351,0.2858683332142393,-0.11811817642329532,1,0.6697838705185327
0.2567368204363893,0.4667499981327462,0.10366212549006683,-0.1602679372058827,0.7859727758083701,0.9065931206782772,0.28031168101793785,0.31379646550078194,0.41772916418071365,0.7431256224434148,1.892594819997143,1.8438059632978117,0.8474661686694707,0.7929582388184724,0.915075015906984,0.9691699719286406,1.0666802451411859,0.6617996644732795,-0.054950012343028536,0.8386119948425229,0,0.009497915033523223
-2.0501310555337215,-1.3558511704091323,-1.0082614745279173,-1.093035387985424,-1.4700531367808276,-2.3867407001588012,-2.5415445481032046,-1.5135273869537125,-2.6182529160860177,-0.75713266476,-0.2719775692083955,-1.1848707403903327,-0.6008825678174361,-0.8530906549599819,-1.4701261808475157,-1.2078413670881498,-1.4969895205069703,-0.20794717742550417,0.14358143375918958,-0.05520953396828903,0,0.05229215956036328
-0.15007502038180548,0.0666790825883881,0.251155809998604,-0.22172010194323746,-0.48048487496593006,-1.0002872469592268,-0.4141690472321445,-0.435057736970842,-0.8113845706926933,-0.44094144605539204,-0.6086267880678622,-0.7191932355390358,-1.1720795421994268,-0.7593289136444213,-0.04620501870413283,-0.2519850386001725,0.4133229438582743,0.2210297468064321,0.32550141791227855,0.2127216212010227,1,0.42070045073163514
-1.647217367202865,-2.962340494604589,-2.792993592654663,-2.681789745923158,-1.7068410329484272,-0.7304026540883373,-1.1665283343112915,-0.40804154364281864,0.009392157339176378,-0.489540542065925,0.07213596449194844,0.711295588536265,0.43571746320556887,-0.33032619864649143,-1.3536188156112892,-2.6920974486726608,-1.5748261180710026,-1.586360421726811,-1.037745374836468,-0.6135162683920925,1,0.9957201964620555
-0.7977044090572027,-0.7638118435268199,-1.1440745858587278,-1.1689166446828745,-0.46216126287871057,-0.06099334392006603,0.9226972658750818,1.0380983819516076,-0.02064832896089419,-0.5136898221326834,0.6413158079836243,0.35034404714107853,-0.39349227825996785,-0.4517189056291992,-1.0229219116549368,-0.9431945026453578,-0.6833733322672482,-0.49160210845020147,-0.856765940504716,0.20395421452699064,1,0.8618009754729765
0.19792422485154673,-0.027790824935841032,0.44906767041569845,1.0535119902112244,1.1084876229486427,1.1043305256260192,1.6913173789041864,1.8262600924958983,1.9998351636161504,1.2956943745864684,0.8616416815940151,-0.5196926977206008,-1.5189443918253596,-0.9891145772946656,-0.7996214539230738,-1.2502472157787863,-2.2648950914862804,-1.7746879405192748,-2.0139665803283275,-1.101534779570393,1,0.9435502220902997
-0.4825812425402514,-1.107022500167624,-0.5040616614787805,-0.13969197173727402,-0.16219979151923303,-0.14264872954001429,0.012046906806227118,-1.1439589184028776,-0.8919736661052935,-0.7438375300056528,0.15130139349149724,0.3282417106318113,0.5444552526903871,0.7322230835061698,1.2589882526335214,1.3376208738881632,1.1057331261858196,-0.04659520630678226,-0.6940559988770751,-1.7299251738392238,1,0.05383908469166772
1.0753753371334704,1.5504990656743565,0.5330367450871185,-0.7841560430461643,-0.4758562050125526,-0.6210457748447615,-0.638052473245056,-0.8466680581328276,-0.5805240125463339,-0.6935023922239812,-0.818482696982526,-0.5152865918062889,-0.20096069686852888,0.08557952493756954,1.97608824664101,3.4066801073676998,2.8470532351495814,2.329642870166475,1.67282135650006,-0.6252348175237297,0,5.6857089237512577e-05
0.05611176742217234,0.4069073086481694,0.2712746872829625,0.23694230742390907,-0.4887582032657293,0.5802696687952094,0.2249319213252403,0.3155309644797589,-0.28525165377092526,-0.2966301090345464,-0.10596762579405947,-0.39529387175959146,-0.06678287099012367,-0.25893176813760815,-0.5130798064800997,-0.459925790632447,0.6176775148812781,-0.07695124401422582,-0.44237016200627144,-0.5762759846828143,1,0.8740489805807393
-0.3444337426832037,-0.5616125960458854,-1.0260406057223646,-0.4921100400904478,-0.08074289912777162,0.16081988187563925,-0.5369131242437855,-0.254517141669082,-0.16599511169441658,-0.003851116536597612,-0.0855856333783271,0.12391550436804155,-0.3895277904995934,-0.2113460555303964,-0.2648474460176101,-0.9399944529788671,-0.6592287707493808,-0.2882223285267722,-0.21916570391449175,1.021004077782436,0,0.8148681862061086
0.5365712252629808,1.1868224952998505,0.24102714725963698,-0.6995896556033343,-0.3385674269142864,-0.9706702368346651,-0.6851312979561567,0.2937730646133459,-0.49308891516777253,-0.8517453959587931,-0.3625844423283048,-0.11376068061741174,0.24446630890196705,0.4138011392149196,1.1117833434173918,-0.18729123359723227,-0.33177723141535714,-0.25481223191456803,0.8953738691719021,-0.6469576880759516,0,0.275432775552082
-0.33000092848269075,-0.17158714910387782,0.6989444094615784,0.09604644902300198,-0.07553300875542564,-0.8312588040400287,-2.003082078849966,-1.4490946166535603,-1.3303701168402944,-1.0243847759425342,0.2474427872978277,0.1166388438359605,1.1367889107215146,0.9433552660836926,1.6501547646914436,1.4501693953928432,1.3067819586713985,1.6507086094967187,1.386082890330035,0.5835689836762498,0,0.0002871347623019571
-0.705230188085618,-1.7283152599640297,-1.045286020186115,-1.1418988829804435,-0.7805683626153704,-2.0126291034276242,-2.1566965235521147,-0.8990423696458938,-0.29869550848801973,0.35833307177921064,0.2175581569987515,-0.1359462382227424,-0.29851512799480384,-0.4248166213239258,-0.3232733733099751,-0.24655072016831867,-0.4098094948376887,-0.7555430267430552,-0.04958455991184436,-0.4372280316117576,1,0.7911409646085168
-0.537517570498622,-0.5851932513021042,-0.3276925720661771,-0.3981801562888836,-0.9312188546946083,-0.14279495607921375,-0.036095424394720216,-0.2086446601238746,-0.5699784202843107,-0.06799963703030747,0.5223384695893155,0.4598609231857485,0.40900007613194556,1.4820636194211176,2.1370961088592306,2.1143570204385234,1.0429418237601478,1.1922118937570265,0.18871795386869294,-0.26740825359434717,0,0.020807176129151617
-0.4749026750684545,0.2751496155360247,0.28263537873303074,-0.41530200414904567,-0.09263793398292623,0.30299591099615414,0.23132138435923427,0.6390280252770272,1.1248835251265998,1.1362233496411036,-0.16410132193115207,0.374900365904,0.5299915712374977,0.11812142804965249,-0.25301878932888183,-0.7619751504745431,-0.8146643100085624,-0.46606120082946245,-0.3687043198002514,-0.0437204273572521,0,0.061533238644802715
-0.7174919818591003,-0.6624700644816863,-0.3184190488005821,-0.17459704373313212,-0.324008611250394,-0.533296188479278,0.060662979762309194,-0.4582524505326849,0.9278983326460019,0.7939318871739479,1.6593122655093921,0.9362870363335175,0.9983291224553819,0.7006215926689819,0.5218887854541663,0.1640555306055695,-0.6444541943536204,-0.4340379157998369,-0.4816777387367878,-0.4342587120043133,0,0.255539631580063
-1.7298442137801113,-1.4502655062741512,-1.4922797190857413,0.1504936289839323,-0.16039805875900723,-0.0566501025463355,-0.9448580082518669,-0.39144534350267113,-1.080951292830762,-1.9646253456947846,-0.7550633691104404,-1.3414938327073256,-1.8104769813754629,-1.7134692930278916,-1.271104086067816,-0.7863501546519105,-0.6509719283591021,-0.5860397936828587,-1.5334089797800874,-1.34701307564722,1,0.9641738346653801
1.521985520226671,0.6451845421577729,0.18798937167017568,1.4373736437958924,1.5901783481384548,0.127627357011222,0.7841795236242388,1.0452124271502263,-0.5959096204759169,-0.6237299965902365,-0.9940024641062387,-1.169366532597443,-0.38697676802125747,0.18182273711220961,0.5836395871642445,-0.10904172018828617,0.5054567804522226,0.07295302134023078,0.4873673539600876,0.7190678276096644,1,0.9985634290015234
0.09273924163138873,0.3443105624620232,0.5655234538090617,-0.8506040749263887,0.6041954396360091,0.5867628744230786,0.8855649772544423,0.2053350200570912,-0.1993697584243707,-0.9348644888021945,-0.7714006542474473,-1.204686082675065,-1.2215331795618294,-0.015510867997429525,0.08666170554699894,-0.5665494193458217,0.3167874242974021,-1.1832139112475835,-0.7438778566501288,-1.520855106029055,1,0.9346303409346036
0.5940505252125088,1.4853766513673852,0.5281826322699664,1.098102614581482,0.13037576396041983,-0.3649556372933361,-1.4874244037984405,-0.7410404057596353,-0.659800794357529,0.19583533248435112,-0.2290171382480292,0.1970871902550398,0.6656604713164257,0.1427622589771421,0.4812479416820705,-0.27368635508898603,-0.020740356860462727,0.3547551486480331,0.91936387369778,-0.0858566631221623,0,0.17333960205680354
-0.3551197983865523,0.9824818521951119,0.3172510427209055,0.7121804751476193,-0.36141438397631276,-0.3570384796986918,-0.11621873333805663,-1.3810029635512882,-2.033072499398616,-1.7976297741169343,-0.9479283031824036,0.3696769727538679,1.1132575988677438,0.19097859225565222,-0.42742105783882367,-0.08878782785234643,0.08945079973013637,-0.17197885974072288,-1.1447887499553047,-0.7169873335948733,0,0.7871677118580899
0.1124943851320869,0.696500479314992,0.41477562731798545,0.7079680439490128,0.16678171585667723,-0.07864875026727693,-0.1995198253058952,-0.6450562752746065,-1.139374862875383,-0.8515770767521496,-0.1689276574305709,-0.45766821114141093,-0.5577361017453724,-1.7776731369999335,-1.6352225917424703,-1.4123625582863795,-1.691357494608028,-1.7682857124314861,-1.5738854638560495,-1.7674751254333398,1,0.9985151499986405
1.1895597490989722,1.0735399867241837,1.7956583703208535,1.1449952868103725,1.505720278572541,1.4661330626923461,1.1458517110125837,-0.7406039756333079,-0.345185648220401,-0.30596547876063446,0.11284254809733611,-1.0257492759216729,-1.4009752659280739,-0.5632863224776017,-1.1303317651320361,-1.3032773212660036,-0.5555893721411879,-0.08384409942001302,-0.4785592161893658,-1.335521621420456,1,0.9883732545384676
-0.33511380209732333,-0.8391257114208469,-1.2381220512839926,0.12672819982604153,-0.25218515764000204,0.5761225140405862,0.29510309034248156,0.14882923888488758,0.19838764239824191,0.7715568534367484,1.3499047076797168,1.1711388729937262,1.1499578129507233,0.4306792185802236,0.08376111278572174,0.41063214419881905,0.16812688220928798,-0.20715954429064745,-0.4799055062544983,-0.45231725892611935,0,0.5914910006606172
0.11014056239872475,0.8196754166744044,0.011692946039742028,0.49445107645471004,0.6428789850067281,0.35494828423295327,0.2905309585633438,0.4852042699629799,1.0650696823005106,0.3425847606656,0.05000066430158339,-0.40901758722312076,-1.41291009300093,-0.4714772372719716,0.6087512310580098,1.0217655012003048,1.3646244061618442,2.061086311120104,1.7220476561309097,1.831736199752206,1,0.8631490039724556
1.453900961262571,0.7534706226092689,0.6707609902471912,0.5683591931191875,0.26886343916256666,1.2478085785133337,0.9644903597679239,1.1025429484101563,0.03636849457824305,-0.6612581981587016,-1.2725499263017561,-1.7564219405536938,-1.6275500135021195,-1.4555197747199158,-0.5450536945203786,-0.9716380035807076,-0.7556843071674856,-0.5649503373894008,-0.7013999287120651,-1.1848630803726619,1,0.9999994978205481
1.3636367224778996,1.0071982630237435,-0.3148900645778841,-0.4491501536906331,-0.46256307815091696,-0.09287351334309085,0.16608348992225502,-0.477789352117662,0.6066562433695815,0.7195089998779224,0.4973771207548381,-0.05975299258978756,-0.11316223235072152,-0.33170876633756796,0.7229245676039653,-0.22774307085311646,-0.535307235419265,-0.09507269017014322,0.9371186347428955,1.2004331803503152,1,0.7288735215149038
1.9638169711464568,1.3506955501867455,0.30400300635100846,-1.0654640615259274,-0.6158995528683894,-1.359331412948305,0.16338968712279656,0.791693774775559,1.1308604190852158,0.4145886288533294,-0.7877602362530371,-0.8696868479800802,-1.0506829373221367,0.6616748829250617,1.1860110143907896,1.7253915129779445,1.2310322993624547,2.2139470328664177,2.0686536054713978,1.2937940865616184,0,0.17482130891685296
-0.5122656776247261,-0.7983354334265271,-1.4366644748012682,-1.274870505016754,-0.6472645146796381,-0.6826721458398317,-1.7692900654759813,-0.3734312726410226,0.802933485114656,1.750881235634041,0.527337110358957,0.9473735410203216,0.14993534650186874,1.0716583903417447,0.9710126405755606,0.020210304772444582,1.1257337510989502,0.9942943996984986,0.031973087423200604,-1.112981443828175,0,0.0801849496934718
-1.0388682021021372,-1.0434918640577195,-0.8798975366319561,-0.42377428132146144,-0.614256879557091,-1.3852803995237177,-1.615685786131521,-2.1784397698151117,-0.9354977295076504,-0.3638185945692009,-0.902239106916924,-0.5646067470617322,-1.4496403322611346,-1.2265848152465877,-0.09436957367018503,-0.5679897375011269,-0.22137185629979692,-0.23033471846382206,-0.31125453513453755,0.7519362006398925,1,0.5216140890942953
-0.6781496139183517,-0.7468897670340342,-0.42814281096655477,-1.2209007857176994,-0.6889313166807138,-0.8399605717016841,-0.5171145713198113,-0.5689269167961184,-0.04476086581730008,-0.4592828453930865,-0.11977843713415227,-0.8404370463644222,-1.5668302987201577,-0.8259332794753586,-1.5282026304202423,-1.1805022687851814,-0.4948637541224263,0.08587536176719651,-0.056665327179589324,0.5865182701318276,1,0.8374804270127465
0.2485688582521701,-0.5183583044829894,-0.26898703701058063,-0.0845855661689049,-0.43985170321444905,-0.6662966353502553,-0.32910644256598126,-0.02213937992003615,-0.8276843726525874,-0.28307346563681557,-0.657190170009324,-0.2891139117555966,-0.8958464504277002,-1.1697897990304043,0.43989320231807594,-0.8347081573107105,-1.4079240648774398,-1.5131957674587277,-2.201547159155906,-1.7980609240994825,1,0.9578694271522243
1.266825529344358,0.8468983485609122,0.1767012295904855,0.3244212216418827,1.7311249974366403,1.1734463598712335,0.6024777727675446,0.20383906218324424,0.8895046997955697,1.1810924546347052,1.7221818947492227,0.835467394122276,-0.3384729385764715,-0.0924107009756686,-0.31388212816801164,-0.3915850793436752,-1.10307526962608,-0.22486143487550697,0.6457602828490493,0.9735291679451762,0,0.23642650546653507
0.027311838653488477,0.23010324449897251,-0.37726787231344344,-0.9356018678866563,-0.5244401426549075,0.6899996065118088,-0.2699597551789898,-0.8548495981689015,-0.9764793706803496,-0.7645756813148794,-2.526656377111114,-2.666083756643208,-1.9596250634041372,-1.5197766906676136,-0.6740581915786167,-1.3845191251873703,-2.163334582808063,-2.857507841675611,-2.2740272703087236,-0.920388828183014,1,0.9983482812518427
-1.151470766456429,-1.2115471880097244,-1.0384582576390655,-1.1577716261247344,-1.083148535470426,-0.3795783617062311,-0.9939719657331622,-0.8187624007514586,-1.41997810626743,-0.6939781053922139,-0.2993454217630163,0.7072889407339874,0.6748723150656589,0.06615512600360539,0.5319775271580083,-0.07018647178791104,-0.5704135427777703,-0.43121441661196197,0.3959715559580169,0.05347150381809074,1,0.8702182276061762
-0.6222025865322194,0.1835387379294217,0.19877791024648372,0.4848121180251978,-0.6282487164713482,-0.6396817030491565,-0.43098128014597514,-1.524841998884972,-1.478186161038263,-0.6986600900975481,-0.5527357242854132,-1.3688661132512112,-1.0081052518848828,-0.5380551028426089,0.4913625655396496,-0.23413121212049612,0.4485844249343654,0.37823210777637933,-0.04613601031746934,-0.27045672610258126,0,0.003529602143790008
-0.6536383676449006,-0.5641116446911976,-0.01533826196586679,-0.4489634398928235,0.1750423490882859,0.4460054955178071,0.42743954633025294,-0.4529089371808283,-0.18320956913644051,0.21321274984687907,0.035076032705491915,0.2478529303172622,0.5957292333141648,0.06991662381649506,-0.33446550720118784,-0.3827476544989375,-0.15801257939212932,0.7997740640869097,0.64483021930705,1.3428776176051092,0,0.2129639691533916
0.5549783493710952,0.9658333671757492,0.5450968683911152,-0.3301421174748548,-0.26799551345463546,1.1826812264550135,0.9057065290014821,0.9848970990816025,0.33437410842136,0.18016794698042932,0.6141341876369946,-0.607822670133199,-0.456190615321909,-0.33959658732389386,-1.112123821775162,-0.9494512260389573,1.1776985166891052,0.17305033157870256,-0.21943315442848393,-0.062019983783611274,1,0.9766474633504711
0.749007953885761,-0.3103310354648468,0.3901033840210182,0.2893583819470795,0.9034268110509874,0.6432033061512203,0.20857050993679493,-0.3603562922185786,-0.6728516504719203,0.08202401345739048,0.06984138019666249,-0.7010659213050551,-0.12584635450791343,0.22386882100465008,-0.1725369132122387,-0.4921854554696138,-0.2833169319738017,0.0419166959634059,-0.7251972748339472,-0.59580222718471,1,0.7502614036552209
-0.9323183649032134,-0.1717563203554207,-0.3886361003718118,0.23504666756110773,-0.06441952407742943,-0.0706143365237834,-0.5206078958833303,-0.24338091840459294,-0.4898448367188845,-0.4723332149389658,0.1440032690346172,0.09119525043000451,0.34575557348807334,-1.0694287578005413,-0.41220247860910925,-0.9067567102055294,-2.28785515558559,-1.9250661612073516,-2.746616640870323,-3.0801944580813,1,0.9472912459284932
2.153294958321356,1.6487511730574438,1.5078055711245126,1.8258788549943596,1.8130966776084394,1.5354862900879764,2.1600273486592516,0.41107825811193266,0.818160790436078,1.7282087156910813,2.2762281235385204,1.6463923840956223,0.6592133823825653,0.17080243188863195,0.906911869591323,-0.7991423493816722,-0.8588030462009792,-0.597561606088379,-1.361460102119274,-0.9266472776805701,0,7.156861636500231e-05
0.3643587701686424,-1.0320696762629975,-0.8550053391228192,-0.3051362176904086,0.09645662052113615,0.31951459979586,-0.1366370863344113,-0.9562690826732853,-0.5757893532600329,-1.274049875988359,-1.5115404628314004,-1.4089123311547924,-1.0049391500267373,-1.4156287779016845,-0.007554282451654057,-0.586437775379339,0.6493812345660533,1.0306672767210725,0.9619136012983005,1.5834594810721128,1,0.9829995200511654
0.0026717506778378545,-0.3315766411365559,-0.4263214665948878,-0.9701159170225013,-1.5406101306863649,-0.30732399520153375,-0.10657464920909179,0.44331720889411236,-0.46211363610714895,-0.12552544509007244,-0.4462995306230163,-0.5017264270888449,-0.20754425537752624,0.2425358605142145,-0.17177737215750755,-0.6527261132887011,0.004367496633077352,-0.42946841065369545,-1.2318143547643696,-2.011221011394717,1,0.7122097205330725
0.353085004442516,0.5503728539164535,0.19013792033247243,-0.004719118838475387,0.0034951187909477346,0.2897163378422058,-0.4113401168361292,0.11156821142950721,-0.4225052534866482,0.07755805293128074,0.26499807270404,0.43245303979627514,0.4827377126919947,0.5335603647206986,0.7129646834464002,1.0223374434931682,1.1176059388743562,1.6287805617076458,1.0854922053154659,1.2734051063510168,0,0.13738250451817408
1.6123305602214835,2.002229636347412,1.1648789519201097,1.5074964839583822,0.18644497400176804,0.2597471967936312,0.06220595337181575,-0.5932289157662636,-0.9239908303766847,-0.10347635003996528,-1.2361836291708934,-0.7916760232656462,-0.4496633673730683,-0.10496713546166901,0.181472291704077,1.3134387741199522,1.7079337801684116,2.36545052850958,1.8707791978193093,0.8565321914419227,0,0.11027758970461554
-0.39055524130006575,-0.5268403217663478,-0.35232503359644246,-0.2627160576868967,-0.4403096982131197,0.5671110318363684,0.8187246193292659,0.1776125736784762,1.3137421418971147,1.1786241520626177,0.4993161789804649,-0.687050999291527,-1.0463876259697795,-1.4262340327251457,-2.1346150054502395,0.688461255879538,2.03132041568857,1.3595194605045078,0.9325213117381813,1.462320631870903,1,0.9966521712145757
-0.5404512625174668,-1.1060908865457029,-0.4534028919421136,-0.9925288154448483,-1.6150879800166367,-1.477475833235708,-1.4808700218022792,-1.2324348680357184,-0.1716535083284625,0.19058505990891936,-0.1354499743344125,-0.8232253750237566,-0.5929521648033905,-1.1917720012978765,-0.6644078866821711,-1.370787412006948,-0.6993128603213898,-0.9853439045170609,0.13639268431604115,0.6442852418600392,1,0.8452439626864058
0.22493095436897712,-0.09590726207395142,-1.2980966189697396,-0.5706035231402603,-0.9581836983703328,-0.46544782010713875,-0.8833313017457884,-0.8907847272774927,-0.7078191858169653,-0.8299953297132528,-1.3162974033676074,-1.295392015100114,-0.7831510678736516,-0.1517804932998738,-0.16365826159699634,0.14465044530162371,0.3527126908121554,0.6976249553423737,1.2542709735036033,0.7481246585287922,1,0.589538635622366
2.388256643278527,2.26872960773074,1.2912683926076092,0.5867962329811647,0.8557872999275241,0.9427881479996546,0.3691967094879859,0.19016430426414788,0.9579179928878155,0.22983290120528715,-0.36520217931589716,0.5187519621583115,0.2884771574413402,-0.3651554518091229,-0.06828791383535035,0.1097927751819771,0.1758517427016998,0.13861675649159141,0.6872113076130574,0.8237892447044203,1,0.5529442330477952
-0.0866082777056628,-0.5027033071470486,-0.12088884337066157,-0.4236804316305009,-0.12411493197351135,-1.2370943231552431,-1.146085945192589,-0.07800999273502275,-0.2716006417574247,0.06801137141413155,-0.8722145348964933,-0.46159606676658327,-1.0632283301492118,-0.9559719085121066,-0.4853279818996475,-0.9797061875400587,-0.5814643723588172,0.06966205887466022,0.059400187803348346,0.6266291320317475,0,0.8016657489688346
-0.9549408179609624,-1.6522309381656013,-1.8851245837961645,-0.7663603169987466,-0.37410294699836166,-1.4199340384319972,-0.6173253762254132,-0.30497060694713646,0.44421817258761365,0.4380039836339633,0.7183630778278094,-0.24390267487129383,0.5006075823091758,-0.10841291918223951,-0.9861562244979719,-1.3294773234243324,-0.42266633381968727,-0.4921961211085766,-0.6743416460257237,-0.09009258342948046,1,0.8794102371392012
0.11741039061861645,1.1514623801990105,0.6637482087418588,0.1661931098938347,-0.4531792656837663,-0.5169494941438246,-0.6060381744899186,0.12448241705559694,0.09455025549078863,-0.16491104435320944,-0.9559244262289515,-0.8965457699142252,-1.0040582167764378,-0.29265116327598684,0.1342446303917408,0.4048345530907084,-0.1303865378802607,0.24618019984100237,0.5578649463491525,-0.6135005989677148,0,0.4888165673118892
0.6834816760257912,-0.27276633731548383,-0.5763073690279683,-0.48888690985315725,-0.03830994713275625,-0.4958113261386874,-0.7917069272175458,-0.7007751671016679,-0.14659170242269462,-1.1565893998767731,-0.9557401065609289,-0.5337932639144306,-1.0055416371433537,-0.19896806917152177,-0.6984494276262453,-0.5055959943007574,-0.003280475479152906,0.476940149305676,0.3028511060500315,-0.09903279142668274,1,0.9633157667327893
-0.21622491445394756,0.32913509234398974,0.6501391341586295,0.8687936050913149,1.5260264042394551,1.6102670824959842,1.1829083086876468,1.3421997845708533,0.7755945254815109,0.20676350547934177,-0.846394495565155,-0.30397889806676703,-0.8436186575577719,-0.7100055393384609,-1.3841248498645071,-1.593861211765979,-0.21483621207572,-0.2680479674618867,-0.1813294988062408,-0.44373306223456727,1,0.4411631013208828
-0.0824267545433874,-0.541921549367356,0.17382801972272277,-0.4175611573809689,-0.5967661031118768,-1.0851578690996992,-1.2284099175236194,-1.3015343175657426,-0.586676413832689,0.4455704504044418,-0.1582967689474667,-0.31085178197210234,1.2471381456483583,1.7683817583703583,1.9334373922413253,2.886810709663141,2.100668467697878,2.0193684346823,1.5746006067818612,1.8271282794228105,0,4.806701720952308e-07
-0.4098434685502727,0.38682930357817447,0.7573429214600261,0.603064239646897,0.2640907983124085,0.6641062848708378,1.09956472862023,1.0551355248472145,0.9497300022477111,-0.24105596193640497,0.08441217895760246,0.01587473673073036,0.9915031935061523,0.5596313784760394,0.27849645971627873,0.4326808716885676,1.0641299405239821,0.819647304357015,0.8790082080160008,1.516692635700983,0,0.47634240455030524
0.4418572317160163,-0.20442692042835736,-0.4339229408209246,-0.12127617507476202,0.2232544067180057,0.6028648004404912,-0.012571111614613472,-0.04411480227283707,0.5509851978835671,0.2483478003749157,0.4346285283840642,0.42459195504888125,0.2305981667017464,0.4379344693657431,0.5119585988923638,0.3635531330198715,-0.27887349277691054,-0.049017860197411244,-0.3710283034009781,-0.43471484312806313,0,0.43234312095851124
-0.7500584161332307,-0.6085908594147738,0.7304406738948913,-0.37241048683371875,-0.18994571478134362,-0.30721979183770776,0.568240725459502,0.8641080301976373,0.6728885859794804,0.8255862051772199,1.1996165915261876,0.7120977762414091,1.1739856704312803,0.31909504910721986,0.33418661173740793,0.07256527263876879,0.6192731721752454,0.5264017309221409,-0.1090219104207388,-0.23735142841345605,0,0.04107590899892107
0.4002835196391166,-0.4896704416504487,-0.250744705717285,-0.6501575847961832,-0.5634736917249077,-0.7509843301129092,-0.0075335908961462715,0.10297243248677482,0.5607121902527894,-0.27945504887261324,-1.803108953173869,-0.626237221846816,-0.4356321639741379,-1.252570072344274,-1.5339750905752831,-1.627382932658396,-2.527325141442923,-3.041378056810748,-2.709429669699811,-1.6456009576690487,1,0.9988861873187502
1.023787613041009,0.43430015473702555,1.8534678885220222,0.4763172711471808,0.053114041869635496,0.4719216305786499,-0.03862333563144432,-0.3979636798993242,0.3625772005196646,0.9898357050296065,-0.04184253415836664,0.5194229579375602,0.023395502261152227,0.7301926752992871,1.2304979664422246,1.0895779974178765,0.4808374079488378,-0.5221290495818375,-0.43429433323112976,-0.5647980934811455,0,0.0027848235862775084
0.8509406422854973,1.4603368679494741,1.748130432961179,0.9038288754438265,0.8972298957898305,0.3684475306774166,0.8103332939057014,-0.2500613800553276,-0.7931296608771498,-0.23404074144314452,1.0077824058926756,1.4497615641400616,1.8638242008098183,0.15101824963776797,0.8187624800314435,0.9423620011382084,0.5707470574068675,0.7819411462981053,1.0887050879718572,0.6835684155427623,0,0.009528591949687788
-0.021896411908412967,0.5386758179203186,0.48567923710905364,0.22300254551665577,0.5926666610472141,0.29018348128738236,0.40024380946467253,-0.6915081886784572,-1.3783868979499145,-0.7294796216478049,-0.04178609435995788,-0.08676496744348461,0.135641591474065,0.4269733259519744,0.7631388560806571,0.4057816062872243,0.37395366675275354,0.5179935959883115,1.1913940284136026,1.8588468933913695,0,0.07735035068692286
-0.34031247150876615,-0.6438296607885066,0.28515036960099965,-0.027687027961148438,0.2969362385098793,-0.5878050569686476,0.14538014727382867,0.5640824313047321,0.3267599968371999,-0.6112101359350489,-0.3222606429864505,-1.6067855206290422,-1.6505593941208294,-1.4559412933576483,-0.873856151362505,-0.721929276639394,0.08813420252124683,1.0074590766909626,1.0775815403211766,0.39961811903618055,1,0.9329342474315782
-0.7766965130283537,-0.8642963986390474,-0.6644991322170812,-0.19637292830965866,-0.9607025239046425,-1.5116873588716107,-0.24470414722914813,-0.4662256465992387,-1.0390459152341172,-0.4175155658782057,-0.39426536121801153,0.07429139597715646,0.931433129046222,0.9429299168635308,0.9519811780873753,1.7216733597002158,3.3556805554168254,2.2273543084079037,2.559375591270098,2.9256164363129273,0,0.01853587293093215
-1.2258876091272528,-1.218172057542482,-0.4210128866614662,0.2882213194072633,0.6066296440028811,0.3453349779195028,1.2388797127360167,-0.14368657026876264,-0.4346288383453833,0.07695426439902998,-0.09842688906882849,-0.1598832267342575,-1.0547763302738626,-0.6055156199364747,-0.9171316653896545,-1.0405825757054723,-0.9586167750927328,-0.7276726015341349,0.3793212375334226,0.3279427099749389,1,0.5926021979169106
-0.8629494270345266,-1.911800510856238,-0.43929603930610034,-0.7016473985101725,-0.7001444628026458,-1.238656496245163,-0.7096414666767507,-1.0464378909332128,-0.9025447587666192,0.11143307884008559,-0.2037793770669627,0.8924157420118427,0.28193523105752244,-0.2508870748257238,-0.17973077395296644,0.07273263393891818,1.1533333559491217,0.016623046560203424,-0.955321306243674,-1.4335963892910704,1,0.9529345912212663
-0.2235607737474381,-0.6125317889842898,-0.9975737953718586,-0.2305012959903508,-0.6075412397803395,-1.377404902889104,-0.7181563317829315,0.14505867609243145,0.46990942495111,-0.08437520892805289,0.393720159795022,-0.0367814328156977,0.046347102386060185,0.5672722703929206,1.1251630498716336,0.3886185894720332,0.22465801285675405,-0.47618249630360154,-0.26533091170614387,-0.6142873124964912,1,0.3255564443664352
-1.2449023832550907,-0.9363335306439261,-0.5212411887268384,0.37469368505445555,-0.1807702619024398,0.3788866317827606,1.1200101970275602,1.185564162358169,1.070317594086159,0.9897493977256357,0.35297505454158157,-1.5627815024695904,-2.1438659382747614,-1.1113456808877158,0.6587995250702083,0.9790602487218515,1.4896292608603883,0.8891342173865814,-1.4966121204457787,-0.9402595022230821,1,0.9980788025150492
-1.5252940757421465,-1.3122738606127715,-1.2172551325069352,-0.9457245974952573,-0.31113416351227574,-0.08076958423147781,-0.18117107237142147,0.34839466152842385,-1.0802796734028202,-1.0821727602655593,-2.121523946719627,-2.4300400881644593,-2.6927044604458383,-2.2995547200031727,-2.1901358901133348,-1.5223375690842238,-1.479394933776101,-1.697802701021499,-1.884019894085289,-1.2731980583345344,1,0.9894988736874786
0.601653502706557,-0.17079719704742657,-0.5609383552367806,0.4195452682069328,-0.5608915890126422,-0.9113096914629567,-1.2652639356540523,-0.9028240649216794,-1.1978954001680775,-1.2197955338325392,-0.5708615640261748,-1.0742234573738463,-0.2869362100313753,0.26732723737832675,0.49375023381724226,0.4904952902655121,0.5439078759382813,0.5055983201968732,0.7207922040104293,1.633548418967617,1,0.11597444184147533
-0.6089022826421496,-0.5802671788998133,-0.6445102462708536,-0.38966892765650996,-0.6131653755450691,0.0370331499187482,0.1397591910492105,-0.037336761012939285,-0.37090191871896333,-0.44323250599780556,0.7207370566150206,0.6336224882446312,0.2801552112086789,-0.13330116768730021,-0.7915236207989353,-0.35036668492823425,0.17268955219025311,-0.2774034389451701,-1.2880990230203573,-0.41777399222434647,0,0.901581510281065
-0.4143040739145636,0.29149091467538263,-0.03010517934351345,0.14668174562761432,-0.33288491602485953,0.14577424835333996,-1.102141586181682,-1.1006432000158815,-0.61857260684246,-0.2106385455552173,-0.15746653724803003,-1.1006945822802674,-1.1584607948240917,-0.6821079055181137,-0.5374301194653284,-0.4977474140955495,-0.021394074781987453,0.7430493874389319,0.2946930017576399,0.13213458166684514,0,0.25600743447534635
0.21437972017207663,1.595464335977096,2.2640027882792526,2.7926602712918243,2.1103205616812963,1.3278172309250054,1.1912192231246974,1.3276300190258008,-0.07976568308153824,0.04679639243952848,0.41285795922615565,-0.2420512529850929,0.11782295195274332,-0.030366498677275332,0.37289672210123176,0.8260287016090587,0.693533542038898,-0.4909047013044027,-0.31467848875315196,-0.4240805958278612,1,0.9648975158701665
0.9462184450006961,0.5955436965880243,1.2837856328466193,1.0926730311663886,0.3303206132521118,0.9793580333019816,0.35477564272970613,0.9452356036716402,1.2351598123364225,1.691618960382486,1.0277287012000629,0.2153789032824124,1.0100942591216544,0.7264741915114777,0.38063898156081005,0.3764056931063149,0.29235581204568917,0.9582285849242673,0.11652223910794726,-0.08218172353324298,1,0.05790424986182678
-0.899747198575371,-1.4470228137010532,-1.3563373576745117,-0.646015853313052,-0.4979375659552208,-0.3350474634315669,0.2238792556314188,0.8458218023484128,0.7335163710242402,0.3595719005507594,-0.8453239730502119,-0.5599931177079256,0.19560033925842743,0.009002451645791736,0.4423697582411672,0.47373472810749834,0.29372109140125513,-0.7781488566884803,-0.30315172173951765,-0.32702690017178826,1,0.952120254197497
-0.5674380977714543,0.12500416797039912,0.9933773611841005,0.8955785829598623,0.4056654801330137,0.6967914631189023,0.6628012648273371,0.576578201668481,-0.09050281224453302,-0.3363246502655551,0.3011636526118985,-0.05615647120810406,-0.6939687263662755,-0.6763746535903636,-0.4198915266450522,-0.1905756287496615,-0.487384555068742,-0.4482514244292913,-0.9274748984099517,-0.9961303536696711,0,0.7454102770505312
-1.3650133965883406,-1.6545589511063274,-0.9698800065647191,-1.165012741393573,-1.287248801484958,-0.7171587904578319,-0.7773366318118159,0.5812022791803172,0.0798653584012874,0.1037878400115488,0.18841086091977483,0.8156998056244413,-0.13475377352438622,0.6378654333027334,-0.034546529978244776,0.3166445001275617,0.9769134524762677,1.1494597609253956,1.5577446916822932,1.1028234013009466,0,0.5968754782042247
0.7162542612201348,1.1496738885326407,0.7961930549172717,-0.060932473463129314,0.5157725479292115,-0.3363021995437541,0.3744411972189181,-0.06715236237334603,-0.41226827504744906,0.1500614317042772,0.5838508435744665,0.383485777778055,0.43371263938652765,-0.43713162972957315,0.3972748120695332,0.5058664349302467,0.2443590076622108,-0.08742659157930767,-0.5312065031126033,-1.364075726501962,0,0.41402013968808826
-0.3205390778569687,-0.08645926347032012,0.23740167785221403,0.7857145557134059,0.5405927758534667,0.5794248078151206,0.1876465474938209,0.011224621877114323,-1.3225435391626053,-1.5455561444818846,-0.25068138670485546,-0.46254164221149896,0.5752363180864104,0.696979140208371,0.3598273598178677,-1.2365904972366333,-1.0445995462794293,-0.20072876626620206,0.39344398610388476,-0.04332187434800169,0,0.17910134045664722
-1.8086305288569975,-0.6398058332878136,-0.9075225674902886,-0.43976846354901744,-0.3330379829861174,-0.6284100838295988,-0.24793355289563515,-0.2866302368889232,-1.0002846228669535,-1.1666513404831897,-0.8929209781234299,-1.0676919590817295,-0.0103798727795067,-0.8170034714196598,-1.0565913140991023,-1.1461945752129974,0.06086993409695183,1.0004868154360624,0.2671911319217147,0.3737941096507569,0,0.17785609780753592
-0.7123934179761386,-0.7791490083590326,0.11894794000446487,-0.4499761269578915,0.09501881464591266,0.9905791122777295,0.36861126863171917,0.35626843628859584,0.038084235972929724,-0.2907293090915313,0.42614199899542593,0.5636025862827871,0.6103124681999899,0.874638650066417,0.5580208721414814,0.8064677544276161,1.17211028570224,1.4736470021989136,2.137905119801981,1.8045109064466789,1,0.17410486958174293
2.6165563118885484,1.6920280374592902,2.063919544066357,1.344955227281147,1.391240910280065,1.1435553836314671,0.9536408400681496,0.5186385920535538,0.11843212270647904,-0.688124452590145,-1.033798111670032,-1.5275455482382017,-0.8284140199949289,-0.6030893784807552,-0.4277876958641238,0.6135250194465546,1.959599603829455,1.670226761141449,-0.408142796286882,-1.20823748586255,1,0.9999857154467099
-0.6094537113958389,-0.4719235067005896,0.19684728166188362,1.2710953917593284,0.8389766011280169,0.34401636447178086,0.9084050989356801,-0.5942569124999526,-0.17085805058157566,-0.44477271782085087,-0.3184492459150912,-0.21651500910361227,0.45890490899021064,2.3378244372885466,3.0392930703622207,1.4978491185127725,0.25595158426151315,0.7648941544981299,1.0510489695882927,0.7229202966248385,0,0.00017268080992757068
0.5233007098432002,0.5439818473211336,0.1623680383132847,-0.3369901332456136,-0.2689362591442143,-0.3007718657364972,-0.5455485587195846,-0.8439795502624102,0.121217324162463,-0.03145308957794433,0.16651308452445485,0.5111705529040633,-0.06396091261155394,-0.5724825208381377,0.09550725639950029,-0.33599309281771084,-0.029539073122165565,-0.2638559673530628,-0.40172424954113334,-0.6603759252616754,1,0.8240055365188259
0.2022493567485236,-0.20576305186725907,-0.016034769171884143,0.34539525859586656,-0.9400619330616532,-0.6282501259317473,-0.5301588733287806,-1.413991264415442,-0.5017257501696649,-0.08482327611857803,-0.9768940858064971,-1.3782100239559292,-1.1546216070198314,-0.1753881068868689,0.11749238322514372,0.1650702368799561,-0.4675753936818066,-0.12368648280376575,0.09309191664844897,0.5319547017954923,0,0.014519560186403277
-0.7702195379301818,-0.520303074801604,-0.11213474479070747,0.5065577484130874,0.2722727069777927,0.30457006817477106,0.5162361533509241,0.24201372242485533,-0.3647818639349241,-0.9441468397925117,-0.2763752219285935,-0.5833591408837727,-0.6786164728919376,-0.6333089390314798,0.10418199253599122,-0.5639989397030201,-0.7373573581225753,-0.35468758713608806,-0.7214146716393804,-1.8133653855788936,1,0.7739161303956145
-1.2805639155649053,-1.2513256704564735,-0.8331701396147209,-0.5125515886965814,-0.8137652295055332,-1.145096986115485,-1.3195070481859812,-1.3912674812368087,-0.2835221082965976,-0.4023127507113968,0.08480882062462608,-0.8997049362569934,-0.9189765214285377,-0.95299068725499,0.4696155146696032,0.5289713175555899,0.36460834327302566,1.1889576146526624,1.5211280440629564,0.24538042159227022,0,0.008030895909344766
0.16420131451184694,0.0984620269045363,0.5204862000718022,0.949836149330555,2.0358895871481164,1.3828011639687432,1.4358096308792783,0.6294807788364856,1.1646730042905096,0.841676911148913,-0.14260132430976538,-0.30352862072461073,0.4608132515747684,-0.04361786135439495,-0.2071718116772609,-0.5939498966666267,-0.7619381457594625,-1.718844351011375,-1.0396512969650384,-1.8974592607100742,1,0.7993493260305137
-0.9280279497510019,-0.6207272689964832,-0.20860093336444913,0.17676653086232488,0.3621514488330125,0.9963914627391022,1.364588999068306,0.2829131601061361,-0.17074854015897395,-0.3260219859939,-0.029087581017847856,0.3255426123536024,-0.705350154364699,-1.2016264845198896,-1.6975953483415644,-1.7231899607914716,-2.174143697030773,-2.7810562376517014,-1.620488159981769,-1.8217116632361388,0,0.8824372664861375
0.561711758182191,0.6842911037618847,0.4399146909480577,1.212174114968036,0.8925352738114901,-0.40861205241747284,0.15146427844190036,0.09869578673863945,0.6982862337179429,0.5174854598804395,0.9983391376089434,1.5409772197187803,1.4392320858072676,2.0932262650271345,2.370609093702882,1.7531161305094072,1.6321822769063963,0.9415043662887406,1.0501818851354594,0.983595537336973,0,0.000525305718772846
2.4844879193568974,0.7381414920648872,1.6100024033175988,0.9441785008479605,1.5461517694403377,1.3372781129472078,1.0919733699263643,1.2074118570052441,1.0175811512910973,1.6351283156175151,2.592680058641077,2.632092703392715,2.3376435184673543,2.524950958313184,1.6180756193518957,1.713945888992155,0.5357171777589235,1.3936503993979599,1.9908455534514815,2.063582154799999,0,5.803806768140613e-09
-0.24751310166001328,-0.9845032733550191,-0.9221774592463676,-1.3995305174394523,-0.5151101099271449,-0.06497939371793789,-1.0601343150999627,-0.9699307725347307,-0.24955762780961854,0.051276585933179894,0.9537159173962687,1.6087616209513402,2.4743806145843457,1.699062012966999,0.6887131631962079,1.216155913364698,0.6959852824698699,0.5256447661402792,0.6578040351270031,0.2353701413997558,0,0.15584446127847607
-0.7345103466917011,0.09505615549610906,0.14284623380673755,-0.04299406648754187,-0.38270011822202654,0.11080638724015,0.012629044097939182,-0.26119911003048535,0.18872069058561902,0.26820677452603675,0.1155057338945834,-0.01130364721455447,-0.9892488268433764,-0.5761891724709978,0.3330725506396384,0.1387805847624334,0.2504031966414809,0.970735373297859,-0.06060485429977406,-0.5444723142922837,1,0.2588112722126093
1.4974195481248829,2.222675346297551,1.833180013096391,0.5619269390105839,-0.1763672811082238,-0.5786240462840835,-0.9432114426418964,-0.7906305083107914,-0.6915617801286267,-1.0110538285241972,-0.7636980343642866,0.6514006899037075,1.2431904187188467,1.227222993620275,0.7868701916400079,0.8617186937994069,1.1737388900747947,2.1915945932786887,0.7544452578290289,0.9198132309214292,0,0.0010341807154561327
-1.110415416776692,-1.293203639380844,0.2957012161806377,0.6954459903922756,1.1390492235489438,1.1362259146543379,1.093391372845711,1.7599539009644722,1.1847446302339049,0.807806571899716,0.916304420472272,0.5733035246125786,-0.06804369847830777,0.0055081160990795115,0.3595019626260586,0.6479652265885321,0.12268428091335062,-0.17735358173025137,-0.7165736257864513,-0.4812385501826482,1,0.8117448665440735
1.5284220351142639,1.8109445163772109,1.9056764280657148,1.2029628720997008,1.424603618188918,1.5171422837179362,1.4117226387995323,1.1435045018019407,0.7451372117943115,0.7353475677192628,0.6394596126796745,1.0266762921442687,0.8621885990384075,0.3467502341813425,-0.5135887016076849,-0.027325561903727286,-0.4450058900781363,-0.04884594489361758,-0.5157727240323411,-0.552285176268305,0,0.011037342813915317
1.1519824834246815,2.102951871591874,1.1112960929604927,0.5674392850493662,0.13988666999120236,0.6717457831658338,1.4137885694171355,1.066597422209169,0.6195848421751569,1.0623121198303145,1.4826635484940756,0.9278623676588846,2.0947849770352764,1.1899476503210205,0.8845914388594188,0.053114782724286165,0.18937705755343884,0.4718832213144306,-0.321325622220048,-0.450809060771401,0,0.0014523810636022877
-0.9445909782862194,-0.7070190698222586,-1.0236270542975174,-0.19533089732219272,-0.9890000233532031,-0.8923870056391394,0.07150808267500539,-0.3542091046597668,0.16807098817463656,-0.27325305040467834,0.19502358899510736,-0.27494399179636364,0.5580008225089461,1.1952870249518928,0.8748276061012027,0.7608529042003055,0.3831158184096106,0.9074187911466446,0.5103144746879108,0.23014096769316805,0,0.03258545318782362
-1.2245674155714699,-0.12952712569445232,-0.396893469778909,0.03581445032032178,0.489026608152648,1.03758235800609,0.5461243431756205,0.10456301435213723,-0.519663186352953,-0.2843488720263263,0.05371371387565629,-0.36817862805653523,0.11419882401317008,-0.44998257192195135,0.2556729272710786,0.8461044923253926,0.34465837412468847,0.3271610451132872,-0.5448167409408509,0.2895435229891813,1,0.9264204665726478
0.19826589399063924,0.8825825787288188,1.640799084719485,0.4532178990613832,0.6713858558747993,0.5257889567289886,0.8790330374154094,0.31904741306637685,0.30652002512154125,0.4669409852198421,0.7298319018470268,0.0031862478071842384,-0.08501003632729652,0.9738462204520257,1.3279014300528749,0.6745620324215336,0.9290589070679459,0.8401199277594052,0.8547645201021459,1.0596575487466031,0,0.009095482412064705
0.5829294194392257,1.054541857081723,0.816250699409867,0.8599550555814474,0.3982169900389808,0.2770907729907995,-0.11663418920049543,0.0694025901585592,-0.04199280626884597,0.5537028435431053,0.9747293004273526,0.49290959725947836,-0.907438123394664,-1.1077716960344925,-1.0939882252546758,0.27123359403203806,0.3230252522139101,-0.01567308529935234,0.09044719405121195,1.3815027075093906,1,0.906585491795703
-0.06556516965438425,0.6286387931421283,0.33691787264443923,0.6499280204299132,0.4457194894357376,0.14207938332473014,-0.0538108660075928,-0.5142287288617033,-0.8719102694522426,-0.4201093037588358,-0.8153686853762574,-0.9893747894722997,-0.8761446478746702,-0.9261362176942585,-1.0210102362081792,-1.2058817401524557,-1.0672316441777683,-1.16454408588216,-0.3054464452755627,-0.2612020030785316,1,0.9497646845510533
0.11573200673999182,-0.186327106314166,-0.9409560283830883,-0.5483591169479907,-0.7773923814235413,-0.5338051424353828,-0.1943317730346509,-0.6359513948122574,-0.11126394188139759,-0.37947014966336234,-0.010820237155038227,-0.4134208253203437,-0.37719775150251156,-0.14875440261924117,0.8738379928317773,0.8920887062414268,1.540273480086856,0.5889167252402113,-0.34282937145842735,-0.5469850823487462,0,0.31317745299399063
2.1122508298020377,1.9423014692887584,1.1776863627001424,2.1232971276166697,1.1129238007627238,0.952599132986041,1.475989166787806,1.0066842187931726,1.3718595672281788,0.35566030687084754,0.8279590243919125,1.9304985129287517,1.6695747539174455,1.6425146749506985,1.4680575101968958,1.7414307441298726,1.019714932126542,2.727791142169759,1.3399337021968551,0.6363727735582749,0,1.342702741884703e-05
-0.9889061494774942,-1.2487507459661626,-1.5675992027144097,-1.7734314172523657,-0.9844351909291248,-0.129524000024104,-0.1516037895941804,0.396676564428682,0.39382209797065443,0.7326400163394998,1.88941970452771,2.236773556475043,2.092693916771799,1.754908315771737,2.6186895186989787,2.6426731805852133,1.578623356734871,0.9890913634343004,0.3714492501911465,-0.12877554643506112,0,0.7216831169122034
-0.3333069288032777,-0.26298167279992496,0.28504614469108785,0.05151605615463718,-0.18508365639342148,0.13517629377101917,0.7349777513532721,0.5640621793583063,1.9762402253308915,1.2383786600221258,1.7121385708374923,2.163737147486252,2.5236909175913214,2.068444603704968,1.6562240278847258,0.959135482669,1.336109964205363,1.466298175891874,0.2148912900319131,0.36764753519305554,0,0.00045539521965319997
-2.1894029476988237,-1.1157555357111963,-0.5630177005618748,0.41736297318112586,1.1774081007611805,0.00287560143275253,0.39316707520248745,1.3516462394029598,1.3551757973606477,0.5285950513643647,0.45314123569165715,0.7277315770624254,0.4912529339467378,0.6931954685591286,-0.36861300738442937,-0.8266884129545793,-0.6954232902788743,0.753286921247412,1.0469867819326528,1.4425741813998598,0,0.004281382950228982
-1.619707993879642,-3.098963810353776,-1.5346556008269592,-1.9404509615124834,-1.4657668161182293,-1.4479222686683337,-1.0518216554338367,-0.7266200916352665,-0.5976813671072605,0.45678435661964983,0.3360605710991057,-0.20619779204784933,0.38022639697066957,-0.971337604357484,-1.2338054847432642,-1.3433373810134672,-0.8679289899217248,-0.2751791411624544,0.2835853686394002,1.1439895011836285,1,0.9258711233996277
-0.5401401584622748,0.41407634272716315,1.2177296275228287,0.5692851888468202,1.568219284214654,1.8283896691965928,1.7234641276623268,1.39980469736507,0.407317477703944,-0.39661062350746773,0.24769964919308832,-0.3297952530089739,0.5740993509132648,1.0882248758890034,0.7323552500113237,0.5706561376900249,0.5206708163092743,0.5732041140437335,0.6776754132698982,0.7782379652972465,1,0.8330160570371462
2.020391027118818,1.2804952344360123,1.7036447759507973,0.9436693104708066,1.4608825148850095,1.3030478340631504,1.5308720643562228,1.6654771718500625,1.024530147285851,0.5282184472283046,-0.20583821796637336,0.43495699370942087,1.275340146565692,1.7273439430991595,1.4625122092988514,1.7478456071007449,0.839319332968153,1.5053260934385426,0.4737837636588717,-0.2640910692173921,0,0.25101136434873056
0.09274453697212093,-0.033938724015909486,0.037198843910221366,-0.18720665277145102,-0.6639559967656511,0.39166345134492636,0.29332718675004005,0.2607807671453165,0.4527257442137176,0.13979309135200324,0.15664300569793627,-0.3470795534867885,-0.8739670672220714,-0.5731057605700264,-1.2038163629452614,-1.0658303967183032,-0.48918769543040336,-0.4468411797620745,-0.7135535239507599,-0.6619279628507052,1,0.9269432948293829
-0.9501124109978555,-0.19330971744743602,-0.6075217764979893,-0.22812617521866135,-1.0290586013062342,-0.12016733505421237,0.26764409406326206,0.09753821779254339,0.13543477084162597,0.7576266038824351,0.5101616561086704,0.46703277348187766,0.3875324607823253,-0.04562687799123607,0.7208926462773011,0.09043212283036538,-0.10139622405281042,-0.17612911797586817,-0.6654930897767296,-0.4311536946089861,0,0.3337359926378943
-0.13401701900875507,-0.2617997276924052,-0.7873577193265537,-0.5307647118377056,-0.2372122396087381,-1.322693767059899,-0.6760461956122912,-0.9216254862396467,-1.099616831710058,-0.432240618712386,-0.5394575897833386,-0.1870883137648432,-0.011064166413361252,0.45704355338696645,0.3141340338344559,0.3517871653627829,1.1887024978083929,1.8357889517678876,1.4066118988580554,1.0571215398231089,0,0.0708904543165898
0.5594015448819387,0.7112445729418033,-0.08076775302013439,-0.008552780106152706,0.022069757110844086,-0.13501233149458958,0.35240305767163294,0.5701102528147832,0.5000040724674863,-0.05694482376380573,-1.0253822091697204,-0.19003766942619588,-0.48043213701208437,-0.39830220467594135,-0.7560762367560399,-0.8783901943736324,-1.3931776572119392,-0.6707271660858442,-0.9273933703617552,-0.8535546149013803,1,0.9464941786723017
1.2042788884562228,1.2755806293980994,-0.09610044383747965,-0.535844252799019,0.269260331501869,-0.7839496718402593,-0.27828386990236753,1.0020376040480656,0.6348283065040519,0.22305391957834134,-0.857653424622712,0.09277403681837702,0.5871997286012454,-0.0723787032104903,-0.13393289303179506,-1.1503596973701968,-0.737912361991006,-0.19695577145309395,0.03269248421452779,0.09347308968390325,1,0.6550787160222726
-0.4728391625407776,0.028111952054640166,0.5985816052036932,1.2249319657746458,0.5354750407110771,1.3431726711308833,1.4048064763959456,2.0224320266919382,1.6551700382382877,1.1401784864643554,1.2548034865226934,1.3203690375665529,1.2060317573348416,1.492738626212988,0.6800302822169827,0.9684639164384162,1.152128826413331,0.31553764588279304,0.16775522478914842,-0.29573546155656094,0,0.024303288899831504
-0.36195675119295795,-1.417168714915965,-1.6175452382456437,-0.8768001827570835,-0.9399336094407962,0.033927695672704004,-0.07024763376800684,-0.036191340768040196,0.02684238788572826,0.3809138617063031,0.06815318407398524,-0.2794561876228968,-0.9710491898344332,-0.39543931276176664,-1.380466680205633,-2.932686572410481,-2.3194844177551546,-1.7348437664007315,-1.6444034956929305,-2.207641917747986,1,0.9276673300292506
-1.7644484468343855,-1.7083569262292844,-0.8856267700642372,-0.6072630883893902,-0.5263655940786433,-0.10229215212399757,-0.9415788204423873,-0.6021881203345242,-1.416716218272033,-0.8985963088885394,0.06162429591837736,0.4280586084056638,0.5700488876886033,0.1735922402429682,0.10016135989411609,-0.5537449147840514,-1.0431579394898525,-1.1297837681242378,-0.2359938633125348,-0.37343718506874457,0,0.7083117262216165
1.1721910450885995,0.1584663161821538,-0.2581617910160483,-1.1388433511877394,-2.0521155789848606,-2.042537620327955,-1.3097725968660021,-0.6594933678536833,-0.8269315363532674,-0.19043573021284874,-0.878437049582176,-0.9116547754860937,-0.9275222409935966,-0.7120171781243155,-0.035589492878700967,-0.009339486213481992,0.11116594614544908,-0.6039587343368965,-1.3276376663089158,-0.9413280499154764,1,0.6355961612225395
0.21674391593956444,0.07890077955140214,-0.182413230506607,0.05013148334013144,0.34877728121638435,1.4515917673427763,1.6161573331864718,1.9062418772222802,1.8580132864187633,1.5216278688874785,0.11163502454146727,0.42061099736116225,0.6085120219730994,0.3462287099636756,0.6711640567645146,0.8858104306082643,0.4928376146696651,-0.5077072301856054,-0.45884177603293413,-0.568984243271894,1,0.9650106702019177
-0.5578413795708781,0.13363187233886228,-0.5344352540104697,-1.9261471487082487,-1.0629511485039647,-1.307249605931361,-0.8649910025258565,-1.055849159679127,0.4301227628376103,-0.7484813432616935,-1.1543699454415035,-1.3240452043546402,-0.4056623713396969,-0.15700102044236386,-0.29682730229167154,0.3449712760614716,0.5301515813442763,0.003283073714324152,-0.3520279023120395,-0.17992713420825326,0,0.016098756498084708
-1.296818189077553,-1.1299556180015193,-1.4904844590322426,-1.3326428076559143,-2.4023842854815483,-1.6450467583436161,-1.0504972963228105,-0.9549430596748113,-0.3591390480542052,-0.22180028667767712,0.9207329133236949,1.1080766526751231,0.2513555049551136,-0.4199052250855463,-1.4742659863901886,-0.974401994563867,-0.6578913543256758,0.3843058698455322,-0.9556987906306657,-0.6523286814851442,1,0.9998101548157329
-0.29268707699434215,-0.7494703446014215,-0.5121109905769764,0.9800661881585349,1.4096034769416033,1.2042446753712315,0.5382116696726422,0.8738821232683363,0.08949478428416038,0.40564144636115906,-0.5377740124001161,-0.40448510075442357,0.18751556692767576,-0.8089086191971937,-0.8715193422388414,-0.9157148986492961,-0.7581441210694657,-1.3765987347610205,-1.7848775870365827,-1.7111224696903937,1,0.9779335951246575
-1.5735517199152969,-1.6966446076326158,-2.064339182269914,-1.8260761321830494,-1.7744111553899484,-1.1455093362733146,-1.1567604500741604,-0.46301247489829134,0.011730204798820967,0.4754094802185904,-0.4523362072188411,-1.5501929396668115,-0.845597952462613,-0.158568446834859,-0.047249236468992185,0.1723996898221312,-0.0942858440294136,0.6033209785494765,0.9871362220431044,1.3433804278581174,0,0.012511369907608382
-0.25592530669269486,0.8909043075076869,1.5607831659562805,1.4106521312029399,2.3702054950339893,2.493577750220235,1.9466843951183215,1.5140984904491959,2.819261682858518,1.9147415656146294,1.7205173685730326,1.7780006296615531,2.327104571034224,2.3171721802113208,1.8284200888822528,0.5144564387911026,0.7669589694377851,0.7077679057706249,1.050569643247056,0.49097868338960904,0,5.259507729073763e-07
0.377114937202919,1.3680717832473352,1.5444126977653854,2.4065060965448635,2.0430772725411295,1.7664704729967886,2.0112623219182324,1.3385756210352697,2.4196692107460005,1.4826275059327652,0.7594618265499425,1.8319585941711736,1.0997582754294675,0.8284548446508534,1.697105777464515,1.7707366967510645,1.271796129437064,0.35651161012467497,0.5515471576116718,-1.2955128717457998,0,0.0019523600724155722
-0.16624633244151013,-0.29227559576974427,-0.976412436774043,-0.9174309142285175,-1.1333811188049059,-1.6978498378683355,-1.5466986308861161,-1.5375969705671633,-1.3265258406890637,-1.115141308253972,-0.5335756854603909,-0.7775364488676628,-0.41514639542237963,-0.7001112410602578,-2.0177200943396736,-1.089865647243875,-1.5804776297566492,-1.8143097552638068,-2.3144720838917787,-1.7595345060994518,1,0.9963891300367872
1.0354086835266718,0.874638756302343,0.011220426410010037,-0.8441699147950947,-0.13591283231316176,-0.4606662174662706,-0.7658611196076024,-0.5256069579617414,-1.0963831954798873,-0.6315397808801954,0.39547241897055774,0.16178305642459226,0.9021540569825783,0.36417332035418465,0.8208668444858961,1.824929538361211,1.577834871776855,2.217155236989961,2.1727539648174465,1.6065046700423213,0,0.027884737319125157
0.5014252200841162,0.21413272677533174,0.17806571828573045,-0.14502168457265163,-0.27408649606280766,-0.4892139104690986,-0.8687317002948058,-0.5632569514776777,-0.3976076405559914,-0.7001427420533353,-0.1381985925213575,0.8423043324905002,0.6231190905860303,-0.49069577186979474,-0.4061675687773781,-0.14275464540901708,-1.17447413382894,-1.386631334171148,-1.3939592515139085,-2.284046237623917,1,0.9674832805563963
-0.22684481286758906,-0.11031402668307408,-0.7828348913598692,-1.5566394928994185,-1.6123417941857134,-1.8641561089487406,-1.8793271749950338,-1.9481601027912572,-2.152778124027385,-2.515852404889962,-2.4054646133750204,-2.7030442159969863,-1.894319783928595,-1.2125018772907319,0.0812668701664043,0.003090802366131867,-0.8077560040674371,-0.07426740918321029,0.5045295805321524,0.24688377134775966,0,5.689305756960937e-05
0.5108488517340056,-0.15247201974137184,0.0023003852548872284,0.34101936240128927,0.5539549261322088,0.4330691149840842,-0.15320864183569108,-1.0726236863011955,-2.121947627737185,-1.3143387149929873,-1.2211127955520624,-1.1489190637701787,-0.7148458121576141,-0.9545252701230086,-0.8233628127150245,-1.3820707512996184,-1.1535477164716619,-1.0430626187486034,-1.001434194394719,0.015163620080633619,1,0.9966234673620071
-0.966786647833303,-0.9677828837176329,-0.6254893591659336,-0.43764582890901255,-1.5112320484115032,-1.0132643421119019,-1.538681168892897,-0.9389312706599509,-0.21717818032011968,0.37637688442298983,-0.6106700118546371,-1.9550432019773691,-1.9616597243910043,-0.5664698761307237,-0.372049084431031,0.28494350716758576,-0.1571192907019032,0.5938671699071358,-0.1860775596760953,-0.25990727941013825,0,0.0012713184470057276
0.12245674431273208,-0.06635882260198234,0.4306520313158136,0.6457006482956731,1.3403503616957475,0.3752462417321182,-0.3380763407418484,-0.05218019011416296,0.3718292320988989,-0.24541324659993285,0.15725575762748895,-0.5123185952585892,-0.19987461566050274,-0.15306841542410368,0.10385793469989663,-0.3363542459265848,-0.4836094665769058,-0.40016841969892675,-1.425639734259777,-1.1997756692349624,1,0.6664328817585652
-0.2686147416971663,0.7822480982391203,0.9132441410627056,0.11260867487289554,0.8962627673843533,0.8747315627412819,0.3028261303078783,-0.20682184131248804,-0.6609353210451409,-1.1417845589238442,-0.8184115410070857,-1.462331141846792,-1.2332366986275387,0.05312466220441671,0.2018386340680083,-0.5066784917517961,-0.9371134404613612,-0.9050563531859174,-1.4512760587593962,-1.3153345407832147,1,0.6544218134458216
0.3766376694454085,0.19194092852387995,-0.6304725370274233,-0.4898613046689806,-1.0039510126387712,-1.2154159841976475,-1.3994588916464683,-2.1509437878195756,-3.1755271674610914,-2.427798705407075,-2.3277645624088037,-1.6619685789113834,-0.9745769968919954,-1.1302980334460633,-0.942476207849881,-1.65746880283474,-0.9304974617543629,-1.4750577360413397,-0.057658069847361486,-0.01016307065015644,1,0.995400692782388
-2.7104861292518754,-1.6536222334169886,-0.9381187714209848,-0.6373900956883479,-0.07701029705745373,-1.1614603673397275,-1.9238989833026894,-1.0720138628999314,-1.283640816956704,-0.5713257955087945,0.8907466687938286,0.4873134557868197,0.48555379432165563,1.6562596287873252,1.5322609448716296,0.9411669091457527,-0.2461539305560581,0.6589498158594628,0.2748262436746338,0.7321164985672698,0,0.045042317400829174
-2.5866510219763454,-1.8447112320928727,-2.3851050308514634,-1.1229289541088172,-2.258948330162296,-2.0460713006196354,-1.5663564460544221,-1.6801065589486777,-0.6722637370361048,-1.6609025878994024,-1.2319379272242021,-0.36203091867555853,-0.11874512190695816,0.3234095066343694,0.1010974058596167,-0.2580223467038335,-0.5906407999548321,-0.3921356689261838,-0.3799697038755891,-0.4172793909533381,0,0.4128480800867494
-0.04700008567645647,1.3485440456210223,0.1760838296342478,-0.6259700443115089,0.211247602238627,0.5180900204350517,-0.2913365543502024,-0.038125892836841355,0.9736251870686717,1.3456099048209234,0.7781627078576332,0.6515459080763624,0.2131320749355404,0.3431396478979704,-0.5220171037378412,0.08507058390369994,-0.5442039773319552,0.04544824123675193,-0.07774624214699666,0.48356959972423535,0,0.18008364425167067
2.8247288893345286,2.2272116589219086,1.395262239006044,0.9897354753410499,1.0316197886552845,0.20477502451102206,-0.16700185205207124,-0.48685499976507185,-0.027080194401141778,0.3007512042367307,-0.7242759083008871,-1.7878872390003593,-2.0948196116902915,-2.073122768253747,-2.444636147115952,-2.7976164058835056,-2.7734930045479285,-2.8759818789164084,-2.098903725514856,-2.3220338703872025,1,0.9999999975092122
-0.8025055282310658,-1.2862818068447721,-1.7801457022690093,-0.7820605270142847,-0.01054305622369816,0.2348607402904226,-0.2658869237722086,-0.38015960566123813,-0.515242045149586,-0.4495513240717853,0.8051305385802363,0.596513349341985,0.9105333523105233,0.9294160035241825,1.681473372685138,1.2428008848304726,0.7762323609781768,-0.4361362419722189,0.09913471826441014,-0.9992869084552943,0,0.6058749893453792
-1.4928032007246048,-1.3188364429157955,-1.2624084264435897,-1.6043130214023928,-1.7557065917820058,-1.2577888526933474,-0.6839899051181532,-0.5661212471863408,-0.8459661281651331,-0.027385246653815958,-0.9248882420777844,-0.2553044496596767,-0.4283666393723477,1.06487295356454,0.8636398213445164,0.4197008531586206,-0.22752331072088497,0.07002020995047768,-0.34157049257689465,-0.5936543387862583,0,0.027230688828777775
0.6870541777253708,0.8320913455922917,0.7748202387837505,1.4103756430399472,0.8814862992953048,1.8778373922909446,1.530800490179757,1.7692763824217461,0.07330580361073595,0.34779323227441017,0.22065474278316616,0.6178668331782946,0.9491538233036251,1.0779170093828467,0.006175074606692307,-0.4857061875421228,0.05662419138270573,0.954002361789814,1.1020800121671424,1.0883909044923612,0,0.00743154577749194
0.6223213883193882,1.4112875163852105,1.2845154684617501,1.596535069142958,0.788490645383084,-0.12493603523660914,-0.865998355866333,-0.9710806605038987,-0.5798340203368068,-0.9510859945111738,-0.5602342793235138,-1.575833748984852,-0.8462107597235496,-1.3151502065044312,0.05135423285619077,0.6286336412952926,-0.20975858771272282,-0.016358061247154266,-0.19616592810594186,-0.9811510155188694,0,0.32071817554573256
0.20014521560248136,0.21908871448104356,-0.7249265673582145,-1.5053445905329235,-1.210678547698345,-1.3096589817087791,-1.7607720420733348,-1.8872675620294008,-1.7503474976647944,-0.6551766060035212,-0.8006363848341291,0.018384749239007625,-0.2714451609118156,0.19730236096273707,2.025231735310071,1.5860623644057945,1.4603186931974186,1.5508547764409581,1.6268091036109764,1.0143370921073627,0,0.00036191606633278887
-0.32598948007477996,-0.1792370231697636,-0.14896918989184818,-0.15869346901528406,-0.4457717217372537,-0.3452496859847103,-0.8160271352711561,-1.3093967660123964,-1.8694512434019666,-1.4317019347032278,-2.111236211789361,-2.4673370593766477,-2.3800154633020187,-1.0158397756719102,-0.40651200339385574,-0.16417174573694832,-0.15709845157929536,-1.8840263340235155,-0.6724757976526594,0.07529339194285027,0,0.10532536835202527
-1.2074882028305622,-0.7326334404463081,-0.8372624214806147,0.5929801409234728,0.8118128571986767,0.5473748980882556,-0.4817340063608252,0.49496033643440024,0.1789556369581114,0.16651017513498895,-0.3121828029078879,0.32132458015911164,0.1589119266557728,0.32351943630194174,0.721807556070836,-0.36286061766049676,-0.7075969921496532,-1.3987694053268063,-1.8851524586916226,-2.8933846252495066,0,0.2750428399609869
0.6947378351186088,0.40794459513448433,-0.8772601336787041,-0.10651301108209237,1.161738066336152,0.26579301834040975,1.1142235580692,2.091280680292842,1.5734660557657452,1.000549985955729,1.093030842336853,0.8814302202198794,1.2558739321956327,0.930889718347837,0.7486799335034442,-0.21385120206374242,0.1488128127594,-0.046815555157097455,-1.1566129013638995,-0.8094086659474522,0,0.023429762628742586
-0.92806360907303,-1.1981158003509056,-0.7000689174076129,-1.0664109306683751,-1.2771532241603434,-0.28775240212373887,0.6786057701184066,0.6661679826282213,0.0678711553737473,-0.039874594994266585,0.22852695929676647,-0.3518571216680779,-0.4830675817732142,0.24316669621700618,0.1995403523007823,-0.2874799396791881,-0.04928646772193689,0.34593997499440843,0.6802213191810844,1.4016294320994906,0,0.35570852471119196
0.5811647658830149,0.5142152417152306,0.21384334096603458,0.10282113523766996,-0.23800199027502997,-0.3864128899802485,0.14538816814519764,0.25113699874668033,1.4401058223441736,1.0963114323952272,1.0047493450450313,0.9617074541322443,0.1006282905193968,0.3739056303017059,0.4084970349450506,0.06543400951527897,0.4701795128002855,-0.7829049748221789,-0.20540815758130412,0.3346224779099767,0,0.13184052723178216
-0.20402384009568256,-1.3186064221962825,0.21509741077886332,0.09767959456078977,-0.5973707294510167,0.18255232289576567,-0.7243693220870454,-0.978584116308263,-1.1388005382388924,-0.9276212318397877,-0.03027261590155916,-0.07022333794450082,0.17476747831381753,0.027646559461042344,-0.32262487045365607,-0.8157482894618807,-0.718070001836781,-0.25850202147435936,-0.6682056918497156,-0.6251409167223719,1,0.6384533306230492
-0.9630194062055788,-0.8336673097150731,-0.9690279532896818,-0.734840870002665,0.26601349333785285,-0.6744135171269143,-1.1762756542480286,-1.4427406319964795,-1.1305117245563545,-1.1061602321054527,-1.1032709648975398,-2.105324668329224,-0.8368447287543264,-0.5441670354555646,-1.110776814411424,-0.3357372741350551,-0.10870613462368008,-0.18716128854514785,0.28429187721000354,0.23746664444947213,0,0.011666821358624707
0.04850893299815494,-0.7032921181348065,-0.7194229886707357,-0.7088661073437102,-1.2547543934679304,-1.5623061124161883,-0.5012538376831216,-0.6701205451442909,0.39975163914363654,1.2488232591093138,0.5107814614207117,-0.3102317138949907,-1.2361209148774595,-0.9400407487460019,-0.393418018578592,-0.7170620155829993,-0.8639091889957995,-0.08141840946145713,-0.8020548368305985,-1.4471617399745866,0,0.8160090982378455
1.7527679040465074,1.603482530795431,0.95497156498132,0.9703813688075734,1.8197960618119,1.6306247366946443,1.41456526152185,0.9542093500896531,0.13823005638178407,-0.4470227831963219,0.4387343022172831,1.1601782683289348,0.708428300203451,1.0554275687898067,0.7291618458281705,-0.032129889448688886,-0.7027407561676001,-0.26102013797636014,-0.4308580504431725,0.06359807383460098,0,0.004863538570787858
1.4012866503951984,1.4126460115753952,-0.12140899831168381,-0.4325223445200411,-1.092553968376404,-0.7266998417041302,-0.7094313594118749,-0.9076205001366126,-0.7715816229367514,-1.489895196441466,-0.602931552538221,-0.6181516285319262,-1.0282950792476169,0.683487802338303,0.18340632792333256,-0.787685912339798,-0.6676611803766159,-1.0346059557554383,-1.2643987073256464,-1.336667007325379,1,0.9377562367052422
0.8127583630945723,1.5892506587442978,0.4861000993886542,-1.1040060868007737,-0.3817111726166334,0.3235705729736837,-0.15481067173648827,0.1390629782868659,-0.09346105975301537,0.03373394849745026,1.2459186157418223,0.7070326801557565,0.39096893940130006,-0.1614850870835144,-0.514737015362293,-1.012427324929454,-0.10112889978143169,0.23318958908021042,0.2942708587553026,0.9871816803505823,0,0.39075102948624807
-0.23958309623429752,0.00307900059479302,-0.019454470212221218,0.5773670818117708,0.14372618274156285,-0.6871928804806432,-1.0470160110373161,-0.4760156653159711,-0.06842367680515553,0.4004998903507087,0.6158566025283089,0.09196937907201996,-0.5455224350980389,-1.169122304254645,-0.47163438163987725,0.5025856051166696,0.055966820185295196,-0.9019744791377539,-0.40827820257624875,0.5012408393622504,1,0.9187339370953986
-0.7597445676182425,-1.6816898747217939,-1.4589784350890562,-1.3580867833710175,-1.5500117481168603,-1.1598326667757726,0.20191920442163805,0.862470687987819,0.6820672904915652,1.5445905890648601,0.9330710627684685,1.780657521854507,0.7707354748282966,0.39146599690291767,1.1701505493595445,0.6380225242416029,0.10135885610326084,0.17744285470957982,-0.2527599048804233,-0.6233299638988178,1,0.6240955473395352
0.19262084996991624,0.8490375769271535,1.2644883052070495,0.750209395224141,0.8450476355262303,-0.1695225785554939,-0.6272715106560363,-1.1571133909842446,-0.5123639301910708,0.31828955706927453,1.3115858367594386,1.5108353187567158,0.1231355514611846,-0.20225150147684992,-1.0365007935720383,-1.173338273233139,-0.917237668420662,-0.7270925360117555,-0.6428002004881125,-0.4667824178871866,1,0.944497890828693
-0.5870166085946412,-0.46437581946028367,-0.5288608006775245,0.1266214983266156,0.13076185617529962,0.8253202118642425,0.4043480903385942,0.8817376298711043,0.2179240691262374,-0.1766767286648043,0.4699105653792396,0.36178935420332636,0.19887000506417765,0.24589161836674828,0.6683916920940639,0.4406241105927165,-0.13052440321288308,0.06638315664791027,0.3434763920529109,-0.1394394070165954,1,0.7764881426703428
-0.28722593227620824,-0.43482971692169226,0.17898990239930654,0.6015833476237966,-0.31571752818766774,0.15456617193775732,1.015569810155003,1.3220993185801435,0.17697426323361393,0.4375271564566481,0.06809446537891001,-0.4986138427754545,-0.1874637442995155,-0.8331933959810915,-0.11089302379968052,-0.691960344484292,-1.0593240348001354,-0.8634554838438397,-1.0684817432704214,-1.8106789113555424,1,0.8688590297371949
1.3021475678738403,0.37069619371884677,0.1985191520302191,-0.44280405499998904,-1.2625378316435893,-0.9640972040281645,-0.7665663585778472,-0.5670237532457544,-0.3450555779403832,-0.7057994729412791,-0.836534973953439,-0.7772437409560455,-2.327693624722835,-2.2975522372668116,-2.3614132085068635,-2.605152518004471,-1.4679527879889114,-1.4612399232694198,-1.588573180380401,-1.7435749553462332,1,0.9999972232068034
0.07826884693969335,-0.41685011720093473,0.11047001149338614,0.09632662632656303,0.1649349398601027,-0.3395585906144341,-0.9454624098786273,-0.8935416153197906,-0.9941973002634215,-1.0730039201806683,-1.6857442063310117,-2.4754735110265926,-2.44498972937834,-2.397860592988664,-2.352417655649943,-2.1411904112414972,-1.2619318704550113,-0.9861320478867546,-2.195027054641213,-1.771886563812571,1,0.9991266522706909
-1.268272906986758,-0.6288342677717736,-0.6264926462995045,-0.1895949438246116,0.21301886587477786,0.020623411284009373,-0.4667259706272096,-0.5159026781870608,-0.036786474663474816,0.7293839478892548,1.019371942843204,1.8311989621364577,1.7041718636778882,1.3557054451265298,1.2141253946651396,0.8439073063434509,1.3052875092517122,1.432807512313709,0.38830792477921344,0.9576962715967737,0,0.14088166860816737
0.22030616308490045,-1.1718051621038605,-1.0953328630119648,-0.27649221593341916,-0.33507848826488923,-0.2228871042507822,-0.9839777629173085,-0.3718959594124111,0.010341510986275528,-0.18740851109595283,-0.6037964139640503,-0.6794702196274961,-0.9039204841099127,-0.7225772218327453,0.4377014549818235,0.16779120062152042,0.623655211339712,1.6912794889917622,2.0200305204324445,0.9110320724242998,1,0.7890639635223943
0.07149157096098444,-0.5189362232813509,-1.3775113003740143,-1.267384770174732,0.5089533918793264,-0.19123410422831533,-0.2679596600798415,0.0575501060287467,-0.14528654266924323,-0.9242819560843304,-0.9094926833402696,-0.6375589764922212,-0.41524160915183067,-1.8004401670285555,-1.4577148813815022,-0.9150379161621557,0.13086731940463026,0.9848332357943229,0.7417779298827076,-0.3802230247541652,1,0.9992555102010354
1.546728944400989,1.0371064030772397,0.9201897982431958,1.18323189376455,-0.19678023233981237,0.4169315539014327,0.34338540600047085,1.0211309256318204,0.4034142208675002,0.02257565196256708,-0.22051363221656015,0.8232021720319864,0.23476925941472196,-0.14428633868373378,-0.24719202225737863,-1.229212337994193,-0.8997339107383105,-0.7511907299907824,0.14347113792627808,-0.48327459520459665,0,0.08930978292139258
1.2858646060975247,1.1747726365039532,0.9216080695222348,0.6706725051811987,-0.29146978380983557,-1.5589370779399132,-1.6929352667304125,-1.0306153656129968,-0.6119651409075897,-0.4294846324896243,-0.3387036363034535,-0.38185677915964866,-0.3276049609361432,-0.13694223379930692,0.34863628778436667,0.5037087119885205,0.4538739116200955,0.1807055830925341,-0.5780767695458077,-0.09124954812197951,0,0.04258665488913442
-0.9033736195212152,0.05413449977592368,0.4638132805600933,0.6521207817419128,0.35702134785216744,-0.3243073227934724,-0.13826586763534204,0.48118116243001496,0.7108608819023591,-0.29993427094045283,0.879599094794305,0.5224450146301266,-0.19448891001729396,-0.3612433672423799,-0.15428552474471813,0.586686999085324,-0.24665714020056384,-0.47659621242126643,-0.4886753133301619,-0.5543580587026735,1,0.8611556109435856
0.16371850704651067,-0.09577246851924473,-0.7316508539639298,-1.3233505951801807,-0.9655031603043223,-0.7262326256659651,-1.1985709098049475,-1.3709955542944083,-1.4956829320266998,-1.009057380940176,-0.908297935823087,0.08073547707598339,-0.37971721086054333,-0.30777586335096413,0.35168232208505423,0.3586684062821725,0.7386342754443279,0.460247933800279,0.21187103238931732,0.10215253447807147,0,0.6330532116631353
0.010367709751698246,-1.2421791137941447,-1.1180904917582617,-1.181824487612739,-1.8686378205953071,-0.9204601469337348,-1.080919486042328,-1.3952547268232411,-1.096432283677095,-1.051905032081211,-1.510504302454307,-1.1314494912050206,-1.6147179934219265,-1.5020045961835504,-0.9178491756010554,-1.5429495552559676,-0.9325136752560668,-0.3541505049773289,-0.6377483249518341,-0.360634649317069,1,0.9954233874394859
-0.5558315249056948,-0.1251168873651883,-0.1758696294207947,-0.05282628533878187,0.5154900760523305,1.4984440353790882,2.1605648022494672,2.671799505240403,2.2972393536743936,1.223473302067561,1.2313837079245973,0.42800035053687424,1.023138251211358,1.2829672354229427,1.8984990181696197,2.3118744886779603,2.754959332884992,2.0560266080525085,1.4902172102863311,0.8331460606272628,1,0.9998785553588746
0.6104482148534834,-0.6753033046078386,-0.6214461040706427,-0.3974151024218517,-0.19610523786915882,0.4181493773708947,0.7057477939349035,0.9318889951642101,-0.47975953064371885,0.005198798167468298,-0.46213904483702983,-0.18771539057674316,0.1161893791077517,0.22160382020111732,0.05891262599144685,-0.46215695751286884,0.4389629666249594,-0.4375945244694434,-0.4247206110821022,-0.5165985194754037,1,0.928040994175674
