X1,X2,X3,X4,X5,X6,X7,X8,X9,X10,X11,X12,X13,X14,X15,X16,X17,X18,X19,X20,y,p_i
-1.1087864741170577,-0.09940479726008072,-0.6823901374407841,0.35524452522394173,-0.6661285317435708,-0.5687077925233812,0.82680739226394,1.2429324306732952,-0.047082869727347584,0.17583193683394133,1.2474106906460969,1.5862789261179457,1.3060978046459666,0.5488092704765766,1.0194038896966162,1.2793920976910127,0.9325147613599848,0.7229834990395887,0.9909533623699064,0.35280409046931405,0,0.10962077339030585
-0.7999211401462055,-0.37409241350543965,-0.5301018304492966,0.319849474879243,-0.13632914962334575,0.21021305510974583,-0.49834340489505957,0.3635948155574297,-0.9111826340277378,0.032008012966981976,0.4053403861304941,0.7749313523369937,-0.3119722834306564,-1.2952831162424154,-2.2794573080778884,-1.3477668586747404,0.8784476297947189,0.4366570485133746,0.9137599784585765,-0.9310817064678897,0,0.0073998184907725535
0.3408174310604706,2.5447400566999,1.5689696589442692,1.2384262629701968,2.3896815995228806,0.9764658637492597,-1.362185829564857,-1.7087700595942628,-1.0422172940185015,-0.22475823360462374,-1.3441883554489389,0.1208191191468781,0.36934863252298306,0.13743975435060343,-0.2976338419971677,0.8266779800479305,1.4113071261623484,1.1885855642422747,0.4168849127683661,1.2898433009787436,1,0.9967392031187373
-1.5010395388633992,0.8926430071328586,0.8650345753208091,1.7547509777847126,0.9384258039036705,0.236647802839086,1.4941427617005631,-0.343368683979602,0.5110995663311322,0.361563614473342,0.452315827077898,0.16032881699081838,0.46742394009558225,-0.5863748325011305,0.3113328669907501,-1.3388843175905567,0.49585217534543163,1.0434890363978686,1.6258932320900141,2.377855704377938,0,0.05924765017135196
0.9986201458374911,0.20314729062452708,-1.445388440302402,-1.134427947843555,1.8314709699841503,1.4011373761113024,-0.8378457126625033,-0.41455081651241926,-1.3753580973003354,0.24973457398021692,0.02131172831864604,0.4273463024846983,-1.4113946949639142,-1.6679454267251081,-0.16395043343430243,0.9388564161816864,1.4471786869722971,1.0441969151202626,0.10565812174846527,-0.08652104775502327,0,0.014363626263488284
-2.3214063898714437,-1.8669426830240992,0.25396684468559794,0.00023433267479128344,0.06531527068779822,0.5755387172590735,-1.3524868711691191,-0.5659977073248,-0.7407701272854696,-1.52664100295758,-1.5000634675229794,0.5341930227440397,1.24477160775277,-0.6855828656762808,0.38906018904338086,0.7771298571628943,0.7462284499161492,1.8882840505933696,0.9872930465318641,0.7014645952198626,0,6.7620503087817455e-09
-0.25033040653696176,0.3858860886933098,0.6239130644629559,1.1288366501663265,0.6842519524678532,0.23311859482627226,0.08500572286510201,0.1369063794138815,0.23336619680753326,-0.5386026601532049,-1.2064559159689927,0.6375557038931688,0.7963037590548153,-0.06760253719556199,0.7530978229210494,0.8092336891245628,0.19907763433876793,0.5300435815938915,0.9835289634987893,1.0157124763870644,0,0.04820419214970668
-1.2150888064516592,-0.8651429374717138,-2.3668031468342137,-0.7897542005875459,0.13565992370572458,-0.1858312270386502,0.6870629597723035,0.1692683686736734,-0.06871145847414706,-0.28417538107793266,1.419076363229966,1.0091591394655146,1.7374832275319256,0.3423986280350039,-0.8246696526632061,0.5093898033211275,-0.8290779908962337,0.424753209613295,0.530575921733313,-0.13498591806403354,0,0.3918866688785226
-0.45377609707196714,-1.5865898268842669,-0.5208210230950546,-0.16513734401559085,0.559818442149079,-0.2275518240347526,0.17008685884012206,-1.7354651961454448,-1.6984428869684194,-1.4144410385215578,-0.8390946232223319,-0.26533808169201933,0.8180075413878108,0.24823888630871024,1.2085502258902192,0.20816883136597966,0.9712003119910176,-0.5500295678275997,-0.4478865351602701,-0.21084767477110927,0,0.2714426155932081
-0.3652119655710162,-1.392530628525004,0.5240999665279997,-0.0714412794804403,0.35533787980079523,1.5879800095035412,-0.684474502943363,-0.758601958231788,0.6730879416326696,-0.6945911280047413,0.5574676826762062,-0.5382040313592585,0.17438786123731514,-0.3553349320261672,-0.425967983821787,-0.9732717121150308,-0.6502043553881826,0.8905367110690106,0.930170962722424,0.3871039443804901,0,0.04720529228694767
0.4586548893323781,-0.27857729567063577,0.5141250968809535,-0.009733103192024271,-0.19784255079649155,-2.3440989626313145,-1.4728386085390996,-2.6695740157291947,-1.2078278775961107,-1.2194551154625,0.37730715806163845,-0.02352911209418622,-0.8798050474017199,0.2593847104490503,0.7139698088177332,-0.5378095053586687,0.26112927782382506,1.0111005293092328,2.271613257591255,1.6293761661347679,1,0.9749433812981211
-0.2632934630086326,0.17897752006813802,0.8340968091888213,0.6558528626090222,0.7051146376695371,1.0695511333550227,0.9597087992409206,-0.5528916887620092,-0.2621347104773412,1.082848611010633,-0.8450415282467012,-1.1773177630110854,-1.0390491691726098,-0.24802219430156172,-0.04436408383663468,-0.04665026455147254,-0.2130406545027883,-0.560878169015603,0.4415695783819404,1.7090379722586742,0,0.0001260044596163158
0.5806350633890003,2.6026851835842075,-0.0805280884224019,-1.2293204264024191,-1.6980911538127197,-0.2671289693011454,0.015538399419582852,-2.458854150229136,-0.4405871141643335,-0.880311803641583,-1.3299181708593268,-1.2446545332629628,-0.4751958626333039,-0.4314072913655658,0.013836604098609167,-0.5423933777897963,-1.325392618607177,-1.2373324831165162,-0.892114164481001,0.747086716054388,0,5.515044394858828e-06
-2.1389370304141235,-2.1236600764604576,-1.0119984684586658,-0.4224386326634687,-0.6476712049365183,-1.0237816787640233,-1.6094624940450455,-1.4865243568932938,-1.2522751150106808,-1.877675823728198,0.21005618282031255,0.79130099997663,1.2049614520444754,0.57777144485138,1.1602381872566814,0.7032541445127797,0.8590068643038804,0.30204871922331655,0.7791737342665259,-0.24126539055617452,0,4.770670598726016e-10
-0.18600996730632363,-0.43056624594222576,-0.1823374182682915,-1.596830740413894,-0.8362036633820211,-1.6304714276455148,-2.1975076079982023,-1.3658955360888352,-1.5443896674654742,-0.0765280233259957,0.3449916486564278,-0.2972886452258122,1.4752804513182376,0.6491158392205749,1.0907256655446482,0.012772786565336602,-0.46973410013641126,0.3872062159526779,-0.15327694703100764,-1.1797348273519805,0,9.35563746810714e-06
-0.9760634121839554,-1.5204362211596907,-2.639455972041072,-2.035388946830998,-1.1892595147799567,-0.4624667254702509,0.47131906083513153,0.42114482058857433,-0.6513888621172343,1.0754720212488809,0.010354621464974829,2.6103843276618135,2.582266969206303,1.529502489451438,0.6566054620555153,-0.27849392903359127,1.5675086144819572,0.0465833096712651,-1.4281720122436203,-1.273461322586989,0,7.172187945738671e-07
-0.2870446523759252,0.22302660635066457,0.41118217331469686,-0.7233856329002573,-0.36797788068481074,0.43431642270520904,-1.1933223565638182,-0.7715323915764962,0.8678951210965691,0.4398349633947796,0.7226113888693589,-0.11115006904543191,-0.2929743300161437,-0.8792190566869856,-1.6613771561257333,-0.3429936821777831,-0.3117337150454276,0.6731178911927979,0.37224562374815917,-1.4509408447545993,0,0.1653203985008189
-0.5297213965534021,-1.4787026119665405,-0.7909246184903136,-1.021345581325896,-0.3781139711821255,0.03507440177262411,0.028550877186344494,0.18284212701186528,0.8535676004907147,0.09215192863488245,0.7854629326695659,-0.021152770910150918,0.032919715429942105,1.1026727275364199,0.19257427370619537,-0.48521188161571466,-0.5839078173175828,-0.6457212486072753,1.1783419305357175,0.10602326076738113,0,0.23424787320547918
0.04141422686734484,-0.9158261365057818,-0.5164666050692953,-1.2617361190795073,-0.7000351073032925,0.16523241556566107,-0.025981206219915117,0.15040955347979093,1.181249760832113,-0.5591103155912827,0.702561511948394,0.10438937529774031,-0.007832903346058358,1.3549919144620834,0.924108235152609,-0.024917659085700115,0.045779384135193016,1.3145318890777915,-0.5496043568349309,-0.41107550373731044,0,0.013488491499510289
2.3987494212797813,0.16340574100145633,-1.1111207932667817,-0.04374882411408498,0.038209875833050966,2.144134321120706,1.0365379276080402,1.4539423035803793,2.1941089830441745,0.33907290440222665,0.011275247797782995,0.5368341063932895,-0.7891288506056788,1.547239028733413,-0.6412469468864662,1.422003815220413,2.0857258637787894,-0.08321407641708299,-0.15003086467742538,-1.7474171372178673,0,5.2075333926269853e-05
-1.1739229887781444,-0.22974898074074793,1.3037478205639303,0.8880774064693366,-1.5100110618028677,-1.2027695210466927,0.3951962141882559,1.373847173333463,0.28392811638684157,0.6028523121533366,0.8696723859387028,0.2881475872473584,-0.3134942589919755,0.8280509343912783,0.4171552250434853,0.4890073719406358,0.981549591289291,-1.2664639608642982,-1.6038154071684025,-1.71438058917306,0,0.0004877080418286341
-0.5519477076379362,0.5420100835407824,0.8015922763235913,0.8429755813806292,1.2157559415458588,1.6974245837691853,0.8399257583375256,1.8488724938326981,2.351397241808124,0.4831269984642222,-0.011051400356132397,-0.5819576936873173,0.2786642501253321,0.9614284967991626,1.1868660539919762,0.7773289216581822,2.014177442301907,-0.5329869011167128,-0.3379997137458768,0.07703030089509175,0,2.0578282778741825e-06
-0.8188814877668043,-1.4272377434193282,0.8809142072804291,0.8471843104959059,0.5373373454088475,1.094982406500015,0.10777941355728189,-0.7861506735462717,-0.1362998188204607,-0.6750926875355793,-0.4552703682948988,-1.066313892893555,0.06081109218861537,0.7152098646419089,0.7228912881182696,0.1208229924080759,-0.3825341167735184,-1.6540778405591725,0.4776363746601723,-0.06440976703383443,0,0.47246235966558564
0.29643162756574276,-0.5685331199214724,-0.07592136098291036,0.5471834687773443,0.629912124696719,0.06672428108993227,-0.31294780205812683,1.16554870264148,1.5096917406128683,0.9031968609907662,-0.6069446778519647,-1.1473944994077072,-0.23396421547061477,0.6027428064503492,-0.9750559315744679,-1.3379376263471583,-0.5957032934391742,-1.0941114567946633,-0.8647453123861696,-0.9184968622810875,0,0.0019050977492300514
0.587874458820125,1.968147232173003,1.5342392033908647,1.7007124523491133,0.7577037335987421,0.3076151620965769,-0.44313663763140104,-0.8669889279959117,0.10189557484726368,-0.5305990932405059,0.17029212429097787,0.31112785732129306,2.4690343910684156,0.5089539869945464,1.6727909505511491,-0.17205926924811765,1.0067310558096698,-1.277404418225591,-3.279540130628144,-2.9658045938101423,0,0.24145865909949632
-0.458825711718653,-0.9411282249454314,-0.7455452356102489,0.3975494660870576,0.8916120744413583,0.6064569545789528,1.729848943370324,0.25907386709317926,0.028784057227964826,-0.31793350858817404,-0.3155538773978807,-1.0267455581830465,0.11690186426663743,0.16409576437687826,0.5548856035996594,0.8735383529479422,0.5902847846277386,1.9584986432299418,0.7518453860401391,2.765926287995602,0,0.3327555573332855
-1.1768477654171632,-0.34273516058272413,1.4845321197839958,1.5505024697284906,-0.047375951777339734,1.0972474650155992,0.29870295712115896,0.9581974511981866,-1.2879905673146401,-1.0014693276925775,0.9771333661163227,0.6112320380384347,-0.5198747604159214,0.4707973965299336,-0.6255557893832449,0.08834587798181916,-0.33390378837660967,-0.22592215861646933,0.11304764941081144,0.1880033468170701,1,0.046868693512952815
0.8568202434126275,-0.7257581984027293,-1.6129401778621137,-0.6202409769759653,0.026644750720532972,0.6971820425468016,-0.2625981281333604,-0.3638939705935453,0.4660477055320575,0.6152185012583373,-0.658878086882665,-2.636683121447023,-1.5978259270865682,-1.9399832669546013,-1.372065779871468,0.39806951085084197,1.215065072589021,0.6391580520968084,0.1469275254322427,-0.6086007015885397,0,5.169623552437706e-05
-0.6110959251487608,0.5860911597779442,-0.7799705310059687,-0.03715367005441952,0.9578866691664037,-0.587536133554673,-0.31022651566442294,-0.2498895585671583,-0.9425055371157149,-0.6068495045961322,0.6958323030285303,0.35099837553413676,-0.7742970975244103,0.06202696554402052,0.3549867947452449,0.21704467433880828,-1.6790198271036127,-0.9339000811998087,-0.5960768547065088,0.1402712898871034,1,0.8663604636581081
0.20352748883804442,0.6937313181195796,-0.03800146042107679,-0.853121234683,1.0692205709989173,-1.0463688476012083,-0.676350665795173,0.5537292236182446,-1.5961638718815838,-0.8812038561864043,0.17295720421396737,0.9621308927578069,-0.3011015023568801,0.05009744155166149,0.4709209125012454,-0.7437308609105104,0.9850854792855264,-0.867447067102578,0.6053977768964742,0.7427006057268503,0,0.10829020678379993
0.28513036468710595,-0.6131320647843695,-0.41782527708300393,-0.9430989026607655,-1.302646835442799,-0.11672227105845753,-0.48491628512037144,0.43695618819996923,0.6405651279513461,0.6957994254252703,1.2878012151958165,1.404588250430236,-0.2396102958420116,-0.11750994624401179,-0.29846297054997056,-0.7951784211736341,-1.4168381410331161,-1.0855590373089135,0.5938339705243346,0.33717277750245755,0,0.6430313829820612
-0.5970510979473905,0.5544282044411936,1.3428278060506902,0.8796180758382105,1.1765137166689414,-0.5556054267359418,-1.170256983271703,-0.9155624951475282,-0.714338732318253,-1.7791154419099697,-0.3389704418099874,-0.31183759888911006,-2.226391550164834,-0.6295789143512238,0.2930061667298343,1.5658207003423343,1.3956250261357537,0.7900491509634251,0.4972444826718748,0.5417296577122708,0,0.053471496358718174
0.3873867383463606,-1.1920849329450098,-0.9260141797413772,-0.5014727869745527,0.017997362171045868,0.4520958123289074,0.8510568359268611,2.1177787950227867,2.000184705962307,-0.15034295178555848,1.5037573845179748,-0.03545378884344753,1.3631224032959794,0.6171788456464582,-1.4398778199122932,-0.6380721762069193,0.02545971478441301,-0.4943391358273033,-0.26880974908227356,0.1349007740280596,0,0.06025090655245242
1.3187006016552372,0.6588507097579218,-0.46808791541506056,-1.1800394492538773,-0.4407993913848094,-0.6042420898791343,-1.2741464240162068,0.2791774828466202,1.6431914199429494,2.1022807106278933,1.9327840979409354,0.5222055275733387,-0.2166011442980982,1.7808908463125614,0.3231866961613239,-0.23917202992423486,0.4812295487259682,-0.7394332444294055,-0.9574650127332032,-0.9823672333522117,0,0.05400851977561187
-2.3519478850934146,-0.49001375791510815,1.0307408573459644,1.1649731844525018,-0.04803683729585782,0.5883639792032097,0.7580197105988857,0.09023019438404245,0.5648573528425729,-0.0021447922680606028,-0.537901483652899,-1.4141650520663014,-1.1681942376102235,-1.643586722676765,-3.0695018836517667,-2.1943237119805206,-0.842673195049744,-1.1897537849072972,0.8107588498565482,1.3670264374533299,0,0.012406065291600862
-0.35241678437629004,-0.22364836514530023,-0.22563212137071909,-0.0713400689461293,1.5887036727913597,0.6182248064899075,1.782647757953629,0.6639684491116159,-0.8017793147105965,0.10298895185041469,-0.3276026461829357,-0.2524686892378009,0.16620405287594048,0.7884502468600019,-1.5788356449099807,-1.6343244343010308,0.3851725844481302,0.3816743890145167,-1.3885760457918979,-1.0891501645585195,0,0.05030574375088108
-1.2878784292188876,-1.0166221392116437,-1.372227463408518,-0.8618704916057934,1.2284948027856528,0.13066248237191908,-0.0037855651946490953,0.9604092937875299,1.6595734171794438,1.2749016826963833,0.2339151096236129,0.12812437963868115,-0.1653306700659349,-0.957140856669457,-0.03493737771544806,0.8845919002595166,0.39872983482996094,1.2192065181089269,0.10315680456371219,-0.6670666551218158,0,0.0017523847494316342
0.074787991964127,0.01539666458635638,-0.05237447179972223,-1.3260688649738237,-0.45628897689997655,-0.04059450246014675,-1.0299743290663095,-1.4629621878127297,-0.3010876384684606,1.0626361152603148,-0.24352750992155103,-0.6500309760614718,-0.9427788342895089,-0.570298943513589,0.6790868721329377,1.283728084725803,-1.3681675900727366,-1.0378147551907293,-0.02638577958224182,-0.9033536936842145,1,0.8189304821712631
-0.5458733414126907,0.6757402588412101,-0.19388228040960215,-0.7161156439585139,-1.860838009504742,-0.5123128013216501,-0.020440954781978587,-1.005597874580486,0.6862572275304866,1.0191963696900601,1.5430641994684609,0.37611959132520856,0.7198467580854765,0.8263077774714398,-0.08992220567053677,0.3703223455779778,-0.8621882589532941,-0.44030987649520664,0.4563216815389731,0.7996340143896078,0,0.4430275807534971
-1.2405958546713747,-1.439287393897305,-0.32382645683710803,0.6360827124026717,0.8839302931991062,0.15769642668482037,0.01713860190688907,-0.8102938026977542,-0.05024544473892377,-0.3574139378585787,-1.4210650654850274,-1.8725123790682328,-0.941060083548912,-0.7292405504258442,0.27788291079883365,1.7551347435719205,1.3325764077247229,1.621182442994342,-0.7452622970385353,-0.1225153549284942,0,0.005443733816539472
0.2699386848190494,0.06160626341762024,-1.4224432802390363,-1.476157221690803,-2.7304013173573844,-0.7512612614760309,-0.4457526738398353,-0.13451762085993899,1.6564863037546427,0.3741481490374497,-0.8085826961809077,0.61323619143963,1.1846619779415628,1.8497879759824634,2.0141299544115174,-0.08463258560475685,-0.25564467993657847,-0.8750479430552709,-0.061593713433144376,0.989569131021839,0,0.004772756404525472
-1.2534139960621402,0.1372290723293325,0.2201575679833459,0.18516456551557714,0.5171743398608708,2.2478485011197624,2.4125851953064337,1.6000652985050179,-0.2750281477685232,-0.4270945698698038,-0.6331001056331375,-0.09355405482678436,-0.5192309334859354,-0.4860025443159502,-0.29242130549639184,-0.28507136459346455,-0.5096863948521917,1.3949354471566462,-0.34549458645837455,1.0821386516318765,0,0.00040630420716252543
1.3103468488383363,-0.8486100321010248,0.10760265698496496,1.477898784859287,1.0135155554603723,1.6626291470639676,-0.8763675929110046,-0.3935923330747682,-0.17594817365523144,-0.039211494084875086,-0.2888708430723134,-0.04460855803585405,0.834432170916088,-0.8994470946733358,-1.310407115618236,-0.6506136559516039,0.9406085466588223,0.9292433351257647,0.3904078940501218,0.008733057745940428,0,0.00025851628657592003
0.8291910803602655,0.23270095858261222,2.377209513800966,3.047896338760059,2.1555533368415767,1.2015963090946942,0.5009156361784991,-0.23020871469678045,0.5015485137833329,-0.08343526778084183,1.3861932861545616,-0.6259737416352391,0.39332646286440215,-0.2797172859882016,0.676295498577861,1.33589743360021,0.8292040051520694,0.7556475301327045,0.9689798570616568,1.7281683862251946,0,0.004237885581525163
1.0467944164087593,2.0464641059399997,1.3220957191155618,1.0097723281954059,1.2355726867301935,0.40578002541625374,0.4497903011258688,-0.9433976643956377,-0.49498636343657576,-0.03178113740153221,0.11124686421135674,-1.3610314935509302,-1.6222795250331223,-1.7162365155376507,-0.3107318895494071,0.2564756391974315,0.7249311758122893,-1.9751708671104353,0.3852917772792012,-0.37961305981611765,0,3.0079206445068924e-09
-0.36256012450649716,-0.4972777813029298,1.014768033721956,0.4239215140847859,1.928783996445469,0.5551860731107862,1.0008182030241095,0.3674056531579186,2.109322400286737,1.5041563421377808,0.9751457623944344,1.2800048793954475,1.8477293481039638,0.40771008151885285,1.3850435465288529,1.358581247195752,1.331413720093412,0.02358591866502281,-2.0888962196065273,-1.9534725303313052,0,0.10773034368322593
-0.2650087469999787,-1.269260025235999,-0.442093829062921,-0.3827583995057604,-0.38764647280322706,-0.39683493886233245,-0.4612183130334951,0.42741791425720393,0.8477742989890704,-0.06386432468839337,1.0053479001467525,0.2527434954477275,2.036633899514547,2.1494099887123133,2.229807885469845,1.0549053347710373,0.6539978020029763,-0.5600702558057776,-0.7757944082464437,-1.8130575279722276,0,5.3329013783149115e-06
-0.061286989721010834,0.840930890979366,0.43592201932103897,-0.0507866848574265,0.7076164245345402,0.2949224118359645,0.21536163734417507,-1.437203717390253,0.7479747242745173,0.6222607877160272,1.0718831525349293,0.9024210804137058,0.3146027126044903,1.056063746269752,0.6327398251901798,-1.0781929957707141,-0.06645078111319455,0.5107633689663204,0.25953317984244645,-1.254617552662008,1,0.9051717815738716
-1.595339231169858,-0.7886684062650086,-1.7633313851289374,-1.3120408952932643,0.8810578694192454,1.692047867569202,-0.7772467922602077,-2.137941521414811,-1.1581927870072173,-0.5079060219934126,1.471729206487229,0.9388816722735753,-0.04813356766910166,-0.1162717992680429,-0.4749902202832149,0.09592036070450677,0.9973298818067732,1.058939479364347,-0.29378318556310795,-0.47284000511637236,0,0.004343465303224142
-2.086980650598999,-0.37238624485987637,0.47030790078101004,0.2664620610928594,0.994000759665409,1.2037244725049934,0.17879972955197035,-0.20999019857202694,0.5766469391283108,0.9895336327793586,-1.2370138127335872,1.2963800664753162,0.8166913920118741,0.3767192071684054,0.05263255969193732,-0.10870006671469634,1.1411348198809441,1.840237407410338,0.10164820760907464,-0.24481253732267105,0,0.006048124143877281
2.6574742608787254,0.2823164849210923,-0.9066011714280586,-1.6395987025687546,0.23939536306134,0.4753128159229384,0.5171666513848764,-0.5256445172595396,-0.5004347740265542,0.9791610116875265,0.8962822238136785,0.026337405271016214,0.965969794361308,-0.17380094558268733,0.34726092182817364,-0.3467440968162558,0.0397525027347305,-0.8287365863938662,-0.27129431541464966,-1.1318668181501585,0,0.21037207695349805
-0.9526537971744485,0.1166426192385541,1.145486298184278,1.3478664962928364,1.2412389059321358,0.5327221313274132,1.1088113251202594,0.4601789871590626,2.0830853871668484,2.8696191698186997,2.2652387566339955,1.4443159878071048,-0.14705801636982288,-0.5130294418007783,-0.17276346795505576,-1.2310251246653323,-0.41976114346111515,-0.41520051367843797,-1.1774101153539136,1.190744090083621,1,0.8843444052099748
0.21999555919214317,0.23416600550878008,0.400049650620667,0.7550240103038576,-0.1574847668694515,-0.5093471626054217,0.10585371739425066,-0.35642904615305165,-0.6641087244114087,0.2748304611909584,1.9308174222530377,1.414441318380781,0.8501130470295919,1.0621249773082093,0.14853965887922735,-0.6329436798437935,-0.5600735723509591,0.43168710096382695,1.9070175013846402,-0.7628571423351392,1,0.8295527491221928
0.5144509523953773,0.18136397899201445,1.7960313778438537,2.200622060649628,1.7478466781726612,1.1256700602637846,0.6193111269820618,0.32741253118636593,-0.9514632825225985,-0.974976402983906,-0.5350474646779184,-0.018701960460166124,0.05556479000079819,-0.28169934529756124,0.14417284885835036,1.8895557702581487,1.968899701861437,2.0791217052977666,1.7969980472119966,2.646825853171081,0,0.0017437165918733845
0.12049566055445773,1.2648017110812186,0.8932877576502306,-1.8864328849613228,-0.5733078481471566,0.05629767047762513,-1.8685393531748737,-1.3270500213111747,-0.19322622352420918,-1.1326079682870074,-0.45723666084124504,0.05104196192412725,0.8001980313003929,1.675476371204816,-0.820521530279886,0.41889813696631895,1.4426482120946382,-0.5175078521737468,-1.4518535660642882,-0.2184113287109822,1,0.2753866241395547
-1.7865660832402297,-1.232318985005036,-0.3562770380580011,0.6319081502360842,-0.6909678733438369,-1.2664842745554825,-0.9885635194608894,0.2457952104416491,-0.5052233174836724,-0.10782351518235414,0.302779921558223,-0.21740876376726415,-0.4553960080337374,-1.096030660200432,-0.16212601504497434,0.2826228705639086,0.5196379091820129,-0.2266102724656106,0.5351692248700137,-1.6551476788755817,0,0.0007881031290285882
0.8197237383811476,1.7441325026054564,0.21211915104555312,-0.14216174678194224,1.6385694233050658,-0.11819870725622252,-0.22452822661391708,0.50636575102828,1.8978062291390867,1.996171434957876,1.2915947759661466,-0.3373173892664207,-0.4997942851003301,-1.2603280244112882,-0.037131174602623135,0.48800262255412497,0.7135860236566262,0.9917474905420249,1.5759446942052937,2.2086836106349126,0,0.0012942719154435546
-0.7158309107059011,-0.030844479073756616,-0.5055972483932117,-0.06875903957255015,-1.399685456607199,-0.6775142093625883,0.39793872126576657,-0.5889820319050332,-1.1851832246470417,-0.5924887760705471,-1.087776750908558,-1.1649358109948673,-1.1591411087146763,-0.819137789781087,-0.7494498970715521,-0.5425572267548753,-0.4983749166875664,0.24195649175009648,0.6286956816023376,-1.4048550918892448,0,0.008572652312072921
0.5135559541114223,-0.8874523410073312,-1.114172257435972,-0.5078250383255792,-0.23277934969023545,-1.6925209889551338,-1.1221052258942164,-0.26408365891035673,-1.941784681175419,-3.3224333498474308,0.4860075063578153,1.0937641688178257,1.7444182326919506,0.8698132092792515,1.4488572600513032,2.3636819470334554,1.500901494659631,-0.2861594995477833,-0.8914457319687132,1.0967479507396822,0,1.4893704317521126e-07
-0.3392994134708245,-0.7608683003244459,0.2227336018799604,-0.20466051614288955,-0.9059088304459697,-0.948010378879691,-0.7225579954988333,-0.42908016127154663,0.45703619048934724,-0.2616228753599923,0.2960908265071594,0.19573804373452178,-0.3678529137063689,-0.21244621220461749,0.44741510891450936,-0.2524646912438312,-1.4374032405041308,-0.06657547196112534,-1.642609993456685,0.8172448760343001,1,0.39062392134366125
-0.44556899099048064,-0.6194670163601025,-0.369023197653979,-0.5270565436917632,0.7086693183621843,0.4016860481636466,-0.626325022928402,0.7759407417223049,0.4160249025273393,0.1989488302366384,1.5790848303832037,-1.9998381688703866,-0.4794091455270491,-1.2574470421784334,-0.30713612710821336,-0.5876325196457953,-1.8053382630753136,-0.34112975059188383,0.7186925126552076,0.5693377506560164,0,0.012651285089171392
0.8154199196206992,1.3058685790294031,-1.1232547455514557,-2.2422085917828505,-1.3298818660835385,-0.4967657904701079,-0.307772455787027,0.3987425865179403,1.3578296125837828,3.3148708858629052,2.1601001481920825,2.6198859597334816,1.3951800457940013,0.28718119592095886,0.4515361890108892,1.3817278956624042,1.0563611793931433,0.1757797345943265,0.4570053807029281,-0.03885589223369397,1,0.9811394644113102
1.8983223804079734,1.7322405766585889,1.6004980547730447,1.6607212824567876,1.0995095052853066,0.26396461631664864,-0.5071698473162577,0.2993816777487548,-0.5719379921471471,-0.5632631323879391,-1.3271891608297801,-0.26059948106539044,1.1155966533179906,-1.3319592550925614,-0.47608845094327873,0.6177248383020228,0.05500400984800269,-0.8841405192722442,0.25449833689615314,0.31445065005785366,0,0.007682850235714367
-2.0384140096868464,-0.42973804804267957,0.5188154255007988,-0.2003156147969558,1.3477384482069752,0.08509274232671826,0.4687913733040693,-1.0610337767719316,1.0737680924401138,-0.5430388095655111,1.9377265892845859,0.39770300374451134,-0.4020875150940846,-0.23156022220442238,0.001373101295930824,-0.765299882579736,-0.8727871646020848,-0.12781271555437082,0.012566216172698168,-0.3272382839907723,1,0.9096639819625224
-1.1114615584818237,-0.41357965328861185,-1.135787681754249,-2.9791903365554155,-0.8228064321830454,-0.8422094590861393,-1.7838693589453514,-1.1434335568058107,-0.34104967949192944,1.4450205082471086,0.7919682564848941,3.4348290668184833,2.030792196231706,0.5475236696199061,-0.6015785990178052,1.671910125389214,1.9535741536841036,1.9201784712577903,0.20107979434374315,-0.3353456097358988,0,2.2207009028732845e-11
1.6129229984863167,2.2188229990092605,1.8703799120019944,0.45799046002698224,0.1859552415109364,1.1648462485505013,0.018220415517188674,0.5189697917134104,-0.37064391450565387,0.26128672358090144,-1.4137293018048118,-1.3010678282798958,-1.929312213239045,0.4793677921133111,-0.24848810418197173,0.9036282535459679,0.30190095313151866,1.8723162796987385,-0.6475923812342451,0.3394552821703526,0,1.2729317384589701e-09
0.8724835182507255,-0.40084929884675374,0.6835419168025159,1.156469421110049,0.001538251624898104,-0.6332719726966741,-1.1796209556003094,-0.9544257809511225,0.6322307411963518,0.7119746693455227,-0.31690305544122144,-1.0994131352292884,0.6727314136246607,0.5674116117552934,-1.2669915770159454,-0.05600148772116259,-1.136485403664752,-1.7770038640866928,1.0949557682948494,0.27502432375939334,0,0.04981557601921389
-0.01995277340104795,-0.5636046526928807,-0.8408582543395032,1.3702385051095938,1.8415904702179269,1.06358379410467,-1.410298722099732,-0.7044808033488166,-1.1368881120278282,-1.574330372428743,-1.562587688451533,-0.40089471461946935,0.7056171872549606,-0.6854732982199901,-0.43272872189626416,0.4926219878606621,1.3003564755610217,-0.3403510120539269,0.9441427851459288,-0.11784276507617406,0,0.0001416009106490534
-0.7281157929779366,-0.011531350404167407,0.23218197424193168,-2.08847380742385,-0.6189975272017204,-1.3010627038784628,-0.019444310492651322,0.9621401077544862,1.4517392346263562,0.05599642185392504,1.0287914541813958,0.3395413123957634,0.9551871334687706,-0.27413854861293724,-0.02559123712216343,0.774825311765546,1.0724498191012437,0.3753407708952654,1.0417538302497564,1.1351494050921827,0,0.004154595451567282
0.8089600330315084,-0.9994970485175916,-1.1554591551394529,-2.9183924352139043,-0.8418452842666736,-0.7642244759725192,-1.20248179949413,-1.0830727560404834,-0.17920179108149922,-0.25873570068253054,1.6963573736843545,1.2889968549926176,1.2517842203393907,0.8911187225604627,0.43023631740397256,-0.029935795956068132,-0.21415908326184538,-0.839818296546348,-1.2920724034589108,-1.050812579887075,0,4.445658023362082e-06
0.9586849184667443,0.07198062965396838,-1.125408339042932,-1.0959609264541124,-1.5199973238518611,0.21851476317693216,0.4961441986555798,1.1997825325268379,0.9814447456092898,0.5316203465756008,0.1562967343481628,-1.6436626238279763,0.022750604822227318,-1.0125185838679769,0.1175334596989932,-0.08248463937778863,-0.1562176218224407,0.6663795942085208,0.16144624969033308,-1.492400034358743,0,3.6799577948350945e-05
-1.94599246812619,-0.8159513313309072,1.6282150283650698,1.6746233321443877,1.8341570020140812,0.6017739133178633,-0.1562734345503447,-0.5816619732604246,-0.5616902894361403,-0.642475682575441,-0.604253781846796,0.6533533425832816,0.49087505461606085,0.5084262104296551,-0.253540625165743,-0.09134282172708909,0.8382781768154739,0.45907770108948937,0.4246533061255789,1.3118299673602847,0,0.003795089589327644
-0.5061159045726726,0.2584069747959389,0.5778656474729158,-0.11709511089093595,-1.464585383290462,0.10900715300264732,0.16326730005713652,-0.5495649404966207,0.4481133676017728,-0.14915905562127316,-0.16662304710999,0.3499613961321441,-0.7919215980177982,-3.3829159126242963,-2.383670809216745,-1.5291278256801142,-1.9948663557061725,-1.048451002983514,-0.39562945263122623,0.7031312237763389,1,0.9883355601451552
-0.4696035701087004,0.12487445064079054,-0.21352715808578282,-0.31733267845390245,-0.9675345615005638,-1.207680321630944,-1.2487564432619607,-1.344836561213287,-0.2720765623387469,-0.3610988698306874,-0.7349184706094682,-0.15565145128905605,0.6537275327381743,0.1696347298404504,1.2370296971363763,2.229987542704989,-0.17497056104556225,-0.12855434868771937,1.1495291788900963,1.4852553746698642,0,0.029137373540373053
-0.014190708966980046,-0.6849658256734936,-1.1952927460636644,-0.8586683332475332,0.38190141927110216,0.6762153100880705,-0.7308422482933082,-0.2772825786774864,-0.1825467106782078,-1.0965458780888704,-0.035563541205421746,0.4899322568844989,1.5670954541492983,0.4730060554283133,-1.1450142098889506,0.3183728394213579,0.1511939880767658,0.45997267274773956,0.24589756050769576,0.8613698097695225,0,0.0001231293812209169
0.30306021101734165,0.13841091749166304,0.16641826738023452,-0.029206051356375242,0.21755477782159713,-0.264385495108145,-0.6525503696008816,-0.3854172055986668,1.0595415660711567,0.5675953912255542,0.48073960151839734,-1.1548259219991734,-0.2992260757031372,-0.5390055028651298,-0.8363396519214601,0.451194378738643,2.0373482860626115,-0.904252752317049,-0.7298172970825773,-2.2772719858407147,0,0.0003256387861140148
-0.30868056790570975,-1.6213393070409947,-1.7230524467392216,0.03841294240465944,0.07166143700744293,0.5559317143941712,1.433974058201998,0.7242546083607977,0.22088206027489943,0.6323146410789019,1.9251758307171334,1.5824418280338872,0.8243458367638764,0.4034807024323351,1.7426449240628181,0.5339724461217409,0.9581414449918616,1.0493200419477886,-0.5122935656843627,0.5686446168494498,1,0.332157123136555
-0.6759726841270741,-0.973292173117101,-0.4210083618381994,-0.2319934256890668,2.248910005207631,1.751568573824677,-0.2145126527908736,-0.33508075960418854,1.7470213128923036,-0.20014762306740044,-0.6275713257153588,-1.0118079236822803,0.3099736462929523,-0.9113797051969639,0.5141666625204433,0.24380595990654816,-0.36074610631833326,0.3732751326490027,0.33951714475142114,1.8689883358173038,0,0.017296884656910358
1.082511818227536,1.4725013956453952,0.5556978991514755,-0.567565282943543,-0.9162769196650384,-0.16716227349730248,0.14724145543010114,-1.2273875155769471,-0.8959139965833273,-0.27680326412295275,0.20486641474199227,0.12742837774460844,0.08507382308985241,-0.3517711293578719,1.5780279245640878,1.071679680674207,1.7811431334482102,0.2022473238944869,-0.9334503687777206,-0.7157629580428972,0,0.05533569722365601
0.12927687235478605,-0.7560558259057343,-1.447052900845159,-1.7995872907241253,-0.8370906407859688,-1.1219949740173052,0.14786932132883415,-0.6052061490811614,-0.47306742288767406,-0.7307447502689934,0.7001097729611357,0.5220455698332674,-0.31244691145408904,0.4399972612135006,0.28780370286109447,0.3511354641429072,0.9522691578308022,0.5508236070161232,0.2222203246400138,1.1946441215134997,0,0.07914957517732002
-0.7598538805647996,0.1416400877271273,-0.3466412209308267,0.5765382635068885,1.5636776245437394,1.0019964496985734,0.2590447766520001,0.20053070841149165,-1.4289850249721001,-1.475038834621046,0.054081873995106375,-0.22108594248060573,-0.5385188399585055,-0.49180196348828664,-1.3393491856441484,-1.0451735412544823,-1.0566510205759847,-0.8071026471050475,-1.5259076529773996,0.3755399021037225,0,0.027539949158888438
-0.6262473679136227,-1.211238435506967,-1.031736281665032,0.9156870859267477,-0.9207661951371141,0.3789747116587854,1.3016557714556902,0.6374112021661581,1.385975845529437,-0.14456320263678155,-1.7606361244158637,-1.5477093877600367,-0.9182099695406575,1.2372010938890932,1.064420290203345,1.9533034647130014,0.23651961932874402,-0.18917002804834163,-0.511175189953498,0.39862194547349433,0,0.006801295239608735
-2.32333547248349,-1.3225000157310502,-0.2283158287836006,0.6286771785236748,1.4241446324635418,0.7417007445347499,1.4795623787110581,0.40954432339278796,0.5477502195864088,-0.11440539437554656,0.5194711121599767,1.5121183666337266,2.8206326855984107,2.6060497193158967,2.870093259013486,2.1023157115987763,0.15594584588418037,-0.6162563837670657,-2.221804935586894,-0.4902712637896779,0,0.5385209341810145
-2.0583558247514593,-1.6631930831996158,-1.3687343630458113,-1.5218477141491709,-2.5472707060913726,-0.18280383843407164,0.29123295043629943,-0.04659003081921011,1.1290500665546692,-0.12351965179591379,1.545114663820596,1.6000102583714912,2.462011756962338,0.5731290510436488,0.6840693308375537,-0.06585913990163396,-0.16791081691135193,0.53075231587786,0.3071252118727434,-0.7903752627371052,0,5.274473056671958e-05
0.8166555521331973,0.880838487225552,1.7249656477362,0.5909363405650365,0.9541434082022197,0.17165466717314418,0.12531959276718801,-0.2522456590537034,-0.17292008013152918,1.9976492074784695,1.1738288236632632,0.4256818499531175,-1.0181767911917448,-0.32453356536229766,-0.7545136320184282,-1.8425680240387634,-0.36132556374715663,-0.776653701003941,-1.4764470854109537,-1.646890334688592,0,0.32062729482823427
0.41877041813237736,1.3168640514569034,0.8287776501343538,-1.5703546396737664,-0.49007044604559286,0.2788375450727188,-0.36948899052805034,-1.204033017957969,0.07922180747558634,-0.008071131746055128,0.2469686963555362,0.4157664899571962,-1.4880036717054312,0.3962717660761879,-0.04013814291788616,-1.991535750838349,-2.8739508950388735,-2.2084021449644244,-0.3205568060191104,-0.3966710073522885,1,0.9998565077264303
0.5444098853626024,0.6620368787261789,0.5497068901582784,0.11989183738289726,0.07647250844624548,0.15020154601393101,0.6470823132166775,-0.3208117824801219,-0.47714190394777056,1.1731549764231584,1.1314291711213502,0.1317079243089187,-0.10547576779899102,-0.8189027701157559,0.5849668566225384,0.18534164474277115,0.7655769930032321,0.536759477746697,-1.1197053451947714,-0.5782039979757697,0,0.010286286113589884
-0.6071016449376302,-1.7209244764119644,-2.268783421547101,0.029371703263312506,0.01734346469330338,0.6577454188817755,0.1293014047679945,1.6498210596989857,-0.09008649117457981,-0.49390379210955604,-1.2299355877337892,-0.3815131768188386,-1.0672360162554533,-0.8938475068401132,-1.1623506247193225,-1.089499462720481,0.6194401187511436,-0.6567165050008462,0.7080498341284551,0.3887923981501474,0,0.0019265045363577413
-0.14999033335049833,0.26606019221350496,0.006000895123412983,1.6756628662977604,0.9922568090035544,-0.21947662598281178,-1.1962414579084129,-2.0049935857775125,-0.45087432162880875,-1.0538891588136021,-1.6789912792001878,-0.3155108843084447,0.3672365572205088,-0.9790408760816657,0.5853741207049111,0.4860276867201995,-0.23179600163663003,-0.47088411917068485,-0.4735082672383817,-1.3120853075391634,0,0.10857262772152614
0.39822652136011555,-0.9624254599163122,0.701640213156919,-0.009907316028854645,1.4271729315244877,0.45220037647732564,0.12023370318645311,-0.38534045177226556,1.9342521442279634,-0.35358124784283224,0.2194901691675054,-0.24594822586928114,0.054645239318640015,-0.9838946527393283,-0.07027815166231693,-0.07827664805812987,1.7501610177433617,-0.7527119699433797,0.11159381703102789,-0.4343913389905297,0,0.003257203781750605
1.9047187896424624,2.1895333950368223,-0.035475164987214015,-0.05809592696671591,0.25013641825489435,-0.42005111224856967,-1.1948793594759932,0.7428569372205897,0.7150677570321534,0.9509179424696663,0.6359861050482873,-1.4714105457194098,-1.3282271057549555,-0.6959669122179147,0.2671890436231939,1.352074642563835,1.6438066513971281,1.0696154483397624,-1.119000510760998,-1.5143484502683258,0,8.823547323693984e-06
1.6811357644440583,0.22080421646329848,-0.31255977705318105,-1.9795308276301995,-0.28257702556085124,0.10040944315705333,1.1355326416038842,0.14043403964816267,-2.532416684908612,-1.9691804966745314,-2.520930484017978,-1.67372793222868,-0.7503854220890757,0.14845732827430966,-0.19772700493118153,-0.3217701142966366,1.5191498170884878,0.5734713951718297,-0.13506556377353945,0.9268117443164501,0,5.673763641725619e-07
-0.6440553170624616,0.4316091121728597,0.30286902906755064,-1.398468944199825,0.40396020252270803,-1.3840581989458884,-0.604905005760619,-0.81529690958598,-1.0930863799007304,-0.6556314635027931,-0.32629754175899855,0.5192196608888721,2.00972306789527,1.5257446030876571,-0.09430660272177116,0.6768682586800886,0.2504733099724068,-0.671939119784172,-1.215565616795713,-0.3698011317652247,0,0.008436976193701606
-0.19483059100968375,0.1335744465318071,0.2437096947866043,-0.03406238376397037,-1.2054312309807726,-1.9063398754644243,-1.9148420708112797,-1.477587282525077,-1.9725483494774385,-1.124544436465402,1.532211483896662,0.08731933624095281,-0.7492062742426745,-0.7138242445601704,-0.6074640901587854,0.5624570790219156,1.7233213077192093,1.0195644598466584,-0.2881339398720606,-1.3438822128109988,0,0.10361687676057633
0.5723782793536112,0.6832276603338002,0.761608338498486,-2.296242433854488,-1.7360261276958235,-0.04218162676740576,-0.16539469249981667,-1.1575067815386642,-1.348478316645195,-1.289989808793703,-2.646302413509898,-1.6326248375245962,-1.7756466067005627,0.03555732741593912,0.08876661109280871,-0.3974618616029346,-1.1600787238539207,-0.4406518723241238,0.39991126132972016,-0.4733260946839084,0,0.0008036748786094159
-0.546400411277108,-1.1797871948441963,-0.26279320145862645,-0.16203019596572538,-0.34683891938221967,0.40990234930880276,-0.06446265845042226,0.5896438575436443,-0.29276752360343244,-0.4968285074497622,0.2501822946841763,-0.04646746163127483,-0.9344350898961324,-0.4466109557727091,-0.9211507980650551,-0.894849229486734,0.19775401208653026,1.2762950199502607,1.7907695254524578,1.7166251765226272,0,0.03932473777162202
0.5820959862965823,-0.3708884398035854,0.3149079014046916,1.4750396311892886,0.555008302906586,1.3592134894831809,1.4631838324784916,1.6847533157239079,0.5988801702184601,0.03621766638380878,0.3173143591327071,-1.311990407041258,-0.7749344171167659,-1.7302150344532,-1.976859476988721,-1.3885252357104023,-2.104799945611772,-1.7632090674015861,-0.6040764117173153,0.0027544581819317895,0,0.0034465906886998673
-0.07725626695890021,-0.3156723784950887,0.35593979027528977,0.16911059322418834,-0.7362027337719592,-0.3539081083199337,-0.3630970890992425,0.37100029839452814,1.7045979571182002,0.09006420078677164,0.9293308963964486,1.1825111492079705,0.0019206557027310952,0.2118976258957937,-0.3820201368940751,-0.7788812319921666,0.5122886440387119,0.41694544415486867,1.4970124256634734,-1.8491546139932311,0,0.02670443179750892
0.057040034425013,0.7008157149400567,-0.6592491192768868,-1.4798953670661616,-0.7840697193731679,-0.8217706430701375,0.15733031730824537,0.8704903559059857,0.8217448140801056,-0.21032793111731796,-0.20519851972259928,0.15364878813508104,-1.6025451468834213,-0.46347520265575226,-0.3330783111919061,-0.21865757328229604,-0.21430076635156395,0.34878093434537444,-1.0472497954946334,-0.006495803460971012,0,0.013498886278801407
2.011351993197826,1.7641715780321237,0.5580687325655522,-0.3545399844951854,-0.41963689894925543,-0.1395927853190308,1.7294721280970935,0.8732338264106237,0.011980070897317873,-0.9807638894603489,0.2612646840127586,-1.1462608559785434,-1.0048461649382596,-1.1245650064127501,-0.9685970744080514,-0.5752553526198753,-0.6015293369599141,-0.9577116493254078,-0.7481828313597401,-1.8470615471599028,0,3.8513355158711295e-11
-0.5716590907011535,1.021500260100771,-0.07225174214823978,1.6371527608169976,2.231239662964683,-0.26202522572856907,-0.5773877533387143,-0.4125468297521015,0.42417677881018706,0.35062691779810434,0.9542588901137329,0.6629534437832141,0.9174391347396003,0.280279119623083,-1.6643668956757662,-1.1177222779686766,-0.7732353221909469,-1.2019143626724271,-0.19004966649815358,0.3802611868366136,0,0.2354893678803398
-1.180241870206339,-2.042104633041369,-1.02393116253902,0.03977131295072047,-0.5772007625680006,0.0236075549007366,1.563131251349081,-0.08947519555360768,-1.1891014717477744,-0.7429886410678465,-1.7315777829721433,0.30665427750220736,1.6949669356153345,-0.5320507055348118,-1.8012642025615333,-1.6811115999047648,-0.43899651309608123,-0.5186216570582008,0.5721388365439717,-1.5543318520191658,1,0.9999655293578764
-0.632394803762596,-1.2638941686592575,1.0680931073361737,1.1935969278822607,-1.1074788763489272,0.252351768670152,0.7063109069301788,0.5691025372783448,-0.2856624874610069,0.5108598654521718,-1.186898641555293,-0.9627741579740088,-0.34858215955271754,-1.0066919099710325,0.22990828543323147,1.4524126699697,1.142593111830176,0.6093845184921679,1.0544834890631065,-0.26845263890108806,0,0.009804521060832065
-0.13919034079561973,0.5093816737524567,1.6170691270713575,1.3412059102748322,2.622047472161898,1.1212675058857862,-0.8105983050894899,-2.088336989565355,-2.7615251282605455,-0.01699643551021236,-2.0130973955407483,-0.052127745407587536,-0.6200348513155938,0.22833895649756006,-1.0782074457451607,-0.4253958385538333,0.6810627536301603,2.0688567109276907,-0.08873738572717164,-0.4060481772714309,0,0.413012787937574
0.6442197768922852,0.5772976225306273,0.4250937695536125,0.03144663970705103,0.24653701344596576,0.9801228750086701,0.8008084962005125,0.5746941046421865,-0.2413671758192266,0.7237078331592139,1.5777845667241304,-0.501209867456004,0.04106608418503804,0.5236180470490236,0.915561702770686,-0.4537584178473921,0.4167521515504427,1.9759612166065548,1.9329434410133983,1.9948771301243953,0,0.0004805967930902387
-0.23448207052917075,-0.1216093969064883,0.32567545099391426,-1.608552391690982,-1.0919453110110022,-0.49303436666266487,0.41841599730670825,1.0428740294655643,0.010633658456468655,-0.667535022280969,-1.187784805241923,0.241765722212517,-0.31014958285822103,2.4468678157097683,2.1730506443248983,0.8839939464400064,-0.1644112852701326,0.8717294547116556,1.0092188361747378,0.9639677825806874,0,0.013202193620434824
-0.7891799923642522,-1.1070390582758909,-1.7025656161527458,-0.1843183523704373,-0.27588086606905005,-0.5908415814080132,-0.4530122136266698,-1.1691207019361893,-0.8051887932600386,1.085792315814105,0.4306132678023322,-0.16925732880758151,0.16046764908827818,0.3027289911117238,-0.8116179620303742,-0.10457745299393217,0.800487830797782,0.09250755951153665,-1.1723301566571782,-0.4601800514195459,0,0.013460175395524986
1.12668466451208,0.20635413361761187,0.7476013977369047,0.2842667798992678,0.9422919687111142,0.8957328425257663,0.2778023581960411,0.046993133659955735,0.7462310020336155,0.6952465499281365,-0.620426170073872,0.677791399663382,-2.045955907481933,-1.613969966886622,0.4503349701651053,2.3254867402031656,2.4728417411021337,1.4334447553303176,2.062573440102802,0.5477322212384583,0,0.00010845691973907622
0.3386634085935147,0.0566641940653398,-2.120454518449837,-0.710297091060945,-0.3309150243216504,0.38087466254533875,1.0334179701865094,0.9292398437149816,1.3016738751566221,0.41060552067522754,0.15607054094517184,-1.6704271743597352,-0.8369316744501301,-0.6387007229905233,-0.30993699322115253,-0.5646125676840568,0.08908770154297477,0.9291367476572332,0.8863699231120554,1.0845695722079896,0,2.6924738720688622e-06
0.4855767958086621,0.23150973061342056,-0.5875710530706404,-0.12100056050447311,0.7257569562945541,-0.92219008777674,0.24391971545302404,1.8533022519496036,1.5978760875407756,0.5609935469668137,0.9218818864321843,1.9412352443177339,-0.05810464400696588,-0.44800862429714083,-0.781264314004458,-0.0784709221839524,-0.08675684101273914,-0.22172800541785548,-0.6578557850400195,-0.57209158261438,0,0.47462056859117013
-0.7926708051318043,-0.8162786739549855,0.49813082897129707,1.2867204862354953,0.8963581073950464,-0.01306453733632193,0.9097198406763687,-0.28514298241713437,0.04726830783540262,0.013255440231721928,-0.024016135217574144,-0.3009905703675525,-0.923524731598638,-0.35270057546888345,1.1219874760437984,1.9573274651095574,0.684439429628732,-0.107267199308166,0.023007514656133397,-1.1924958773043681,0,0.020527578495957405
-0.2681970580932527,1.2560724424126366,0.6823937924687588,0.34053795670144643,1.0900559659278266,-0.13715847649869017,0.0522442480286005,1.4254316691263422,1.8201877067068255,1.3114153945097198,0.7980791697711813,-0.3653310659638048,-0.33472250200821047,-0.23834072548331672,-0.20148557972738002,0.2995701046866353,-0.680193338751359,0.06098917010858725,-0.47485813974470764,0.9093001165403954,0,0.00010521034774925767
-0.9115330487586847,-0.6529858675528709,-0.5761617135601699,-0.27637729444916875,0.39141225381278205,-0.17541928393293518,0.276141502354295,-0.6336997260057274,-1.0683614665889076,-0.40620092226317844,-0.37462701806686366,0.5546522231533437,-0.9369322556253392,-0.2750777287530247,0.7062652738035072,1.0965901513093714,-0.2561000400964954,-0.7382866659787477,-0.01063801717858636,-1.498430373979923,1,0.6958711499180243
-0.28823759054079556,1.4194806467026435,1.149994970118728,1.167361590091813,0.8085927938564295,-0.11687442004950532,-0.1660518616666343,0.5676838743105281,1.1163416059616675,0.8760839310449878,1.2672993662384344,0.8342892014227584,0.24488326467835564,0.019286667138292052,0.7446862561752056,0.43013655368643533,0.9383035068204628,-0.4625816661404834,-0.5687506653681218,0.11745387308226245,0,0.09303812677711788
-0.9438105940769169,-0.4555989551692651,0.7760387675070697,0.3813375250384655,1.8557226730763619,1.7235663098267626,1.194630402710455,2.2721228409522296,0.597412555945367,0.12782876897964507,-1.826952001395937,-1.3110991521640611,-2.2089814928742215,-0.28683632980892176,-1.7436975054829036,-0.5609849880426465,-1.451912760746201,-0.3231240507719965,0.76393703786315,1.6477103121044618,0,5.8438860592182686e-05
-1.6310905607957755,-0.7414669957354909,-0.7756450413285875,-0.6282508298681287,-1.245477568683892,-0.5573888180245138,-0.21026070084731277,-0.7106785235900659,1.1391674158884975,0.6365480619771414,0.71370757751677,0.3087348401383281,-0.8736997694642273,-0.4181419884112625,-1.1261131869303351,-0.979452088232858,-1.0736120632656847,-0.6072962834292829,1.1873740542837583,0.4174872413591554,1,0.970120230700306
-0.9176935748341171,-2.809838458720901,-3.0847138517678303,-2.8699056300998738,0.005815334679572218,0.6665738832196029,-0.6124657948598405,0.40355047368895003,-0.5110671843455693,-0.22389927422058623,-0.5435163855578129,-2.206748608099205,-2.868802609999573,-1.6488712568289674,-1.0436006019246489,0.09889504621538214,1.102066999482402,0.2656619477361681,0.6782412814207671,-0.48913526692377307,0,0.06800541088741918
0.10092494380429569,-0.5036192640254159,0.5908508651544656,1.3204141621553946,0.9920734881789536,-0.0644515533323353,0.23261464751531777,1.7679204063649976,2.448215822546694,0.5228137506706686,0.6601162156887342,0.8592058442152154,0.47169801369341374,-0.07036483017388193,0.298659047959033,2.1616737751553936,2.032755348337109,1.7461173481229784,0.46492630702321663,-0.034912044140735066,0,9.14313385482959e-05
-0.02157462432155896,-0.3492451513165288,-1.486585835062194,-2.3882950526407196,-0.011086016663703764,-0.6204530679518012,1.1975562283383803,-0.48012352329815977,1.307168696204138,1.8949586442982653,0.5868421265500617,1.3157556070244707,1.528703255035422,1.5043010981687819,0.49288518803734527,1.1861703271773,0.04249974932956816,1.9498062347742033,3.3300450965400263,1.6735218926849746,1,0.9964985718309348
0.05857709876712642,0.024886385272537063,-0.8921994545310968,0.033457277072151924,0.7684864121095736,-0.500096118605835,-0.07471897633295292,-0.15036729723359168,-0.8226083298301653,-1.0539260215453266,0.1324276954852702,1.1532646584705488,0.2520785408196284,0.9712677721839746,0.16910954315102444,0.7466665624894375,-0.6007943756165333,0.21847559196861685,1.2169257565990923,0.18524696568113888,0,0.6628235707446725
-1.0705481315850836,0.12340630410049337,0.8528777536207559,-0.9887223724274935,-1.9235100792729616,-1.299931540325699,0.195377023448182,-1.1114122747379565,0.5286908146436503,1.2780264279389577,-0.09741402645189058,0.31596002477626794,0.7320005840739336,0.7601050201172269,1.2397495085064723,0.698372549807905,2.211529911221749,1.253001216636215,0.007753690543578049,-0.7558843300748007,0,0.07088896271965484
1.159444396056412,0.12094455078457994,0.4531626828555041,0.14768913375540588,-0.21500874432731462,-1.2754991985479711,-1.4250344344719208,-1.4414250712529226,-0.5014863978941011,-1.2584200948552169,-1.7508474088442096,-0.45611753196549276,-1.045543708637634,-2.1138542634639554,-0.1938558743911192,0.015263959156078585,0.14011379475720312,-0.14622871251706054,-0.6878736298999493,-1.4611314950292418,1,0.6319515083319779
0.2660356527637089,0.6820394714206442,-0.14751309796681433,0.3205641716351287,-1.3344959350914085,-0.6829319217760369,0.0023751751688315744,0.33758899566409567,0.24775922285062252,-0.2678631986044005,1.1368277158340006,0.8403163102207257,1.0054813767882125,0.7087670663885958,-0.7081893463518611,0.056119262077160635,0.8977533712655644,0.09647697891942489,-0.20795836896906464,0.48697805091978186,0,0.10563862643563016
0.8355030431005068,0.6026177798000214,0.5618701520744005,-0.4425128564109703,-0.44304732543822595,0.14330129650503434,-0.42063647336883464,-1.0414761804472719,0.28735565131143564,-0.0038731280194121013,0.5227814709271184,0.12972943736706835,-0.6331080988473745,0.1971347204192837,-0.6940191432344548,0.6957247969815864,0.3132762529753093,0.2522067757176444,-0.4789003815519028,-0.06051081673369709,0,0.2889642304999454
0.5360205496392094,0.997147036964968,-1.2521537844278254,0.1354955208398712,0.26302916229246553,1.501000624601536,1.3936869872179305,0.7909955165369871,1.034508080692327,1.8211499216423863,0.16094566112562406,0.8782444288012097,0.11628462563185958,1.0094018467285983,0.831556031010016,-0.0808223171984912,0.40260930287474267,0.04716674114903227,-0.7154881914978686,-1.9182669375787187,0,0.0288101838855858
0.16669442789384623,-0.3944454700036858,-0.5874706673237072,-0.04644073843775584,-1.2792969383111914,-0.7322022212617618,-0.9245106925257012,0.2632101487732104,-0.26984427554143536,0.4550745250493041,-0.7496266962970937,-1.8504505373667364,-0.6119593054236097,0.2993263022034792,-1.1384700461062296,-0.8410657855493534,-1.2315180807078598,-1.6768517717478189,0.7483648116551482,0.1040541368644795,0,0.033700373475336005
-1.1042136722326545,-0.011677617719888504,0.7984542540448717,-0.14660905844634908,1.1578803241209,0.6155194190909349,-0.29460836448325606,-0.8248369395624243,-0.1329422392743502,1.6761443535539202,1.4268847048675655,0.16226590451519635,-0.3873791904889412,-0.092436089882283,-0.37609904647168696,-0.1409416672278269,0.5622584776477286,-0.738690593938258,-0.9961077665279363,-0.2571875960364528,0,0.02331993613017646
0.4163851319373619,1.0768064356893292,0.30422884015653623,-0.423127514879779,1.6165571355150656,0.12312858186682697,-0.6978920600458004,0.1999582086534751,0.8496346127926583,1.0847018112513271,-0.048423270059214964,1.1209933533206347,1.8528670628076582,0.6023999829367183,-1.1657536077110309,-1.3744884501331542,-1.5250543313907874,0.3017469098831459,-1.3431338227650635,-0.44416813182990417,0,0.004367095287380686
0.1633201093353469,-0.18506747005254875,1.3259169060634541,0.36676637636628096,0.019135951498710765,-0.22284922635554047,0.9667482892042571,1.2230149086692252,2.512154985287756,1.8274022218882067,0.8516183431999128,0.36884811485430724,1.5185954231927599,1.010739599787792,-0.3451564764118707,-0.20988713892963973,-0.671398591053983,0.6583227349841559,-1.114955645792533,-0.5562000415205126,1,0.1122398738714489
1.7622484862053158,1.3448067250625018,1.752062917237063,1.1711950704978586,0.277019300324207,-0.6279868554365767,-0.5962509117012282,0.5826602492172954,0.7442618346419959,1.156969691450422,0.14102936747701916,0.03784024530018537,0.31441957307029994,-0.008093128535400541,-0.10815736695147567,0.8965208866377291,-1.5238756964254232,0.15325792761555723,-0.27879025448875633,0.649422644948004,0,0.02869426259116158
-0.8530768297606913,-0.6836127212357129,0.08127129333009414,1.1638400428680837,-0.2036640751777602,0.7088139604611852,0.2821808257661992,-1.1777005492605679,-0.4225131905411262,-1.1622650555817726,-0.11261529936128116,-0.10395970926197536,1.1802780462370264,0.8373079623672831,0.6349011068398045,-0.07385104043718006,-0.032709819489202825,0.20869280390382633,-0.4924413248457564,0.9711104827992278,0,0.1745376836897647
-0.5926433971797558,0.6123327619234371,-0.4794204894789928,-0.38238234162211016,0.4449457288295622,0.7577830097125773,0.6460823608900795,-0.343760047029897,0.413608386594213,0.7573518030403729,-0.11988384085024659,0.037160477567093154,-0.9459933113381008,-0.8877806674825067,1.5553119034445686,-0.23062792524188935,0.2704929261601851,-0.36683151064358643,0.4211449342376907,0.6953016885569977,0,0.0030977532199474222
1.6023521504045926,-0.1003150044039859,2.624010059746205,-0.5273138550062528,-0.7311639950019375,2.6040800214125297,0.8458965024099172,-1.012136806721999,-0.1850490747325356,-0.5576331719549852,-0.40277140379080517,-0.6323863883363136,0.7380123279950613,-0.1109854203776699,-0.14225415565757,0.12956751760138263,-1.149810680527058,-1.8460523125323614,-0.21079380461626276,0.11270884184447452,0,0.24551162256757078
0.9628912668607221,0.38777325325836454,1.1825541928374044,0.8692304279252068,0.3574209161021621,0.3708271812686028,-2.562658316511316,-1.9439201292122847,-1.578764508965836,-0.7253164600212098,-0.42049688311387645,-0.7978058294397121,-1.05717693002793,-1.2602731179711397,-1.253970750446327,2.115377149186088,0.9279877062549622,0.7932141472204473,0.6306329875614076,1.4442272590041774,1,0.8855983601378412
0.10683681357643933,-0.6846562572542048,-0.5571226285039143,-1.3780318510040535,-0.1787239721088844,1.348703311551811,0.39917588693507744,0.06873468654728965,0.44904460247408423,-0.3666123686785886,-1.66740413889119,-1.164753084261585,-1.6743600580417277,0.3097161121472442,0.2170992816805073,-0.21226930779645603,1.7251022652370647,0.1634383277923085,1.422530453880006,1.3084749156802247,0,7.241566336626061e-06
0.502018161434235,1.69223367637579,1.0066263448035027,-0.8469772539102605,-0.9076618529383048,-0.027025795152364664,0.0571345823340182,0.6667241891044936,-0.3801155399738806,0.5049606305970028,0.13354686987249778,0.43676175930735206,0.6430120590086851,-0.4300272545289066,-1.199065965584475,0.9680632977767448,1.6370133163971574,-0.5718385086374104,-0.6463846125516943,-0.533922467365498,0,0.06476489236846067
-1.0804679240198847,-0.6529468210985554,0.9597938391510492,0.5691381542615453,-1.065083140560104,-0.4029375742101269,-0.2235782791440989,0.2645781543373776,-0.14853144076695715,1.8228040740154088,0.25326401006452415,0.7252038914674565,-0.6932946257843442,-0.8377238495564059,-0.3748559983727628,0.7704171170650218,1.4534662612355824,0.4253984080202729,-0.6196324541677949,-1.198059561731782,0,0.0006799282786990228
0.7180596165595188,0.8389476535038837,0.955033003975674,-0.7009865859315059,-1.519649127718123,-1.3878239864222113,-0.056190254313187936,0.06151050071318929,-1.1440607480341713,0.21085184889097253,0.31878387928237434,0.3069518904723759,0.780132450720682,-0.8293110890742481,-0.46959833504936926,0.9209550497795957,1.462349549305103,0.35885147607596113,-0.47943781420454357,-0.5912507477948565,0,0.07311404793844577
-0.4758405724144099,-0.25100231298280407,2.425453067331561,1.1972663052344565,1.3256859701069856,1.652982605177728,0.48509372424374675,-0.05579756324301795,-1.5222065533155493,-0.16992595069187286,-1.91430274820951,-1.7638341391491057,-0.46937182664454963,0.11766249989625986,0.19500393753603998,-1.0867685330079806,-0.2950721200154788,0.7434725881232318,0.4447595086562987,-1.4629922232746386,0,0.00026529923994608783
0.775596526844591,0.7990253435240706,0.6026526160771598,-0.7596313603542961,-0.20530304938703314,0.3711828764804507,0.7594359982379123,-0.00314820733690159,0.3868664418969883,0.20899981965211017,0.15278317122581092,0.8271947248769704,0.20425280703392057,-0.8327933767827699,-1.3514693557516242,-1.2110787712989206,-0.6050890488849503,0.0317032499220601,0.5342304901133035,-0.41813226420961125,1,0.7945162282924948
-1.5586190329533265,-1.6984330882849954,-1.440897582690651,1.4064648717207422,2.535056789904774,1.957669864251538,1.4948975776336635,1.041456661030528,0.2084901302034948,1.2641810650333827,1.0062652678786483,1.38942769451658,-0.6451392147086784,-1.0193134184137647,-2.58541592006559,-0.05416242023619169,0.6164839727491975,0.09727066033319265,1.1840911807813197,0.3713391116610606,1,0.7405177182476755
1.727745266812909,1.6729801960562913,0.9377994226558144,0.5813041959602993,-0.08355668076442488,0.7252601598007877,0.21745114364251303,0.5482599969456166,-0.5516806403691336,0.8385843391702783,1.5355380016904163,0.10846420949330321,1.2783573606815113,-0.4782268796934781,-1.2320163749640523,-0.436336187784929,-0.44420911257454054,0.4081715131326365,0.23477039865706203,-0.5061161639795314,0,0.010308921981608148
0.17525154153240152,-1.8789033409310187,0.5575588765503914,1.2191479895005706,1.901116129823378,-0.31173061039042294,-0.9863683332745669,0.4489705855624151,-1.4325115422596062,-1.1483764400032976,-0.554540670918822,1.4670920653055985,1.420881510235789,0.7549450252939395,1.0269501853890433,-0.347248683249371,-0.6950676817625682,1.0663810081662954,-0.03350909112352526,1.1207367850168735,0,4.464687911795123e-09
-0.12909902845553337,1.1460538069232322,-1.3535857258448893,-1.8232744071383158,1.6848086580121335,0.48909287317647,-0.871169570796167,-1.1178864043825802,-1.2083918665880542,-0.33324122571630777,-0.08679972578107113,-0.6272966012524672,-0.7709710953395255,-0.36150890139992825,-0.9754064063535292,-2.168105700666656,-0.49489598138586116,0.8056902017531196,0.6022648257452001,0.47375194408065735,0,0.14267305523690318
1.6815870688254364,0.9683627490603178,1.3190948335336763,1.5133968419881985,-0.05272644125712838,0.765061221986127,0.5254934303473303,1.6320640621059803,0.6416494485479394,-0.24362611904323048,-0.8420663484373588,0.3023241325437598,2.093958841561044,1.4007695923612133,1.1341026371282308,2.1525575008370907,-0.25949009154366787,0.06380422533658484,1.16781027131102,0.40807645577162227,0,0.0037226402180561163
-0.4778410805159207,-0.24044152830976726,0.3834477465561168,0.8727057964213267,1.1768601546632251,-0.3286878629851317,-0.893883091729205,0.27093984900762175,-0.6537415886610546,1.1204665034411896,-0.23001966868435028,0.24043802739317227,1.1337908915092165,0.7196516796560803,0.1413351667410109,0.3771302951657101,-0.7573010047444213,1.340800049181038,0.547757804628437,-0.9177956734145925,0,0.00039305928980157425
1.81925288739147,0.4872519890299163,-1.0246917537618585,-2.0620716640810506,-1.182164735341983,-0.5522862344619544,-2.6772730077379587,-2.060026356851572,-1.4977988654689536,-0.7847093711060071,0.4396422572097458,-0.568725168511976,0.21761695580300927,-0.9560511143955187,-0.4740018658377425,1.4588965363104678,1.1618521204182797,0.3098543116502205,-0.5270065287221863,-0.5364149279279157,0,0.22354944891851186
0.7957271234156087,0.7338135930324616,-1.5145733822284737,-0.5365421054170427,0.44046100613612815,-0.40898958330078083,2.0481038738229067,2.494742223017346,2.1486376350702847,0.45589369109202216,1.0039049904344133,0.6338619598911105,-0.3332410820949824,-0.1670118022074517,-0.941554460071686,-2.3799294938136577,-2.5246224352728914,-1.061623488652437,-0.7793576973844928,0.7075119001661996,0,0.14490044959795687
1.201380298329621,0.2652336857070415,-0.14868835334295305,1.682539598051449,0.6287883717647941,0.9161785861485382,-0.9666567413090958,-0.22769300560274092,-2.0393560527514443,-1.2365849168077885,-1.4967445181680246,-0.16402955857643214,1.9158917551670964,-0.40915779632627586,0.044333509995347214,0.9681327241056416,1.3399544873310008,1.8378054117939047,0.6235403378138247,0.12494310729473612,0,0.0010312167038959508
0.49015680498200986,0.01518011044870344,-0.07727807041437812,-0.6205807565898058,0.08342050758286483,-1.0370031304253906,-1.2246193416136648,-0.30337222089055954,0.2883571749979615,-0.689288624727764,2.3644016828094885,0.49095329270143273,2.230354540525386,1.3904371642661504,0.9825570626927285,0.6041652875943588,0.4369843732358518,1.053617764183088,1.6469305630917674,1.3087123133877467,0,4.267802766067223e-05
0.836894525048647,0.08308896535373932,-0.48289831765612024,-0.42714693374067525,-0.834734826842107,-1.780625929248219,-0.9913379690043267,-1.7173810139328587,-1.643407405110553,-0.5279709937261755,1.4922493400826846,0.5468172051591864,0.8906251381497485,1.4409798265130893,1.2020798317894883,-1.0285016222113696,-1.6773984457611397,-2.594164502856359,-0.7264561206882828,-0.6392683947618996,0,0.20958417318178732
-1.1446770949038187,-0.44619293090384576,0.3438230378479888,0.10217888278601946,1.3347810119201173,0.02541968246555642,0.8068329618139926,0.539220367159521,0.515807107388186,0.5616072917741174,1.7724606454861902,2.1238699406738504,-0.15565478322502938,0.7339566257789272,0.17948716485143013,0.6913577684473194,0.6831660777096293,0.34436766986982714,0.8844584712863514,0.40003417467359487,0,0.5979521744496176
0.44687266425189137,1.311272343914147,0.7281457555252099,-0.025716454040951776,-0.7800187434851239,-0.5445842276855642,-0.4503988998054894,-1.3120779215514742,0.1929913803866756,-1.0061673120098173,-1.023240712825841,0.27129159344381176,2.1609910686259712,0.8197620967304526,1.9925665752298916,2.5609294777861407,0.890338942125999,-0.7862667867317802,0.9632619782354586,0.767633861779634,1,0.42982767912590764
0.10734752246966432,-0.4896536439893681,0.929047751489044,-0.00575197715193173,-0.10069129376737707,-0.5294861087390456,1.1089928661070934,1.7699205083390703,0.4278915704790997,-0.8694465754144418,-1.6521966108136792,0.3265354421324094,0.946910856555541,0.1663483881040617,-0.5463556463670916,-0.4494313599075348,0.6544726439517788,0.04133204519876746,0.43372393704028195,0.3721231982838291,0,0.07834754477962477
-0.6223674695175052,-0.15253577736118756,-0.31768479837731994,0.430747916423273,1.09215042080796,1.822990529779861,1.4175634652475615,0.3582037285707978,0.9457113265129391,1.793254560485885,0.4873416528952591,-0.13598225949687512,-0.6241561290445491,-1.055200434026082,-0.7956299283827482,-0.6028169885057687,0.4528212465004404,2.098476413693775,2.0772064966141044,-0.853717023910168,0,0.008825516777346474
-1.6174946941416841,-0.2575961262480998,-0.2633325421795179,-1.480326412322985,-0.959795478931278,-0.04867998616336534,0.3694295864024061,-0.8437148629305858,0.19236341833808082,-0.04986009751139814,-0.36947875998524504,-1.268016696604827,1.714163114644033,-0.4077117407756039,0.21090514968970112,0.002890778982752496,-1.5870791033484706,0.8475307734173485,-0.7938179867290373,-1.6241819830519355,0,0.03683694334098687
0.25754349870375975,1.1254262985543177,-0.15459620084353035,0.39045040123107594,1.1288878147230248,0.7771360927969316,-0.11584666296064318,-0.5436732830133103,-0.41523238345389896,0.19919336281724245,0.8127987566258795,0.5247466051015628,0.2834242587345912,0.7068877947805621,-0.2277397486632555,-1.3265810607163957,-0.21400699885121985,0.7671199402815095,-1.0494427070652477,-1.4665537375118756,0,0.20001763633702035
-1.1451463872964618,-1.7448794463512265,-0.9045509800202649,-1.4027447691939419,-0.8701134110628768,-0.9965271757625759,-0.5126540613309695,-0.9383895975809696,-0.6904486264935118,-1.6359373230357444,-1.1175368217110233,-1.3430621995901282,-2.9675880114661837,-1.2065209281627993,0.3707250989773501,0.43046279011890776,0.8447662145941395,-0.20035730979701646,-0.4806756442184476,-1.3838848149370258,0,0.03910979353979775
2.0484842700471657,0.6812152160910975,0.5477968988239182,0.4182345929097818,-0.2674180538371988,0.5176665361472346,0.7649062527888869,0.39227016825016486,0.23437860173575897,-0.4139135824743893,0.181697369617687,0.9520349907484692,1.3143449231204387,0.8653545234349934,0.38151511192583365,0.07251308001926637,1.29592382645813,2.435499565192663,0.8942007330576378,-0.6686385319915064,0,0.5543843024361458
0.5990365361939815,-0.3738178311286158,-0.5540818927409735,-0.9222439749990305,-1.2469371069822257,-1.2570121088987674,-0.7615548886042833,0.17834742049640237,-0.18704782396795436,0.30108575128309617,0.7716820623628603,-0.5394590519676699,-0.021693024299651673,0.14672422208922417,0.22002176123367795,-0.5202502763204564,-0.6293108862621813,-0.8936096201801207,-1.5648237660990718,-0.6696940144770617,0,0.009536783947983627
-0.10069853276478506,1.38059743826098,-1.1188171014173904,-0.530503986708387,-0.2874976944862419,0.17194810013744208,-0.2208164473334701,1.8603482247155412,1.6823903976167063,0.8635540440797759,1.140684857899221,0.8439608854354133,0.43017367983041604,0.13067456834914426,0.5132595183550924,-1.4068485209312698,0.351953861976684,-0.13874043983335493,0.266623802153305,-0.22596224307599685,0,0.011595668096101238
-2.5853266548438723,-0.5612768650956392,0.1254680474385847,-0.8535462571526131,0.4168475844247803,-0.6566709692503584,-0.4900652410672433,-1.5479258409367984,0.11386236341380825,1.1485568065333744,1.490679749738076,1.126689180023399,2.0285263896767742,0.575924773605464,0.013421196749518449,0.24165293586439365,0.3021482715174172,-0.08278986733992443,-0.9053309808500284,-0.010662576122278954,0,0.0003926390521502029
0.8345710624590688,0.1203248158337584,1.5609584787345072,-0.4700955328337359,-1.8116197335260402,-0.9923112218226716,-0.33372572760695607,-0.43429528132463807,-0.7170704378779661,1.1336825370203714,0.34022060310399593,1.2929435035717918,0.5534347293806346,0.6836200155557772,0.04020764100946479,0.6888222144052558,1.1704084252548963,-1.004321176912646,-0.5496016619311697,-0.8430031942258603,0,0.06980721515880298
-0.7038304228590266,-1.3467387215731241,-0.7673694852650736,-1.194281571152025,-1.1098571403789537,0.5309319429464526,0.744231978636583,1.5300080807383458,1.1192894345887836,0.4146484567504847,0.7139792009800804,1.2342478365439824,1.2973286991940562,0.4619871249114212,0.7594510373296984,-0.06175812223731443,-0.918235272316808,-0.904468565066793,-0.279605424320068,0.19431259028555364,0,0.030317524772468876
1.1887273156511449,0.34037788145322695,1.0199200504782953,-0.7790371295846574,-0.17727833365384152,-0.01853288686836033,0.5160095855364213,0.3597785706106984,-0.9120404035284716,0.2812890406062351,1.5699558535189455,0.11176958524748101,-0.3529107730607925,-0.7190046438818658,-0.7779124228037748,-1.4136637232080758,-0.9112716308350162,-1.4272621857000913,3.1502746576803045,1.6783590014276564,1,0.4675142364462197
0.5842936238503535,-0.8782143856837462,-0.5173141195407163,-0.5207703809631158,0.8962824702969314,-0.4091300590287676,0.34200322437537145,0.3485297922582189,-1.145121067873055,-1.555097928404901,-0.4123706335129523,-0.37117449487053,-1.0863085380834632,-0.5218231100478727,0.1528802725074088,-1.92908373496653,-0.13510390583154594,-0.6323052658749015,0.02581471408258294,0.22680976380312082,1,0.1065954939176571
1.4392189376988227,0.3736738212801572,-1.6927552267819674,-2.0329180308199035,-2.416905684025364,-1.9117806902702341,-0.27249064726267097,-1.0318037448763324,-0.491149860062654,0.6348227582183604,-0.8556519914192005,0.5118072150573225,0.26651764447519893,-0.9140063933843602,-0.9406136118532195,-2.034839066974981,-2.149463304314258,-0.29623028852081856,0.3420569381632391,0.06566736930017598,1,0.9849259435214023
1.1821724219911653,0.7168470449630502,-0.9103175300556106,-0.9513187003654711,-0.036142429549674615,0.33490464052426533,0.14048673587513025,0.8669528569503219,1.8241365744983793,1.9562844933367538,1.167678449422322,1.2173456091447956,1.8151102244013209,0.9680672954558395,1.8416617876254404,2.005804194629837,1.4559335573788574,2.226942478759155,1.3165902250632957,1.8357532166968424,1,0.06500233586499193
-0.2099029111056451,-2.232370900700575,-2.2438594961303946,-2.0120396254374247,-0.7626519806176711,-1.7611198571018174,-1.4698933872071345,-0.11669289719285227,0.07367573715534918,-0.42900582889243644,-0.3022224811307458,-1.632870517660875,-1.2438258097783927,-0.8066346065418241,-0.624036776327471,-0.2293348530649635,0.30829758033212845,0.010953975593194415,0.6680857609387952,-0.004205179896787348,1,0.18928279953087526
-0.8127674414218783,-0.05971017081194359,-0.5694250598158086,1.0977796956474222,0.4034612806545441,0.12453362933140431,-0.9642967793918515,0.9823494133064422,1.0410094060379074,0.747546057363951,0.5974452437910638,1.0737340271282416,1.0816319437480983,1.895845872324197,0.9540743604390852,3.5551077108523153,2.93857428418546,2.730212752205345,0.7482897209162206,-0.039948957455570394,0,3.309311480312147e-06
0.07902305364363961,-0.20463270909747727,0.7318056198151447,0.9002793023484222,-0.8770566821454724,-0.7496580465679056,-1.2817576101750412,-0.5384650251165126,-1.7606614005417784,-0.9114547298159025,-0.7177979256706651,-0.11848612408880438,-0.5555082483855512,-1.1473144867911462,1.3449197208761794,1.607200002057867,1.3601506985816074,1.2538522619577421,-0.6950209978578537,0.8860074212240189,0,0.001204843796567185
-1.5693657815037074,0.6844024787804249,0.18089703530278747,-0.023240983223579138,-0.13521341602860207,0.11980769284032845,0.24688053826238587,-0.32115759923889986,-0.8761340428616387,-0.004215032136808968,0.6707802688541081,-0.8945187653500808,-0.47619518670816824,0.3388044402960549,-0.05735758064766739,-1.1449136389075103,-2.1431398484533197,-1.5898394367098807,-0.03189311287921065,-0.8412024197855996,0,0.0027925995128753748
0.25729573540091766,0.5062964274750098,-0.4091915354583036,0.06653647976479438,1.0458578450897567,0.9480991176375041,-1.1704961577640673,-0.8396773410695634,-1.183031606982837,-2.4124497831927054,-1.016476605939257,-0.8147679643506343,-1.5644780635652835,0.30694635853921876,0.9318304224703289,0.3968846592757067,1.154590061191278,1.6010173301351942,3.036930954909724,0.8776825322913899,0,0.012625422557177248
-1.6697874146654292,-1.1451498511705662,-0.8288849798435441,1.415759798149456,1.3885095096799709,-0.7192649620392467,-1.2946169686223288,-2.1552808471315847,-1.1903066828751465,-1.9204021465237833,-0.12438946103779637,-0.6916464870519835,-1.524019074971405,-1.049895280702695,-0.8188594033752895,-0.37609753342937785,0.11967027596651438,0.2675500291479424,-0.9434049889213281,-1.0975190205402698,1,0.6719038304073309
-0.012305629560380631,-0.0652972296412863,0.7749085334359198,0.05063955814218678,-0.975642640243353,-0.45451472858628045,0.17234970560612958,-0.15453120694193193,1.9262773776382232,0.8865704694227843,0.942305683807104,0.4636065280409847,-1.0465428371811305,-0.32057652513455825,-0.20992915559696812,0.23492260519935465,-1.4971686989035076,-1.7452535097472053,-1.042277180281475,0.5512391826759523,1,0.9650709828967033
0.4235573143709011,0.8867837216348787,-0.3817168443424019,0.03563345782159362,-0.1585574029038043,1.183562367866917,0.814788527982384,-0.42897900834169744,-1.2988257852933995,0.06254264937283474,1.3909778670730886,0.04459984707203323,0.43948411656333586,-0.11143801557866535,-1.055699699147624,0.8035568519138285,0.959599416840585,0.18294923619268097,0.34651258516191746,0.618153912404362,0,0.03207487636199642
-0.05983221158744249,0.2790343673324928,-1.2535046429129597,0.4284609463269462,0.6532368629254727,0.9566241403355481,1.151028938385597,1.2315415339476576,0.8634050083898173,-0.05285896281854048,-1.0891702692904826,-0.8581400976484966,-1.5103186368541999,-0.6268764464190758,0.5728254983321778,0.20898488725983472,-0.07849673451339632,1.034402094341054,-0.16500095649724836,0.9580215487499644,0,8.94857164547729e-07
-0.9822075275695307,-0.5258679824621008,-0.8765212386008014,0.1998378718903478,-1.077507836259118,-0.8758320771954209,-1.9379945639694842,-0.25092771400974373,0.3464768309535284,0.12900084616247603,0.18437852867571433,0.5663873696580374,1.0136107037229867,0.8463189572855064,0.07421239385953016,-0.12142446090181723,-0.40705243580977457,-0.05651824318726973,1.1778372990913546,1.1506398373210645,0,4.348968679631286e-06
0.9123892352144669,0.8225086891793504,0.6280799441109306,-0.5540789204736073,-1.2610137301218787,-1.565150626070348,0.5085872824254032,-1.2540085120246725,-0.1528320038237091,-0.2945047822023233,-0.17722919421953304,-0.4265356266782861,-1.321763543897994,-0.44627648446028206,0.23862836674193663,0.08100592520474931,-0.7185133188489826,-0.384960406635736,0.7384266331245053,0.1542478404301258,1,0.08881306023793936
1.233549711231443,0.25257779038719924,-0.6906776167764132,1.2381231709523517,-0.03897774867664662,1.5533052772349651,-0.25243414995488067,1.3063026458753042,1.2247714511291847,0.4675551898750521,0.428909452582292,-0.25241842853008817,-1.2627135033763344,-0.210988600066679,-0.0399109100599416,0.5713128415977331,-0.05782205771050262,-0.7883732528820168,-1.3136539421252258,-2.260515516203849,0,0.0005009779309630999
-0.6134784563949109,0.42241011082865404,-0.5588266957381993,1.176350547760461,0.6268036070293762,-0.7961771055733213,-0.9866208177802193,-0.6236254187939755,-0.09850491409042766,0.9811450393554947,-0.17419942448393314,-0.7317204829043238,-1.2317051921950322,-1.1861062974714696,-0.609859891996354,0.519151240697928,-0.16329859487774637,0.20985235439180813,1.043685899621524,2.3690366587628144,1,0.15579202334497347
-0.8109589050678095,-0.7241426797358476,-1.3529786333157119,-0.1807634627332837,0.9899427894718441,1.84988426149394,0.3886696110705538,0.5376985682346054,0.29127002969903687,-0.763554454546893,-1.462419706113817,0.3889539868223099,-0.11252610792130238,1.018222678334005,0.32401310435311137,1.5608900986568472,0.1415378228367996,0.19340421751049924,-0.7199620537550008,-1.3473533694108233,0,0.007734874087574695
0.18034574860044056,0.5506352949547042,1.6916279696620862,0.2063706027051396,1.9754524889422236,0.06258201741815292,-0.521855502878497,0.5573061659712312,0.5553771413878045,1.2780040017797014,0.15141432002434194,0.9580467108657995,0.9625209347948664,-0.14239985964554489,-0.2216293857347537,0.56374024215623,0.158757441943543,0.8238316758549806,1.4978657489709941,0.7560656904264526,0,0.02299244321035972
-0.6514082814795993,-0.9477545626315357,-0.4343487400678514,0.6964101093075975,0.7944323170290156,0.7541137019446826,-0.4500374316978883,-1.4195538130765908,-0.32675171205434755,-1.2356622563004018,-0.11987175687368774,-0.5394740341356636,-1.6855667984455296,-0.406936946675335,0.8765487802168903,0.3629895841897702,0.13502262324964637,0.9945670154106395,0.9503935083452553,0.7759807291600181,0,0.3115025449281633
-0.860558137595241,-0.4090120715502073,-0.4721678490331867,-0.07785337902161572,-0.4262375088879165,-1.504699462549759,-2.324559024095947,-2.022572754605239,0.8052583709594188,-0.2255610831243488,0.16731072239872868,-1.4960653234968657,-1.3296611373820433,0.49558847525148103,-0.4297372616575017,0.7311430044117024,-0.7973634982728932,-0.48555750876574194,-0.030784227504916765,0.20219443772578333,1,0.9828617789714678
0.8854498504501698,0.5981745197055992,0.09489509726573199,0.32912696740676634,-0.7801389056147311,-1.1780335231480579,-1.1824401989073499,-3.2133358357416073,-3.3467180296127763,-2.6919567260093147,-1.9807281373733188,-1.039531745125159,0.4575123528538533,-1.0807364283282082,-0.8572722392615086,-0.9370119014842734,0.29517472946097834,-0.27393092966704075,-0.7804612252131063,0.28171788567990286,0,0.6743364029830762
-0.10227856381852751,-0.48625813706565174,-0.3799347220646818,1.0739356123220767,-1.0925974065146031,-0.16407504254605565,0.4912711168708905,-1.4530056123449757,-0.49954623363292344,-0.49012817970323547,0.08420309851324906,-0.8551404946125014,0.2863992591159801,0.887161272737412,-0.5380295641935882,-0.8507620004399966,-2.1685427517713083,0.3137669984530856,1.58911196875318,0.6822558118130727,1,0.9728478600040728
0.9067293767662067,0.6978388141175087,-0.043688451459036264,-0.6583795857275286,0.2747985384861379,0.6813680019931847,2.2935356310499166,0.9147227867420612,1.435095490978469,0.5450517611580709,-0.7915226863890757,-0.3641425607901608,-0.026480900028025615,0.24041037760325343,-0.7377761035878461,-0.0025286268575754277,-1.4382684017710166,-1.3739332034448744,-2.151368288931979,-0.5986110251529675,0,0.00028285170797475573
-1.1349398497537528,0.07395025996405125,0.3884721704595643,-1.1983311428633805,-1.243945805033593,-0.7667948776687293,-1.1751967204970453,-0.4025121249671932,-0.2687780708071717,-0.1533402184268451,0.8642350776183191,0.35020218075804277,0.6568232808262527,-0.44734838212420897,-0.5823596004805726,-2.4937984662719144,-1.709463597977899,-1.5483518412058077,-0.009375354406173127,0.43799691897903353,0,0.017734198554281735
0.5131758591251447,0.7517177179300312,-0.007231180985406449,-2.2314905868506556,-2.55740020687126,-1.4351965671627078,-1.0525836567218394,-1.023459664129319,0.3294139322861849,0.4224473635922286,1.5816717280365904,-0.7892197840746387,-1.5188936380972076,-1.3095802612416139,-0.8331266302502888,-0.37003106804345914,-1.6047784100883806,-0.5562845942304943,0.6722025552608424,1.4422254188683212,1,0.9633138169495934
-2.0861515842292913,-0.7133471555258522,-0.9217152736619225,-1.2884378132704501,0.5233281168354392,-0.5259955019158248,0.8675690666374973,1.165806376023546,0.25320860767238196,1.0321599871142972,0.4177593231592205,1.8676549049631193,1.433895332895748,0.26642854866467414,1.4106574952021615,-0.24709050089534623,0.18721828332904508,-0.021606654709383628,0.7872654375352818,-0.11534845490690152,0,0.0563682809098096
1.3723142248747087,0.6133681508935525,-0.10528535106147116,-0.447271806382508,-0.3285341937871933,-1.0617475286202025,-0.1980182510811982,-1.2954275769835895,-2.1887224236633687,-0.23975413187546965,0.609249904686489,1.4114843945776971,1.6599587425325126,1.2770920467272482,0.11426730932641271,-0.2744345183243392,1.7425758403121623,0.30284975130977027,2.102282930292662,1.5122917211025095,1,0.9125744694563674
-0.4481830607545182,-0.4620876578309405,0.230707006188962,-0.03966902200536502,-0.846194392234871,-0.8193296303507377,-0.6496327828394782,1.8222446298799846,1.5952218271994762,2.833023760458294,0.49620386040184766,0.8518084009154144,-0.2828950658454235,0.31758315882074734,1.0531884056684506,2.119685987163298,1.6726559079823395,0.8260777701292232,0.2496225266523931,0.363493987585261,0,8.335039824185201e-06
0.3536692304658924,1.3686778489248337,0.4953406253881482,0.648415678121633,0.8075830129262749,0.3704320459109959,0.01437068063837217,0.5686755036224452,1.060855570166597,0.12835630875300388,0.4484078797287443,0.45718679363613324,1.1484619270355854,-0.16902153939119027,-0.6631771782368209,0.18137017967201127,0.14356684438374698,-0.025789833589141383,-0.05966696264364382,-0.01947125405021476,0,0.03397783228668653
1.3352559509180044,-0.05584381400612289,-1.119614420959847,-1.5560779429184297,0.2735041655693602,-1.394993578843853,-0.3646797938612045,-1.0409698618369176,-0.372859937606037,0.7714355290498661,-0.23607025549048977,1.0563279839034325,-0.21916618234915278,0.9267099200870258,-0.14103842284336898,-1.2053109894565688,-1.2819138369749468,-2.1261074817971872,0.010383374341030885,0.8853531478538225,1,0.9926655058024173
0.30720993872824554,0.09162385271715356,-0.6683433420603077,-0.1751713444918811,0.2145149975428224,1.3621990518440599,1.6709347237676058,1.1626404384865605,1.8636402538465868,-0.21386086440423008,-0.02032602748279597,0.006948998563936878,-0.4216138282626123,-1.7522531180056828,-1.6083904284661699,0.8531006325221522,0.4344400320650337,-0.4933670341581603,0.058621608429089526,-0.7048561128674076,0,0.002458986082801003
1.594193679586337,2.2986342902987063,0.9100230681159938,-0.4659432825236065,0.4500042467847412,0.5536300175969572,0.3590334966420355,0.34505171604740714,-1.3635235819101856,-0.18443888486364074,-0.20716746930892477,-1.1193581736266478,0.1492751136955454,0.4088046660244252,0.6886386594143783,-0.2191300859878612,0.6258289965550242,0.32879181727531104,-0.6975470890439585,-0.10694999870866086,0,1.7168490599203765e-07
-0.978599193180222,-0.5078286485738277,0.4239149280189868,0.8430321892695944,-0.7815842950149016,0.16070293752719658,-1.4695730062798713,-1.126142377137593,0.3682858163809576,0.7442576663838406,-0.733152392302683,-0.34478247255995886,-0.8653504850184336,-0.015932493907172968,-1.3412809660659732,0.6200082912862701,-0.9475705656983132,0.697393541907824,1.2486067125560667,1.6391055289109588,1,0.7693128331189258
0.08294964201220756,0.8499200305625805,1.3551579470001536,0.7629639395893096,1.0692216713197953,0.6028210682373011,0.5573320853149123,0.9052426745437202,-0.1258305186582233,0.39111956690581134,0.7188362868377358,0.9560142473933569,0.9275525332363784,2.10215108325186,1.651518526583532,0.7603477807548688,1.9180579968559441,0.5575221163561176,0.49922208326882256,-0.6700317721694571,0,0.03186101511462574
0.9202055762772456,0.8023550283206463,0.8567265098852054,0.10906769614456427,0.47181095325732325,1.4114154408596546,1.0236284763773402,0.06459684694890477,0.454875136809904,1.5072713772897428,-0.32723853853150864,0.5773700391995656,-0.46815476996826616,-0.19826252884096168,0.6871858720826829,0.786840767190376,-1.081229356976575,-1.0318889022964581,0.4809964047382769,-0.5026045248187003,0,0.29413808066724906
-0.9421304547559832,-0.05575827804260787,0.8297561670527351,-0.15611577581326067,-0.09303430851617994,0.16002109358060174,0.3520349344005544,-0.3018000673278455,-0.7877914044038127,1.6311620221409178,1.4054543979201954,1.0473929958468133,0.6187015572856137,0.9521435177138831,1.027893308358093,-0.43475026121946314,-0.20051305040202103,-0.5147424042958731,-0.8912598908014222,-1.6972595142682818,0,0.1986592725381912
1.1033124874664795,1.849650412298002,0.5244042209415851,2.061598974492481,0.37895501248650654,-0.3683928955949168,-2.036044322742683,0.12211239819325521,0.6199455932862022,0.49363074690869035,1.4272602841053248,0.9732462885403665,0.1868506774209353,0.117098504379033,-0.6120710768691061,1.3308988171035354,-0.14994764334931443,-1.0660369464158352,-0.25686835099043176,0.47966416329320266,1,0.9944327211919404
0.2464617174131958,-0.5199143782630141,-1.3931390883277108,-1.0434283743640174,-0.5673768714700168,-1.5526112385839346,-1.0004549915580205,-0.9643477384117994,-0.3030721149914934,-1.6764209650261055,-1.379687218225955,-2.1010705133889602,-0.9981310273110299,-0.5883632782738618,1.5754207019618696,0.9967399178891498,1.5301241488977382,1.2851411814389202,0.47476723204906746,0.5103652301239178,0,0.001295299110139788
-0.4774805581295451,1.7198033765250051,0.4377909945223259,-0.23015393800261735,-1.0556669772730831,-1.059342918771816,0.17788872901779246,-0.3390599059826095,0.15825910659101006,-0.31290111344740146,0.450540204270061,-1.1708118383499304,0.19334411168707927,-1.6155830118971495,0.7876884308917833,-0.4603193722511553,0.2617561264177439,0.46840757093831287,-0.635670015810512,-0.26113127282190424,0,8.710263525402136e-06
-1.4957790067119094,0.5673228259221013,1.6042994985886176,-0.20775015234673608,-0.12664036529147923,1.2838776056603038,-0.29175123719660506,-0.16289269415771837,0.9678044608231993,1.100087548271316,0.019289839642115305,-0.14412993509163863,-0.42287064318299405,0.7293748611605646,0.859285337129632,-0.15336144609859986,-0.267418978923652,-0.6403844979771552,-1.1136115822692083,-1.3481593555380358,0,0.003184206632761206
-0.03129084457609792,0.522701423512701,1.2787691360473539,1.291321803639845,0.880552464534066,1.1787081045247456,-1.6632475417320152,-0.05227341908369333,-1.2064373501082253,0.5364368907637911,0.17612385102547182,1.0204480720905986,0.7172698779045675,-0.747864111076778,-1.4514094938841142,-0.8321351259927291,0.0460055254754083,-0.2926682858577871,0.4528391179230343,1.3558713286532909,0,0.0041543955852679434
0.5913519723339953,0.5323476997023373,-1.681110139600001,-1.3551284415151181,-1.8694625640960127,-0.29399803588527623,-0.008998282657138444,-1.1444995216107565,-1.5237569546034588,-2.0476599423160486,-1.9391694173490275,-0.06294021720447876,0.2294988608387254,0.20346717932278527,-1.5910049545517915,-1.5671729697585295,-0.5155776485107645,-1.0116977467287325,0.5365014334464623,0.7914347273314408,0,0.5011372292464438
0.3876224888691555,0.21068170836525116,1.4011082244466124,1.413960353410599,-1.707422057458256,-0.6249238160155904,0.7265820227353598,1.0611956894937373,1.0869830563258596,-0.9391844488555168,-0.17429389866861408,1.3629217399821034,0.8628478230125978,0.7001880506671656,0.5327584149872163,0.07573193676861867,-0.7524824943067835,-2.2142424612374825,-0.8529972642391358,-0.07896788905352649,1,0.4544207401294279
-1.8431797141933892,-1.0506356219763175,0.4916636990991731,1.031527113739827,-0.05574501199031121,-1.319373563152429,-1.9922309974153845,-0.9305572271795448,-1.0194064814729786,-2.038122713589088,-1.478405959918441,-0.7983451631201733,0.7730499554727308,-0.16374562456187633,-0.8728886850207771,0.008508355367149825,-0.6202892743564332,-1.3317908711316337,-2.1940707839569447,-1.6421408527448997,0,6.018107113392373e-05
0.1769190651011567,0.193069956618315,-0.3633490357226109,0.3658841489058989,-0.7690429577774213,0.16659344059341596,1.0938982966613955,0.8806416459760743,1.115468210249417,0.7399771277226941,-0.4970404910904554,-1.5646806568036593,-1.7920689232569404,-0.46853738426150704,-1.3329081010571688,-1.6099690942181673,0.6733056581205673,0.7512709335268234,1.1394510423314144,0.12453420324230934,0,2.3918263694165603e-08
-1.742727860589575,-0.4453162547309423,0.18537897998689012,0.13353174401981036,-1.4081562763874296,0.21506661964977072,0.6303564422971385,0.7623728361606131,0.07728537980515583,0.7652024207872423,-0.5170407538021957,-0.2588498000965892,-0.21370246302527687,0.5895461971152444,1.2429630994427348,0.8273713567340314,0.8656744805585594,-0.5983182576866672,-0.10172507396444974,0.18527989665504968,0,0.0006910147005846835
-0.9768549021218261,-0.17790984416913208,0.3202705183058464,0.40042147841142584,0.7161014855741248,0.6587454005320924,-1.6692599241571702,-1.7675086777880302,0.30964920659746265,0.9737196548517767,0.6784301710825638,0.36001320579232216,0.3349716635991766,0.08321951162188888,-1.4087793243063582,-2.1104444874656747,-1.8983664943115433,-3.034755153268558,-1.6219433704179558,-0.5961065668447958,0,0.08199529398445651
-0.03106998094808834,-0.6342055140466581,-2.037951338443765,-0.4944146848526846,-0.0311734270507938,0.5261059602775082,0.35104027857638465,1.5427939905303665,0.9684917255692278,-0.057473887146004425,1.3818567804697608,0.1233888403585126,0.9595557079872544,0.30257818773879797,-0.03621287856006138,0.36729243536755257,0.34721945688494454,-1.8908385092863025,-0.9913741064947181,-0.6231123212004899,0,0.0011498451222599303
0.5727878730701035,-0.235224809220356,-0.6137105158435611,1.0281497262630077,-1.0341339890894503,0.006118208090419841,2.3699994423356108,0.7172196830389613,-0.4522669667882789,-0.4178384587859927,-0.01830330809932489,0.866260243512728,0.4452788167975287,0.42373148293798113,1.7307941512334204,-0.04916624394291734,1.2702862107049666,1.7171462267700486,1.3638833891534492,0.12404879028927078,1,0.9231832531940085
-2.4551181758166964,-0.8207646434800371,-0.40760549545808955,0.6791528195110882,0.7496893834640231,-1.0643356955139749,-0.7616248421548061,0.05081027603843738,0.8450065650831967,-0.025648748838261806,-0.7889104020914616,-1.1231435963515988,-0.7941958709241634,1.7826079971510078,1.2834986508567314,0.4940071751094269,-0.18286255149284997,-0.41009521000176186,0.43309586550259743,1.186546497946871,0,0.008074298998575952
1.4635143976928555,0.6380823720606699,1.0788792508995098,0.2802136576478001,0.7034376179626384,0.1521416210778232,1.8632668281224551,1.8534979225345292,0.012489161283239436,-1.7723924374197806,-0.4943032927115666,-0.3787084706431712,-0.5922135767848135,-0.37751409680256093,-0.9864859546636223,1.6706986397331502,0.3849915655410778,1.8863450135653403,2.591063157528229,1.6639904389809985,0,1.798437607988756e-05
-0.06680321266596118,-0.2588019219402438,0.8392713492264853,0.6819352879991296,-0.7246766852836277,0.2678386768612879,-0.48297255989231386,-1.0624169875020328,-0.36147959385624345,-0.15871758446092055,0.2572014287576582,0.7561918351546395,0.6688275387623493,-0.10112411797841152,-0.5735389679949219,0.7848582498408125,0.7377865501140074,1.8219685459315673,2.730006256681739,0.7555194165470718,0,0.07359140019885281
-1.9219695068432179,-2.6126668450289574,-0.9843456342268032,1.7627675193373817,0.40165313391034774,-0.5272920370896502,0.5606588365795081,0.9619387733168765,1.3807287575054517,2.032085960176404,1.131608197492986,-0.11190974385802147,0.5211787372507427,1.3011294364792811,1.009914991358598,-0.19276184685229802,-0.6969757915429333,-0.018348798918369977,-0.5644852198894624,-0.03879760535710189,1,0.7646539524764228
-1.7273299354716671,-0.17464934088941234,0.38898638322158813,1.2128680782100891,1.0120255839479482,1.154008590691614,0.2644854952405855,-1.3529933381677504,0.8565055709903955,1.522903151475525,1.3984579765847716,0.7927998065163789,0.6138727677509994,-0.6059970488614878,1.8786764778783076,2.6405971401073383,2.192287008328402,1.7387124305860435,1.6300010291814442,0.7675218710989695,0,0.026704622366112603
0.8940529037544038,0.5263781341180714,0.7182377737337652,0.6189560835305645,0.02559839702889131,-0.4971833652151914,1.4529855194585954,2.0516791058199657,2.521192328349729,0.9736105656464401,0.6933913138895075,0.47603704504163546,0.6348209063228711,-0.497213460151304,0.3646786438233437,0.47622952991866246,-0.46295207475208183,1.3617578076949672,0.5688087644071566,-0.2763505406204559,0,0.036267197760793936
-0.4973711223619013,-1.0806554592171982,-0.995598418321357,-0.12772092629481765,0.3498178318086562,2.3039107934911565,1.0636448888846404,-0.5965292375337506,-0.34643159967040754,2.055458682354162,1.4892032667372068,0.32052089776073023,0.03373879832429584,0.08893155792820713,0.9495255213533107,0.7334400426369635,0.4512083860574601,1.7323921196967722,1.9447633201321848,-0.41229155830696357,0,0.6263933879058141
0.29787951562573317,0.06333380381675587,0.023619080138135934,-1.0164548173613746,-0.8487844064845405,-0.3797642123065087,-0.8514039028293335,1.1990200594249103,0.2361313407024296,1.1297215150855222,1.384723733865763,0.7703757358557294,0.7911187955210248,-0.38767755578653357,0.5764251020349631,0.33374661046175336,-0.3655523898949545,-0.0944435850497799,0.16916783319119688,0.5332147763014083,0,0.0004011370461836071
-1.7795112724574442,1.1263107298370303,1.4731173130703927,0.5994106690065422,1.0361433402121045,0.4863495479098344,-0.05700526359514066,0.059135515349745545,1.1243869726912843,0.6000841031695585,-1.0580833651525072,-0.5390122318872231,-1.2627237642705107,1.2257930357689122,1.362602949088814,1.2661566614620092,1.543647433224791,1.4845138977273322,0.5229538862473883,0.012991966164292207,0,7.1422013705456845e-06
-0.5750025718901256,0.23129424379260993,0.8054486995284956,0.7985058551675475,0.8349721309149346,-0.5522424571269597,0.32334123137835397,-0.7360001518741712,-0.1884078808985802,-0.8706281745789911,0.6220654211824321,1.0362270602116623,-0.13599542684846733,-1.5243786381964168,-0.043820882506896294,-0.2157189898052364,-0.07357998286477875,-0.2769614228840654,0.09694022903572165,-0.7863230198098883,1,0.8725014702953285
-0.39653273382258625,0.2850526141043067,0.35777867546948794,-0.26405738354300556,-0.04598339549285168,0.9775703534684519,-0.5529553505653801,0.6982467134470104,0.6097144260811103,-1.6788679670686528,-0.9061920489841223,0.1999490508892004,-0.19288453185914844,-0.636554921264331,-0.6266318819590874,-1.8084213355568204,-2.120300777398755,-1.5700755241977549,-0.7147093760236222,-0.8218562115910228,0,0.09426372000045692
1.162536832250555,0.27741059229750387,-0.17278998674918866,1.0192127217446607,0.8600394094686463,0.48059250042409524,0.42302211895294917,0.1344567094813917,-0.8924863764906181,-1.8498699252477218,-0.756395625026907,-0.1514118584778223,-0.18869316919042672,-1.1029371741387541,-2.4481946415328313,-1.4046911914888818,1.1499481693018692,0.5630361463602406,-0.5891011137173909,1.459239944340579,0,0.00585851045994086
-0.36140103886885516,-0.8375947681165697,0.10682117688109319,-0.205209591004471,-0.28773902215813113,-1.3667213720213631,-1.6337200282323874,-2.5788278770298008,-2.277857213756329,-2.1071614511453562,-0.720145230285533,-1.8308388267089106,-0.8812790432675555,1.4911948550271934,1.0295764806005705,0.19389352551123729,-0.5872398580297822,0.848394185648665,0.3350651587951857,-1.3430968301316895,1,0.9193795205050983
1.3694876391470912,0.3208975017567379,-0.4642235911865195,-0.31578711619297917,0.1977889964372723,-1.6442877938845075,-0.749093415126404,-0.3208377182056121,-0.8462117390748933,-1.119751173970867,0.0484280371952268,-0.1889818278668238,0.05898141734739705,-1.249145284924243,-1.9609051772397383,-0.6568354375774045,1.2816151811060563,0.959701907832611,0.9170296847400234,0.6064596543598402,0,0.06108629704738784
-0.4958492708903155,-1.6030942444260767,-1.3631442454850327,-1.2959604564691989,0.33191771910658535,0.7830420909699773,-0.3443588065077913,0.436071617317426,0.7328867336038234,0.693358974297797,0.6338590597680472,0.23437170472312474,0.5645787284096594,1.6470974566042047,1.2146723299233304,1.3558274492012063,0.8024978223584296,0.20056582453220484,0.6274205785084812,-0.5583436521661498,0,5.9505988991667445e-05
-1.3462254131330007,-3.679838429358765,-1.7434246839693175,-1.7045711134774557,-0.7169434111806601,-0.33227418441142303,-0.9820367752878011,-1.5508998764432291,-0.47083025167653286,-1.6780679294561032,0.5916091137093135,0.6691945782377247,-1.0062563847473405,0.2656282216659018,0.4655664974058433,0.860020008204323,0.4141277005280216,-0.8011084106608485,-0.9886310394493862,-0.963651576829441,0,1.5027761926483742e-05
-0.20485998505795247,0.8104154210559463,0.6720310554928673,0.660302735189686,-0.1395264384107086,-0.8665463756429428,-0.06387426436190251,-1.7152468003478814,-0.81322908403091,0.028326859470888626,0.6760864665951947,-0.11162896082445578,0.06755866290393779,-1.125107479440391,-0.4514620457059797,-0.33187077992040426,-0.31913515151342814,0.5941989037312724,0.008937510291607602,0.2911376043841113,0,0.4923181774424076
-0.416671091238216,0.12147791958505096,-0.3292383515660567,0.8918260388697671,0.1930680422242544,-0.4903503228590899,-0.7786573231076414,-0.569832673942742,-0.5649530341032376,0.2518392014247243,1.4593961783633094,-0.3097583150527705,-0.18318048348538535,0.1276913969821268,0.6216304037348076,0.9047274633662781,0.8673858893868251,-0.11129910769015963,0.6922965429661629,-1.047639734550042,0,0.008367234223173151
-0.2840654323399448,-0.5184699031173379,-0.6593044881654369,0.06807719316600871,-0.370810413183947,0.9789663912738841,0.5259388803887436,0.5244529162295978,0.7730817963612092,-1.0471982298793658,-1.5985056053889628,0.6516122080425033,0.5197861601405492,0.17570984981182736,1.1197353962687238,1.5422491281085675,0.3672645888083132,0.6347241305508425,0.02067750774112905,-0.5127906601775286,0,0.01780138059241618
-0.32023894641265915,-1.6974611402672286,-1.8733808247291635,-1.2921116836454716,-0.6566681036597487,0.669185773689842,-0.8818203712839701,0.49895786436984607,0.3047579572160749,0.5480756688457212,-1.7008233137357747,-0.8070691395784166,0.7864473363993636,0.22666917187466892,-0.13151564559990184,0.6156571538847257,-0.6487808924212531,-0.8071576549498387,-0.6217160342145758,-0.7182454663019563,0,0.00042966971093942683
-0.8227903701801462,-1.8938067357101884,0.23061023708983588,-0.5639416778745012,-0.5681349484990333,0.38667644166488674,-1.1152861517628205,-0.5564491893739455,0.13350250906874989,0.5298518459037368,2.2991951522539957,1.7655670565944712,0.8710220252442612,0.0979858851330306,-0.4873463455781608,0.15467225269260862,-0.5357579333655929,0.4074203085746923,0.9333041010483203,0.3759499653504979,0,6.753471009203608e-08
1.091033659000442,1.3861661932655593,0.2803722227024987,0.02597974152505231,1.2656728599075238,-0.34739789787354824,-0.4274027516118539,-0.1962332693609219,0.13124998188979387,-1.2451045425482716,-1.4434825719725994,-1.030011063113352,0.4299675159874892,0.384185318764185,0.053380291009960806,0.7181690384486937,0.2712130946956711,-0.6731926496494117,0.4568264418438558,-1.0003508132470966,0,0.0006788218909720325
-1.884507892476096,-1.6922188973466405,-2.382341561606918,-1.0398121112337044,-0.42490409385504996,0.00578102199946345,-1.3359926255215118,-0.9192752158026053,-1.0839033419351567,-0.0574936514858748,0.7535254681280079,-0.5898898046271103,-0.3470642816266382,0.6402622239540267,0.8414267538662275,-0.08341201775478772,1.5867124297675184,0.8108782210557988,0.5129991271175147,1.2473944914372053,0,2.504406772441025e-05
1.830644812326319,-1.4983255774949318,-0.6835875811613055,0.3367375225374504,0.38938717963866226,0.34912084632052065,0.47865427174191505,0.3518483449049076,-0.327092720908457,1.1292767758584705,0.4551087556149194,0.6683329441103307,2.013277496605071,1.1973302777233874,0.18270415580966268,0.7513885648992691,-0.5452543356574967,1.36670692900014,0.10887557888779868,0.6236343692619092,0,0.05551144284273751
0.9309784585072846,0.9564114102885195,0.4633098040584087,0.8732462628998564,-0.3540779139007788,1.2312210860863488,-1.2257783499398474,0.42087498771345205,0.7218352974444211,-1.1123609172278734,-0.6572778895918396,-0.0720610932776881,-0.14992013997054507,-0.10393662829776298,-1.0495347982747096,-1.1086558008539218,0.038641424347303555,-1.1748382831548236,-1.1359578488864586,0.09884629352884003,0,0.01138295574326628
0.06440354778958644,-0.7591311330719791,0.23696518019609203,1.5071789044928319,1.7891461969456333,0.17270375153684256,1.559654773251635,1.8135589255272044,2.195039722352052,0.687682464742409,0.35593242715165524,0.5558903443288984,-0.5381254693198003,-1.1673775508857092,-1.0369706239596668,0.8159416932842821,0.5469499140777546,-0.13895394561976473,-0.08169383834044701,-0.8273271464713807,0,0.0669852574231206
-2.5561636320445467,0.3351268960800859,0.26915828524545937,-1.1860680086360829,-1.3991678191210946,0.09309538947864536,-0.09511170847755472,-0.7156974424005096,0.24371010440843963,0.7685375097515053,1.4536828791932563,1.0338626475288493,0.46331256133842297,-0.15027852830267988,0.5304023732049495,1.1545970301770978,-0.08171415586568956,-0.19684224222637112,1.4147836103376488,-0.02412155467070822,1,0.3595337622981148
-0.06444558089139585,-0.06707541834955322,0.987167244520087,0.5711842128012238,-0.6610709112092846,-1.2522167818317416,-1.9755853547700568,0.763703232546975,-0.05168066706558422,-0.6252946283450854,0.6373895920040111,-0.17694913433946285,0.42311414630663174,-0.008252134522190585,-0.35318813396111853,-0.4781649287186635,-2.109221397685854,-1.8737382284814517,-0.04282787552675418,1.4426765590235802,0,0.0008941380086437219
-0.026688239056396147,0.412582252171621,2.4382685467975374,2.2155378733336284,2.186653919332636,0.9717835733494069,1.4441550321444623,0.6513634795073344,1.4251782106251123,0.8643360484921975,0.584264331591548,0.6623983096390634,-1.233955477043033,-0.3374624072292478,0.8289902467625592,0.9572892417682327,-0.5988540318571015,-0.3357565559219544,1.4701828261932428,1.4176588994628527,0,0.14680522244130367
-0.0043137470441191135,-0.7029529672847782,-1.6355669589102635,-0.31170069518372046,-0.37652652711907936,1.3916948295926326,0.4673216837120562,-1.353531519218509,-0.8899559433705737,-1.558462177932557,-1.2064445927711442,-0.03821225982935647,-0.08517724818295988,-0.16391360888704823,0.14239813178234265,1.6001224001268088,0.5717659638062977,0.8331203350562723,-0.4849847992799116,-0.453299503084137,0,0.1954783739094199
-1.3991678263967422,-0.917832829635527,-0.7361231291542205,-0.7115229996744107,-1.2393730822219549,-0.6868577797972598,-1.5770984745752272,-1.3913576340419818,-1.7571989200830778,-1.5464756759464922,-0.4015424683635836,-1.7455633754222213,-0.7077285370910301,1.8437162003678762,1.187433954444175,0.45709130248228924,1.9721592568315471,0.76750321877703,1.6153121771385743,0.7813496085277039,0,0.0018307380977188755
-0.5414911597334172,-1.2504017297855694,0.019958606365852175,0.24495977388639972,0.9738903721488376,0.6312996870321486,0.18721126620877243,0.28196482768044695,-0.10872168092403428,-0.9951690847913611,-1.3036177815743477,-1.5612886237914725,0.05113041823702732,-1.0628444884063923,0.5532830627727521,0.8466732686118429,1.7950782539609216,0.60874047718713,0.24433835028930576,-0.19297305066300705,0,0.0019139487675496364
1.2655111055717458,0.35245245054898455,-0.11947362718476681,-1.0819092728941029,-0.2866283909374939,1.881927537227097,1.74890207666731,0.17272208001426084,1.2930687115335495,-0.021173445063657138,1.3191274284295134,1.1756805419945446,0.09652527794077671,0.2686715758201414,-0.35328232926144315,-0.3479834308114829,1.0839416510452646,-1.3064896900241758,-0.5378964050967328,0.6800208143135276,1,0.5509341465232966
-0.7846230763996288,-1.5888492871040922,0.04686643300229074,-0.44920810508232073,0.9514939030979022,0.4721455543518116,-0.6780288716562575,0.4731053395194392,0.9271955541036626,1.281814537986485,-0.41559082170151956,-0.6715419464114339,-0.5462916870385273,-1.0418995343099904,-0.07999340902888298,1.2448417881163678,0.9425288622135847,0.9694743922469737,0.6964773282506215,-0.7612369338572909,0,0.0003368989769922739
1.135967041726571,1.6663304822637004,-0.2043969005405079,-0.1810115352319967,0.8348015102113204,1.5096263661783205,-0.007724521874266843,0.42889076268519394,1.0154545781047648,0.41084618651988963,0.7584959649680819,0.597383873940341,-0.1282799094539429,-0.2850974548212339,0.4717299749555842,0.0783987460966215,-1.2140884567518817,0.2225423980026998,0.7933050479993469,0.24632479480886402,0,0.20269272371638303
-0.434835062906693,-1.0282683234233947,-0.8292225944609831,-2.3693748235216474,-2.1423483750629178,-2.6808318812417533,0.3057195547927983,-0.18488906004921687,-2.5889383197390488,-0.17004463672411146,-0.4492723115142726,0.8332765220738316,-0.03791605118408273,-0.8524178691975229,0.012881257843591213,0.43445000946064866,-0.362996975078611,-0.008498020222537903,-0.36478634753584577,-0.11819449290190846,1,0.7922676341255263
