X1,X2,X3,X4,X5,X6,X7,X8,X9,X10,X11,X12,X13,X14,X15,X16,X17,X18,X19,X20,y,p_i
0.8020130120062714,0.10928257793549298,0.9909994938912917,1.6921229955247683,0.5394175722648402,0.924433471873942,0.5142393767684196,0.5530443561237313,-0.10194677140157059,0.5395756664415305,0.01951129455877789,-0.20823267469158843,-0.5573436961947035,-0.025208433140453,0.3400124514462987,-0.7050423616730074,-1.3005068209873953,-0.5419083685221662,0.14650203914921892,-0.08721613761465445,1,0.5777551495276252
-0.19298349536683312,0.33088954646166074,0.0955960914370715,0.6102798033358425,-0.03187638952147579,0.45799234009031653,0.5432193712090619,-0.054109024530330736,-0.440549088372645,0.17493111636334507,-0.12582922753426484,0.1737792512634939,0.8415695176619752,0.44457340778500326,-0.046228598654263646,0.09689982498626953,0.42463787296258854,-0.11631321465431183,0.11169028783129867,-0.2094605874511317,1,0.6728672506680177
-2.6674007999209635,-1.4558491193786467,-2.294334032148462,-1.3186092446088757,-0.8766331551030546,-0.9061769222669699,-0.09054374809372005,-1.3485724407364958,-0.7286759046264595,-0.001773907650759264,0.9916455508806766,0.9527963493692003,-0.21608761955528766,-0.09361217949444396,0.02287752178293842,0.06830132071796585,-0.1313097162428071,1.0869661355974924,1.376821359752422,1.3651258781306443,0,0.2530380406833215
0.15051818543124065,0.4266947819597398,0.020972703524549694,-0.25487378705039193,-0.11777400185854213,-0.2526968435299461,-0.08266696497944169,0.5262143412584044,0.261638644390502,-0.28765442309968087,-0.9929599586757341,-0.16945971716903455,0.15047736306270643,0.5309342405556245,0.4912107950198261,0.789285547824138,-0.058653316208117014,0.4048659017560769,0.16916612259782507,-0.07542448322423996,1,0.5467533728283062
-0.5146997879847354,-0.2972168235490871,-0.11155828347251406,0.34675012836002633,-1.449218872636091,-1.2529817528730993,-0.7095789167447878,-0.3464630932504274,-1.0663507422808105,-1.4833215138594653,-1.0506242244142872,-0.8726980244169094,-1.8307506513694383,-1.54935699195401,-1.5871497582310974,-1.4621318698213397,-1.924394590797931,-1.9398148275378235,-1.1282714143130002,-0.4748906526247104,0,0.22726773224709362
1.7700396968846575,1.3502596467073928,2.050463929897287,1.2392065937836934,0.3480184179498687,-0.35939050630028824,-0.6216562973315694,-0.19402679497476852,-0.09235503876329364,0.1955325766688777,-0.2596417465363669,-1.1578918978840778,-1.5228208199081998,-0.6438337394112819,-1.8357879686683949,-1.3655202363396066,-0.9959829607617113,-0.3441043562920719,-0.337349925769513,-0.1651970339122678,0,0.00020225242452177465
-1.5386263607676527,-1.965478686989281,-2.178370797805219,-1.1361379480903107,0.05516767064831254,0.6770330681015461,1.6376647081574411,1.8889032409948798,1.439203341205711,0.4623692269405372,0.9298582539263948,0.6720136405921104,1.0694138269457716,0.9942878065168393,1.669718725829973,1.4642971647234773,0.8635861144004539,1.3988904095888257,2.3002065426115905,1.3851808601511504,0,0.1337000651725558
0.42205960912465235,0.2166964212656962,0.7207146346618807,0.8973001674308978,0.8035939694623668,1.0408652353915901,0.39705179151713055,0.5464949416010898,1.0712205526490257,0.1633636056179141,0.017886112332295746,-0.03833186292454194,-0.2411021609373841,0.516581692966692,1.1933716061511843,0.7966000439365566,0.7140864094722055,0.7662439098157616,-0.23264608215807567,0.20787021537432165,1,0.7702045689282015
-0.025721237816000306,0.06486987860658112,0.3809466714689438,-0.7713509229016599,0.0662830930471007,0.7207323340013952,1.0133961357125605,0.3693538832015718,1.5809494045484336,1.3601723440416125,0.8258740816851186,0.8380615465876081,0.4749226063816257,-0.3776484758940235,-1.0006034671836834,-0.5087093483728338,-1.4589515519819218,-1.0538409989379205,0.48042805100669306,0.9308241003767876,0,0.48673919360571444
-1.615477953343613,-1.491073280454715,-1.0518888740252086,0.46478548211019394,0.10447981210561991,-0.7110793570622703,-0.08517793379692362,0.05112178056186106,-0.40857688822862503,0.5290521982109773,0.5408328161420642,0.45962099661594463,0.5405145153047388,-0.18284002537810348,0.6269794006979561,0.28772912435896597,0.44419359872886083,1.141436673593313,-0.24417755150069073,0.009705229118378495,1,0.9119870150217595
-0.8061461066310316,-1.4523991312436955,-0.5759817047386125,-1.2107465097665024,-1.4474547402111237,-1.1307830580590754,0.06776209541563115,0.06831004748095892,-0.9979429060744797,-1.0372498235355996,-0.7746528825015405,-1.154054742595038,-0.29196040644690036,0.30874922068599814,0.3915930972065099,0.9518813952807493,0.7509606158319552,1.7219881306252478,2.0411646983410594,1.335752768040151,0,0.20313504450701642
0.9177832807205927,-0.5056114907049506,-0.9151264468078265,-1.0734176602549532,-0.09879660347585237,0.6089991483317825,1.4747803234863963,1.3818517114230764,0.7786620603621628,0.14487253091643154,-0.43162809773100824,0.53916819112241,0.19654844478391173,0.42200947698186686,1.2423403412771301,0.5079670636076884,1.0351099574391553,0.14386609743019435,-1.0018802248893188,-2.033378703685182,0,0.5035629404843583
0.7889222440610784,-0.06808060650446708,0.17265315460082323,1.7361083002324946,1.865375361559252,1.1615031424541646,1.0319233613845096,1.4590145878922154,0.5592917654415581,0.7901505989464365,1.1089791789134626,1.0316120164416507,0.9238542886260631,1.2928757252174854,0.5859030436905217,-0.3959959829082641,-0.7266727125697154,-0.21474899031991418,-1.0722387356380403,-0.23758125462424404,0,0.9563910647419781
-1.216914969316744,-0.8078715648133498,-0.526546749892287,0.534158459817283,-0.5495129552400696,-0.6229676070418513,-0.5236896364463562,-0.06234389383123166,0.9050220568069312,1.6671372135750184,1.3145368008641387,1.7281221471043708,1.2199818815579437,1.0953132014277671,1.9687555488026167,-0.06553039621863885,-1.3927025200493763,-0.4390647296137763,0.24920477082034334,1.1472116456496007,1,0.9658968177721843
0.42891315918925127,0.3939789028565684,-0.48914654841820404,-0.32028926152634724,-1.3725912423959148,-1.598882394095271,-2.4079256216509384,-1.9367003457273166,-0.9621992394766121,-1.2169599894823548,-1.0935584731604504,-1.1158231337111801,-1.934346085205059,-0.9626478832536158,-0.022688746938900183,0.13458141068110938,-0.5598160660294785,-0.8239420419073715,-0.005465589311876531,-0.8375978894529711,0,0.19493102836487086
0.9996831792936727,1.1950306691601622,1.5421309034437434,2.0520685210716705,0.7038778487036451,1.8057220495326591,1.3866128809127765,0.8790044298317424,-0.005598955576105505,0.8183807272059532,0.13466488891308273,0.06704305861832749,0.5944936501537043,0.6034559832360268,0.5366442076307671,0.7533944776902592,0.05875215261487123,0.4838384676128544,0.14352906051968659,-0.18610631655052587,1,0.5083778155284793
0.9402508152242962,0.6003914726209156,1.3386548648744754,1.125563811133158,2.292128863087192,2.5199176054806527,1.7416797120676955,1.433172308278624,1.440487492376561,1.3013051546645125,0.9989536765047109,0.7541802692122719,0.76505639944434,-0.15243386942257137,-0.7952949332785085,-1.4897721411139033,-0.8051887815618977,-0.8125982287539852,0.0004779484392598919,-0.36907377461131186,1,0.140140068951123
0.5709006337824591,-0.005231615578904732,0.06644645193050326,0.7157180002381405,1.0856444078298628,-0.05816145760149414,-0.9865900688853168,-0.5227404142097373,-0.6841847030952268,-1.393667661777923,-1.5339026687720974,-2.4019172253483654,-1.0062122713496073,-0.2464075910063386,-0.5574105577446603,-1.2605876309606956,-0.44297530200156665,-1.0983140770305342,-0.49449739600047043,0.07021868461060252,1,0.06291656041247942
-0.1400858728753668,-0.06070039392002797,-0.48899885189615755,-2.1120751873599817,-2.1080634599279042,-1.5078425126330213,-1.1555202322605889,-0.7790958590729724,-0.6112432749151133,-0.916990106106248,0.12276727667599249,-1.135772240477276,-0.5281462869853042,-0.6693258579254152,-1.2240295623314732,-0.8668919073025178,-1.5155328621571738,-1.3614326687776803,-1.5051188931570514,-0.37742601077339305,0,0.11968367328412764
0.7961447439628154,2.007789842719448,1.5310875773692576,0.4851712286955682,0.27313853527384785,-0.8499903809955394,-0.7783907972534949,-1.076670303570616,-1.4247564037906018,-0.29498853283192983,-0.43695176557926163,0.3452321113276542,-0.15744105676356723,-0.29722825008034975,-0.19024721960786867,-0.6065023504304164,-0.05710353339062913,0.32180510030664267,0.1486445748238555,0.708887122415486,0,0.7017239498826786
0.25668119496599173,0.7590064458174459,0.5582948225536313,0.722905604373824,1.04207453995458,0.6056240793091436,0.13358814440355518,-0.4352517167973241,-0.080450974759955,-0.34244593102612575,0.20102976317322824,0.21963943621390408,-1.0785620177265651,0.06499885906899897,-0.6089748937156289,-0.30242528280749076,1.043326310469217,0.831048491449261,0.4447004665127799,0.8240942019600359,1,0.3691635605309293
-0.16804819568580456,0.458968422507867,-0.05050751568436181,-0.9000682359027763,-0.0875075830634589,-0.7201435286762442,-0.36935209962349685,-0.07589078324902777,-0.01043675575126643,-0.03856964042382328,0.6297677166580898,-0.11329500772990782,0.004257696730778774,-0.25521322075525016,-0.9113760754591574,-0.27906771282223647,-1.2916690375024917,-1.0808891078888825,-0.9394857862640847,-1.2969066872021355,0,0.386709570454493
0.0676286929290575,-0.749784182028635,-1.3322031013437272,-0.3196350023607313,-0.8256204794355742,-0.49727385431897336,-0.9789806901778783,-0.7263427442198458,-0.7477965722885944,-1.6196090454915861,-1.9873677660003553,-1.800891666674984,-1.0334901647877148,-0.5225702341505803,-0.7151364437847744,-0.9894684135910995,-0.8147713240433127,-0.8686302428190078,-0.006072841872753205,0.04924204256825193,0,0.18990824372713586
0.908156182441648,0.5541887788156705,-0.6345542584529665,0.06852893052760921,0.6626911358133823,0.7955384383317173,0.68710739119497,1.0806977746045567,0.20189912805883176,-0.45932617954342875,-0.23145969011920176,-1.5910309753274956,-1.3166063907165875,-2.0443942881037622,-0.8531068908606996,0.18892512007522216,-0.17033814484115617,0.007846091979530647,0.0031212050199351223,0.11357662500677995,0,0.27953514384275907
1.2204188398752387,-0.0899036664298086,-0.3036695617886635,-0.0037878169090797735,0.6172659604657634,0.8969296486857156,0.4736805189618861,-0.8864427727813271,-1.3887426137128145,-0.8419478667665226,0.270809572739065,0.7881452039865355,0.9379782314409436,0.8345467408600383,1.134201763134742,1.1409675868221894,-0.8762810073719401,-0.6606443293476103,0.3416986489157868,1.041523443598411,1,0.7931658749660049
1.7978445939722216,1.2781883908608656,0.4223345461424745,0.05049728700237384,-0.9100179029990036,-0.20585593345065517,0.25242131232262793,-0.3865059443854496,-0.4258511358876421,-0.46498500796091186,-0.39355592849691545,0.2486007213498415,0.7254314381211151,0.9800046885684113,0.49818428165800765,-0.04999604812202639,-0.1374365515624749,-0.6196664008518857,-0.6999721726017585,-0.5090850924592935,1,0.709168422288589
0.3917692344749879,0.18380975238734665,-0.2606938501936378,0.013523373599376548,0.3619169897418053,0.021565354010671986,1.0970467735927563,1.3432051929687812,0.9638045905874495,0.5832913219605497,-0.4085109237221279,0.1840721433607424,-0.7855322559987495,-0.8564256539025594,-0.321807532415658,-0.144782340280746,0.9463966393566478,0.9531383209468635,1.173787334601216,1.1438539444288163,0,0.6162819800470138
-0.599091837411993,-0.6104907183178969,-0.8545598210586302,-0.5850141432973848,-0.82209463583874,-0.7011413511309178,-0.33362353026867747,-0.7913005545804795,-1.1011770754941632,-1.0639960321194746,-0.6861346390727002,-0.6787368103531882,-0.9793882019935418,-0.92059697977097,-0.5975691723975087,-1.7198582804222111,-0.9674741755916306,-1.074394702303066,-0.1408563841408453,-1.2283131507019986,1,0.46314274006529255
-0.3726365630292646,0.01708551564372957,0.26059295563388757,0.2002983198127171,0.9975761211893751,0.640989636539022,-0.1882259200198754,0.8740964541008988,0.9733229142905712,-0.04486281917843447,-1.2972642006139685,-0.4369145658525018,-0.7137771383512238,-0.3812609035758415,-0.9500121419637968,-1.1552998876791793,-0.238419778054527,-0.3776107014599938,-0.45698795631280836,-1.2653792099107848,1,0.22782318345054828
1.079650653746984,1.3369760000594066,1.8447069632833633,2.1715280946667512,0.5093307984686343,0.8612735175726922,-0.08000480522852793,0.32513191895424337,0.8846325173267472,0.9830874359157488,0.3909883850469565,0.24985238853678257,-0.0934797319675166,-0.5863924428598872,0.12478046872213952,-0.666548499422426,-0.35671551281714203,-0.29310306637496936,0.34854384616763473,0.3713375439299592,0,0.16356010061685627
-1.233669125879277,-1.8103378736052127,-2.3065341890774467,-2.0422341380028306,-1.0922728038910838,-1.3474009318385938,-1.5268573644344916,-1.0229983271222867,-0.7903810077894056,-1.4197052147057259,-0.45053494011026396,-0.3279239501907797,-0.027203008706770445,-0.22481554497995365,-0.04823989799816393,0.18863922660484558,1.0834948859048505,1.0555999596832062,0.24999674840026026,0.039277992602744005,0,0.04282007469367479
-0.25541879536406614,-0.32678001622045344,-0.2565245671252277,0.10452916480757214,0.10691097269559628,-0.399174701016139,-0.4088749295217313,-0.19576147293758397,0.35102193500091233,0.16333696563004638,0.29028352728496076,0.008952713128189337,0.6463219999744965,0.6638290374737909,0.6762411959175922,0.18958305449488666,1.032202466435536,1.2504323506926776,0.8800231623642821,1.877528300509219,0,0.5916370156040698
-0.06618860677806976,-0.27802297526095104,0.32328823865470346,0.24293093601198654,0.992978771903989,0.07560203456583547,0.7383752555503158,0.9854464279208832,0.3154074010459827,1.0683915575523693,0.9432447836370691,-0.15504622465549422,-0.02902196733043334,0.5298540299408279,-0.9153168762590688,-0.3205440385280317,-1.5761593493284152,-1.9870822834423416,-1.9383833978267277,-1.161907643073579,1,0.37423663708441146
-0.935775615282261,-0.6402239253075588,-0.6670076367143157,0.2308772542792527,-0.020964598393612015,0.08164753746120891,0.2028054561974344,-0.634296350070275,0.21220375905067104,0.9682705171179983,1.0039986260004297,0.34111548071672987,0.4917322136382313,0.0341156336146891,-0.646058642532522,-1.1863915032940908,-1.9973211526062318,-1.1975798905742285,-0.5099030220394751,0.3638253907767413,1,0.6301914683963447
0.19171365812407673,0.6150152081365308,0.8878508537718268,1.5094169267617217,0.34188795035721015,0.0794817159783345,0.12997506034571,-0.06245478948656385,0.7060404513312385,0.7679031176162878,0.7562567042239575,-0.05493869407972199,-0.755675828658632,-0.6017067753332909,-0.355156977820922,0.10774173643933267,-0.48395072007913126,-0.5207725675935825,-0.3846416921110003,-0.3749308835440326,0,0.19909299963351923
2.8297581036081847,3.544909408617229,1.9173639128177749,0.7864762190397989,1.3540761398813508,1.4183249341062116,1.4740296416808247,0.40897398719638856,0.8158155144366834,1.1613651670027032,0.5293277510642787,0.6119463519166987,1.4467053806234829,0.8242576477286339,0.8284813243811258,-0.05951393367614108,-1.3920704553471563,-0.8781581679730299,-0.5118960986759461,-0.5081807800726102,0,0.7777361241972748
-0.36849228574601595,-0.44062517321805916,-0.32895176354128597,0.15991188560188546,-0.12183551810217572,0.23279590552916957,0.7205450160313419,0.7085493935293046,0.7130045056669987,0.10885735908983826,-1.071767112541973,-1.5679606415931842,-1.269089043901165,-0.747580434907302,-1.2094044258411958,-0.49999341888329973,-1.2494454902880834,-0.9293561275901544,-0.38030365516198916,-0.6696681813982518,1,0.12641002685950728
0.020777696368129157,-0.17285126170114312,-0.5644379617479299,-1.6009143755246262,-1.5780207275459617,-0.4945464015507819,-1.3296463513295438,-1.420976112611489,-1.0411661148861848,-2.4015585422383974,-2.7402460652845595,-2.4124143565759266,-2.6958438417979744,-1.707075032766706,-2.191842085384138,-2.0487872164028733,-1.775832014992424,-1.7742158608247294,-2.0626984497898495,-1.8645630360594994,0,0.1463057271434562
-0.6202084905787513,-0.25011568050296723,-0.49182576936675004,-0.7569677612960498,-1.582630028649095,-2.116374908928315,-1.3010744840879314,-1.1089070725517358,-1.5359487096218103,-1.1342631259000753,-0.8187769090956781,-1.4089816984398205,-1.0167939257448557,-0.5817046100761402,-0.8312492873871802,-0.04942942138011925,-0.2550681431700805,-0.22815267950530016,-0.38333347498906795,-0.3329193766197455,0,0.21094963069041425
0.05933474991213333,0.15797221797691272,-0.5711684697094453,0.18202440828510752,0.4724991439940791,-1.0087493957503728,-1.2695241257541623,-0.3976422107136557,-0.6594167224611435,-0.9419346376997698,-0.9013736933999432,-0.4122971154328489,0.16144439953063888,1.4414926433792865,1.1274491307170624,0.22985901033639258,-0.5192307600232112,0.20850914054203185,0.13310617130417138,0.8883469093810232,1,0.6700400997855821
-1.1417977215850914,-0.5444692701747815,-1.662594454127714,-1.9269644223902525,-1.4635178499559467,-1.1088879555622044,-0.48195563824619614,-0.3896198154552587,0.3782577402540574,0.21498431826883438,-0.2378759442824415,0.4824867417996414,0.6375885203361221,0.18917048388563473,-0.8227817392105544,-1.3738473124970083,-1.5627194634639414,-2.1754090966398723,-0.5921239699545199,0.024586602196590958,0,0.43750344524574214
-0.2798226891338662,0.20463053364422515,1.674835032041404,1.4530660718294917,1.2324797262557976,0.9417723375378126,0.928169496637563,-0.13434829407904478,-0.4074276561430617,0.4966069925419111,1.3159475649985946,1.1029334497630232,1.247306216701198,-0.23145540428560263,-0.46402315133225097,0.0028193524288677146,0.5333080664223854,-0.08840216525185833,-0.4520937487793814,-0.43627543535414737,1,0.4459357358977405
-0.3215669863714835,-1.3830731719505416,0.46478220399541054,0.4100475321532935,-0.1956907835269681,-1.096156095119762,-0.4121551531348986,-0.07264764728300648,0.2791495989856151,-0.7835680238263651,0.0100046204368815,-0.6014070344681798,-0.28883740940697994,-0.5941975832945221,-0.566314680863385,-0.21819884233797313,0.31310132689793274,0.7038285976861072,1.9885662291814672,2.114867223469408,1,0.24282335031244667
2.4874258014839215,2.2510068701170014,2.4479478069590628,1.784263087028671,1.9608931488610808,1.4854618427439994,1.4064490970997536,2.268681873408258,1.6185668061931795,0.6418863963989275,0.19861750529035857,0.16704255886746097,0.8644288463264828,1.1345922208483354,2.277630877436583,1.4669587497292624,2.1655942650177677,-0.15842710368771312,-0.40693396977083035,0.22693574348461015,1,0.9951917159087607
2.397528755374145,2.3885267993840165,0.7385305412657109,1.6646143217878833,1.4985953335258473,0.7720798054617056,0.03459796021209872,-0.4302966981510142,-0.34577360593962114,-0.46618439157673774,-1.165756478922149,-1.8966424988965307,-1.6317817858468815,-0.9450463245293358,-0.20524270640433034,-0.38344309933074394,-0.8273177113232941,-1.1247028543441155,-1.3255519092789572,-1.3093614534249358,0,0.03716815128769543
1.3773050730348264,0.9094372540010677,-0.28085296713786256,-0.3943395065773488,-0.03408158961849389,-0.7747219566920996,-0.8452866201897722,-1.2906381753926415,-1.046682883781942,-0.28930368832388087,-0.6208211976318467,-1.559699882636218,-1.4683398855766576,-1.7732990916259057,-1.3382848850067324,-0.8560256294217484,0.20629005326301214,0.22021703490099212,0.6274832006329496,1.044219762022012,0,0.11869942280221754
1.0510224525284275,0.6492459579860876,-0.11093292444903492,-0.5886567940930593,-0.5675634583793744,-1.211791203494168,-1.51006292414498,-0.7425889977856729,-0.6543776423467357,-1.2318563620684748,-1.3693159059467621,-1.8065520660588736,-1.2804754492121373,-1.0564971372398448,-0.5040230401524904,-1.1551155851808197,-0.6658001834390691,-1.292400061485224,-1.4112287462070963,-0.9318643299516159,0,0.08553882544527652
-1.434014486019027,-1.0674903080200802,-1.0724643695465512,-0.7289145551236792,-0.6646333642335956,-0.0792442796581771,-0.41254703716305535,0.09775979656929451,0.20542122697462098,-0.48277887691969307,-0.5238029951254143,-0.3715368536564541,-0.3658077516907235,-0.8872001071966028,-0.4660031403585329,0.5775644703457983,0.6594869695742365,0.539049165264553,1.3053112453511737,0.5689402860114856,1,0.4665580676066085
-0.8457997148922033,-0.46885925069407736,0.5464392705633474,0.8321813448902354,0.23284993571137752,0.5073957208682995,-0.8206913636752743,-0.6035970546676561,-0.9147554405620919,-0.4146866842573353,0.5955512563394318,-0.4951614283715301,-0.5344768095001193,-0.23413006687611637,-0.15878862862382007,-0.44669804085158915,-0.5777601339892958,-0.5968900553409829,-0.7937363587879862,-0.13700003828884585,0,0.47603747454924267
-1.0826497846381964,-0.7648315888244039,-0.654506885782233,-1.3693198475110822,-0.43483628138416947,-0.5023407030175938,-1.1435134410451986,-1.2138529127017914,-1.0551892728175576,-1.5593105645265528,-1.83363228412742,-1.1742982592342868,-1.6985096307966858,-1.7410749075720402,-0.10873412035392166,0.622257069910633,0.7352697883219188,1.3682139548142027,0.1428276192277969,0.18044526827363155,0,0.13244970965184755
1.2486048376895507,0.3352156321717494,0.15097020575125766,0.45235595861756245,0.09866696913489745,-0.3008455357226089,0.2938576690690566,0.19245241368981142,1.3900438466660385,1.2019750957365631,0.6337754529817008,-0.38536885067944665,-0.6268701757301708,-0.21560203870321185,0.13723951448572236,-0.5229941013328243,-1.30685644149949,-1.4310565568662632,-1.0082478088752183,-0.6563833524375562,1,0.3076849583844065
1.0175528883450893,1.110439072281623,0.6965442024172411,0.7692930138084896,1.07233483176442,1.6751046935571339,0.8622749971025985,0.35172634346737747,1.6865081643944726,1.436942472862946,1.3259282389638662,0.9687446704691133,0.6108201123881652,0.6293084381544954,1.1103248202958202,0.3394977716022323,0.742922339946485,-0.30123193355339856,0.7089419851881348,0.4372783694813005,1,0.7813845876883012
0.9930411289471953,1.0707146206696907,0.29443472653039787,-0.042991708842187525,0.19736253279849472,0.10597007126773686,0.19373176081279192,-0.3652439277167223,-0.07664893597267072,1.0846548067716784,2.055144512380751,1.1294414333562395,1.5400633199904241,2.0937170439262114,1.6640898969429228,1.7169619972202055,2.23114976849964,1.3398847734420787,0.9696277542102565,0.5239693887446935,1,0.929844925852507
-0.46495392243685857,0.41981031586600603,-0.2872710425424898,0.2162585355094502,0.796655642637482,0.9209538093322085,1.3844829806244296,1.5251014655195918,1.2259761306844938,0.058942346948527694,-0.33159824891313894,0.12488764339621977,-0.2833501559214076,0.2954364192121755,1.2468023324588438,1.0282984332334413,0.6824325004694076,-0.12807456482557328,-0.4409836680576462,-0.22289574321043604,1,0.7369893574422381
-2.3357673402966577,-1.6084061266764778,-0.6206521943061022,-0.5891303265396708,-0.6067165210568644,-0.18924319905586595,-0.7210399437131619,-1.1077126267589243,-0.43259915864987963,-0.28556471486767854,-0.5036612463511682,-0.49386584072002265,-0.210654206282618,0.12730515672399462,1.3134292756332573,0.9385057604265382,2.182156951908596,2.1875300681468675,1.5751205485160111,1.3155587877919905,0,0.17124657803542376
1.6321506677527284,1.3110354516226228,1.189698398774605,1.0214176266590285,0.6058788444305128,0.47793532864097765,0.48421639834429114,0.597961873082441,0.6364974827672906,0.5734579134667315,0.9392885378619555,0.4821614537491475,0.07006808214840027,0.24365156438912833,0.40892332035908907,-0.9243540122982684,-0.9380382400125936,-0.5842165378130416,-0.003016563551807275,0.6951060584976905,1,0.6675016293594348
0.5912494097342051,0.9456472597420973,0.6721092691295235,0.06203244127578752,-0.23154604672653853,-0.8056203537274371,-0.5402509296632756,0.13230364346604326,-0.8013378209350029,-1.1249600390226382,-1.2256664107960054,-1.857862303037762,-1.2680709902360505,-1.4074213564736908,-0.6380805762104506,-1.327209404598996,-1.8516841979631453,-0.3034890551730879,-0.46438304103031697,-0.24386276349124153,0,0.058687137021114257
0.37216193709859663,-0.7293986685251556,-1.5037423816081392,-1.9163685153857928,-1.3193371603871564,-0.5446270171792684,-0.8078919778843461,-0.4184530196265413,-1.0303587427990273,-0.40082097677528145,-0.3710864283792175,-0.362933808542695,0.802768390335124,0.2756771429470717,0.4968101483000213,-0.61853699166602,-0.8224450558251819,-0.15495237226429232,-0.2710329011252007,0.9540354005076929,0,0.05552789339160615
-0.42559007858808856,0.22687503954323152,-0.07425370003093265,1.4497881211320889,-0.13055873469213553,-0.9954119126021634,-0.02995101695950056,-0.0804843732779137,-0.22664701461335918,-0.021548326504778965,0.5924249619705141,1.177573245652143,1.0573280603187674,0.3075807660997839,-0.5293274115981319,-0.665258224152887,-1.0475962636511462,-0.04291382479590947,0.818544426154782,0.6941392950783821,1,0.8988081236294991
0.8507044288141187,0.46962648124416306,-0.10022238465076172,-0.07544905575788162,0.8887857590798373,1.4062786406768275,1.1497557036839827,-0.4276165375709667,-0.014109571438129385,0.5238427549699247,0.3224283741770283,-0.5495645353353829,-0.6778441058098716,-0.7087518322950753,0.09687537892319088,0.7354539528517854,0.5886316003618146,-0.41099105745302156,-1.4386085789867715,-1.025485106320487,0,0.2967407249222213
-0.30703125296571687,-0.3900233979662097,-0.15210764898744392,-0.8394714553775589,-0.39630277868904457,-1.0401392921042607,0.12527236494296184,0.5555750109264239,0.9517048096766909,1.7011128050205182,1.6656833779420255,1.0304914318282539,0.5053827897722858,0.02415990687542412,0.4492796122177422,1.0276967950406428,-0.3174618565739353,1.0426119078972909,0.7506297147889872,0.23062164453563352,0,0.7072459099311204
-0.5155543815227808,-0.5772113917739017,-0.04056508523210781,0.8349409419192614,0.9141711826023579,0.4748284753279656,0.5486526350964231,0.40394894345916954,1.4643552117823386,1.5950923604698566,1.3016075046703648,1.774862564735132,1.17428226332762,0.9838939395920483,0.6250272487253168,0.751203066003512,-0.3324203528871516,0.2262021025917213,0.6793522038666603,0.09554496844728143,0,0.938748927249646
-1.0182965994132045,0.3383378502883685,0.44098421782985586,0.336621166783485,0.11141524104908558,-0.2424597309103256,-1.159749531839271,-0.8096074646346791,-0.797431804496127,0.20797479161742272,0.2354377011877923,0.6998479019196534,1.5785887356280484,0.9314737900451515,1.3776945004584218,1.9226265651780292,2.352484013932542,2.231108036072173,2.5667933862662298,1.907129827141676,1,0.9516313509828235
0.8011441251205627,0.7390281502442199,0.7424447389112714,1.2567137980552487,1.17415445463373,0.43245766582850464,-0.006855011691644207,-0.14978651562190767,-1.1261042755694979,-1.5959401568733251,-1.4751771877614723,-1.3700786505404452,-2.0700300706656254,-1.6311988959846233,-0.8228459234450504,0.3794781552784627,0.5479292576094973,-0.042839760199837464,0.335996964911985,0.06223964017703814,0,0.07458426894087421
1.3119064938864624,1.6868459565148566,1.7088745711293873,1.1400926542834928,-0.48286712479144817,-1.2932454994253668,-1.1309372652539484,-1.4793725211554556,-0.07250072797064844,0.5321774929422359,0.059847495222838186,-0.2640819572601887,-0.35003901679491756,0.8292192433982951,0.9151800174820942,1.046883674657155,0.9875476539848221,0.15331252592271216,-0.14205563424991416,-0.5116944488654541,1,0.9348740257229762
-1.479239654106412,-1.0138889423066368,0.5529783494555249,0.1167158085409275,-0.2115672194079014,-0.6936007081019175,-1.4985242961363525,-0.6308003828784711,-1.2441288671903197,-1.239858232675405,-0.7671073924015352,-1.8518028651301548,-1.904682494218759,-1.135923035242494,-0.8710993193292601,-0.5585847501199668,-0.372136817087892,-0.29066901029234504,-0.39909351096316825,-0.7992694059689122,0,0.10859164011097527
-0.761207318791009,-0.5014953440189391,-0.720663272476874,-0.5525516960358181,-0.5266939636884647,-0.8611583543445807,-0.16624400469703568,-0.3447073445829547,0.26915395434474165,0.8129605973842794,1.1146728393504244,2.143600772154669,0.844546467616449,0.6620866423893964,1.2595740057498521,0.2788939274760112,-1.1592134433126384,-1.7908242754498058,-1.0182709130349434,-0.6551855199572265,1,0.8922062394083107
-0.0442413528847953,0.2273962272926929,-0.32922342229303314,-1.045137540627185,-0.45239987136341264,0.6515695857700403,1.0948727415178257,0.8752423739319377,1.9096848119604337,1.8751275025768663,0.6097306148712416,1.4898275652852433,0.7918633333163814,2.0087446668043505,1.191477524988452,0.44335323425875783,-0.6224640168536266,-0.6271638002704429,-0.891174095128293,-0.8719399267534967,1,0.6147259273478238
0.38142894010663564,-0.28138219992782254,-0.24140878389701376,-0.6571950282835931,-0.5985662841613666,-0.6898354986445167,-0.9899245083595357,-1.7661932077837883,-2.461649883508677,-2.4149776935190306,-1.9332446287310832,-1.169644049870036,-0.5210254131354258,-0.15382238583870145,-0.6506457510537261,-0.9091584410219667,-1.4225384470625106,-1.0747115762658612,-0.07744656404013785,0.2561742654748775,0,0.39084343874218774
0.5594800649659115,0.12937851501377917,0.1944948162349433,0.35854051545753146,0.2537344932750995,-0.17237498482646632,0.23307372101409762,0.33268948861151837,0.3215154323373937,1.3541926647253828,1.9023766496236472,1.6834267242398957,1.232657695153903,0.786696357834352,0.08552940140027543,-0.8405217382757079,0.26037653114502674,0.13465370897841594,0.36712309240443614,0.23666217446232035,1,0.9286122492116615
-1.4379160036632486,-1.2260602297366674,-1.0299403933054574,-1.5327529116500695,-0.7311184140388495,-0.5655362034345168,0.3697110770526439,0.8832336101752346,1.348322723643786,1.1178766969192475,0.2956271663215663,0.08308076335838742,-0.6371464049099497,-0.5221080835319323,0.06658814887629043,-0.9185196837065547,-1.5800423430925117,-1.448243412544937,-0.774330379750079,-0.981093874356433,0,0.28759276205008
2.141579458077829,1.5133428794428716,0.2835709176276796,0.0024465718624852918,0.361529079422958,1.4970080315720207,0.4436637973725055,0.6015234377480746,0.23841977990017407,-1.294208423702805,-0.6417745626930381,-0.2790493862087791,-0.21672788324505843,-0.8636472856568187,-0.4094150700091528,-0.47831918867901185,0.708007319159966,-0.26103287239893147,-0.4474936446931283,0.24419304985258888,1,0.35521272735989834
0.4048473880008297,1.1144874216816243,1.5805488534958867,1.2535739614008243,0.2477037121311437,0.7192740578203332,-0.04488214159848551,-0.15683083145203405,-1.0332271826842836,-1.748759300282925,-2.4306433448049,-1.9791050760618356,-1.0503810304999575,-0.6810946283021513,-1.0765373509647789,-0.9343347906132794,0.28577371421562875,-0.2454365034717437,-0.5113166821755544,-0.008443517433922763,0,0.004205033476587381
1.4600702081517525,2.1122791389064006,2.2208818658308522,2.140517669937665,3.1100974137770416,2.6066437748285467,1.4472438713245532,0.8717382724266339,0.2433585811512544,-0.39502863223859597,-0.963644507924215,-1.0559963626171023,-1.5441943057692453,-0.9859677479690377,-0.631743920357177,-0.6854808986153036,-0.3414531073720703,-0.14544419017295437,-0.3174029999011707,0.5812821348505152,0,0.0017273100350260738
-0.24599662616359433,-0.18985748183178125,-0.5195460180209277,-0.659155239146975,0.17850369648884393,0.2621462328309769,0.6284929163376796,1.0749599285075664,1.0945924478819467,0.4362243394935102,0.30586358024219323,-0.5985214747950319,-0.36521869519205885,-0.2830300703340708,0.26201244149681896,-0.45427450115996926,0.17557318242141878,0.012695505699911347,-0.3051672104978476,-0.7841048726901276,0,0.3145874742386932
0.5334743780514795,0.11026487142566684,-0.2237213649020413,0.24254468779804608,0.6937966295830111,1.056376320584731,0.8253262929068497,1.5056858302317315,1.9470471447687496,2.424915308226897,2.946406481130838,1.988881002412978,1.4046419152644671,0.6496749476972996,0.7976778039270616,0.24639764278430834,0.9090485581646638,-0.20548981327547425,-0.8419958328352456,-1.4063485164440876,1,0.9491153407421928
0.16088735120589306,0.357330933055186,0.8902166242606182,1.0450293540602313,0.9642619445442486,0.7237920919879167,-0.09949843154507647,-0.7567208571002236,0.4267412978018929,1.6347370634225442,1.5747550504902608,1.2841821059169105,2.1900804754547054,0.7600515311701572,0.47825149391314686,1.1244921733952145,0.6796895274675359,0.6859697611290954,0.6097515797507778,-0.0407440554205569,1,0.8773535933094048
-0.8054507218141086,-0.6261235170328466,-1.81282377317684,-1.6559380848327319,-0.9810322208782947,-2.034793192796335,-1.7219824501594996,-1.2793732030227165,-0.5445272607262643,-0.4085315032565686,-0.47643095077684533,-0.41297263685568686,0.17197061114778384,-1.2598905868920431,-0.9972295268855301,-0.9199393119748217,-1.2547427742553323,-0.7994464662245382,-1.6553779634816865,-1.7651437649435362,0,0.3068323617312322
-0.31866245026147755,0.9491258230543528,0.39653397870795504,0.14324995929083417,0.18583568377179532,0.11530410340218601,-0.39890616998541994,-0.37046649250549546,-0.0011937570784214425,-1.3317188875526482,-0.8060525623611001,-0.6304129103872457,-1.035202534039701,-0.6256019943347848,-0.5703833456789286,-0.3637473920316447,0.17586681557142922,1.2916230024953415,0.7391154618901253,0.5006742527225706,0,0.19265728353704095
0.5638684219670357,-0.09961060089409385,1.1216734270947288,0.7394759829405156,1.7345168223042957,1.8408495784850623,2.6101242607635586,3.1396748569864044,2.03900364837718,0.7022090187432888,1.0135177853233697,0.5214955048099139,-0.0014321695475957104,0.24695233970960873,-0.6508127636659731,0.048550064274742566,0.5528192553458171,0.20191041581688776,-0.005776573199264524,-1.0336120610298105,0,0.25007069078198835
-3.1256130442680097,-2.7598797539683613,-2.8953673092608154,-1.3534954590354844,-0.5254311868588634,-0.6667102750032037,-0.2784055821924823,-0.3181709282489788,-0.004894269074302254,-0.9558149790440225,-1.2450030908058505,-0.707957309792003,-1.3921632069181455,-0.441298317782167,-0.5839115874252289,-0.4528458951459873,-0.24117328158009174,-0.002846788160905015,-0.067622367520726,-0.5993137147591231,0,0.38293007714686517
1.1429930853806558,0.6293679940651167,0.26710906686093344,0.29025294449628886,0.4439030917114033,0.6493371557588059,0.5105426639033034,0.5912893257262886,1.0156202525112,1.3486947468450166,0.47227642053137353,1.3022006343005283,0.7567433207752252,0.6605447806706136,1.1031399897951049,0.7311908391477832,0.6390045462822362,1.4447414217370942,0.9302141462406125,0.2635350538303607,1,0.9090080932617326
1.1078182881070768,0.6597905514937498,0.40020591325864047,0.4599391006117992,0.5275497390479827,-0.7058985391396935,-0.7826510576343197,-0.6989997309653598,-0.36119343068585796,0.4569965952862258,0.1579911667329692,-0.03258905558602517,-0.37803839305578296,-1.0127896642732552,-1.309508278104012,-1.3924016270497426,0.38811870589804554,0.6051958347544459,-1.170601213550102,-2.211583722914379,0,0.2550867839391086
0.16407580661123938,0.7261185497328133,1.2631200104225713,0.37059271076743067,0.2714472867830903,-0.13917839247377176,0.4461999174387203,0.741151699718493,0.2104433233740559,0.12278362377123962,-0.6330972048556127,-0.24495560680693065,-0.5583785870355117,-0.5134302966129518,-0.6880322351020515,-0.38094835137430544,-0.22523767441591244,0.5456466449027054,0.0964566993146432,0.25479231896127635,0,0.10673436731299307
-2.2517055868188005,-1.7470158092494685,-1.5831380477713863,-0.9476879630636523,-0.2613161314289917,0.3922688029669239,0.9196060992078601,1.039672910906396,1.0635984675235284,-0.4224236977201401,-0.05529700129804014,0.6237138596195712,0.6562917865522233,0.365822129279607,-0.30368779998571116,-0.5242399063868952,-0.8463753091288924,-0.053307737281321745,-0.282567994823455,-0.47976342480307654,1,0.8371547358215717
0.6500044011716206,0.21099028084138166,0.8450283337087569,0.8129018661340122,0.32594745662812213,0.9696917697697053,0.35660115629559264,0.8228196780637134,1.5493308826239407,1.7685866448942096,0.5607380057816668,0.7630712798201689,0.3243462638451921,1.3910221850396165,1.986664779716275,1.3544267900807778,2.3491239321868265,1.7223806998761295,0.9637527182414612,0.3376126015691674,1,0.9676705001425012
-1.4204703009657988,-0.8878545637766561,-1.4110040386877862,-1.6312194886753972,-0.5272011750094189,0.16136854657967398,-0.2628238635390331,0.0639716093379721,-0.132022702676726,0.8130624646663772,0.716673484483879,0.0674089367648696,-0.47158304521778094,-0.5419323377906325,-0.47752714529742646,-0.36465120709505205,0.5561356033653705,0.1881883028511716,0.855723056379273,0.661295873017721,1,0.5287318534953405
0.44460043979206093,1.0228718652417657,0.7929937184878335,0.43050767148422625,0.6511765549066839,0.6225273933129994,1.3097244596810949,0.5100372250849374,0.1315688196379727,0.3423635852280509,0.716911896630254,2.009384144049651,1.7229818935562464,1.605920549949239,1.2597457207725156,1.2380744600538303,0.9700116762173522,1.180399647771272,0.2576418504901656,-0.19653903241461068,1,0.9886908204327804
0.40870152518672065,0.688066892095107,0.027647250352364622,-0.39690242537993276,0.03652231840718664,-0.19609881383104844,0.4790174658045962,0.47016338010209174,-0.1507362057073629,0.33385877957843924,-1.053878325427818,-0.4642880202488081,0.66211485630449,0.5669350848246507,0.9984824390700027,-0.17116704725116244,-0.2498065189472122,-0.3658376921586895,0.230341441759758,1.014897292668204,1,0.5219303373936082
-0.48269040723964046,-0.13677229821674267,1.2515762723580088,1.0875995330139518,0.01780020897105944,1.0847685031311771,1.5573134220026534,2.2309086161690685,1.2668663376182465,1.960311014543921,1.0557927106851805,1.3263614726552189,2.2594003369262015,1.391616383163116,1.6758864059562995,1.1141570056433616,0.8763634036631122,0.026696873697548303,-0.09694958846632108,0.1812903996649996,1,0.9922217259574968
0.10848240739320003,0.27118901542906054,-0.24734268850489224,-0.8297421396726746,-0.3241659795462427,-0.8686692012500259,-1.886584702618579,-1.2507174840246642,-0.8571811699343,-0.9255964525262136,-0.22576526008875603,-1.6432099438369792,-1.867010990618472,-1.434853636627842,0.11944457388609325,0.9562321917362366,0.7265962819401661,0.6355038864538672,0.4039415647374013,0.95422407700996,0,0.09088516686456936
0.8886489520602866,1.7405305401335975,1.6161646447296087,2.056487429758651,1.9181052729771475,2.08612386375274,1.366148240752899,0.6088459458417744,0.08927244419409155,0.515071171055553,-0.4370399736925344,-0.9482826510595902,-0.20639246369866457,0.3970217938642166,0.9822429661869188,1.8398520677097194,3.4795116650011715,2.9464884958641515,2.428633153586156,1.1878458868972916,0,0.40416411336362135
1.0528071765645985,-0.4041956240479931,-1.3619975115984733,-1.2310006448798771,-0.8768585328274089,-1.1344125814485362,-1.7446744664513236,-2.6104566820608937,-0.9212010875373013,-1.1691523140989057,-1.280519757584369,-1.1469061176087791,-0.4524454116197574,-0.9798186934076304,-1.483865460539041,-0.8625724263431036,-0.9586615342882735,-0.6680807123619547,-1.0790963048421534,-1.4122479502953615,0,0.22034477355253929
-2.245208719286486,-1.3409905146147323,-0.607761278011466,-0.036496246163383046,0.44782331521165536,-0.15341689626363292,-0.8431712575724511,-0.1523882928651673,0.3776339718815515,-0.5134600870298953,0.6838488432231757,-0.26919555247198074,-0.35607479062992514,-0.16762164893846013,0.07983416532233376,0.12376246845788404,0.5273738943444995,0.43318818729910197,0.38175630396129306,2.6742267147475194,0,0.47055945379970454
-1.117937548482004,-2.095435709888823,-1.820947068335518,-0.9600041704362626,-0.39583572540660444,0.7947293581177093,1.1603835208995974,0.8217842875885386,0.43057022051750105,0.17270038833592094,0.02046021746631149,0.07611249566559727,-0.09665768920464717,0.23189962730645425,-0.6356562204043592,-1.401718316082912,-1.2895031876279581,-0.8098288756216379,-0.9225322646086315,0.1535113043509703,1,0.871403615596794
0.9091949381488519,0.8492025361138252,1.7964976719633234,1.5573320835611997,2.854041154532103,2.3482397733823226,2.7484947133891775,2.7229748989655853,1.9894300726799916,1.5051300752793322,1.6528987227324337,0.9057089335196005,-0.04566204208569258,-0.974285330066358,-0.22808859951212926,-0.8388562068163574,-1.6248298357426028,-1.3922654516238078,-0.3641671254307396,-0.33041528606607123,0,0.14385858207902757
-0.45788385224411954,-0.5170474878051133,0.31105418151859565,0.18834770881304622,-0.07934360072301909,-0.9189802258262126,-1.3172524984657448,-1.7851537903042083,-2.156938419223623,-2.3021571519220587,-1.7664739448171574,-1.4280558954656026,-1.9474274892376273,-1.965801344305908,-2.564341903944536,-1.744849810439488,-1.1985826876615742,-0.40946960611883626,-0.5973190766004677,0.5046282007593733,1,0.0715027801388471
-0.35627106587519686,-0.36655845087362343,-0.5291039598548464,-1.2795730751354353,-0.22225246436788668,0.04292468983141085,0.18930014570667103,0.1197225764306406,0.1129235063745754,-0.22081417119011668,-1.2126970852743468,-1.0355849375321042,-2.1154633359303032,-2.1616523109267054,-0.8244789696139503,-1.1580295145203672,-0.6985307635745398,-0.9125701970547737,-0.8531630391320211,-0.5380791695169109,1,0.2633286654336659
-0.10627265746702683,-1.8413203303554873,-1.6790173523994145,-1.516970918451731,-0.9740985339921636,-0.26223839727660886,0.38608859297743886,-0.11619762260993312,0.6321593847511897,0.7336375695058284,0.36213602812397067,0.9886514751211423,0.461405798747757,-0.40025262998328565,-0.2761399551794788,-1.1094442679317118,-1.1170681306250159,-1.1401397994391895,-0.5169692774282793,0.2811386687176867,0,0.5868351335184713
1.2390227245241598,2.5095753465990103,1.9572493411813607,1.8865759992677005,0.23343031427591954,0.011511611698165294,1.1481740722437312,1.5865278699172443,0.42153525478973486,0.5226928498167498,0.5691656148116035,0.41726687741581675,-0.1431195439357083,-0.32434685754633563,0.24444774335997782,0.01417158087583691,0.3660060241521843,0.9006994071263223,0.18525453178916124,0.3093090652566285,0,0.2844306890386933
1.31086860020041,1.1316470413677944,1.1112893844847647,1.2720708138634704,0.7555662699051241,-0.5814986474277206,-1.0955737841994182,-0.648347673833621,-0.6911319579781472,-0.44461915806008956,0.11045148156068996,0.6322588683183419,1.4618449738518733,0.7321489816347145,0.7165306994554905,1.4081017488506395,0.023431817251575553,0.0998059161449677,-0.7394973779942471,-0.8647600937865599,1,0.9591768442863305
2.6998239395638484,1.4879866608262922,1.936210691361651,1.5799492826540826,0.7180852961233661,-0.16338144952041905,0.022468985474867545,-0.22611158520884847,-0.7031653781711674,-0.6985313092847023,-0.6653543864556468,-0.2478613757799142,0.6000190023778268,0.65394575756806,0.5094193240300284,-0.057761767935220094,0.2678005574420522,1.7889844014843317,1.981448860937396,1.2732409970742486,1,0.717472126265662
0.10598069081442367,0.4969084841273954,0.7524724172142574,1.6579902409449534,0.30648766944970846,0.03953983833723525,-0.63835646098342,-1.3700610672180213,-0.6004817119420014,0.3123565794379285,0.36059388556403793,0.3564711266443108,1.3694281184484496,1.3875698366057119,1.2233538082139386,0.6667658144259831,0.5686893477337773,0.7051114528950262,-0.7187765609297562,-0.721043789766878,1,0.960857202585151
-2.1263007738502373,-1.5084016377037983,-0.6200912338074775,0.0714739454041847,-0.35661937958223755,-0.5210509114619858,0.4850863890956063,-0.1673510302318051,-1.0188416489651195,-1.394365259677182,-1.4617270429500764,-1.480107791931329,-0.6898131850397141,-1.3394817827294438,-0.8627049069982238,-0.06129062960236562,0.7399541496963802,0.40492666038948216,0.3431321572521092,0.7931582732106947,0,0.3754371238224437
-0.3642466095373499,0.6370350584780881,0.6126025406381825,0.9670768170690515,0.7193744676376649,0.6755479306362135,1.292732903487075,1.8989187501344502,2.727427582795055,1.6930443045471009,2.539498547200348,2.609557281578129,2.854647232931874,2.558378755282487,2.5705938702250997,1.9126279876864505,1.8788270024713922,1.6385297936853402,1.1932625075655732,0.8287785228098008,1,0.9986646311955865
-0.3107792491042974,-0.08362883298257563,-1.0260056720121258,-0.6297297226841579,-1.3922732653250978,-1.2609236842278286,-0.6046651247633597,-0.2503356772313324,0.5491645191401268,0.05075032337069625,0.04163595973717712,0.33145201690680814,1.1634211790711153,1.141918726963949,1.5241607474076708,1.1210966355669114,0.4294868543842509,1.0417009710594956,0.9121960705191318,0.8783195082485002,0,0.22829892668118595
1.2543405684897004,2.213106981298212,1.7853305883094015,1.15714691860123,2.2896090404888136,2.4809549590294675,2.0833729112648136,0.9936099682445947,1.0477935651219648,0.9606564702247589,1.574092230189078,2.185480409191207,1.3183178434159535,0.9398065833716446,0.4282939434307294,0.9320366442989573,0.03780529584653133,-0.3261267957126329,0.8531574034083881,1.336827667811603,0,0.8824852333366418
0.6944153789122762,1.277463935618204,0.5737709877440588,1.5898713473135544,0.46616100997206145,0.623807461874482,0.959009520985896,0.4914566615398058,-1.1036987454758953,-0.5392921999054962,-1.2976059338929187,-0.36873274396768657,-1.270346739290758,-1.1236015109168387,0.15184803733440624,-0.7581448628806842,-1.516964988020197,-0.28089941620022196,-0.0558545930942122,-0.0989718425205721,1,0.633689569793555
-1.6390391202501138,-2.0076574331237476,-2.137487626232098,-2.3616694538237932,-1.6682222031418132,-0.7534443725452273,-0.05445024036062188,0.6369055183188655,1.0596238149649688,-0.11472969682624402,0.2240773249989766,0.7082479819076246,0.25543687551745897,0.7173131469009727,0.13167167630473323,-0.2163785679095058,0.09219155780004269,-1.7613928556267053,-2.6949586199343663,-2.1964531800254345,0,0.14099880621084931
-0.24869358719753096,-0.3472395483671829,-0.2468855049145664,-0.2626863307306405,0.8263174404061034,0.8796693786221622,0.69750513906345,0.4946852161449905,0.13710316268567935,0.047930250603372415,-0.2513316267670141,-0.2746067412972157,-0.10515837888310049,-0.3520314768229903,-0.6133722506068565,-0.4994613941002557,-0.4112040993901148,0.03545011012393657,0.271610324927066,0.3358158125859607,1,0.5590589937293259
-0.7762369301409008,-0.043077640645497565,0.11186996529889155,-0.03359881936353659,-0.7965787374261105,-1.3860325210477038,-1.6297335895615013,-1.2554822476788126,-1.2955844397156373,-0.231927891932325,-0.3936282514428152,-0.1855338404923885,-0.2842681997311308,-0.4562787077827406,-0.2047775300710353,-0.7222669775624649,-0.4455490630789688,-0.43845275626386476,0.037463398334616475,0.4310619012640484,1,0.643685489527498
-0.33128398160542716,0.8540288186064339,0.7173374981287508,-0.39343990983171256,-1.2336148631472323,-1.077707831508561,-1.5176190212690572,-0.4002094533590556,-1.0649401134790677,0.340726485102303,1.8582861280569205,0.6219735977662658,0.19625466865340666,0.12244736058979538,-1.002484929881576,0.1339703950891504,0.39185849534861134,-0.15066875302892557,0.7279375862399635,-0.3118037860669944,1,0.5094129034497525
0.5387431716433648,0.6351254207093089,-0.35585475920100174,-0.31378229758406806,-0.9592226718955305,-1.451805718124146,-0.634147945494881,-0.36266715625482904,0.768342941714932,0.8173591831152593,0.8170599262318505,0.8558927103899866,0.19252958214091867,-0.12819445144900377,-0.32676109161437417,-0.24702655861844677,-1.0461595590134354,-0.9040141506157136,-1.5482084479493365,-1.4537889278449203,0,0.6133210295966456
-0.2348057365761104,0.09847114198812208,0.5531102511269386,1.7715958544099955,1.5631435195622636,0.9677192456565282,0.6555733499072327,1.4393115808276677,2.400593024046401,2.4041742717749046,1.536639861743976,1.4107644555419199,0.46461008962835826,-0.1267854856656891,0.38932273306142845,0.3504769357671868,-0.16302082147081615,0.5059350772487796,1.4185267037063265,2.7767689960791024,1,0.8068912605088266
0.8943083287752762,1.4662029258187244,1.7065186400324677,1.566699387601307,2.268445277874162,1.4234896724628487,2.331528716470823,1.965195534522214,1.5146372644776354,0.899996404543435,-0.030483204078550125,-0.35691492629211147,-0.4800427977192329,-1.4095372124886347,-0.7487659464569958,-0.9463284708864875,-0.2823847983025212,0.9022548083256733,-0.6691917539130104,0.33957712169854226,0,0.007174349824570272
0.4473261813025392,0.261631527503218,0.7162752216456127,-0.06897336444222822,-0.6135874646537681,-0.09730687057459775,0.4276625497705834,0.8595649862452868,0.8105470266011042,0.9912906600387271,-0.8452626095852885,-1.1757075180937397,-1.103741108627556,-1.1028180170578454,-0.4247744981101874,-1.3142039352637334,-1.3506245186108423,-0.5630454256590801,-0.2594628716767276,0.29311601774369367,0,0.07438911433854298
0.79201431617273,0.47511495891669353,0.5770134473007787,1.6678370777289269,0.8647174069610395,0.46775372041597113,0.349414775015646,1.0297919268709914,0.2645668685638866,-0.29633125825738804,-0.6835949096580688,-0.09408194189157403,-0.8610595991396568,-0.6558204405077293,-0.015710013924829236,-0.06131921977469778,0.1231631645002501,-0.9732154933694813,-0.9880111236128771,-1.6346430359573592,0,0.5584664711300094
-1.176474957773064,-0.5948635838783055,0.4641114239491705,0.4506658918519764,1.5189488018945412,1.8409564588087364,1.3109104374994818,2.190879297739859,2.1535433173021556,1.1286231710357868,0.7231455527922421,0.1123794298825371,0.7172273846958181,0.32242272940272754,0.6194490841662408,-0.1635699033372658,-0.43521645038891704,-0.5337949208615468,-1.3102796179451925,-1.4597784352942984,1,0.7184108175541062
-1.46513589702735,-0.9243675216138116,-0.8646484142176665,-1.3320835189074047,-1.3763828273168093,-0.4316765415663981,0.07280201851298106,1.3254469943881688,2.0422896971676616,0.5659796693390069,0.6134014056315154,0.8454493455890427,0.332560115314816,0.5550794835367151,-0.2671596133745474,-0.4260089127033665,0.20122755895544292,-0.08253389937913004,0.5814265135344905,0.4631849723701702,0,0.5476368037166549
0.260766812137804,0.3051609063991726,0.5793483424094055,-0.510862087376331,0.019108611797193496,1.191757359910437,2.117108447632695,2.8432648205629905,3.173174681448209,2.6677024109115655,0.8071630158083809,1.203811580641292,1.3146027226832528,1.429216917680528,0.3559715062820553,0.9150291769637965,0.8899519477831194,0.7691719859071933,-0.025418012835187766,-0.021479680037787576,1,0.7261861966188508
-0.8565442038440204,-1.018130895200679,-2.4338560036934562,-2.4506120793923243,-2.7745710581462357,-2.585546583747409,-2.0436393621023847,-0.3244980616518144,-0.9642969886940274,-1.8034520176091482,-1.3169621355052028,-0.6521893534897302,-0.4232966471381448,-1.3559238891583527,0.08362453514123784,0.5276793326179787,-0.023508005245062722,0.34605898822082265,0.3769068230172274,0.3377986791932802,0,0.011561651566844822
-0.030592216224279604,-0.15425498922243616,0.5019176247640168,0.5148538546082474,-0.5239612176570551,-0.6671423108042924,-0.026475340151702196,-0.0165353879567768,-0.6941185452690503,-1.1539507925835633,-1.5681527662244217,-1.0132937025051194,-1.2433216260377824,-0.33581113841729604,-1.212907427994385,-0.22978285485966196,0.35463829346253106,1.148823008944896,1.5378860998511599,1.715254261848407,0,0.0872533380451847
1.5865803785524213,1.38481175176782,0.5017065901100608,0.2582133993194271,1.677869063866583,1.4819061120815575,1.2163064320071484,1.4318103144052219,1.5027770375571519,1.1256736447245799,1.8934379795787561,0.9255947624453366,0.96710950140661,1.5004594042235668,0.49672376899777887,0.5028145920819782,0.3289540870135259,0.2275724606980497,-0.5582163091141515,-0.22843566815227387,1,0.787920066915099
-0.5188571310060269,-1.3028293117990444,-0.9159611587713887,-0.500254724554996,0.004426559555189178,-0.1232847817217073,0.4880587603007736,-0.11056111406218573,-0.9344034008622587,-0.7524866985154214,-0.21325034753437697,0.9973596464722256,1.0903465946896589,1.2966198107101756,0.8910354179628335,0.4779961124335931,2.4259632920309477,2.120380033667529,2.09400907596058,1.2742951763161483,0,0.8201753879410654
0.11992699743860515,-0.028074793856938382,-0.4128618590489602,0.05878530519606139,-0.37882482153464125,-0.3644148304327107,-1.0926960245845259,-1.0964118952982935,-1.1684155162812402,-1.0848532691951596,-1.01908841166875,-1.5512349185880472,-1.9341153694052442,-1.4463314373705192,-1.219112753107007,-1.612251881950862,-1.5865664711920902,-2.3873277970534947,-1.8614828962265033,-1.638134119831934,1,0.19722830870759858
-0.7393600541429093,-0.6545004674507088,-1.0951451078990861,-0.15846874906074615,0.0941867256822621,-0.32087335584166615,0.4536690395741188,0.5040502839203042,-0.13417469957255912,0.9258494788295909,2.252337074581736,2.3360543812166634,2.7215196010358857,1.8675511788363117,1.3762433406952248,0.0981667135481128,0.19952543232728695,0.8973718430265407,0.5706965062879653,0.5577064115110707,1,0.9647236285902175
0.9087074935357233,1.3942573413855772,1.4896921224921096,1.9311874366777726,2.174430453649668,2.506331691367518,1.4192524320073963,1.5208188674683383,0.5289805848025438,0.3017974583933124,0.23583196193374484,0.4778888948426613,0.8854639372759558,1.1190943803373035,1.3914625683225883,1.0818526986583128,0.13369706968755588,0.8905556438610892,1.3395283882746756,0.45469545265923395,1,0.9293802329125678
-1.3890425316210515,-2.2604337201784257,-1.7317031904658406,-1.558801129598223,-0.538799569329358,-0.669967467299938,-0.1571599189279822,-0.19807199517229693,0.5029375725402054,1.3962663442456045,0.5247920598181376,0.6418827314040085,0.316206426438421,0.35624882271088937,0.5302467061700139,0.12706416765445003,0.031925226218493,0.4015826034562807,0.8937412125850402,1.2430085433825664,0,0.15471578504052116
-1.1446620793409934,-0.30341980898458504,0.3701665108427502,-0.01844699310270285,-0.2784845188473504,0.3973737502157674,-0.15518682929273755,-0.23752221446240185,-0.6155954440628758,-1.559288161478975,-1.3920572829865845,-1.2173318611378994,-1.3533014836176454,-1.8870638909982331,-1.5742894504579474,-0.8395118983140097,-0.09624174611138711,0.7680838045888769,0.14657997119566535,-0.21471637455774523,0,0.10520780387448127
2.3471519973982735,2.0355716985763257,1.4857094931178865,1.3332322097297518,0.7852680374654385,0.2986254021523559,0.7399788416192424,1.2783047871877948,1.4662077613939546,1.3567296662365065,-0.03794983042581728,0.5237468381171577,-0.03400182061475951,-0.11989852192131499,-1.8786287163172097,-1.8525284108580593,-2.033221699865751,-1.5544043987552885,-1.789163275962498,-1.287340192705891,0,0.0012938755456200028
-0.9614784133146193,-0.44426837493080035,0.09434719339093886,0.387740066226201,0.41355778501160706,0.40905210327146585,0.018794847788392553,0.33506365639034863,0.6215188436419613,1.138243136885366,0.4619994648436172,0.9077958634852902,0.13883555568931458,-0.4614509433580625,-1.8786150463708473,-1.531666648897165,-2.0678736362945482,-1.954150405993584,-2.295846998679372,-1.3074016633377732,1,0.5097850913175037
0.4733732904913187,1.7361012801352025,1.8889261591039797,2.6008471193737184,2.6710906645526302,2.322875880030864,1.6999295386813378,2.741839415618233,1.739452498715716,2.412969301214953,1.7720767720043222,0.4212036768927369,0.7812179807895813,-0.19875371736303765,-0.35068726494622754,0.03131782617576103,-0.11291694643477043,-0.9776664115968675,-0.4028624654192378,-0.26541237938676393,0,0.012173172460864582
-0.08399857973224896,0.25171689608792286,0.09303857900780452,-0.551945955641072,-0.2970020021650344,-0.5792424553349844,-0.67909515977565,-1.5790938566822905,-1.4501247815842804,-2.220413557645473,-2.2632719964250576,-1.787595994187767,-1.4463194385548857,-2.1089133588277678,-0.997599477407478,-0.8389664263597749,-0.4156934320399848,0.42863451404431757,-0.15287379954738112,0.49102115476012875,0,0.11440297780253927
-0.030366123752414764,0.2086317041984632,0.7971502793201788,0.32066166581915967,0.1115274061582779,-0.03018258256646654,-0.2830600361575676,0.12939326813144345,-0.5283318177508127,0.1936484190695909,-0.42834060275887964,-0.035021676509457846,-1.329482068833449,-0.8253358923875083,-0.7547525225829005,-1.1276782525550495,-0.18937687536098977,-0.3149117521370463,0.6052665639269451,0.14159089204890485,0,0.3397310758772432
1.4440455379818578,0.2513157029674825,-0.5777824362882988,0.33312767180293745,0.6650968667449123,0.0055943082822431985,-0.20699111992220212,-0.00826457564744749,0.5599405716815908,1.612688005173793,1.3850084893857713,0.5127288360351137,0.4200545285042304,0.611254495873826,0.19798217725763675,-0.26643334588195267,0.31605662021041764,0.8939477364560756,1.1712416575665734,0.6699465355870965,1,0.6971273220849303
2.1232008592132403,2.3052924468791707,1.9134093051092098,1.990366428969602,0.9666292701502468,0.6533275329825246,0.7934635189020207,0.27265744385640533,0.586641964456863,-0.12444622495656733,-0.32091577818563105,-0.7166849052658485,-1.2461419379111607,-1.1666302300354778,-1.6745751984506945,-0.789902152675115,-2.202956381018266,-1.7763114093408572,-2.258263966666099,-2.4558488236773077,0,0.00015550269188322434
-0.4635058705856315,-0.9698748670476315,-0.5548328952156218,0.8952888713573067,0.982740029807001,0.4929323867307548,1.4411627451680278,1.2366611137844368,1.3438305436547853,0.4727408933998628,0.23060904452384798,0.3361180291784067,0.7221376335156828,1.0144009661673503,-0.055405895154149974,-0.5623822592284144,0.44850606100643187,1.3711905331312144,1.2976851402967762,1.653158527457759,1,0.8062769496638929
0.02368005738478761,-1.060169460441163,-0.7853662714673812,-0.7458291867200827,-1.4484627843554383,0.3789935225899357,0.04957690148601766,0.373248300409352,0.4869236133873125,-0.12045062773475361,-0.4885754632624187,-0.6850995442433719,0.09184343487114537,1.0434259308891574,1.2182405190830077,0.9423004950119399,0.5137214437626181,-0.08655777069768017,0.6533929507581819,-0.15860707125206427,0,0.12533027346880637
2.165702389510517,1.626370213194445,0.6584797313125004,0.96730680055802,0.885823734421208,1.0773263213247604,2.1185298246874207,1.518033026620855,0.002788189880033623,0.08867237874811465,0.7735445870191777,0.18353847321574665,-0.4383649537912934,-2.079201686650444,-2.171286928896817,-1.7755344066670127,-2.0926436418727055,-1.260176740499815,-0.7153136831935394,-0.7422146254867298,0,0.04412750509792649
1.004516573578719,0.5389719092208622,0.3119063634605799,1.09322119314448,0.6676484495802472,0.4302859424898379,0.2603169884483122,0.720148708048252,0.6646042993526967,0.5860571051921469,0.9340510782356076,0.7795851519469547,0.6992848123271733,0.15245626160198375,0.4589936950798269,-0.739807520178324,-0.8944226909617783,-0.7387567145301969,0.02500492903927055,1.0140304454510374,1,0.8473532448713484
-0.41412537049134424,0.061924660870137,0.9275186095092128,1.0939927542590808,0.12651235528615418,0.10393282140656276,0.1660474363157141,0.2394854659234991,0.3896528401182021,-0.031508981641317615,0.3384697384953916,-0.12808945776121913,0.5832649975988542,0.10722434274037435,0.06789072805810793,-0.14633849475607008,0.3051908291026655,0.15976033329675252,0.40359062510173044,0.8633225931585811,0,0.4384937592226253
0.7503231567050079,0.8111088547415983,0.275450855606339,-0.09145405003601052,0.34635097905851625,0.5515390123242774,-0.23384308950484187,-1.1048632665507,-0.47958975654436764,-0.960954221367236,-0.7240027126355101,0.015181035062419298,0.4640130094108535,-0.03250711581328275,0.41361209999397514,-0.16133659287655633,-0.006713466348796215,-0.21172386046644753,0.8617712773726965,1.1554763087479183,1,0.5169950168554407
-0.6916615938280978,-1.8232399019583916,-1.0072509022493412,-1.5206188441546125,-0.8831257782470215,-0.6915513487859904,-0.6896032026998818,-1.0918415097465977,-0.25929933581205894,-0.7180300935390974,-1.033284349154596,-1.0350703419686205,-0.5761153917549792,0.028636179028505286,0.3237218802802248,-0.6330664867472608,-0.7095720574006176,-0.6761822782441327,-1.2604908524908105,-1.9617980894643716,0,0.05462658948525766
-0.08609176220567163,-1.1691590313708213,-0.19569405100082882,0.8867138619638594,0.6079390780189641,0.6092062697726961,0.6786424285733454,0.6294212033323735,-0.6559000428360912,-0.9694913846115488,-1.4885830374436275,-1.1812636243736514,-1.485797540623679,-2.607836501765372,-1.6777547165754538,-2.238223425025961,-1.3372007533222987,-1.2963573301284483,-1.0653763385416333,-2.0175800001381017,0,0.29035310155212857
-0.06338631455567649,-0.5502389212414864,0.3438878594275566,1.183133873519404,1.3281507630443286,1.9694320303424808,1.912696061713096,1.8979453432764959,0.44545973207702405,0.968187998309288,0.4344670240808496,-0.1479607685592891,-1.373813051570179,-0.7467142130818413,-1.2215200287545653,-0.5718168722770366,-0.6014414324763179,-1.172366054569532,-0.9467374484534902,-1.779140315368773,0,0.33817557981842294
-0.9869292559431279,-0.8587078219799325,0.40402433127751514,0.6738179369904843,0.9526209312562163,0.6503163486770893,0.39506173585747734,0.17906451320871794,-1.3591150287663667,-2.4674693106598076,-2.8707022370236612,-1.1536570417079797,-1.351803098136417,-1.1937552773490878,-0.7706997274168127,-0.6248589622150926,-1.1983025891969015,-0.6068426307488084,-0.14204364656141738,-0.19086887834382837,0,0.30698079510515763
0.13343022153977288,0.8186028222075487,0.6231321886285837,0.36706714913967414,0.9003064236551412,1.212727260620075,0.8962202269534919,0.4481292916950595,0.9221989095226154,0.3005218917143481,0.8647443085787258,-0.4720733308773873,-0.848842372862736,-0.36690968168945315,0.20938735067912745,0.30217666470862736,-0.20493624425809792,0.24565561007114156,0.6394978079756838,1.2785195092055284,0,0.2814838432762092
-0.3323590233808928,-0.3227265089595843,0.5845921993033916,1.268706578221858,1.3162696703115595,1.1045797559624877,0.9450559634514145,0.4773912626560715,0.5335595852199188,1.2427571092493903,-0.027316494741650276,0.4949154928912033,0.494843462345116,1.268334887938651,0.6884250486437927,0.4546704949122054,-0.5456863521675777,-1.64239344141961,-1.130544322895519,-1.7943358482301222,1,0.8573916280047797
-0.6551806314799964,-0.23483613530502348,-1.7909731888483886,-1.916708262232784,-1.557047563779133,-1.3271946272736859,-1.178950896328953,-0.1506334841107236,0.4128506643156068,0.4640787319328425,0.13255451509701258,-0.13708384379271632,-0.14947789730286754,-0.1928986666675082,-0.8216022845492705,-0.9940671691311673,-0.8918653298893716,-1.7681907065093232,-1.1723566992813566,-0.8247316942371388,1,0.27506163533004496
-0.022275928359523807,-0.20767135135167955,0.11653836884439588,-0.33923299606023244,-0.9487803710250206,-1.194772543473559,-1.0948067130904613,-1.26859658852973,-0.6943085562228374,-0.5732433613206553,0.46777308869791057,0.011052993789977369,0.5396007853112659,0.29254786231914565,0.6744052647053965,0.15834921614826436,-0.017817721221173477,0.5809975032898855,-0.2767232020085957,-0.3891289815626855,1,0.6972375119086041
0.2409092503467088,0.7468312573967547,0.48837519318005107,-0.807109284697721,-1.6207559648652545,-1.1943583701310463,-0.7921096042705492,0.11510529374472078,0.1667792074150101,0.43088727855516795,-0.05945609911843496,-0.912015828025054,-0.5222644831216446,0.5299974692643749,1.534828175441565,0.654980365172009,1.0840430311724727,0.3152667918718153,0.06865431885714895,-0.15410182622928736,1,0.42325276951231255
-0.5947399565990917,-0.6454118584509668,-0.6823425614112385,-0.7577078059450708,-0.18878645189214127,-0.8090693107783647,-1.1094755126322964,-1.517220282307828,-1.4911437532222256,-1.8568601385386598,-2.501000515809732,-2.445357415684294,-2.673848996969392,-2.0107015739082397,-1.1283138678331808,-1.0630198016106154,-0.7276829018058254,-1.1425407823545433,-0.7687852850743662,-0.4857213472734386,0,0.09199850116068468
0.4200730334814852,1.5711455097209577,0.8136615073521137,0.7552628101698318,0.9008993425306053,-0.22941952947214975,0.31249273997726995,-0.6777260371182526,-0.32571199761558783,0.3478833108295064,0.7161184561766326,0.9260318926575128,0.031017833569428326,-0.8158404369663348,-0.9407862714058365,-0.33136384123233886,0.1647508335511314,0.9349372179447911,0.39532019679953057,0.6853739923356077,1,0.4153728489010325
0.04760177768145078,0.21856631902744697,0.9121623273143923,0.9035313234411162,1.1189798431248716,0.20079300469568043,0.19447732494946415,0.8223166454450892,0.5813875805017247,0.7124831297007417,1.3672667514458334,1.1390725982391394,1.194809478760924,0.7081311381168036,1.0352013918563865,0.8205399398533513,0.2667495864699469,0.059832899855705314,1.072837033091277,0.4683343336691593,1,0.9686606483588689
0.1288999132165881,-0.28171778070707926,0.1525829322241272,0.25483491343067094,0.2687242443702629,-0.5021778622014571,0.3853904120132911,0.384195470357044,1.0201573934897934,0.29580695038424276,0.9904085282665777,1.0512721231655673,0.7744657777094531,-0.38859566343626933,-0.346852450043233,0.07008240222481016,-0.3937061272693422,-1.0071846237408775,-0.04101638980583751,-0.4413938849695108,1,0.7332739851153764
-0.5655959338635789,0.992742893686405,1.0934531304415414,0.8542720771713811,0.7708759841964434,1.0767392290156566,1.7931813111371357,1.0573687742099656,0.17943974737387272,-0.15093814175546955,-0.6581771129590088,-0.4724695301104197,-0.10672010831989391,-0.5223971158926296,-1.4748055834134106,-1.5470504714260753,-1.410299509004193,-0.9038399000483655,0.0891840337242026,-0.7502099332955551,0,0.022880845630491534
0.6760748833053912,1.112214349281813,0.9538114157181274,0.5801188638090508,0.14352042775941115,-0.36663339449942384,-1.495051743398777,-0.3595258118322428,0.0989289253409258,-0.6588951089680097,-1.4212391281121457,-0.8392342165037326,-1.2908372341210668,-0.49555128937175486,-0.9775258143018087,-0.8254350573474167,-1.323897679421473,-2.3992792019393083,-1.675975469170426,-1.0517228156357472,0,0.047791721311331664
0.013040860834767402,-0.9061395349397697,-1.180698656068675,-0.34562289225629633,-0.010751382212992551,0.09235455184617383,-0.3063363923960563,-0.32418059249792897,0.6084159661253714,0.5652926637053405,1.3001701845434928,0.10853891823360383,0.12884222900965947,-0.8185075173978013,-0.8170731612607469,-1.0985390085403646,0.37200213819126215,0.02228500579992779,0.7472991702130989,1.6496406176715968,1,0.6035251723517416
1.2142124527862603,1.4064396265126853,0.8075120186408125,0.17126840959558742,1.366929564590826,0.6830181321380003,1.1708067073107498,1.1035924220730002,1.631898183851998,0.8300255812453127,-0.21941684690902297,1.2138291593704098,2.0669369418317944,1.7653330473961586,0.6998259897718684,0.10679693960345737,0.3329516683021193,-0.5011131901294565,-1.0220358626279527,-2.3169665323526636,1,0.8608205343660555
0.8264238448541149,1.8010726087431475,1.0348047223829975,1.80004585971057,1.5798568586439479,2.2744541403849183,0.9193017904057934,0.6715595839618302,0.23619740184385385,-0.06275441806961353,0.4307931318495823,-0.8835982269596452,-0.23849867941827121,-0.3996172651332026,-0.3522243951532019,0.6288216912013866,-0.119218265741711,0.10338978227835698,0.4135397023594009,0.12682268551982603,0,0.03900233905919354
-0.06754728328555121,-0.1403313380076311,-0.3644393779018738,-0.9017174453350173,-1.0843995016380215,-0.9269945421743812,-0.8200138513815833,-0.2227017878673871,0.7939808110100247,0.9378183651965107,0.9510657224706763,-0.7408945425612794,-0.9943489411591607,-0.03234781967313404,0.9617986788315247,0.18383250828233946,-0.717018257226402,-0.4828950671002087,0.9283642925226973,0.8465321727429779,0,0.11006375191368394
1.280036704671791,0.7504817627351155,0.9995335085215005,0.503637850949318,0.048252385654954516,-1.1554332738077822,-0.03942182206150219,-0.7059858840074072,0.38025961416961923,1.7874798124170015,1.512476344697885,1.9172057473961523,0.6646717391757608,-0.06267091792152626,0.15261171692782155,0.4453557713102707,0.6381250700771902,-0.6443291692600072,-0.4108132699749149,0.20094279495742,1,0.9401120992262327
-1.1845499782370816,-1.8856189928997595,-1.8933989323159803,-2.0846833943354746,-2.5560478651425247,-2.173107821435986,-2.026679955416549,-0.8228861339713509,-1.2584977112720497,-0.5600888436361552,-0.22229634143501714,0.32430734496696023,0.2896028636247904,0.7169662039383694,0.9303423031486505,0.49821462665125804,-0.6290618359145962,-0.5489345262609867,-0.20373531433131706,0.5991678793155727,0,0.02355847358670412
1.1383107861419912,1.1157252436195908,0.4362590004308202,-0.5353103088563932,-0.11409888160751797,-0.7898144102792836,-1.215144291628062,-2.111076321619796,-1.6107393731040631,-1.2797019309210274,-1.37244943930956,-1.3707757441969166,-0.5383948618295251,-1.1169813993376057,-1.3784615061660848,-0.6990575193141471,-0.5084393460456442,-1.852365336208174,-1.0348398938279553,-0.5775291528913719,0,0.13530862923856132
-1.2857691246563872,-2.6132029213480235,-1.8777299005105752,-1.8045418256835106,-0.9695999987975435,-1.4658481024141539,-0.3205046598819162,1.070806628629238,1.7751021260128395,1.5505277620674895,1.590480633645323,2.165846492297236,2.4798789614493018,1.899456584353796,1.9130896635312908,1.4561616611978405,1.5664723053689362,2.6596612940519417,1.6025856287153617,0.8950926607107357,0,0.08566095221040625
0.7561757539487695,0.5655118709800763,-0.21267076982907418,0.7147657129525394,0.9057195923320979,0.4309688445147571,0.22237798226738614,-0.02176943594791862,0.0815135655558119,1.0360694087267166,1.2963346735171222,1.7871205244169155,0.6975222296067631,0.6969818035942135,0.6763012769258674,0.011633057781556244,0.5018099240889595,0.15210856905675138,-0.3513144068523897,-0.36483236321784,1,0.956868382507741
0.8806953528130279,0.7438177367812955,1.3391605587507882,0.2810795554015939,-0.30901528317908644,-0.15954131994078416,0.1734491652640788,1.19672468062085,1.2598145672172394,0.8071140835095584,1.283169231807015,1.4795753770309732,1.943421455778563,0.5425473211635725,-0.3362147099909866,-0.5015927466667227,0.16860609429576953,0.945757468263539,0.05728776891768554,0.931921180413909,0,0.4706270008868728
0.13574796845060433,-0.20504693266316476,-0.026571271763518325,0.3600304773279539,0.4407632335548022,0.2432504086863806,1.1634486126086487,0.39592226790130197,0.9009234381727078,-0.48599148133295506,0.3217122671508427,0.27881017441448613,-0.3417712129691562,-0.7260966025273701,0.02540564347462505,-0.5131923204983017,0.42589749847894254,0.3379960818208294,0.5480115834692614,-0.11784065263687893,1,0.6096059698993933
-0.030437272071045806,-0.22733805439978844,-0.6025538855766234,-1.1999419376216443,-1.1448225076576997,-0.903584565019462,-0.05170902607273095,-0.7866752978009168,-1.2021102670158357,-0.5122533887741467,-0.08805329620409723,-0.8374650894979118,0.01839818828755636,-0.5398442874477117,-0.0502573996523239,-0.55462705410996,0.04337149932173744,-0.22380270479577014,-0.9210304044442826,-0.2025843070529111,0,0.23194380095123307
-0.7893965451675754,-0.7121890682476303,0.9797925091314196,0.306612336054575,0.46745150504497823,0.8692276075914097,-0.033161168291488505,-0.3300236061366836,0.5724204471349142,0.7691700856636214,-0.021626825306319507,1.4005281028625678,2.390211759371315,0.8867934756033596,1.6158399475449314,0.210517613364028,0.40694172407940726,-0.7336645019619217,-1.2900169399051564,-0.5888933379279937,1,0.9828288012721014
1.3538596868193045,0.32789465178804106,-0.6741285220696918,-0.7548038254697779,-1.0526829173981191,-0.2316493057420442,-0.6290393397513936,-0.576487034803137,-0.9856895754870902,-0.11230376401411778,-0.423035665324446,-0.7189396643790116,-1.9182127923941337,-1.5849220836753795,-1.0132087294120766,-0.4371562460429411,0.25376671567668363,0.20723497807813024,0.5400701560884607,0.9048173539293164,0,0.39919475658112286
-1.0607887422325823,-1.2295904772793773,-1.0643127065509719,-0.169888383710594,-0.005462632172597004,-0.4317317625798877,-0.5204701833117564,-0.7012656908574189,-0.8435067302593434,-0.8747402692967895,-0.6345278281887493,0.17432169992609425,0.08793368522786392,0.7177025576738768,0.3703614778442189,-0.5882244008255636,-0.13516158487655286,-0.12684913258731448,0.22594167649820324,-0.3340259920495222,1,0.6626076122381095
0.324139177635022,0.6657910646688611,0.5012848918304994,-0.5844485197478276,-0.9343443153782592,-0.7647858114192833,-0.9745430329059483,-1.1444671078122994,-1.3785442992609178,-0.599487053894129,-0.8941272953148142,-0.39713615764674565,-1.1744286840278868,-1.2662379616340576,-0.26820995033586614,-0.2304271368070116,0.1869647812646067,0.5331602968296636,0.8262689951691222,0.8932214216205009,1,0.47685256241179624
-0.5577293586621469,0.18698399039321756,0.5069171823428255,-0.2405936002589702,-1.0549361712599652,-1.2629414120667148,-0.483834138294505,0.8914954959673311,0.40826103470160224,0.29075601048037186,-0.6128080774300004,0.21628146692133804,-0.6340691399848325,-1.7289393296953375,-1.2045631334383249,-1.034295990080724,-1.107569318731273,-0.5963174724231785,-0.09612293456676746,0.19475257349942535,0,0.1584094376392295
0.28809842131504476,-0.13890571362964704,-0.7429791225587806,-1.110355674559198,-1.2433803694413614,-1.1654700942336427,-1.8537232706384883,-1.5427537509187508,-0.8186412631682608,-0.5733944914607322,-0.18593605016657624,-0.55313288768497,-0.8218599462190171,-0.7714770976680092,-0.2552465437072051,-0.07420152319362314,0.15036083014228302,0.047488987417588745,0.01523177980920456,0.06037643603997161,1,0.19817115663403084
-0.7442773524843282,-2.3059127055557016,-1.7950366357253547,-1.8111439771649682,-1.8370610053784757,-1.4227061991105336,-1.8780648085306955,-1.4184202202848712,-0.9266764885353643,0.43151804346572775,1.1177801318412433,1.012146707737807,0.5338120045815208,1.9500443900170397,1.5895505648740602,1.7180062215064897,1.510680933525116,1.4048000824564912,-0.36510436457492224,-0.7241090430030118,0,0.014186699441479678
1.2105936775074075,0.05711726234124249,-0.3057915810654379,-0.0625118403598754,-0.6262286019730214,-1.151600420580274,-0.12302902005281009,0.3465310406435225,-0.559669957726161,0.20476284444945134,-0.277360178495145,0.3067726972486874,1.6106989065029633,1.129130523635762,0.3439690339016583,-0.40904565960862804,-0.8762878348325899,-1.0260822869597017,0.10487706412534117,-0.3948946045610592,1,0.8230816886372501
-0.4674034502210296,-0.07053964463979995,0.4806326793437859,1.1260596177107842,0.5244506617200907,0.13557683415887556,-0.3183829327149808,-0.898294491891047,-0.5454827973288968,-0.4818798396785042,-0.4662980517643331,0.22635804168315377,-0.7693080809740719,0.774930963432193,0.35756851916421895,-0.3131885094753511,-0.7534755833901194,-0.49491611952571063,-0.19233734460657279,0.31794088026703954,1,0.7880458871715117
1.6317337451157001,1.6525315069700675,0.5835692737586744,0.07273396410331079,0.45146634304352184,-0.14646544983173895,-0.24073890143850438,-0.04742446627223707,-0.03320235565626194,0.03983024719872076,0.6925816889371502,0.5560137542869422,0.8347575648268539,0.7914767140028416,0.27131313647957367,-0.9007883852326695,-0.9789516606210912,-1.0806723235620466,-0.6940133285324541,0.7024507891423996,1,0.717649904307746
0.041319819576323434,0.25016436571946143,-0.6262710911423717,-1.2172303427360114,-0.7078658167049245,-0.7912800050623712,-0.2985301970118829,-0.41396725412613383,-0.6683134499479164,-0.8407921285890899,-0.9018840972397548,-0.4496169426701316,-0.08693245084487633,0.35764576567360157,0.23469125189266976,1.0570156844862513,0.37913321422540913,1.0802868690542438,0.7066043446058186,1.490102218364859,1,0.22497063794909944
0.5736111089138409,0.22165786205562135,0.0036369473298633096,0.805466519099862,0.32099829222429704,-0.5193383539333571,-0.7696250551733216,-1.073886367115215,-1.5770825051088027,-0.7874961723732335,-0.9681395371852354,-0.6445138338584141,-0.3613502491418934,0.440167257761277,-0.0975515288125191,0.44922229107668515,0.1701120779810819,-1.1834433361197119,-0.8173647666109298,-1.047309200603725,1,0.6365932544156676
-0.7125425665211829,-2.0275457459012634,-1.7086472837458664,-1.5646885401171338,-1.133762543014814,-1.0143933027476424,0.248118763380094,0.005051994908963094,-0.6872614122051763,-1.2052808608002668,-0.35778041298254804,-0.8887692184329582,-0.4966064315053922,-0.0031477671813393833,1.5815636537490676,1.3097915146626333,1.3571980431537496,1.4673423565633503,1.4453829124672553,0.9832097070104938,0,0.00947427326962381
0.8938814837492741,0.2944098303083417,0.06426465108299868,-0.16486783944293362,0.15441749610149422,0.37746600313343637,-0.04305373065519152,0.5427850076201058,0.9944979452701104,1.2665758180678641,1.4786683946965338,0.9985953539624408,1.280113408689058,0.11057671326575065,-0.31409293937054944,-0.4353454424573755,-0.15106036381584276,-0.14412146048430954,0.2318695807684866,0.6519965889501974,1,0.6980932034670995
-1.4605589485019235,-1.6628977078459808,-1.5116803187483967,-1.8753951005000284,-1.6297928398206465,-1.2254988897761365,-0.21104151201080934,-0.1773899961035081,-0.6449305229020856,-0.7583085924094043,-0.7016531895744224,-0.14726724622959983,-0.12513519675891227,-0.37472303587933636,-0.8776039965914375,-1.217057035668563,-0.12308849868661216,-1.1706765071049636,0.6351074100218611,1.3727807159130192,0,0.5180029518189716
2.1098502168432964,1.7264625643103304,1.220366050390913,1.8371465818160204,0.8821579214429023,0.7183158954575863,-0.11606535039307998,-0.2174055597073012,-0.14269666720434068,-0.059456982035924394,0.46519884134564415,0.5430031472637163,0.7608142062703902,0.5919118697382002,0.3546089002690573,0.5660863954879448,0.029534163594288,-0.47357499229515415,1.086061621666438,0.30059329188283296,0,0.6821951854678894
-1.1788562259318647,-0.6833722617593182,-0.2413163191449748,0.12807525760917893,-0.6160388609766984,-1.3058835000616649,-1.5349012069177512,-0.7766792918148205,-1.1331694760482858,-0.715555855389159,-0.3786222459930125,0.5346401902491236,1.1975305060555042,1.2908370734545218,0.842600667596614,1.204816348501051,0.5323383975801562,-0.3967494967883731,-0.0006256138600725082,1.4172007696358973,1,0.9148887672969833
-1.4741307907785826,-1.856980068384402,-0.31202317824414283,1.1839499044898365,0.7405338277828513,0.9666836776210482,1.0035240154076184,1.264079555925652,1.3238049742372322,1.3020154570267244,1.1895513092047587,0.28760654909702277,0.37166084247510217,-0.03007951096390279,0.5687569634854135,0.5012768027678048,1.7079371914402428,1.227634190221335,1.6570698728415054,0.5468096848418006,1,0.8589571533915398
-0.1100630953127915,-0.43518959238986776,0.6533102408542566,0.8840246272065898,0.767155242012614,0.702753909687039,1.5328848836275684,2.2692446890357862,2.028651845900685,0.8343770236572645,1.0819868160581771,0.3351334813639808,1.580890709688294,1.647046616037758,1.4018350855837418,0.7233068845259645,0.5076150721171047,-0.25960366729025786,-0.7664273223298715,-1.1198500504045081,1,0.9322103402949254
0.3329275092864016,0.6589959582071584,-0.2600532768906608,0.3926228146814057,0.7589448192965547,0.6132066139913612,-0.5489648158562263,-0.8919714793348378,-0.08814189196372174,0.08972277741979316,-0.14542764176174133,-0.15858235368581766,-0.4723601995340645,-0.8951305613689736,-1.6396600678226678,-1.4464480041483687,-1.208325897921461,-1.3407186403200388,-1.1469576922862441,-0.3882078683165381,1,0.32211333224551725
1.203165880082658,0.9564022243431791,2.2516942795770616,1.973528991896613,0.914284148079103,0.4518945032146356,0.00802517606780988,-0.2665487545628544,-0.8210690139535659,-0.9215158709918092,-0.9092164430978307,-0.7226264243062736,-0.12160586123045795,0.02486760120013182,1.0997182354549002,1.0254978353682191,0.600136886679671,0.12225643231100798,0.12469563984950638,0.7551488599393406,1,0.9072173138209276
-0.41807483865558615,0.09118421166632291,0.3433402605822479,0.5955781564840431,1.0277660035413485,0.9662343609872515,0.2387297236785406,-0.8063310780930973,-0.29673833963192287,0.018611668338003876,-0.3747044829870652,-0.09001968842622478,-0.7451620956511089,-0.3901028223015712,-0.03449801948782076,-0.10136396462201334,-0.07475915645155161,0.12332889354777465,0.15565968679269046,0.7116594950881068,1,0.46443001050232124
0.26629103418495703,-0.86016615800286,-1.3560996340918225,-1.192598655424449,-1.237945328645557,-0.8100646671991545,-0.4148590129728141,-0.2517023324989856,-0.46709897196349764,-0.2688386235909141,0.3705446672787283,-0.1340226011716693,-0.4300350444192724,-0.9847327782782527,-0.33606491948413586,0.27054110250166147,0.4966998434184315,0.3523016431159407,0.9107644714975465,2.241479911848434,1,0.398902525728836
2.244524545743526,1.2676820097501729,-0.6844642076956667,-1.0717889171227626,0.5052693428006333,0.5472032082792584,0.9452178096805913,0.4614699236070808,0.9656894488149335,0.4865163828763113,0.19836002462040955,0.3494620378807156,-0.908349100886047,-1.2304525819219703,-0.6920737176932839,-0.09941112907002302,0.5220497754251903,0.4730971384452638,0.3161837803237673,1.2367967209672541,0,0.5364059361043598
1.0970705711211624,0.4283836447920092,-0.23975732802598076,-0.7705501342943254,-0.6074088736898057,-0.8114322056201687,-0.7360043328986055,0.5215397082122946,0.24403840798141166,-0.06535600477825958,-0.3326805009134268,-0.37827597117030737,-0.10993210094939669,0.16773220346239218,0.873346396944005,0.5499619403359316,0.5620121832044563,1.2054406029794003,1.3225748555650982,1.6355987440594442,0,0.33619110941966374
-1.41987156332813,0.23578815271963083,0.7543777370532219,0.26911355591034575,0.047095889016150735,-0.03737026017970218,0.4585474595500143,-0.24193844112993418,-0.36369143349039346,0.6930081024690685,0.45430448486275227,1.1448360408508542,-0.045192814551912916,-0.15108150445458637,-1.549494459210941,-1.5682732241518162,-1.5512595418184933,-0.858653139640756,0.2083006814797648,0.1581705913027677,1,0.41397653216356417
-0.7781731024247345,-0.96597696112866,-1.3720279579300116,-1.060249176834751,-1.1148431025114973,-0.6232265629644154,-0.190252746878828,0.21186218983106758,-0.35536157835437865,0.26410116171666576,-0.19668024360602696,-0.24105911456935486,-0.8048768443127177,-0.8338782031589637,-1.6705441026604901,-1.0283580967776673,-0.15502176286849942,-0.2008868498470798,-0.463995140383937,-0.3167310712210843,1,0.8644883523308898
-1.0437535866898848,-1.2597453442118027,-1.4849524773732903,-1.0419867595196395,-1.298791227782079,-1.0242793551811868,-1.3223891182383574,-0.632625237009994,-0.7491536446329851,-1.4745566106971422,-0.23624408867798144,0.4428498259696369,0.5386573414282814,-0.43663441705133416,-0.8634116963751575,-1.1200739863090456,-0.9583815834328826,-1.2179265382572446,-0.8144423800181236,-0.047335691823103807,0,0.7926822718376723
0.3156894682479433,-0.4210361259399023,-0.6285045713388211,-0.09951382120749314,-0.08092250479665189,-0.08482518777130225,-0.08396805318166128,-0.04240794236665966,-0.33314402255981657,-2.0173817518194053,-0.5018033308132116,-1.0779988378787928,-0.7523063883442657,-0.09161272440001857,-0.5549071701415714,-0.6414279433051697,-0.36021465904767774,-0.6904476588642593,0.222526771434245,-0.377131492149475,1,0.34167092263757576
-1.1792250610808994,-0.8822150866703116,-1.1617861966912677,-0.7148932106823976,-0.3849712448937413,0.28102664076356554,0.6222095903175737,0.19599719694744974,0.7908197273291917,1.188026598369619,1.3663515243817583,1.2539941184176717,1.0616171882438503,0.14997081865858036,-0.5208962632717004,-0.2636376462337552,0.11882859816027132,-0.09638224815635538,0.9704586288604661,0.7518614368981255,1,0.8520249573096638
0.5646160242059008,1.3307640496921787,1.041466763631365,1.1040800046848234,1.608659252442757,2.2280294627437636,2.2392709399049493,0.5702029427502713,0.2632017231377356,0.0017850849844619461,0.5732841766344947,1.1298853970352962,0.28591263677965667,-0.18920546992463605,0.1386338641859003,-0.4034566779956603,-1.104319063352137,0.20374263708980794,-0.2018453786805417,-0.5355794323521278,1,0.7356140141278588
-0.6237674483700069,-0.5374956652270707,-0.2657334459795121,-1.0978437473362128,-1.3536576386929386,-0.9810483657372193,-0.8293700140141328,0.3400027369344187,0.5749795360860149,0.6625945447631005,0.8362498791358748,-0.5226777137967361,-0.892316143049434,-0.005279103132064329,-0.06454402920582045,-0.9268953670093689,-1.3579893535022187,-1.1400786257550728,-0.3689474036614633,0.7879591867409583,0,0.20143969692215086
0.6411182503764322,0.7606798679285582,1.1861858614796261,1.1296529446905217,1.016764844994746,0.5901209360053066,0.5857888873147457,0.8532569286868867,-0.6919686491146142,-1.2469760076048566,-0.2423921480881127,-0.49465054263042085,-1.1367274988848253,-0.24009621015903518,-0.3100567271346205,-0.9789648428899773,-1.1474829370903314,-1.0675489979860193,-1.2024725177819444,-1.861381684694523,1,0.2739247479526281
-0.17436970718514372,0.49676769727723513,0.3726272283289111,0.05866335935905873,-0.1740284130738643,-0.08303786361532156,0.5639283623431467,-0.15213658581181447,0.4571313443093345,0.1423313324661606,0.5179769490629871,-0.022593487824533902,-0.1967440950454724,-0.5327921564855952,-0.829105417538246,-0.026685140601181715,0.11283454455004038,0.2522256710336498,0.9887981874841417,1.094401447927384,0,0.24821131246571723
1.1812306844705418,1.3738536944073,0.9476926641451143,0.7805322508280903,1.3695654764561007,1.631819357726988,1.0936889089190895,1.0409644524526,0.23674856903005595,-0.3099962210284059,-0.8381452360114054,-0.545401527710947,-0.10170915336347591,0.4958779008049842,0.663568638579743,0.23942122073601646,-0.3727489453537738,-0.4239238948793897,-0.37410432318029896,-0.11615969037850717,1,0.5447054198227149
0.18749560604247897,0.4971232556830521,-0.1880839307170089,-0.3362085191533843,-0.10111731184484804,0.07676229322940899,-0.5314713078376062,0.1780053051609227,0.3135291872521491,0.020870122279996916,-0.8128471172442259,-1.1333926135583612,-0.6391305922670591,0.030927289059768336,-0.297223900042437,-0.6021067574526692,-1.1738374711484136,-2.5446297076759525,-2.9478594621821568,-2.241733530963604,0,0.1877019546763208
-1.2203940945493306,-0.6966889770711683,-1.166569593470161,-2.7438517078666194,-2.6199382545318435,-2.0939304216488916,-1.9096022706853693,-0.2808104389067737,-1.7688842509664708,-0.5510871007340551,-1.4996348812025913,-1.8045872895279984,-0.7994989464446959,0.42054204811843066,0.8477729513761243,0.8651027755362978,0.7524055107703462,-0.07754482419882171,-0.036092332879609154,-0.5721871289018611,0,0.0029334056469385926
0.46519938961299223,0.7924124113841076,0.2285979209753169,0.596461530057961,0.5280852419684425,0.5386137295410464,0.6230121148702532,1.3291156454115318,1.0650940540204146,0.8358183822237722,0.40875291826025856,-1.1856296410267975,-0.913567293351613,-0.996158585751501,-0.8401457467936863,-0.7947041125095309,-0.5228242222174871,0.01610003952482795,0.5416317981390303,0.561310095234579,0,0.07672958095270747
-0.3791628560809286,-0.7042839331504785,-1.0951821373017707,-1.097539248161127,-0.6557018901536918,-1.623103167043493,-1.3997580900766136,-0.47131124655181783,-0.5767683891401393,-0.9620866279567174,-1.7133226916859212,-1.2821358490887467,-1.4111231383080558,-0.8279550378853225,-0.8182801160671588,-0.42275426595932636,-0.8970571144018356,-0.5554262162519072,-1.644502839873141,-1.2462287286551557,1,0.2259048020074001
-0.9305909109714532,-1.288263274448913,-1.8200756135963567,-1.0518451262894728,-0.3855552589260656,0.2991623536998974,-0.5970899533348137,-1.0103905791119587,0.06855665855289443,-0.5442182292744357,-0.2927814024186752,-0.8138907592939794,-0.39816338033204135,0.24589718000347735,0.4942942451033377,0.8421515961679943,1.0863551833361826,0.683627235810891,0.5830134871406,0.06190006655804509,0,0.017911659148476682
0.794532574654979,0.4773033009696775,0.4602693793314513,0.8050090513308015,-0.21197113761988232,-0.00150252954809573,1.1865082009870827,1.1629414846333512,1.2968079303607174,1.4207765309767995,1.0671236710136798,-0.2893008068382034,-1.071834732225406,-0.1688032619158867,1.1302837824299703,1.501864204416061,0.5277020701126689,0.9933319760919151,1.5739202850168517,2.2825580228637103,0,0.7170289870784855
-0.8011048538295771,-1.3103428834077164,-0.565196230875549,0.198336592286483,-0.39210013170931146,-1.5776134863475058,-1.4242897711210383,-1.2663369968991818,-1.958507740169324,-1.217408490055268,-0.8671813191740362,-1.0133669072777205,-1.066266952729971,-0.32861798733539543,-0.5180135919377006,-1.5655285813936113,-1.3878021345858176,-1.3935104613910136,-1.7952545664018225,-2.101997705934691,1,0.6604181586529425
-1.4242696268274428,-1.1758105686513867,-1.8768358458234862,-1.8387337243597506,-1.129075274426948,-1.3117536418179425,-0.4521724974390565,0.06226406376509704,-0.9780765236401401,-0.9220386408703194,-0.9474856740447213,-1.489585940239459,0.013359035111697976,0.38774484934989956,0.7210779221990521,0.913755652213965,1.6872456252065096,1.201945903787697,-0.19813370697661117,-1.131412325424926,0,0.012725719363524271
0.4734554019048755,0.414490915690789,0.763469812001134,0.3593012931565327,1.0033734642174712,1.679802780920088,0.7363397323008323,0.19599617074448675,0.3246333161218975,1.1708816879684711,1.9089004937306349,1.7644168649604295,0.9030495994977494,-0.26349700832102785,0.44921127063846666,-0.01827794914112975,0.9587837494904486,0.1820789870383047,-0.7975030029386562,-1.1793071719360064,1,0.9392678314188824
1.2689944273923246,1.3419434399334615,0.13781431684930406,0.2442136676393759,0.750891062838492,0.8355091945223526,0.2298148760139631,0.6947417670569742,0.7041677671956457,0.9616552841341566,0.3962320920899607,0.06383849236973277,0.1007198979779833,-0.29928351693421773,-0.004082013442381042,-0.0985504196248776,0.28284286612874243,-0.09192073681560052,-0.6996221241967359,0.19263812221595797,0,0.47964994726499194
-0.08986254517587833,-0.21603311811324685,0.27884819455370446,-1.1559667491228114,-0.13103249281206944,-0.6304224305088717,-0.8000895057359722,-0.6696636879600489,-0.5841874628906532,0.2603624262250414,-0.3112597977629677,-1.4261851294749595,-1.0858811502542685,-0.3426925311374903,0.13465433284413786,-0.6363258846973993,0.09965039011038285,-0.4445229754858039,-0.11013360345372285,0.2040153722063681,0,0.16587314553770408
-0.9654390124405777,-2.2622113638804415,-1.7841374280811708,-0.23530182113259107,0.2685144492473838,0.20587943692974833,-0.1687918476276821,0.41641847015394773,-0.21245807696038388,-0.038732074308902506,-1.0447058631088453,-0.5499289011289643,-0.7910652636087776,-0.17479570435706357,-0.40682216952983646,-0.21526992316354845,-0.27933045942580814,-0.5371267971893653,-0.1090275476278083,0.6067744871900684,1,0.7831112784353673
-1.1641610122053943,-0.5774863228900499,0.3409098371215592,0.9707162667094864,0.13074879123143815,0.040980511356626496,-0.8598927766220145,0.18245868378495206,0.8010688969517171,0.9404360976631528,0.8145119284150316,1.2372973188206635,1.3254980485844903,0.5230705626957979,0.48911936293840697,0.6170934881885203,1.9840640601742172,2.6983549036827315,2.0565971196176314,0.9235592117258665,1,0.9116565110526342
-0.23488710793513518,0.577998699992223,-0.030726076411414876,0.32167368187697004,1.6385701324107136,0.38368166279127086,0.9151549669697784,0.16794086596890315,0.2907090300434691,0.805015168240564,0.183475654060243,-0.02544806128835288,-0.35931582400349915,-0.18812126449239225,0.15740747383565643,0.6869827591682092,0.951990218292497,0.4847870440837692,-0.3659205259176103,-0.40962659245127664,1,0.5953149701253129
-0.14892645444049038,-0.24309695592883818,-0.8292735841250095,-0.6952599216099349,-0.19085061921971838,-0.02475454122779556,-0.17004320604795659,-0.4135457997537318,-1.1059406091169968,-1.0102847900209948,-1.3437655778911697,-0.8069066515038842,-0.8629357952639674,-1.0448421528168885,-0.6667436001714828,-1.1565819002819284,-0.8733502054676255,-0.7844086460575046,-0.11161961330934415,0.7583044706796847,0,0.4506000386011562
-0.5243773295594936,0.2223225495926706,0.9948999789207806,1.0170731791627778,1.1068499456479612,0.7237632711878078,0.8455583627654498,1.1823124711068818,0.4360965706489574,1.0861040016022268,1.7149889627201367,2.2709305261509845,0.8833183612328925,0.61408825977939,-0.09799316285887007,0.39831573711898566,0.42810098505620026,-1.225209682022668,-1.2248460945137225,-1.3398834703526397,1,0.9371993297880891
-0.3847944776897308,0.06839841702077731,0.28889276832721683,0.1390604895803995,-0.9703397854340851,-0.5075856875001299,0.7449107885306242,0.8748087407494732,2.003721355183329,2.0380710151314325,0.6952075134347893,-1.056596069718565,-0.6154960313955904,-0.3465676970319348,-1.4140165705268968,-0.9079468569301505,-1.0442146510263297,-0.3633392117470143,0.08646351318964864,0.06203741661885156,0,0.018242857843714922
-2.0690945110831773,-1.590665985774934,-1.489824971145108,-1.3516186431250474,-0.8285502931841295,-0.5667542872862601,-1.0264680836737234,-1.6353606410495922,-1.4854975880146264,-0.5028151075826146,-0.6491265407922954,-1.288528134064066,-0.655408760083685,-0.9037295145313174,0.4345904521045698,0.6034039617693828,0.38406699220238105,-0.01937721434279867,0.2056968956841257,1.276084611631414,0,0.022619486682389795
0.1727425749066518,0.31841106578786366,0.07925311539674738,-0.7078664237175855,-0.45581671430855014,0.3783102580185018,0.3829868819340519,1.1553972449168743,1.446487214142681,1.2502523695215906,0.9839086182343459,1.9357022151653966,2.4557366148093833,2.275942453131011,2.2398682911064105,2.2268880000163445,2.408168315050795,1.79885488742213,0.9464926270080233,0.996143503880672,1,0.9268794547720443
0.5399857556269608,0.19604543686108689,0.8154657164810968,0.16123037023023948,-0.9918926153084096,-0.14506618165219537,-0.2096187638357717,0.1709113979239002,-1.3790373045948927,-1.9620298746948541,-1.3005056219056303,-1.4231492788389097,-0.3925974098982875,-0.5407051028208351,-0.06133848817054527,-0.7589976658495726,0.9980765743672454,0.3543220354567149,0.7900509901132913,-0.64203443693681,1,0.29159758617672943
0.7566267767420826,1.0888265528627916,1.5724261631954775,0.9104528499174797,0.7126140300112819,0.8747060224548049,0.38628550411367996,1.1156072849297598,1.342912841356448,0.6848136438124733,1.0481564993067967,1.2344309084654113,1.729493339185041,1.21528623344632,1.2337839248258184,1.2954474610458853,0.14683878764277178,0.4191939192674855,0.3114630480144175,0.3196382250916452,1,0.9620028496365239
0.7664491667026098,1.3663418568322414,0.8119184498790709,1.4665880468085721,1.231621644057268,0.5634500592651127,1.2542554724594064,1.347772043352749,0.7525076131178692,-0.4359398125972854,-0.5292963111072825,-1.2297630714753218,-1.971306018306319,-1.5183855418693344,-0.8687594407864742,-0.6794924378038617,-0.09338051531814227,0.7539542023632206,-0.16355511479968945,-0.5434503991217072,0,0.019604246980716732
-0.5539844764580574,-0.8028421647040063,-0.2701364583974373,0.12420750911013777,0.11528951744815465,0.4919012892311578,1.231316774956142,0.3989455306494511,-0.35997791721098116,0.8692010694645261,1.7586034370751333,1.4094908199400866,1.7567168064297154,1.195457603736371,-0.11077132411262797,-0.7628966717626444,-1.2924572432724133,-0.6200679081979978,-0.48934791292476787,0.20413553991066669,1,0.9431148463140633
1.3797265988423733,0.8573746859152108,0.9692485182254768,-0.21796889557420795,0.2384637875028761,0.7729988625347531,0.9254662386962257,0.6175204105838848,0.5744537945596255,-0.957610773232313,-0.6762370705278413,-0.7439775524244961,-0.6440445013256139,-0.435120303286677,0.11024243090606121,0.7558183583421775,0.7447024850848281,1.1812400689053124,0.5321649702209718,0.33680295990631876,0,0.2587456822179961
0.4337536720024166,0.1401003045009801,1.1023735662540735,0.8312443168778778,-0.2485900954575929,-1.6603823520558199,-2.2442136536418946,-1.883461752963803,-1.791449075275282,-1.3956841467016208,-1.3587582435404442,-0.43462446078747946,-0.3229865548302199,0.37753281474296535,1.0943238512697147,-0.32619678876895153,-1.6073477757032908,-1.0528553517073804,-0.6095876833418603,-0.4799936414080859,1,0.9841196110655074
0.8288142997485436,0.15844338457985663,0.4055009135889258,0.4747998677876566,-0.6467672189716488,-1.0834815155311628,-0.8087528722814782,-1.1090147999875044,-0.6198283723929354,0.21528023343235697,-0.22919310426961687,-0.27413693188976596,-0.7046107426189349,-0.9841261630550261,-1.731755599537155,-2.0031497471138953,-2.6085760660198316,-1.2086332746521735,-1.3695660418489504,-2.0534243187961856,0,0.13903796312402766
0.483282373570116,0.8338003634396486,-0.7938654673384249,0.010927067134598881,-0.268085262507881,-0.2089099809005937,0.5438319510427946,-0.1702561865381088,-0.8966146779500886,0.24951874141715374,0.40577427868007193,0.9503054457390714,0.9735444294754212,0.007469699565471122,-0.38910045769285767,-0.04810507469002741,-0.5422108349170159,0.11823889170391096,0.5137496214113196,0.5416280334696195,1,0.881486917321852
0.12001998325352942,0.27240713194619404,-1.2036531208622971,-1.2850566690354224,-1.4732106908444913,-0.48488340942239877,-0.8171603841915296,-0.6854523313777735,-0.1695164722892093,0.808731000380203,0.8102054175295181,0.5991390546986282,0.3705161217293521,0.20651900699877054,0.129506448936506,0.7355610155762909,1.4465618470382478,1.5194457645022506,1.723267203903278,0.6762901281323405,1,0.2808439737859861
-0.25203847612201585,-0.01816058720049242,-1.6677838991451501,-1.5579033997140508,-1.1319432181395703,-1.363004383538694,-0.9416332719662285,-1.253044245471591,-1.0952474086195647,-2.070060490436052,-2.112667048995927,-2.8910525793121598,-3.2321922080742995,-2.457999144772264,-0.5040633200721591,0.783268507198148,1.2507799588774091,0.6172209837199255,0.5401619613983936,1.0008364701173502,0,0.008811097432888939
-0.13340679864453953,-0.9732790923445719,-0.9085247667727971,-1.6594708024920912,-1.0697618865741383,-0.3617209271387914,-0.8077865300186605,-0.6138676720175933,-0.5485902419416765,0.6126678248949361,-0.6182727264251374,-0.9467558052602711,-1.0633678635213724,-1.294988242485241,-1.661394495061513,-1.589122863897046,-0.8199702653701352,-0.9539617833828739,-0.41443145376774543,-0.8155750194993717,1,0.5302860319081029
1.5101633483465913,1.558495043178692,1.4969171068454916,1.1272212272574507,0.5745746468549355,0.42490648671500086,0.4234256989997844,-1.0437878560330425,0.11720326736238368,0.09164564608526388,0.054985358715965146,0.7480046666858624,-0.24294167124924387,0.046011245205950055,-1.0066285946767026,0.04015320035703352,-0.21452112078739435,0.3190920013599114,0.5262117877239787,0.2609774429328768,0,0.10352717263731974
-1.393593112631642,-0.8690709594422729,-0.3430648857293239,-0.37189128568973207,-0.34641098539090287,0.4997909815081805,0.25781641100363434,0.49383294067767924,-0.3756921262692023,-0.2076788671047357,-0.8189110022673545,-0.26302296524785534,0.1757152561352625,0.15222899035985782,-0.5903897162679022,-0.030423816487098663,-0.5727038498753484,-0.9348509552298748,-1.3555885165160908,-1.540188113746112,1,0.6681284730021584
2.063835650538948,1.776219752717794,1.0264702891380946,1.4676367435741884,-0.11892294739881362,-0.6094202490340959,-0.24161833942801272,-0.31272461726260664,-0.14068968764830997,0.21638014443741632,0.5745559683027475,-0.12975918170286557,-0.3331313625490863,0.2175657882437486,0.13537367175010487,-0.5079594987972732,0.1608257735237498,0.8153423615813101,0.303004807436939,0.7474809981418872,0,0.5068355283956594
2.225224900150298,1.8403430347243286,1.823081673479459,2.30207080057917,1.7108905906445757,1.2739553932269516,1.4734169097074308,1.5671321519401182,0.4440065809454579,0.3566658630335058,1.1093060600400302,1.4447683405946614,0.10151020287066839,-0.9073430273133333,-1.7900940183400051,-1.058748702445737,-1.406482306686603,-0.7171377455545314,0.5488447670112564,1.2395958715471453,0,0.001017362386495041
-1.118470474368311,-0.9595050782669177,-0.5096040146347828,-1.613394502817137,-1.3019880977325966,-0.152516911426873,-1.394467406895371,-1.8661967389190308,-2.3911062113450305,-1.2631624143543985,-1.4848180075242037,-1.6032927591671977,-2.846053104168567,-2.553049010190477,-1.8502322024330868,-1.1306078237997388,-0.34758515952697416,-0.21312524980053393,-0.17491646497575572,-0.5011017946297925,0,0.5116751577634565
0.6408864639173639,-0.6073768725126019,0.17949513275804344,-1.0178270119507253,-0.7174673324498086,0.4997360142575916,0.38727977261612523,0.13280013714420535,0.25485097741841006,0.8076362206554051,-0.0496893257110404,0.26282045383991165,0.23053553676897517,0.46353044662019416,0.10637101841796606,0.08613546584219516,0.49793311215463015,0.5316246137563652,0.34934178475356775,1.5050055576843955,1,0.5751310914248298
-0.3033857122011634,-1.4183484055155748,-0.40653872963689847,-0.9091493810953252,-1.33882178229612,-1.565697869661962,-2.099174435041102,-1.9089251192845689,-2.0778315326094043,-2.484636091166523,-3.0061834015471023,-2.659131213697156,-2.023068199012142,-1.6585814190371668,-1.4845201415648566,-0.7463542877445747,-1.5469212076401346,-1.4240534206060604,-0.3628721184762021,-0.21933496242281558,0,0.08770745782547917
0.015874699355065677,-0.715112376330873,-1.0798370549863032,-0.7272382211415375,-1.1635352437299038,-0.3576648079166317,-0.23039451317847195,0.4982289828696807,0.06487254276362275,-0.5047350358462401,-1.2335202904658094,-0.7453643547019518,-0.09359580103918601,-0.22160033526171868,-0.4743824546379985,-0.5310580266291193,0.08821951211329844,0.6655862195796397,0.8592929275667947,1.8875445570686793,1,0.38973541447377574
-0.17981599495990372,1.4430519067026684,0.9510033283125949,0.023623994804083656,-0.7264611215150713,-0.8612273833098814,-0.4101695871472693,0.49515910874344693,0.35602312574169676,0.6271692118103651,0.42806424632872536,-0.6306676641438944,-1.1695438290500981,-0.12043366313807687,-0.24222477488044095,0.06483260439171816,0.25723172448094334,0.4224969935592534,0.7507889934255153,1.1131602729812886,0,0.1305130331891607
1.6669622527374086,1.6012473304751929,2.277963615231974,2.348000920661335,2.6240401975440024,1.4941586366098791,1.0678001718315306,0.8768327925099381,0.5030191205783622,0.8355922874540017,0.646862078080323,0.25525128025243343,0.058549961416737864,-0.2589760519845557,-0.3264170838073624,-0.08707182588375989,-0.731117507659599,-1.2889320862447897,-1.3128317620486427,-1.1231960494519493,0,0.022526334574800647
1.2119626766298928,1.1968658896931543,1.3673072429009343,1.5062538691910445,1.1726947331818682,0.5620915102133915,0.19905294674162408,0.8324979324339568,0.3329573209076163,1.4844882320371107,1.1476897782865547,2.2171671813736284,1.480085013606093,1.1322667919266598,0.3150256974652079,-0.8751951391737637,0.23409268489539137,0.2683183600911174,-0.2012065311029011,-0.016265941642307047,1,0.9474047858248827
-0.38259922872793056,-0.2433690280727171,-0.4882241410894267,-1.0710389396752886,-0.8514076573933318,-1.4218437718553236,0.23929091792324383,1.1270822369042366,1.6468760241710845,2.0804760712114367,1.7627745708922402,0.882155394849636,0.7076785683171605,-0.6971895658186896,0.3464771776897147,0.7238821822873378,0.9951319895518385,1.4551811053846317,0.9811005694007837,0.7469089261505946,1,0.480499917298545
0.10610862186595074,0.5535928303536074,0.2901177258987403,-0.3872883833424511,-0.26615004112783314,-0.4184330439933389,-0.7313147443877603,-0.3417357284889662,0.32159054780971696,-0.5142603356765886,0.0044958458646593355,0.20127956619576082,0.4948102847991982,1.053714915681597,0.46980304086830615,-0.08476194144264682,-0.21117035819111274,-1.0615368883018308,-1.9316105581109473,-1.3489614746525915,0,0.5907848520516822
1.103435059819855,0.4385315532187195,0.607031830946907,0.8466754354668864,0.5828674383687827,0.5844998056863809,1.396259071685311,1.1325381571157271,0.8691718327874872,0.7836434699877872,0.4085058002134797,0.30718807222719474,-0.17074887042142567,-0.6178751709273772,-0.2977093120440438,-0.16983921691107012,-0.0008008218572510187,-0.5917003650678682,-0.3821917710955334,-0.4480226856181786,1,0.4475029293375834
1.4724085477948112,1.7502622730951178,1.0409266197118636,0.5500219905257044,0.19111235406094898,0.3994608651070165,0.7750871090407263,1.1016309515450553,0.49358369951760495,0.2949725862013843,-0.6803748530923409,0.39565378291764713,0.4083756910541461,-0.7778134079351209,-0.9205678770320018,-0.9173352105923622,0.28556912572511906,0.17574119766546145,0.0838298618980153,0.6537919030158056,0,0.12666912688667742
-0.23510029994679704,0.7115001778702338,-0.32309634228680234,-0.8586563280335034,0.24421751250975357,0.12089291678037119,0.6755406336501356,0.8606506806404128,0.19673038528584774,0.4164388804400746,-1.3362186265971714,-0.5388640892656847,0.31540025963846735,0.436504352319545,-0.46223361611851915,0.3521634140214591,0.33991686268452553,0.5760477850306194,0.8928867235700481,0.20458501869861642,0,0.3850332519051454
0.21074006074160218,-0.3076623746950407,0.46959000748846136,0.7574922110087582,1.1007087003101914,0.4010609919846965,-0.5675978222050249,-0.23217191832411596,0.6965480421635727,0.6992224574045481,0.9751461924709491,0.639901908161833,1.3270000742987118,0.9017664477656226,1.598728497002245,2.075322393049609,2.0885835285859717,0.20224003455493195,0.07458570808293576,-0.9724345099317153,1,0.9439741217409414
-0.0700739254553238,-0.29868877204268107,-0.4348869132349645,-0.15489294399515666,0.6205137001033806,1.0465225821497883,0.9890797991871915,0.5904125044549392,0.8494988427731011,0.4271617406679561,-1.0007578820289682,-1.8826269372695468,-1.4273440397356194,-1.020268164911664,-0.42134056898168015,-1.2219403690613992,-1.6295149858333016,-0.29269857139127475,0.03703404217389339,-1.3128654443570857,0,0.1068337160478755
-1.3600778489720868,-0.9503127392216182,-1.0655020341769972,-0.6299136317812805,0.0733089889323539,0.30312065594097026,0.4196180125575316,-0.01200266671298134,-0.7326981428340715,-0.33660892635179174,-0.8623637557095579,0.0015651704253353655,0.15172359684507253,0.3503271377332721,0.27164351764475525,0.107319752000146,0.5500051949192992,0.37117655603608013,-0.043146606360485444,-0.4808049568605254,1,0.5877623393249897
0.4661083509938779,0.7107149345481566,1.019436461581094,1.3597058714545793,1.1305280531400732,0.7273228653517703,0.9163000070760066,0.3217523917437175,0.5485736142085517,0.9962612347018369,1.167167887252335,1.5934228614929178,2.7344581620416006,2.4017423928496253,2.6427220078378455,2.314189968435196,1.9876972274030813,1.1776785234512794,0.7132458495525906,0.29176848194388416,1,0.9992412918638903
0.38157979124789376,0.4061385087492314,0.47309941423054025,1.1259930187538412,1.1225350045027926,0.874697244856676,-0.33096012444417927,-0.37422279772623684,0.2099914607356917,-0.5521199793200713,0.20211829098546466,0.963433587833962,1.1967140285454003,1.6697812262390868,1.3987548466312356,0.5161092504002212,0.1785071533254125,0.23806605631477146,1.018213287867571,1.7718879804325804,1,0.9415015158299449
-0.37928059708353107,-0.08388675876880879,-1.0889655329714314,-1.8918089533907534,-1.9606784630185605,-0.8522564633102602,-0.7498417841242697,-0.2592743260859123,0.4032129000464815,-0.3691538221409202,-0.20772575366444374,-0.19828833799592757,0.7215553787170436,1.173043563208388,0.2941034184765228,0.3800328804873584,0.28018395285599346,-0.5930337682731519,-0.543091348679269,-0.07490953728841061,0,0.057480991469047574
-1.3618225726271445,-1.7316404308945978,-1.753299140902704,-2.2257775269213105,-1.4932211366334256,-0.5910668994126181,0.0052824578089774804,-0.8584360185522502,-0.4934956893616141,-0.7276085327885271,0.1035549303977382,0.1768107786913531,1.4481535285802223,1.4651440191414247,1.5114175128842229,0.7976216298551676,-0.2826515777961436,-0.9771218100286307,-1.3446275779914685,0.30695668119447067,0,0.002234649818694547
-0.8722727267558794,-0.8251007402106748,-0.823971308186205,-0.42636309672027844,-0.09730292280944992,-1.1938027865588736,-1.3100524399010725,-0.3896101639056965,-0.5508857849879845,-1.0722648523471645,-0.5207743019933838,-0.19958071416077325,-0.7494421157331711,-0.7088715656898421,-0.45076086669712584,-0.2998456699114072,0.3840302679764504,0.25731924310404414,-0.26037881128729395,0.12199307115747515,1,0.6152542659037326
0.1802805016187248,0.3121811436164997,0.7719561033313422,0.1469991749434765,0.89684244415934,0.386278742863902,0.4677052405846797,-0.6022093943703498,-0.594166344549192,-0.02016483474361576,0.06158052132574322,0.47770349275526225,-0.06668937841720417,-0.3574773697390074,-0.3339105801575701,-0.09421405127656862,0.1771147863829754,0.15966216008099046,-0.3136047689268027,-0.01298454580583016,0,0.6830901668968101
-0.6091700137210716,-1.0746580087784003,-1.58268239263322,-2.0045922068125535,-1.2404575279860004,-0.8625959995027453,-1.133571536015372,-0.36089071830735686,-1.3814993114350138,-1.1083149172401772,-0.0911249814669388,0.23587073449889423,-0.3174251526271989,-1.1283802590523324,-0.7197739091702325,-0.22894198183928355,-0.6401577451761308,-0.21050144612711832,-0.06461311550330107,0.10026542198180627,0,0.6572915978239535
-0.9254949774224693,-0.5893960706640744,-0.9004006643194876,-0.574996504289073,-2.134558644355194,-2.4737183357094903,-2.3197891210345145,-1.692497253829682,-1.017520196638487,-0.47705538328852726,-0.9256152420771228,-0.6109910615581936,-0.012833443485006896,-0.29684517750256323,0.3583714368499567,1.3230001419068758,0.7554598200809239,0.6879065671068059,0.24761687474383728,0.40488153313903347,0,0.3001320644147631
-0.43238627914647815,-0.38529601175496486,-0.37154886625231853,-0.6577995285214844,0.11901271696379676,-0.7264029204894916,-0.3943567276244659,0.24969815980157004,-0.702145387316115,0.0923607809888153,0.1353239262006463,-0.16177596171909564,-0.6518843153925913,0.39093583533011633,0.33697166314888455,-0.5470550618578758,-0.8721599804608267,-0.3831837909851436,-0.9573407870343045,-1.7548428034410237,1,0.6538162439869905
0.316755637321031,0.39920474318573124,0.2802723506522112,0.8072483728213503,-0.25854348893031337,-0.44844862193743196,0.17938282289506288,0.7688609924572156,-0.06060945179763798,0.3484836498411675,0.2203313371821024,0.25939704035774913,0.3254182647692312,0.7522033775711584,0.18374404658660698,1.3250865401468672,0.3882854995640617,-0.4113811627804905,0.014597307740365226,0.18504035123167065,1,0.7904958783971858
-0.7957021933959441,-1.0680425824119586,-0.7056204241072211,-1.4335977132576672,-1.7167589169508337,-1.5496216143678732,-0.8661268208027786,-1.4355093505053882,-1.0106551008863223,-0.04948991101152837,0.48794125546854483,0.9796940302662702,0.13481693527105792,0.008735873085981845,0.05387830218797782,0.04354695729234067,0.9215131346903189,0.45409168238664116,-0.03253629384168369,0.2096616207784757,0,0.6128390398097501
-2.1927288931980518,-1.059522610211881,-1.1295795221313898,-0.6609807051957793,-0.5952820379808071,-0.8230331794218809,-0.7888722611419762,-1.9528130810643374,-1.475711664007917,-1.1360845150326664,-0.8985646413895012,-0.637639444955635,-1.0891069403189082,-0.34513768391671823,-0.5419557001465272,-0.9033262055701116,-0.2713951159646559,-0.4391562403261589,-0.4339255381861119,-0.10347360632291158,1,0.34729094105047537
0.04125442697667919,0.4955060136923623,0.3461953230099626,0.4188971722321106,0.9132739782661655,0.596342194178852,1.1348257714223735,1.5250716951813676,0.9435533891837858,0.9586231390069058,0.6126908798622543,-0.686365142432382,-0.036641473931333504,-1.1098191171172413,-0.008418898825154985,1.2638755807919804,0.21330160238612553,0.029566836654429062,-0.34857734839224863,-0.15130849805111965,0,0.3346675470387926
-0.16687969554564366,-0.09064511353405258,-0.03928502298195322,0.28433648997829697,0.5772279308297501,0.36558798049468894,0.520446341358565,0.6293410688038114,1.6724139377676854,1.1673659099466773,-0.11010145634471084,0.6202199080352545,-0.03737619390398029,0.57935352111579,1.0175204487034486,0.46324898272237924,0.6379117956256745,-0.28728073412346816,-0.7734605066410993,-0.4432353741161581,1,0.7422273516872225
-0.19624043344310851,-0.31395693740646674,-0.03731628878576503,-0.3915144453249442,-1.6722834638651254,-1.5282789640123924,-1.3500213995382808,-2.0457701123989374,-1.4299340829600122,-1.1804388967921833,-0.9586943560294207,-1.2847875404795273,-1.5636056214540572,-2.017354511181269,-1.233088839196305,-1.16090092186848,-1.1828380518425305,-1.0654852124709753,-0.6559385042259771,-1.2685274233747483,0,0.19089072847000674
-1.1036286081739237,-1.980139093274285,-1.6764983950737165,-1.074512314238937,-0.9102369766503257,-1.4657223981492906,-0.7100042844110626,-0.9701125879924958,-1.5725939038578465,-1.3044118879885744,-1.6597690327015613,-0.9442862497884529,-0.2750560043450707,-0.42614106981105093,-0.19623412091376102,0.3463938142213396,-1.0178019948263664,-0.5513057635101123,-0.4241281740759629,0.19989155672476108,0,0.27979272851146786
0.12196483257873582,1.025558365727368,1.1552816082212092,0.6817018300772775,0.6120616940568814,1.16630206129993,1.5061317650694719,0.9066926399139082,0.9526585311601519,1.4828614933617708,2.1451567829616325,2.314078272374294,1.567728410994401,1.4912273027325151,0.9443760546966797,0.5420253950055868,-0.11830440705154041,0.8874474148651768,1.347936852816233,1.6955443455565191,1,0.9796449285865866
0.016308416677281164,1.743050700761083,0.6843182858372374,-0.6972886245782218,-0.4469244147787471,0.872916939188546,0.1664241376743876,-0.0021876231489051504,-0.8466292418910251,-0.9630508336054516,-0.7101973844574658,0.5287358925002617,0.07707362877128694,0.5176566741351882,0.14115877239862068,-0.13095154104419363,0.45950828286092094,0.659528054210031,1.3546956760926334,1.0421097141980347,1,0.7645510656534538
2.3908900745992434,2.4752313913944377,1.1255412505287001,0.017032014859775433,-0.29870482558223393,-1.0902922856855846,-1.0655076687724834,-1.531288754120029,-0.7864082016135358,-1.0919291152887771,-0.7113247501511419,-1.298045470183086,-0.09640722680922839,0.23425053056484538,-0.37777004948834825,-0.26681315073723405,0.3048756374332345,0.38288685350464147,-0.005306229046813941,0.044926952286846976,0,0.12193633361435569
-1.1161514574955647,-1.2184984571097908,-0.9200605965357286,-1.3341147073111832,-0.49966178528692684,0.11645971072933967,-0.04624357425631974,-0.0033304184602785717,-0.6323297159639758,-1.3656146594726715,-1.367864595196019,-1.0498838486479372,-0.7306653268773813,-0.10633850737646189,0.1741288282335303,-0.280535542786986,-0.39181303173503,0.1576565150171199,-0.2900791400860669,0.028404736971742426,1,0.18189186820406997
0.06585497386424029,0.27854347042891303,0.763713711136408,0.7645599992002304,0.9167379626911891,0.3258963463415387,-1.0316801185967164,-0.7203331064000457,-1.197023117032742,-2.137280273033111,-1.84910384108052,-1.102650512178836,-1.0317544768462992,-0.09857880284581473,-0.3904185560241266,0.4018519746803126,0.8391963294953646,0.6492883630043741,1.0024218467309831,1.29314031006867,0,0.22604227446913858
-0.2439592626576755,-0.7512421069916584,-0.8315871274917492,-0.5573588641771796,-0.713442479791995,-0.15035670774088475,-0.586998219947775,-0.06001577162341047,-0.4731333507605523,-0.4246849487733978,-0.08114803711566712,0.5713110281565802,1.6087107253277177,2.361613050401522,1.8260200751821956,1.9427356538598881,1.5480686649162598,1.008403679910027,1.4319317606222337,1.5555932850065688,0,0.4678660338880654
-0.5262976372866045,-0.49275519515458993,-0.6419981218571774,-0.6321643592026727,-0.22444986839311887,-1.08026766067923,-1.3546319175243988,-1.4807136629497886,-0.8928691321474561,0.05743565357065393,0.5916079802410119,0.10691634097300354,0.5104442982357368,0.3053724199626309,0.1750813225065691,-0.2727103230381208,-1.1596611870597737,-0.6005440309779972,-0.9186217424230189,-0.3119824758778275,0,0.5089114664416972
0.1589779425035972,1.3209594797978934,1.607683722013146,1.4160154294538971,0.8703393021344197,1.5930663964192044,0.6722831032380727,0.6910393159439944,2.0342466677586484,2.39899483382087,2.088379211514216,0.9039634663791977,0.9281531043601706,0.6089084007558763,1.9928230923823846,1.3249435450200964,2.237278584066496,1.5845506115365706,0.8200612021791807,0.16524426741658224,1,0.9799545277584228
-0.36443411377700585,-1.324477719430633,-1.00058415879161,-0.5671012758018312,0.10891830874532721,0.6186085020237847,-0.3718938737505962,0.2638942723498842,-0.0264730129352997,0.11811002053041171,0.6888792464815696,-0.059266013085166894,-0.7351338162580592,-0.4421605607894107,-0.25401707620637237,-0.038328448232034705,-0.19659316597687354,-1.5388487860202864,-1.2739012616243386,-0.4968011586419515,0,0.6680576446961742
0.41826976893108864,-0.7448665829397196,-0.7396182964738638,-0.3895204843695447,0.23335055652627237,-0.7139716561953563,-0.48919892652721736,-0.17415554629425298,-0.614388103337456,-0.8315856596321395,-0.15837216873744792,-1.0606769075456368,-0.9893806196758413,-0.8229156578275607,-0.8009729394431914,-0.07632992025599039,-0.6676133397345964,-1.7498562327628808,-0.8652477911588163,-0.37900969994843503,1,0.41156345934693916
-0.28598599920747114,-0.7152912140969522,-0.11965427619203264,1.1418164944843516,0.4590479965100724,0.8163954303970025,0.7570795509334457,0.4258968350022669,1.1476791806957196,0.18088338455530475,0.43933359655123877,0.6897645373374395,-0.26583954574111934,-0.9511567313311058,0.39263280010439505,-0.2626113003203364,0.5770130067825572,1.3626529811434802,0.5989224620003702,-0.26230178862569903,1,0.7902782916196127
1.2879683088539418,1.4269935417587605,0.7659348252579781,0.07392904081002206,-0.0014706911435122874,0.9678939915278101,0.9436988815602682,1.3512530129750642,0.37972610928392847,-0.3019057424162897,-0.1683997940013378,0.4971808995891486,0.4288571933456019,0.45315955205333375,1.0300340593560162,0.7493876179406498,0.58450496168449,0.5061582582572601,-0.23842839150574466,-0.12250777781633766,1,0.8711282973325601
1.0595095855094576,0.9082303959109519,1.0222562870192762,0.6632145030426829,-0.1256593806702124,-0.010622406762197556,-0.2516436440963965,1.5566321100230687,1.7202899773782663,2.5461222566014077,0.9940699324296879,0.4110520194815596,0.08215515756468238,0.5918511133813564,0.2651726784005686,1.0191645743880646,1.2081749638920236,0.7393727093658135,0.7964478895071876,0.6134166564340827,1,0.44463292011061606
0.23628630864200156,0.7749870749455042,1.136556277176371,2.2294948974178808,1.6826135770047301,1.3429547080418716,0.8659457590879328,1.4621019262355168,1.2729301731885014,-0.4713041232707162,-0.1471774085386433,0.2912554596133159,-0.1311508549471763,-0.09235558115957013,-0.4750869453463212,-0.195204056595226,-1.1111556428516463,-0.9487514695588499,-0.01713212242546022,-0.3653575646643121,0,0.08073622819129274
0.5491471805936357,0.8792654078904795,1.023588263160574,-0.25716462265207135,-0.8068850188002991,0.08996089640640734,0.04896299874451921,-0.7199212695866323,-0.5943655990312177,-0.2246588497134443,-0.8299396585319966,-0.5002459312995198,-1.3762695594361412,-1.4328056081717022,-1.765856429521232,-1.3614955648691422,-1.6608945287283448,-0.6674185936000266,-0.9423580952692721,-1.1294607097937643,0,0.06855429941665718
-0.10196561803368107,-0.5054660616131095,-1.0648887267147251,-0.5485817288994652,-1.236155502326308,-0.7809621598315646,0.4017067144545069,1.1570169536097017,0.3225055951764244,-0.7500179848418067,-1.3486475719805073,-2.515577467158659,-2.264001026543928,-1.7441590438995027,-1.8859137695340145,-1.036420992071153,-0.6499299151229521,0.3033295500700561,0.22034898008891785,-0.12316675478345847,0,0.17330012485780621
-1.9486934381622947,-1.2025559320123547,-0.23555643523173006,-0.42141615612344474,-0.8193196025309631,-0.8175954279365063,-0.4696144021872273,0.6826314344407194,0.7226515971297276,1.72949426213124,1.8928170131691766,1.884745859358338,1.6173404527816804,1.8190025381975183,1.3169711530106691,-0.44470183351360243,-1.5127045412203246,-1.440534381703567,-1.4237101763326088,-1.4016363415918656,1,0.9588368736619859
-0.06210680677391633,-0.14758009294732352,-0.32926141713482227,0.4534662709534738,1.0288808901168738,0.24786133809734157,0.8154828309626587,0.5288646688000173,0.5298266494730789,0.07701022854997445,1.159023250526084,0.7568721782638851,0.5708138571818391,0.15783213283919187,0.6870027727094066,0.700628886003955,-0.46416328609165736,-0.6815574249579291,-0.4002798858422564,-0.08863795671019029,1,0.872005778185403
-0.24389195657808,-0.08436320263893905,-0.23659556690594563,-0.8921631017736396,-0.5417916486036133,-0.832828732941687,-1.2112719225376662,-1.2120088044014872,-1.4025889996020162,-0.08805119772847753,-0.2686483237017564,-0.15394575153147308,-0.03507621888189951,-0.09736620698880313,-0.14892336324962632,0.35973138961484497,-0.12405277559320561,-0.0579941142321907,0.21140254460371247,0.3848981984941506,1,0.5305989092257951
-0.5821697546639163,0.12859945823215896,1.0959968068130495,-0.11317322592260896,-0.3663359648962327,-0.11672238158873022,-0.6807365981571363,-1.6727671385571419,-0.7331764346895067,-0.6498634190373901,-0.021246637195017567,0.48411755119253624,0.25368147154744153,0.16914220540354555,-0.5013987666304165,-0.578749098998543,-0.025878436840355706,-0.13416461834602195,-0.15567155800731255,0.22669551974099295,1,0.6549983690600961
1.413712506213288,0.9302115133945621,1.3371916537042186,1.5338080462150783,0.2646796744074911,-1.0366725486383574,-0.3116536343482584,0.08085634242688018,0.4513943301932084,-0.3698577910597905,0.6441043076183497,-0.29836843669117424,-0.4424634741157936,-1.0616884674646432,-1.2454366822570224,-1.149187879778692,-0.44817249648673513,-0.597890060843052,-0.7906675333468786,-0.6453324906124367,0,0.01052403515295583
-0.38801338793150864,-0.4115337123483263,0.2797291888846948,0.6937443324425452,1.046316829361304,0.5110775176667114,0.6869107712291683,0.70450902967117,0.6226662843198634,0.03656198097643908,0.9650775859650861,0.8776036462445704,0.7080979539589569,-0.26938783695182367,0.7866963964392416,0.6292442867875957,1.2320341533657306,0.5584570890173439,-0.5345812263618573,-0.8003051720352358,1,0.9229648685020998
-2.865209496119079,-2.245252453263126,-2.0572262076773,-1.505060155465633,-0.19076185125732126,0.26735129252028655,-0.8182037671917975,-0.6316346130699728,-1.4105595607860417,-1.7672128883902014,-1.8381184340353027,-2.421393728178678,-1.8339435120527026,-2.0433784093099794,-1.3952864712171442,-0.4316944485591694,-0.11708123262037638,-0.40082586656434466,-0.3708791658179539,-1.5546522446595095,0,0.4664846445144145
0.4664825697624192,0.10628450401215624,0.8100513134888189,0.9876734112581773,0.7823133553755407,1.4881536685424206,0.33620244391026877,1.3589387361527752,1.162132478072271,0.2731792562031255,-0.7188124567902489,-0.8695164357261601,-0.11674965938846196,0.9966171389759001,1.108364743009046,1.3907621476829932,0.7876065980520649,0.7607894683692957,0.9997873105393031,1.4665382397649853,1,0.5413205506198027
-0.2555122862072162,0.45871122000382375,0.0927713377577871,-0.4107510045348944,-1.2536864100860914,-1.1855889963603825,-1.397657632596426,-1.4425771700540437,-1.3660102948968387,-1.6077842374796751,-0.978433134174415,0.06547057518340921,0.06697761327283278,-0.02273366649777554,-1.3551935490627849,-0.9018513817482682,-0.5154601456714981,-1.0496387563652811,-0.9168081079077477,-1.8500257546061343,0,0.5122174093389463
0.6764176204105624,0.7172441913291124,-0.002833102283364515,-0.7450308811229511,-0.47981826547858303,-0.23223792128553458,-0.6762587215288243,0.25089149159959506,-0.4568799886738378,-0.8792288629585389,-1.350058335668966,-1.0138851198612138,-0.05666007989516648,0.25170246152912834,0.4023557976320769,0.5922989136140542,0.6134924881564494,-0.15527783341541745,0.6355018120609808,-0.6092411988245063,1,0.2708757208716981
-0.6821811753495315,-0.09126285987114752,-0.2778556475185942,0.8065026533435578,0.48949675723988406,0.14579741023985782,0.14143958187456077,-0.9810808676611731,-0.6372913649681782,-1.1879826201514843,0.4950713372210432,1.0026286330342142,1.3625142962046015,1.3558111799395653,1.013973658430314,0.7556770043622472,0.43435964601666266,1.2525109761186484,0.9467419908151965,0.15153746077267077,1,0.911014800089382
0.6521118251689265,-0.8534849314496109,-1.1500838922861478,1.0466587410129156,0.4623642263916616,0.4108404090732874,0.5806285941325929,1.91388493480964,0.2626179292749384,0.7702222380439874,0.19680220271795057,1.0632745482263923,-0.13598082741786346,0.12220401274465843,0.4725328322348777,1.0207566968773114,2.72068771702037,2.8157616851833507,1.4806646985129843,1.4548553238191757,1,0.9896838840272213
0.7084997182549874,1.6321415086170545,0.8317956242280172,0.7666844643277417,0.779669961554932,0.43642489661361444,1.249520662533072,1.1718309338840585,0.04091234743397723,-0.07910528988998888,0.0005932066388107698,0.394446355726279,0.7691475017074211,0.5367407195435593,-0.4947395561901418,0.12315992110960779,-0.14194094446446512,-0.19984132065800014,-0.07401703713807747,0.05145648557647543,0,0.39473431247289853
-1.9982121438111036,-2.0419787370506888,-2.3369133495359815,-1.7623826322244538,-2.040320208398105,-2.3556137575141465,-1.254906432813183,0.04762865087551659,0.18731812865422987,0.37978134979467065,-0.40946961226243866,-0.5819003442983149,-0.9533707238289874,0.003147842600175368,-0.46971978022597893,-0.7308827896673342,-0.46001959295671613,-0.40730891793775365,-0.6089058873180873,-0.8454559987602188,0,0.18182578963080728
-0.3956325173534021,-0.4062704364480266,-0.5197721719350501,0.769424509067529,-0.3115648974424245,0.5419577946084957,-0.8547233118285649,-0.2175477603117623,-0.45002460820586065,-0.3653222307038618,0.4391648603676498,0.7457504866225009,-0.13398916119112364,0.08444184376170114,-0.4083703784285197,0.7653268423953936,0.1197871441137603,0.36614524285292754,0.4397546672036815,-0.34859727969429155,1,0.8385223528763097
1.2898220788961603,0.6930868708277476,-0.07022398775660384,-1.496937804699841,-0.8798698867538401,-1.4969385592444033,-1.7707698771973255,-1.6390331992264866,-0.9756018346830498,-1.1080822088934925,-0.1920293527855731,0.5923587841545188,0.9079780481839419,-0.17091356605694039,0.6639288891400685,0.050664618594542514,-0.20004824879001892,-0.18323146697302883,0.0818514650432624,0.3065579197316369,0,0.5148757060296889
-0.2395041353334275,0.07673398430919375,-1.0209505625206006,-0.05802130375683185,0.47265688667092587,0.5926491851439505,1.4028680682174568,1.8170051678722845,0.9249502057349296,1.369820850294989,0.5264052799656729,0.9517954837118071,1.1553663725604546,1.292742465328188,0.7288780094286518,0.19714391033978865,-0.941911816385814,-0.09075864736104851,0.5308090696896807,-0.15405688600130615,1,0.9098864348538037
-0.30034659299193217,-0.07918350310930657,-0.31097252360621114,-0.053849690577537086,0.27705233284891984,-0.7479107902916395,-0.3310458148808685,-0.8204909939259574,-0.7958572960316517,-0.8551545361473895,-0.960352804867101,-0.6309444600533692,-1.0482781434576312,-1.4456584962108785,-1.6864896896113417,-2.9583444722935957,-2.0143731528506597,-1.3825369799874665,-0.8621784533404665,-0.4802903240422032,0,0.3672040972256994
1.092755816312158,1.1173694723252983,0.4679914698828207,0.2226764114274819,-0.2559660090170581,-1.0288517952017289,-0.8739021578690294,-0.5299097945524119,-1.4611897524981734,-1.3624307390818202,-1.042379968437495,-1.0584141892021135,-1.3249125049243076,-0.9026732479812658,-1.578082347349005,-0.7184718508125343,-0.05820161340490636,0.0951967009315518,-0.27893740573841885,0.2600387238502908,0,0.08153509008356899
0.028352681225103735,-0.2969504544350234,-0.31135378600766944,0.25584799536611974,0.28075112891577403,0.44892019104891157,-0.2809476952283452,0.1644276141259982,-0.03910973600999287,-0.03371423464718473,-0.022515412266277655,-0.6856172397144583,-0.8233737104345505,-0.37411675775466635,0.27743240909236927,0.22558208430362844,-0.06111234358181385,-0.5967919831875473,0.1391962935710538,-0.5094803815364916,0,0.44857304428174066
-1.2629418739326796,-1.8912794105599577,-0.9655653659539595,-0.7670292252846298,0.3571899556211792,-0.2812082095376515,-0.9716083055997431,-1.455074793676643,-2.191645501616152,-0.029099236353479108,-0.3748585272814052,-0.5178074947461523,-0.8446163510623641,-0.9818314805515078,-0.3168877142653169,0.5391109619079739,0.7330213673067422,0.770666449748072,0.8826993501594346,0.30839183009415716,0,0.585502635613635
-0.15701508409759218,0.6027442705821816,-0.15266192915411309,-0.765667410387081,-0.7887718748401435,0.04852927546855084,0.10498889912898016,0.4178940253530633,0.8129987359892153,1.228824669942656,0.31065161990477835,0.6732498250923891,1.2203843230727565,1.2280814141405736,1.2630014838529608,1.6199217390087681,1.1679700037708107,1.041437987437786,1.3910849996548054,1.3034268375155709,1,0.5401908014935768
1.0307524537119122,1.2701640374448766,0.46891014689957433,0.7968310898540578,0.5452101091679835,0.3198662674553793,-0.330853986541691,0.12402983934361696,0.12063613853086586,0.2922127414729479,0.07765512324657005,0.9204635918975744,0.8908036172744414,1.0040238498066372,0.9533603308795947,1.7420999683545684,0.5875585126756168,0.07560195352119861,-0.09937325282563599,-0.5150299065300165,1,0.9243353298865538
-0.47758456996955306,0.41313725560316095,0.7445287226196449,0.49811028040041716,0.5783945895191003,0.49614397485922523,0.5674209754006426,0.24318222903867914,-0.030189996272878168,-0.30689737884311086,-0.057355358724709045,1.1094492456940481,1.8080563439884332,0.6851351807672058,0.6124683020669826,0.09381029836655702,-0.18352407612262042,0.12034996805144962,0.6592148799352365,0.6183513173847274,1,0.923863280885906
-0.15325011209501213,-0.7730838762970598,-0.20358849319516822,1.432169831632642,1.45504229439465,2.5955258123586127,1.9696969693035578,1.5535745556410816,1.1653295378875979,1.1632727885411958,1.5758697259497152,1.12889526774353,1.5002245811583972,0.5402685352576972,1.0447515113559083,0.9180034842583874,0.15319655034132715,0.02317316876485028,-0.685210074799202,-0.5229984379452073,1,0.9358359952127665
-0.34117938553689403,-0.7236486442152842,-1.5239648701837147,-1.6362140570325598,-1.8341936516292559,-2.3019162248510305,-1.112850822641819,-2.1347765373817054,-1.9000944485528481,-0.42480757801345614,-0.6320794559116597,0.5653322434936027,1.1759914303964782,1.3670520405886677,0.9902037656439204,0.9413319366937335,1.0546687509478532,0.594618110858933,0.08477189280861608,-0.16379879409396247,0,0.07096986205860036
0.6187334967379425,0.7231914860242,1.0666215718512984,0.8459328878678657,0.43870986118505484,0.5591058911483024,0.478157878988446,0.7017182494736012,1.9023754201182008,1.1354116492251927,1.4108635680916697,0.6056291769425223,0.42305494471835303,1.3643136066392971,0.7559185179784758,-0.7323782625101906,-0.038524303455840465,0.3996770479419971,0.14010583217930916,-0.10952072966622563,1,0.7101986645423879
-0.8449227669482151,-0.7983390500562975,-0.9390115923934284,-0.9055478439714038,-0.5774098963531897,-1.8762262394994134,-2.956498280624839,-1.456426901154809,-1.5050520015770252,-1.0600213194407606,-1.1418208194801975,-0.4078735235484271,-0.7232183388416373,-0.9908927332619888,-0.6512563496862773,-0.8063879384231137,0.3771481484862279,0.20557978134848842,1.5492837271168725,1.4063726464477844,1,0.4887601083858326
-0.45234897093334897,0.0065971321001451625,0.3143914551335208,1.298021963836272,1.7239241504517786,1.7661829850863828,1.0766536078549114,0.5184068192056063,0.8460857421921394,-0.05778776461344371,0.525009682837903,0.8532586407667577,0.02233392935990789,1.1640443966954603,1.0018339512144765,0.49541634130037787,0.7967588637823989,0.8179176048968638,1.1982138157858366,0.99464787608194,0,0.8636269178317181
0.3474113721694895,0.34912344894521097,0.028137539544769427,-0.26527730241969844,-1.1625472086137207,-0.7175446406060316,-1.5821810121247726,-1.3821228700417085,-1.693655937044445,-0.9376840627759053,-1.1328752488057237,-0.26392332895728976,0.0291585432882593,-0.886160909940763,-1.1021721782739833,-1.4510583856390404,-1.0224676693045722,-0.7350820677520162,-0.7217976562983961,-1.3766478614214992,0,0.5119493640893928
-1.174223501766096,-0.3989448902848824,-0.04470161525040668,-0.1847824615556184,0.04487261511465043,-0.2817467621755897,-0.43248055212194003,0.30117704564872105,1.553625109201296,1.3367227022618273,0.990132380383855,0.7430850294166457,1.0061918143594095,1.069566761128096,1.5811890942325506,1.9653886934160267,0.39511163877330563,-0.3118203918387604,0.8421627169719405,0.50365959428975,0,0.753866031457967
-1.1694685887120042,-1.0052599956306647,-0.8727320467241937,0.2614747664554408,-0.5028690224601593,-0.6964399975222738,0.0765676376082479,-0.8074077235192548,-0.09166678316854034,0.8112495099965903,0.4344768974396156,-0.20123579294604832,0.734983697419348,0.5573458902646236,-0.07458643240950186,0.29512758144095735,1.0222611304375306,0.6184459538347633,1.7398602023084062,1.0042810842311343,1,0.5405186623809934
0.5741022468818638,0.8026924705284402,1.8887223682525895,2.1280121131695173,2.0183040020675516,1.340498915053188,0.8960466598263427,0.5870082197763004,0.3707419096836246,0.3615242828499607,1.2702025702175626,0.7282178006707051,0.42740044243222414,-0.003264554051172145,0.691987098382225,0.045413684667422356,-0.8770462924719993,-0.3680136554577943,-0.5750296851673032,-0.08541698663388826,1,0.8014370070224954
-1.0844183864403392,-1.096222696735078,-1.4443945983520556,-0.16461207465940017,-2.2132165078955794,-1.8974445973692682,-0.9799460190162391,-0.5420155212641974,0.17401486121776005,-0.6093611058586628,-1.613203929643183,-0.30027929306190027,0.29166660309663245,-0.12159127320111698,-1.2351221674478041,-1.5181259110414456,-0.9228583760787048,-1.336590111056968,-1.101664288941447,-0.9374234852107354,1,0.683137264412182
-1.5664644038400382,-0.3564218244898828,-0.46162227030947384,-0.037862345105606,0.5946479969019152,0.2446039969915994,0.41211758832395046,-0.840888069740597,-0.6915379551642995,-1.3686930477764936,-0.1796530409912537,-0.2976528451060848,-0.6474651703777744,-0.8285482037370919,-0.5446604855070917,-0.2526127986084183,-1.4901457808549066,-1.2839395096854898,0.23585442718285912,0.7441872520247592,0,0.5019646484768893
0.18217754181017234,0.2538483150572756,0.30294343232747245,0.08368674862732316,-0.0469629035853159,-0.34161945653685766,-0.7702874341643977,-0.18807492233198006,1.056242866652077,0.8272620291373951,-0.448387495218911,0.15021357900770577,-0.09061645237285505,-0.4453248181776733,-0.03464353809456934,0.2712194336254961,1.2312386241221924,0.6795007092062583,0.42758518211650404,0.5296715637298267,0,0.40048904388165046
-0.891993150765481,-0.28731842536444635,-0.2372616046733598,-0.48409967998205694,0.1446688947619628,0.6748766677855021,-0.2516006945589293,-0.3363024037074715,-0.8226711936998599,0.1285318364805802,0.9627045343427206,0.36274960503031595,-0.13535753300867398,0.9031454161415384,-0.1864778467439852,-1.544365161682907,-0.6258762486124887,-0.7288901969403722,-0.09516764066532943,0.267004096964772,1,0.7380456352650518
0.35996418774346217,-0.2204809560071519,0.05045097894465835,0.22477599753950997,0.14697351009180773,-0.11415872899074757,1.2488674347175883,0.2618598052525157,0.10979954270542774,-0.8268341046454694,-1.481788987424433,-1.9994979655661933,-1.9699289318884463,-0.8535979036069424,-1.5586639126530437,-1.2943070423914003,-0.03483977953633355,-0.35357964578270323,-0.04186962182390834,-0.1907886971511864,0,0.036768026358452804
-1.6394124193387276,-1.3026289629329422,-1.8221749609308984,-1.8595895490458276,-0.862408359591695,-1.0751439943944057,-0.0314066394357636,0.3028677469734926,1.8781362987689172,0.48895105458135574,0.11084416651922345,0.42195801320562537,0.12098923826221239,-0.3111392622139296,-0.3416236739088613,-0.2933764610140955,-0.007410622360486513,0.9875519857446335,0.7413345833127727,1.0523658317017408,0,0.18931475314690993
-1.856098738275722,-0.11139647479726755,0.3023525898030831,0.025080528195929947,0.043495954056334135,0.9460915908802457,1.0700520877327422,0.8054341006790062,-0.22837160205817306,0.7447377874062805,0.9991449423523542,1.2556482375990778,0.9899154895978981,-0.2258677246334084,-0.9201293063156871,-1.30060786073603,0.027900802785206433,0.0759215742485411,-0.3286709572693234,-0.44150564374121193,1,0.8552116149925949
0.6908398150137319,1.470192491022782,1.336848188950957,-0.210901090564867,0.1250657474524402,-1.3542152258232116,-0.4369798874362844,-0.6538100513227426,-1.2832277929896165,0.048738274779502745,0.3160372617151283,0.8613887135993891,0.931406127461141,0.03492569375430573,0.32909484441533154,-0.7028039943379406,-0.950836495541057,-2.0085893679049955,-1.4831356549809607,-2.240466733759332,1,0.9425085500560534
1.294824247325681,1.3240393359676772,0.7203790119131113,0.9374649282555941,0.5141499878978494,0.8885634320292431,1.1045939039734411,0.3115012612892552,-0.5222417312141244,0.2599043497926063,-0.39824492358885466,-1.1242613314392147,-0.8908700352396205,-0.9543825072340599,-0.7287435133221771,-0.2604671623459274,-0.9944227742719902,-0.6521208331574597,-0.2231201725888493,-0.49864399101949375,0,0.08196828038699747
0.555500864745097,0.6446925189025314,0.729740702884866,0.48888528073188775,-0.9753887246035311,-0.6820745298264578,-0.15854874857639079,-0.8829055184892086,-1.261089020357086,-1.1024434987988834,0.7065591929458337,1.6794886374782756,1.7089149655207962,1.6637414276703035,0.540588417264381,1.035919666522012,0.08539493844220684,0.9710582813827247,1.3714093077298921,1.9449293548593165,1,0.9788161391198149
-0.5117297391407486,0.47299966846493297,0.42649546212404404,0.33518894325008514,0.3066750056537385,-0.8746669211368707,-0.48382575725224564,-0.24941206220988218,-0.11847340531979278,-0.6045901051569995,-0.4114769531236214,-0.053978661533328406,0.5216934053146984,1.4683408964363565,0.7324100480223603,0.020108305778649423,1.068741406628604,0.6471978501667536,1.1269130536031982,1.973343937914136,1,0.7755366566287952
0.8976782142883986,1.3769269089149594,0.30983894014000635,0.21752551047983026,-0.5488927022412906,-0.4978953273080845,-0.36383436597789354,-1.1847439001630413,-1.832017524728955,-1.886735585730891,-1.437862676505261,-0.8153884221749779,-0.7393742685806163,-0.3631185552005361,0.14207298470621393,0.7653020911112842,0.6563605274825877,0.8543438340089562,-0.3499651058356606,-2.329897695503668,0,0.5444575160148794
-0.298116054094443,-0.943263810277429,0.06977242642542801,-0.2098358624633504,-0.12993131763635477,0.9525992724489553,2.3982970494080633,2.898290479936217,2.879889421526781,2.2062214667419133,2.161866464761997,1.0760856814831117,1.5805087044070922,1.2447246098270974,1.0715031237234922,1.3699810890249433,0.650211781252415,0.5621377078214597,0.677908284964308,-0.31739498135663213,1,0.8917033931145235
0.04130601430284833,0.0649966284099152,-2.048400924518164,-1.3683061467493582,-0.5428042041279921,0.7457971285626271,0.17396124064353224,0.17500939093486018,0.7281918507876618,0.24457310729731635,0.5444067284564785,1.0434366530238959,0.20792179480307402,0.2841376692924604,-0.5286832290646639,0.5893506262321988,1.80110188456534,1.531291351846432,2.3247656635048424,2.0281847211032513,1,0.7214217019015228
-1.3103941460492015,-0.3547419927429801,-0.2713447081455283,0.4054958924970296,-0.21151398109990682,-1.1599724944905554,-1.0778912250342718,-0.8729404259993173,-0.9293794107016418,-1.7369960923145293,-1.3293362151533612,-0.727221698131322,-0.9286920241354593,-1.8185434556841982,-2.0305039509061733,-1.989129234160625,-0.7464806789440628,-1.1614024154308062,-1.256228897799773,-0.9967917429520501,1,0.27390118923552664
0.966447680244634,0.8489411448855531,0.25256739764816594,0.2822439127447156,0.8973349033344128,0.5852709156496574,1.123722293666985,1.7988524632735416,2.2996991628611103,2.4300615878896235,2.546772820200488,2.0025866538223327,1.4204700952971103,0.38835949640560863,1.2043526558318873,0.6200934600397617,0.5491399118692928,0.6359877938483979,0.4608441545447325,0.7018699603360474,1,0.9586480404595233
0.06761450991494036,0.07777416863520903,-0.35549712353404106,0.08725870421815826,1.0808324624838743,0.6659630495099099,-0.27294275149259106,-0.11256295981615516,-0.39490301386160054,0.3914023590374362,0.8455198094754696,-0.4130816310076626,-0.904959746383391,-0.3171042194231633,-0.7178758481247757,-0.1707532229354973,-0.48953474621569487,0.1364895148240009,0.3624611143832042,0.7956799708159412,1,0.49629854524878003
-0.543053527106725,-0.5255928127433791,-0.5332595362563622,-0.9483894392945414,-0.7980772111121165,-0.3440417187515758,0.5008366533795939,0.6642582840312491,1.0353683345787714,-0.09512417003424727,0.16965190785063614,0.503703952319943,-0.3762805842802364,-0.35634082222982955,-0.2282584203301764,0.2873470461008285,-0.0491527060502463,-0.46381240071183755,-0.8476732098920691,-0.7411328617997759,1,0.563762807689054
2.2511614880819524,0.9232486190728002,0.10350098388029656,0.6083889261414702,0.6598678677805783,-0.4179873141882369,-0.17575652624933447,-1.538495156895049,-1.147806710064455,-0.08145322861380705,0.08171851245566786,-0.46867142431644504,-0.2864926573192115,-1.1615388663780588,-1.5867452639575244,-2.009508615764375,-1.2302924731406524,-1.0985185661538572,-1.7217234360779015,-1.8108013963599678,1,0.2370484449854996
0.2726892124750203,-0.20436080166108544,-0.4146582702188118,-0.3883796648258822,0.2390704394105819,-1.183546923420144,-0.6670246739509748,-1.5904156338084223,-0.34814887656121113,-0.7706053138962513,-0.5511350816591446,-0.10901157126246143,-0.13751699417019647,-0.3905500537997398,-0.15314187141769742,0.030714904844111178,0.36847599612717696,1.047882992103881,1.9444410694328382,0.7455939635376196,0,0.42844316215076256
-0.8660898416081224,-0.3729599754754209,-0.49730366253718955,-0.9867517662999621,-0.45767209182613616,-0.8058581124758997,-1.097897441420909,-1.7271134640699417,-1.2213756863256757,-1.1480043403660896,-0.5216433831033505,0.09210382642707224,0.028652932279617536,-0.44460848028877015,-0.8716385308687309,-0.7991162942984185,-2.149001331392798,-1.7082114637007435,-1.0354696111536401,-1.087027172828273,1,0.6059779110869377
-1.0794189848831968,0.4667120897045099,0.10106245277734469,0.13116744882468168,0.27997111528780766,-0.8065996247748289,0.12917636409415517,0.8481828595450916,1.619376483871874,1.077267454391925,1.6146757378564207,1.1027526309649918,0.2770329030946397,0.2923878203073477,1.1419913582008339,0.31331584460469947,-0.8751414499635138,-1.8581594226301648,-3.2103868658372643,-1.5661176533447527,1,0.9007050102302067
-0.3576674671271076,0.22884807097650373,-0.40099309088412155,-1.333542008262029,-1.9446120333885768,-2.1945929691311257,-1.9297422541762121,-2.639785521920251,-1.467948963680529,-1.6957018740227827,-0.7450325355589887,-0.053359565224063495,-0.25694993714227893,-0.20066403681814954,-0.9753820573582871,0.17618435289838588,0.417552258553703,-0.5118636610922189,-0.09111583586424181,0.012549143761309983,0,0.41955732727780665
0.9163256764360165,-0.6391402184991647,-0.3220409508300148,-0.3700526535431357,-1.1493812868050608,-1.1611250581802446,-0.710854620883739,0.08248920295947929,0.04558114978364017,-0.322586319302685,-0.5302720776791052,-0.10393497203270359,-0.7921156132313211,-0.9867331542303681,-0.2680132272916362,-0.354208723030228,-2.0347013420555045,-1.0622468222186956,-0.5523225883533709,-0.9969469317483648,1,0.523060490032883
-0.25136231933269937,-0.2719830718237884,0.3468084098326622,0.049535180440205516,0.15998897595487196,0.5676060694376123,0.26231985489373744,0.3527658087243646,0.26184698710276444,0.700812586063185,-0.305189792532428,0.4047071863963598,0.25262399217207354,1.1403281489674781,0.3755583177941627,0.16612654002365135,0.5497289148709539,-0.8483075217186992,-0.41401740083466976,-0.2680438982198163,0,0.7519248542691016
0.14275839580546654,0.8784997037150515,0.7793648110849843,2.413343366765909,2.4033464126803796,3.5996988266334267,3.1882236063614067,2.82246903306638,1.9264978988478205,2.2143829783440188,2.061913451046913,2.182013988253782,1.9340034456455004,1.8187456280086538,1.350800712637531,1.8750873120766962,1.2530142433656875,1.2406311799203067,1.6179696668703973,1.817834809576674,1,0.9830650248449497
-1.084617845880151,-0.12126754315168545,0.4042479857106986,0.6565883663365055,0.8412211257103993,-0.3020968166121325,-0.48343152536292816,-0.49751752597945736,0.5959078607221561,2.29770546378082,2.575423608863757,1.698878003625401,0.3526558776593259,-0.094969237486252,-1.119737538645524,-1.8347256128029532,-1.4760453450333655,-0.3604099830654867,0.09238815830947791,0.12971454506527993,1,0.6840867087836835
0.22395404316332496,-0.2935148003848798,0.26272742586295267,-0.5517285760208067,-1.1733780099301991,-1.6553317090596817,-0.0911298363247946,1.6520463584596758,1.4711887529402967,0.8944590490696057,-0.11476497657232017,-0.2772783307911734,1.18098008890215,0.5691652937084412,0.9791856739619335,0.3645569463497209,-0.8304600065178266,-0.2022976741647741,0.6102625329634918,0.7325340475150565,1,0.43668100359097817
-0.6668926414927643,-0.8614001660244598,-0.4778886229423989,0.1556875197293254,-0.97457739557232,-1.0043150399455603,-0.17160083938262738,0.03601135368092506,-0.791590914579855,0.04065860718834542,0.4238418939526947,0.6166630591930925,0.2735120072734067,-0.3487732752695563,-0.06255576627885412,-0.49872502457837875,-0.5612335700237241,-1.0563324720709757,-0.3967789890060718,-1.67293474542191,1,0.9032888459418885
-0.1842452940524527,-0.05191805317656798,-0.693124249053953,-0.3950461074346648,0.9079292965756813,1.0955559652315554,0.5642726351025744,0.16235630141858756,0.3805436193835308,0.9361101495836924,-0.22672379273159918,-1.0473157119842726,-1.8002250242393272,-1.5543151186225839,-0.6638359933910274,-1.013135409738948,0.33626765071369324,-0.36541799736168895,-0.3540341875236619,-0.7277412052615033,0,0.2994051301592932
0.045343448125402745,-0.3125004482306127,-0.11011405143365366,0.791277385316506,1.1670480614159273,0.6684769776388536,-1.2081369857957773,-0.9842669919959061,0.2980696309846937,0.8941531926382464,1.5270067895758022,0.8500970379761591,0.6523096387908781,0.1015212855685666,0.19538177831775386,0.8617123681998845,0.44885279699464575,-0.3944592310342813,-0.07040412793012298,0.33808573716711837,1,0.7147591168115497
1.5423468962311515,0.8650427102561457,1.196179713033842,0.4444032259340584,-0.26137279370689986,1.0104447889891672,1.040569293588574,-0.05228547229872704,-0.9375915294754917,-1.8650386781393782,-0.7278358537026308,-1.0478810106660168,-1.3148341408942839,-1.3940671781273783,-1.023658905010922,-1.555082165876536,-1.60554207525798,-1.5361537120288784,-0.675936357750054,-0.3023625041884138,0,0.061748544814857614
0.40878682092450963,1.0191703436777118,1.5211553721048066,1.0832116909695888,1.9659587715412785,1.2961844899907922,0.877009765051877,-0.09972771574843381,-0.8935878642301682,-1.5479942847753534,-1.9435309878682268,-1.8041696790660027,-1.223842980862571,-1.2982256451954717,-1.935067106232083,-0.4208704269766766,0.3785899743119034,0.31307428311251884,0.0008885397645456932,0.8551771933392966,0,0.0011014744800529569
0.2542492361322441,0.20203804341636747,0.6296036507330132,0.4677984168956629,0.45393583885300703,0.22114762323206277,0.17284342385085896,-0.5015677819448354,-0.09444669764184188,0.4158376423092249,0.15640632064399795,-0.6649954551347412,-0.160288482428965,-0.6794381874650667,-0.39853504342451956,-0.019717272889232456,-0.4574305526900206,-1.2400389351319914,0.27609204981994273,0.8407012936436409,0,0.22226551332338065
0.1438957845602599,0.5665694665044094,0.30656047344480664,0.1782671347073168,-0.39146804055292556,-0.8697608762142818,-0.490812153073723,-0.24771263167753924,-0.0982856211915731,0.3051312696262854,1.345898900701891,0.8122962779671354,0.620406986993727,0.9880504322358937,0.8435066558764514,1.4039298112415466,1.4202160044255798,1.7129862155131763,1.6211565462678124,1.0849882355957674,1,0.9015754621782783
-0.28068402264825637,0.10409389202120949,1.1585571933626415,1.0342941724784314,0.18570931246114752,-0.7975400357044384,-1.0397096067271636,-1.8125254860184197,-1.468576343607418,-1.6707078917289973,-0.930438499216989,-0.7138932381919678,-1.7538852140979466,-1.3542671274705618,0.10411903502632162,0.5189115254384183,-0.028565868479457572,0.09042586303951307,0.8786919461094131,0.7961412783947905,1,0.6792517723254035
0.4521473352139682,1.1813318987361328,0.9114547494800559,0.35774810742233504,1.7033145363588096,0.9397084771832911,0.28559054808697515,0.0656304729412757,-0.28913113947329583,-0.3481448325728758,0.06222567406520664,0.5711499209941246,-1.281229126472723,-0.2856101133043224,0.13837813416425507,1.2090176625910565,-0.10641991843189268,-1.2193993417441116,0.1846324274786653,0.40986170829994284,0,0.7613128804620631
-0.9358596482692589,-0.6037104162266573,0.190876951024559,-0.030218285398762333,-0.7576225158486196,0.04887444140351458,-0.6618241222845787,-0.28119922153338206,-0.3785232830374782,-0.03132462892283206,-0.12796012515979832,0.5411920360385488,1.1523705654957812,0.851937828274351,0.8139085710100755,0.34399814945865603,0.007972489572309789,1.2223885845542113,0.7650703208107232,0.1726684404922827,1,0.8446116253709721
-0.47684146383383424,-0.7134085672465112,-1.5853520412453077,-2.1230130393797566,-1.0504934971237172,-1.5963516917701288,0.25907758340299236,1.5130276704998005,1.091799743603167,1.728357140132616,0.5938429982350395,0.5573992869140938,1.1195712157689552,0.6354417500413777,1.9591593922737067,1.38410379031085,1.47870457476776,1.9457867535656699,0.7464861952444974,1.33052247321311,0,0.013262203060822446
0.9894002757498893,0.2662807702126959,0.6429198330451482,0.12762661423724306,0.05741142607569351,-0.24829779698339438,-0.3766860651652983,-0.8499587053446772,-0.9866697214374688,-0.3120998811531623,0.3834356730310317,1.6382250443158561,1.1930686758274849,0.8946687251997419,1.1978092443843191,0.8544764949266235,0.34467152708465,-0.6335987431974169,-0.49826234157509386,-0.8944151255037692,1,0.988111773780251
-1.6626530714041377,0.25785752284819835,-0.4132290468686254,-0.4412051755977862,-0.23062069952387784,-0.23033283115484948,-1.2218160174065957,-0.871533047842908,-0.6216134374083804,-0.9008649968658122,-0.3937419110225582,-0.5662803345620087,-0.7356214490812588,-0.46787472669361685,-0.6145820072842012,-0.26515291649985784,-0.6747935765947946,-0.746138129015381,0.20123977592124076,0.15711654352317397,0,0.3421687006381172
-1.4873160588034833,-2.1614976869926474,-1.7523992528246146,-0.47415758958559845,-1.3229254633132321,-0.8190746698178604,-0.9244907975368474,-0.8954855906704421,-1.7225237489686893,-2.308067365783653,-2.731013411148717,-2.9662824662345053,-2.867957182984014,-1.6571858244003952,-1.1441779533811316,-1.165922044342356,-1.2122555367417847,-0.8820122325705121,-0.3135842202292202,-0.6343931068325112,0,0.20406258378617373
2.7257751453398296,2.4237098077774815,2.146667274848824,2.0392780247290294,2.091208386242326,1.4535014959607553,1.3960293246196984,0.8977181170174133,0.7788540391828422,-0.11122008573303307,0.6413555266141481,0.43131036303686743,-0.14406765003469857,-1.2329265061419519,-0.8068457119843587,-0.36002153685081373,-0.6686816440080217,0.5532363677012715,-0.14321782488253287,0.12470997385715106,0,0.005371511950867501
-0.4366868388987341,-0.5705549177090431,-0.2762792571324434,0.037928734248113244,0.19614666354173946,-0.05735400662816137,-1.2480387538577782,-0.9112954529769671,-0.2948949517695377,-0.11773147727161717,0.24720832783342328,0.46001690769190257,0.3186788915392278,-0.6705404788960332,-0.5034870134013907,-1.2383035846713994,-2.220611162348277,-1.5682184671598787,-2.496009560015053,-2.090081965347948,1,0.7042369025584678
-0.5434521389874776,-0.7288971945601898,-0.548917392004492,-0.050286762906366946,0.22164435410894512,0.14753559258141974,0.8283696301945328,1.4896254134767088,1.3657347863207967,1.9544040941171148,1.0873567901055832,0.6265238162089837,-0.5783639604037919,-0.33103667626776884,-0.769887143091458,-0.9296409966163963,-0.16203930996716892,-0.8958604761236992,-0.94203529801165,-2.1366638197716257,1,0.8210545001338277
2.1528636724467343,2.2988606585864644,2.633690827863368,2.3034441338048235,1.346226518869095,1.8434467428052068,1.82956687187882,1.4633013695627943,2.125730948394614,1.2937306116025793,1.0322260809374717,0.7176701138036082,0.8105034558379326,1.6147105633540375,0.4007191319974685,-1.2964596596952154,-0.8516710698755416,0.2038830572320806,0.7502102074017711,0.5980844344493936,0,0.07596420478533186
0.1876142555918384,0.06200079726027855,-0.5573005237124435,0.15017229991209333,0.5615050385571745,0.8622781671486215,1.3650442465288801,0.5314043618732598,0.722949305096808,0.44773158572645927,0.20741871227082925,0.4450429105009152,0.006250230675150825,0.18599424698693356,-0.8095057786261433,-0.821602560563009,-1.3982540231842375,-2.0463791496833013,0.08785282442259568,0.27833455954780145,1,0.7129839707339776
-0.08151934413977258,0.859231366666148,1.1968777545538856,1.7586011021576178,2.0068144522218954,2.5505655167279224,1.5266103165037288,2.1107154772556243,2.1644284883629763,1.9385326737600952,0.9463508397659006,0.5052970387342134,1.0245714780128303,0.579005649167635,0.5566427012513859,0.46001337607488973,0.9319669148909828,-0.19823434582926772,-0.40342435086837075,0.9689449738560052,1,0.4791876317078049
2.108781861407434,1.3818997906889938,0.8699302135431881,0.7116571230297845,0.7990511459676054,1.3386573124601662,1.9794545829993224,1.869106197798212,0.6598173863111852,0.6540541294878264,0.9440303717614343,1.6106560923470865,0.9807517355476495,1.0414275204536967,2.1001956733203713,1.2389237248486429,0.9945307526355793,0.3592084802414929,0.23496737312309846,0.697153265655151,1,0.9956211121400486
-1.8156483775637278,-0.31478741462482185,-0.4932395437619683,-0.09204220444035942,-0.016494896375670285,-0.23912341203273269,-1.2793296297674348,-0.7002008422726337,-0.5336450041573273,-0.3322738571735495,0.06473577671856327,1.2001266609694716,0.8131849257838266,1.1782739761928198,0.5567743446609955,-0.3484189048071788,-0.06726180462779732,-0.3873763638248813,-0.38267709405677014,0.2908234396933872,1,0.8634974317529467
-0.9505632294159756,-1.8183803357627606,-1.2117096950330786,-1.0844431228877844,-2.485097231044686,-1.6689189328235166,-1.2705692852994006,-1.168648617907361,-0.4409492420874839,0.18484485300497758,0.5639324761320634,0.10900143214343046,0.8874835401233776,0.8750799893274174,0.5315693819472932,-0.9241355750942691,-0.8321238890878526,-1.2258589255489438,-1.9767031305183436,-2.0781222390220786,0,0.23140272168367534
0.7932894048004339,0.4621501971724053,0.3122413134653092,-0.8393814990975177,-1.1439755048767146,-1.3011797636099869,-0.8149558327126322,0.402693069959208,0.3151887344534744,1.516983522871693,1.3659555490625783,0.2645242201369728,0.2966927880115937,0.3007257002202715,1.3643745843896997,1.690737682537354,1.3425260472153036,-0.1766592803505205,-0.3237532487899964,-0.5078918239098519,0,0.7124767392742261
-0.8893775874630389,-1.1090403766644863,-1.4753025759428728,-1.8501803384014475,-0.7223145295845945,0.2798500403708683,-0.05506283627093837,0.2862497774557691,0.8709539154639084,1.0388490817117408,1.0219580907393007,0.7181275052869657,0.23643730024175091,0.5610825417121412,-0.05735178312412081,-0.03251421298604699,0.13173873669435943,-0.06716575870498824,0.305183766663169,0.40463380912736474,1,0.3827492557273985
0.7678451699829629,1.1641276886025314,0.8386238457055486,0.9415467865261281,0.3101830897612232,1.0583224177637034,0.5645047644403617,0.23613178385711575,0.19574930963066406,0.18243879179497163,-0.59887724994169,-1.0092495682585712,-0.42683528533602916,0.27928216604427136,1.2419984009007352,1.7625966511871214,0.9128094836867414,-0.3032957978008412,-0.23975471632058035,0.22789059675666148,1,0.5674155470900952
-0.6183195829654822,-0.9239838670996192,-0.2056778475571817,0.08439302537569304,0.40852669400059255,0.6173274168638065,-0.15409358381433466,-0.48130481426137334,-0.3590043761084372,-1.2616393424705206,-1.5041070216169283,-0.3110630853747579,0.5335402101925454,0.0679682375350261,-0.24097675938424387,-0.21370979556652436,-1.239217914614431,-0.985294344565696,-0.41162243554646477,0.2614429013721081,0,0.503449553634262
-0.6631525254816493,-0.9092693055927228,-0.37158297214765607,-1.6932981016358333,-2.505898281800175,-1.83255521006363,-0.3282908670124033,-0.597528755174141,-0.8608227096900396,-0.29856291214928904,-0.2627799026272503,-0.9419737502175437,-1.0799761257689129,-1.077320191497169,0.07667917158305623,0.6493467834851803,0.6080460876339998,0.5891023300294909,0.6068351119625163,-0.5493463993266433,0,0.12292634035095266
-0.19539078189564196,0.5268882929195479,0.3085422149197094,0.16046498797373593,0.4626996426859171,0.2327956933299002,0.15517375850706716,-0.3652284898929655,-0.5330363536804449,0.8349910095767366,1.439844521603362,2.0902193051006064,1.7186300679308983,2.3106262553905332,1.489310653626464,0.6363466494170866,0.5661713947067409,-0.1827627482763999,-1.0498650297696108,0.09522538027780227,1,0.98744027730068
-0.5543341427312218,0.4488658212528708,0.45007388968104883,1.597076544646851,1.6666467100382352,2.684143006926758,1.5345901476480304,0.876165501058466,0.3745716322272019,0.5973381579320678,1.3604655845723084,0.3049185629520216,0.8742816953810802,0.28197939669986954,1.1312484596761285,2.135019749270903,1.7632897394966236,1.3239127464310017,0.7859120718178888,1.3385577061208926,1,0.7746381072731151
-2.4754189607386854,-2.3370918323322347,-2.0568087878895027,-0.7011792845134726,-0.8466661074985301,-0.6108743790932197,-0.082178341635531,-0.7773112221575347,0.3314055163122467,0.8850242199885794,0.7361980791473328,1.336736814536265,1.3263381589268546,1.0020241277529058,0.4460937445900419,-0.2183966257628549,-0.6460207612519868,-0.4126861575353758,0.3911731297512701,0.43715702376629234,1,0.46333731995487937
0.9308356202728886,-0.11762276996383443,-0.6461894398652346,-0.07622396288855993,-0.8696997275216649,-0.7492444935632763,0.2075497374078576,-0.38741168721879893,-0.991153434565915,-0.20461661068607181,-0.7767956562174888,-0.6639694404073825,-0.641670717610773,-1.0399111103883185,-2.1226756762537944,-1.688287148486892,-1.8035785056375662,-1.0528805712325147,-0.8232964802219779,-0.2549465417955075,1,0.5280154599197766
-0.478605953047115,0.2185142609417606,-0.3196188877313674,0.2572553586201783,-0.0520221580070243,0.47020443686095575,0.18646542410156527,0.25626415588277013,0.3660949717257395,0.25772156154298853,-0.42305349323563585,0.35517200860388193,0.3998724139835291,1.1403137747725172,1.3053149426620456,1.8139611538158138,0.9251704390967016,0.7059018095548258,1.6787612645261138,1.7818538098691654,1,0.6973947038971853
1.329494617340688,2.3762361911608765,2.3662589382271935,2.8064271372832725,2.1586222891037448,1.015364982291506,0.7802639054387607,0.6507463176208587,1.0258595981551737,1.3692145848586041,0.5575360866716396,1.0939265467762445,0.1933282604876856,-0.3905929233981622,-0.18883275482145087,0.8046599347518285,1.0201761057142325,1.1596507266663978,1.1023245587825496,1.2461892991062837,0,0.03353956875020914
1.4627870425245715,1.468847783904827,1.3614335893807215,1.3866243368125233,0.7367558512954678,0.3677852597446608,-0.4832855862573034,-0.2960970982211973,-0.7665565453235136,-0.828556268572271,-1.002203369129542,-0.44958787940042777,-0.37278935869684077,0.26313532595689587,0.5463115100291498,-0.005167728265576806,-0.9075764255827298,-0.23468527596790462,-0.9350415135718747,0.06248147052797823,1,0.6742021558806917
0.49313680416612155,0.9016225179197622,0.5393707135354819,0.7382438010739792,0.7646275085992662,1.4886595602294443,1.2689316579463352,0.237862179716682,-0.15477977051570455,0.02482873949692092,-0.7601247042909081,-0.734270449473623,0.08405433148332293,-0.28718951183062297,0.45030045411577063,-0.31706013236350583,-0.8266825519647352,-1.437118219199614,-0.7786006879903266,0.24842818204614917,1,0.3857806018701943
-0.7302842774790921,-1.0291380192381892,-0.55668606190866,-0.6506175100348512,-0.6325075340472135,-1.295628678661233,-1.9567136599258375,-1.2670274987565742,-1.096283489772545,-0.8728219147525247,-1.019552392510432,-2.2945211772184155,-2.147237554282636,-1.7257440025225788,-1.408114102557047,-0.848281424601711,-0.7476495968826659,0.2652359532014952,0.44592707136220566,-0.305273344186102,0,0.0953649790685802
-0.21198933519392174,-0.13582967162715517,-0.19828919503804698,0.146242457339296,-0.0212343862877084,0.3619964273021263,-0.1469912469084615,-0.9842899293854985,-0.6215753186024324,-1.1937482485173474,-0.37592600731635145,-0.1375915470539031,0.3494081697726675,0.7019837232434315,0.5685771137344836,0.8104115728036348,1.4877396856116691,0.6277172773015871,-0.7930249060076539,-0.6820780272732987,1,0.5281947699944319
-0.1840960842989358,-0.27527306753414504,-0.8653202907845529,-1.8960251157048504,-2.089314584073963,-1.0625274698073062,-0.7621766763904788,0.6110402244691222,0.11788072847507701,-0.5614282735901049,-0.5909087413590851,-0.20915979324213124,-1.2948390612221885,-1.1194297843168233,-1.5855757227839118,-1.0260778789654519,-1.311869409020988,-2.0676573822743904,-2.2200987250465745,-1.523490220996885,0,0.5521960307657097
1.018799154021311,0.5513198361559994,0.6712968588556263,-0.6234108840498566,0.08732885294357592,0.3411016386968459,0.06230281994835121,-0.2009475296727352,-1.1701630896632593,-1.8399629036890424,-1.3572819712329762,-0.945553183943486,-1.5277357195560883,-1.94638348361767,-2.0866304130176543,-0.7188570704471591,-0.06630058766959676,-0.3463590543777315,0.27630416075473296,0.6587849480721351,0,0.1265440275731943
0.2137654148851735,0.9627396188403329,0.9058937864319666,1.364926380453661,1.5150872005103921,0.5002545582546197,1.4980111299406695,1.9575286550582254,0.4553691269513393,0.08703366793493432,0.7863487414979903,0.24993652433380592,0.28455520003714035,-0.27673451776858476,0.3549218728946621,0.43453948539797804,-0.014656687321995902,-1.0691956933519549,-1.0360166683186505,0.2279884619299033,1,0.7483945138308926
1.6756299849693341,1.771040938102351,1.0644040075344572,0.7223546552565748,-0.05207118432647844,0.050690581446975566,0.13979734532215277,-0.4983109245208659,-0.1529467555290986,-0.04027746650133613,0.18863083464204045,0.42530785040730407,0.5388843169377913,-0.2725478984841203,-0.009230111505788932,-0.8900908935259442,-1.547157108474595,-2.1913101762646003,-2.1632205064792025,-1.5543040637397785,0,0.5855085011508219
-1.2533373651677049,-1.6398410508342185,-0.7058819026613855,-1.142934312132025,-0.18910454932778956,-1.0353422065676097,-0.2774973489539098,-0.27110979388166345,0.052465175503466556,1.319921701142469,0.9047484845606988,0.19801962230650033,-0.32500565996143427,0.3724418321521518,0.6641828692094741,1.0002076284162746,0.3105766788052033,-0.2723103038991456,-0.6356341659433834,-1.513686836048646,1,0.42027167829555345
1.3892840551063967,1.6804930326279175,1.8354535962312284,1.345134862294847,0.9007567772988737,0.35495211805928606,0.10912280638821942,0.272725534530331,-0.30763141781082876,0.12461675637213086,0.161105220657711,-0.08193253368032384,0.055131178971709036,0.13695770356377926,-0.049884541386857856,0.005823052836371886,-0.16888755144177595,0.31330045865730977,0.4224870542856874,0.12066737503349102,0,0.2548623671098113
0.8047178937143196,0.1437028441695035,-0.3176044439647747,-0.04731859086790981,-0.9272045799014942,-1.0140948605589146,-0.8439088222345704,-1.3663891556984988,-1.8225514425592537,-1.1420470620933407,-0.5093407295534993,-0.12796184025789892,-0.3656841619280738,0.014905695363390516,2.0854252455757543,1.2822630950599192,1.227950859343288,-0.4104944924848686,0.7315887041758289,0.9209077257339106,1,0.7871690085576412
0.575965334308687,0.5732025003106734,0.6153594266790169,1.3640506786080486,0.652931154946578,0.4306461310421739,0.17767954540217637,0.5805663245922863,0.15005132247029232,0.01812084026314548,0.1950509601256388,0.46587477727263676,0.907713755118459,0.7788551936286316,1.194164736045787,0.4078364170166163,1.1174637918562658,1.5788274519567946,1.2340864780166083,0.5086754576532625,1,0.9501682775441493
0.36345907501679753,0.3832540097418165,0.32338038087589144,0.6569544103585527,0.7188494874362716,0.5915106386614755,0.11630343844439305,0.42395158809556915,0.6559750880257801,-0.052762647742565436,0.16260525393771155,-0.04912668579053081,0.1661961460865502,0.8237846123963849,0.6347710946936825,-0.07379606179179143,-0.9748159990708188,-0.7120997836176759,-1.0992331595922338,-1.0203682427050138,0,0.6586616351422241
0.506866183543925,0.5916113496451261,0.276417087559905,0.20060518268111432,0.13925053525579492,0.1605453462975793,-0.5228010614032604,-0.39016635285393586,0.6099205553986589,0.31052309969968644,-0.5675344574243909,-0.34548173643996377,-0.6074125463477877,-1.010482262714371,-0.11577629517965089,0.3453995822655579,0.19509194927508927,-0.15322571078302527,1.4383199388798111,1.7722798568413949,0,0.25682980171015957
-1.5695313571077578,-0.706593945406345,-1.2704616278991785,-1.4998718528501325,-1.3807767060828937,-1.3952281536309683,0.026789882711351378,0.7800737487052392,1.2700315988055193,0.8509261735120303,1.6506613738838842,1.937815110885893,1.440746781875321,1.4833595378174962,1.0763214784814192,-0.23964459235032384,-0.21143863623793824,-0.6004757049069187,0.5410250180776126,-0.7731219133010319,1,0.4722298299681591
0.9145126193326848,-0.02618053744624299,0.04998123115861774,-0.8241859739758406,0.18576012984306847,0.5082292705688864,0.21245403280318684,1.1380392799254953,0.5550848453604439,0.6236892145991804,0.7616346433481079,-1.0920946816883603,-0.7367816185807987,-0.41820272660792784,0.0985654679777399,-0.5269124172195371,-0.6479538856562104,-0.9034374922779334,-0.9542770858556139,0.17532166067028043,0,0.24517114469032325
-0.2020426919278459,-0.22834583182683668,0.11397782641255802,-0.10761293485649688,-0.2675108309901761,0.404062037937338,-0.26396423492226534,-0.13371474423529162,-0.9363311765550847,0.5263893397771067,0.5595577403357759,0.18123859381607504,0.03584383400193522,0.2120772010375383,-0.3109546443462031,-0.24317332894528998,-0.5761869920148346,-0.20651578635113912,0.39999746451936236,0.7587915271709956,0,0.7082952679055323
-0.36579319876679167,-1.1993213174921995,-0.6593858826665681,0.568580493957849,0.1265773613553314,-1.6480120285277389,-1.9228066815273128,-1.7753492606942443,-0.9219828049483979,-0.8860629790434653,-1.0270769338438621,-1.5996499091382288,-0.39081023953874566,-0.15474526540757197,0.8936948136560641,1.4292116577535625,1.08289540507805,0.47310807310838954,-0.445088671861199,-1.2820860268186438,0,0.44623507842958987
-0.8870631831507759,-1.0492438664188288,-1.406559569212556,-1.2021441148438683,-1.5396124758591065,-2.443610044181889,-2.598203515937789,-2.479543244964273,-2.1859360845781692,-1.172690173078923,-0.5361029795555242,0.3798379950971898,0.06082807791829797,-0.4955119867270186,-0.18411483197103978,0.3831741648719638,-0.1550463929716037,-0.327970734092687,0.07899205543770832,0.9505995761828625,1,0.491366514519588
-0.2379634410171068,-0.7878085077672294,-0.9217983813778066,-1.321082744767555,-1.4007994992615553,-1.5329348036743264,-0.676723948810071,-1.6761656155841114,-0.5266455986006092,0.49411023939157694,0.6430144550692344,0.575694156754828,-0.4622544140829794,-0.4143507833593318,0.1361802419715854,1.4867115286487922,1.8577899291186162,1.2645724596458159,0.12464665499190736,0.20284561846041851,0,0.3238371541984977
0.9386314193466573,0.5083952638562037,1.0860900406113807,1.765371985707686,1.1111236568770464,0.5257642368301711,0.34621568509619044,0.48733141430862026,-0.5809093414497742,-0.5776572669705444,-0.5776271549855558,-0.8084311116618246,-0.733426274044766,0.2222480499070347,-0.6597697424623714,-0.5236934678300219,0.3298666971941324,0.8218154749403828,0.30107224826922585,1.7528795203108496,0,0.06375322156991418
0.045598751374895476,0.3780454209603801,0.09398816198954313,0.6282382940694189,0.5776081624307886,-1.3336476760083746,-1.1697534921319759,-0.978225938420214,-0.2751613947535318,-0.4456198623230405,-0.10654746536233675,-0.4117683487985026,-1.36001359865695,-0.1016088126350182,0.4493063784457118,1.105157371822227,0.5704998408220384,0.07329001958973551,0.4763982233412109,0.26420803364918666,0,0.6993669936454163
-0.2871373457104861,-0.04487948302434067,-0.6716547969281924,-0.7784484532485098,0.6138132491138514,0.584771511490221,0.18224159534235995,-0.35328965106742827,-0.4375536013077424,-0.9236570082901984,-1.6475474727330028,0.44252159040918765,-0.9283774251821314,0.13685313685291464,0.28446455995911313,0.25781989976077563,0.3155345843138305,-0.3357654313538053,-0.6186641092449205,-1.4324146943697984,0,0.5994526517739854
-1.1995340106373544,-1.8573812822673672,-1.1515758216663228,-1.0629089704731791,-0.27198361951851857,0.08433855440346691,-0.7505597946148783,-0.20661329818121008,0.6590342837469699,1.386162511526399,0.6266652112077132,0.5052903761837789,-0.1262247794415066,0.4177243144282906,0.5140364459915097,0.9051334621182481,0.7781428170034951,0.09361009342055943,-0.5298514091868513,-0.8085830675264205,1,0.3295242981485434
-0.15842365077454856,-1.4468254917265415,0.9950628442300952,0.9728450475814762,1.227506240417879,0.42988221897723683,1.0274972748227338,1.1384307760861827,1.5757066121411316,1.2683553203675246,0.04216831723464031,-0.10502315237302232,0.025356316068360675,0.343184966823246,0.2694304446358891,1.4860715057705263,0.2926859219705464,0.8711069140772062,0.43268545167853334,0.4923981274321616,1,0.4878841457535581
1.1229963928131106,1.5762181150620005,0.8075145755540716,0.6646268370834258,0.7401047750137222,1.3185176091497746,0.6766125383357032,1.3251496667777658,1.4249851356700545,0.9986839626209697,0.36806629285399695,0.3314671453747036,0.6022048535046265,1.512624722345242,1.255687046532497,0.7417682625420009,1.1224813387198025,0.39635712801993267,-0.8194198388282646,-0.6948982973206859,1,0.817477493773258
-1.0280717710786549,0.46514910620118477,-0.14314631801618719,0.2774743264342879,0.3908753208860555,0.5861954276963433,0.9039314366093983,0.35237792428661413,-0.18323931361650977,0.3192493850495867,0.8919599405251514,1.6731931293896436,1.644147191243548,1.9509226831197182,2.2261649776360937,2.264965389882204,1.260621682532309,0.6832713320514947,0.40330548227875435,0.45178590776623223,1,0.9738012281788648
-0.5292569910924052,-0.26330801794207614,0.5205421143367233,0.36395949744227635,0.27600852544974835,0.34103710551135347,-0.22469328692315266,-0.7339774932150979,-0.7745723393239737,0.06518051229995347,-0.14085072004927024,0.1204511951881703,-1.0015787376165877,-0.29652525860339146,-0.0742486187150128,-0.2295963737247119,0.12656085509353457,-0.27129907947434295,-0.6788192583595479,-0.8317399271324045,0,0.6864186558123488
-0.3582391214471656,0.8978943217971416,0.9739044387501912,-0.909853619912315,-0.13922874545698913,0.4052175155753759,1.0619015544982993,0.2960141446880468,-0.07484657726156765,-1.0032359554281116,-1.7337075738010002,-1.7314647499566822,-1.524144769811696,-1.9329995814186283,-1.4499243919909839,-0.6108461003347175,-0.7084116348927635,-0.9576941173897199,-1.2155855901844512,0.21016284101345736,0,0.031181224061925177
-1.1074666015328118,-0.7289317661818021,-1.1212371800808074,0.29438639300648173,0.17310892231745134,0.7233009792634858,0.9757862532232636,0.096974560737669,1.7118365048301516,1.121422240889619,0.9525940534967852,0.8032100793822702,0.5190183367608495,0.005277284773978107,0.8097503688900546,1.202673778778108,1.1651351721898238,1.1096736984479378,1.619031714433755,0.956082501572324,1,0.47553541416348305
-0.23117149723121122,0.07246326197515025,-0.02696609897005559,-0.10415526484369259,-0.36247131960464996,-0.41800411753736216,-0.5813029075398937,-1.1491807967980667,-0.7713532665476077,-0.49541303378375184,0.6835602600058558,0.14460514825322446,-0.25544169971016367,0.08401017922178122,0.7015187098348963,0.52959342768604,0.3249691798857603,0.7755969742720195,0.6628107547919232,1.0494979257360713,1,0.6746212603916899
-0.9327051662399575,0.15639855522775287,-0.05833980827025047,-0.5571231261691848,-1.2349503717633656,-1.1487145865665787,-1.4251879644957037,-0.9797895661422973,-1.7955907248849212,-0.1719739872139714,-0.018381796076092367,-0.45441524867642374,-0.6015724044102324,-0.6796912007269859,-0.38025618613119844,0.7818207310548142,1.7061563074813462,0.7760159682350158,0.0741282709498391,-0.08105813210840358,1,0.5404356348414935
-0.3762188401357801,-0.06873718378747724,0.04020043054922903,-0.3306042559327964,0.294580744090085,0.6400744619649968,0.7715239180262938,0.2950627075975968,1.7407887871258756,2.996580132065804,2.4068037914730125,1.258478179876479,0.7820898222866219,1.4674921661770404,0.5964307477549531,0.17891423815932975,-0.6139832628480028,-1.7099831671383845,-0.7059226961688343,0.8510673878189592,1,0.7090061724674911
-0.2208669187674916,0.5758071251175835,0.8534873614237338,2.0908906768563384,2.3411780208038193,1.54650693613652,2.8604770628063054,1.8868159001285187,1.7716942571071208,2.3050487332253478,1.5865417784804297,1.0122520069310619,0.31111824985840647,0.3119299355980209,-0.6825631594896018,-0.42683775681747543,0.4058219787518608,0.5839607781010909,0.3134201760227637,0.6523741984375283,0,0.18590341150910716
0.9201475249927851,0.009763186440644674,-0.17104815371806664,-0.44239584090672246,-0.1752480296612371,0.16934869525920584,-0.33374163080790814,-1.368455506361629,-1.278751145787466,-0.6797126475317232,-0.7146425623583674,-0.6976208148474958,-1.3611104601588175,-1.3148240225123018,-0.8663375027121424,-1.0200605559141802,-0.936720965175982,-1.276308289470145,-0.4510239245645767,0.3783568615198845,1,0.3660945244265009
-0.25772911208677113,-0.14496383769317273,1.2320385523356916,0.9709291975059011,1.1356672156248482,1.0998116309056385,1.273390492317173,2.2556467839539462,2.1888118226261755,0.9106210132588859,0.3743276575359946,0.8470591501599907,1.3771563802941638,1.1515998278915998,0.8972969840615139,0.4960726038687446,0.5422634193963762,0.5130539526107641,-0.4863896709614086,-1.296961785641948,1,0.8747484006213202
-0.7620820940139312,0.15866414503141663,-0.6273894253600545,0.0015724471565761937,0.27979466849014206,-0.209573189598352,-0.7903971123719657,-1.0685081184508183,-1.4811538603569392,-1.186024782249,-1.2246977134655255,-0.9243335180066835,-0.5726861043754883,-0.2803948456899148,0.18262985617869534,-0.6799740978813323,-0.193743051427537,-1.436093459201476,-0.8731829532432499,-0.5728082292433524,0,0.3760877953261562
0.37027339612163646,-0.21448359733149638,0.21452077712870907,0.9539330604570939,0.8737212049808396,1.073262977496911,-0.4642481909874367,-0.09048080960222926,-0.8104812121617972,-0.8479187650277138,-1.4576777330449069,-0.61936335147507,-0.4708350520743654,0.4298929803794883,-0.38799194821512534,-0.3894043002606579,-0.9354725968377943,-0.7817512711161492,-1.4318810403908009,-0.378462413067681,0,0.40719408585654143
0.038109031006128995,0.04182489862541056,-0.6591520454757337,-0.9810912804762332,-0.5628907077933152,-1.1970704984695617,-1.156423740849804,-0.18567037380396254,0.2375600177726927,0.10595857403262698,0.6106186629467302,1.0958858571164911,0.6183395056491227,0.25226752925008994,0.8485166365776019,-0.07552532243238193,0.5801478633001733,0.6821694025190821,0.7493244122118002,0.015465014886646266,1,0.6017549864412598
1.3554085365082469,0.6797153411773208,0.6110007704978707,0.22653368787553715,-0.4804736992843412,-1.6915540739036585,-1.780455120357721,-1.9941188185374832,-1.488451139623022,-1.4821302939401015,-1.9752963856236367,-2.336959351407036,-1.5672286958685195,-0.7301503067796815,-0.41615597923688996,0.19050708157656238,1.232147682866191,1.6429123596784525,1.1830881355372171,0.9502017282030847,0,0.09285810781471819
0.8672256517340241,0.3010959966442326,0.9490944152299248,1.8665241794412453,1.8591113790280067,0.9066328473647032,1.2182732879782339,0.47333249767533214,0.41412805011476145,-0.6776308884617182,0.39922825916288845,0.3010980080339522,-0.5382762379508019,0.1825869378978448,-0.8836712350603843,-1.342737824621403,-1.3436409064510488,-1.7200335203704997,-1.922023887482348,-1.3631397382594403,0,0.11333222790273123
-0.07763930173097061,1.3039200530633028,0.4934599104525858,0.6897183874746035,0.6322726718120137,0.2772742320379287,0.5477002443828692,1.2619427472399665,0.6761603903327839,-0.7635099031889484,-0.7568347816191331,-0.5828401182399136,-0.01713922147620218,0.01639567494591453,0.8353981532158128,0.9013725390904906,0.8699307460517446,0.3547804045773526,0.8422033135237144,0.7263243033205311,1,0.5994110463225573
0.15086686409843975,0.07836180574590883,0.1168590228094136,-0.13762856735039364,-0.8326993469290521,-0.9791655485655293,-1.3913005314867284,-0.5577976907598926,0.7911238229597554,0.7961945755006467,-0.1347451583133137,-0.1239577752402596,0.7237860744981411,1.1387188284964243,-0.2999352889612094,0.0725483278596051,-0.8099550013840647,-0.48325882248661906,-0.2613702574666331,-0.3294969126769721,1,0.29700977008366625
0.7869542506369377,1.6980771258596494,1.514410676580777,0.5597559122226465,-0.011304797162956678,-0.3969574636888954,-0.8347290305094408,-1.6263482656728367,-1.5221235045837371,-2.0580968813322666,-1.152164862133431,-1.6387552347756804,-1.5694799659146768,-2.074646570527377,-1.1172357801477495,-1.2045314855539904,-1.8500413793316905,-2.1436036890454915,-2.0178837993964316,-1.7270754370107206,0,0.027878474603943264
0.8872213058283069,0.5532215402515701,0.12195441889298425,0.614743231313236,-0.21817051831991857,0.24594853667564873,0.1595618861144759,0.6894287220167744,-0.029599802356864782,0.062020609096032346,0.2370598177574559,-0.16064360770198027,0.289551687671722,0.8363835399895703,0.16728043560568978,-0.35085529655652153,-0.49128047901884475,0.18165168085168518,0.902718219986985,0.1361023957937246,1,0.6263379122618875
-0.19763940956466008,-0.5445971024666022,-2.0024450796822837,-1.6175973512574726,-1.1882706637582596,-1.4746798967644807,-1.4264365518155824,-0.8985866242654017,-0.4062011794280109,-0.8768292548632891,-0.8691011477406922,-0.2903274075249197,0.4127528427522693,0.7017487950172129,-0.06591612770524351,0.10730851484187989,-0.625021783878687,0.5824988996698671,0.5507784824971566,0.48363095081111274,0,0.07496083209038043
-0.23788558028098006,0.806142132362111,0.752944973697569,1.1651685806952714,1.5549052852202414,2.2722807280425017,1.243479882252113,0.7790939011963001,0.8431695616473762,1.2719205523234856,2.5591993134185014,1.5750894006954177,2.0253404302549205,1.8407408948337447,1.1123888340647896,-0.6758653376875767,-1.1546526604669642,-0.7022688636788549,-0.5130965976829631,-1.2697136830427889,1,0.9489834177890759
0.6810322849565058,1.239916138732259,1.2804216990798831,1.89133291524502,0.9477017826992943,0.1950497384669094,-0.42015537972600503,0.0015698791928557023,-0.4621235032899795,-0.49577047579305766,-0.4965306184465121,0.0333749824000818,0.503746489074416,0.26955954556021916,-0.7033373613189752,-1.20110255931618,-0.6985189207843319,0.1707354892854316,-0.2144459447452178,-0.14598947968762627,0,0.09929867705420015
0.29171427559122115,-0.10894539045102972,-0.5305656677752114,0.8702405447261955,0.6914379096882796,0.9320998686546007,0.38073732727215653,-0.17379054118870674,0.11079398495888515,0.26048073597262894,0.11551202865981229,-0.2665265085222418,-0.42781055663068357,0.04630085487976237,-0.2449509994464165,0.5792458302337574,0.7308330719404099,0.47583825105566235,0.10274230505489389,-0.048551354666874574,1,0.4789991002415766
0.7792300972905348,-0.1972573711454509,-0.4613683990138663,-0.6578886768014819,-0.29664476547745017,0.3738823820414727,0.7150031366571277,0.5730770761336176,0.5925502167296788,0.23751090997276766,-0.4406736366401523,-0.33033991491570214,-1.0178047692379384,-0.3036547200915526,0.37130721383995813,1.2274688826415088,1.6322028556349895,1.3196926459805502,0.15427269390469275,0.9286722852812672,0,0.34464148399411965
1.1997484996871115,1.365343388996213,1.6435411502698964,1.6705544073403151,0.6889485451495788,0.15258466767237544,1.5726679083841353,1.9204968233166249,1.5963431783349846,1.200647447241071,-0.0091298514622153,0.009221230817363016,0.5327930558412989,-0.049923405583225354,-0.30941534738357096,-0.051155540400868005,-1.1932609401018814,-1.0846539682763632,-1.2010925865161202,-0.307140141948719,0,0.0342083168328566
1.2131927783933443,1.9623871111870925,2.5247552448533455,3.6795903786930197,3.2174967115614503,2.592294004675793,1.4802826149493744,1.2683252900464308,1.2714361201804003,0.030081178189986634,-0.7275770586161685,-0.06979001151359408,-0.470807296679027,-0.2111995035974379,-0.7327177380810334,0.4192481920938189,1.4150777411081843,1.4263975463247263,2.0919342493058903,1.7866084078643873,0,5.45374569113978e-05
-0.9500818292841245,-1.5431896660723265,-1.7565069623946543,-2.2604579019786617,-2.8328768428596334,-2.8134983360838857,-1.5011250058790406,-0.17696164416079577,0.1117791222455007,-0.7462833008435064,-1.4757478788462859,-1.0581100285727676,-1.266504171203315,-1.7775154605511487,-1.3650972897679763,-1.3914870944970672,-1.0415088221844715,-1.1456009558904763,-1.5278118391482964,-1.1756917044518114,0,0.13150330879748867
-0.30104247138188006,0.04980582080149857,0.12730872950275418,0.3811515461436372,-0.8606809331022839,-0.1280713358760212,-0.5625460207545874,-0.9002406785168631,-1.0314577979790391,-0.52451317880422,-0.8563248125900119,-0.7754291880061785,0.14565718129698255,0.07059106697388748,0.09717370460895948,0.3395950422489345,0.758640080231841,0.17021658816803242,-0.662071637277964,-1.635784366644435,0,0.4552244253465932
0.7022022518385241,0.6340231608219578,0.7287378686489294,0.7992867016945676,0.8510617214904102,0.8504182568487936,0.042344042837869134,0.3576178830868015,0.753807288259804,0.8974734398906603,0.8020371891800856,0.8172745625536099,0.24960856817142354,0.2388743560221762,0.10681649130295366,-0.9148993624951914,-1.0218452393639799,-1.328488946051526,-0.6879286512124496,-1.0322354078588978,1,0.6967270374576188
0.414084042389129,0.7648176388006797,-0.19876059279811883,-0.1508380962583734,-0.08552515372756392,-0.4096907969969199,-0.4450834148453306,-1.10728119806192,-0.5770781623220235,0.05296597305278929,-0.09633046112911557,-0.723516042896592,-0.37059441667474263,-0.46079218962088037,-0.27570637687426747,-1.028839791448315,-0.00844466077480882,-0.7396402715878624,-0.21664419132091103,0.03343290945043496,0,0.2681412895921493
-0.9451485575414811,-0.05749030278105255,-1.2359612558410387,-0.08124345615856585,-0.004257015133328552,-0.4647404489515332,-0.4144357717287628,-0.08789840701254838,0.5571443905192829,0.1631692661477617,-0.24109484575381485,0.58655776580447,-1.3654435766970177,-0.9814136300382235,-0.9988574489423366,-1.1303480291426986,-1.246842555382966,-0.5679838409859916,-1.1760416541237555,-1.3393322684423812,0,0.831565019725846
-0.7841139349912433,-0.32425561947867465,-0.7719223626008449,-1.382595169415015,-1.4393875445759496,-0.1175052047969728,0.5641550636843413,0.7625104926460826,0.9627994252189827,0.010413811392506717,0.44699010406128736,-0.17118920158606,-0.21213540715537874,-0.07267439933324574,-0.3929548615408512,-1.6005732626279787,-2.2262082018232885,-1.7449345026049639,-2.295160220551097,-1.750887872516413,0,0.3535620723471596
0.0725499587231417,0.7243298675953316,0.11917283870458754,0.1929133439848599,-1.1447840198139536,-1.5125836564034607,-1.2415713250071088,-0.6584643027153313,-0.45607623825634996,-0.1765800371692442,0.16794565743575793,0.0278514214201738,0.05010071153404802,0.8956568619791856,1.1449948952482927,1.265187118870633,1.245214914371866,0.6968641362903848,-0.09124289846308901,-1.3825089637053667,1,0.8628465351167386
-0.38308055469503405,-0.2967713502770449,-0.8451153388360386,0.33737413285715745,0.5618436963751774,0.9971498576154362,0.8645825298553272,0.7601060022441998,-0.006126672439598032,-0.31586913196593724,-0.2596977594875853,-0.13519165581270534,0.43599525690718316,1.3729201161936146,0.7576311782923534,1.6916420086603763,0.40978802536993014,-0.1732905414760998,-0.45718225776023774,-0.6170449110386046,1,0.6853425752215945
-0.768104230831426,-1.5559090301028713,-0.8138170264240395,-0.8994805817440844,-0.7364701964895942,-0.8245370047646595,-0.8118740660239118,-1.3235453865458957,-1.63599728324199,-0.27525881031770305,-0.25851064419871667,0.32863492242522874,1.1651341709555916,1.044481749088036,1.6869261403384783,0.4378796415860303,-0.21227094186253798,0.08491451808035694,0.4297233484397978,-0.6147815838017556,0,0.3698028246019257
0.17833511201906815,0.39133010363547743,0.6713765907190777,0.6782969610258572,-0.1281892776398561,0.35153800171459637,0.6431038654347389,0.34513941799625536,-0.0024787518075851944,-0.6365322920718874,-0.560381147370158,0.2609792590715952,0.02710310596562754,-0.6132011015001149,-0.4120123555068713,-0.03615824891225247,-0.9021637366450889,-0.3390737740780324,-1.1564414431302958,-1.1831612821252395,1,0.47828012551220067
-1.089902983901428,-0.7760826061230186,0.24883470000627428,0.31280301639190594,0.5667782558270641,-0.45260583360364776,0.8365296564519525,1.5875595218915113,2.377252594337877,1.6971357954290196,0.45033042008536944,0.4781812436700986,1.0465085839723902,0.7344007472177954,-0.41519438709170475,0.03288319987469654,-0.33255498858762106,-0.6506948901030726,-0.7261748915480274,0.3765559766084597,0,0.39192644058539206
1.6761497031946264,1.5289265292197292,1.1478768667014643,1.1701992056603443,0.718996433753511,0.33373423367063393,0.13749013728804302,0.1815563261155787,0.6837582739022717,0.2799279084270306,0.3344554071526526,-0.4844241628229305,-0.17544873934712668,-1.0259744748515087,-0.8243910757548286,-0.9260846650783717,-0.9940698657366206,-1.3422441592883603,-0.373474725186261,-0.9696920452000117,0,0.03362012111606794
-0.6066952296410709,-1.4824651131628719,-0.8300886559767178,-0.5186097022485548,-0.36812359153639457,-0.7504304519714867,-0.17118310801483358,-0.5207453675879984,-1.2627204071975107,-0.6203866545700827,-0.3659095586822947,-0.25719134451723413,-0.39882559823208663,0.15322446596342285,0.09031616390132596,-0.48252264375800397,-0.6459285592028963,-2.3782002299493965,-1.7583809567081081,-1.1296452227593425,0,0.655425613318333
-0.2045414214553151,-0.5727642620661524,-0.5174182396984788,-0.7780038373312563,-1.523912846295678,-1.0789737874648933,-0.9356150607882109,-0.6488976606997985,-1.0125264118596173,0.10838391792646393,0.29385919312653247,0.8271986024741567,1.3043504893740014,0.34857959716715375,-0.1318777792874187,0.13956584267623795,-0.423833903318839,-0.059215676274790435,-0.2122387152005697,-0.709477928472888,1,0.7985130932845329
0.3466658230444379,-0.3275269680957635,-0.1721758856097696,0.5091470113266163,0.2727371779811923,0.8614321432134874,-0.011006695622026578,-0.29351156655702354,-1.6317601895889728,-1.2015343860994618,-1.5057458819671592,-1.456800779465811,-2.4393402077671227,-2.183373940904553,-1.4043029066205566,-0.14307578080030867,0.3273839482191496,1.0529448081193025,1.4715658579868547,1.6856725336230665,0,0.2408789955312456
-0.5519061404705846,0.14651672953246378,0.35926791420229826,0.7285021875419001,0.1865662801696807,1.1282109873422308,0.5922550657254705,0.413523315666548,0.368199149025698,-0.31378357115936173,-0.42709003558053926,0.1884024174743576,0.10216828385231602,-0.2822528827720837,0.8015479255392796,0.5107405763503977,-0.057957230505924745,-0.2657647183085941,-1.114409026103359,-0.19494456105529503,1,0.745907015118503
-0.17170878183546154,-0.1253661383319535,-0.24925037952989118,-0.6661332001699289,0.16591172986604105,-0.8374226801221469,-1.1480723251381617,-1.1216835058313286,-1.071714957354044,-1.4537386191392265,-1.2428401530899649,-0.6048511572965957,-0.5959330315204976,0.8925862441974242,0.07237212528987795,0.540506842686141,0.47300143915709303,-0.8114727075447256,-0.7093330344269353,-0.48093595389543925,1,0.40524532681899983
1.0015345304910779,1.1624381362449996,0.9988471420377792,1.4772413540877587,0.9334451387487899,0.4239741445589787,-0.17924691591265643,0.3142147995403414,0.018731300981243044,-0.718821373924429,-1.1619073487726446,-1.1144940710773115,-1.1844023416977991,-2.4489999908740168,-1.8403290690651628,-0.7967475204257378,-0.9081348536266028,-1.5140637319704222,-2.171488068479963,-1.1288901279470716,0,0.0027423184616069607
-0.4758711979356561,-0.20405321941872684,0.2949766215860298,-0.21195458866388817,-0.06847427960032247,0.45715892623750576,0.30892015069454515,0.6927448492034525,1.0106321898909076,-0.49163079767346185,0.7146488202020387,-0.2994300812433095,0.20408156544267989,0.2167723761318834,0.5272161767732663,0.3131400482825949,0.8383119588216293,0.5220839572028195,0.9992014464760114,0.6934278797185518,1,0.43745450657647944
0.29726637553093455,0.23984293983408023,0.5217171132563874,1.0213146271323503,1.0503458542877486,1.29728464401268,1.5828564202221627,1.6664979253792915,0.7015651166860362,1.0284757834111675,0.3535507954302676,0.2971848006181816,-0.4241860537577067,-0.4559906023370143,-0.4188088411862409,0.8390871801941054,0.6835110547413561,0.3758142100281783,-0.6973699462888455,0.05509080901828841,0,0.5104257848003418
1.0195258682977253,0.34330282635300075,-0.09618775926301394,-1.2332006276256053,-0.8311752399613239,-0.5792841792830572,0.023592880268772307,-1.5744988799096231,-1.1601072912556383,-0.949892357038755,0.15296063372023463,1.0529376825287853,1.4451438094201992,0.7599810338377445,0.8440611609942719,0.28205820912319335,0.9045350030905421,-0.06768462826849476,0.5092557086326925,0.2917219391523068,1,0.705817597392334
0.2712083322691047,0.15339728117934187,0.5104210967955796,0.3197933848458311,0.8856703186307118,0.9756744834440952,1.137348910317672,1.282184078554069,0.7011906086240662,0.09730369480605883,0.03093774669914291,-0.09657471297996317,-0.43557391172616117,-0.8302901265090118,0.07219893932936124,0.6023171256876163,1.2492218504395278,1.4989597492085576,2.680530304092503,3.1663065945475366,1,0.503003211186407
1.1986205914264834,1.4156173635006088,0.845170463106498,0.6025554777308636,-0.7163168143335389,-0.4662866977925243,-0.4217534197799442,-0.07055947614219478,0.14483742594315052,0.26236908006832566,0.23009252880626263,0.4147137930074933,-0.3574589691087836,0.5767311472992893,1.1387654232645044,-0.5732575533899796,0.4678400205345319,0.37091693610325555,0.7230122565188184,-0.7144197253558426,1,0.9173186315966916
0.7082353819204342,0.9890699212129436,1.1457317650126029,0.23660079140073123,0.20737306464141114,0.7884597484591698,0.8830928516513821,1.4712712426122219,1.2821935486209,0.7261202043698641,-0.0051697910115968415,0.18032999676266936,0.5066838421434476,0.09086340356014161,-0.7540020162667895,-0.7602578855878447,-1.048302851148246,-1.146442231633267,-2.475915311735768,-1.1649015403923446,0,0.1235224385044462
1.0122361904982005,1.2665724906423386,0.8975340162867494,0.14603222849081424,-0.16106359631069164,0.2699122964454145,0.39644961076289714,0.0616353931860674,0.8300381323934766,0.43812564404454296,0.5564585725255188,0.2655083580437546,0.7561774384011539,0.38111029312240247,1.1016537779585243,0.6486857909265588,0.43591053186150064,-0.19408192595037432,-1.8240176995989754,-1.5621893629452104,1,0.7922257552930562
1.124945835784743,0.9661929060511961,1.7285298828617885,1.6022105650991374,1.2555720246020239,1.28814894391499,1.4963063703419839,0.5006686893797353,0.936539443201691,0.01626617948243974,0.31477390217336265,0.9205055633778784,0.767449892516232,0.4939946423606732,-0.011416073500521139,-1.2846115095300055,-1.743363628319516,-0.5656846539658493,-0.8364931884504081,-1.1102673848174538,0,0.3608725791319867
-0.7430998535350317,0.35526865468071533,1.673120867338835,1.5591000066770941,0.4070166593028864,-1.122050260248141,-0.5359595560847549,-0.4135517353994789,-1.2484821609038153,0.25815082835279396,0.6353617441568055,0.4406750936640966,1.013288228958249,0.4235860001730626,0.7602010865466164,2.1518412717863957,0.8086638909229893,1.2952114983366767,0.7352122094974882,0.5263479554645585,1,0.9814639249322723
0.2316294867659123,0.3585160517648206,-0.3012443599405383,-0.6978218328210165,0.14778363300575265,-0.45996286083185883,-0.021885338936680158,-0.6292111359711213,-0.7106208988104562,-0.07498942000619238,1.3497711817457712,1.470122681823231,1.9036562864949065,0.8517275688424548,0.6898541297180446,-0.18289920474525254,0.11323201547032805,0.41402243518558324,-0.21468064982434312,-0.03955169784599217,1,0.873885702791128
0.3243440465673962,-0.40465715566481686,-0.01602250290597294,0.19690072431023503,-0.09293747331842796,1.1096368222494846,1.0023840021910801,-0.12602428141005861,-0.7830498253462456,-0.15657278246637082,-0.18334998544947004,-0.07230974683153295,-0.33620292289335024,-0.2960321202656618,-1.1150112185036016,-0.3717938041969818,-0.8694564394063609,-0.6420572951970318,-0.24838465017526268,0.08815199949916891,0,0.5705947587171578
-0.2373480751154774,0.4980359284090263,0.5347133934508294,-1.293883444661878,-0.9047962703708095,-1.5018821806513603,-0.11210523742862862,0.3018086475258117,1.0854252996303626,0.4612435395188612,1.0358746644820895,0.10872343287112961,-0.06219453548821201,0.23080270163893785,-0.2939729418419484,-0.4215643736818322,-0.05670505545205413,0.1180088762702958,0.5405478083901558,-0.8873888574901676,0,0.18913467029567982
-0.2249397423242155,0.8137768553319286,1.0536131828714739,-0.19078092945095743,0.707657533994654,0.9195606731924066,0.5176318647499004,0.43512010071762225,-0.11594884008778913,-1.1260322812809553,-1.0702290694223724,-0.09255937223289533,-0.03339255890305631,-0.08341761397335519,-0.11686707627577818,0.33168419420371553,0.6655028274526388,-0.018751495008097085,-0.6908335330339331,-0.6729831497036356,0,0.525136056256639
-1.1663126917827908,-0.60016798395884,-0.47884499311844886,0.3567075247237544,1.1906581982002762,0.7775241781442432,0.491257579493533,0.3002507423275758,0.08099155389736687,0.012651006057943774,-0.2319039535646961,0.46511228679880956,-0.470521339917656,-1.4446307241209984,-1.4237581337686391,-0.5457746226616358,-1.0315485591227926,-0.9409938358991417,-0.5757393623278252,-0.5592399726143703,1,0.8021521450871067
-0.9137578254267098,-0.7341557936592638,0.0884487699054862,1.3967794428116576,1.274367773803415,1.900243320232918,0.25791232839206807,1.4924530046529685,0.6291145076380779,-0.15880110390607716,-0.4502623114630176,-2.6018095456096946,-1.8018904813749175,-0.654801572472248,-0.8184807654710942,-0.5570194367424668,-1.4418850221155999,-2.2543794335509975,-2.624825062589826,-1.579638397302024,0,0.03373899593677039
0.2792811918910905,-0.05021989917637546,-0.5154008318420025,0.3277567609365165,0.3674268195199115,-0.2908600285835133,0.5222298115918229,0.08251254748412323,0.3113543154437819,1.1006989910405156,0.72144921440062,0.7628674393349406,0.8100371981749594,1.0351456568643378,0.9879770961762654,0.26602309835221116,0.436593868677618,0.12601230451929005,-0.6281580047699978,0.15738024348970184,1,0.8529463749276845
0.1526687620357623,0.34022274407262215,-0.10191041232877575,-0.29655549799888353,0.38096465997523365,-0.18200113074626564,0.5278212810204173,1.246873245857153,1.0741387865677448,0.8201497589374466,0.9853213689864295,1.2504125671227833,0.9984826715624588,2.651009554576971,2.1420406043161337,1.222452481658121,1.4364579421734012,2.117985355932191,1.4745853164021812,1.1245829895731574,1,0.9289520136843326
0.8350224007729738,-0.056202858479276856,-0.1109723513150217,-0.20190010345994808,0.5476634173328365,0.04934372957858588,0.06199212505105424,-0.00045722404585147073,0.44414961743321224,0.8088710292001329,1.1419652091818997,1.06069498498141,0.22387607202348314,-0.38797119233775174,-0.32485185913607156,-0.8960508572705819,-1.5386437168427973,-1.0087311982994114,-1.10378728024411,-0.8913703578655292,1,0.7946644073079545
0.06603313084389387,0.6466039017169926,0.611635143590009,0.3721948321670356,0.18240877665330185,0.061837233144126806,0.36996909497851466,0.4822322289717989,-0.37605299445332063,-0.10484063865882662,0.5559665077121086,0.09163462799031037,0.5341851389725342,-0.009549029862658279,0.845176289025645,0.7211857990851555,0.006172794141377638,-0.15557522788404585,-1.0642557973520559,-1.2685006761437105,1,0.8669336872557002
1.587403343138395,0.8857326097906966,0.8788044150327579,-0.13630337695917003,-0.13547955964829467,-0.8046824957074633,-0.4384436561750632,-0.2586644577093982,0.47838221175084206,0.5744804799544251,-0.5882921155977607,0.26013266962420856,-0.4994703877634352,-0.43625423749775366,-0.2621887136244926,-0.6997242074522902,0.15447587671917748,1.3831402581845085,0.34346594413441134,-0.09336862505518954,0,0.3950150201304619
0.8284886844212185,0.36468605384590824,-0.4573878533863257,0.5356057427725125,-0.21564838858031793,-0.49614200510168915,-0.7016454965935547,-0.23268100026276894,-0.46821257860517584,-1.0800968125754407,0.2649823632742693,0.35271331370135117,-0.41243593955407987,-0.3569052351203113,0.06650448105420385,-0.9090301260200423,-0.43676093983370773,0.05997357563977113,-0.6000061738039247,-1.142801185930182,1,0.8097506351057765
0.08990974904072908,-0.17507277403524577,0.27142854636793695,0.8250663119203195,-0.9794952042907942,-1.2074950959749107,-1.0898733632346336,-0.19153701682399762,0.4927007374847995,-0.535418097813656,-0.4097145628472048,-0.2863964672047199,0.2680678517651204,-0.3064082828004464,-0.31766486095919094,-0.15922240165985904,-0.3998989608397226,-0.3786169609444129,-0.6237872599326272,0.1392950212076091,0,0.3816647884197961
0.2883780719041522,-0.12235970179868833,0.906576957702173,1.471292691491901,1.1374169039824185,0.05817033029857092,0.6319052735341184,1.7660251429694678,2.3552843391683798,2.4469169266126864,2.050239761200234,2.150194551744731,1.4799986552217936,1.4490249572318987,1.2762382526758715,1.5983044813058636,0.9790084436722378,0.333050594094627,-0.10454142335691821,1.103104327276637,1,0.9914649184152567
-1.130170422026382,-1.3477950935499652,-1.229116001064851,-0.5952780850276135,-1.0562475546307475,-1.4948015386705062,-1.5307888978053823,-1.2781250664590045,-1.8232207884242817,-2.8898998903041506,-1.7136693384033546,-1.9733243678998946,-1.3178127345668158,-0.402515707254391,0.42812542406106296,0.3343504928331732,-0.02235404287679418,-1.1635674771209028,-1.1366765470738873,-1.635678419923981,0,0.10157016772429728
0.23321435795014392,-0.32237615625761246,-0.5174217823523594,0.08465804868516728,0.03644890572287776,0.49727166422952507,2.034501953047576,1.156705366345751,2.7120636979206965,3.016218810376449,4.38820161331652,4.0461973350137965,3.243350032726756,3.1858939820791665,2.5182335684740407,2.2141331848682246,1.5386286661705881,1.2792080902804046,1.5774213217469535,2.0157275308121183,1,0.9899623530948788
0.1637729038169928,-0.45677311787249725,-0.07721577453245008,-0.305319473822998,-1.0420386249921505,-1.3952508099091119,-0.6222272619370928,-0.4876943801909646,-0.6713974769711842,-0.24497733940697916,0.2476055454567056,-0.1468850181957737,1.26933041259636,2.2092094675779497,2.172740190275751,1.5012407584560414,0.7813246594836057,0.4016956503437749,0.8579676414746182,0.5198851187651293,1,0.8403126806346967
0.02616039363467092,0.9300354449165624,1.0930199781360388,0.9531120396220709,0.2951020756001692,-0.042111333495264934,0.12348593124261908,-0.18675166766873666,-0.18402090516311662,0.6171560145563392,0.23817566188634703,0.635958716157377,0.07773733118632824,0.14520541499070627,-0.12407218268417007,0.19305667919299915,0.6049586543322806,1.1490780892564376,-0.0988598329940552,-0.30152991156724557,1,0.6350141025815721
-1.0176138607914416,-1.8564425333655765,-1.0184049280204843,-1.5548534922627566,-0.5338956928160306,0.39147791336642335,-0.2605641655306943,0.09079106374712487,0.04916893858914984,0.1850434733367078,0.18234929776341544,-0.02589898566011279,0.8433579940418515,0.5348895719257223,1.111462677178697,0.9298286509377467,1.40543742791142,1.5530808885402816,1.3336725466291295,0.873301459617077,0,0.10962130304529738
0.4288370634015811,0.5172169887614291,0.45071331048418606,-0.7212453911873418,0.25865795154366666,0.20857819379671186,-0.2991640403724213,-0.46169293926715593,-0.0014342980950449202,-1.1591107861910357,-1.9455205529380568,-1.3502565753520217,-0.5749668567167718,-0.6173435879400762,-1.0704669279381933,-0.8685313379768078,-1.7385565828616216,-1.6194955423170008,-0.5876637092409375,-0.9089719197194597,0,0.09765702578460342
-1.108135316781711,-1.8129442098265198,-1.3654366132577143,-0.4251092505724401,-0.4738558468934503,-1.0391184248149168,-1.436444604834864,-1.2715442868538167,-1.0819358449773144,-1.336744895097351,-0.9820427776085008,-0.6853322266652564,-0.25635242407170417,-0.8297763362649802,-1.253501796442216,-1.0786865583380483,-1.7953891746505186,-1.772314641160785,-1.8032931010909994,0.4007548993734642,1,0.6658911701254978
-0.8790419576008769,-0.36794667156906924,0.01866466739189325,-0.9916978178299948,-0.6752359374543624,-1.1319020656104195,-1.142098969846774,-1.707942161469583,-1.4045050430587538,-1.0749763886905623,-0.17868579644354582,-0.5351778482281168,-0.06001860719968884,0.47485695862150074,0.8517600291219442,1.4918456640017923,1.9446429040746689,2.1318406368621474,3.289636505123389,3.0112735121677954,1,0.4021967539913522
-0.032432607962257665,0.2611831244096794,0.5336748587315133,0.26881904670948265,1.1871457104398646,0.2845312133743113,0.019630086216801474,0.6374939520957407,-0.08896471006585177,-0.3322895819149943,-0.18264416228886923,0.6200372095853854,1.1336744605654323,1.2201404776415439,1.1877410822006031,1.7049977986706495,1.6790762811128226,1.0903173301379,0.3020386271992992,1.1266679191419335,1,0.9418329107534664
0.9017985696712327,0.936782859509264,1.1538529823598023,1.976800383177494,1.8800024051864341,1.8369407803936582,1.9231794805604643,2.141623036806503,1.4772665613113791,0.7703074343753685,0.5880023771971427,0.14305915618112444,0.7799825750075849,-0.0789879868425504,1.1677501228557883,0.6632829827932987,0.8071278971207408,-0.17747610296386343,-0.06944938321845225,0.6804870205371153,1,0.8430412589197676
-1.330450890224069,-1.1200768659034324,-1.3079601633677145,-0.28540719127738695,-0.3280264511193323,0.7768117611788374,1.5676636790730851,0.3701862038863774,1.2303707834770965,0.034813903872838704,0.5076454809453828,0.7617089276431367,0.9055868682431142,0.035691679423514255,-1.3761105586951237,-0.34892830486486726,0.018237738729404502,1.1727735786366995,0.04120214585173503,-0.8993369387029547,0,0.919100917477219
0.7407261394121927,0.02627317946762389,0.6933988972875779,0.1889204417591957,1.037236759912457,0.20642137335283847,-0.13858309134882385,-0.08578245477080196,-0.6079484300759536,-0.5999873295225702,-1.2705813143748794,-1.2977889973503713,-1.2121071131013523,-0.8798776645854891,-0.2500897146704828,0.05689540462499679,0.6714169833833289,0.6256017112845166,0.47884512551482783,1.1121263843877478,0,0.21387979082075326
2.149734596460206,2.7267775175179314,2.5084548938442173,1.4131796327280401,0.35472531876846225,1.1119865934838533,1.0324606904860112,0.6991841516658894,1.1047667104754695,1.3881523723626703,1.1441768995379964,1.3142256137294186,1.5544692932826802,0.7549952535710112,0.07976126454086456,-0.7050804752285076,-0.4184757391682215,0.30271509390192053,0.35365826369710057,0.04603673894094917,0,0.26820316054713966
0.05691277812530802,-0.5611734684814379,-0.6226582301469356,0.07000525377650817,-0.8797267737018395,-0.5194519066970488,-0.5294960582181396,-1.098047348731133,-0.5342681205136006,-0.46312108204352326,-0.7141722531145883,0.013214996766915763,1.145864315997012,1.175897928178707,0.4066566982338691,0.43121794230478094,-0.2968890207156532,-0.09472943866820181,0.13303680150106695,0.0683112611733383,0,0.5447602128494652
1.5537649790949213,0.7621079784026554,-0.5358995692189785,-1.286367787246122,-1.1519543050626448,-0.9541265270908927,-1.2393746207048102,-1.2152305843551043,-1.2721769293164351,-0.7250346849654552,0.11891615325019442,-0.3986329099727435,-1.4634273622678877,-1.2486778405601762,-0.8901909724732618,-1.5972650279205538,-1.3546473351610966,-0.7390167121837131,-0.2608486172573725,-0.7808927149614855,0,0.38282174069055575
-0.08918435318465606,1.0617095599460258,0.9116608039674223,1.3525646980777901,1.6633342059972314,1.2930892408551138,1.4304733136137617,1.1212199866620256,0.7031071260617902,0.8094263974694409,0.26657872920746767,0.4963757212983252,0.2735970595188739,0.09573262401696524,0.19845122357977518,0.2583760779081992,0.17082200492659882,0.7584222871423401,0.011572170655437407,0.6376208175853088,1,0.6042823009489088
-0.7769516811293378,-1.149570366297018,-1.559695146421108,-0.850315710606451,-0.3306015819204009,-0.006834655281062922,-0.2705224385687221,-0.6059944593887451,-0.7708766622583662,-0.39216661914441764,-1.5379086726425963,-2.4620365568498745,-1.2747365457951427,-0.230886825789729,-0.4995150165780184,-0.903804612760881,-0.31251343608779586,-0.2736104670343522,0.8185388072140126,1.2811979168534409,0,0.05889621465282738
0.5015870405979087,-0.4517027969787678,-0.4635870096699857,-0.6461373831473528,-0.7174495251991281,0.5608431001783581,0.5140330717357082,0.4801333089312382,0.6296066984065668,1.2201110501681836,1.086373854885817,0.35516530989162926,0.4829213007067909,0.5308619444091432,0.24792547954848115,0.47373840403681805,0.2956494086535201,0.526190596261874,0.667725899134154,0.5223847735628248,0,0.5567767962753518
-0.44035204589432736,-0.43330722775023206,0.3130383450201349,0.6083741452386814,1.5118653428975422,1.107729663696584,1.548674623596376,1.7429576144605516,2.290992755440255,1.362959081646329,1.5879929867323117,0.9327395914240296,1.5309322124361477,1.7947677131062818,2.209950254757825,1.8913674266910399,2.182430556321141,2.1698560998859415,1.9832142604794163,2.2618110953840187,1,0.9629412627078147
-1.859377308468489,-2.29427168159135,-0.9828118839649309,-2.353162751148044,-1.8606916051928606,-1.5554245741616923,-2.9676378356694006,-1.563188007297911,-1.8884675211176933,-1.6612254897438006,-1.6037689080082556,-1.1876938189824864,-0.6510983445576937,-0.8910743397672996,-1.0663323499434354,-0.7255438201702555,-1.1341238557764046,0.2741274537638101,-0.35475978375699624,-1.2310320262116612,1,0.2578991504411343
-0.816993882785564,-0.5261624739940162,0.1883781639451706,0.6266743086592319,0.478939027944864,1.2414701578643632,0.47821367421204053,-0.00904752990837344,0.6148134717446565,-0.04982452615887488,-0.7166065481604811,-0.674404091075561,-0.5704263065998377,-0.912781783933046,-0.6473315904364944,0.19709586461787512,-0.14251813102290262,-1.075960617291855,-1.802016977367062,-1.8716295996930874,1,0.19832934662294402
0.035521777782080974,0.2927013261379012,0.4018146199710018,0.0496528214064544,0.5159467590595394,0.600496953551655,-0.33179622656414737,-1.5029579916172524,-1.2030995793634798,-0.9434669463547618,-0.26082985709187717,-0.06853365548987658,-0.4594273200885758,0.13132151310162382,-0.08265871140808152,0.26145469532614685,-0.284377743775426,0.9865211864935017,0.7959005473198615,0.40666442674971315,0,0.5799675873819375
1.383735817235603,0.19356867366264585,0.8705860318889284,1.4688855428996457,0.9959450903412418,0.42153322239003055,0.9082293278893161,0.7224199870568173,-0.21321779126753662,0.6960163446165822,-0.11401087882355722,-0.3610008765623089,-1.2369775725686787,-1.6765923785568253,-1.546017011206784,-0.4078832755568478,-0.7064264346959269,-0.8030369210384988,-0.8879209874722693,-0.5062082065959966,0,0.028237156000166744
0.45251919352272485,-0.2982021910427211,-0.09310685231945721,-0.0930548699253544,0.054509527677034285,-0.6031205095831235,-1.3073140583057046,-2.068670850879324,-1.6759771966776449,-1.469059230079817,-0.7167799478790644,-0.9538576834349134,-0.6765026424419965,-0.6120127678022973,-0.36479232045123317,-1.2913467724932375,-2.0532062776564652,-1.912938047063422,-2.131079417152395,-1.3099158458118219,1,0.3881740656459825
0.2578105281246146,-0.4301151082142722,-0.36877485773267976,-0.6574781202002185,-0.866412430440985,-1.1617398846483387,-2.139438703114399,-1.3435232122245009,-1.6751020282687799,-0.4087254425483287,-0.15527678326147662,0.4981657598705634,1.9907336709958203,1.1821248806376805,1.2862561374474457,0.7612931627773748,1.2182377240982156,1.207042919092389,0.373467675020767,0.2818094161580115,1,0.7586554460666495
-0.9446472177172601,-0.6977836269625298,-0.28787078465541693,-1.5542683365281127,-1.0486265232093315,-0.6299072559089994,-0.6229873231348282,-0.377538667907696,-0.017593187155608623,0.3552049605030905,-0.2773484464161937,0.31756595761026585,0.2047029910195159,-0.3992694356495108,-0.7309251360301678,-0.7252934034693665,-0.3623052860921688,-0.4411412915624124,0.2291149634890742,-0.4779374887786358,1,0.5314681035418046
1.0757879673444573,0.17815470236049713,-0.09668774460926913,-1.3127125572943799,-0.6249791660554637,-0.49867548523030836,-0.24136511961698692,-0.036484648939886816,0.015865700729843595,0.4901541754651536,1.8402168210336327,2.281145788358158,2.3826103749363083,1.9092020107554046,0.5704037091142174,0.27982780361520315,1.1144237973369806,0.7266824691751094,0.6630946478625143,0.40015389004989477,1,0.915613185911221
-0.17442092060537157,1.1025541396435183,1.7078612295624302,2.493226083643898,2.507289624212225,2.772169161102479,0.6490384927980628,0.17737355769438395,-0.1992205840118986,-0.24837826983817513,-0.3647518429949186,-0.03024672568323992,0.3420138456809581,0.5962549021373156,0.6928225589019532,-0.33883195103626296,-0.5402824479376243,-1.028576199998731,-0.7160763690548584,-0.5284621781265015,1,0.39194997427453243
0.6655878017593763,-0.016976174505059685,0.4058785581468525,-0.6381644496648052,-0.2425123554031398,-0.1642742164548319,-0.39983707970489485,-0.8993814526574552,-0.5882570294735682,-0.42793116565877,-1.5540353295911313,-1.9787598005094256,-2.3908760227513604,-1.5699580356479197,-2.0473829873466913,-1.3585280635038832,-1.0181435704613782,-1.161220885897863,-0.35214745980902007,0.290325830831151,0,0.03510049520306028
-0.5000875969445876,-0.6283098783404166,-0.2715736147872755,-0.33945269892261626,-1.0051599476398494,-1.0175474119860604,-0.6833840674715721,0.5551265589936374,0.9497030091956861,0.856582042274008,0.9802104535448007,0.09805519662994751,-0.5060457399061276,0.8364228510087174,0.5360540159513568,-0.05529558977851846,0.9587990290819217,0.43944486674263744,-0.4429603849059733,0.018099347568544154,0,0.5424776803078443
1.38627721251738,1.3816116082946022,-0.07329885846593352,-0.12527540320491623,-0.545306363125644,0.421056629952777,1.232093242210609,0.6424446221459545,0.009591091589729315,0.6436059767408533,0.32814681729778417,-1.159117691270866,-0.6190861954759543,0.13369506158331793,-0.7421653074608222,-0.6439752413784284,0.5112661009149937,0.21017289332026592,0.42837705362913825,0.43465164752201746,0,0.1617373521952884
-0.5184636481859989,-2.0981197715013566,-2.145561963828687,-2.394679797054064,-2.1462616726668293,-1.0148082062350237,0.1807681937308248,-0.07817724588242071,-0.2641248896603741,0.2962617775867313,-0.3728783928769993,-0.29017521508302435,0.11550953996262658,-0.3233149634152218,-0.22322836920063974,0.46117957696850265,0.5845512413015053,1.0311961790147857,1.7709548013025944,1.3880785522836243,0,0.0816111986768117
0.5822590989220909,-0.5467417560818565,-0.9250668158370285,0.19302001726992965,0.4672565970395412,-0.04763954303503918,-0.5663620579579655,-1.6947552636184933,-1.6489470734122074,-0.40055205162785257,-1.0412095640219112,-1.417204144825952,-1.0804705113994761,-1.3982664673656615,-1.3877063158542489,-1.7984801176136418,-2.121081015872309,-0.4890296373449462,-1.7279601040394705,-1.291821636410071,0,0.37069790173453904
-1.0552134136659463,-0.3734931954704087,-0.49611858212220383,-0.11840691034191762,0.36111551933170594,0.8560075084911802,1.7454408211882546,1.8735655694669193,2.0405514334175923,0.7854900379111075,0.937443680549282,1.074358217140944,1.475861916384438,0.7099872348961337,0.27158501478741814,0.45748465066741295,0.03769413000062528,-0.11847355906635364,-0.39986576318846706,-0.9485806865792555,1,0.8599214352009581
-1.166598430037683,-0.5042041710343045,0.42794550866926323,1.4376849359555057,0.6751283672530177,-0.48480142973577756,-0.3499503765360972,-1.8142760063045795,-1.7841929625846331,-1.207267966863639,-1.2484363057706975,-1.853213281538257,-1.9729942546291441,-0.6175188319388616,-1.1258054253125587,-0.5022246069753331,0.046961678470967494,-0.09953702591076845,0.04620550155446501,0.11097469146607335,0,0.0733634258394068
-1.4675419478908471,-1.087693212476005,-1.2069917326846604,-1.265205126295002,0.07206358059997045,0.05607310979877725,0.47479446960955585,-0.3028062869384122,-1.141205138308367,-1.537921308084537,-0.6986086292483282,0.026754985568888737,-0.16494939735596983,0.18846160929653688,0.8823636849516384,0.9106984716491138,1.0904568964030208,0.80303184295857,1.2500897317754707,1.6262026020416944,0,0.21566880509853545
0.5391704462152306,0.9115318247942864,1.29520113031515,1.067425234271174,0.5339542616664912,-0.44368939691936266,0.08333408951466723,-0.4408000968094658,-0.0905207591361361,-0.37505558787122056,-0.4181821883752426,0.44002065398007434,-0.9347611912271391,0.2942486996490779,1.1075910461558935,0.6631231299478065,-0.5384460022959773,-0.4193316659545938,-0.5555119822607417,-0.37519900559420266,1,0.9668545729760075
-0.3553573897135658,-1.8112905183385486,-2.0689944456696807,-1.4400563164688378,-1.5849662296534792,-1.7514019950309494,-1.7867194143221279,-0.7622342637385989,-2.0641420133137585,-1.4470016538184283,-0.8095692154900275,-0.5805295638244384,-0.6366946991158307,-0.25935263430622296,-0.9339732657325642,-0.22624126109424827,-0.7026379566331694,-0.1109735977505449,-0.009337935807783344,0.5923711106655327,0,0.6801733352631669
0.6541353069288351,0.36938344096415676,0.9407335199061804,1.308539114771698,1.450440464029098,1.0085421318705057,0.610543264596763,1.0896893639859828,1.2467692255828995,1.0652702892263757,0.5157335303299211,-0.09268153431236534,-0.229537365503307,-0.2563628862751836,1.2757628064171667,1.105845533060523,0.2329964386723799,0.3833339138799936,1.161743298724916,1.630643216833957,1,0.8410883416208358
0.48533784313698136,0.18632463370769733,-0.11681731040520098,-0.08667706956749655,0.3001142104026727,0.07085833636851654,0.47952843763340897,-0.5338949020170985,-0.8373526507357875,0.3087009484615815,0.8904759373621602,0.7871438260528839,0.902239218593778,-0.03334939994704801,-0.4457308081550023,0.40515935993301666,0.9023703816987624,0.6624104931510036,0.9738403623808505,0.14675739464281498,1,0.8144024675981199
1.284606819084984,1.406498193598635,1.5738023739965266,1.7101285897388152,1.132877590475509,1.436973502151684,0.8997679651453659,0.6617124101383968,0.6301979363371971,-0.9640812902962241,-0.5963388464766629,-0.15343331016433906,-0.46387972387395493,0.7491058111903609,1.1178932405291633,0.6249905135277358,-0.045840313382695085,-0.7840309563688169,-1.2824129388594476,-0.6366689774649316,1,0.7807315908821224
-0.4940760940234812,-1.1078227787631547,-2.2990169031376513,-2.023111166946062,-1.8602267112164623,-1.5040973610313004,0.1537071147069255,-0.23471629574049727,0.7681103391762039,1.383740372468674,1.9551899108827278,2.38525594562704,-0.04367108450409579,0.09182786718508387,-0.8381322564393577,-0.976317485422897,-0.10338588305192795,-0.16550068526326045,-0.04483000800040412,0.1116581807426401,1,0.8857684636643658
1.3726365013575388,1.0000979374042862,1.1671820662702606,1.3335374843724894,2.1670570453799884,2.332520863298885,1.869079869622261,1.174507678905547,-0.18714636428949152,0.3400385199375782,0.12056230717457145,0.5382264149664608,0.7968949358612711,1.2457240856366947,2.04737836124945,1.6473964948161521,1.2254258402564404,0.9653368012608065,0.8738993831050699,0.8523045569728113,1,0.9883181694391384
0.7437214345394766,0.08089768068281263,0.28482836084772933,0.2045908621561743,0.8062061079590555,1.0458093026063973,1.0462743937025538,0.6032563912888019,1.024806650306338,0.3437380822808716,0.310999367422783,0.9813708837662873,1.8288745094494416,2.12350445214858,1.2407334953539453,0.9545950366914304,0.41488381868606905,0.24538699174527617,0.057384125906659436,0.8750128256244767,1,0.8756297876019935
0.37377713875657625,0.3686206075438277,-0.2397179717348865,-0.5935647225180031,-0.4045582031542747,-0.042403721269827055,-0.3849311584074245,-0.45163989271088567,0.5048356789894579,0.009583276224066474,0.17158518860687771,-0.03144515966350295,0.6648910368783749,1.7813131579766455,1.943401113159049,1.850131727640179,1.0235216841410995,0.25667546571443667,-0.45443158342096374,-0.8773688850315636,0,0.29283176788505716
-0.27283011889688796,-0.577655336002028,-0.7590500014413338,0.2718746536823163,-0.2802319500546219,-0.298919161534791,0.45472213354091073,0.24724777649409613,0.08795364147365108,-0.012990048567050558,-0.9703026493420747,-0.3983198488484069,-1.154988911960809,-1.671729497812452,-1.0413970002615611,-0.8429873623167826,-0.7789077124372564,-0.8941251835460327,-2.6736724405301815,-2.0783059494011007,0,0.6295634622498959
-0.6313630327516896,-0.7348818824851764,0.6456667612705907,-0.031027313222797885,-1.9928260867649648,-1.8545662782937782,-1.4901063150251157,-1.8167514827645193,-1.243684351701136,0.3644693247535682,0.6854312319983794,0.3540867822669288,0.5416026354095189,0.20287295316261733,0.7534856294211251,-0.0939573343486349,-0.4612962427855,-0.34451207329436706,-0.49420273535141684,-0.24054452713732327,1,0.9472008586889887
-0.7000601345514954,-0.6454534045953643,-0.1343808185622024,-1.2472657079604375,-0.9596128996454409,-0.626046301363917,-0.9595859871025949,-1.2939890683374327,-0.785398323021192,-0.2938699772630718,-1.1832433265673203,-1.269883531444597,-1.147763082016122,-1.4717896903295915,-1.1880344080321377,-0.8291171672305012,-0.8117542873130736,-1.4682818459907463,-1.494520564341627,-0.7980493864345997,0,0.19357971535049598
-1.2985097540006794,-1.0640454388913005,-1.9162132530750142,-1.1495841409172243,-1.9971466776567746,-1.3940732761360037,-0.7763561562473865,-0.006865743122243309,1.1200927418040263,0.5011944987631138,1.2939201284586492,1.6569084925636448,1.6832105108945519,1.6851184774171453,2.6271138981643025,2.386471889584167,0.9069245581725326,0.6539238213297464,0.5194598698776629,0.9273200256419025,0,0.01687325610444623
0.6885466183808653,1.6595768932295027,0.16684975249255282,-0.22496528780423264,0.28874819232788373,1.354860129657529,1.0620770094437488,0.4487188005557605,1.3704110247734318,0.8342576816637416,0.5702221655148247,0.7694408683128067,-0.11357825166493102,0.20524221285189936,-0.35027907008491554,0.5399863949008598,-0.23895971991053608,-0.24984706214278957,-0.5556195068181684,-0.12733926328931994,1,0.5019385953526406
-1.9473660555108345,-1.622458752412574,-0.9406027716612793,-0.1613046924579282,0.11613866000805453,-0.3265933945768432,0.3877929930806362,0.29524216847461426,0.29098959191684065,-0.034405302671990275,-0.11341196034172583,-0.15970848444032595,1.2399155622806912,1.1387673782637104,1.4611297585890906,0.6180845898132082,1.5211184474206205,1.3269866177568301,0.629197594251194,0.6648920821113884,1,0.48402906044422583
0.4304080768302617,1.8490466780414454,2.8123407870319617,2.7226135673656073,1.8264456632876078,1.1609522266504932,1.092469139005892,-0.11272126033839441,0.6035049650201525,-0.15189051813074356,-0.3185973257916821,0.04777249895913563,0.9496219145769599,0.7355163923366117,0.347861744205446,-0.047823717446396526,-0.3644920138644743,0.11561891512341271,-0.41856911750757914,-1.9391310590993636,0,0.1204683899409911
0.31243867838590456,0.7803442111064736,0.022007389061747047,0.017332336791979434,0.025064107826878883,0.019844166974521817,1.0157340280670144,1.2807713233831344,0.6307953989932579,-0.11331318849526878,0.21981786350453042,1.050567587705598,0.07900436918477054,-1.0444977078112414,-1.0832843304017645,-1.1309218282396056,-1.9477497624992288,-1.5090929258705506,-0.1270944189427455,-0.3443248588948241,1,0.701370115405019
0.38905602448438376,0.014220176141142354,-0.15961203534856883,0.438420509411758,0.9702747031057615,2.2734682053804263,1.51784956577872,0.9492659480725749,-0.036264095945765115,0.5456939142252236,-0.4840107113285391,-0.188170344692636,-0.5531732715232348,-0.7174836172317649,-1.1146238311991405,-0.810250053218007,-0.30250046139826825,0.7287942187049309,1.9064481733079819,1.844897185210488,0,0.5996278935528256
-0.36502063546765173,0.2013692314307105,0.5155645685223282,-0.8732652356320302,-0.2827825360334318,-0.06911832701487723,-0.22095729218521087,-0.43696858326720917,-0.5568763231175778,0.0523793100705976,0.16047779365866402,0.520809291768284,0.10905307536437397,-0.9313311039119183,0.345218223373194,0.3958513543487835,1.1637030872469185,0.8746810142050768,0.9732551484917874,1.3049602192390695,1,0.7621265864952419
0.6315647069010119,0.39705435393815136,0.5978941869623914,0.5468208418588542,0.5969541981676683,0.5609444209582186,0.5352442612605293,0.9497688910802098,0.9258117567450354,1.2541544000159808,0.17781573924488453,0.36475972801908313,-0.6759457677918974,-0.5443495919943858,-0.39940285043576984,0.3672164471481213,-0.18750490551070415,-0.17746136106060975,0.2588154394851073,0.8681052318253484,0,0.4108339772555328
0.726965654801322,0.8140976566195386,0.2534769365181409,0.7217159834043296,-0.29145465627567624,-0.2685956324513128,-0.10006099096989501,-0.4361105734190779,0.5194418935563466,0.1199375496516556,0.9140000982079827,0.7728689210798678,0.9735538811021885,0.11827975241105866,1.0693269280449575,1.009212539656439,1.1868865118269925,1.7157677201415653,0.6111913384902264,0.300136890158047,0,0.8827567420171951
-0.6150085233495415,-1.135602762695597,-0.5925883602827546,-0.22805124296057164,-0.19478231134051874,-0.9108805065320865,-0.4143400168868909,-0.29034362372354033,0.4802404692004138,-0.3285864726530871,1.8526877301894997,2.63770245726023,3.0272797567835186,1.8276221388842233,0.9597666489410418,0.5598124815380767,0.883900911270424,1.5851994240250935,0.35141201184915616,0.04124060744028884,1,0.9716815550564523
0.19876826711108983,0.21508944505135735,-0.8686566934961404,0.12929124858606844,0.3600437018064594,0.8082691328247406,-0.08409075604371961,-0.8185081154007284,-0.5028959802626517,-0.6686863556752811,0.19626928283352507,-0.044226048602721175,-0.649396257690986,-0.07624498096915562,0.3361216904769879,0.1968181940912657,0.3804105119088511,-0.24099503666400382,-0.3824820195311107,0.1799410390591723,0,0.37065837278716085
0.38979978437732715,-0.07441438545141854,1.414393495755951,0.9183353309585918,1.2017783997588944,0.7416295307899979,0.44275937471804144,1.9491791127928988,1.9521306966180287,1.5773633046754212,1.859742912266485,1.3654572130225253,0.408114108349348,0.13802122700814773,0.6882834089138862,1.7672495085796422,1.101392060191774,1.9694704642341487,2.081474793786104,1.3466088981920155,1,0.8795198254264355
0.6987226401661951,0.14909407155203225,-1.0847001397666154,-0.9640745381898267,-1.77236926158371,-1.7697091718807558,-1.8049114572412526,-0.8040061465641197,-0.17226971974869812,-0.11250528321990856,0.6676567041736627,-0.4620535858452424,-0.008755412302858546,0.06572204011450539,0.2942949133680989,0.4242292597480753,1.2178458225539621,0.9162073004740722,0.7514361945350296,1.021971269130232,0,0.1305518771368139
-0.4453566850793687,-0.14184486958617282,0.26993080334849456,0.641992706426865,1.1611035835919403,0.9901066210143432,1.1769576633421786,1.9045786992226057,1.958473041770747,1.644432764498493,1.0899433920976438,1.932867310794823,1.6668025778316677,1.2563135415911977,0.41329617269284735,-0.08441631526969119,-0.9528346815466803,-1.4249399221842878,-0.9334332563184007,-0.5762717076621804,1,0.9516631763945063
-0.6364528831958773,-0.24183152470046676,-0.8944327656429333,-1.3421787801549854,-1.298173128051452,-1.146684133930178,-0.4164270277123053,-0.07441689265112272,0.12177125620959045,-0.17830667172192993,0.08070754527696321,-1.1377705535506466,-1.4390026575760093,-0.6985402178206864,-0.5666035852672174,-0.6945972036854422,0.18811559682818338,0.47566323819144285,-0.2203697970402264,0.012314850159376969,1,0.11927314901187804
0.7812326488592695,0.0713636552431308,0.7049125024311412,0.5183605697444055,1.218458573032414,0.28731397429619077,0.06603039417824333,0.20766078853473596,0.21375161743780408,0.42640533572250583,-0.6408474771636857,-0.439562403646471,0.8088748220024211,0.7880133152791112,0.1308401603159461,0.5789668938976518,0.07841352764315426,-0.15960415048085325,-0.5386571813931709,-0.3986466462664107,1,0.4709326151225038
0.5679150051314551,-0.21528493475473226,-0.17251261747519,-1.0451723625551492,-1.0646898208717672,-0.7943955273421845,-1.1966704544792415,-2.278158424329852,-1.7189900656400836,-1.5827861140030293,-2.794933589517999,-2.0199208631634935,-2.785770875184568,-2.715300836182176,-1.752440822089774,-1.1076895196180072,-1.1007593103859301,-1.1263115898349398,-0.6033184606419614,-1.0565504734880666,0,0.12943046805584751
0.3681018432869384,0.5740509404587212,0.5275563060265253,1.340775298763375,-0.5385305382700697,-0.718287819725228,-0.3777378905868562,0.8828143083438988,0.6890239331830005,0.08753900016414477,-0.09868694799291715,0.39413521596486695,-0.5607246503031985,-1.194314606153451,-1.4956176617647463,-1.6232582147336778,-1.6957650113279912,-1.4486541106762933,-2.0948585113964313,-0.6580714580615421,0,0.07783909083000169
-0.6923689553427811,0.2798848476997504,0.3361780426714149,0.4441848477898548,-0.0048664647405284285,0.3140986172945981,0.0493002653116401,0.17087302695007459,0.9689281380616429,0.7735325754301129,0.3487420203971689,1.300589845731233,2.2443943948299263,1.0655247970343407,2.1878234563962016,1.3301558690736504,0.9393968823537919,1.0995441457460875,1.1105871893711243,0.9697397169265056,1,0.9711504250505256
-0.977052388986764,-0.7782447478764786,-0.8894382365167454,-0.001214547641703026,0.33155948639997374,0.8098231006951472,0.40137523157253874,-0.09081901702169803,0.120865772715272,-0.3615337117262307,0.020412560791768026,-0.07701398406343853,0.5679021221909808,0.15349720002121875,0.49927746815066104,-0.35301268334575026,-1.1604690499781165,-1.0115458640455885,-0.5781293022231079,-1.392863244049597,0,0.4706973848534682
0.7158269004854446,0.8054626747720068,1.4783587864351524,0.3878333172330342,0.5730747643028926,1.142570841296858,1.6975115116506168,1.483632943454482,0.5826578072076416,-0.6623312488011727,-0.21502882259878395,0.4161288178827377,1.948409722340287,2.475998315834257,0.5047310899431838,0.6425005943216943,0.19302080102614208,0.24984055793251583,-0.08454000693570572,-0.08753831257299155,1,0.7519335719212313
0.8319894169432837,0.800186207872392,0.9856327622876261,0.3503535042139153,-0.018765258895004064,0.5875389845907879,0.8479216666213351,1.134611409416601,0.5525178946881827,0.7061397079896968,0.7951131277462771,0.8080168996426783,1.2730577208196654,0.7579132855058917,-0.561238943646889,0.20570252517474874,0.2510169979641377,-0.9304874294064778,-0.7292074022404141,-1.2068057211593473,1,0.45232704466621015
0.12018445515964264,-0.3211294312619396,0.2945582605921869,0.023677375562065353,-0.9352730046068497,-0.3342432007779296,-0.30141748542347685,0.3439459712830124,0.12394955432246091,-0.10695518277860466,0.530809652659875,0.33573569398504227,0.7024092743433418,0.8806251850534073,0.28186196387788126,0.5775202484249329,1.0312609459745057,0.9387173476245644,0.46999522132408195,-0.009240912688115898,1,0.7269326742954842
-1.646188065934686,-2.3389258324522353,-1.3354689633682983,-0.2657371413303612,-0.3870556296015746,0.1062016892258077,0.809414363397711,0.8511843432750621,1.5388015849692258,1.1705606479682982,0.8019332249276586,0.8685007447578896,2.071574535228623,0.6323770118685765,1.0571409948172281,-0.0729525467125837,-0.16483130956789985,-0.7579933161603255,-0.397959329057064,-0.0844143434017838,0,0.6553842061480067
1.3607147685789904,1.2509695473511913,0.4054724429540803,0.2886193337999741,-0.12962314491016586,0.23125773295223645,0.012426734053225133,-0.4987175097135272,-1.3603277906543947,-1.034204119700106,-0.2133262063653038,-0.13853561719476354,-0.649595625695675,0.013382970905521588,0.18190994395715052,-1.1247396311032003,0.11332717108282912,-0.41805509697979437,-1.0515410016036424,-2.5280981528841946,1,0.7058018194364413
1.3137278843472375,1.805382084664007,1.4559907992131054,0.02769369348433768,-0.6182795257451936,0.6129610216898255,0.007488048745227478,-0.5096971822592523,-0.08579369404410349,-0.2126008259476864,0.16119792921275447,-0.5153384083167971,-0.2928391968052729,0.5626122295567911,1.569445878485214,0.6095123315167056,0.13870260760013686,-0.3731859537061689,-0.41419028878852887,-0.30633446521040997,1,0.8787060447864792
1.3439995151609392,1.3079117696221165,1.0313585571184332,0.523318883423291,1.467332454772704,1.9446344853118354,1.635443011891799,1.859744206131675,-0.4499362315839827,-0.2630600824293717,0.5789641259336545,0.43259989994557824,-0.001842408765447402,-1.7527999390142581,-2.121640373199532,-0.914078061050453,-0.1423004076481336,0.6284167636356152,1.2400584972881212,-0.6298559575804488,0,0.1074638905557945
0.8282426224505156,0.8239965596531573,0.1581283230920545,0.5896796474031105,0.32790294841579126,0.23177221485350302,-0.4468796723669733,-0.3235763513051956,0.41530443765971875,0.12638424397077974,0.24442554767322916,0.578589283649385,-0.5077203056015882,-0.49219113351272875,-0.9301019393954456,-0.6391464522135734,-0.6063868614154238,-0.46087525925162454,-0.9197137309626494,-0.46080666355356575,0,0.43052582875872314
-1.581826920209791,-1.2026775446614402,-1.375994249702509,-0.18507405507291722,-0.12380123040138433,-0.3026264657484105,0.9314072229031579,-0.02321298187283299,-0.8515942167822884,-0.19540171742393514,0.10178341300459412,0.7919320111460959,0.6992903082444724,0.30437642465338677,0.22114773512499736,-0.0710245170883694,0.17166884192459528,-0.21332851343197828,-0.5389685418336325,-0.1161881295342003,1,0.8845760112794357
-1.3907018512035547,-0.9917133825577922,0.10708070823491828,0.704059693554463,0.04640560899406676,-0.26211456101351877,-0.7803011346818127,-1.3855266382474347,-0.7290159518396874,-1.1366715563048515,-1.7285424108374678,-1.5516653170839259,-1.3796582862660474,-0.6047288143446495,-1.0800286107993209,-1.43645535884962,-1.042977827725829,-0.6969752638831233,-0.5025306131193881,-0.7883439289038983,0,0.10525069100492804
-0.029195828349274623,0.9842672233648091,1.2776277412734582,0.7892444301812009,0.7336197195082769,-0.4447435510277248,-0.7288778441454197,-0.692725856226567,-0.718146359535065,-0.026894342129987002,0.00801341720976724,1.4259545155057647,1.2318703365449268,0.3246132663072033,0.655919511254885,1.2655181613529833,0.881315855691746,0.8028079018305343,0.21383354039656755,0.7972013461905684,1,0.9790882828444689
0.7211415676591774,0.6204037571739388,0.6518531573595029,0.969070693044368,1.0468767009724336,-0.0408582201177364,0.17710018172377961,1.6751036635469354,0.6038511385434677,0.6104708532522778,1.7186458972945267,1.3535017286512399,2.640321784700731,0.37100701431179584,1.0420977400185647,0.5039659653780916,0.6538056633315776,0.9780215392468483,2.422085108546066,2.4443090197987596,1,0.979561512890108
-0.8957141643928179,-0.3845711664207108,-1.4097815524381514,-1.9151577056171667,-1.920256287148723,-2.1705053411350312,-1.0677463549418846,-0.3316869797727017,-0.3092846547361108,0.664372988225483,0.6719463816959877,0.8001249737092196,0.021651332701636432,-0.09621931533428447,0.12594577742286342,0.14120101348432176,0.10124514273693669,-1.0789777281571125,-1.3282648581422034,-1.3525179794494855,0,0.24386884358491578
0.24143606133512288,-1.5314751890912142,-1.4943997473782658,-1.7140854203380822,-0.08231515866890862,0.4370890381291282,1.1894929855865408,1.6310469281160749,1.7193522884438035,1.8592778854729675,1.48452831743824,0.5481186280864986,-0.21186240160681896,0.44203800199091986,1.0961162362436112,0.31564697355817556,0.014811625406300693,-0.43678775511010093,1.090731937980247,0.7371899535865689,0,0.1616079842594832
-0.6154078551157325,-0.43825743887403223,-0.3809100585747079,-0.6971500468068627,-0.09249413149808104,-0.3959694201392249,-0.7617673513484756,0.11838398354680868,-0.19488290704703254,0.349982053747982,-0.06460021176930467,-0.3390690870868759,-0.9143892181741374,-0.8623634433156204,-1.4554688372926294,-1.367439551707212,0.2602944287563259,-0.04461951895565604,-0.21383251584371862,-0.17315793502228058,0,0.5125316939678857
0.6667540381652513,0.001231030357010596,0.25822806728601044,1.0471069001159574,0.2990042996320352,0.42579623445923626,0.4581860510416066,2.0090223637258573,2.590667582481631,2.249946529019474,2.302519787232367,1.7724355120118083,0.8464237260255643,1.3074787231482021,0.9686702584635346,0.636203317968024,0.6122089550102237,-0.1586440155964659,0.14443916010918606,-0.42599437795265604,1,0.9637933950371081
2.3712831241992776,2.3017067084806144,1.0067157906493387,1.0227226612932216,1.7221590139098326,0.8922380123001336,0.8671490943936302,0.6078068966947806,-0.01367049318513272,-0.05842619762212788,-0.42541465796691574,0.47164506305133536,1.1643500490181486,1.4629024481274484,0.8025851229174801,0.7409420645981661,0.33631139613682764,-0.3320081787230102,-0.2006342056282396,-0.007966493745724858,1,0.8591118750555206
0.6845265133565794,0.5578032170326663,0.019926828997277008,-0.35444734287051366,-0.8209347015223812,-0.7998313147079874,-0.05720063247976178,1.1852809894951772,0.09788252172910103,-0.5008067831176343,0.1428215360644536,0.10320814934943268,0.5768024685567235,-0.5701376736992984,-0.9413792174352951,-0.5709445065937183,-0.6320163467832925,0.044161830622726383,-0.7852400793607083,-0.5860395297347711,1,0.43156482842702093
-0.5589736436473001,-1.3327817873003585,-0.6721588133607521,-0.7180133264528975,-0.04763173192985913,0.45175839131352125,0.9172713966353071,0.7922046058344515,0.4785863575278732,-0.6909072486202774,-0.7040297156363924,-1.014187639192509,-1.878296072491157,-1.9595259311090663,-1.2321473628938076,-0.5159611822961199,-0.3032688246774921,-1.0506863870821515,-1.618076599459767,-2.4308578512599537,1,0.5213900619045928
2.2142270489115887,1.3219985749055403,0.5934462522584126,0.6619185395734222,1.0092916429562533,-0.7533070898534565,-1.5038089199399884,-1.569420461712063,-1.836903955129794,-1.1720962514474127,-0.7930607400741677,-0.10391934132565786,0.501914769396612,-0.22182307098453607,-1.1932312217304941,-0.6418382531261717,-0.7406145253817511,-1.149432176821606,-0.36510351791462015,-1.1142218759036724,0,0.3943866847002005
-0.5466673044948822,-0.4116643039643001,-1.3702283082095714,-0.36857663316326417,-0.43954193092213467,-1.349398664112743,-1.6504744285417787,-1.887730986229343,-1.2813062738041228,-0.9652400282976916,-0.8476958606635775,0.006597264106452876,1.6467164827749716,1.727340514894987,1.0870502871202203,2.182600468385113,1.6148686742829352,1.111212236386315,1.6539386898189106,1.7678102773268165,1,0.19440192226771943
-1.527028316065071,-2.308244070186121,-0.808162879722599,-0.4556412966926007,-0.209106371089268,0.39488499194524374,-0.38112105280183217,-1.6255989105490014,-1.6801506258193983,-2.2202202326102523,-1.4784321153670283,-1.140195958895677,-1.5988949850275385,-1.3517326214769967,-1.2479727230996842,-0.7787018880147889,-0.14420088362753514,0.4256908744422163,0.03159818591062011,0.03620460178373157,0,0.49746909396216293
-0.7561431715044417,-1.2755066723286452,-1.1429480005053547,-1.0013306362999015,-1.3247590792666764,0.4815879594222428,-0.8454164010893438,-0.6460360688694945,-0.9300687326533772,-0.8798352536454634,-0.7499713120374467,-0.9845410068274664,-0.6288003904338237,-0.06638289751490963,-0.27411822914554396,-0.9666889635083638,-0.0734569991476447,-0.020675399169042766,-0.09747174532634642,1.036788996517796,0,0.21990168427743337
-1.703504066306474,-0.6716985454078915,0.5343958283905884,-0.03783074795767605,0.6020303123895897,0.715838830109542,0.9579110792655924,0.99861833352004,1.3327457305903168,0.4479237327783688,0.6491553285155133,0.7114063801403595,1.6467807047598837,1.8265881165661209,1.724999134018644,0.2648568711559762,-0.23189104286645282,-0.5730998461468539,-0.5590914002740639,-0.6137674047639466,1,0.9278041879971192
1.4799941233287819,1.4035710395245238,1.0685614698307913,0.7973521791836534,-0.27412280710813697,0.3147745031432057,-0.5071918848636376,-0.7761158638745435,0.05547913228443756,0.04269883104196154,0.5607054741980078,0.22598113649370738,0.44529622389247014,-0.7547161136148234,-0.48669492638297124,0.056722030031732595,-0.12875379972329623,0.1919682883536474,0.1482862246915496,0.0695377085771901,0,0.24774819468025547
-1.2524654618781836,-0.8606050353349233,-1.3337643872009133,-1.2872267736804661,-0.7387772108854859,-0.17476022498576116,0.03271902265781111,-0.7453649456675931,-0.7354235986285574,0.3202028455942642,0.5782437736468142,0.7124972359967433,0.6598946893683618,1.2676173432167914,1.118452934358237,1.2512137845685345,1.817191511270345,1.623976679676974,1.0831545447202842,1.0955265955019973,0,0.13389398643140946
-0.14618512550401427,-1.2426864836207596,-0.8075322186035145,-1.0018951662725757,-1.0754358904882009,-1.127563218362808,-1.0686572274167376,-0.14303106720176773,-0.00017579717012712362,1.4600180671133898,0.38381603484864246,0.5083845093484884,0.5851439856194018,0.47677094117590246,1.2623525517502132,1.153336604729755,0.6484691729484852,0.5714529205295481,0.49207893788453,1.4133036937172032,1,0.3894327228206586
-0.7046007275755005,-0.9623410877311966,-1.4524359032871756,-1.2620869117970106,0.3910157706185077,-0.1586630078536978,-1.031145241950443,-0.30573474840173076,-0.47859049208172216,-0.649912297064537,-1.4100213977427225,-1.7382238551902947,-1.9880228644957676,-2.1460977308349283,-1.5422724134796275,-2.3827910598250517,-2.418018715720742,-1.598118808288989,-0.7742056978483861,-1.4086517718647265,0,0.48735967239520955
-0.1881523824794111,0.5499507377089202,0.3368359056703384,0.8630645967005776,0.9560831499413737,0.2469427428018456,0.5683392954993205,1.2182298540545797,0.3024408347477648,-0.06270252370767757,-0.09345317653066072,0.4779958831781419,0.35639561948112614,-0.16625792748212176,-0.09993890092755085,-0.09832853108922564,-0.04687199834242142,0.2703937445324578,0.12580393320810396,0.08676952079697345,1,0.7453693801780986
-0.36885393226049884,0.062251889072794296,-0.9455180732188092,-0.6044023025705807,-0.41451184580277767,-0.9083555863861802,-1.066040450819302,-1.1449857353898398,-0.3520519121632858,0.2688396783511726,0.47258305466773043,0.39867080904367075,0.2449216484103401,-0.13800089384408296,-1.2047057649181299,-0.6914799465246076,-0.8966512828797,0.8779134255947687,0.9382000315136868,1.7231516492932923,0,0.6623068244139351
0.5120905824304014,0.8478259952431111,0.5609970021512699,1.056166376681312,0.6767743634762224,1.9819539248761164,2.1096940583548083,2.3556835873987088,2.5978649671188117,1.2828392233689976,1.0852821924155647,1.0364339448954254,-0.6089406504418589,-1.483815664134186,-0.718160783911212,-0.15565406278557364,-0.1099699225475782,-1.0122962474521033,-1.0399316663269473,-0.918106163681023,1,0.35127332753116264
0.6963369082156758,0.5970212717782717,1.1225146104792139,1.1459578845111809,0.6742147623752799,1.5996291279136765,1.5573272768596902,0.842339654720541,0.7645942421384424,-0.8024157926655755,0.8356513972740285,0.992835578588943,0.9713380127713807,0.4769724761146385,0.12047504586235452,0.9667943250870368,0.9701741153267512,0.8673055379493084,1.5578113581259392,1.7410338196962902,1,0.6336517458829157
1.486618808097338,1.379397529117472,1.4051426077049276,1.9421160012746403,1.6337566580385035,0.896614092752479,0.8047887179578218,-0.1690086489129902,-0.2325521171292192,0.5048282553541413,0.4955058669060427,1.579206867241704,2.1658984566141206,2.4394437345310322,1.1910224660727253,1.2863262382892822,0.7325782845767619,-0.439660448736141,-0.41511086001577185,0.3770915905163523,1,0.988755775789165
-1.240609013847325,-1.2771035643591608,-0.6719166186245087,0.4849119599105743,1.337625600737305,1.0840863839510217,0.23407089758748184,1.166870121036813,0.8266868624507132,-0.028452568910066246,0.38638281157250004,0.2596013743518837,-1.035454419450896,-0.6504196100259565,-0.7397969746549382,-0.7260231654030495,-1.2507013879261433,-0.39685448443052046,0.38063998345468614,-0.17562090592655688,1,0.8470321432078133
1.1347484164547594,2.234810209828727,1.502215566477946,1.2005746104777328,0.7729994606011972,0.7944130656463669,0.9531268790135324,-0.3508948385884296,-0.1985013962623057,0.3270326048950478,0.6826365954963928,-0.29481956384445196,-1.1428131945498172,-0.6157593277753625,-0.05908107030757102,-0.2548759033592951,0.5578253792222038,-0.5619342541390132,-0.5936479693229276,-0.7295877985757995,0,0.2179708286384644
0.027749897763193074,-0.6619732161007641,0.6902471383016724,1.2696359412092277,0.3904847910300571,1.5913015889184954,1.5383261496630047,2.044935486940137,1.289111138714774,1.763811404198061,1.0210121803846168,0.8466200954404537,0.1911349859273478,0.314138165784591,-0.3923036790882678,-0.7989998174751393,-2.492325239408493,-1.8958757721646333,-1.3568800193120432,-1.428512675792823,1,0.5913457009078587
1.5845015791524295,2.168412418183958,1.54704105266332,0.5539361940077452,0.22658973905023233,0.380877627435251,0.5809667631930119,0.7683761343693022,1.812646597715959,1.522103132742742,0.5164728933609679,-0.02002775337865629,0.17506245679739546,0.5435244628901831,-0.6429597530578366,0.31464624174229633,0.771004127918283,0.4717303679153179,0.021936361236341607,0.18938272751481305,0,0.026637593943701684
2.1417568375329363,1.4313493087369984,1.7809719765197565,0.2089456833149584,-0.5754434530648701,-1.4716473598411177,-1.2279841045819737,-0.32406340205253403,0.05572261244538994,0.14697879705464323,-0.6811963891962178,-0.746402785362533,-1.2129176401924555,-1.5794718483775532,-0.8357957728385357,-1.522642615869093,-1.353131074457738,-1.2329530155521942,-0.13724182253030073,0.3317127107178906,0,0.022548622606967016
0.6568423102829102,-0.28340753971798865,-1.083299437740362,-0.9473012164298829,-0.6254980050653173,0.03932972468976601,-0.7451029160623541,-0.8455588725595197,-0.33406632052955826,0.8495268100190717,1.3858925726529363,1.9261131166395962,1.3924141752375723,1.5062663909518885,2.093550251022243,1.3675741064750373,1.070880032196137,0.2746399819367361,0.4452733602006703,-0.012310983848493239,0,0.2523022153454456
-0.35609516074270825,0.9701021339490067,1.3493967696094846,0.8313799599262244,0.6487280921556206,1.1148311395827628,0.8475390473212598,1.055890286400393,0.8284206539592877,2.312565988066517,2.6469391994555127,0.27975530887226413,0.1282128654912868,0.5690371609288101,0.9898565281968559,-0.11985020135296985,-0.7700314007473172,-0.2640702587834638,-0.30197297741430484,-0.3559773398619254,0,0.8414053575494561
0.39555968855525325,0.6451020872516644,0.5442508485752308,0.02677184827331715,-0.0500024630160833,0.8533650967867759,0.6342183111188942,0.8938210511442419,0.6487913661865357,0.31976304946383294,0.2818167609619946,-0.7270097195280167,-1.350827295531519,-0.7614817250805138,-0.14572676256923853,-0.19808900992295736,-0.8021282085360715,-1.1040262210266367,-1.168535274420282,-1.6868776274666226,0,0.25035343161350976
0.3770963219641495,0.4770231622288556,0.09602726430946813,0.6031564992563675,0.41109885784615685,-0.47197461662247897,0.1492719185623462,0.6497828828920423,0.20135015609414775,-0.35242617528399106,0.21621619848383944,0.49257131612953453,-0.73626483146816,-0.5085332311584138,-0.6543804305408326,-0.21970785695899786,-1.0893032977791972,-0.9960917073325042,-0.6800808400006095,-0.22462688285606724,1,0.6325029416624878
-0.19650607445560028,-0.07402197037464608,-0.36694217823920233,0.5071127546293251,0.3702466093275795,0.675383732397651,-0.6065846606302941,-0.6287500182886143,-0.7182533693232142,-1.6293735482989815,-0.3413069404445621,-1.0888699304474536,-0.9149906079146536,0.6079724175454032,0.04675091761977756,0.586551221376925,0.37139919217854156,0.7249608546190386,-0.18739273160279454,-0.6716184333748701,0,0.28581701320144587
0.4381720245093522,0.8749517522398882,0.4179731187093713,0.0016074928858860421,-0.2171348270363251,-0.23451873797939524,1.5965130847129232,1.9271975231727692,1.3964367192845688,0.5641784676135566,0.2871918923229546,-0.24260835244516382,-1.127957320606509,-0.6018313278075357,-1.2019944793335227,-1.5107597766576695,-1.06631443646967,-0.9441260612036343,-0.12202821639272408,-0.0051860610284709275,0,0.08551055592093265
-0.13304448815431102,0.07715009915591123,-0.0911760366825141,0.7489896189244727,0.5279508330170269,0.06261995551187527,0.6421881512885752,0.7696548907830828,0.4419435506160196,0.5885958725016561,1.1566696996879944,0.14009031438714784,-0.0014476630682497074,-0.5491307010916119,1.453366330309748,1.472454096949956,0.9931231431862065,0.32573592284981795,0.0463672391478905,1.6556879914765241,1,0.8958167045062567
0.63473958416965,1.6182311924353954,1.4282053336545373,0.9710843493478163,0.6529002655517002,0.6067612230801805,0.5903147051973994,0.4253775101043603,1.0626572872994557,0.5142187086035327,0.8427587091302003,1.2826634574814577,0.6594898599244573,0.49927630673776496,0.13230530324442574,1.0576196398746516,0.41523811516744563,-0.07756729975629563,-0.04629113738167526,0.1493102653667278,0,0.6507822119095636
-0.6449122712152352,-0.6385039806741251,-1.6728735716738106,-1.096082718855358,-1.0210031591143889,-1.3304397330166067,-0.9113428374811579,-0.872225130752807,-0.5819534876549837,-0.1444482330768791,-1.157468394667926,-0.035337390606768056,-0.08153873059618297,-0.18679540809028605,-0.42794401511486646,0.804334283805681,0.1738554637804184,0.10296265828616769,-0.7695490105805672,-0.4968723028498356,1,0.40939081680622347
0.5726987825275145,-0.22515580722793854,-0.7340440158413255,-0.5086693143686816,0.5294788838566552,0.2480111216530137,1.219019556273191,1.1781980500453182,1.6308437468526298,1.989873142104298,1.3576396390410563,1.0029741455756336,1.456153394811368,0.9073145079272582,0.6951156294558132,0.9868461550329524,1.1624123261379555,2.2480142456002485,1.5814056595323354,1.2186660966839318,0,0.7045895153761667
-0.2755354288177662,0.20707589295709192,0.41097768991419664,-0.12498788392570465,-0.5394224481565235,-0.17445153569857205,-1.5624955085656325,-2.5391745407185047,-2.662327631344751,-1.8225028915380055,-2.0763687540839526,-1.4304622493135604,-1.795667339695279,-1.546425189898813,-1.0095873614409123,-0.4129463851833645,-0.1815140855739156,-0.21120377418374928,0.48648294743755033,0.715538197681437,1,0.24961440917865643
1.7980655937476162,1.5812318752655303,0.14137491837844257,0.2305915712448117,0.3069841532419314,-0.7642053497456098,-0.32381353655173356,-0.03643189853091297,-0.39307084518456087,1.0315316361807358,0.6271579786924687,0.6610387088611497,0.40392393077077643,0.15453854660131147,-0.9416694861361118,-0.23836149848595606,-0.533999570569454,-0.18424788820518778,-0.5791813485535013,-1.0516602385606446,1,0.5972950556807518
-0.8693076837038777,-0.14814432585302664,-0.7418169087986389,-1.7521381947881618,-1.9235407825000579,-1.7861008342064553,-1.516598803023003,0.8012556859557718,0.5296067545517952,0.5945238378739542,0.5486447248319375,-0.40768614359426086,-0.45824478008528363,0.11675630186887251,-0.9006602449461644,-0.6654127342261222,-0.38008195228946084,-1.1803937373307296,-0.6829860472121959,-0.7351376597561301,0,0.1824441486905712
-1.1453669974528808,-0.5747485131033712,-0.7030521060550546,-0.9740298880888115,-1.3321213075077962,0.025251531908554566,-1.2729544723978197,-1.3242010671996347,-0.8261655321827764,0.16681768807109926,0.3924363508475669,0.4572282610095721,0.8933588476078712,1.132478725906895,-0.05415290727751481,1.0097894683069506,1.2060199826170006,1.3721809789926653,1.5290700961036927,0.9688985240948176,0,0.470196858051432
1.6728085790872897,1.0545536348214335,1.1251701551830118,-0.511328781000714,-0.008506944704765209,-0.27306313701691315,-0.8522076738769587,-0.94838353117939,0.09252225077992457,-0.23384136420914245,0.8696902545869073,0.5304023640035478,0.7946377118517369,0.34404909903655595,0.28968373686664217,0.38030653412767595,-0.3191806104904996,0.44920090637395926,0.48565834449339634,-0.046739959694760115,1,0.751065385956439
-0.2814862156780899,0.8129133015660671,1.5058625643732206,2.1840777451308173,2.081557405505773,0.6498850700983908,0.6872162551186577,0.18898451723050833,-0.16107613457968536,-0.059488637621396716,-0.15065131231213236,-0.0630333146873156,0.2594162402450585,-0.11617458295681962,0.8910932572264896,1.0098580676792293,-0.14353661439470042,0.9695575008339608,0.6654932261854118,0.15043143794304203,1,0.8710217159946583
-1.939471028908644,-2.0384114750366877,-1.8602385449091894,-2.3362854688188412,-1.2152075470548491,-1.0549047352187702,-0.03325917258411293,-0.011981784727697443,-0.8051811313005391,-1.0901142213703343,-1.4492856734920252,-1.144787434464705,-0.8629155292258566,-0.8973959448342892,-0.42773042414584433,-1.9975810552246462,-1.6389643207724935,-1.0054196834443856,-0.23173568071506528,-1.1293872838840895,0,0.11240953691430525
-0.7161305032568094,-0.6237540498759266,-0.22394782051013484,0.34991144070807184,-0.739513419201692,-1.1540802227654658,-0.20686933407323943,1.3758123228276078,0.3478354983835503,0.808390610537414,1.310155978175368,1.0418119312991143,0.7558760796162949,0.2686978884210797,-0.4487413262189477,-1.775607570115493,-1.5759777639249042,-1.215297338656852,0.09083202435857742,-0.5409976374795392,1,0.8900587291915059
-0.7082169379435725,-0.43331978707715724,-0.5221211405486659,-1.357776263775673,-0.6032354227009227,-1.034360639177197,-1.251383840355628,-1.1219207324472642,1.0134170280272041,0.6441554256828627,0.33547238136098845,0.818179245109991,0.7783877769464489,0.9622897298100201,0.6662597785634223,0.3187869526924672,1.2396091558660711,0.7645297510383605,1.050036071016778,0.4867676495637284,0,0.22986487914631587
-1.444640909329471,0.1367495535320698,0.715357187897515,2.2933258411637505,1.6251219418751686,1.2810864698340296,0.6796792560309866,0.6111976030938676,0.04869055922705262,0.6564156350036077,0.811464935567415,0.9891705368729399,1.2028512974531225,-0.29057267384568203,-0.705639430328141,-0.7606689771226369,0.20839515933433433,-1.1758976590539907,-1.7230453883402512,-1.7488111611394295,0,0.39445329260181
-0.01720181893578059,-0.9497811163559622,-1.6702546581836033,-1.1434732116515935,-0.7355745474799817,-0.6109381563221896,-0.967893640757858,-0.3197001778459322,0.5902011418345057,0.7176415091635682,1.2523747392374143,0.7598215708706135,1.319717070488242,1.8746516857614148,0.48201583970637385,0.34565011288411573,1.4506361920666504,0.2657098531229988,-0.4255999950843135,-0.9345023142922548,1,0.23690139964156617
-0.049579804531674515,0.6922199032281539,0.05509888555074542,0.55098836320873,0.07291330595439266,0.17716276649667997,0.38205144704367716,0.4288674479443494,1.5300344557364451,0.35323044096919476,0.556904359094589,-0.8889440371405152,0.057380214410995015,0.3096531210574709,1.300517599595236,1.3917678138060268,1.540233143529173,1.7899213206903215,1.6818578866387432,1.1711636927050968,0,0.3343258576643787
1.5996146252970378,1.1476558456730175,1.7168614608473054,1.4274652260957745,0.1198740636733219,0.5995413527582365,0.6869448186866738,0.5767776029760467,1.1364054887300377,1.5422855043562684,2.345093407960998,2.086055938975962,0.6090955119811856,1.3927566709171701,0.7144268362654446,0.932278821029443,1.5129721296187029,0.026915201167019526,-0.17883754418728984,0.6536769286669268,1,0.9510855454525281
0.30076215817485874,1.0488097557949565,0.07300636795236035,0.1429072873637329,1.063195516572096,-0.02893484731086017,-0.5862820652280883,-0.3608574640540081,0.09469268853797846,-0.5425044471953069,-0.8204269873383844,-0.6634717057496247,-0.9413618528225364,-1.2520900195218696,-0.7596119783356843,-0.6425778153954254,-0.7985701828394199,-1.117024342011103,-0.46336427548227943,-0.21639218411428573,0,0.21184733288864727
0.7480683235567787,0.06739324404147604,0.5192177474114558,1.5510677048099863,1.8181099123151812,0.7838101269261366,0.528623475299198,-0.6397484334019631,-0.4889063356169473,-0.7577677598283491,-0.346583975209489,-0.9988794032476394,0.4551143310951937,-0.4238401505274078,-0.6871651049708476,-0.7426086366017856,-1.0967415611306766,-1.760079664834716,-0.9784193395692058,-1.4429340691252812,0,0.11758335227815206
0.08767208127426208,-0.8236194786620739,-1.699791168745174,-2.28444995907634,-2.676505061213994,-2.387978523547505,-2.915618945974984,-2.0893308009117777,-1.25752154171786,0.23180769394992354,0.6283506787847513,0.002820726491111415,-0.44382838428028376,-0.09403382429742974,-0.22827460330888497,-0.21773983079223874,1.2378512306537466,1.0107789354369505,1.9874163780977971,1.8644044043793233,1,0.041168820963806134
-0.8566164098942812,-1.2432251493220199,-1.5699920792514954,-0.9530516315928548,-0.3916646181165121,-0.1576446762427424,-1.1348395060779393,-1.2721209765648736,-0.7272753854897831,-0.2533049739459945,0.301195999518824,-0.5536759956033415,-0.3667405180164105,-0.13823505240465875,0.03854491623586828,0.8346533729772213,2.286672128252886,1.4735574915492236,1.300435186780413,1.6645345394914721,0,0.11428246989648459
-0.3925267779404175,-0.7543931865315839,0.4657911623291852,0.44897922565964543,-0.8225914005667129,-0.8796843947537242,0.7949535690343771,0.8949844833799548,0.9176826154779735,0.2276830702983023,1.036716401682548,1.6647867109277086,0.3264473424232019,0.8501822919376766,0.354455202178345,0.12740348349632855,0.5630908731566318,0.00844406244138414,0.616400118052958,0.29803397315033997,1,0.939774617439002
0.5506884169843603,1.0145953282941678,1.391841907751065,0.8645492483955151,0.1634376702394868,0.5070281173354376,0.8476717009795182,-0.2423334505201486,0.4373860527592217,0.6632024420569056,0.045415904281312015,0.4605778388381372,1.2868333362567865,1.6256205726675212,1.2586161926395523,0.9301434426459083,1.5367895342557947,1.48954094597668,1.1792675217437771,1.4294041208901125,1,0.9343850987317981
0.8513453735914303,0.8225427134540525,0.40599222502892957,-0.5268335669323891,-0.04881241640795914,0.16764520407778274,-0.14369121964801734,-1.2998301168633226,-0.8931029710612032,-1.4280750024763729,0.2515019404194342,0.035453907236216345,0.09584634118525602,-0.7092632364795719,-1.3610889693362982,-1.4030721378647288,-0.38242145810383293,-0.7110583453758968,-0.6612044245170988,-0.26746774916961397,0,0.4313443474739707
-0.6052876030088036,-0.6407168228006342,-0.30703426210031165,-1.000007623865052,-1.6366670593362063,-0.8650575592229311,-2.441799582615955,-2.7367849453255606,-1.0868367112039774,-1.201293680053726,-1.6556496245684211,-1.592422323903088,-1.3366425912589937,-1.759032562067542,-1.5048629600013868,-1.3486095546230443,-1.0347354622421188,-0.13898763362841546,0.22574993333626092,0.7352584949689435,0,0.11602686928044305
-0.9354526575939138,-1.3642607299130014,-1.7284831318581186,-1.3648330884184525,-0.750620946352594,-0.2669324849408399,0.9424269092630305,1.5334037747576037,0.850261321223878,0.6180270402469367,-0.03964679108888109,0.6378226595815284,1.2196098889292917,1.4357413617833321,1.7611111772410935,1.5876655972755536,0.7537464527071789,0.8324983652030744,0.4996619254719234,-0.6487775384167902,0,0.12652263518878265
-1.4608527139213119,-1.3321463201945787,-0.47086002519588077,0.17243256486287997,1.2949409426531309,1.5481137089672214,0.660717843492337,0.8703561426814753,0.5885518456136749,-0.3762517337117205,-0.09849809992827593,-1.1208509473964865,-0.7514228145853907,-0.49158225862802707,0.023526108811854133,-1.117308352844369,-1.6883474162215515,-2.2351130828669548,-0.7054316594561773,-0.3938667721077697,1,0.3808001307915395
-1.6258397795280704,-0.9947239146834703,-0.43130214750721857,0.19104956661614708,-0.5818367572649716,-0.6499946759498242,-0.24609085819273457,0.08170678600374184,0.21473854827971428,1.0987646162987244,1.0923326226848316,0.9322499214817873,1.003152888165939,0.29020049978339324,-0.5949724553010463,0.08054164361006999,-0.4564635114635785,-0.2700729404956745,0.48068184027433486,0.8847338275606328,0,0.8359016964995399
1.8200624176259679,2.9326158526721615,2.2053717209021246,0.6936552677824644,0.29004483090870653,0.6482322322459615,0.885962013429006,0.07420473489571874,0.6394894716218108,1.5031496142574776,1.701072509922755,0.8145951517178444,0.7743397036286452,1.4451227525635397,1.9508906886703659,1.1068021146306557,1.0162690441974975,1.0968500564326176,1.4917303984700239,0.2151539313182304,1,0.995639826456104
-0.370794419895045,-1.207525908735413,-0.5021529114627507,-0.716583207897182,-0.20117088640345102,-0.36729519956664425,-0.8219439419616534,-0.6188870824937118,-1.1051047286979643,-1.164085597527015,-0.8835992556879811,-1.063357724367152,-0.7168955450848723,-0.7770201602846232,-0.09893155448204838,-0.8183152253304066,-0.4266254751822884,-1.520113169525427,-1.2242799071166683,-0.6911860509539298,0,0.3398216870789164
-0.5695593019833342,-0.876321521047578,-0.6351441263042253,-0.17817348948524273,-0.5470570296496129,-0.8076004163170006,-0.7357413864149568,-0.02784051534040108,0.13962862462899636,-0.7384784966279422,-1.570356723641247,-1.7179432987776888,-1.095216715223643,-0.24082853850576252,0.4817841069358714,-0.5040562468465113,-1.2454355663686827,-1.021752108382962,-1.4392118713153799,-0.8068546758116313,0,0.14670996527360708
1.8115206748115038,1.104149890769744,0.49997102663765114,0.36732453594580056,1.222413679612036,0.7101387285085268,-0.0335603611481348,-0.2086612785224491,-0.06517278255150938,-0.6966078071071417,-0.946960933651606,-1.4848528332778324,-1.7076372118768721,0.012529843606309779,0.24728553867762565,-0.0909555587330859,1.024820129449053,1.6424403607623719,1.203594591403702,0.8422929758079508,0,0.15529822481712052
-0.8594707369037122,-1.2758182912415645,-1.3866906287885281,-1.9763992478080903,-1.3421605730041808,-0.20792438558087226,-1.4013969480432673,-1.9688368743127247,-1.3365265509528481,-0.7390140968876563,-0.7192755426246208,-1.5187821330552282,-0.3539362590752482,-0.4980191642260426,0.14424558107798524,0.5026337227987736,0.7920877754306503,1.3625992694092621,1.8567696334400896,0.8713030514561257,0,0.009122061555865967
0.24434470196383273,0.7570367568176577,-0.06105959342531066,0.4958570787960181,0.35468780062626304,0.01255505546413865,-0.19542098381362877,-1.0175168808107484,-1.1406556460250965,-0.5544615619446814,-0.532922013953469,0.253745159479531,-0.5443898378572263,-0.7956502641568751,-1.1663081308266094,-1.24996491352297,-1.3482885215638667,-1.2548682934000042,-0.00046063208602795016,0.5298836677991527,1,0.5619378523514194
-1.647091114613691,-1.951012085483992,-1.3180669517942412,-0.5542665749372395,-0.4886405321096246,-0.7242728492795859,-1.0451529474892003,-1.0162400196962096,-1.3397016036622313,-0.03507880297967228,0.2345202137478781,0.422606282775429,0.9982817172435658,0.7672109190987056,0.7134381623131946,1.1280569566773266,1.6299606090463346,0.041507364283583294,0.0330766475413212,-0.5589898002673457,0,0.5677001007434446
0.2527878679963774,0.08260344397536276,0.2775060312893595,-0.30435106078095614,-0.5275304190337547,-0.6013542744131453,-0.8858363421416265,-0.8985571569268436,-1.0070613818562166,-1.4013839826912635,-1.8376380882470094,-0.8211898603363913,-0.019517071852682727,0.7534674827842356,0.607147363597064,0.4815046885367148,0.12488456912679685,0.6279826162679579,0.6878634221887354,0.41837664133973584,1,0.489214805769946
-1.3019529791816948,-1.1150416598082118,-1.9350825754342382,-1.7161640120034374,-1.0515748976186634,-1.3629487110017484,0.1438888315368968,-0.29291900364333856,-1.1740310589827845,-1.312092024573039,-1.8824029911283269,-2.1781406801261967,-1.511432926779544,-1.4703280270055246,-0.12387845008744237,-0.5284773728298665,-0.12425744104413784,-0.5978483921225981,0.3792336593009803,0.6894108077782353,0,0.025304498983762802
0.603189161060675,-0.04607150271987104,-0.7272041220721669,-0.47314324060168467,-0.4320171839549668,0.05260728183991618,-0.005158892118226083,0.056873852145107415,0.12624313005276527,0.7880581779340744,1.5136437994058856,2.1102334770661564,1.801350546336199,0.772189840121636,1.6215343439900238,0.8780203520179458,1.0233976225756318,0.477909165111305,0.34963799444953425,0.6470029796181894,1,0.8611335600588287
-0.4470720446632308,-0.07768382703776684,-0.5124703341138969,-0.37941066791107103,0.2890471298176392,-0.32854143094736316,-0.6090813250806948,-0.02992323586126424,-0.33018388796973525,-0.6090646764512809,-0.9284580490448221,-0.4333127436553336,-0.7630259382231735,-0.3740732182799035,0.3133038176139214,-0.19735284890562294,-0.18971407428183262,-0.017017620001916738,0.5715902512809146,0.02272276371181672,0,0.4602729416527121
-0.8369917538619529,-0.9295382385327838,-0.71619967874416,-0.042207689104716395,0.38397158039607776,-0.5205722656997074,-0.8663299791551021,-1.129763971260977,-0.546246924676419,-0.05346588170936935,0.39443292195650004,0.8680865710125207,0.8793296865959139,0.16197799037230115,-0.43944637967465044,-0.4190044397703731,0.3599506619805951,-0.2886212347861785,1.1339704525700192,1.9223320413021898,1,0.8163647127021236
1.6312691771105858,0.8462258751380523,0.3537247240403809,0.026392852856204758,0.9635160100418672,1.1440785816499828,1.6963883927239143,0.9783525743939967,0.04407112562620379,-0.18477138478720942,-0.017227456266232104,0.304761926810925,0.3305631763657062,-0.059958156304087434,0.3143894119700904,0.280091100939104,-0.8012352251685494,-0.4016475459784939,0.6240316186669035,-0.38352340157335074,1,0.7660425171442958
0.9118825690104062,0.4788558801549163,0.48288050105735975,0.3555473976519128,0.04361700738977582,-0.2883159079803898,-0.04182253043447713,-0.717479375014333,-0.3247154849808536,-0.584345443346692,-1.1031375029523243,-0.6794219999463591,-1.1946632603340317,-0.033550702575384665,0.15508456346528054,0.18081808633764876,0.12451274982753185,-0.32993743855662244,-0.4430511325267016,-1.3537950939957244,1,0.42379569276141504
-0.6366813020396714,-0.6339328489728463,-0.3833725693511132,-0.9759193909558604,-1.1180064099635065,-0.9522406162918664,-0.7612924800549103,-0.6035022236921769,-0.5646591027615928,-0.05498805275636286,-0.46086408646352645,0.4972214704302029,-0.6043842727972194,-0.616984502158466,-1.2065730865770357,-1.3587968257784924,-0.04720821716547321,0.44713808634761537,-0.5721293947585417,0.5445764656310269,1,0.688758549680138
0.17286795522817303,-0.2326520875518276,0.25619057399786394,0.7154563473999792,0.23276986736228109,-0.889813921340827,-0.9867539347380663,-0.4920508055926769,-0.6485444903305927,-0.17207099756303101,0.2504730517359524,0.1938497017340576,0.24830612190275905,0.08425620417872727,-0.24330440893630764,-0.33031795110686035,-0.6021804037687133,-0.4155887424680707,-0.24829362576200464,0.9048084889680962,1,0.7343164089463645
-1.6486941620440136,-2.1726087448102933,-3.3337294986280535,-2.5625682954880573,-3.2663700257576207,-2.8395213030560185,-1.9817163136928089,-1.8698522169185836,-0.48593728562312427,-0.3203306963580397,-0.5895295727979165,-0.5077549868912257,-1.2228813040858468,-0.02379531976207809,0.3951427205774205,0.8786713454104152,-0.4077647644051672,0.35071842020844907,0.01074666097185147,0.17045200252744916,0,0.0001543263694964415
-0.2534557610989456,-0.5054891027978285,-0.7418977610973035,-1.0512655713258527,-0.5837426791061494,-0.9368747720724143,-1.553564391320509,-1.1674320881110216,-1.3624817993193417,-0.5425015738719209,1.2048353292522318,1.9863010305654398,2.395301241729927,0.8424545413156994,1.5882349233734576,1.4674143174342393,1.5528726375222182,1.3878091804765447,0.8156609345522824,0.8740069843913215,1,0.782933718761568
-0.35948597045173103,0.33794518115780386,0.3809138140612957,0.6079474187370538,0.7527476698143775,0.26541035180282263,0.336070484068554,0.8900815365003307,1.4201779375310613,1.3095642272722876,0.9228347389400583,1.09182621882186,0.5731349314477105,0.9792100385511457,1.1279024737685293,1.3376387391812867,0.49224389363325066,0.726158610988013,0.016823100672910186,0.3719443680753032,1,0.9240334542395839
1.1098817042002667,1.8177111042999747,1.7831304098229672,1.795711930635256,1.921785267762119,1.1286368146773664,1.4387141924675613,0.6055157442529582,-0.040925101805666976,-0.14098042206746877,0.3947643533244654,0.6492777464748658,-0.09254849107250648,-0.46550713482316103,-0.22565160075334684,-0.7847877542825317,-1.5553237138721472,-0.9394984647553063,-0.0841698161386756,-0.33640242766982825,0,0.223661785615763
-0.06910334695035361,0.7071353096321754,0.7502664056845517,0.3700287610606497,0.14535853117525666,1.4664433248651565,0.8889944283050022,0.983598593333594,0.8232176349731163,0.26734787706691293,-0.009600460034851743,-0.2334738081155888,-0.4131499790127984,0.6304897659424339,0.23486554326088313,0.28085094358871227,0.351136938828218,0.5814962817539254,1.04881892158634,1.2453117928734452,1,0.3959753271615063
-1.518608406939945,-0.8108287190269393,-1.6998745734161758,-2.1242503476921644,-1.6009136868767644,-2.260928048127928,-0.7344998653271785,-0.995435473190662,-1.1291569336844738,-1.196318431655889,-1.4171486491289365,-0.968378292707832,-1.1995647213036977,-0.8011086397284385,-0.8934655132079641,-0.3813003836831806,0.4768426939411306,-0.10560549725710243,0.5893108369043198,1.158014694394424,0,0.12107867860162772
-1.5517232084884693,-1.0824966200797488,-1.0861123097065795,0.04051475759778604,-0.5166792661852959,-0.5130560732268592,0.33486905617428453,0.43068304616466785,0.5645161369119359,1.0315318082416105,0.10388298878865629,-0.16195742934974022,0.5771476306124337,0.5968100514018949,0.37803386876157774,1.0040323334021897,-0.4814891553066925,-0.7848497106012223,-0.6359836659172127,-0.7261052556502845,1,0.6149240355211566
-0.6129915254431896,-1.2662046859844436,-1.6460842872168868,-2.0585282410771844,-2.076320946425874,-2.1708577295614626,-1.4769332509550026,-1.1237116283505324,-0.3765815000970914,0.23308228599874964,0.22173286630607572,0.30367604956411276,0.14660176375945483,0.5927674892541451,1.4042657699046888,1.5389351986853996,0.969671648379607,0.3764316337026594,0.6540877986045148,-0.23057037648564677,0,0.006404332880757635
1.5440122772680283,1.7040738331247234,2.0631334321014925,0.9995896695487306,0.7807263992247053,0.9425990213512935,0.9947098742863547,0.8941540532014763,1.2303032056481733,1.5439064132661722,1.973196436601326,1.8775900976070907,2.645042605223477,2.2283477395554043,1.9268802587251204,2.467557303801439,1.9722786204558056,2.074370899311331,1.6860569546219617,1.4039634526848905,1,0.9981226914917923
-0.26162853941667275,0.3037254655115764,0.5726408521192217,0.18534768298105617,0.22341558310453674,0.14283056234655767,-0.3155023147818211,-1.0150308117901676,-1.6260336851961916,-1.2056806965641558,-1.0789973248382505,-0.36986301752839706,-0.8120029125959988,-1.0279430757745918,-0.3045479442120606,-0.8160697786884327,0.3324184998474054,-0.5439733702259323,0.378259917115245,0.22835495752347698,1,0.5725232921518408
-0.6038000365699547,-0.9449045271766304,-1.5099817531559656,-0.8336894113470991,0.8453311780150816,1.2167256632718029,0.05291359658766413,1.2970902822684194,1.3512902737070258,2.0133155699992478,2.03113588830096,2.085965321250144,2.3941358739783,2.3078552264970194,1.9287411900537075,2.0301384020904614,2.138629305895295,1.7951667431497829,1.6074759178117994,0.8713029484430939,1,0.4842471331793247
-1.4729573939308898,-1.2313836117859156,-0.21643635109162113,-0.6972478584272872,-1.1748405110251234,-0.2584112901894418,-0.35364985349077366,-0.328854598449458,-0.7345152574914317,-0.7325632147145749,-0.4529195019444947,-0.030153330090294188,0.3624137061131809,-1.7783924203467423,-1.2433599180691175,-1.0566807056937357,-1.3447591185192331,-1.1282505827166363,-1.5131829516884094,-1.5705269878649568,1,0.6563968392502755
-1.9931992049720968,-0.8489033347122856,-1.5951551070063148,-1.0611254665551633,-1.323024771777904,-0.8963218842586718,-1.2465656986614315,-0.8714523946355603,0.10642944369113043,0.37556251985392,0.573873005834047,0.04950621500181411,-0.4827413636777636,0.2720300758730282,-0.30618337654939864,0.697684626826251,1.0756614143392027,1.6512497594231657,1.8408143674735975,2.4361913229883694,0,0.25015065069166437
-1.1770073055737655,-0.06679915946930466,-0.08162845744721646,0.5436243805804132,1.0038905535988898,0.4400087495245692,-0.8178348630007141,-0.8450164193755458,0.6832489226242472,0.5606962393178225,0.5878629339790813,1.7672692606932638,1.742958964351475,1.2131449037200508,1.1598782466191013,0.5390049833825404,-0.11879129834062034,1.0187223526938713,1.1449098702172702,1.5815428320845561,1,0.9096210802782669
-0.22546945486301823,-0.8834106129893599,-0.52660081032936,0.5907326044780067,2.1064041108035543,1.936214258931611,1.1008841548279948,0.7005589310136001,1.7502652137259254,1.360447863867998,1.5921322468167893,1.5509905850462256,0.9642836462100437,-0.2047419261925085,0.3707974822718462,0.8110156005978418,0.8113619282917343,1.3281996430244627,1.188451536437921,2.344648849981289,1,0.852334202488374
0.035090638353150516,-0.1799693785703111,-0.0512707176385255,-0.39761903461834325,-0.8253115764374371,-1.1573755020463994,-0.5866130767182816,0.136889528216236,0.3790205244234777,0.1476451587857374,-1.047839555427708,-0.6010992911133688,-0.6278187012874832,-0.1198621502977267,0.983702978062862,0.2269845114698925,-0.1499041375656638,-0.01583415273615664,-0.4324969140320251,-0.1856719998834539,0,0.427920383940319
0.0172466260514483,-0.043879664492902586,-0.5411263255082587,-0.9122130170685843,-0.10565329831136826,-0.016606121440169076,-1.1121624638199101,-1.1400044076743916,-1.8191926789708202,-0.39128662325457636,-0.14532831678848976,0.10516997653497868,-0.6245241300752966,-0.8511808772196262,-0.6462378271253185,-1.1040144984963913,-0.06691746339930844,0.1613146761618031,0.5209412805209742,0.45996184352998676,0,0.7136438065301702
0.4318689074934112,0.833572783756958,0.8890665210085613,0.8892033419693305,0.5684190071652937,0.1735223278982413,1.3763197895562171,1.0362795420145483,0.4527259215513582,0.26637173900897626,-0.41340820529322425,-0.25048546427709195,-0.8973540260608576,-0.752910347211221,-0.7883266111607018,-0.9148068846989321,0.8101201019522604,0.3686478221293768,1.3058223269689442,0.7075245292981518,0,0.10162873371582039
-0.11993721063480647,0.7465382862030686,1.227043939584413,0.12429001843162317,-0.05078932799208092,0.2232388431667556,0.643838874024805,-0.4321811647849782,0.05010928075980639,0.5568210928722076,-0.5674655348728184,-0.7292839024560226,-0.0692682651674756,0.29460335084425976,0.4792060061036986,0.47197770770530895,0.2316293224229868,0.9603766194811421,0.9257319689505169,1.0846910241216436,0,0.44412092696571737
-0.836075427699128,0.24168369987013133,-0.14655226735299873,-0.044395040538487224,-0.007648194058183952,-0.30912520278097677,-0.5401088738608957,-0.7878476375942169,-0.2580448020066853,-0.2863584412782619,-0.002303952859283384,-0.1873673748330303,0.2854228325426858,-0.10184176485569509,-0.08911117001616253,-0.2391496385523972,0.22435954097727775,0.2974729357080056,-0.8993440428291556,-0.4403764256402039,0,0.4625482002728677
0.626520103542912,-0.5285594252109445,-0.36087557766898926,0.0882649830285027,-0.11203377406509532,0.006909081767327693,-0.7439258676459568,-0.876962702360426,-1.0133107547998619,-1.6736225272083456,-1.4779503548532609,-1.7127967882613178,-0.3957926374188004,0.1192406700541132,-0.13761646710288666,-1.391703975268493,-2.3129388176622165,-1.653795046260354,-2.7256096473267455,-1.8385802134991662,1,0.18818774060221516
0.6861772525321693,0.9683766626396458,1.709551343977704,1.0389389309304862,0.9153217858423209,1.6872896610483454,2.2367740962126357,2.212399209912067,2.798665959782714,1.3147921900459254,0.7907056566243322,0.08410835237968287,-0.21561393252023967,-0.9092223101321931,0.3428818579137874,0.20170047255448242,-0.5088835376654108,-1.1678139413872846,-1.1085931897742534,-0.7334881162312714,0,0.16823687804890164
-2.8286679257749845,-2.015202045526985,-1.8220505611710898,-2.7283834412181056,-2.0225182988688637,-1.2370005648731062,-0.4041195469732193,0.6333132693011986,-0.5216898869924032,-0.4915777813702075,-0.7039724579314897,0.30077441295261076,0.05563765337081306,-0.10750734890886997,0.2655710194455822,0.9816115675819439,0.38201230279031173,1.0325274289744666,1.1984482605003772,0.8675968307170268,0,0.08812435043950737
0.5843085619750544,0.25506393785819076,0.5732722134118519,-0.5307224388707354,-0.21537140044757094,-0.25260700889622,0.11964658712967938,0.4940766809628542,1.2154471641877214,2.182312843119348,0.6918358368437154,0.985620803998469,1.4161630216754781,1.1013471854004024,0.8477846070957987,1.2051348709244005,0.6271023703093705,2.1241098488167576,2.2086622533142215,2.0654431936071895,1,0.7821381780485568
0.22968254957327375,0.17820045772799015,-0.5234074688147976,-0.1709185174605456,-0.6128973734230656,-0.4272943451307294,0.4394649579605976,1.0459745990301066,0.16290111338015717,-0.6055008285968311,0.19781798784993004,1.3305382837590793,1.309158189571608,1.1199085768462886,0.38174637310191806,0.8427936144927262,-0.5321518453241402,-0.5953478566541854,-1.1749028908176793,-0.9845576613516528,1,0.9288826169153769
0.9652481115229982,1.0843001773183027,0.24462331359136588,0.2773057480569077,-0.5999605986980743,-0.06297642715705709,-0.750907639958548,-0.13041111604571243,1.0264096610747235,1.0060701110034578,0.8336975868234515,0.6571977408572804,-0.10184893970489532,0.7979197475968876,0.45434535528338965,-0.11274714757362929,0.5068216048362872,1.7415487219193142,1.302526536859538,0.7455315899830086,1,0.6115619173548575
-2.0221366326598833,-1.3288161532266503,-2.1111868572180765,-1.4032031333254127,-1.5753466935842362,-2.0274099658683085,-2.0300176429157872,-1.464975031778375,-0.13794197662338814,-1.0809349496693796,0.20242326635034688,-0.14678830358854703,-0.04231260258107223,-0.9243567180573378,-0.6694276186302436,-0.25934663146826636,0.9002680110271576,1.1058754875907535,0.7167981563385897,0.6671648501451327,0,0.21512850275984596
0.7945555934047486,0.07609716008694216,-0.6753578332463352,-1.1123049044940894,-0.5106634080474509,-0.24738411384866665,0.29841778979810685,1.0699743003454327,1.0948018391382275,0.16951462060702732,-0.49575767361296597,0.0363952356003311,-0.2999261083788213,0.3777817702624865,0.371422072374628,0.9788856083152032,0.13840399770745984,1.3190380689834398,0.8083263361655253,0.761073945889973,0,0.3253885113490129
0.0011755520115716363,0.25916592819369594,1.20723250759358,1.0526922347460121,0.2658304901542529,-0.7102570140991838,-1.1154211608986206,-0.6752217686643108,0.6421085361491221,0.7705956237915249,0.41986910375565645,-0.3589130967637723,-0.9728883786854705,-1.2481172620035546,-1.4562881135015413,-1.8160969981746038,-1.9400742607443164,-1.5980792127054593,-1.5659934683197667,-0.895681312909561,0,0.014229888701135337
0.6343841686969114,1.4809342332840472,1.8378124849663837,1.694801448503556,1.9631259682889581,1.1177536197978803,-0.059123122860446645,-1.0444973318238142,-0.6566607168377654,-0.9058860181697559,-1.2111595219516984,0.33739490611770107,-0.07168001572036889,0.5659365448342494,0.5534346186152558,1.3753737269816682,0.3939082818476502,0.2741730168538985,0.15792241404714863,-1.3443848377004386,1,0.8102800523195061
0.5619877813509231,1.4113112717401766,1.6767288525382888,1.7609099154020083,1.5542384363394313,1.0599411123728453,0.5250395507591659,-0.18202922113901784,0.3158912217318516,1.1797501335705471,0.012891587108277727,-0.0692643004871241,-0.6200748136258813,-0.17886287185307642,-0.20179228207241798,0.22647555422126342,-0.4883746282894616,-1.5958309311694607,-1.1558314225005686,-1.7178287061996174,0,0.11973931877439176
-0.6696523715974791,-0.8070302132852841,-0.3865542126415192,-0.003399245066219335,-0.48865088927034617,-0.644646932769806,-0.4613469182793088,-0.9564841215409847,-0.5258600478770957,-0.7485040199938315,-1.0097362537831536,-0.6599043383340036,-0.5739624026845969,0.22807516527936944,0.6206863158804525,0.05070529308709159,-0.07721491998079989,-0.8809183087939725,-1.0474210697763322,-1.0229713664981477,1,0.4423805605041889
-1.683635399091217,-0.76916861998181,-0.04946939044941192,0.6430077041100679,0.05678236381841425,0.11669804692923155,-1.001689576587652,-0.03279943262995887,-1.0878106136281747,-1.2690716263686745,-2.638331688762625,-2.1079572929912977,-2.370522798409297,-2.8180067315832016,-2.0284796307040116,-2.0951809256983185,-1.693875990756925,-1.505481939137865,-1.7592909046816418,-1.03699521977912,0,0.057151532371117454
-0.8409906778910617,0.0737134342772384,-0.09729391180558226,0.3828969833557,0.04832551764975159,-0.6966629922587935,-0.7139376574759739,-1.573037830410258,-1.8123944233658282,-0.8940933453685418,0.20235179419339897,0.2692984433974023,0.12084020720500585,-0.32921873001612517,-0.17811898111395266,-1.4151395132213818,-0.6311579127267127,-0.4080950158899878,0.08263690931853927,0.9491279084680009,1,0.8109407151675947
1.2163915168053934,2.3132493886758185,1.8242193743972532,1.7623802268175477,0.6589271428255631,-0.5874920461506515,-0.5695769437414259,-0.41515923809633215,-0.559503569592765,0.2892733338942428,-1.3281384243805956,-0.8827396788789357,-1.4229610383627076,-2.295438416082776,-1.8497602530458077,-1.7922244276273955,-1.7672559489434243,-0.2606434087944702,1.0377201624850179,-0.15948722292833534,0,0.0003037933599967132
1.3081700416222999,1.0972410713905196,0.7713016472075743,-0.1573790447338285,0.34125877704945257,0.40709927963398546,-0.29306060377055776,-0.10285200324948585,-0.09735172166227787,-0.20031977715538246,-0.7185000117286983,-1.2518965218395581,-0.8610579743670783,-0.14426106226038526,0.3387115168374382,0.9041867728562504,0.3657976575752541,0.8770795459836392,-0.25775771171286505,-1.0723331241889467,0,0.24660882221968722
2.4325254196269914,2.660733971778493,2.648217894800057,2.785851421780633,2.7095114102512037,2.522629016270386,0.8454623845629873,0.5993636139491373,0.7453351601403474,0.7337258342314865,0.3961361285746275,0.0983882347538732,0.8290398443950298,0.359918332937368,0.7002405462958143,0.515797885627791,0.1635282377765884,0.2514101430144279,-0.261037042969861,0.5329546365295312,0,0.15121372556675133
-1.3946225726704649,-1.350219444801878,-0.5607724109644376,0.2559142311355097,0.14506911893659197,0.3908283988480221,-0.3259310428234116,-0.29036441386463363,-0.610780426604313,-0.31111649884080445,-0.4017210975457936,-1.4018450955096606,-0.36648977773710806,-0.29477634326608076,-0.259374193767128,-0.35320572411431195,-0.16208361284033168,-1.0342980750307877,-0.6272343487727725,-0.262042656189194,1,0.30280358834708954
-1.0222422337679042,-2.1421810184891066,-1.9145409876840946,-1.607477587774927,-1.2531365638922474,-1.264410797714909,-1.1404756530019,-0.281406219692476,-0.0718161073365144,0.6847246027277265,0.3382531472687864,0.09040874470926022,-0.07832711038815303,-0.776726830485889,-1.1337738377721376,-0.7468470069962103,-0.8178767055067337,-0.6716251107533807,-1.9587540206401108,-2.4020247943713904,1,0.7704739495007226
0.4075536803575234,-0.6581713905938361,-0.44208175251703563,-0.5440885523319896,-0.7913318506990265,-0.30509630119442294,-0.7935462794298828,-0.582850461501906,-0.64889565162734,0.7040990381697464,0.20446198260916,-0.5791072208425831,-0.6907785432360619,-1.1855437202464079,-1.7983016898586135,-1.3051548181283443,-1.4276969706392204,-0.591030482738863,-0.548593555042973,0.4080390347127875,0,0.473762342405411
2.029099099531058,1.5132346278189597,1.3662822912885855,0.7560915169870212,0.906120193275169,0.006625596123981361,0.38649893423327286,1.3464750468487883,1.2481193700515971,0.5835519133777525,-0.1481314336808314,-0.5043827821473401,-1.4465973117735436,-1.74413297647712,-1.1443344619039408,0.08391479038596082,-1.3302818844581967,-1.8655690908446099,-1.4757379056210265,-1.2145211854423081,0,0.0078000096073825905
1.096457183982591,0.8984261757096944,0.45096127412178805,-0.4942241035833446,-0.2813862069809728,0.0906606744624951,-0.12243027493418548,0.5424892558505438,0.46453024012460925,0.5103112546076081,1.0180531267866155,1.1533627548765133,1.792419176642997,1.0363308206457984,0.7760416757475951,0.06631223976340198,-0.1497881852708947,0.3125334537137322,-0.70328098787395,0.8510141908545624,0,0.8572284703943783
-0.44628645140181616,-0.16558029385397607,0.8566765153585324,0.4155193438535657,-0.6627196480452788,-0.6603460358364776,0.08063992737694967,-0.4211664425344103,-0.4281696877504671,-1.3048875646155045,-0.833593014862927,-0.7248089931167617,0.3182090906267377,0.5211377179879374,0.7826487275288516,-0.21978140677361177,-0.5715568231944735,-0.6733800615601292,-0.5854582703535799,-1.7475375426158763,0,0.747383150356526
0.4533135331516478,-0.4880970880076153,1.0359440455700986,2.2410210572810447,2.7321109547331033,1.485888669719467,0.9635498600122995,0.36558107550679814,0.5442614249050176,1.2798697617581696,1.759138074496047,1.4047953511667863,-0.07440550423562406,0.2919894254126356,-0.9327170630994622,-0.7908757230537266,-0.8955587425020446,-1.204118218662509,-1.0205006413837314,-0.6278352977755868,0,0.21887060380515055
1.1540361546271802,0.7295070245020521,0.6659179888125468,0.8681381474310526,0.3522155287759463,0.11501960777920377,-0.27942389368670634,-1.5569277605930187,-0.46566863977921236,-1.1322813350289815,-0.7530106569642605,-0.9042291489201035,-1.1890843188339233,-0.24480587788564862,0.16337125707226835,-0.1671123811939113,-0.47760689426357444,-0.2929659903030276,-0.3414583416149252,-0.23737886992283377,0,0.299224709403952
-1.5701322535638849,-1.3634034222701858,-0.45384180046989664,-0.8555425352410234,0.24138140655155677,1.2501256870465753,1.0593436093900954,0.6970709204831863,0.9118527367623689,1.6836772177645785,2.2145388359114637,1.2989253573556223,0.40920653816241853,0.37761240825562903,0.2427769231253761,0.2436568414848195,1.1583390950441963,0.7835116238893253,0.9549629455125213,1.4291128620983236,1,0.8436182178555581
1.0455365628347302,-0.026417875880649862,-0.36937691521096117,0.3152663424216309,0.7315254485938438,-0.3059556590219794,0.45828285211157543,1.047469833916917,0.4351879419357039,1.1377148330497557,0.6096668203933836,0.28597170613076,-0.19840860298590646,0.38893575920068424,-0.04123176784923661,0.4892908096362432,0.54895794466597,1.0924055964680432,1.3310719503820794,0.7299822737248711,0,0.7895086457043066
0.4475189944694489,-0.506680625761483,-1.5556130038244778,-1.3637533436018667,-1.4402547656644213,-1.4549649251918102,0.11952874523406982,-0.25050889850868624,-0.09613073702992278,0.6769286885026558,-0.5127436809045077,-1.1549096879825296,-0.2465680532479738,0.35627599444261593,-0.4847937490722625,0.031125672502206818,0.1911842142807351,0.6692148892904041,0.3529351983687551,0.6778707362136415,0,0.11446125092257005
0.9094314539627137,0.8397070253130431,1.8088966567699851,1.98641577463782,1.062271005258412,0.9754312988419818,0.25850424798551863,0.6623904096569987,0.641041738195942,-0.025287336012269453,0.2681421832497017,-0.009664119098875679,0.06077711065248822,0.3786273823201231,1.1066923292336646,0.26091008223363676,1.1488047248912032,1.523515337445406,2.083254414218917,2.586453068181342,0,0.8349552796917784
-0.7217979002183427,-0.5748470507001111,-0.4217370835311102,0.12277687418154402,-0.15302283086286575,-0.046678120228928255,0.4189127438113137,-0.039459650875505334,-0.48468008972502835,-0.557931075472519,0.16293261136746975,0.9467170009057745,0.933676778140985,0.6336977658678398,-0.024973135001039024,-1.114970529925129,-1.4002587795425536,-1.0448681810653058,-1.4876423417693412,-0.7706135368845544,1,0.8938744293508742
-0.8485375320965974,-0.7556217340527697,-0.41111449258868976,0.047905883117124216,0.24123350912058839,0.7650137779894317,0.38254002390826297,1.8091975660974369,1.3640591302459473,1.119495377708402,0.816398888059235,0.025520343418643995,-1.0936887913598698,-0.8898749997828106,-1.231759566303199,-1.1797473175527429,-0.6383955865436531,-0.8903076084543049,-1.044513324560485,-0.5791990055036468,1,0.6796768705128081
-1.1295594162409686,-1.424384911789586,-0.9721453422786176,0.31617055158612106,-0.15905428314582426,-0.11388148300652243,0.526876749068545,0.9463584480866277,0.10336405662507761,0.23117814668996534,-0.4433413963126254,-0.2818313797817894,-0.8895112562070694,-1.182597955396562,-0.6236142459933849,-0.017589551863053728,-0.34817356100584107,-0.5740024259376177,0.029804221893774557,0.811793901179091,1,0.816953018582555
-0.7006302538977962,-0.8493127268261872,-0.9538953018763386,-1.5589613999283143,-1.065434107810069,-0.3855899677979093,-0.42681437156653584,0.2553271003080302,-0.30072132647299027,-0.9136146384172305,-1.4466582267933519,-1.5661973003679601,-0.9463253904350619,-0.2570292162551809,0.35923181515724295,-0.40996201605201243,-0.6856172867452583,0.06767138572035061,0.4300842131349793,0.03992399691389078,0,0.0533160096144645
0.2422840468404909,0.496887515117512,0.8670350154921209,1.3536317544336791,0.7777347972065493,0.8453368055999639,0.8831105823538077,1.3313335217552835,1.4077391481849777,0.657961398366341,0.7989677048622654,0.7260190770139106,0.5073335210686836,0.12577970638090816,1.616896718043415,1.4750074339054526,1.5233189806390042,1.808882249398704,1.0938176385499758,1.3244116827976506,1,0.9685591937385802
-0.09971057984830423,0.47888689309103505,0.3504519768170123,-0.5686952843244422,0.26234573125745775,-0.08471010444277532,-0.6067557413038621,-0.5454674792554898,-0.6385617576305632,0.5687520930775999,0.28621843783092354,0.5077077928267026,0.5156585844554817,0.5502060650388927,0.7666109379071119,0.631266660241587,0.7695634483252164,0.5684803730373235,0.8488528904007958,0.3805947117086053,0,0.8065319828629657
-0.7768063286956176,-1.5213126954168552,-1.3591062600785897,-1.072948531599121,-0.3473251344806082,-1.149070372500771,-2.172599246146611,-2.9933325240436957,-2.4317142988551823,-0.982056925020663,-1.5772554624556252,-1.803393472289995,-1.4973526077915564,-0.42840844125930083,0.7077085461299253,0.5044897362408082,1.634043690211822,1.197257302984107,0.6766466317081471,0.7444213635441288,0,0.010892846545581154
-0.22313080842682206,0.21762722198426585,-0.658217057135617,0.5273127716677709,1.0930261332563032,0.9717228286458163,0.9165652549121337,1.0378349253487582,1.5854686288545208,1.61054534586796,1.1989348773235884,0.8738302192566971,-0.3521833911770828,-0.0634210762924696,0.013530133937264016,-0.04621627321217234,1.098964071360448,0.655004728873729,1.2788670098508121,0.8115072697886724,1,0.7963697418176955
0.10157655542192351,0.6587228470878101,-0.6453535698205084,0.5558641341249855,0.28764047543819177,0.8725027265325543,0.41233599713999686,0.1957636254055348,0.3695047210387694,0.6282931541834431,1.594156157503268,1.1561961377790066,0.9664433569387498,0.8714148537430939,-0.6779472657520738,-0.9511056573949977,-0.1949338035630142,-0.6322156914260844,-0.24811049342219316,-0.6292321652347492,1,0.8515302309651807
2.112799378829125,1.47898810488644,0.23597772841289244,0.44535944375156533,0.563357074908375,-0.3445743336800013,1.4725262290519308,0.24228946649889194,2.090825913389734,1.3657731428746072,1.3768258027588356,2.1512615768123857,2.475711104631543,2.5118789279522495,1.6184011906333597,0.25748937210402,0.6099133144284272,1.5280044625778626,1.8479637621460512,0.977380517363329,1,0.9662186435979286
0.285200694740883,0.21188184731043447,-0.3415230308107825,0.3217548468951617,0.13928423477029594,0.1965769392127443,-0.35437976653894876,-0.04377699102787131,-1.7953104803406,-2.274451346491376,-0.733174112864308,-0.7807400328387695,-0.6343233741766486,0.786377736322589,1.1448770471877325,0.24630344491268277,0.9426560199651193,0.19831799136302172,-0.20678879180412316,0.4995183155703271,0,0.711495378068738
1.1753310627905709,0.6891678009150332,0.5399594429001805,0.1459569692888415,-0.19257274244214787,-0.2816520533718496,-0.59079319349027,-0.25556623199307493,-0.8429649651730482,-0.25109589511418035,-0.4163876600771567,1.0092958115523418,0.26922031901712373,-0.1342351634410904,-0.39101350345251046,-0.5474580941590398,0.04367279521442782,-0.6964523481866247,-0.7187261987463922,0.5320394808609344,0,0.8089097816094198
-0.12388105656464322,0.37212658655403164,1.086081777910891,1.2366188776177567,1.046575976183994,1.1971034581292288,1.020672951641966,1.3262732880642425,2.1516028648009313,1.228082207056371,0.24285642935214816,-0.2725939544147521,-0.7517023454551444,-0.6564200087342787,-1.0687977311955432,-1.4166993077751278,-1.0307966481369322,-0.07142159491561267,-0.17928790784747467,-0.8257092961802666,0,0.014570748418643979
0.24251620596356657,0.4375467130305449,0.7805120556911472,0.08151818426804407,-0.004902635338388848,-0.35066321246658866,0.2830643464412092,-0.22874471964226173,0.6039414842064565,0.46786247037755424,0.18956057964581502,0.9797523811750323,0.09377963713667828,0.3266970986935713,0.9017221025444788,1.208288459687173,0.16059526911324973,0.18205804084469862,0.599008982925502,1.2177697990401208,1,0.900010261449942
-0.28014622535193195,-0.24532040911084516,0.08327098465930943,1.6132672786816773,1.8606460685159933,1.4369151632738253,0.7514915988648938,1.1591257418167211,1.3375896858498602,1.142575004522974,1.0942676913687686,1.9165806784282002,1.8498256060808753,2.6525964644182056,2.5769040255059017,1.8102960101232533,1.9453039823044795,2.9155033423134915,2.599766173983541,1.6100795660008798,1,0.9967482799696268
1.5837304951397884,1.6435765060259073,0.5870654398299205,0.24983611069231665,-0.37990130890211155,-0.2924868195244698,-1.8275993843924199,-1.6228425942649425,-1.6619066870892527,-1.8147591132984162,-1.5236906620207662,-1.473787867562802,-1.103736753121051,-0.37997757122682785,-1.2418142607627363,-1.411902473765887,-1.6993912819741077,-1.5049589408940753,-0.5695098111565982,0.30764952739216156,0,0.06964829630588658
-0.1196958872818738,-0.45260458112369667,-0.5855152750458071,-0.09540140726092754,0.417801940028868,0.3396430304033265,0.7667331849609477,0.5327948816435275,0.5471248984886821,0.7635227105899769,1.2948043263754838,0.5254290231113455,0.2585306578426434,0.13111054090475388,0.19368780868082178,0.7510439590815922,-0.1545544547299436,-0.0783560160525587,-0.10255398247267436,0.07340031831164053,1,0.7465276677638315
0.003941322195989132,-0.2258892674851624,-0.19308026042094226,-0.19353778642840652,0.19179716237373834,0.2209546553382598,1.0185907833690029,0.8498214038582437,-0.20012592682772679,0.21132259387326066,0.3370059236997388,0.21114442214568058,0.6446422047072513,0.20740067704363427,-0.013732553962085616,-0.25486610038324703,-0.0755897221615274,0.46839469846661086,0.0667630665277448,1.176711982776813,1,0.7553808616097302
0.021365752880692958,-0.5809395503064118,-0.799783582641292,-1.673617355761132,-0.8416490613300113,-0.21805639126620757,0.10854845664630008,0.1299793540824197,-0.6865020026510311,-0.050314647682437215,-0.607050877780203,-1.267732997897575,-0.08793590574800565,0.8059295646945618,-0.1188615806483434,0.4350456390942698,0.3585857810495961,0.5010049667497172,-0.413295141212935,0.48540480700869265,0,0.14390869229902872
-0.04745933178812508,-0.42806986887715875,0.3727958101071547,-1.2098239407239046,-1.5449321617143892,-1.0631079244228043,-0.8780522059900252,-0.39643927721779715,0.6628106164332108,1.114609186626822,1.7241659009937305,-0.7861951564450848,-1.1438014301979385,-0.33927107911571897,-0.01044674612385273,0.6620406794676952,0.8991898649735767,1.9568648955425596,2.6145804394836927,3.440744652978043,0,0.1126755339300725
-0.02380256985696632,-0.08505407029927742,0.08509157614001985,-0.24342813736448243,-0.79433866919961,-1.4015971186549179,-1.1442325799768827,-0.8222472699222975,-1.696734419798253,-1.5444370708603778,-0.9680253245434707,-1.5550391587774501,-1.6342201128201679,-1.2289294038094691,0.25089578399097867,0.42443232603982944,1.2879836233861264,1.3942217655532065,0.6425819600886625,0.6357045644087829,1,0.3517644240887572
-0.2739185741431706,0.061491623747285444,-1.3723240409090895,-1.0945985962726825,-1.2385762097397885,-1.7639720468970435,-0.9813252082920545,-0.052531764752069304,-0.8073250357640683,-1.0212542874706618,0.6863032309181144,-0.32225265525004787,-0.2748993760773512,-0.3062041956744007,-0.9994292032181871,-1.2091924612117013,-0.15419570498041052,-0.8276690944677768,0.7025858153236388,0.5345892161065492,0,0.5905372944674346
-0.0026657883125295093,-0.1813239401039905,0.5295850758744778,0.647730594000207,1.1223452877782114,1.0801799979334252,1.0930415500530202,-0.07090986613239478,-0.5963516819605895,-0.5261398743133693,-1.2240255348697182,0.29024869960356986,0.7686950514837905,0.8969332382061822,0.7016373907423282,0.6928760420956088,0.16915879371743336,-0.2822064269311403,0.26719657759533766,-0.7464818682967527,0,0.8621669644360493
-0.5604232042525593,-0.3062262622504265,-0.22148414345877007,-0.20387029352548391,-0.2560542583748329,0.05903341677103774,0.04440390547139445,-1.1527164801045466,-1.8616722014840947,-1.1979845245336433,-0.023218102408627463,-0.5678393247222263,-0.8943707122193459,-1.0524666433596903,-1.13982317379001,-1.9802466862747137,-1.9995358623480284,-1.9334677175918138,-1.745679521862431,-0.6093682220995205,0,0.5588237858201054
0.8173792799976507,1.7379790655716558,2.121912935966063,2.6209078465570683,2.8077894277810813,1.3977228363387173,-0.09911360539779364,-0.24372465928477832,0.023641581270837153,0.051686332847715746,0.3421099053735044,0.4648065820729811,-0.17485825730447743,0.3373290583850389,0.5381339147484904,1.0560236233649878,0.45531716945151945,0.2001331396633103,-0.41486481570979733,0.2167645809352234,0,0.5398208883270541
-0.7490884783587197,0.16023309331214147,-0.6417594186645679,-0.08174520355729498,-0.25569701321507166,-0.31928071341143327,0.6857280533635217,0.03973164633253556,-0.4215678271135161,0.5427919248901731,0.8449367967114553,0.5849144157783942,0.2856398877030713,-0.7434871911694375,-0.25438132091451426,-0.45415321995428054,-0.24207643719841146,-0.0505302926193205,0.12872312132817382,-0.15748344903812722,0,0.8069891734341097
-0.42201597068721464,0.5253549563362234,2.128210303247181,2.351614733801819,2.8004423746679623,0.8913201699880471,1.6630186696217866,2.0448520855889045,1.639510650994059,1.5478145125883989,0.7170756016040625,-0.06797611726827169,0.046211618026811375,-0.27510494273545827,-0.7448172066856945,-0.47117102628582785,-1.2659285399089837,-0.6765290303862446,-0.6904184509614876,-0.03158160841455371,0,0.0017024186063062294
-0.3153320852338598,0.06476741548713486,-0.27002616600027285,-0.1540988110587761,-0.9178615397970693,-1.5350788376947213,-0.9133298906313536,-1.119565309746098,-1.2227252465374412,0.413457150953681,-0.044317307644948,-0.46411202964519993,0.41394395267315626,0.9189845716577727,0.7537621906287679,0.9549265578879507,0.5364390653069218,1.4069381037742628,1.6447695261734698,-0.2840930936542198,1,0.6361782216062886
0.7304417400292015,-0.4977226021336178,0.11381340867016515,-0.7486818778715375,-1.9220268260816875,-1.7518489757177504,-1.4532339350237002,-1.7080698854978016,-0.41776062909133366,-0.22163842371095452,0.25216784948065624,1.0338365434840002,1.130434582403464,0.19430472358815182,0.0747608856318925,-0.7257296637360195,-1.179487839442031,-1.2067743791087389,-0.9058771981437412,-0.3561449256843233,1,0.787759441508965
-1.427281632708839,-1.3448914670240673,-0.684135319968858,0.7797078179188323,1.3059041542566665,1.0037941360029532,0.3854174417499183,0.9457228115711057,0.21785642605199837,0.018630786374850192,-0.1993532159431588,0.2766163383629222,0.6556977422611528,-0.5459205744377292,-0.6524412220500175,-1.0743638144780452,-1.5836053121714684,0.1126724864798569,0.12440041158865416,0.8593452497752423,1,0.8747389685654369
-0.7358701429747598,-0.9089240833911931,-0.7627007055538803,-1.5489567749258064,-1.712636778112628,-1.0300626278718341,-1.885013583439928,-1.8393564035985517,-1.4717764131455267,-1.0506603286070464,-0.16126940777029505,0.04796462230061039,0.47433895997552994,0.015814891420605603,-1.0182423702352184,-1.3804031515620225,-0.5515469073112229,-0.5058201723801263,-0.4438482475578421,-0.7401592031667137,0,0.5812918841669362
-0.013862803742433417,-0.6098493704582545,-0.5194685949471514,-0.419644788993693,-1.0653388689787235,-1.267926627130266,-0.5556909331726797,0.22014996404577983,0.053491963880087715,0.5436335702910347,0.17700857211397278,-0.7400939424999862,-1.3955356582384721,-1.5669339993201294,-1.6610429506132687,-1.1183630232408164,-1.0834539315335419,-0.7270446205638599,-0.07257434243568638,-0.19233135374190208,0,0.2998945111004134
-1.5110705067517123,-1.7407360097331646,-1.0270771075822798,-0.6162222487617334,0.26106502920795804,1.334035636343686,1.383432250703384,1.0533447446176543,0.12996014914742868,0.2196922657766444,0.024143127092222865,0.8475846132792483,0.12258068376693872,0.2624484154319746,-0.4875337224106705,0.0170618367737931,-0.1879269976652347,-0.32530761812628767,-0.34218211294951456,0.41642846507299924,1,0.9491440198990837
0.06397298239108563,-0.6141395386301739,-0.9701448262071888,-0.8129368875016794,0.04680670614411544,0.4945123755934755,0.8018399669917755,1.3094474342018536,1.3845547652349137,0.7355833157328612,0.838206641930335,2.135941989387898,1.2662306307265059,0.10891408061561159,-0.5532592209376254,-0.15435282278494455,0.30623673675581087,0.14998391050865587,0.6288665368500386,0.5623244992056533,1,0.9675590595520456
0.6160092387823185,-0.6943822580706059,-0.27750756188388215,-0.3254234455859842,-0.7122180204819624,0.13205708504553984,1.3876864119069747,0.6492196557004333,-0.033752200065494925,0.07694212196431706,-0.19486508306238579,0.6975008281136477,0.43852964127758504,1.3446095983509556,0.48741509273183214,0.9142526802302257,0.6601464995257622,0.1774683835220426,0.9007414913780366,0.732042696476231,1,0.8261253564976498
-1.355458848066675,-0.7313245243345005,-0.5929954170360947,-0.07718505672086329,0.002532731774531196,1.2328008744322532,1.0732411208420798,1.0115310853951789,0.9165041685570859,0.8993121924618382,0.9332014507880797,0.24757421027568566,0.3323474502253019,0.09831080456871423,-0.0651261738288941,0.049130641846470785,0.28251542091822773,0.5409871805239013,1.133799548741621,1.193660567717473,1,0.6903175682372692
0.18047229109997712,-0.7407089993005502,-0.428036773169088,-0.20160519855675615,-0.03952625308765787,-0.9198499218105886,-0.9375624094715123,-1.9634311110992033,-1.3832627956880879,-2.5507682244888463,-3.422165239175865,-3.502044144822005,-3.523022810731059,-3.122999036645285,-3.5615325802082434,-2.6479636350163887,-2.1393169790461313,-2.0284071958997503,-2.421183637181274,-2.527506322228516,0,0.02648904742001633
1.2999507880942243,0.11450011438701868,-0.31008365952981326,0.3729170001288788,1.5120278481209861,1.5918380795787033,1.0188979196931172,0.772871746418259,-0.029156900258158733,-0.6728015241699508,-0.3837177540348945,0.12677449578641448,-0.05426796957257819,-0.08093093565209317,0.667961552376406,0.5826078591243641,1.1301399549569104,1.2313578932362625,1.3981416509903628,1.527415460573943,0,0.7366082360358719
-0.12088466924014832,1.408351774827606,1.0821590342503562,0.6585253756442957,-0.2988498457189078,-0.4931818161385055,-0.6043154671012667,-0.26858737293330964,-0.12005672869310798,-1.4612687632966366,0.32363598848062436,0.10721051301679548,0.2503076616687827,0.5628259592172113,0.4355787866182497,0.4830237639051299,0.9234774464464505,0.8278267334797578,1.5438367992550583,1.3213983717648325,1,0.7026665378567988
-0.3918290704407734,0.18098419145967798,0.3930000794384314,0.28017754293085595,-0.43000904216083297,0.11742576892405052,0.13005573768498555,-0.16891713450654833,-0.6687546565359204,0.22672718118727037,1.2045235374407703,0.8850744178899519,-0.11035947115382783,0.5398381660550229,1.0080586693478282,0.7703513926375933,0.13858144661339242,0.9794952636214707,1.2745418794310033,1.2201198735827752,1,0.9374320162022594
1.281956539215334,0.951657809036497,0.07807780878990372,0.2228732096472855,0.18281194748129886,1.1149024407281691,0.628055098320093,0.4678294665711202,0.7242701509448315,-0.5369620553178495,-0.19952769211704452,-0.3388285760795746,-0.27781090147697,0.20165917927872531,-0.9556682089362777,-0.5012594244731635,-1.4851426023718113,-0.9929734107125544,-1.229795058968891,-1.7027582442487306,0,0.25300369087769486
0.7457521647408147,0.8179083514963353,0.38843056959343764,-0.3843909670272272,-0.8683383379468159,0.019338379502118856,0.7749342929578478,1.3072299775258935,1.1043148545488397,0.7842026001662447,-0.7651127121525471,-1.2982408391724845,-0.4439722904951547,-0.12683133911623073,0.3540785247948813,0.6931845838563192,0.9100014634632022,0.26348700281708975,-0.0728302621772689,-0.6975596094929785,0,0.13301732251878423
0.3443453840475815,-0.15433959557052648,0.1547751873418663,0.2525144724705291,-0.23687198103555776,-0.22306749036877133,-0.5272994136579662,-0.6816890008862615,-0.18331918912310494,-0.5002216538525938,-1.4759482099334247,-2.115547865785435,-0.9773007945402776,-0.6630541072237843,-0.5076349213100347,0.3191775074082539,0.9675691298001242,0.7185007557828496,0.4984956313658665,0.6158329768490006,0,0.05211274064520467
-0.48297888802704636,0.466859253775688,1.4218756771934098,1.4238241548527844,1.8190582678115008,1.446635444154412,-0.38815294302188025,0.39876044948882217,0.7288029183425954,-0.08298170717869464,0.5787373107835828,1.5717916833495753,0.5838670988121598,0.8524813649800053,1.266049102625913,1.2939049896260615,0.048365569977883556,-0.718366084998937,-1.3128026115005536,-2.3806765421680067,1,0.9846599572996682
0.5856715068954172,-0.2559229500432644,-0.5591939830943164,-1.2798579147851061,0.29243448754740914,0.016808064272239857,-0.06791442029666926,0.38934793598629847,0.22406341357060028,-0.39999863245265366,-0.5350008294019281,-1.0699112154210135,-0.2408101258837538,0.11528576693531575,0.4792503685280432,1.5138184413411575,1.1306510818930806,0.5409089296604404,1.9097508856797911,2.1902431589052993,0,0.1131766826510531
-1.4432076475425095,-2.1390075551955303,-2.118959189313037,-1.7756026872684265,-0.8314366174430499,-0.3440673967240653,-0.3025295410973767,-0.5013213644603981,-0.38125899829931165,-1.0026419143006677,-0.2869634159036963,-0.235641987681005,-0.537084011209132,-0.044379633680953205,-1.1866255269650103,-1.9944741805461372,-1.9049951489424137,-2.1289788498250424,-2.428012866235522,-1.955538466243252,1,0.7648975804262497
1.3412365310134047,0.5791864539295194,-0.9873200426363741,-1.7401773556687539,-2.1353786601786173,-2.2180255781601086,-1.8999095055568254,-1.0819518601981655,-1.1430135818123723,0.2506851345818701,-0.6110014418897962,-1.4241093447973567,-0.8713747822713225,-0.4060487155648857,-0.5917932519991236,-1.1774529449627338,-0.27508861571875415,-0.013528943294380511,0.3807279839632959,-0.29988831689803597,0,0.055245399347269575
0.8029005663715048,1.203803886561816,1.7607742960055452,0.6595220329068653,0.534410120842851,0.4585445493986156,-0.22133027877725236,0.9529576645772415,0.35660659386866445,0.864134442303144,0.244467111061891,-0.7893287414224412,-1.846522570530199,-2.6889145758236217,-1.4787586929229748,-1.1970993771279157,-2.0769225496445864,-1.328857215928318,-1.2309083039472222,-0.9786051287182557,0,0.002672643521944922
0.09179345277499142,0.2697491459688194,-0.4399653904853914,-1.3066276998088453,-2.286684578671384,-1.4520524916155775,-0.32407241089700717,0.09894488709114521,-0.2205764637240627,0.276384862065614,-0.6978823941472825,-0.1301797318286763,-1.046120248235315,-1.0374035910761072,-1.645335084262291,-1.1441035357098708,-1.2653745081063674,-0.004898217237339837,0.2996210000705988,-0.45256131824291534,1,0.3615889654271005
0.14065001359488788,0.3408751022403192,0.43374144400747633,0.7595675458796586,1.1289943974757524,1.3186954309210246,1.8504718740690653,0.9680569121788677,0.2409636582400938,1.2025575541274505,0.8105737532217648,0.9558854163688173,0.435496985646976,0.18533430592207847,0.036953972798705784,-0.26522535808529035,-0.9851785617760637,-0.0744106397103766,-1.1074821410986975,-0.5154148005172766,1,0.8439285165725054
0.5736167781412242,0.6175247636974136,0.33250624989810623,0.4148568707947527,0.9638913579937414,0.9305505626804513,1.2527993365454073,1.2764824628027518,1.736995937770274,1.5937786005050312,1.6253477932658553,1.1210272064584978,0.4921745728886461,-0.6852662026646597,-0.5002554629590517,-0.621081437287466,-1.00179136738581,-1.070138205394801,-1.1529678602711702,-1.084992842585416,1,0.6321027389753804
1.1605951206165632,0.7534255539957839,0.4846679219279581,0.9650497852962546,1.2843282206248403,1.1165099769127238,0.4554943631915357,0.2973199682222225,0.7224410133399544,0.12858723352831877,0.08053280765912114,0.32910005941892456,0.1899007132974233,-0.19359205161254472,-0.6933443283676537,-1.4340068340288483,-0.7978315777463915,0.1456278357724032,1.1730043660552207,1.0886914113189219,0,0.2812158669011272
-1.9458812909422105,-2.2543240695530864,-2.5201994446827323,-2.4506614059869243,-1.430082635295507,-0.2996132380655487,-1.281728668450217,-1.2144260410391063,-1.4868299827337388,-0.7081439746921734,-1.101561709901508,-0.6451262624905422,-0.2977002805593104,-0.8203537584149612,-0.12240171813336724,0.5117235765028089,0.56022557901278,0.015874870291306346,0.390460592075971,0.04675338842069362,0,0.01979018273288031
0.8332766240505421,-0.251444076403682,0.9741187838862103,1.30379025847353,-0.05552349831532597,-0.30886649290731116,-0.9397049882158627,-0.0746189535383526,-0.22190175280764154,0.6349513099737276,0.3889629651763224,1.0276732617357411,0.10713077695972957,0.8027570847053351,0.31595050247041867,-0.545490283341469,-0.21035189879295982,-0.24670464138120918,0.4885222335694494,0.35748130595805766,1,0.9190187078847011
0.5821499883378273,1.099681285868894,-0.1653869129598809,-0.6296806760118162,0.24203965529034033,1.0865513375599694,0.7742969055678876,1.0024191300804766,0.11634548727304124,0.38981792083514005,0.7195816021293822,0.9500893704435033,0.3202518397345648,0.10328807090762433,-0.5609029039649134,-0.786514986066375,-0.4251660407280377,-1.5026503708777883,-2.3927695344778788,-2.0790595805624723,1,0.8693960352364027
-2.0742771790757972,-1.6041252388120555,-1.8273192656112576,-0.9775515605774179,-1.3856756022932497,-1.6927028022757475,-1.873203510221304,-0.9581009342305135,-0.1086195081490904,-0.695422196365741,-0.631933149225843,0.4160775158069485,-0.16040284474698505,0.08483899526609329,0.39375275660391484,-0.9730443566907898,-0.9971635717950064,-0.4508816176527586,-0.5187555533923268,-0.10536930193445328,1,0.2402967753024827
-0.9642244370679963,-0.528519735615208,0.7649521909452985,1.6441942040208326,1.3828010895587255,3.054778143148186,1.623653291693289,0.314401579281785,-0.44123945631118716,0.006173396897716404,-0.565695768375264,-0.5835685818536993,-0.8591591076426927,-0.2248095549967072,-0.5420922273305574,0.1609257597269741,0.005928957193939455,-0.29722224047744517,-0.7986554702935634,-1.1224509054961824,0,0.12114595156711261
0.3082024022897637,0.059062418519830746,-0.5251084656932317,-1.1877931747855945,-1.2673633314328352,-0.9763319354549541,-0.5997855950055108,-1.0293990204955028,-1.9794105696752178,-2.110549318867874,-1.3223718766456585,-1.0931974499111634,-1.7220959795213475,-0.47324424437588336,0.6395055814739373,1.1673643473465045,0.9811502657637612,0.864934313871893,0.03965372376986185,-0.7584290375469922,0,0.18567576048307372
0.41375654269389434,0.2650245084916203,-0.4158833688098074,-1.191844871222783,-1.6931304318610059,-0.7628153819337484,-1.3956167486699809,-1.023833922026889,-2.336320708683696,-2.0919678500875794,-1.0879262388165756,-2.014746351361709,-1.9188133128047369,-1.0055134613483987,-0.26261000254123423,0.11284830482042486,-0.24642959324450053,-0.33399279881649524,-1.0784547813448289,-1.6582466666571745,0,0.12790889812500297
-0.14992721202207204,0.5446722546346237,0.5908416752392639,0.08007732775265293,-0.37444117796189547,-0.6359729123612814,1.069523624244207,2.007795728634163,1.8937470677440034,1.7708431233588449,0.5937010041672327,0.6396321442227771,0.39216252469896884,0.23520686434697238,1.105213443455458,1.4852754908805696,0.5637194378847878,-0.6348290553785851,0.006997040392941256,-1.0340026908035085,1,0.8410211108196431
-2.6085135294023853,-2.525766174029546,-2.4795808361551295,-0.662371860735537,-1.571122651947097,-1.7791294067117194,-1.622520800191871,-1.1880382248028947,-0.24201503767749322,-0.637725230556835,-0.14572056283590196,-0.5270580781307704,-0.9292725944086679,-0.7493899822951869,-0.11943774323331373,0.025813226519637602,0.2970728754194315,0.3821088042948416,0.699661131690521,1.239496113914648,0,0.2240615952762604
0.29269099749587696,0.12950364344055393,-1.0970732191139765,-0.38210197941505397,-0.1758032262927952,-0.3026234163339229,0.2515428313616855,0.5760376263626885,-0.1298151457785041,-0.219177014813703,-0.1639077968102826,0.04242546728167827,-1.4845668253424313,-0.8292027348926524,-0.15075683563219575,0.0008100056842583775,-0.893417710624025,0.4233324791160843,-0.45646044917578243,-0.989820486854292,0,0.7141998577310531
0.9216667621558571,0.6292414911703406,1.1488038641618945,1.006200330317391,1.1220009020317578,-0.2000268536281454,1.3160710506665196,0.7229502339491558,0.6509137160468819,-1.0981641702273381,-0.21765792434653508,-0.1736534989610041,-0.5654237235337016,-1.349769216848515,-1.386172754730931,-1.4941688224547205,-1.011335222680888,-0.8023299431814064,-1.3263954846545303,-0.8008415532239437,0,0.01825311999356635
0.199703417399934,0.10554736961472495,0.06634474063972924,0.885262927753377,-0.7194357011249578,-0.2797497313679275,0.6424662467506206,0.704155801858712,0.27204370225822494,-0.24839231680187,-1.748176081774967,-2.2587500633513486,-2.6174813661981067,-2.1963781657012365,-2.1181448282088886,-1.8126903202836542,-1.705163779838575,-2.04515819429927,-2.0135252271393993,-1.3308599558818488,0,0.007962396999956095
0.564008349062522,0.31906964885853856,-0.24475941169298832,-0.7371293451070644,-0.6485252693704976,0.34398877041646303,1.0766163565841795,1.4743916598557623,0.8473698746822758,0.34147218421735487,0.5132147473830083,0.12638499467166733,0.37505996735605296,0.7577921723847282,0.3819922222784731,0.49599010019564443,-0.9028216672352962,-0.09860875508772188,0.5491408367097077,0.34669980994794003,0,0.5612292543940942
0.03393879572841755,0.24322138834932272,-0.008750743650263485,0.11615316479421074,0.897235676853072,-0.16472620116564454,0.5929119385901218,0.33297385659012657,0.774237945116091,1.4514348429936024,1.1224273759636367,0.5639945043727643,0.3607759070225921,0.01520093423774064,-0.3040191511898365,-1.0978040336579202,-0.7490759939063341,-0.7288793393420904,-1.7634434731010116,-0.42245753529984215,0,0.6459001002400129
0.8241458333996328,1.407581171359211,0.4313014514792387,0.3405653243470977,-0.07866109964119548,0.9234052255353532,0.375856527578899,-0.10777050284001896,-1.1239566740681766,-2.2031459506669377,-2.1320932916809547,-1.5134417805498879,-0.9636912744569942,-0.30540181453568865,0.927186099211859,0.6778756151106381,1.3314823715488244,-0.5387448036936374,-1.0229632128449209,0.16561640669427033,1,0.34662064561200556
0.18812061847405928,0.9007799862949589,0.4486838338533789,-0.6149483307272422,-0.8955523899128885,-0.6714881162467922,-0.3252530384321546,-0.2597989816898164,-0.001352452693083611,0.9352771942655117,0.8800576578886948,0.11836649824002936,-0.4405202850749559,0.38224035280649277,0.2840897472076266,0.3109753747604469,-0.22363095173642497,-1.9693442120182498,-2.0561861768316905,-2.062769388611913,1,0.5572302936836399
0.041489287746946754,0.006934730066010011,-0.4376385581746426,0.43161669284905785,0.9424311909146904,1.4660985920390044,0.7519196784868221,0.46959047587916036,0.6404953995732264,0.2979351862661076,0.7812370861531619,0.6693222503735877,0.34781981507137805,-0.02076494958565116,-0.13672913234879344,-0.5114250985746951,-0.2099551037625426,0.3402442026932451,0.7467050994027142,0.05873530370703093,1,0.7434124507750871
0.4036364280498213,0.3201461497449452,0.8163111726675182,0.6058935372385014,1.0082309810140955,0.40628107867978264,-0.07199012183695097,-0.9368155382884756,-0.7933469306684391,-0.0900639318466747,-0.8347805963481838,-0.8161424381576566,-0.9576898981158957,-1.4663152385618117,-1.5212929011847958,-0.6735300817431725,-0.5676100602269735,-0.5225703345347631,-0.5481639247630763,0.2348974842365334,0,0.060563562830617354
-0.21494455061153075,0.2519331980002083,-0.05679913839068979,0.6496442970287084,0.8626240479296508,1.1724724699583629,1.5775718358115975,1.0490710304045263,0.2217013014263881,0.5435922056801306,0.07662841916720346,0.1107371465348432,0.2221569359287391,0.3691823650095794,-0.30008157646046174,-0.11194542958415854,-0.13942361021719998,-0.07900374473283837,0.7833232313814162,1.3371938270751018,1,0.6594556443200746
0.9076626293526479,0.9914001464773345,1.402327482627322,0.47729745776311194,0.49598007785315873,0.7894375891561415,0.8468598209752217,1.7204712190153735,1.2399734375135931,1.021040480873772,-0.01282893273530288,0.856909310268525,0.7639980442619988,0.9557828889155233,0.5449268644600864,-0.7077805484057408,-0.4789659274729264,-0.8853740606750824,-0.10146043349441104,0.6367691060327074,1,0.7680835251808455
-0.0257324414187895,0.8112011870921197,0.6414173989617833,1.0360988046842583,1.4362814424558776,1.3368319798820925,1.3429482008265556,1.8179658297939094,1.627559003225423,1.4874062414421116,0.963549579391665,1.3359271350418698,1.0455888475304087,1.1603059413667873,0.41098743546554506,-0.3974509764360889,0.9783462694149208,0.645345933450317,0.7194626705668841,1.1501250472346802,0,0.8594005078817816
0.4340989694016956,1.2273031825070755,0.5744770371337684,0.9882438900631092,0.04589711035569069,0.014846695179672378,0.0956660916484277,-0.026421342398967478,0.5666896377677691,0.21021709424674326,0.15309312372226117,-0.5742946975366701,-0.6139117929309764,-1.016069141617472,-0.6091778621975814,-1.772812674575286,-1.9890857015983925,-2.4655586857266916,-1.4688997034412363,-0.8643222885359563,0,0.10942291397379422
0.05533750635131823,0.0001137717347958021,0.06768499012433099,-0.40408741568243595,-0.048692283842926586,1.1552227638693133,1.5025698235132678,1.0929702718587444,0.7390514230136355,0.7403021528787631,0.6493019123294433,0.46465635670653266,0.22652914319872566,0.014178397799711483,-0.7299365686077067,-0.811714241291017,-0.34175919318958403,-0.6401945201619552,0.5930717021615904,0.7965646719830562,0,0.6680803991675158
1.2962911340821708,0.5818861554503993,0.18679960253390845,-0.3828585328493893,-0.43953530111377886,-1.9028540892283703,-0.8067345951548788,-0.8314674971161851,-0.42811880709228645,-0.1643030827986138,0.03711484341476397,-1.212256393687927,-0.8790080190137092,-0.511708415675766,-0.7874882355263878,-0.48606046779824047,-0.5006243319749829,-1.2500929887519876,-0.4775413049274439,-0.7954640080583926,1,0.11908724155995577
-1.4334976685140424,-0.910097676953772,-0.14189956653259633,0.17338973713115027,0.2606837568323365,-0.5042876550009673,-0.3019068713359842,0.7266441825108299,0.4532394717128897,-0.17477681831110467,0.1681277143528052,-0.4436787288203718,-1.3573002094747748,-0.4306194923869179,-0.66736778650851,-1.0155879258167948,-1.5204020378753005,-1.3823045446854347,-1.3424237160384582,-1.1530675097128456,1,0.44929968592223263
0.08432392534030438,-0.2539809889665215,-0.6769407872779056,-0.06810216547004083,0.586342997949241,0.9600314431727802,0.1816350393835797,-0.2649709543397486,0.15556399429547688,0.06902514353871692,-0.2763940453469005,-1.1110114318049176,-0.641819477627846,-0.2897510166761479,-0.6107419874770179,-1.0657994065759002,-1.8615134035247451,-1.6638589840150038,-2.2145371560128906,-0.7111860664355424,0,0.23648435325447187
0.5925886845551056,0.15465863551985917,-0.3523088494434229,-0.10756746961674261,1.265643152494404,1.0927384436082188,-0.2697579869332196,-1.3845179362115665,-0.7821453551052483,-0.3753167433726229,-0.9796420879839747,-1.3769951378766725,-1.1843500241421732,-0.9293451486255675,-0.33196571737200575,-0.6138901631275521,0.002216407483708917,0.5443127554977114,0.8025961378303256,0.03667594365569344,1,0.12324986787071421
0.5743554917994121,0.2943955422873729,0.16090972610660217,-0.02679441246318471,0.523711463283025,1.1955051841386566,0.15951924901634942,-0.1371836955404754,0.06984468316206292,-0.20000166329810876,-0.120877552657127,-0.42072487429758926,0.2367612779850453,-0.33327125002919167,-0.5032570250020666,0.28005907845345807,0.010254277827743363,0.1478823229936424,-0.1344644547826297,-0.059743326857589256,1,0.33507989708191965
0.5907786150409052,1.1738116355300372,1.5339247962694242,1.9329033254600791,2.005451736025545,3.185867941209872,1.8267328692861284,1.1975015669186797,1.8885445849409215,1.6975113960573998,2.4904739953996646,0.916124196277679,1.0365954772286035,-0.13734637954140566,-0.5716676808053633,-0.4586316183168818,-0.33332389159612386,-1.4273957845983862,-1.4905808724876544,-1.9380787837932012,0,0.04398340385962825
0.8486988848260157,0.39597443203386656,0.13575537600800552,0.2901924570928762,0.7555214073048834,1.47703263373917,1.1615052167832196,1.2841286914732812,0.5426485715923708,0.41010905839023853,-0.35787898201562457,0.29526173300255215,0.4013166471298767,1.4134532149979322,1.269339150118032,1.8905470140418603,0.8775774333697575,0.2164621965205231,-0.38856781555916103,1.1947636804471644,1,0.8303478213119162
-0.09917690400636264,-0.10365344250340076,-0.4981862987936514,-0.8292379582923358,0.28323834787696717,0.7820929371107485,0.4914452165722903,0.7816038864273437,0.44673911956082135,-0.23705517490635017,-0.19606027462887468,-0.21679944913020627,0.8364633768543347,1.108062757188262,1.5079869288362502,0.9206698272078482,0.8541884169823233,0.14085031650732452,0.13325599658494963,0.5562299014506028,0,0.2879959605453695
0.21912890740258695,-0.11347045828781542,0.5085775011815558,0.4713408008364156,0.5541781973417608,0.9504416940692245,1.5266326511755122,0.736498629818624,1.1960557628653663,1.255893192787143,1.028890108401148,-0.34908182316598896,-0.5009575686490716,-0.23846145689178555,0.42985364263686454,0.052000678402695025,-0.6568632637681436,0.23092245368356082,0.6333401561275153,0.3442253092840497,0,0.4240720222553221
1.877216938774184,1.6827962126485674,1.9746964033738352,1.6792275250995998,0.5665019065648408,1.6433927775506416,-0.644973587542335,-0.23476234484586272,-0.8591068300965921,0.6774468899797732,1.1594271150284545,2.4943576461378227,1.7253398989459812,1.7465498122319314,1.773880114821884,1.5530743144589216,0.679676664001543,1.3574511738498236,1.2235329148535252,1.657234164210898,1,0.999365559442409
-1.4450511223216305,-1.7601639993147027,-2.1167511649806814,-0.8352322769743146,-0.5957266858713637,0.4821886068421,0.9577988789557618,1.3630166413482463,0.5432304055079988,-0.9564638701437768,-1.0243664051177328,-1.7442797764186386,-0.9923268163634446,-0.16988774952946922,-0.06786658236190089,-0.9044490076150141,-0.3184546735962433,0.060955747650413644,0.4107159806918635,0.3738157981799797,0,0.2937163834631142
1.1498566809935644,0.8982222160286877,1.2051312536334189,0.7767118396495842,0.9710784231722234,0.8422882396808092,0.6915003978620855,0.45688347770637316,-0.7392397342850244,-0.7884350626619406,0.3825062913430216,-0.3372133962448944,0.04671682094685993,-0.17708043987715644,0.5580343871007499,0.4402616997730001,0.5296050842772521,0.9178367888227418,0.19012475158437403,-0.7378992195660194,1,0.745632145810044
-0.9357338190631046,-0.9475612205212982,-0.6488359738084735,-0.26243729204247224,-0.19959232962428325,0.3473702210455093,1.8012754226136503,1.5940130459273705,2.058044844274734,2.713334827840316,1.1254232614112598,0.2083984229968383,-0.25959134080139734,0.5506909546841919,0.27777978217585847,-0.4521461368441055,-1.180174452776816,-0.6748593928380014,0.26031633530268844,-0.19329342119375087,0,0.6007589663907819
-0.1659214421542962,-0.8630914036023287,-1.3091619780505368,-0.8930542385221282,-0.6142775010697432,-0.33831960593190985,-1.221443188602395,-1.5942174071716972,-1.174903823125116,-1.39742810483634,-0.7244444486225908,-0.9082992786486191,-1.7051726260472244,-1.6710099881564293,-0.872072773803204,-0.3956162122259486,0.4091689108845841,0.2740855672475643,-0.010045366333729645,-1.1212914669450293,0,0.3185254936654672
-0.7704033371596659,-0.2119904384020904,-0.13975069089601938,-0.5529548994868144,-0.9911009428365926,-0.6623504830798573,-0.7813577196613722,-0.8133060612453739,-1.7938322667638131,-1.2238966535347073,-2.3817930569491317,-0.5137275022224637,-0.01168045018138318,0.15481808942586053,0.04977218265306906,0.31044132684088976,1.0976917066630578,0.5046456971467969,0.09264566148045243,-0.5757674598595492,1,0.5816541844832376
-1.3033116573743766,-0.4343528021376592,-0.8832230785159711,-1.566885777524868,-0.6678173109083355,-0.7719939831270453,-1.205107915888321,-0.6129844233427415,-0.026224422778699283,-0.11736960955018935,-0.2241430549876482,-0.6938090532440937,-0.9488181177869981,-1.4437787971096863,-0.5706339029004212,-0.33084995541578516,-0.8929066293416621,-0.11083951522274534,-0.6259573008370537,-0.6896271266153212,0,0.18329060855485962
-0.1911594290935757,0.2923553294697751,-0.5817029919430892,-0.4902510273905673,0.15885471636898574,-0.7027789551626318,0.07291667674752304,-0.26156397579375107,0.31490980370992755,-0.5134154275031176,-1.0548460200806338,-1.7490425928790039,-1.9673694506243773,-2.0805327903278954,-2.059050322172326,-1.6068391004124787,-1.084225745693407,0.03818775379993486,0.04990566495992975,0.4118141359422402,0,0.10249195183180729
0.05295797857740057,0.5216802713800885,-0.5996454234633869,-1.2930259393721357,-0.5988257563020133,-0.09497777283244467,-0.19240885097058277,-0.43223584661711234,-0.7555128639948809,0.07086073150247746,0.09421326069131235,-0.0030116594790292567,-0.5030030908602492,0.3766784931494938,-0.05611636370810109,0.915966769176294,0.6374891914052273,1.1176902724135545,-0.1660206662826105,-0.1896022308782203,1,0.4128745347414864
-0.3662569261069936,-0.5100151792476717,-1.542583082990206,-1.8701617436843603,-1.6534625435470194,-0.45425964284457343,1.2275848800327247,1.0426737507161667,-0.45453863427970237,-1.0446441025205548,0.0325707308626394,0.4136200899410208,0.7164586679560268,0.7335673678376639,1.3912880221026152,1.0615938878645577,0.9231368207894234,0.9445750468665857,0.23428302189411937,0.1193225941559115,0,0.08416250363421095
-0.6312239756040705,-0.7504211881815455,-1.005450479680143,-0.24946029063071987,0.4102172244888796,1.0440552109679102,0.6628160955987563,0.020667379307843823,0.4376413127673609,0.6733012680183281,-0.348328224071311,-0.2682773888077942,0.15546091564032502,-0.6012300157058815,-0.6188357567059712,-1.4571599296054114,-0.5119250299469713,-0.9634108017355616,-0.3925407281539652,0.9924168157778096,0,0.529172855358727
-0.7421959422852467,0.12856492501571143,0.5058352039519058,-0.4064591894779208,-1.4511820449562942,-1.3097126983716003,-0.5159994814884045,-0.40630086616633876,-0.5569122283949791,-0.7840074219760684,-1.1468441933173914,-0.9043274518749419,-0.562739738243177,-0.632405312859922,-0.5749972059855403,-0.0894288927661345,-0.6675661203042723,-0.6607010612903993,-0.9463356707268484,-0.7555424886822928,0,0.1834700963890021
1.1862867859856787,0.4520921801017932,-0.0687548201423379,-0.8549846113832333,-0.8662811044208735,-0.9205933565117551,-1.3299043436074331,-0.7862686610564215,-0.7342446026560341,-0.295928560136762,0.414426338102937,-0.18381149332447783,-0.30198111298228064,-0.22548721208589073,-1.074956633792427,-0.7120032842202806,-0.1544027956402269,-0.5961574409607021,-1.3772175600962226,-1.3020520713228723,1,0.414231313302425
-0.8988222032546026,0.42607233833831787,-0.051589101691269235,-0.4038943016834221,-1.094474208703463,-0.4872503533325695,-0.8785838754795313,-2.1627774533970285,-1.336464734267398,-0.7453313380264118,-0.4859960991855729,0.007035313018858627,-1.0463793063771591,-1.1263986533593735,-0.004637977260176951,-0.09596794267673263,0.5622106936719059,-0.13391843514483665,0.06233145230916932,-0.2439997367415418,0,0.5123761841738429
2.259926117188312,0.6118930429303288,0.20769256613102283,-1.5595663616055355,-0.9616412999746909,-1.7130984314484148,-1.2758925246109716,-0.8275680032328139,-0.49162139454209763,0.35445665089753986,0.39211431108818867,0.816233478452462,0.28672599294374707,-0.17383232766245213,0.038172693071394294,-0.1653905881222263,0.3323792338817903,-1.0622629462803939,-0.11834247520588263,-1.4108816079118207,1,0.6233957791859331
-0.5924723886700619,1.1068028463913397,1.1660735770200437,0.35633717061967085,-0.03695812969112002,-0.9613063601990267,-0.850922536807578,-0.48911062161704283,0.14516075060179448,1.6761771853947878,1.114524111818006,1.7873702392002226,1.1749570762527388,0.7724603266404663,0.5580437325972052,0.8854837194492399,0.05742710358968417,0.0704243822460058,-0.5124141594009028,-0.5032189990153314,1,0.9689382985995907
-0.8659949659800499,-0.591669253828984,-0.19038557824994853,0.12698045329774899,1.2135089253174165,0.6229081453080754,0.5222832220403706,-0.343026786863762,0.7725641568309273,0.702897527771307,0.2510618991387784,0.13236562978563376,0.7555136832448001,0.33503503090447484,0.3087405747621199,1.508391076246508,1.0574008068859249,0.557761716481875,0.7283165400243728,-0.22659128752267885,1,0.5084532714985247
-0.34266541886104546,0.014020484120454228,-0.6142485402218358,-0.6037510620269363,-0.10279657194609218,-0.7106106544792969,-1.013363353126879,-0.18846321604385197,-0.862704281966291,-1.0013263158120944,-0.5561633191757317,-0.1442935100410359,-0.3986632368432173,0.7802526367574928,1.463726692582829,1.219627263029319,0.5537217678200869,1.545373582617738,1.4502821946873132,1.5528478829226633,0,0.45228982783306265
-0.4390601169300688,-1.0589119852730413,-0.9106847639436307,-0.83845510619189,-0.7724857488547108,-1.2857273917625502,-1.9811025689174515,-1.5997544510450883,-0.9391525860026273,-0.9210519020311464,-0.9338468594152454,-1.0631634299295514,-0.6768786291716599,-0.8319321417742966,-1.0006018470792228,-0.5418871526944108,0.31808872221531725,1.5756612544579454,1.4594155309761079,0.3346434071260219,1,0.2693916512051681
1.9129619965210718,-0.5849755682531784,0.22676451315777552,0.5095584579572734,0.4857294952887968,1.6732485141587166,1.2426539463325683,2.0113110838891584,1.7225691669875152,1.9153216043862613,1.255891658577204,1.9403040387190333,1.8568637579963019,1.2340939381492253,1.095338046010764,0.03475710589455273,-0.5253585383879306,-0.20774103782220796,-0.6664558055352906,-0.9269104089584409,1,0.9781293119663915
-1.108305853297251,-1.3855274631866759,-2.023252982797472,-1.9996740678505007,-0.5011617312579376,-0.049528189054024535,0.16331478090767373,0.21841851554533792,1.491978044442506,1.0983073544529085,0.5186175470144786,1.2070053233131657,0.4182158347533068,-0.8140979627199603,-1.3542471533240483,-1.125738730402133,-0.3224587083879199,0.5229785711968212,0.4016664643252648,0.36474297378163767,1,0.9316408205908907
0.4729637345188422,-0.7944594515152074,-0.2751968154678302,-1.012785646305447,-2.0767693839073926,-2.2553640743825256,-1.1753738471031017,-0.5452687651147367,-1.035228747589199,0.043183068233933544,0.20060116304863948,1.559383652902119,2.0395344182634285,0.9456547462255419,0.8769763509508292,0.2917941325185031,0.5311742059201043,-0.24788649978903313,0.35074333927243334,0.9485199055674202,0,0.9094798938969543
-0.7086920682064265,-0.6344198758743684,-0.9042736201724925,-1.075899920033807,-1.0460551097611177,-1.6684007607476692,-0.9784109459078348,-0.8535567935093598,-0.6592939363522179,-0.6042915641785167,-0.3799359573865447,-0.26919973948760534,-0.06208646351355525,-0.11494605743520774,-0.34463542211180487,0.5647368080268663,0.5890089513706273,-0.5684723094202557,-0.850373410609794,0.2421792087083031,1,0.35600123566960395
-1.7188222970262976,-0.5861113541011328,-1.0064718177176106,-1.9134814090360348,-1.8056936910632246,-1.87710456093543,-2.278127395443301,-2.4509405273729796,-2.2339726529381627,-1.8863034499245763,-0.9207097747192645,-0.6261191984837629,0.08903730787378053,0.25518310620743273,0.13863919415500317,0.39943736432497934,0.7105081715878928,-0.03680400455349543,0.22798269003784086,1.3998967539940501,0,0.07498991350802536
0.6127390206328862,1.8259254272483603,1.661791705433077,1.7496107568789605,0.5892108795262051,-0.6760321106528442,-0.18841094675045758,-0.8495851224885071,-1.1671124641099173,-1.5926926099348118,-1.9186869850853214,-1.0547920667164683,-0.1459992828781931,-0.25889986653256575,0.3470018657215403,-0.9970572085595831,-1.2854031120817275,0.2527335409262625,0.7577355617794661,-0.18435989163122976,1,0.5382309820471078
0.16232682355742092,0.7617950231057599,0.7578678231991886,1.674275480501739,1.2455747291643362,0.29854443263710967,0.22801278434004454,-0.5407770966777549,-0.1271776339741988,0.667713894918965,0.019056019313696757,0.8645220222937353,0.06332543953519401,0.13567397844124404,1.0603000237098634,1.270658122743196,1.397199269530291,0.881477862683358,-0.5103796558224662,0.3688403945870652,1,0.9635527625397869
1.325460052870595,0.6886625442211762,0.5029615098649179,0.34230808749465624,0.0647586778084073,0.6070556680033521,0.7502248196719824,-0.8455578094729435,0.09666271128646425,0.3869222137541293,0.9836729079024568,-0.08587006786875317,-0.2814684816679881,-0.5815598243612522,-0.3720930464608476,-0.17196017314370488,0.38781060663464656,0.501075106636122,0.9580461649451997,0.2951100514763048,0,0.3046120382963053
-0.7125657548578106,0.15588913808098515,-0.2149655556417205,-0.49286403792608924,0.4158789534422826,0.1422923555395815,-0.12618849338073818,-0.42436557969013006,0.8532197753614599,0.228417010922658,0.3456908872498938,0.6836415542963951,0.30985128378492505,-0.1606566946375674,-0.18181669256685043,-0.8570886215565209,-1.178317203614238,-0.5523715143238682,-1.3199021815416938,-1.2467405282269513,0,0.5667309399649305
-0.17656793255534983,-0.09723575361081331,-0.9068517884861204,-0.6002862633106719,-1.2255412864602857,-1.2514080347394143,-0.7993467691452241,-0.7025044343343753,-1.2589666571076639,-0.7396663002986076,-0.17040327921803028,-0.4753239560289278,0.684921007388591,0.5837654566151913,-0.08548186610789804,-0.127579507841492,0.23231265468380569,-0.11443866192300434,-0.05443422577122392,-0.7890588287399051,0,0.46023021696959265
-0.383636418552216,-0.8889058006555275,-0.7023695857451747,-0.6722241140442206,-0.7226039594538987,-1.1615739579752142,-2.0048869308920327,-0.8284963775770227,-0.9880323228864284,-0.4706677255515904,-0.1728334224978967,-0.37928687359902324,-0.5486179822831057,-0.21291211523051065,-0.2587578463870299,-1.182518684336918,-1.1571142797812703,-0.9945919283298932,-0.8525914672800097,-0.1666884824352203,1,0.49162517120523946
1.5053442944236974,0.01212803976908593,-0.8952857153008106,-0.1294864111169038,0.48841273248088996,0.003922949707983751,0.6066578092068549,-0.5473328458261502,-0.1095662475211552,0.3176339475897326,0.828664991440416,-0.09084637745635693,0.5485039537066081,1.0618384561404643,1.3508924129722082,1.1470067746661246,1.9954517429559633,1.2448487867981355,0.9300501674795075,0.7660712709448598,1,0.2742954823268723
-1.6718632478851077,-0.5574263441391913,-0.47229325353751495,-0.675977713806247,-0.6405116078427755,-0.7568177913285552,-1.0090782744692577,-1.0034701818785245,-0.2847194221460489,-0.2290501174503618,-0.06116531312808613,-0.7888804973782317,-1.239853824132656,-1.6812293946239443,-0.6396932188036292,-1.0420322694488504,-1.0522500976820341,-0.7239147689753083,-0.7208384614989373,0.6831985949832087,0,0.23739262215434687
0.3301311655299097,0.22823451596285613,0.8917461001193454,1.236181909347167,1.2739642806043723,-0.003276791438821523,-0.5908944898569825,-0.83588440271046,-1.5428175899541472,0.2522949984183181,0.02092748993809235,0.37692244267604136,0.8904522480757228,1.1277256771697597,0.7255692590765593,0.5343645187663565,0.7311480602138434,1.2260618921434687,0.4983654595056025,-0.3945593241017402,1,0.9609678001890828
0.903551225686476,0.47618325342506723,0.2879408224837265,0.4341979835542666,0.94779753896248,0.12464706348870358,0.3064113056920317,-0.5314189621890449,-0.3099571415816323,0.6110642574247279,0.7140131397767416,0.5197638646813891,-0.2001099744662946,-0.9965133132918018,-0.6661054522275182,0.6404782535465433,-0.3692374581049703,-0.4288684981874436,0.5387857797515034,0.33928111060740407,0,0.5968815409709267
-0.8182697000875622,-1.5763122714953373,-1.0359523499043126,-0.61753328282853,-1.4592240989534346,-0.13654151174169946,-0.29673661283304004,-2.190311107694501,-1.9594829251134973,-2.003405012216041,-1.3901037122457895,-0.5889148805161338,0.012432290836336752,0.5088422977799939,-0.283639056450731,-0.455993738827615,-1.0275898621078126,-0.14079836595154302,-0.3669198723234392,-0.40171888271673223,0,0.3020003214319299
-0.34571619438608653,-0.36391889401708977,-0.18629282379951004,0.011398779609069928,-0.21282946780129905,0.18685363625487397,0.15361078882009735,-1.5959886212596,-1.754778883581385,-0.19439768498292967,0.5904560075147413,1.0421836236330584,0.9657673773019223,0.9586390117084168,2.356908148499265,2.1626251055855206,0.8474220762747107,-0.39450181541224494,-0.5541903128100262,-0.44136123707344094,1,0.8976227488988869
0.9220088589885502,0.7739862416461423,0.12498755375619594,-0.60664957884563,-1.0458843834569513,-0.23284892828424517,-0.8235970156672412,-0.4869893518769096,-0.7217881912594599,-1.1829970595788892,-1.609154063865321,-1.340322084600567,-1.1593946709465657,-1.4027034637982272,0.49812678392077847,0.6322289699393394,0.7737706669910946,0.6419047790577439,-0.19273383743082664,0.24611169209497707,1,0.18423577501520616
-0.1511117933254744,0.09761551696327775,-0.1530357509659001,-0.535527140097371,0.2249789634566373,0.6108622656594836,-0.5837635882993657,-1.0100999415262732,-1.5993914721864444,-0.33257283307918795,-0.28260927172326844,0.19150000652084664,0.7407495891735034,0.021459380809615257,-0.33392909388055386,-0.1072043691045432,-0.6358728199870257,-0.34017966937798777,0.5021147482421418,-0.10144857293249286,0,0.722155469084872
-0.05207070253083293,-0.2001329788134392,-0.6196600387586995,-1.6841773143251328,-0.94445975759638,-0.4633332087623454,0.2385266003647722,0.6973860729472537,-0.42389470354186876,0.5993724155987005,0.804053519391847,0.12037590267915205,-0.6277043081971503,-0.2333713381499016,-0.4110527675451302,-0.3878547054640661,-0.14983467141588266,0.1320230505685794,0.2432471743731694,-0.7780718451081627,0,0.5885249653593986
0.3197996256949956,0.5731805132949596,0.722024057373189,1.6746245594419773,0.2235046263538026,0.6482822211803275,-0.3700591174913933,1.088078014200042,1.3734380346601542,0.7115265047570777,0.6622271003564729,1.6137701784544898,1.3644312648764887,1.910745093986825,2.000675172289942,1.753967721637832,1.6033337950637214,0.8810065177258218,0.36812395840125733,-0.2925968688650551,1,0.9962934109099876
0.04027778249279206,-0.10741017272829075,-0.326764188391226,0.8160404959263259,0.15123450675576866,0.6273074697583988,0.9287575739865443,0.550934707649396,0.5451558612960419,0.09498062069032925,0.0052519718617555465,0.053699654685694195,-0.06403093587853807,0.580612244429299,0.7862022395320066,0.651970929235439,0.23423732784140286,-0.8064386908426618,-1.6766303838586059,-1.2743088086229852,1,0.7479330915630527
0.5554680644909701,-0.9114845755546186,-1.2554438082892607,-0.7372983531361758,-1.0308514762476397,-1.6640828605601932,-0.7878130518274052,-0.39096531989807093,0.9099033924642095,1.3921672194249315,0.7958865262120147,1.233145419452377,0.8738531804778622,0.9757617732866005,0.9564120493402113,0.419213412872976,0.9502370401621372,0.767145692500696,0.9610753597763991,0.8111198765527478,0,0.4759318376978699
0.9106067569980628,0.5686166661047085,0.17535275822451243,1.311306944341651,0.6748671013834417,0.6692282197686316,1.4226028998532156,0.7230409445407071,-0.4146433161504305,0.08980366873519954,-0.16437589209793876,-1.26078495444795,-1.4966992002229322,0.13994902130846518,0.34035194474131036,0.14539972065515772,0.8492598142002109,0.4576655558668851,-0.7418912543029116,0.19185895714493348,1,0.43242107557150017
0.2982513853488757,1.248267962540824,0.24485621403961133,-0.6443544814260654,-0.13974877765367907,-0.5776531124677805,-0.4922792745525353,-0.0541250604460909,0.08607225657683125,-0.3317042145261673,0.7793895973821718,0.7990193179747892,-0.7439756336132495,-0.2419556821981414,-0.2517438863311368,-0.2667538016968963,0.6608117973676775,0.5898215086935834,-0.8329581667262635,-0.5068460685539854,0,0.6462753347002848
1.8698459867664627,2.558593520135661,1.7782932733064793,0.3625424122265696,-0.029124594587508126,-0.9620297479955107,-1.9928663547697334,-1.850109861212161,-0.6552069593753498,-0.6241764514568985,-1.247717623116133,-1.918487496867969,-0.628446875962218,0.7171620420142211,0.5059011735865376,1.181168573851407,0.918718382986843,0.7082047853272074,0.9716089991158116,0.807978002902992,0,0.3561612223758226
0.7285256171530017,0.3102204844953587,1.4761667310804263,1.0329876653738908,0.2948963261671852,2.57029682083967,2.2222829763182363,1.5096779498934998,1.0376949633550945,0.6456483964680229,0.9890190268182896,0.44336599226339646,0.882168317247734,1.1798453849027006,1.2239155291867847,1.673328071666923,2.4902722027870174,2.0787412681241393,1.2822310983458847,1.7642894739165724,1,0.8757205259546617
0.43343625794491103,1.1582260717100914,0.5041205230720998,0.3850133418169488,-0.11428453905844516,-0.6055685450243624,0.013599347293902561,0.6161204257110601,0.24472225186068294,-1.5024926216666963,-1.8499281576585629,-1.2906837583965933,-1.8649989250014898,-1.3791035373881209,-1.4732776491096788,-1.0059136825301753,-0.7948946153452022,-0.2933646088812505,0.005164871356292825,0.3641499660286001,0,0.019691123043164383
-0.35260148348907744,0.6017416419153633,0.38069511216822605,0.6251063149021112,0.9912585832876853,1.0420410501130075,0.09497358907448812,0.001285127213329319,-0.5263395014108192,1.315946023571793,1.2042465296484102,0.513376150644287,1.2012856532495142,-0.16119822318095786,-0.13056176915868697,-0.16233559937019437,0.08235290621697176,1.0325466075351952,0.3373633163440689,0.5694353490828259,1,0.7206539197373701
-0.7395441101613648,-0.21596611714438538,-0.33259048333082547,-0.797032021714097,-1.1599012980065422,-1.0164998454396126,0.7840226922611808,0.6099251798948638,0.5859152604689715,0.24503768408921262,0.9921776173592751,0.5864223301560101,1.1809873931339758,-0.017326603314684153,0.08508906264703285,-0.1036057109929889,-0.1884075375128259,-0.047189874623757566,-1.0081238908457764,-0.19766891593218108,0,0.6003652577467803
0.19003621527976425,0.126892435418643,-0.4600663994903271,0.07098985826178145,0.9366416764837571,-0.1986061712475417,0.600430789546757,0.44950608306687473,0.40209803015346485,0.00562940288239793,-0.013611499993155139,-0.828472658559572,0.25993457701575234,0.7839698136638346,0.8566830983697619,0.5995295926499071,0.6052462864221344,0.6516414644570319,-0.6291930036231184,0.42686142451670084,0,0.4017672570698144
0.1533039532409048,-0.2798766985259308,0.6735620675907352,0.19332916483222382,-0.5143990797854513,-0.3252604712747311,0.29536491769397666,-0.2948198982939914,-0.9946938584979989,-0.8714227906429386,-1.3028205955037047,-0.6231561428797753,-1.7400077014127588,-0.20993201833049926,-0.057484779456916074,-0.5774831731460637,-1.025470075091635,-0.11290477759532341,0.33573847674993174,-0.18545427975193374,1,0.5141351010350967
2.4624734578300247,2.303583361278469,2.718060683999426,1.6497406855216252,2.3308034659851837,1.0049626429734182,0.5941516716916562,0.26417935092221445,0.6560548656472983,0.129655476209719,0.34636663932696604,0.45796558215540756,0.9663795475106465,0.4492878154586808,0.8707773936067693,0.5422078409102139,0.8983218345140265,0.6828161379706774,-0.5184748839938624,0.09650413852679167,1,0.827298962701956
0.4179741312638907,-0.18584236170540225,-0.2907976511651304,1.494261108992827,1.563982729206664,1.7472145161103583,1.019242843033666,0.5018591720645672,0.5292850909804662,0.9018418067426377,0.6962624175426839,1.3858546030125523,2.488846029495781,1.0521273493616217,0.23813919718429472,0.18509973704856159,-1.0078184514409343,-1.440194560302685,-1.3262000231602364,0.08475705054004179,1,0.9029242231234288
-0.8204857192873503,-1.3890859041001475,-1.1872081609028475,-0.9377458191463515,-1.3493928649852305,0.19252298837408763,-0.28274017196725865,-0.06041483923339378,-1.0093965861762526,-1.167290589917704,-0.9826885207920409,0.7558420101772421,1.0630915358718476,1.0868430840335077,0.5864175203393565,0.1915465198656853,0.19830202321107673,0.823972636807474,1.0084439146674582,1.009341880626116,1,0.6326544485655992
-1.3198402175412995,-1.173292719546086,-1.3578066468418104,-1.1367718526008534,0.07920355231485267,0.05680916538838233,0.34930398789782013,0.821549673921745,1.6868535458596232,2.2063588647149497,0.23030401934398254,0.6059366953893202,0.2501611092313734,0.0862832843724893,-0.7395320249183617,0.07343310876856857,0.2853829144336304,-0.5935901502205828,-0.5169176231886923,-0.3595558943545881,1,0.7645751915834191
-1.3447511486645705,-0.47023890179319633,-0.48708149714718363,-0.8438250022905945,-0.7926938747583325,-0.9112325585480004,-0.06363576397207354,-0.34192342955680866,0.1534149850032662,0.6796581435121691,1.7340461978789474,2.4746015403331185,1.9116597332448975,0.7852139001268975,0.3674113722928867,-0.11965452821497663,-0.19121397458744616,-0.4411911969305507,0.005713743615347436,0.46975680221272825,1,0.9354040893349608
-0.20959169358904553,0.17190280416833761,-0.4161749422659263,0.04684766525903513,-0.4600009214834105,-0.3260904832954658,0.0517265452270804,0.04930830197931421,0.10306209943316008,-0.42598682754346395,0.22644241933370615,0.17224365997943042,0.07874096835119267,0.4771919668512783,1.1806515022407948,0.9759390111599884,0.7751597416153978,1.6531943252224675,2.1873365552327773,1.306690303772063,0,0.6616624702747821
0.6692077915603825,0.7045012178612532,0.5800788848535376,1.5116521169315142,0.283423732621022,-0.746406176255425,-2.1744403726993613,-1.4572157428160049,-0.7485845712763476,-0.04853935824988456,-0.26404632018657587,-0.18662741065411095,-0.04478603270317834,0.17567542415119164,0.19454883191109948,-0.019005745233863176,-0.5538087701358505,-0.23901163367190584,-0.6905000355965641,-0.825426824951395,0,0.7470344082993957
-0.16141839673422306,0.37826189376479213,1.1421911703845349,0.9969054623786212,1.1987834049806225,0.4962590993767164,0.5694484608945761,0.030210531188384227,0.4531822117848311,1.2583485407419266,0.7689806631560926,0.5718664122487191,1.161687296053752,0.9464871687786346,1.549413697783413,1.4705433532248746,1.3088939070246197,1.464164138367623,0.27381171666587656,1.8610326994130326,1,0.9722256057383342
0.4199187577664308,1.4898371869283198,0.7273763115787641,-0.6314514517593921,-1.1924068856393593,-1.4402259253390692,-0.7044674965072306,-0.07793873549781348,-0.5237627242863377,-0.8850606971386188,0.34430310457930924,0.14639912532287083,-0.6998276757109521,-0.553302618916253,-1.0777112956372779,-0.664608746095246,-0.7419841087225126,-0.092905160054649,-0.2321560793236435,-0.505883320100879,1,0.20125098527014587
0.9803816676376427,1.136256216780687,1.1507076667427893,1.8292864328651073,1.0823442807816257,0.9692621027624974,1.3349420483892935,2.3097710455383718,1.2248507572539407,0.75671494675665,-0.3231515493261734,0.6043478946281461,0.862676281141347,0.24165164859682503,-0.31797582755883447,-1.3260936321884296,-0.7157512837968898,-1.0661023206412386,-0.8528592480661283,-0.05371177995065722,0,0.21312998686915743
-1.2559022515540879,-1.2221896803665437,-1.412082992807779,-1.0778663444706298,-1.8834836043093675,-0.5264305278734797,0.17846529068988165,0.2885149129629508,0.5436128710577666,-0.752815314753195,0.32752348445347373,0.6671769075110977,1.2497399481112488,1.9894981593594847,1.7186888797460684,0.5224164723589652,0.24031321734312666,-0.3788787395664301,-0.12543090067625987,-0.4978231493480369,1,0.1064676197932826
2.1399574274614404,1.398049683007466,0.32516745074369385,-0.842070565329194,-0.3928879958331333,0.35397925148094217,0.64479355986805,-0.38942809741659085,0.7030473609439019,-0.033898478248130706,0.19661928155956726,0.1903763835759751,0.9611377938800055,0.9244435732767442,1.1329542627493303,1.6145214912325196,2.060006651903127,2.1932522038421984,1.303810874552796,1.4016764946347124,1,0.39885137711573554
-1.3644748996077993,-2.301071409138171,-1.4443190563819615,-1.0365305551974355,-1.1604599995574885,-0.8342674237954478,-0.47223933883787755,-1.1748767793679746,-1.1616266303427492,-0.7638827405972636,-0.5458571548503791,0.05911869027815488,0.3237102662451465,0.17971713875321083,0.24193954682088237,1.146242404957905,1.451956472334688,1.1439330655765234,0.7527126997698267,-0.04623638565830799,1,0.33641781889249783
-0.8368739394133137,-0.6773657276285151,-0.3668398952169441,-0.011995000248435911,0.03241533375417136,0.007818762713768126,0.11463008026923756,0.3117682815609943,0.5807064010244152,1.137479138519328,1.7018172100875595,0.5290013887063639,-0.02583472711075492,-1.5681645625925418,-2.005209047392258,-2.4459004147002963,-1.7476617096897764,-0.7060044483090963,-0.28135126921774656,0.272759899173278,1,0.6535106540590346
-0.8922972118829311,0.3734350136572187,0.6584710570624481,0.3632028877741272,0.6420683647655815,0.4093947573494824,-0.3270042067818413,-0.46200618875545424,-0.40014565474675284,-0.028435653323589112,-0.7720598369147742,-0.7676387590021941,-1.0288238114156194,0.3450327102163686,0.1122527126711834,-0.1930755602250292,-0.4202412353964938,-0.24261967165637452,0.4060876625114633,0.00778457050353764,0,0.3757997799121835
-0.4294036309716391,0.26804723609791803,0.10496485506855215,1.0422756899991208,1.4216918085651833,1.2590366430024678,1.5594824919674952,1.3407650983960926,0.7146034472727696,0.5660419511077425,0.4433387982355998,0.9962214985494138,0.8631625738818569,0.13608001308890486,-0.2844592641833739,0.26981760356720325,0.07408717957456638,0.014495857089960738,0.16500676446614668,0.2859645108205695,0,0.8258846416771525
0.7455563140649221,0.4447818552264767,1.0771630468948707,0.13044224105251773,0.23514546555429885,0.34320389767503084,0.18713823186420928,0.3764892244519503,-0.48259733972025415,-0.7115365428131253,-0.9895612906802194,-0.49508580047402256,-0.1509054353175332,0.3159805764841752,-0.1157062282922247,0.549455935825519,0.657398993775513,0.4402806847079143,1.056044095976427,1.467485602143981,1,0.3820870856373475
-1.0606243755387648,-1.079981081314879,-1.3701996729939525,-0.8823307806971893,0.35204756331146136,0.2108292042951221,0.7731295862813385,0.6864775559452948,0.21220684154025443,0.963756180319194,0.20764926609807327,0.541487222237755,0.24522514757586816,1.4720317524993392,1.4071478370939061,1.4351207540158377,2.1076310174676505,0.8656649658394007,1.028328216904954,1.398354301146096,0,0.3024065642990024
0.34411801379838075,0.431721620661277,-0.6107679788341032,-1.0820311737141406,-2.3396540785316677,-2.2826993025761784,-1.8507637432701851,-1.3894613261532731,-1.3912491282050177,-1.2912904775438854,-1.8277769153587438,-1.3147998837596362,-0.9441082830993931,-0.5794090496468486,-0.21883577079767494,-1.0966727243067018,-1.2639668982658292,-1.358176072670112,-1.4945221494500431,-2.0966072259048767,0,0.12989529401230787
-0.4999683275969551,-1.095838004819823,-1.6331831253040596,-1.1693518522312718,-2.5702511734205173,-1.490242645300541,-0.9913377970408771,-2.3588929471430835,-2.604008915548133,-2.1218578242967663,-2.315628016397117,-2.2885690981138587,-1.9536737656376,-1.679321820893772,-0.8103877941184062,-0.6461211426198641,-0.6410452761228242,-0.30220269604632166,0.35929744236040445,-0.6313770419752333,0,0.06867945870150921
-0.5631702843271035,-0.31686695392300185,0.4218776424202332,-0.03241736502006883,-0.2617262606314895,-0.3870319727394481,-0.19114886401181355,0.8893922498188765,0.27627657330516847,1.6233094519875282,1.3228906513858592,1.1094679344824425,1.1765294554968557,1.4570430108492591,1.858749718383404,1.5854182088810946,1.9356554122378564,1.0534810798963112,1.2342555112116194,1.169557085815512,1,0.9794985415676314
0.16418229962695272,1.070867759261571,1.7467960267296543,2.1119825414110633,1.7899780936624314,2.1251517927305428,1.4957578922557075,1.6387828448012431,1.551026146902446,0.966305634827617,0.2148177044554102,0.6707383130030591,0.8972533821628432,1.1223766723790298,1.938620236243959,1.4035555753000692,-0.2815074342019352,0.3205186382940923,0.07933153141129637,-0.44848833956817175,1,0.9847462733220683
-0.12135388667910817,0.22799690768829112,-0.04678111597321693,0.195366750088276,0.15096796003461666,-0.10856850273033089,-0.6801601966387193,-0.6757636848181127,-0.10117182035486066,0.18921909337627443,0.8856507294976295,0.9274344852300507,0.8215816885859926,0.7872140097713483,0.3122481568138249,0.7239333278621157,0.9373036579711441,0.8928775710609986,0.7986177366874853,0.16542989129726682,1,0.8128554092816621
-0.029323735279265566,0.6185482875319966,-0.3071581939470312,-0.3493038608857524,-1.4713007117426573,-0.12940011948813093,0.9609719643768486,0.23181496081214875,0.7962093830266026,1.0437645451412119,1.1961897638852428,-0.604018268621659,-1.1695808664915497,-1.391319039075319,-1.5084415566407223,-1.6935566550291379,-0.44007752178347703,-0.7837298117077685,-0.5155778702610158,0.2028306335773887,1,0.17918460367418193
-0.6764119241554944,-0.762390611188315,-2.8112690894197345,-2.3245165311106692,-1.7401481265564258,-1.5280995062589873,-1.3471879925312005,-0.8383238495133672,-1.0702750100066991,-0.7077921418798166,0.133358895981903,-0.7734933017825503,-0.6961595984076673,-0.8184626327274273,-0.22211503875439167,-0.12295655217652679,0.24041837681105022,0.3449650884419195,0.12651592649233498,-0.49160500384573164,0,0.017288461854095907
-1.2113878747882245,-1.8437965544459178,-1.569918864058973,-1.7010151994041598,-1.2579360366911627,-1.864793105446154,-1.8723248815923217,-2.1872879941073053,-2.419922429725605,-2.01688261928895,-0.48801456127441706,-0.16935319322176268,-0.4177460068212498,-2.006574666534715,-1.8700063019258089,-2.546247600483156,-1.530852731746686,-0.6548839761500834,-1.067997878672842,-0.9832543710629671,1,0.883449660576988
0.550788905292551,0.6388637779136569,0.29713175117872126,1.0505156461617984,0.40067614598732904,1.0151513073762701,0.5000609252565441,0.5273152269068937,-0.41298836993054655,0.5657336045872068,0.9486951917701704,1.148829927667354,1.0936407765129375,0.5332134936987122,0.6002838465450316,0.0030776101237546642,-1.3676345044121787,-0.6735877304031739,-0.9195389281911917,-0.8038424102044752,1,0.9422562906920797
0.41334447641261196,1.4518610025462346,1.3007115930897923,0.5464490030898761,0.8422966202946174,0.912503962212712,1.5074892632222907,1.4250578331760555,1.007453498218096,1.0041716937248963,0.7403825207660469,1.3534648150388449,2.07432299522055,2.8919807537745696,2.3774685446250357,1.9862613062352148,0.770856926272489,0.1959291919176165,0.8652583661345858,0.918893824453015,1,0.9970597435128777
-0.8862994870541209,0.207292592784617,-0.23572320632775345,0.23951535736352172,0.5527953084457419,0.3240071991930865,1.5576864704122966,0.6785030292860212,0.2580890021088234,0.42715481913803516,0.8774463235201372,0.8706054477728796,1.2427092277459504,0.9077030522264414,0.5029144045652398,0.4214848359216364,0.40850468044679084,0.3249269302620218,0.8340677023295424,0.5603524767120263,1,0.8726662108819727
1.2769982843224477,0.5661400636285346,1.2753770158403932,1.184109468430231,0.49191831638973665,0.5796267788830508,-0.5694604398542347,-1.277994905400523,-0.694132259673948,-0.7210311929003153,-0.2786025922106285,0.4759098546996872,-0.519382468731962,-0.06796873467836229,-0.2024765180703656,0.4781310041640767,0.17117727099216928,0.7194343857204085,-0.019970974318460295,-0.22001657199693095,1,0.5639937395187912
1.176788051455851,2.1096513902832417,1.0797449545468156,0.6372749240595394,0.4906215451806032,0.9922692582530492,1.86818435594941,1.9908503331712744,2.142997057766478,0.8406473893732974,0.9390662694383193,2.3442129785599906,1.0844155070568764,0.02349723750114251,-0.23400233560033445,-0.06709143588354913,0.936111569869088,1.5710572073407096,2.179524209064976,1.3010805941225636,1,0.6891899263148062
0.029510417775339085,0.8147781922657004,0.4516813737097017,1.0045089935341085,0.8929931073324757,0.6711872679339372,0.019249305474550907,0.07430850468303633,0.4324267991764763,0.2093915338512845,0.4922232817512389,0.2430510703414671,-0.10400411951803533,0.3920532282454437,-0.45129808807545724,-0.6238863085684072,-1.85919840224785,-1.405743251963593,-1.4848035097144503,-1.752383240597975,0,0.398960443333819
-0.35450010874914867,-1.302066524596719,-0.30605544683586877,0.30949517864556875,0.2576388787756464,-0.9585337224024288,-0.13554704139006207,0.042204544301317315,0.5631064717499531,0.8575105793256272,0.30325008505165746,-0.0011063121415348443,-0.29978822864091403,0.32183077258802345,-0.43821715450633425,0.035789545113695906,-0.34404185588098707,-0.5710154255541878,0.07715244382097483,-0.47016174483314804,1,0.6204388719616276
-0.8360001584085207,-1.1902099810266007,-0.403748271281385,-0.006989090607794681,0.18384983335394223,1.030031622165413,1.7755346648440267,2.008759688818307,1.3520002601070313,1.7189752369028148,1.5560574751931808,0.7442240231108126,0.28221521296444496,0.19712320044438525,0.0023279489935222903,0.09943422220926287,-0.07433171203599562,0.3326108229198186,-0.23378949416862435,0.9925725719052599,1,0.8852109155544617
1.0367909772068955,0.12907512347159544,0.21896086794541472,1.4415025169529123,1.245436833303332,0.9910390379605983,0.45949167875394603,-0.20524365111652942,-0.8913681227334121,-1.7755509263951654,-0.893227297126154,-0.5623187082317157,-0.581217692547107,-0.10989646914884474,0.7090723778437088,1.4987147052184173,1.4130309701465043,1.505589241773271,1.300970548888052,1.333604769341663,1,0.6870383363497432
1.613852592603737,1.8604009762492546,1.3635930033978585,0.49129718906855063,1.96303402348892,1.2049679337257475,1.121431510975728,0.3093791461428809,0.1954828682385612,0.3929850241630892,0.7673418905957161,1.088086865521011,1.2795522558743628,1.0425287226529216,1.0159994766597114,-0.5053340531611824,-0.24495842930370013,-0.8237015376722533,-0.4758391426900726,-0.2026825818046338,1,0.953353379735608
-0.8493955812053766,-1.198811470243153,-0.1680497343815723,-0.2914735016727249,-0.7785191732802044,-1.8014536365830356,-1.3212693999740546,-1.8926217724684409,-2.032957529545134,-1.2330157226521217,-1.113542922622961,-1.391628172436151,-1.3540259527615501,-2.2466973674639057,-2.261559017815347,-2.378176202423369,-2.031442366054204,-1.6432031074999713,-0.7937313308615205,0.7732661600583592,0,0.2225622431236008
-0.8124228965263189,-1.0691394490115473,-0.5613056798492425,-0.683493649008012,-0.770031895082072,-1.422330142270367,-1.6341991085355363,-1.192396163326049,-0.12019059470754763,1.2597056529564286,1.7578664764979932,0.8294522023354692,0.6639496814726031,0.2760105638650574,0.4525258874076617,0.04566432599895777,-1.0021107197912629,-0.8684716649402817,-0.6780162947140156,-0.07392490797512674,1,0.6657147145697249
0.47258720869731763,1.7635748464568244,0.9626099396128602,0.22130415575962908,0.55634069529474,1.5818969368006348,1.5239732502545802,2.6569283030378497,2.636303250631709,1.698156573321623,2.2468635562133232,3.0479969174197676,2.2107123333765113,1.3804934023485222,0.04438055476956295,0.42715464320541796,-0.20462830034313653,-0.868411800883811,-0.27390137606772774,-0.09424121509320439,1,0.9373648480642818
1.5133072711885802,0.8010684610312708,0.7886415886688012,-0.06869378184831051,0.31480999815028265,1.1156982912126912,0.9161254048367571,0.6811734972482938,0.6682353881170596,1.4360381491213812,0.9483535942314998,0.3540162521014148,1.2938915171448984,0.8266406827057096,-0.1913225038194451,-0.7945509609686537,-0.27643257369427704,-0.87292336623568,-1.075096823071427,-1.3116634964188747,1,0.5316447221509389
1.9533478474917643,1.1640318391255344,-0.10565094195602694,-0.5986313742410464,-0.5734900362971626,-1.5820544433752168,0.2194184728132309,0.19483034919239614,0.2535411473568674,0.6967827574433719,1.1581299735240314,0.9725381014844431,1.7030336507742752,2.258933800533884,2.8181152393666444,2.137381855083322,2.1707913961320298,1.356357465356748,1.1262538673222862,1.0358520722250828,1,0.9075270247647111
0.6586705233409492,0.45214594794905794,1.3161082000242708,2.1557225338244868,1.4336018742984373,0.9467712050812337,0.6579436682746156,1.199879020766605,1.0546583140698842,0.14580852092362162,-0.5168020805072698,0.3921898121747864,-0.10666406015715893,-0.49057669883451155,-0.6056679814694449,-0.06354218451892484,0.19634601876708221,0.7088626951615862,0.8739436782208764,0.9913561984316802,0,0.056391918727919675
0.38458551559816373,1.256501400886729,1.2335722966170195,0.9653204554728142,0.5317732912419264,0.6858318684053937,-0.3734136823288236,-0.6225438836483531,-0.26173895902379773,0.18120257559337752,0.6944318216786018,0.6821167621463964,1.460808723601698,1.736782391928219,1.1629909648051266,1.9764969515305508,2.0156225864086483,2.416394407306529,3.018200382406279,2.763830169307461,1,0.9433130534805205
-1.751560998684252,-2.3647662369533595,-1.7067606041593297,-0.8267981948680911,-1.2867926508473735,-1.4614210421018101,-1.0900393228788698,-2.1631653359154437,-0.9204109938715226,-2.234522877132668,-1.9730529800345553,-2.526982581300639,-2.3083104250336017,-1.8245688312246722,-1.4845866145720155,-2.4948680790724582,-2.8055728534779893,-2.0616263972576037,-1.4341340212148612,-1.5440249420469616,0,0.12196021348613854
0.944063776431475,0.727418615695917,0.5091291584374258,-0.4768233675845568,-0.5385195887279507,-0.5241831005003278,-0.6335997299300494,0.1254855670034484,0.23475897743780472,1.7351839214462588,1.8428869012955964,1.881505502284216,2.08901890599394,1.7327648948151761,1.8399228247409103,0.6353933061591123,-0.29880587768218475,-0.2641518041510081,-0.5365822551976601,-0.7429639164776886,1,0.9821047326580185
-0.18010793941548006,0.5785473047900358,-0.2726044384263774,0.44448397783863336,0.21047897916862854,0.9969238955763053,0.3353436848496129,0.4551563948200366,0.27260074970539044,1.3998638272107298,0.5358311080685118,0.003504570413657545,-0.59211740681906,-0.21082304399360938,1.273675324763399,1.7419878028953772,-0.07110006535637324,1.123546115195419,1.2653568313471766,0.9648457636594379,1,0.6300123661103518
2.4988640059090947,1.527447034935926,2.0207878812100732,0.288447541652631,0.28378890407364066,-0.11884815125950668,0.10521381173511099,0.541364045442078,0.37010919691290317,0.10430800714976993,-0.5061110533982655,0.15009917686626123,-0.4916475399006242,0.004455550712114737,0.9077590997062878,1.117495009359258,0.8211531239843876,0.8676066235590105,0.4025686609791912,0.48868828386239627,1,0.8675917787443981
-0.438952959954237,-1.1006623288078008,-1.4394200595280184,-0.8905681466289784,0.6469317696801234,0.5163534893571836,1.5310252309508858,1.1919643311772707,0.7063323943490264,-0.044454986106111045,-0.7151113752087951,-0.5262440662697514,-1.1921289194925373,-0.1358596802320661,-0.06888544537283497,0.3450512604902285,-0.18588982194401749,0.4116130541832277,1.1624781910593172,0.87652743842708,1,0.5285659189561999
1.9560674857820448,0.6257261676241388,0.6338913796832969,0.99162860928978,0.9116244947409108,0.8220492200736689,0.11967033293863569,-1.3866439168006959,-1.4196155863542854,0.09362117930118322,-1.2254022826766888,-0.5620927406202105,-0.4425908856905621,-0.36105018553716844,-0.6554130890286206,0.11749340952339743,0.47916123285042356,0.4767759998590751,0.5172810655884227,0.32689544251282676,0,0.24358102258855965
-0.6174322487819933,-0.3762934345733437,0.2718047098292712,0.1779981407618675,1.2579919756072453,1.134195553728392,1.0275983711532053,0.879039182851998,-0.02010285025491611,0.011503659036997496,-0.7305564383831047,-0.6667583210319996,-1.3577754775323811,-0.9381190661060629,-1.6164762450962507,-1.5868433602367853,-1.8695379500282976,-1.2153626719418158,-0.8129208467203042,-0.5655007671321052,0,0.25376500933266855
0.0859986140936541,0.16239377320860504,-0.4856556823043043,-0.3680301449818248,0.22859911359961577,-0.2613647266120289,1.1321498881123144,1.1052323384188767,1.040418989531311,0.7626162130552065,1.0534231489426427,1.181438259817998,1.325717259194409,0.28796070715281535,0.6154809001948006,0.12845874655620956,-0.06522004357079304,-0.03402176992115801,-0.06774410455374602,-0.22900477618942028,0,0.8437126756343787
0.5090099198223017,1.6908770272090086,0.9180444528558698,0.8749087285803895,0.831808599999797,0.3635226967383414,0.047303854303759905,-0.38326034295090017,0.1339983822846439,0.362280466515779,0.5638685132781213,0.13812595102576916,0.6704592559327801,0.533182853192026,0.8316338217962799,0.23426657057910358,0.4582909558207018,1.1979298755838559,0.529527420562802,1.7952316656600062,1,0.7601432664544567
0.2794006818494826,0.4432768209568109,0.8985924620146785,-0.34970284569940546,0.2548986609243573,0.9072446126921542,-0.04447157873003992,-0.006257986648128294,0.9972146911088772,1.6026466380294844,1.4271747808051798,0.6454862672260477,0.5297200125235596,1.9630537780103212,2.1396349004490305,1.5261216373818116,1.1433534476565088,1.0735727536754385,-0.02296050116188379,0.1962849565373099,0,0.9291946102905918
0.29879008483465364,0.892669641445502,0.47514772556726215,0.6537625892458352,0.2613762165816997,1.3821636189710944,1.7307242162953806,1.3578104242116742,1.1481878742373883,1.2598807104566692,1.8628655551490594,1.528170379719713,0.4413412171368828,1.223552294977728,2.0718667202373546,0.7198914240776849,-0.19414558721481073,-0.2576369640280041,-0.06834690745474511,0.18642857397788243,1,0.9832835676465937
-0.06927703150087837,-0.6239628654955442,0.08275390349749952,-0.5436102776931016,-0.6691879396124081,-1.0037922500328196,-0.2788325919337757,0.5355083217952907,0.7794649230399028,0.37406183265477694,-0.5993626762805256,-1.1006715578480886,-1.8500592870147758,-0.6195092366572588,-0.37633547405840084,-0.8396994797167234,-0.9204297605647219,-0.6109390691136641,-0.6719451700056137,-1.182531000612596,0,0.13360498389373848
-1.2369303872449893,-1.7284967763220618,-1.6505996504563463,-0.3539693588958094,0.8861400866313811,1.0772914087500522,0.7004097585343374,1.4679003629414473,1.164958983089054,1.4167614560952495,0.7959380018932621,0.23260126096263745,0.465346108100885,-0.29806442537425604,-0.2013618584301549,-0.5780193338677813,-1.1727911486794433,-0.49714470540619526,-0.2268364673371605,-0.3982523068530793,1,0.8944831650988571
2.0637190606035207,2.170457495566934,1.3486400104187444,1.3064813786591596,0.9495479678296516,1.2716314078678534,1.0301973137243372,1.1166317901868354,0.509697392608468,-0.43619107439715377,-0.19781861630767134,-0.4185332464439103,0.6730164080054335,-0.6769784480956406,-0.6388394026963582,-0.5198259298952739,-0.6480074188170065,0.41274845202740096,-0.1805751684095787,-0.7599023572591215,0,0.03536146998757021
-0.8541863475343257,-0.42963301505409107,-0.8708041390862699,-1.10941449556683,-0.7687784952221847,-0.5088899143899676,-0.26313058631212644,0.43021004702461274,-0.1069956800761548,-0.17388123989539248,-0.08077220788091526,-0.42107341933906267,-0.2534313507436188,-0.5569423272533462,1.5799740826164543,2.2697071881073083,2.4593795491656167,1.9347325131895716,1.9015083575199634,0.5169934426744844,0,0.12797417026307925
-0.1268617063101535,-0.6557576879217241,-1.0027025948347812,-1.3820782127949218,-1.002588775350714,-1.1941086369432576,0.49367930467684806,1.7372879719465102,1.040364125349689,0.5127439932991781,0.17504416122747243,0.05088596604141041,-0.6347775136302407,0.12642240559195092,-0.6823777215376197,-1.4164664492664927,-1.2065072976435327,-1.2741875467808776,-0.7595209532849226,-0.09054612953754561,0,0.5349482888591576
0.43902291742265137,0.33599345965364724,0.6827602307133415,1.0561686532241403,1.14801766551141,2.0788213918267213,1.0095825077490748,0.8457297010338213,0.24122608192852538,0.2756261922965236,0.1161295097757606,0.14623491472168115,-0.578800311433806,-1.2268671129493718,-1.2080950858860795,-0.902236199155764,-0.7456554189371323,-0.9863640727748243,-1.5623862359138907,-1.0973101412701847,0,0.18520745411924783
0.24185511564864015,-0.9417986514188247,-0.023509289883998665,-0.3777005777530719,0.3615692191054535,-0.7689709881487121,-0.9961643570865925,-0.8632626578384415,-0.5578765652165264,-0.05029632489594143,0.3111836636194336,-0.18964540340463398,0.523068142243089,0.5555813204002533,-0.3019490090754102,-0.27667321169083026,0.5457158658185961,0.6846638669477959,0.13038286709046182,0.6283482965709722,0,0.5505223896480211
-1.0743871384955215,-1.410052841077643,-2.741183678043117,-1.5909198214974678,-1.3106618839164883,-0.6113613604001675,-0.12964141737721654,1.439146780164807,0.26440063402563513,0.9848502551268647,0.21671461847704124,0.36320397996414916,1.10694583527323,1.3994649596249715,0.1627046394832209,1.0004342457242712,-0.8703683188388139,-0.8041616784019315,-0.5126615459345134,0.09512379948002302,0,0.5634825526085696
0.19207025434668124,0.29204144670459764,1.5339751584249823,1.240817116796217,0.8473951680025518,0.5605018688218941,-0.10631898322734329,-0.564529784409601,-0.10117853945533542,0.7954090794435053,0.39625278330177083,0.3910405051564656,0.5672535391971592,0.5555440620705594,1.0044756184339627,0.84382362675198,0.5410760006588909,-1.0989047427037737,-0.3884083152392444,-0.8673307274357615,1,0.9448210838432609
0.3613058377746943,-0.3571087649927429,-0.38348399361999896,-0.40643802168970433,-0.044373161052665804,-0.4136991135639454,-0.9364999495790638,-0.440622428680928,-0.9193032690103695,-0.9377003125039192,-0.8631269880757144,-0.2309823174839208,-1.296130462529622,-1.4478880206217077,-1.4601713679287085,-0.41414720507300073,-0.6219365009635485,-0.7903685083163088,-1.2094198366717102,-1.0582485318862147,1,0.6229419345335371
0.2322781943625609,0.46813955883503355,1.2800902846345659,0.5518578445006348,-0.4167792875899485,-0.07382974825696109,-0.8812723986570071,-1.531940019970466,-0.456113209358162,-1.3758748564940209,-1.3866668789492795,-1.4079095266146278,-0.7945208584609719,0.393887744475065,0.6929361058404635,1.1686689517247943,0.4589458389064472,-0.61932840838833,-0.7699135596248701,-0.5212370594533576,0,0.4780180932223715
0.3287830501044437,-0.6632075082524961,-0.1974473223816139,-0.2224148564929621,-0.7682399375312121,-1.0159627093627996,-0.7623016613664223,-0.9591825355339963,-1.2613938432849956,-0.7828234984302281,-1.0245930889809107,-1.4430021556169856,-1.385898513356625,-1.5830179201326755,-0.49340573931490384,0.15779127304393314,0.6458114617253667,0.3686045505690586,0.4868406339841955,0.2272536865340668,1,0.2448270063835473
-0.47878095724242176,0.1185894417077162,-0.5822121338040148,0.10230174321809901,0.18976944080850824,0.8481446866219492,1.0564476216381067,0.6163716616191162,0.7962093154977028,1.4674203263926129,0.39806509328517004,-0.65923007863374,-0.4850919460686948,-0.8031792377432939,0.2492662131249994,0.633271299818023,1.0407928153790693,2.5614444628975943,1.1114967877559345,0.2485353935915461,0,0.32108212136648157
0.49820089458489414,0.5177742283698288,0.03274047040849295,0.6399977320182166,-0.21451652807412017,-0.1313111855956345,-0.3303372873290703,0.21763851027520717,-1.000091017932616,-0.2464576576647737,-0.2516802671564206,0.05107782508836072,1.1277516816341344,0.2904116354934618,1.3224127658869924,1.6343135293072735,1.4462095128709516,1.1355233615514706,0.6906493821187332,-0.04757732861458379,1,0.9265038175261108
0.581310670118744,0.010134077015228152,-0.6629204349446329,-1.112321467914723,0.2541707928309694,0.24843392551859644,0.4053525846401714,-0.48830911264917987,0.1515978433212052,-0.3856252799006333,-0.7321010777922391,-0.3980739702723148,0.5602029687498128,0.624862699867521,0.44305810774830495,1.7240079529911267,1.1764730991456276,0.6182128935508718,0.48306847443918965,0.36638398202025346,0,0.1538063653307285
-3.6658505427307015,-1.7742661078025115,-0.9768921244512798,-0.08766528193179633,-0.782694295394119,-1.173227535780147,-0.39948581865342725,-0.5284777613308901,-0.7348879291493897,0.15596446594784505,0.5171974898480683,0.55812056685712,0.4105943695555798,0.5230278302904371,1.047291938951461,1.0706436336574978,0.987774240025694,0.9671719215130098,0.7094199972867447,1.0192824544321628,1,0.812594950554367
-0.5077603647748997,0.04571936903018457,0.7648617261223998,0.25102023087907793,-0.5203955132296747,-0.04122798136472324,-0.005947841020049066,-0.5289925822000332,-1.6204246801511442,-1.1339591227780927,-0.5893885681783346,-0.5832877455875723,-0.7109555417246354,-0.1955116261978066,-0.8500891188785619,-0.9202686401518138,-0.6353336800432725,-0.5904500633057878,-1.0599751163934623,-1.4209525879914042,1,0.3441211020073315
-0.005680968459886037,1.073624593155768,0.776514486118748,0.7484663068223385,0.25925321095530784,0.4155632482497318,0.8832635271148674,-0.004546070192143848,-1.4754584707501017,-1.6378706880135734,-1.2628265577865267,-1.1368310780620026,-1.3124048988721062,-0.7773984334780324,-0.3458254622905177,-0.6534142614210083,-1.6179215107666343,-1.8430819789401034,-0.8238840378005089,-1.0725611311914167,0,0.2565123989514767
-1.391471752327595,-2.0845932106933565,-1.7927271361962467,-0.45234849642984326,-0.13652164277105994,-1.350899161028701,-0.9597260449514194,-0.1382407707386038,-1.1284596048210673,-1.8185843863865203,-1.4239779663806449,-2.058242741487308,-2.1631498513416783,-2.451817062828541,-1.7878969363235817,-1.6107518969619399,-1.2544928928588035,-1.1976558741598526,-0.9730830448766135,-0.20443541494761194,1,0.7519915127357417
-1.5258095665586886,-0.2668055634357009,-0.2234234389729402,-0.804926331854577,-0.8303128886185414,-0.3722721018679849,-0.1710732081326074,-0.8375775535277795,-1.9229392038602326,-1.9445360252996244,-1.2902331518947225,-0.5394063161412002,-1.7304420299563277,-0.16967518086021563,0.9550358494914647,0.9404084639555972,0.7510703632269552,0.4114206624055532,0.5667216669338742,0.16645046197893354,1,0.4984191014277968
1.5826612613172657,1.1083620893238513,0.8001243028122076,1.1978765331385017,0.1324113900486599,-0.2734310826563519,0.43333529732438314,0.37660811685794915,0.3788150491653633,0.18452678867221145,-0.28497997122893365,-0.8473350206164183,-0.813752553501212,-0.4770807554105751,-0.2796592430658471,-0.8510675418186328,-0.11165686836982035,0.182681266756055,-0.284225658081292,-0.5035392174867866,0,0.13408583936332244
-0.8210829401168818,0.5091374495401418,0.007329400734525937,0.5437255977114428,0.38428706381140826,0.3808222904987206,-0.3110125354552432,-0.0347039249229593,-0.38110691226027066,0.16093909810276913,0.9197355796637192,0.20946365174391432,0.025835872772138824,0.1050905302246519,0.10009884134402072,-0.7654265461655695,-1.533826616919204,-1.445501705707038,-1.965300684802122,-1.3867037399164472,1,0.7248479838247803
0.37878260750938336,0.8191760282395475,0.46374995486255166,0.7300740265539465,0.8943207522535388,0.2665038498445082,0.8428332697295797,1.3469545597278458,1.0738762852200545,1.4128004752718961,1.2757804019732637,0.9704152263215227,1.0109852417169778,0.6984081273360512,0.31068872330790187,0.765164018192658,0.33172266960282476,-0.46820548743253265,0.5415238842551368,0.8035251519780815,1,0.8270512046311648
-0.5120279950961512,0.11231790302500314,-0.23688437405938859,-0.5447875317984557,-0.7488550734309476,-0.38377777112612993,-0.42271362986264005,0.020554438306119374,-0.3602334631063704,-0.14996448545221686,-0.5547914044609242,-0.6590312161475991,-1.6167596828845516,-1.2441235042255137,0.3619756591925165,-1.0906468887643488,-1.8839703795925598,-1.8488212924898209,-1.8445505962998803,-1.7901889041374994,0,0.37796974766058977
1.845010057658285,1.620708889335973,0.5695585328515267,0.9866127552085662,0.940933334138544,1.0543097758035076,2.19539048313491,0.9582212884615036,0.20312082124168174,0.4236884105263051,-0.4444511581409287,-0.21350116523355775,-0.7954858377399991,-0.7514187976855684,-0.3139192181702132,0.23856103493999795,-0.30174910730420096,-0.5933881970646941,-0.8935090747242156,-0.042642218617328344,0,0.309833447346005
0.4724312844268366,0.7937925773052349,0.44282430090927166,-0.016125492037831375,-0.5708828677569171,-0.3271042996223523,-0.6786044647617188,0.431797212164364,0.11517813018379142,-0.18674195032323096,-0.4057816771220268,-1.0504858139901823,-1.1282669694884067,-0.5609727974240296,-0.5653644884221699,0.03987483933539296,0.02118615676613982,0.22842306792036582,-0.5783742480839327,-0.6410766386964257,0,0.12399458524532977
-0.17231732687632617,-0.19616103966279513,-1.126711466583198,-0.6192946151754329,-0.37769827661780103,-0.048768028070087885,-0.5343567383512939,-1.3578998489501954,-1.212236868503245,-0.529262338143744,-0.5848878476719338,-0.14702081878060014,-0.4442783334967368,-1.630073478393057,-1.3947574049533502,-0.30179241064474954,-0.38614776321057026,0.5942029514776235,0.8751323418964212,1.0031118093314666,0,0.7060456080870464
-1.5368625363919706,-0.2530152640425614,-0.22452600506410467,-0.8128506361241309,-0.2775211123553941,-0.1310982580806491,0.24924242979213093,-1.4649696377595447,-0.8208371840187192,-0.8158768076965284,-0.17022664387700562,-0.23793579512244797,-1.097305463355165,-0.34063805445511164,0.7060058869368493,1.5408894536249522,1.20795990129841,0.2429841429574604,-0.07322367615781489,0.16038284221611326,0,0.3273426981401498
-1.888918820223652,-1.900098267573542,-1.4772523774854491,-0.395925304012471,0.7151663031879144,0.7413759001291628,0.8135406789816186,0.2955263572236442,-0.8068836350414251,-0.9935894507202566,-0.9955256792405106,-1.0015482801227638,-0.9109622979446614,-1.139590946720247,-1.393232650795405,-1.410503418200315,-1.5720339666576106,-2.937735625047046,-2.3328651417172623,-0.5283320869667951,1,0.8888375343980089
-0.6967442293162834,-0.08707591555435468,-0.08604576932209168,-0.42839914783559524,-0.31100038481035097,-0.5352720300550009,0.2615987020843697,0.7463462953463611,0.40677728566594784,-0.6194173209046762,-0.5065966412048087,0.2678776832031233,-0.5971587556985029,0.31998528484480565,0.34439530314681877,0.5283442008448322,1.4862108316569098,1.5299072385812829,1.467597157096044,0.7865938485248533,1,0.6462782189488967
1.164701880912225,1.5395796153581673,1.9820992956068246,1.3550781173176298,1.4159157295708642,0.2932951774625133,-0.559251175249044,-0.8873736802597831,-1.1198617860636568,-0.4430995129262917,-0.6194610095562094,-0.4558394458454868,0.21160934471427506,0.08695177924410727,1.2715972381257332,2.222082621329618,2.0981931946721386,1.1395175317077622,-0.4827522469379404,-0.8926896011790855,1,0.973095724611543
-0.8620075719844945,-1.2297973955065298,-1.063762831712253,-0.585111899764941,-0.9251001111991465,-0.7910933626541805,-0.49415731898878174,0.6742269182559749,1.3920232774342667,1.252217156911844,1.1276757245242393,1.0947143792829102,0.6226165748303284,0.972661075225303,1.5555417100259012,1.3830964206586795,1.401587392840562,0.5400026477295408,0.2979028132743754,-0.24294919102967852,1,0.5607378313758594
-0.03856627209129293,-0.9247760017777682,-0.5345402140001917,0.30983446897671585,0.43688148775241675,0.6091428357958073,1.0119352743325676,0.33778432922899815,0.5386884029339883,-0.6661616098758973,-1.5357895688906755,-1.9107918863277324,-1.8949079473070374,-2.6864375994373555,-1.6557624584565624,-1.7204627109286232,0.22669562753536776,0.4192393857548735,0.8399780153801463,0.7023186054259594,0,0.1203712538025005
1.1247926848646495,2.034700137527825,1.612475490745188,0.9888833311505929,0.45308179484718636,0.5336466605764131,0.20241097344717304,0.5535573731745077,-0.02629538396024647,-0.970452241810234,-1.3919768108773967,-1.6490758543839517,-1.3627691009590785,-1.0246434225076677,-0.3359688981264851,0.006005441522332465,0.4372967196267985,-1.0719198490957464,-1.0908741429746083,-1.55462962603732,0,0.02168563880346746
-1.9009255677327253,-1.5683159305026668,-1.2205456829783128,-1.6779899790854882,-1.4238527646712247,0.06302586693292751,0.1431075476619134,-0.010444850022004072,-0.008701911441764354,0.31963937825750555,-0.2500485422988283,-0.5203711183559879,0.7504198762347015,1.2701343470865551,0.9889719595870421,1.0834745692024326,0.9657129916484992,0.9195929631658329,0.9032689128599316,1.9895964824709937,0,0.03349970944431748
-0.13743728101507446,0.28854761122218536,0.4861327902051031,0.4287444779738844,-0.18649096610988533,0.29595279495633187,-0.32913241735432885,-1.0538072948331745,-0.5770287671657619,0.009316479175714138,-0.22305028831236443,-0.014958843079643382,-0.43378545606816765,0.2554076828696918,0.01756268417851136,0.36288970756704314,-0.5788562930466512,-1.5899126224474167,-2.033189453754842,-1.938821631647972,1,0.583445283250437
-1.1354369402229108,-0.3353465543441514,-0.24014148211760586,0.3713684515890311,1.0472635033027218,-0.1514429845584787,-0.2317829110813314,-1.2735891778796882,-0.22102310927580626,0.6352216610558123,1.219818890639771,1.8922303806693384,-0.04600863600525667,-0.1716251923042099,0.2782962257146995,0.35393393349539287,-0.7198597100378137,-0.5378051305612486,-0.6348705382884028,-1.0927537149549864,1,0.9440059793191524
-1.7078857705090649,-1.0350078457485936,-0.8681812821858107,-0.8767543375654862,-1.349031076387179,-1.8558289493975124,-1.065034781132669,-0.8964387488638834,-1.4182086005628194,-0.9360369217383835,-0.48337686316111983,-0.5505375021465773,-1.0430781345937055,-0.8337345964469653,-0.19324641419184968,0.04947031237142354,0.22254361079514529,1.2290558478133258,0.957914187660412,0.9712528641655185,1,0.4288246574750651
-0.5506988515632314,-0.5489520779070264,-0.726940163854746,-1.4478920353140743,-1.4413586783793018,-1.3718186467166202,-0.4098956736123385,-0.09036212568349665,-0.08474101992627481,0.2328634461975906,0.9233989883173793,1.1591940688249518,0.6953651694478176,0.7430883248744895,1.8460240049535273,2.398807282142311,2.3292274810843656,2.3897092133816495,1.742538888253732,1.356361609768824,0,0.3320099246644873
-0.1855900504510014,0.40036232828587187,1.3434711614704882,1.7827418042924823,2.258073235843589,2.4194780614991247,3.0071359982694044,2.0584230250845836,1.2324087566976918,0.31673335682171827,-0.437479180970491,-0.30805912006858377,-0.06803594682974236,-0.2947726310465436,-0.30454679753537856,0.20687718211559117,0.2564625468479416,0.3151295159787523,1.1036644289584396,0.532263087777094,0,0.06889129203144446
0.1559417786115811,-0.532459855964513,-0.005830552948141368,-1.060143135420183,-1.8516425631105058,-1.4604137184631012,-0.5657796872850299,-0.5189599409192854,-0.5234134866195679,-0.15800698391593898,-0.5942788397459043,0.0005104512444786503,0.7143304916973632,1.1838702771750824,1.4609921145370468,0.605752182874784,1.1880221719368844,0.7777903829646805,1.3408220096552927,1.4583216361782767,0,0.5364236592685672
-0.1277697239894884,-0.010070798909987216,0.3274093765061664,0.8235106964507213,0.5093381882988536,0.5298435490560981,0.03910360924900374,0.4134169882964383,-0.011531226766413829,-0.027560559067847185,0.20183223930566743,0.3096369796675884,-0.1420656315832962,-0.5302441742563665,-1.1778714072424739,0.5702800598931351,0.04935877062157776,-0.2171343835682908,-1.1958574399746313,-1.233897903539727,0,0.3887888501063729
1.2363927497658376,1.6737659321698783,2.578979500926296,3.268432914083851,3.1769473432613053,2.2405910080522258,2.903357959750549,3.124119460901491,3.0629830722562326,1.2444424491368995,1.7023777628109242,1.4428842772967918,1.8330808132894603,1.6691281652424657,0.7952546612269178,0.06006301558731687,0.6999405515876054,0.2291314937044546,-0.11032532963103311,0.3316997043688775,0,0.21158606432800686
0.6608755036899568,1.7706487223126866,1.7514284401294067,1.9778871214118359,1.8512228460047928,1.1263052261181798,1.4276692776825404,2.8804488162887836,2.794047093124778,3.4371068194850025,3.114834892226013,1.7187539393912818,1.3027234896313988,1.402823306991388,1.2098483439813918,-0.03174927705195424,0.010530510263526263,-0.34943733643739816,0.21449324276582576,0.2928577890588411,1,0.9469279194341146
0.7106601139771158,0.5508105648553921,0.6386303973858037,-0.7069138488641552,-0.9880673573281304,-0.7861193787906305,-1.12783306207923,-1.1447992611959759,-0.3373244108109966,0.21662863684280548,0.2365597526381266,0.28729504254837895,0.6398840250803592,0.08584744976025416,-0.3816594384396206,-0.9455748545174518,-0.1717597833247937,-0.06327515473674862,-0.2068675448646448,0.7113091120320737,0,0.5067765009735845
0.6332858649286052,0.3620023219779609,0.0048183615705000085,0.40893962808783124,-0.22013319739518558,-0.503406116373924,-0.3403518525158813,0.9278761724909155,0.2075709974342992,-0.7491857751356962,-0.7498734553105771,-0.5454282367877158,-1.8902476210774786,-1.1612505121626537,0.22014890231967013,0.09923032644059937,0.2101443113556629,0.845484107358672,0.4904162361619293,1.4326182320774385,1,0.5247150330164669
-1.5549599608413636,-2.028513910550129,-1.828441506383832,-2.2685661432447515,-2.3800489135507683,-3.0846693918125125,-1.752574474912416,-3.3963494528368665,-2.5900451973228495,-1.4045371556603763,-1.4631484174817282,-0.8908497807692266,0.046526919384486,1.0685626864216273,0.6533715406263627,-0.043337455917714866,0.7014988509025837,-0.02750999544402243,0.24005420419283124,-0.04267310112709124,0,0.002906508446533523
0.0677829370638891,0.4920455470980028,-0.20494660206343826,-0.716038557708069,0.056901459682661124,-0.33066848076975425,-0.1313281461567952,0.6911529290760823,1.7360731639695692,0.30968299163538593,0.17814782754975095,0.09718176467770705,-0.42380625116277665,-0.3157187376978175,0.19783226161290837,0.4687307629420054,-0.14466183092264878,-0.4711411653140542,-1.1981013906958522,-1.258820675100594,1,0.31234481488155813
-1.4511028997545257,-1.403978987093878,-1.3747604842117527,-1.354353697262658,-1.1714765574359,-0.29537541513964694,0.3419088300922034,0.6838974979262922,0.6285294428523712,0.8922581937519903,0.3064036219827403,-0.5521781348148477,-0.08629507848424785,-0.23777162958853862,0.07689672279582835,-0.07593772561682098,0.37476064776775314,-0.843477747558403,-1.716772524322332,-1.1751674495803393,0,0.22386186746283301
0.11373006972471748,0.31283894849762617,0.39511795344810097,0.9838530817363631,0.6392262290550411,-0.45681798380059535,-1.0322515682298459,-0.7301231486211873,-0.766615034114538,-0.29837866144402286,0.25067773773178925,0.3219827414335263,0.3922236684851256,0.8811799080034804,0.9779059723218633,1.1079659455135118,0.7856600701479147,0.8727965002822116,0.743594048121627,1.2279484014609356,1,0.9401265607020955
0.9039481030517232,1.1233704066455974,0.7502596996583238,0.22574904736695445,0.5169579008678501,-0.18225526904250391,-0.589389028691511,0.30847585721250564,0.19096641180726864,0.35415689786413646,-0.049743010192128685,-0.1878079586875837,0.0663921751171926,-0.03448946666099691,-0.021350437912647558,-0.3489555897359427,0.12457957804378998,-1.4737070175354827,-2.11049177351726,-1.6037534884345808,1,0.43883832897020675
0.6707424168543897,0.059354075219811064,0.7791963813996702,1.0886740466450344,1.4323807515802074,0.6334572990224678,-0.1001692752820851,0.1898009061190373,0.7903256699695771,1.3081652057012416,0.720173687826655,-0.749275095709924,-1.676621653101061,-1.9514920093420791,-1.4436462346517986,-0.25326352278211317,-0.19189036771607945,0.7919490617112981,0.43092036235528586,0.7526378896053166,0,0.019347282903082477
1.5324853792679927,0.7781931490069454,1.1346555350293281,1.166721783595388,0.5619748306218842,0.8048670942190905,0.0841680404990186,0.5738868731199351,0.5311071332826612,0.4310683302083533,0.6221522892601401,0.2437977490159661,0.2682768406454411,0.13957995616501645,-0.3282934557722495,0.11858779951016687,0.03516410365072046,-0.5110200136281157,-0.564359113286359,-0.8354055601110453,1,0.25936026291611
-1.2259290271565686,-1.447151209271289,-1.2630427479156878,-1.117416293745857,-0.5400283521988428,-0.9744169039762953,-0.15190028630649405,-0.6111879080817196,-0.7550581408642504,-0.6693662881357176,0.21101281709139225,-0.0452317227749759,0.09823123919986355,-0.72356183240118,-1.9566465036626666,-1.2040235264414467,-1.3601974857168158,-0.5858371493587198,0.4856198566555362,-0.16186150501170296,1,0.8912211027215963
-0.9791722864485652,-1.025476714234204,-1.0370849861723228,-1.1763312626960634,-0.9227483133550228,-0.5167544162073952,-0.5149194893974682,0.38714234581185625,-0.6536537095872871,-1.3752010035535147,-0.49813535968337447,0.7177908101047837,0.419222464882788,0.7546770655749334,-1.145496398804041,0.31481868628104526,0.6718831677762734,0.09268458081984968,0.8747872883943758,0.4873276272478074,1,0.9155922259908766
0.10494083045529087,0.34082213024814606,0.7422824618917339,-0.17886541651792529,-0.27586964531161673,1.2877742954964086,1.1300349722649452,0.29402163855256935,0.18306254647474077,-0.984920893075209,-1.2680583008125605,-2.4752195970827615,-3.5726770008623894,-2.5451835295139658,-1.0784655626079716,-0.992481079053133,-0.6683506451013083,-0.9687084898088328,-0.9640416318058257,-1.4219258070709873,0,0.018411136820048007
1.371830445107954,1.0340433664986122,0.7547038341202431,1.6150758575616257,1.9599406556772216,0.4737000245281179,0.1356948530762149,-0.4894047691663088,0.5906050641356687,-0.15059999997255488,0.24571241077859254,1.195924276167968,0.049008211060583506,0.527940878068476,0.04807360257400047,-0.8537080152805023,-1.3518499297531124,-0.8150532375929883,-0.2737791409233002,-0.47723433730115006,1,0.7521219739859603
-0.8175811078864349,-0.9316529127714687,-0.2526460934034112,1.2160382839760313,1.42528006011326,1.3877896207796256,1.590293101511327,1.4704042003918432,0.9354476515611533,0.8754956630673848,1.3229767798850245,0.8551308869281012,1.1024267923987396,1.1044661782889906,0.7078643364350036,0.8626706223696241,-0.34915262112580925,-0.18510998974151938,-0.3566324776650034,0.4890101063436586,1,0.9406512876937332
-1.9660657887795325,-0.5895492131217192,-0.6883917248634653,-0.7171296177070651,-0.8996831015274867,-0.6856034682893702,-0.1898847902039845,-0.24925880305917034,-0.1503477975265944,0.6114167921819724,0.4004014496697805,1.1517233908492504,1.3665936846210898,0.833854560796559,0.4524506148142626,0.16381794457927418,-0.5228426582287049,-0.7856261443522558,-0.9942362642385514,-0.9456571128578672,1,0.7775873051790967
0.896558449028275,0.37981190404723075,0.4533150644890093,2.2170488206812715,1.4945947152930434,2.0228966568550604,1.4606256261294461,0.9891052842996809,0.125959700677406,-0.11308125873746983,-0.2853693228393778,0.7642758586375633,1.0621275590519856,1.308849431672647,1.4859852816831052,1.3274727152161105,1.0837131783274883,0.44818505966082917,0.5828568771676853,1.276345402949048,1,0.9648978016438059
-0.6813037255489575,-0.12900384999303613,-0.4829591128031842,-0.19540915742276116,0.4415959719720428,0.2860762123767171,1.3188482158485941,0.7677640474646849,1.3897860259396753,1.3638592723834677,2.5191021113235323,1.9927517572275877,1.1737266700503457,1.0012509321451035,0.775611815204236,0.860666182092773,1.7283228559947987,2.6523953495840984,2.215555992376209,1.6135457757103908,1,0.9088017123561758
-0.6701830226615161,0.045400599570441715,-0.06260569428000891,0.18644336971846492,0.16825099476076016,0.24493040690914206,0.09424018496448407,-0.38203557803109345,-0.5648952858492995,-0.6356471785011004,0.03045046907210653,0.8926561017380944,0.0029508733893475305,-0.9524187089962699,-1.507264319515478,-1.7988554545972057,-2.6285944229233644,-2.4427554516500964,-2.219287803772689,-1.5492021366823165,1,0.7563666717347006
-0.025151560595995014,-0.27324951964507327,-0.7284154082232573,-0.6185304943427014,-0.029866889762333763,-0.4555753652313907,0.2601897643946487,0.3944870799624276,0.5547361410626678,0.9187068436115139,0.6242380366944775,1.3407533536125706,0.681673948265264,0.01879001641914179,0.08873431865437817,0.44273123237966494,-0.3743020780660659,0.3660151165402512,1.1967111472581098,0.5189682520363484,1,0.8336764063658475
0.052570837818798934,1.1499214468430488,0.35404459629831647,0.6315935569527175,-0.008565195260794758,0.15292894076601704,0.6087767438980672,0.3486339706161515,-0.021917675608060152,0.2874942662812857,-0.27805730050904315,-0.5562549220587044,-1.4710745290016767,-1.6203332781612467,-1.0284765230499677,-1.593515191146737,-1.0506047986979492,-0.32201414471171885,0.6794646384975499,0.891240279328969,0,0.13390017590954523
-1.328106845761889,-1.9320192762463695,-2.53882225210976,-1.3297498986875533,-1.0416132771824214,-1.357690999025185,-1.4090348520748017,-1.6349307013785346,-1.8955809059046285,-1.9031648784630384,-2.134429182943326,-1.5915205385346995,-0.8751579161854954,-0.9134264369813432,-0.5394277189365677,0.2833278214350833,1.1531085213496122,-0.04134790462550097,0.5980758681695426,0.7013973404144611,0,0.08611064524736212
-1.7673294075213377,-1.784695771442184,-0.7747264894947797,-0.9621189941875323,-1.1166067630842378,-0.7717959163518103,-1.2897114646971417,-0.5493277806108845,-0.4977057521602881,-0.3494515861419001,-1.4537225042295017,-2.651203597046002,-2.908304510778217,-2.7667810866325104,-3.2622427170720467,-3.6664187335735936,-3.4829175857660912,-4.174427905723977,-4.311422793684238,-3.194867408430732,1,0.2635418663634467
-1.028086552922905,-0.6105777348435426,-1.1753543073680877,-0.26280649568974634,-0.1605706233084502,-1.2247276157659666,-1.3881152854005763,-1.3901410661406266,-2.269417732177543,-2.058406595572139,-2.576148137079547,-1.3435922462787364,-1.7613219816651784,-0.7193380724325682,0.3054526266121655,-0.4844986682896538,-0.31289620143001445,-0.3858300689073076,0.16234571368245032,0.019167956191561034,0,0.3060891434742367
-0.9123459023838517,-0.8309784973325789,-0.09141032436985691,-0.1319124174354689,-0.30934824893509977,0.32513774620936525,1.5136428010686287,1.7852356701038343,1.0073204998269027,1.212460339821024,1.2436750801819625,0.864667812702767,1.224882526437717,0.5844009835694234,-0.5242465644750534,-0.7609823092118851,-0.8745294626998322,-0.5260366042838908,-0.7419438428041478,-0.7584693227065309,0,0.8268285058481794
-3.2529232824993524,-2.4632522916412696,-2.48411807074891,-1.93781806905351,-1.4338494735308223,-1.263656431263498,-1.5237488200171971,-1.118469678002728,-1.099916118562962,-0.2406948464320411,0.26905977832565103,-0.9496128886312787,-0.8497131071816907,-1.3597926928267419,-0.3454733194316213,-1.3377650276609176,-1.5281146511935466,-2.2424760373957704,-1.7623297054423828,-1.5838902868858336,0,0.06123748517940715
0.8742263554008661,1.580355119836678,1.3713841797972501,0.9095234400614701,0.31892757571825137,-0.33415844054409444,-1.2133262359437087,-1.2382495757571073,-0.0739325485640101,1.306864775395723,1.2566528585567895,1.6753988635067865,1.778524833027674,1.7334494378605407,2.077737309395806,1.9405520232716016,0.8969388553906318,1.0656476912055879,1.0220159483887616,1.5128788004223412,1,0.9989879539337531
-0.750015747988648,0.3136889531605399,0.36693093352466205,0.3525752129862469,-0.13703422688963277,0.7098441755112116,0.5550996879144611,0.3672727479457854,0.15119931679080464,0.13865594238284268,0.38148159201565984,0.051800023829637803,0.34773749957994265,0.31481686926804453,0.6069151079004378,0.7887360848540577,0.7405510243504813,0.2582595752318605,1.5000209405204912,1.9980120145705822,1,0.6600216804323653
-1.5882091830929395,-0.47961191434674166,0.31653490341314167,0.02048807480349472,0.2538069881971584,1.275464456332841,0.1676454843014243,0.5516269820759017,0.3395793183653179,-0.20681894243519805,-0.5018858044982025,-0.9944780581623587,-1.3173402870874162,-0.22824713327913254,-0.8241257773101941,-0.8134706694000373,0.24835411947403546,0.8605105590929526,0.47216030851698265,0.5900678013789143,1,0.18974241125716623
-1.13250261535599,-0.8842854890700294,-0.56300215245714,-0.9798629374593882,-1.5785694344771255,-1.3428250305992666,-0.5011603815932082,-1.1890889461494798,-1.2373152586067788,-1.2500008265017548,-1.8733560224527717,-0.9914681101449825,-1.1092239667929427,-1.679565089845682,-1.9390654434984165,-1.3432272735729058,-0.6452359633801118,-0.4808150979848229,-0.8504932969336148,-1.1374985852931196,0,0.3999278065689185
0.8792902332552703,0.77606050713449,-0.5585449514634468,0.3240559515131109,0.8726987751440756,1.0180943915638645,0.08453223480911479,-0.07884139663963424,0.2717858172386508,-0.32352014137716323,-0.5149970207695601,-0.8859337929596938,0.17133960343226262,-1.1073792706067849,-1.557557392145664,-2.059656037693614,-0.7717505460512428,-0.3029532622360003,-1.5644088782193295,-1.245376536727581,1,0.29004092558552624
-0.5988972700776614,-0.4126821143157011,0.3447492885856133,0.4911113295701962,1.0626060328024127,0.833663131602274,0.7906175162766621,0.6847668951928444,0.8041589378374355,0.46993478306070163,-0.2491612981711272,-0.5081899658153426,-0.17612787275941358,-0.5520110368442221,-0.61568032569913,-0.12060910370339167,0.5864530667715938,-0.16267106049486185,0.42391606101838486,0.4529045915969329,0,0.2419629610911046
0.8454183287755614,1.156092634876811,1.6807964558755129,1.7382475595074578,1.2632163922612514,1.248227054634909,1.4400177904188916,0.5948403636699119,1.8299509271387575,2.4186149165150215,1.2330862143028092,2.6782501878715306,3.1228219605704894,2.6589307918584737,2.884104134180811,2.1032981168131832,1.8973766268577843,1.487219489174221,1.406381349077349,0.8701819000742876,1,0.9999219677482069
-0.09275752486595776,0.12678900416285854,-1.381768325522225,-1.0987147859766735,-0.3417669839923831,0.6355897868390589,0.2616779915311632,0.8155174928216261,1.1326570661014868,0.6309683040338159,0.9613207812843041,0.7696617836665632,0.5254770489732731,0.2863667026839206,0.362125407455643,0.9549425714881454,0.3908117211967246,0.06180511951206776,-0.3007070688608147,-0.4237823079682183,0,0.46202607474289464
-3.117169086871717,-3.3518592847509194,-2.458847475665722,-2.123531638736715,-1.1811679887985291,-0.6594130294929288,-0.7064957229530724,-1.3677736451460052,-1.0893121337259384,-0.644530002835531,-1.1350630822393328,-0.7496134477802456,-0.06626806603496313,-0.6682356469592269,0.00823041482576053,-0.1383938822246084,0.32501148712694394,0.6823745762410791,0.932515318086856,0.8654214257237882,0,0.01617427297650163
-0.3685070138820391,-0.2698476879312462,-0.4098133257840576,-0.17049164464924582,-0.8074740679979944,-0.20906385794815396,-0.006883137220435295,-0.02211524439834465,0.11248769057929371,-0.3420748182773626,0.37850141400266296,0.8837498949925201,1.4528449949969229,1.2060470484811026,1.399501387325196,1.4342578170035476,1.5081713378298576,1.4347351620025681,1.724267605889073,1.3600039665612564,1,0.781932266800897
0.12408079217538188,-0.6129728492007999,-0.9305410442669091,-0.5756561107197622,0.7321609279896598,0.43058829713728747,-0.0924552874082217,0.490829616514168,-0.29781115773165945,0.26319178773558183,-1.2678321998129987,-0.8001103201628269,-1.502629803495404,-0.1524958382474073,0.1598978744958624,-0.0598388894568979,0.2740354073795886,-0.41122084815032645,-0.4330125770330897,0.029843176527852785,1,0.4145313789148159
0.20261946976913592,-0.3273245349368072,-0.9393883141675374,0.46488364315617575,0.8355296296557216,0.46442976217192494,0.7541150856010241,0.7575419328016879,1.0838181248862908,1.7350431259736696,0.6351548583780786,-0.6768709004295334,-0.5325817528391705,-1.1355833848536954,-0.9127141658606411,-0.8065713155491373,-0.9113123800591658,-1.2576837342010296,-0.9433621707121823,-0.5868006162548144,1,0.5301140775577073
-1.1812861648417043,-0.5409082231303254,0.460919216315085,0.40150373388671073,0.2510966039708114,0.34543447472575484,0.026135830823708756,-0.35034025884785447,0.30667644717014575,0.080872457688271,-0.6099351683411144,-0.8711906892349227,-0.7786286646920312,0.11970362548257714,0.41156109290476667,-0.2258684356329087,-0.5047154647685231,-0.4443567825676492,-1.3331456239335246,-1.2434121923332964,0,0.36976119338119073
-0.31312629851829593,-0.438824448765538,-0.2031470230907335,0.37101216326983405,1.1602550155838465,0.9817607136452807,0.9792790952395352,0.4433784460031327,0.13670535424136082,0.4662225438294828,0.6414943613298006,1.5183940600160728,0.9932793621124548,0.5625117558728775,0.5002567755911517,0.10652544484912946,-0.4775177226043671,1.0271775135517256,0.8545448007469352,1.2803320295988674,1,0.9396533335420351
-0.4074220255524668,0.2527165061229461,0.3700667797571,0.8524356261157476,1.8292428874696434,2.0131928542851587,1.785151714343174,0.7032676282011218,0.7614866744644714,2.1881448141723254,1.9972739761526002,0.059829838759336576,0.2609838233462274,-0.48028175370001375,-0.2840581545215816,-0.23531281103027435,-0.07298151631367893,0.38737091688180086,-0.8385562453944587,-0.4496611934317215,1,0.42513406503813195
2.45740028204145,1.5082756546925733,1.5615735083090239,0.8065561218621053,0.6782922011650473,0.7361620617185924,1.1037020087149298,0.013862767706356369,0.4147811321087504,-0.6231528350529141,-1.4573248315807572,-0.20616518355231028,-0.7605421240923298,-1.8457164398380823,-1.890053173286205,-1.8166732898663975,-1.6565834441822411,-1.6674144979864935,-1.6023603778426574,-1.3969829257893982,0,0.003831182975552104
1.2516961084317062,-0.021016391407057994,0.35366851051772286,0.714728336359894,0.7674095859740695,0.803257217952275,0.27007086573539674,0.6525866543142662,0.9125532772848016,1.4024914649484304,0.3287799573583869,0.4828519929114223,0.19240191877063606,0.01111806287897642,0.1954546566735916,0.04227562414118788,1.2210124427873068,0.9221889615035623,0.34642314884734876,0.03880013776465376,1,0.6846338308946829
0.10203405084070984,-0.1883549788213773,-0.941933518708844,-0.3371668495886099,0.4235000228673659,-0.28748154363340295,1.32700394098457,1.5389901736056708,0.9505779904219543,0.5695686984034117,1.3334478811799442,1.5376998521939267,0.933983170554739,0.5069850167739143,-0.5342533258237605,-0.7681297111062249,-0.9291592595883085,-0.6729228385432502,-0.4984185406526986,-0.04213712876512443,1,0.9565647250781855
0.26662166794652076,-0.4609455668663856,-0.19661565575348572,0.21883552038419998,-0.4635476777977974,-0.2808115121094058,-0.0437035576923736,-0.6714658710879658,-0.45660869149632016,0.22845443739759208,-0.5887186782137659,-0.3202336862970333,-1.0128536591938915,-0.2569812917934856,1.1031149730847105,1.3199870746308577,1.4131136447076653,1.0906370914321963,1.2411051324931142,1.0929599487465538,0,0.6179304037407236
1.2239123966157925,1.3748204729900002,2.0683141041313666,1.3378398172255768,1.6844016994404658,1.49495763341242,1.5993446776832578,0.7876147967043031,0.6097907093294878,0.2661284269827151,-0.8015941198465004,0.020650233753931723,-1.063161358266559,0.11406617156791038,0.28092310288010497,0.829712570385925,0.8797019331470042,1.3916216488190052,1.3551117543382623,1.0305743118870743,1,0.2938581016122729
0.7327526978946126,0.5815457029662765,1.3283375052330453,1.4636287860856767,0.9336263948110177,0.2675800094399473,0.5375114174232078,-0.12101228280271352,-0.5678140329822711,0.21573185512226167,0.13395260924834063,0.050016576438066195,0.25850513378861323,0.7837165024298289,0.5344714357326383,1.057680579692978,1.5925589410616408,2.6333043592789003,1.064680349800502,1.015245403716238,0,0.8109170625185189
0.30954505274458277,0.32152917029219824,-0.26615522888106874,-0.20442287198146733,-1.132030140403625,-2.2903621092875524,-2.1264556702804294,-1.750411652755109,-1.1960948989891216,-0.9765232901971114,-0.8036066622493511,-0.29468771286568585,0.47719786401599984,0.2622291836375847,-0.06346429390015892,0.9285973378972698,1.7273158157082873,0.9383903664056188,0.8904712547643848,1.3039282530882352,1,0.5728914180063038
-0.8942065108620165,-1.030393387214556,-0.4412047941458563,-0.2372362173850321,0.23020779624269586,1.0766710229464718,0.6869757611609388,0.4817296152910649,-0.1635363618220396,-1.3069098669757506,-0.8068471987869266,-0.7094799169159589,-0.8714452722765715,-0.3864623179279282,-0.23604647162458606,-0.1942050400282117,0.18957047654984155,-0.2372517245197389,-0.26072053120926153,-1.208991774186663,0,0.5239032215292793
0.125046330655845,0.2978124221174108,-0.07438538301546302,0.9311045843725315,1.367863392061853,0.7246436649932201,1.540517548214275,1.001551092471955,1.084341938086832,1.2004335860756024,0.7879240841371421,0.35652891498466716,-0.7503136036114643,-0.8318651808368593,-0.54290897258695,0.022286268624285125,-1.0460270780215501,-0.09827255738806416,-0.2964904330177097,-0.2544867627906203,1,0.5888006088130289
0.3027164460981318,-0.41346335523457356,-0.03994243665573703,1.2105228573476539,0.7101553901231544,0.13482507547398948,-0.5528066033905966,-0.8448955154361086,0.13600659269369683,0.835651173619674,1.536585949894352,0.11094957036427863,0.5459739208960035,0.16351182632018918,-0.45904140964175966,-0.33626940676251443,-0.19928301573364685,0.5941757874916771,0.016339495139555495,-0.15744375872872188,0,0.5011870623163223
0.8798759611189968,-0.8585551676297491,-0.7763488494387393,-0.656648482093989,-1.3209496381359604,-0.632778836380708,-0.8501303207674645,-1.7113847929117754,-1.6584322928145663,-0.9256786535288337,-0.6210843856362168,-0.48782379751053817,-2.041595142446294,-1.7013982883712662,-1.9423095738703653,-0.4878208327352334,-0.29742269214518285,-1.0571118558139845,0.18135373016330542,-1.0916755448083166,1,0.6990526781487274
-1.2312992302648402,-1.0431464721180574,-0.5991426475668147,-0.0340906226414763,0.1489246384362461,0.10890859943642973,0.3081008327100554,0.24385695601296595,-0.6975030125143817,-1.40356164136629,-0.5943282735862832,-0.14044055324387206,0.4850706257949125,-0.13095985402413732,-0.04680772766789904,-0.6594914898358065,-1.0070342930889222,-0.7510514433843268,0.47021044824127545,0.9098780681776075,0,0.7390945288848506
-0.1536747110720441,-1.29190905389478,-1.258317433780996,-1.8913094261138546,-1.5306543325678081,-1.2612174371296287,-0.4254663468520066,-0.7318935721002999,-0.25661296266713945,0.7949594949978473,0.7346530826294545,-0.20200071737709102,-0.6093012926864435,-0.3463861583191016,0.10503368942234882,1.1170223511602266,1.4789696089014464,2.116767114663875,1.493430664312909,1.276644048570845,1,0.08802680851026463
0.14359164049654458,0.2491401056641564,-0.23251204535027048,-0.7597010670839697,-0.6197396644712887,-0.07114629380942093,-0.5786612589052449,-0.894757390714189,-0.47848306967567616,-0.23147373877398145,0.21018975483197322,0.8376268821619365,1.393717549609719,0.6402523687009773,0.5135137097078172,-0.25519628868561034,-0.16000907234556097,-1.151801756242641,-1.2193556379467614,-0.2950223609758273,1,0.6660887470010833
0.14587654531519054,0.18524412925064326,-0.12389952839195274,0.10664670339163106,0.44850059976644535,1.0707917561759697,2.1973050341534037,2.500610285352405,2.8365702889785593,3.235760885007598,2.976906027908839,3.1241493889433642,2.8714167835180833,2.0320498296407896,1.1798877920872937,1.4846528153069436,1.0715791087777424,1.2163681917208014,0.44078246241378277,0.6356064111181713,1,0.9892615315323197
0.38995729460614176,0.28128484985019664,-0.33394864229862803,-0.548251147346304,-0.1775149721928775,0.40630422072468936,1.0797861250843825,0.2845502781527819,1.587975079062169,1.9666226939540732,1.8925237470153449,2.2494649507784334,1.561719063245251,1.6629320608819207,2.853457493208757,2.8071706329182713,1.6069834443850237,1.6689389809122963,2.4772829073307,1.785999758712254,1,0.7779469435801591
-2.070547232588384,-2.588488485156057,-2.0296511379651143,-2.8975716782890464,-2.3733809569744504,-2.5439205360926382,-3.110160837123746,-2.3979079315345104,-1.2910761758667184,-1.6387851301166316,-1.027693608559566,-1.1672591733873723,-1.2805116087495316,-2.356092237712619,-2.056566620059674,-2.269944453646737,-1.726334830385474,-1.3700568004635234,-0.9078952982403999,-1.2543922132186898,0,0.3624724933708039
-0.6666086689389754,-1.4031534900942433,-1.4638645800155616,-1.2816510793116138,-0.3704891505269959,-0.4835827669141342,-1.162786965943763,-1.937095889697213,-1.1843860587866346,-1.851375806063173,-1.390062896153546,-1.4242051081151428,-1.0911404317010391,-0.7250745085557385,-1.5427728269966972,-1.9919274035441252,-0.9687856304674741,-0.4164321785139721,-0.5065611218174443,-0.11819105450410862,0,0.3577545179295759
0.2739779678575073,0.7364369800204861,0.713868951184641,-0.36841128950268504,-0.019206289315745747,-0.5614280830171366,-0.5773893320144242,-0.06550993467105388,-0.36602848920774905,0.9166903424907217,-0.5940546192191996,-1.1516969559367332,-1.2129203348014068,-0.8910463006378514,-0.06209918574765086,-0.09636643607081419,-0.28850130668285534,-0.663206297912072,-0.6541116946647033,-0.4529652167345805,0,0.2160059344287877
0.7822828752124257,-0.033984676152169435,-0.2781342455681313,-0.47125641939648855,0.3518476622215456,1.2017389182300107,1.2140251893323983,0.3694578877267042,0.48111199626451734,0.7571990298105684,0.9211365888008044,1.6004191909599126,2.3486251622530663,2.621666500858847,1.708754004555391,1.3471055539136965,1.2917593079243204,1.0620727717199223,1.064049466310021,0.7495107480917721,1,0.8257771239875441
-0.9511419373345825,-0.9036970967910335,-0.8593627126830954,-0.6918521514321008,0.6212601452864727,-0.09870786142139706,-0.9185445592096241,-0.9362002458252553,-1.4851117438264698,-1.7370870301475723,-2.041031848912878,-1.5394275306423617,-0.6368461946066819,-0.022763065210038527,-0.7790185574686026,-1.8581184947412233,-2.031294538557206,-1.8115353664394402,-1.420128871556946,-0.17688728149400865,1,0.3084494537734271
-0.3850132229585784,-0.7443727328823917,0.25303786516177057,1.3070853787788854,1.8834926531542906,-0.07273537145916184,0.35597361029744296,0.9243403570033727,1.5154342303856723,-0.11538946120174852,-1.4958365007526906,-1.6765766340136978,-1.2042123589826796,-0.43644351425322425,-0.4689631267965653,0.48393039097335333,-0.02438942627409671,-0.6249706354237813,-0.29736501787468406,0.19559769662215803,0,0.06924393725031279
0.13014377066012164,1.6712770241929273,0.8092399114398663,-0.7283672057217462,-0.8430060601151108,-0.12494433443146294,0.5049891966801416,-0.3100795183172644,-0.2218170693946764,-0.6773401307782441,-0.8170625618361401,-0.6900114108389047,-0.5478039216734545,-0.16029840272086074,0.40921992312120137,1.4627965958298415,1.43485388801504,0.8173955979139025,0.804350475488432,0.21037713061621569,0,0.33564015690965754
-1.7584974941646787,-1.0114961378508478,-1.9455109740817607,-2.7173196047068764,-1.257761366544432,-1.2157561959937369,-1.531237501414201,-0.3780207779648208,-0.5370704690703607,-0.17078485511990404,-0.8478387109227258,0.6423059267406985,0.8389071963364102,0.9868981490183315,0.990539781690424,0.8785325625557304,-0.45538654325676825,0.2750233048612037,0.17693680558282218,0.06839531000631262,0,0.0061176615130311696
-0.7977673067992909,0.3223258316119738,1.1399583994352536,1.6777166747604602,2.576289767523952,1.7493951254125035,1.751457514577051,1.5677454104683668,1.8333982126123123,1.9584944418287216,1.3714231370524226,0.8914461432894304,1.3162998468753428,1.1470196895798543,0.629319545148549,0.15702613247467292,0.7282413449561511,0.52673672834854,-0.005113660622747827,-0.24530283670774722,1,0.7701597224062244
-0.5223656963327408,-0.5321612171616743,-0.7616441950993187,-0.9563333208085776,-1.7499128460331697,-0.9528745567665229,-2.0788917534100997,-1.564005709385052,-2.3469208430478607,-1.6787374926973508,-1.7636517102454512,-2.4605786951361366,-0.8332404593761127,-0.9628825228889021,-1.2403172686427377,-1.8127745189965854,-1.0438697190984452,-0.8399845461455228,-0.282919158364162,0.20045509017368146,0,0.1226520596850513
0.3150528866988829,-0.012057113777445444,0.4195095028080395,-0.25337918761546424,-0.629306429904571,-1.54835909555366,-1.3707048222539706,-0.7769237684157198,-0.9090093694606352,-1.0076015317974971,-0.9888159489867935,-0.3858166543810956,-0.6635828184078438,-0.5586382039973434,-0.6292121161881784,-2.054914797019258,-2.5223929448187015,-2.3564869593015256,-1.4300887902569475,-1.0696913693756898,0,0.4070995435646087
0.45577125305922567,0.026461726981481158,-0.18225781935423305,-0.28962378655219045,-1.2114269620784253,-1.2897700180534684,-1.6590552224248742,-1.2488298959285724,-0.7283872449858371,0.21978834704046368,-0.10650445506039144,0.13441988338105657,0.6179027482227519,0.7060603547344859,0.5239066341857694,0.41635014175234575,0.9052348699985218,1.4210132095733499,0.10273061339888873,0.22321322130570495,1,0.6445465804989196
-0.4685095654047467,-0.7265034996858862,0.3081175152855007,-0.07359165371029285,-0.3132675028637087,-0.5673139448141055,0.4552842247618502,0.6834736709949311,0.299001261000116,0.4361469887653119,1.4803673127662176,0.9214231572785719,1.1594068025795141,1.3733745748931119,1.250867078331626,1.4936652684369969,1.8373427438000904,1.0239135649502058,1.1995746259616578,1.487274019963525,1,0.9429273568543881
1.3913561662372906,1.6845296958886133,0.294131571469998,0.006524246568114547,1.1289979157681436,1.2283858507655658,1.2988561031669632,0.34335931955797516,-0.307906614631664,-0.6069793145284851,-0.6916542192212297,-1.6735558168355449,-0.748101716668962,-0.6898928390579054,-0.7531630330438015,-1.0749451481894927,-0.6568997757443452,-0.17289260016143265,0.5826431607590133,-0.4147817270452333,0,0.09441189419970597
2.168627393633013,1.8006274873051544,1.3650661070743242,1.6257016225349132,0.9463238322603609,0.6094220223169337,0.7250356646847981,0.4579455970774332,0.9175409512832895,0.8504975845363003,0.42004650631253726,0.059853119513637434,-0.22233012398532925,-1.1202299214725415,-1.0697957851105429,-1.932010638887528,-1.1546696124607194,-1.2079820744130687,-0.48534649824931186,-0.16822202652935442,0,0.012699671989617063
-0.9393342207331624,-1.202368272468995,-1.2166504789053039,-0.5814082775821992,0.6589170571575804,0.457484115623649,0.6875427972569604,0.43712597487730986,-0.0037318220705603133,1.3584851214498013,0.9605311110493723,1.9182354858142097,2.192491430969943,2.451717472693011,3.016509935228313,1.5186295007180133,1.21506314314922,1.1069390889431783,0.06253797193265531,1.2929785319523193,1,0.41067269609633533
0.18965528785143895,0.3125567361298584,-0.2964472531939384,-0.5037876256665094,-1.7199087020634845,-1.52033081742001,-0.9236458428109732,-1.319422450883847,-0.7260810612595022,-0.3774757695267673,0.1330613452574655,0.24445763313253577,0.9274185600120132,0.6530873077909777,0.8589683931884065,1.4795809297035476,0.5332072536525847,1.5062082895140154,1.2486615473027782,1.2620844939508127,1,0.5765345864909079
1.928034227600011,2.780277878091074,2.955094994860007,2.2748371660967415,1.356468125997098,0.820236321990194,1.178384227626424,1.168179569530691,0.9636483174394945,-0.19144454771765965,-0.0772199537785857,-0.1139720819048108,0.34840672805394446,-0.520018062353383,-0.4531500714078779,0.3836901171038911,0.5426584038596239,-0.04774770366310451,-0.41153263932041934,-0.18930030877140172,0,0.0010573807195999227
-0.36714020592190577,-1.3841913640558299,-1.680812138125163,-0.5780540134370662,-0.832158452825917,-0.47308158192191097,0.014578417199806067,-0.5981140542828255,-1.199310269925537,-1.3812131058574724,-1.0115988833801004,-1.07132651850271,-0.36121752364369236,0.2818000534897426,-0.48886151279303075,0.6723294758782115,-0.849233777866093,-1.34712413476899,-0.6505738582013096,-1.7290463659159887,0,0.4514914809477049
2.631672764362699,3.1008894549210195,2.5894441118693323,2.525771197823373,1.7510365839411852,1.6145674592125099,1.4386957198117598,2.011970141384659,2.920425348734635,2.149310363382775,1.9647575552842018,2.200957540267847,2.3486486546439784,2.0579146620992614,1.1730251744008309,1.33049949949834,0.771113514854125,0.833178148719638,0.976456331257805,1.6444966239258196,1,0.8630687372028161
-1.0276018519167742,-1.3685373284806688,-1.6554902047789275,-2.338717903749855,-2.207759982322302,-1.519616898412815,-1.0352340976278653,-1.414443803329417,-0.8085958626095471,-0.6227650403587025,-0.9384717614017943,-0.9957789367281578,-0.8455786098963735,-0.8396746525156712,-1.1613901573190761,-0.7129850872760116,-0.7355679061045521,-0.7193697671475021,-0.2686686610666987,-0.5540622423440673,0,0.14663910000770958
-0.011140988243972095,0.25843394302896444,0.2807800628055803,-0.6505596699693957,-0.4268699982479772,-0.1746378460709468,-0.54145877987398,-0.29529730816206573,-0.159359754925421,0.3344361619787338,-0.10675460094989651,0.1455061441377643,0.2383682561150965,0.02050061497106868,0.03840863309791031,-0.7376172276890262,-1.1017821693431833,0.07703816905564803,-1.4673183392711835,-1.575304676546999,1,0.5825850811274657
-0.3880089543086585,-0.20617083454802926,0.5512757761823357,0.472210347578837,0.4584763299223294,0.7433204019122202,1.2659344563910286,0.39859860081365306,1.0425794620721336,1.1049280019304377,-0.4161828506528811,-0.3792669048250455,-0.28500919079867004,-1.6312876121863096,-1.3411586606171677,-0.9855446258287288,-0.03993769104684865,0.4078466857724829,-0.13550390077606583,-0.13710163550968227,0,0.08060917404254966
-0.38594339489023766,0.05456856800905347,0.10337231655886299,-0.5894842455634858,-0.9496264096861979,-1.4111872699477557,-0.679080926027641,-0.5976955454111539,-0.5472147130316091,0.2233775942678946,0.4271598171151565,-0.2500219592564142,-1.3158510594026462,-1.420123398564698,-1.0798328127489245,-0.05890521918994264,-0.19783920547001285,0.429001138231886,0.2520354417460864,-0.6938967312607547,1,0.3216135738536762
1.0763146678648567,0.5591909961341407,0.5028763076111274,1.2986723866673093,0.830189696545048,0.2649273461350212,0.46067002211260477,0.8560531261197152,1.093004045687193,0.7867873173240431,0.22995417595984785,-0.35759697293683973,-1.5763333306426135,-1.5754920942214417,-0.9649342040609613,-1.400712799084908,-1.1566607001169025,-0.5585696624229298,-0.5963207176527008,-0.5294503985703432,0,0.08336086260595468
1.4364945179874349,-0.4873273353280559,-0.11708242273778843,-0.27603319326007636,0.7163207739957177,0.9719907464497003,1.6560198550167038,0.8830548719809282,0.36725404609570456,-0.28673838337946744,-0.12246361190880777,0.07480923901645381,-0.32187105076149186,0.28509886795797584,1.6652642190622322,2.1504595140627956,1.0682018662891712,0.2073688155351942,-0.46423632433605905,-0.47326127363414755,1,0.7249197897697464
-0.9225695571253193,-0.817160146660848,-1.126386405829179,-0.33348131761091476,-0.8398112528869327,-1.7048785806705573,-1.2029290347264388,-0.9331457954684426,-1.9683608274854336,-1.2074570753514202,-0.6574320428670609,-0.3656748481194183,0.2657892657288943,0.5391960422742232,-0.13750453192990827,-0.22712389115911993,-0.9992181483951554,-1.5141570786290588,-1.2613057284628115,-0.4548264070273986,1,0.7264436202779792
-0.7175408367428483,-0.41017631503171825,0.2901976752144631,0.037057809002026994,0.0473067975870561,-0.4203383360970299,0.23566968768079896,1.024647199769414,0.17532297066137134,0.6241165083355468,-0.5400613279007332,-0.029355081766453038,0.3641098236751883,-0.07552460808931656,-0.37967389988325057,-0.5733966269498657,0.611317110667307,0.5524734383345867,-0.032278124727137224,-0.2568271180259489,1,0.5353185470865325
-0.7613515648894889,-1.7480858018807355,-0.20850428705825838,0.19282324520967822,0.6048337118247356,0.3379192501026006,0.16697472089611665,0.8735621129622761,0.3114536285009457,0.5062124334407474,-0.7514129793415985,-0.3703950692660417,0.5063661925518885,0.474286368395977,1.0308650630293383,2.0278984518770193,2.418742712280716,1.1844628273401858,1.3997437327091395,1.0058727133119332,0,0.7457446111295317
0.6034960389148352,0.5732273636930517,0.7411947623467161,1.1381143672646716,0.886928921093748,0.6782453703943631,1.2759091475972366,1.116315619739031,2.197713801994086,1.277100574469799,0.19286353208014442,-0.3656695531506419,-0.047991938374659135,-0.17947662262849504,0.2431661730649813,0.6953687817418359,0.6762658076470294,-0.07237686197299055,-0.4907046700133853,-0.772924881153809,1,0.22586153754739588
-0.13955361742320108,-0.7362991874269742,-1.5451752990176775,-0.7686171888829003,0.0026447562297140163,-0.30223619528045137,0.9056404003336155,0.25055292744998087,-1.1661962067922258,-1.5028625771894735,-1.6895695649721967,-2.1820179314311425,-1.6600551767818768,-1.8580363618147653,-1.6970681558343446,-2.046702307859547,-0.9735971677490101,-0.461684957870252,-0.04468570514253066,0.04427619370658748,0,0.6305417088789895
1.5618960147283782,1.8642243407682102,1.0670716301754157,-0.2035695515885411,0.7206594628082003,1.5132487979193332,0.9550114214032324,1.3780890490261497,1.1660555953929133,0.5606687641634062,0.5463060098007564,0.46921882441123686,-0.6297498248966114,-0.3841418158364645,-0.9093909615132395,-1.3413137360605158,-1.483628201477505,-0.46178538118957435,0.48109831470546527,0.9908257853357835,0,0.23889351007548265
0.3883101623977988,0.21385792215967211,-0.66123839399006,0.2798167397546479,0.0067319052968479055,-0.730649922309713,-0.7278278385553474,-1.5953885309659825,-0.06751412609110118,0.30169059700415035,-0.3271118706683433,-0.20970889712836757,-0.9779704427961836,-0.6703250747297004,-0.8277732086917192,-0.34659770954057323,0.6903386855537217,0.6590505557619448,0.008185331365913288,-0.23620139972703819,0,0.38438139988677017
