X1,X2,X3,X4,X5,X6,X7,X8,X9,X10,X11,X12,X13,X14,X15,X16,X17,X18,X19,X20,y,p_i
-0.9638015914735618,-1.1663277859188192,-0.8853098339670538,-0.8199783759874867,0.10669280985450462,-0.39582228357920385,-0.7799669997604611,-0.7803178804347639,-0.002033488867825534,0.5903860015563923,0.4034938323965529,0.9968614579416155,0.641889021701082,0.5386460335017719,-0.4897512489133523,0.16286229619966655,-0.8269107067769801,-0.6940457134407935,-0.582265498988041,0.6755339307816549,0,0.0314742953931266
-0.6349622415598292,-0.27128031948210396,1.7479901737656176,0.2150346240166627,1.3896175341294894,1.7054500254387843,0.3177162739679233,0.4495521190279345,-0.3275926196786469,-1.9427040202456463,0.09406903280390926,0.8170911209063562,0.25600145356604215,0.9598882411557643,-0.7050766963730489,0.9776016396600169,0.14323434137844346,0.32051756464774517,-0.5909739001850479,0.39582371519759435,0,0.0011121257692778095
2.5389952571635983,2.286728016728661,0.9354324948970696,1.2209750269460395,0.15861447430712924,0.6324494901520383,0.9962215848694845,0.6305495492958697,-1.1097061821640388,-0.7657997025660902,-0.14843797534580475,-0.25215449319939937,-1.87666929595369,-1.787666723952183,-1.2665902798695698,-1.0707583812035486,-0.043706832528045594,0.10030594083389625,0.7321449285263071,-0.058865565800259326,0,0.22537165361901673
-0.09208897464846694,0.04976181226995445,0.38636906682168387,-0.4745187380869316,0.2543192824017451,0.004004868286295862,-0.5211880043398542,-0.5506111916984476,-2.286224409788693,-2.1152666492973156,-1.241896223264904,-0.35450844547419225,-0.2729206955781183,-0.48397078542988153,-0.3311447252086142,0.9114904467435476,1.2375673736677446,0.21100527386887633,0.4694285475691537,-0.017328259415939195,0,0.015585411946178723
0.3233306239827376,-0.4731708557969712,0.11805018936921037,-0.3458535439028012,0.5809054287414521,-0.5560206964287358,1.377363345197233,0.15964312539855435,1.6720392120809353,0.8243633554677114,0.5271763096384909,-0.617551275317662,-0.4216413755722974,-0.818584029568214,0.0035263537179095338,-0.7262293797285093,-0.14342880445584316,1.1855562379124114,-0.6929031066204252,0.07358113087840028,0,0.04402960378379948
-0.22771629163625787,0.6668095778541828,-0.053691408734272375,-0.9598012749764702,-2.1866236920633417,-0.7302408087195292,-0.339915347233155,-0.5569006603089988,-1.2139681475119166,-1.9944778175629732,-1.4638676694678259,-0.15860361664371464,-1.3243995717120587,0.0005810411797412666,1.1216087139805777,0.09397490615115175,-0.20726323080480977,0.03934912141441829,-0.03160770998170895,-0.4486670889366514,0,0.151289517456886
-0.83454851872236,2.0749218959053617,0.6373026560169366,1.1341700871521294,0.8926034277699472,0.3693312538494923,1.6684646192064316,0.17304410334625667,-0.03947137043497504,0.7527445957167255,-0.3582946015533005,0.25854879237255546,-1.423017473570281,-1.5688176711154886,-1.7661733208978792,-0.31576527691650486,-0.08319988508923877,-1.352513878383391,-1.0297180480993982,0.15319466786637342,1,0.7271318033109061
0.3431381073216717,-0.3732206237540168,-0.9499227133810377,-1.1194579087612293,-0.06309361297777033,0.3123307123201469,-1.5183452391976104,-1.772936978224457,-0.29923702186711426,-0.02541812081252056,0.5454631550140021,-0.4108706042516344,-0.09828518157811597,0.6861514066667306,0.6453723421510913,0.7575497192992173,0.6805247206351994,0.3677340486109653,1.0085652726014196,0.19828859255922554,0,0.059216888096866926
-0.09102398744563382,1.4953663700614452,-0.6700699412151356,0.27411681866582754,0.7230644098230653,-1.1828717218106317,-1.183405055133248,-3.163531689376889,-1.4167730188743353,-0.3186891636772903,1.0336866263872826,1.7327492712205945,-0.18243977734536482,0.4179576444304661,0.3605198849339203,-0.246438701575192,-0.4344340116441723,-1.1016627349818555,-1.473766035309504,-1.6109745638608222,1,0.4179299191668352
-0.5311221908655382,-0.5366648289360714,-0.09621921459760258,-0.649788989417537,-1.614505832164218,-0.0370958294130601,0.5072117446624054,0.06857348104949124,-2.266834566102092,-0.09240123444180294,1.960934735397994,1.648559833825893,1.783241401151262,0.7197230578363512,0.295532241892215,1.5271452088660635,-0.0687639983727182,-0.8585125026873497,-1.1918880711949247,-0.2810835765856654,0,9.979691105717881e-05
1.5292827121131551,1.6995770208405674,0.45619131632437576,-0.8663636240275309,0.11842984662678514,0.6910767121812021,2.0798386070821895,1.170999997476386,0.14681096325841173,0.8798595293464523,0.27500657683954566,2.009615572325817,1.6535591920713435,1.5390847268426666,0.47777555183953474,-0.5859932604604491,0.5763997871374963,-1.0821302313838328,-1.3311953740432045,-1.8243569415909282,0,0.051676253765933225
0.6915022651789483,-1.1138933081382671,-2.513554359633383,-1.5853372376264425,-0.7629177551781784,0.5231642469953958,-2.1997700450369497,-0.016816207534513225,0.4781834755163775,0.5936730779073642,0.6100698793262932,0.16191354981327163,-1.0564078534723025,0.35920241968855193,0.6549647603326341,-0.5860979595423617,0.7997618707186505,-0.09401947607556842,-0.6833620997690514,0.8853939096802248,0,0.3637860106418097
-0.21378817936547087,0.03174914734387207,-1.2987269535252173,-1.5220584402089603,-0.6520867393277507,-0.8550520372662961,0.7480399878091014,0.22612212458284028,-0.7964756618997543,-0.29647914644757695,-2.1124749995792995,0.32856625776112774,-0.09548125377887472,0.1794808129710759,-0.6053602777106796,-0.07875195875730567,0.7530428372047997,0.9865333002266329,0.4687736671415782,-0.47428115882722216,0,0.1591267871053971
-0.24564980577920872,-1.4354568911779166,-0.43409800311118873,-1.0635665324931223,0.39905006043114055,-1.313224215356972,-0.7301587744474599,0.09095446103142614,0.22662994922696028,-0.036488397091666715,0.5350977411174945,0.40641407270583446,-0.749518634281503,-0.18328358289666677,-1.9503979501526283,0.3399188632854519,1.6105011657621278,1.4385504341601636,-0.08580255749051743,0.004191584743379165,0,0.07856339834611109
-0.42828601253725257,-1.6270022496568797,-2.3883790332926638,-1.0468680091048732,-0.4436908559453857,-0.4798819767045612,0.7210756884211836,-0.5660570850945097,-1.7230488396305712,-1.0816004130192196,-0.6987003399555596,0.7716738071397826,1.3855355425070033,-0.46269635900933914,0.8032397986226985,0.5416701272181016,0.5050033461567514,0.9050220930694283,0.08801681846761639,-1.3349397430231176,0,0.0034779076897678875
-1.689449677888072,-0.709543242770921,0.5328508382015122,1.7539746987224503,-0.020201596822720685,-1.4841837454381162,-1.7019052664905465,-1.4181390360983592,2.64561432867222,1.1396829079230972,1.9422563264597619,1.2238478801633033,0.6806310912026021,0.2995616458477554,0.30619892713760494,0.8784846749014503,0.7099163238493273,0.8387058447862918,1.190170465786191,1.4988782541165482,0,0.021616655162177267
-2.286663034933041,-2.0862041744262236,-0.6116824428994762,-1.165586434759647,-0.18909240320197632,-0.12438139047326861,-0.15912063330993945,-1.0916509851272083,-1.1857764419435082,-1.202254817564374,-0.9050412831599721,0.11361067724953412,-0.6198377996873401,0.743982109275975,2.697221644788857,0.3751684122962538,0.13224547200066317,0.5137696647046927,0.45374599497084933,1.5282372985229733,0,0.0835633226171034
-0.7538375913410957,0.3882270546359518,1.1512028139535913,1.0863612365592386,0.12179081250955048,0.12936042104183107,0.28798002180892585,-0.7691520820041385,-2.3829132431380917,-1.4902873618257135,0.26922274303230115,0.930187968455005,1.1444994962100534,1.5649730667644708,1.2590640312655987,1.2701699126221335,0.1079744413273236,-1.3227938072189849,-1.917811014375,-1.9820790304209814,0,0.03473371184267377
-0.14910593303694095,1.4642714299449098,0.4042229775012729,2.0051002776691984,1.0912703309382656,-0.4104705466499939,-2.140098725941413,0.27410550236323794,0.11409548237639881,0.40643060866376135,-0.7279447801594062,-0.857063104367963,-0.10661611194822473,0.21542113082571857,-1.570417156400573,-0.4738769987620904,-0.7258501269038669,1.2115394122529715,1.7357895071406297,0.7365041944517904,0,0.694241245065234
0.7812635271069508,0.9547784734674372,1.3920748067998472,1.1234433704026487,-1.0784062019961995,-0.0792179696928769,0.2584592365622415,0.8855342166700593,-0.25039016490092547,-0.028353379180709036,0.4102841663525105,0.10211754864536192,-0.5586670471565509,-1.8015714763611448,-1.7538791661053612,0.3968707732606322,0.16638501908766906,-0.5939161226241452,0.1828224930348256,-0.28560526827814003,0,0.053555891008205965
0.12826475412121185,0.1737232555892498,-0.6613163786258237,0.3293799907288153,-1.2235142754100876,0.0027460492994723315,-0.11455625230207282,-0.6060632798737668,0.019876070240141794,0.8947889951082874,-0.9597486960567768,-1.5303976395952372,-1.0894889671452088,0.2824730974665495,1.2551348524343788,1.1724103004278457,1.2918343978640288,1.632819805228657,0.2596905841307323,-0.3539642320071221,0,0.37116006490046344
0.25124450148729655,0.274689484239234,-0.7291528682282191,-0.6338211309452222,0.38805927870966095,0.22536272538179525,1.6490744248556946,1.1991346498636954,2.880370189530157,1.6052692180526298,0.2886809831940283,0.4306123463108897,0.2783020269051801,-2.124082150682239,-0.39495509097653153,0.42370343211564415,-0.41165025597770766,-1.10794350277283,0.2580842371870432,2.0937574348393544,0,0.1564239356459991
-1.7487182297036097,-0.4178343973280725,1.1089916126962192,1.1308595488675652,0.6046876350793925,0.6413775819165265,0.4636624188430093,0.40272376672534227,0.4356667725167521,0.5376008760015827,1.8670590336499842,1.7747934278817696,1.3381215980752035,-0.725183999281769,-1.7928892579551559,-1.303129230606289,-0.2584135151780493,-1.1902573162616206,-0.9623413104738405,-1.3343826526299019,0,0.0025636460890052794
0.7317109013593545,0.03053028046503375,0.5949260755413702,1.3254219013948225,0.44148521095300336,-0.4359625773879014,1.089093579665525,0.4150865784493208,-0.6554576676774415,0.1910034093098739,0.9886075627843945,0.5116078103319964,0.22374572972591777,0.9305531718462213,1.8441537161449906,1.0978882385691167,1.0079579223450816,0.782040531945064,2.4127581537441203,1.81098900466615,0,0.0493323839972371
-0.5416986844079128,0.43639306879358647,-0.5658711526783091,0.04001148940968187,-0.07493268546191122,-0.10317407555024119,-0.27848308629744106,1.091493049144472,-0.6457274356166993,-1.296142228634089,-0.9809557351157668,-1.3070603365241362,0.49816399873876493,1.0594158168729395,0.7954993053535101,-0.9036147869841098,-0.8507032970335939,0.4705688443463873,-0.640061808177211,-1.5469713179471725,0,0.017554787021755554
0.5225820019099454,0.49259790699112405,0.48516268525312006,0.5052980796198944,-0.5414436846419056,-0.34976050445008455,0.47391705173142984,1.3517736819818904,0.16172278158117245,-1.574213048950342,-0.08375766030840133,-0.6461482513800373,0.0292424079457279,-0.9344426947491171,-0.0847381468570075,-0.8218886123769675,-0.5882810540009564,-1.1054950225828732,-0.5870810411535857,-0.18798664678935906,0,0.041741492684381404
0.29188966051472093,0.4044705085081544,-0.37434420857537687,-0.1173489684740504,0.173375908060697,1.296242254839258,0.3142955255275844,0.025870074734227342,-0.5442994469205726,-1.0446435380907813,-0.7992299807444424,-1.522533147274411,-0.6949387864685749,-1.0397878656313244,-0.19357541472375547,-0.10233997764739267,0.7322635067460819,0.4299440698707409,1.1141846383960803,-0.3227665363762224,0,0.07993391173685084
0.44971628285720394,-0.3949259921052282,-0.0685156721120679,-0.15745880110920785,-1.5738125443694344,-2.8473849824739066,-2.1574296339943655,-0.05665764121006798,-0.2740548717609838,-0.4314974096609326,-0.33377391047928684,0.8994738674105648,1.2938949405579565,0.5201450518182354,-0.22284407035968742,-0.6586813630398528,0.24619832865538066,-1.18879412662609,-0.0968618469901773,0.048308499629561685,0,0.045490492739447885
-1.6466718208739304,-0.8166393672620911,0.6045581984993623,0.37165667034708,0.7259728965838074,1.1641534459620628,0.8178620754099041,0.8291566552857601,-0.05376912341033521,-0.7887209289449978,0.645234394349363,0.20278785408759725,-0.010236728526281512,0.8759907253109396,1.0089441018382963,0.51950283711431,-1.3357641373229727,-1.855144019035886,-0.21114882473396193,-0.1169636017578815,1,0.09536020091404558
0.6946042417841574,-1.0003754170142296,0.4730467611114108,-0.6890592205629396,-0.17445465525326662,0.9087715629387237,0.07956712330320817,-0.18837092050469645,-0.407569696157051,-0.34403793547514433,-0.3818440498239807,0.29646918802592975,1.084462724653614,-0.7067521323257377,0.38477069797684826,1.034034140287356,0.30405225214866266,-0.7917416427978862,-0.9723718273189652,-1.327477279089253,0,0.024368116194606583
1.0104800616521816,-0.011800673729835183,0.008718595364481883,-0.6591218622874782,2.442806152893819,0.9523012031504191,0.6737628585563056,3.013691414901256,2.163851326096079,-0.0021453570149855693,-1.379185387548762,0.2385202616251408,-0.6021273435382959,0.37147538775975786,1.0699555172569544,1.3531295527330585,0.6146189217279884,0.12327950394798415,-0.007908071004102376,-1.8465086595413898,1,0.16711336091228088
1.6112821346406463,2.0565379157986365,1.6205048746889343,0.6696504370807613,-1.1035282772606942,-1.6347273356662435,-0.009211746792031544,-0.19731052812989947,1.4329224177477913,1.4710823128728758,-0.5735120569852593,-0.6423674074098276,-1.4551310485642497,-1.1774218835592736,-1.4766728664817246,-0.4171011075050865,-0.6113936859987267,-1.6646812507897537,-2.0283493213201997,-0.80087519976456,1,0.9900929160779607
-0.5273094330433374,-0.7516722864417281,-0.6598874432155485,-0.8167165843933055,-1.6110186110224556,1.4256721695783814,-0.14170413255236824,-0.8777002255419267,1.0251486790278659,0.5919965558530681,1.1128645942941886,0.9778691343241583,0.9644884106311001,-0.2445662420705775,0.7359389008105974,1.9961160927635921,0.5419563390117811,0.5979207702790121,0.2904562620304609,-0.32144216312891033,0,0.002732869540045641
1.7955835513288179,0.18267568663855785,0.9109168081851085,0.1343760524437388,2.09655296542856,0.5842706829581681,1.7706142732636896,0.518140643876501,-0.07790674872889757,-0.4941100225157665,-1.3552666639870816,-1.3656432255989663,-0.3769696534750895,-0.9091263984186999,-0.10097086341396652,-1.6207923952926215,-2.313919586514148,-0.710886051717368,-0.2933910876269086,-1.1168219898437564,0,0.30230298688708274
1.511186365886126,0.272809317596614,-0.9333100834624682,1.598102790986361,0.9158610949378527,0.877499012750769,-1.0279987466661202,0.8117843161977383,0.2058914330340456,-1.1720317679639398,-0.07915655309032801,0.7799107926952772,-0.2763660982225429,-0.8322086727383696,-0.18928744490355026,-0.42259322891007534,-0.6458972680536339,-0.6059391758132633,-0.21304126467604023,-0.21085966004881984,0,0.03908859989683529
-0.07308884150447038,-0.12958259482798667,1.3552102531208925,-1.0818401530701798,-0.8669092655558893,0.24998629121096563,-1.169897020590174,-0.731351096211033,-1.503876996451052,0.005019533772010725,0.6942787461591875,0.9965703910805203,0.24534492033225336,0.00876800478009244,-0.6618995679189281,0.24795846767109386,0.6047918654717883,0.8871061721441313,1.4740433722066506,-0.48581222074423497,0,0.13484221946332695
-1.1936330688667485,-0.1582383830146421,0.9960370558454894,-0.7874121450876295,-0.6924237312601741,-0.23889034623360214,-0.17031285077011107,-0.13689953625067183,-1.079428907807076,-1.651572224601857,-1.1695381977429062,-0.23191900531214552,-1.1066426654996553,-0.24857909407965884,0.18760182615030924,-1.3471162975759388,-1.4511967704092603,0.07672807264231744,0.7708154366815665,0.39573343429663355,0,0.07082271816003052
-0.39727994975343933,2.224900044513581,-0.3829465218814508,-0.24690737428041887,-0.795094364803233,0.4092417070182719,0.6607002338080231,1.5163845873690878,0.8510431393597467,0.3104118439895156,-0.229099534394265,-0.16702187385270229,-0.5661071959705192,-0.4202050809403822,0.8968329497102975,0.1084339029943433,0.6147154118090694,1.984821771281515,1.659625687572827,1.1397550593815013,0,0.522146668172532
1.3640251278072648,0.3490587379749149,0.9624993853157224,0.05534244380204,-1.31922423143941,0.664523210465273,0.11833270424810936,-0.5815269257605796,1.368452761981841,0.9334103849552823,-0.783480557972247,0.4422816101489954,0.17654040828295275,1.0044550219202226,1.558474094739139,1.4055470170528557,0.1786495430464953,0.5932146504883692,1.117606726208361,1.5521265352309024,0,0.33557660341275936
0.7669370972978218,-0.20616508821310098,-1.2758939079162683,-1.2627619957545613,-0.6808677708310894,-0.3636167300639547,0.36305627968315274,-0.4152828352536943,-0.3631855256963654,-0.009904602233676995,-1.4659514721842344,-1.2702773723317458,-1.336562896768582,-0.5050910716323693,0.594781093082999,0.8008671318541508,1.0123617362021673,0.31368508292502123,0.7864235294466568,1.0361993073169677,0,0.22135455736749576
2.1339066813276677,1.4327861587237343,0.2892501642048706,-0.5799404909031649,0.2390265086751472,0.20484839086262976,0.8137202594506071,1.4036443295310714,0.8348364217869249,-0.703719521464149,-0.5676856164289589,-0.09319928620450083,-0.4766630278942144,1.1337390257083215,-1.0575481607814232,1.2446796524217068,-0.008918510156480623,-1.0308025314006475,-1.2472707881705116,-1.3897014557163965,0,0.09455312667427775
1.6233954339196481,0.739280147680117,1.4887684908635384,1.9981622121254798,0.8063084002989945,1.2295777521651556,2.334743766161488,0.38658550498155697,-1.5100631896629868,-1.289854324275317,-1.3540163015745403,0.4253043854541347,-0.16870216899081486,0.28889810082040546,-0.1653127033856022,-0.5950589165208258,-1.2832017220731755,-0.7040004204563615,-0.2219446822121149,-0.9777658359804741,0,0.10407003875501686
-0.4608805399611903,-1.2059379066018174,-1.552667990482454,-1.243669184907926,0.8600164919570206,0.6856357809407749,1.1053760021940544,0.15417854013131488,1.8421040670124982,0.030442461461432507,-0.8115651303609813,0.26457830350428785,-0.015283700292466652,1.0472707483570716,1.5850303154976682,0.7967009667249156,-0.04854612217818705,-2.899435418151174,-2.039505382077577,-0.46507323754049157,1,0.9995855583559091
0.7274931539738937,0.20264798292370964,1.083021237046009,-0.9320271582584613,-0.9409634909703334,-2.1737121834295965,-1.0686849074194453,-0.581063345013819,-0.2062237434876852,0.10613996812790472,1.0237316257731595,-0.38814368760045753,-0.046469394187728136,0.9598078200727874,0.7626029112685652,0.09796914593273319,0.18237733020243313,1.0560227968419154,-0.29669634692169344,-0.9243346528086123,0,0.008865873685692837
-1.7384348849630176,-0.7533061109458499,0.920249588098529,0.40084096621763626,-0.31353248450745064,0.3303883146671584,1.1319622533322147,-0.24970254095721264,-0.07448837109853712,0.889643854826238,0.5557348474575307,0.388862188327508,0.7074320786741395,0.36620732841003156,-0.6247878074240272,0.6629485160881716,1.1781786065247386,0.1444342520093738,0.13264029919980735,1.881251262806557,0,0.01875372077784268
1.211025210610856,0.4775103571297718,0.41040923731747303,0.7702563069071936,-0.8285087243046724,-1.126186849019864,-1.4508629986645785,-0.9886384768512276,-2.0401782913600712,-0.7663103472266511,-2.196192187597289,-0.8525684929909458,-1.0751553286438327,-0.6231651332182789,-0.6331580840575798,-0.16908985368661675,0.13941613877553563,-0.19032117436288798,-0.6724152501337063,0.361259557603897,0,0.23295338091683454
1.4049024906675631,0.19790652528714636,0.5596471634548793,0.0031396363726323845,2.48027823687027,0.0778794949219393,-0.7827260002406623,-0.02022416926150275,-0.21681134261887672,0.5951011016247997,0.06668751585950851,0.09627808983095532,0.2719961475220998,-0.4558195556251745,0.5606917128425281,0.24570426069775858,0.43529473578340333,-0.1141209945243214,-0.7493681969434021,-1.4317775568255142,0,0.07417079153052203
0.15677145055885286,0.2940895549237453,-0.0056353662898920975,-0.00660719862612409,-1.0854689960764383,0.20755476619833446,0.38565744256965406,-0.5935369168632668,-1.2704142192485033,-1.5828996037305767,-2.4066603509251023,-0.6437506339580534,-1.1196612293881163,-0.22310591892774098,0.12167862523362512,-0.8345420650974401,-0.03487266620460119,-1.401789052351738,-1.5502592654997287,-0.21081497707605393,1,0.88853751930858
1.1015513152042395,0.6726036163033214,-1.2005034987204382,0.6530573206323783,0.7353741890708709,0.31962176348968324,-0.8951149294043134,-0.2689910263729872,-0.3990816219767645,0.5964234664696105,0.30702387455961644,0.3076687833603474,0.16596953068001677,2.047721389748105,-0.2793994226331439,-0.5132158432561849,-0.2741785048654607,-1.669040107272608,-0.3167644906029022,-1.071635734931651,0,0.30793822723782244
0.9576508621028595,0.9349414260805272,0.538213430815042,-0.29375816893245493,0.4980981279435803,0.3189179784215041,0.10920663904911955,0.6524916320808548,0.9714593020521275,0.48470666825408804,-0.11328039505759425,-0.457759971674771,0.4696619268610227,-0.037701223590103396,-0.5429260522819946,-0.9441834951678229,0.04571803790608524,-0.6476573558170624,-0.5189355910883743,-0.9456477262883869,1,0.10324379849344051
2.404222889541621,1.4961767297683735,1.1355824515341937,0.5458052865794151,-0.26391708706220396,0.9119881985542753,0.0029616613242364775,-1.5347799619261944,0.7377661938316904,1.4244854224304178,0.6803215417227944,-1.0039993475474112,-1.488666559201936,-1.0697680132205343,0.06458938184865924,0.7577669572794866,-1.0954600918104378,-0.8413098527281111,-1.402548427492845,-0.9184344448161532,1,0.9669985277085644
0.4214032150664015,0.4344727326787632,-0.6681077043846932,-1.631228782796952,-0.9605973380409116,-0.16915270647007496,-2.3441745943487757,-1.7333096533548393,-1.3983494333631552,-1.8002074102308956,-0.9405090613014188,0.6493184277890258,1.5587255231572044,-0.432970976408232,-0.5900781775119308,0.2681582206498809,-0.7217526191664815,0.4534338642252808,-1.256629231908448,-0.960401009615024,0,0.00023376436412135692
-0.04562267686107038,-0.04631912897781833,-0.9923394375041212,0.06202500523448129,0.056524426535443054,0.02368524832881337,1.8159444636078088,3.4682398518923625,1.9401537557516302,0.4523221537094883,-0.028824214238543484,0.46629279970600457,1.6655869378224213,0.8385018410994699,2.225512990322506,2.3635794154550185,1.8884911499926156,2.4975864030896107,2.3409177618765606,2.3679362914585798,1,0.15505564661142446
-0.700956441150465,-1.059095210312675,-0.8469079171544089,-1.045639467882173,1.296449363611309,-0.1730000833626438,1.5956771878724534,0.7359036816537579,-1.0220111930576732,0.45480721634644433,0.6241566562011459,-0.6080447344594664,-0.7025844154511452,0.4281770783038994,0.004351055587351204,-0.3027992400590789,-2.1768609501689484,-1.2911361489239845,-0.1282717436452605,-1.586537382757555,0,0.22883975896013578
0.23988378546831055,-0.45533563996777965,0.8641184841771451,1.2752043826538557,-0.11118835764883056,-0.8486712127531388,-1.6467518063983748,0.04058356527726952,-0.10461899624009464,0.5029010494431801,-1.2070577356597443,-0.12039497352030772,0.5568296447891821,0.391372068546656,-0.988743539748431,0.2261336394691928,0.734417751670059,0.5233739101020825,0.21144352351282555,-0.4202122266980546,1,0.07203930470876269
0.4448459347143622,0.7197276059853334,0.8918614125093238,1.0306951473877606,0.877859400378904,-0.76122781134652,0.7503141082125998,-0.05254168395335877,0.7618815268896778,1.7697315939510097,2.5056367820555887,0.7548349804436557,0.48774063013929564,1.7008326629910857,1.668364215477413,2.534132060100246,1.1389569442325467,-1.401373472531247,-0.47502684279893936,2.0344246477616967,0,0.03233273153910087
0.8946650380455814,0.5454266410925757,1.0332513352564991,0.5755266956220678,-0.43990698884274915,0.1833539451124123,0.8779706362555009,-0.40772033361729687,-0.2615897718257091,-0.3249758964671463,-0.6774320708040041,-0.4102136294613872,0.1241134363221307,0.5055151143354987,0.7089164597984396,1.291897213426004,0.05438844305165103,0.36830475492993253,-0.20428433160151904,-1.3110144463735658,0,0.04978335202348549
-0.18250908089228945,-1.083341960620828,-1.999847782831787,0.40417399404216225,-0.16504575166855778,-1.367602570794455,-0.18593850585709104,0.4909902271119821,0.36181364226925766,0.613927788294694,1.8111607691766565,2.027159419806746,1.5322983008211304,1.06378364117847,1.451130968572022,1.5946003467111123,0.7644531541757642,-0.4150798950807615,-0.05571941149990733,0.23193668147284746,0,0.0005829318498370355
-1.3438893610555125,-1.6261097566544507,-1.3900710434692292,-0.11854353559996464,0.6069404988378696,-0.6022173611041927,-0.4876650612017847,-0.23694774403674446,0.5638911772944566,2.0866143889136297,1.0964488906743384,2.2438054512539907,2.2111819007551485,1.2570422027255506,1.0251389125600527,-0.2550836133216656,0.03541383039330417,-1.74807698270275,-0.04959200038190592,-0.7910123295869402,0,0.11361353141692195
1.8842617919705413,-0.8067032995570131,-0.4300660299266584,0.6425769163201882,-0.44067657663932186,0.8259901572686433,1.7126413857662985,0.2958190421272107,0.9405611997331478,1.1101120188361753,-0.027893269028535717,-0.5524494441938549,0.5642581207407108,0.7872932860312077,0.9471788796252039,-0.20946847281989367,-0.023306312539844762,-0.5393118802832662,-0.9636623318820536,0.794271594867475,0,0.16966933913702992
0.5713263739859883,-0.382109576081234,-0.2377990021607775,-0.8100071766267537,-0.10493945719052823,-1.6702392990725479,0.7359028501929016,-0.9025821898188257,-0.19791787124386184,0.10828916805930223,0.5658063860979049,-1.0243430468347727,-0.3750923534283935,0.37556251783744937,-0.4150454156385906,0.8267004306799554,0.5141269101824414,-0.9729401188142458,-1.3587701391278761,-0.8082557438843414,0,0.20789058109213826
0.5838071786525754,1.6937976252223192,1.1852495268076644,1.4613521475006686,0.3210257057159465,-0.4581376329461653,-0.4720371048076013,-0.7247028900671193,-0.4332682128695756,0.12430390889973136,0.0965145332861685,0.24950958997417313,0.6205131554039421,2.126480660185733,2.7785505390315595,-0.15458846517212202,0.12114329082877477,1.3534162451186593,1.7841477501261704,0.08359519756485494,0,0.17417658329491728
-0.2561397650235943,0.8821224568103037,-0.1589247483885441,0.6496837794034379,-1.5761362686218074,-1.4866514096352457,-1.559639631288831,-3.2551132186424185,-2.2596639703591683,0.22447793119546502,-0.2679903018290446,-0.0009371059081733433,-0.09044120389865161,0.11959679102114713,-0.9992491392133512,-0.2899922783419959,-0.6465454520687551,0.553951630326169,0.48073706877120675,0.36556822316513554,1,0.21919887377921637
-1.2221657842126037,-1.1819953899775246,-0.701101358984799,0.5897639603172039,-0.3496827600561553,-0.3780159190709453,-1.382025967527423,-0.26770247259643526,-1.2061226938707006,-1.1894981000939524,-1.8256864273253797,-1.7278193317607777,-0.7650642186440454,-0.06399558165290549,0.5472151165121605,0.43188394143215686,-0.1445656946129293,-0.14947140726402305,-0.6941148994105105,0.1804755823202874,0,0.1828894118142498
-1.3879497498450284,-1.3135196466679118,-0.9969670749758994,0.43443226836778326,1.0342719769490645,0.38398293633100583,0.887159640316687,1.3572876309698008,0.35188692716629605,0.33479916647072044,-0.31008851199550497,-0.39543460062965535,-0.9780147406465151,-1.714862532827573,-1.1219947915744675,-0.5331154471155616,-1.922526826400541,-1.2782679477879908,-0.5932224624063486,-0.8451085509676243,0,0.24728183606778878
-0.20243624020839193,-0.2617725265326278,-1.0725749332732701,0.46932289085004697,-0.9021606647269063,-0.1058748558133583,-0.4121635845715913,-0.30362968243169214,-0.1720480132921071,0.30493961363914174,-0.6651509251207169,-0.5615036596229495,-0.4244705485928621,0.21897266807905527,-1.449451354041247,-0.33927061040496714,0.5176391003246767,-0.29317363404132685,-0.5156602694461945,0.736798106745522,0,0.10512748422751617
-0.7608551308594752,-0.7993010881596013,-1.0499538130803587,-0.43959571595147395,-0.25713719825627995,-0.6024757120366208,-0.7558784302949726,-0.8765716711483258,0.08812428145959583,-0.8268590693399616,-1.4917739751043082,-0.24421275049084346,-1.4098892908790273,-0.12537837492696316,0.6518244404057746,0.382203829780386,1.3237263936829076,0.45097877732491504,0.28809457338238736,0.6185611504393896,0,0.1748171075135038
-1.6577497046466207,-0.6673490638935,-1.3103683211433823,-1.6097772330983267,0.7382224575329552,0.21608279305975372,1.3042415262163636,-0.13501415661240876,-0.43093035122121626,-0.9324876970166254,0.014586628755909865,-0.8935918682133561,-1.5406644876110098,-1.3856261878310119,0.21011788372642937,0.24401601003270315,0.06232881926122224,1.1626771267037384,1.2100918059653984,-0.25539617877973747,0,0.13786566456661598
-0.7091801862009584,-0.5212822496401089,-0.06376911700181548,-0.003527249194735633,-0.45184404434397163,-1.052987460144431,0.021974891564241834,-0.18819319094177647,-0.8045924481041505,0.12843973977159584,0.899606667255914,0.9729014237451532,0.49815504230501284,0.06270138371354025,-0.6332570939346631,-0.2284237350107893,-0.9024104685292648,-0.9410747261185746,-0.5681455507481725,0.7554592242065191,0,0.023911616229519983
0.6660502586759097,-1.7074544235503633,-1.466752285637319,-1.421767255913814,-0.1305054043182567,0.6140198142005343,0.6773770356331031,0.004989763354732994,0.11784264483112852,0.5494325108265652,-0.9172357854790563,-1.963455470924814,-1.3130221110648053,1.1562193372985115,1.1483479250515891,0.7615001521572559,0.05086209317899292,-0.1447680196001497,-1.2753361951136604,-0.7925243336061251,1,0.7723486554316896
-0.8322600675908408,-0.9892182854382476,-1.9789995579360657,-0.9089535368835362,-0.9529680375959798,-1.1564964493835925,-0.6104014143623588,0.27402545742599194,-0.7518067965970401,-0.5865245396412737,-2.7720510025213017,-1.0906066124778946,-1.465882185278512,0.3302878925716546,-0.003105133828320334,-1.8797715126510908,-0.5438019837228467,-0.37001570189567184,-0.6774868757650324,-1.0880312702912012,0,0.5956548621228616
1.539903323645886,0.5186339316977293,1.1416725958669356,0.5489257018952559,0.449976760221787,0.2931895252088422,-0.4690364935044284,0.7282403742849394,-0.20351228114064487,0.2819898944649627,-0.4274092810616122,0.07272558366692192,1.187063989991259,-0.02232090637114753,0.0876066523084392,-0.2155021789741979,-0.7332706982228927,-0.812340316641158,-0.7108424618817865,0.27795624730781143,0,0.0626564522293977
0.5839206418378,0.03652413044542279,0.39423468284768265,0.7546183168858963,0.5973846586811511,-0.07068698358499241,-0.3061429890989992,0.6640513103807928,1.8421146213877917,2.1331480744270013,2.3874311383882834,3.1618747203397013,0.1675559380179733,-1.3146166594824145,-0.9594667977763249,0.025225001798505974,-1.8878485951866393,-0.2420523101608711,0.18723272414877123,0.8914388178610075,0,0.07729957485533133
0.9054339236016241,0.26299660768214117,-1.0260973540307565,-1.3724736110598792,-0.4304760312118963,0.2867801598408376,-0.8022266242184556,-1.5295877095316166,-1.3528904999091813,0.12047866690763531,-0.5195055049041409,-0.003413415520377729,0.5457852666688179,0.1001571347737962,-0.04451634142616277,-0.18802818179753616,1.7712635669560448,-0.5368671753978415,-0.6008289321578653,0.4339513107802826,0,0.11609316359393669
-1.2875452425253928,-0.1929703600732984,-0.8590511818869367,0.01563605200635976,0.8212551220724112,0.184268815472025,0.5061679944031872,-0.9736011026198326,0.36106997712328304,0.7763002789030188,0.6630954146825591,-0.4007351997473122,-1.435724802184611,-0.15444908644987668,0.004071691421193652,-0.7680651600050181,-1.1701772589911237,-0.3404874935755963,0.5164654121014992,0.10578135899520294,0,0.42496121600232795
-0.7200198760957949,-0.2288189364196262,0.20276576255106396,0.3710496087856651,-0.9782188397529058,-1.734163891061248,-1.2741834364474678,-0.7932455290547895,1.942773677322421,0.12455640778238306,-0.5609978653257269,0.2910099154044205,-0.22485258533750527,0.6660711511120346,0.5031594452099281,1.332709274584751,1.25825482905684,-0.3672896314898719,1.0705957752638302,0.8669514987455481,0,0.10005485888028814
-0.5537620842015889,-0.3336120896106957,1.1722321669421152,1.5106459480856438,2.8653451669401324,2.0343561810958177,2.2795617721683015,0.8948249859082318,-0.5059770230661719,0.35125954354166605,0.33395896930542657,0.06452393155438085,-1.2672443216479619,-1.0214566170007304,-1.0729133946184266,-0.2725734704125454,-0.4322309579046307,0.36901570136502115,0.4879297246105842,-0.36517236396495983,0,0.2477116625018514
0.8476427799227398,1.204170600855848,-0.00879091195465164,-0.9465263874495771,-2.0331387782238037,-2.1663458852312525,-1.045267232189742,-0.0027000514094094705,-0.05534458116922286,0.9525652413766278,0.35759575697420737,-1.3452927896457063,0.5945941183277432,0.9651061657862037,-0.567183339649818,-0.3094900422558938,-0.33733562042561827,0.2666848252435125,-0.8099305378736467,-0.829322774497636,0,0.02034769997954547
0.5111841110892034,1.0575395145104625,0.299663266995435,0.002936095159620952,-0.7647840040540974,-1.0085219714581315,-0.04746968716029132,-0.07894213339433628,0.17821538234880974,0.856527899613969,0.12520448985832458,-0.981791523674118,-0.7119351528751866,-1.231984653241225,-0.10628110342294998,0.6547728708084817,-1.0527675882042513,-1.822560082008641,-1.2646176423961695,0.7922209624719557,1,0.889318835605016
0.9919644522743084,2.3989989731067793,-0.18725538630227037,-1.2775114976588327,-1.5320313165257098,-0.8266061232938343,-2.1221817176473183,-1.5985002058647306,0.11238220837183473,0.9523309602145174,0.07716296242764686,1.3883959298647204,-0.059063791506933236,1.2930833037087477,1.2343979058493384,1.2128179851312164,2.230476989539811,-0.7505579614769511,-0.11421507913845973,-1.2384735080672546,1,0.5083027411622791
0.36308305038895466,-0.4553164204626376,0.24564823987549142,0.26999107219748475,1.6798346543518086,0.562672422760794,-0.9041605376322587,0.25186173893000885,2.4047703842973425,0.16875481193526273,0.337502547604371,0.6220613943103798,0.788395182900352,-1.2427912969664041,-3.035176618450718,-2.569263182276011,-1.8224647706435608,-1.0665698062094375,-1.6494514845386465,0.0895554038039373,0,0.006035681877486815
0.11379527392497342,-0.48970185029148894,-0.11295450240444753,-0.9454380028855226,-0.19054367229822539,1.0455658425354761,-1.1218581293569794,0.002254065262271905,1.3867329635155656,1.569085480398364,0.7199941904922155,-1.2687562264985017,0.754552871098887,-1.8966167228670827,-2.627916892534633,-1.6428842854629553,-0.6653027217743009,-1.8307006049504564,-1.3009476308233425,-0.5438708901253623,0,0.08410239746283008
0.47172007147933154,-0.5062576364003258,-0.6618290534801463,-1.2057672788270732,-0.1696840739372173,1.1724930905202242,1.3706671621029274,0.9068858119166194,0.8264391366686529,0.4092429897344415,0.5872171439147806,0.0901197034592604,0.6304650452413051,0.9123134660550419,-0.4531092286157837,-0.31085868038135334,-0.8451817129345459,-0.11631743187465204,-0.6625921576603417,-0.9112268934612706,0,0.010095881704985167
-0.671422272627836,-1.1685659418071073,0.26993364975476547,1.205339425185241,2.7061101388111326,-0.08608544917455457,0.30602425252873494,0.10270225740687942,-1.7869459838421515,-0.10415701487475024,1.9535357981544117,0.5042265029745171,-0.014623752551877957,0.8755723040202984,2.138640622441046,1.1803894034012687,0.35817261928479016,0.1925844054166663,0.4292730628070205,0.7880681747615943,0,0.0020581245689050448
-0.9728096924813567,-0.010075944710890421,0.003231844733656174,1.4362913113629296,0.4426182825692701,0.3724942613419463,-0.8579015877371786,-0.23193697382107814,0.6107144246895533,-0.4384729290738371,-0.2658584541018507,0.5814675725858246,-0.5782515053721647,2.3899672004346377,-0.9399159365893813,0.5541405835248349,1.6570372935046254,-0.9197942502063794,0.30651288853867836,2.7371447525243444,0,0.03948583427812609
2.0958947373025345,1.1297912492199145,0.5139603222407146,-0.04719449120860941,-0.04285149849381202,0.5228364099674844,-0.6077099149784334,-2.1100772898341558,-0.5187921395677568,0.4720314655062584,-0.5795985383475787,-1.1452996988890036,-1.0052947974890174,-1.620779818697609,-0.5785042955721343,-0.06834993670728728,-0.7783004178024062,0.10164443975426396,-0.0018658357283027323,-0.8695681332095432,1,0.4401566389428718
0.3362848945980661,-0.3111400789996976,0.2818672967726015,0.9549828655715491,0.9047450904620619,1.001221125717894,-1.228959727784111,-2.027500967469904,-1.0484250017524055,0.023029708040739408,0.2485074230108899,-0.5732389280672804,-1.5389222205818238,-0.2505804934186519,0.02608024870017043,0.7411054574031127,0.10811240075115697,-1.1131411553661865,-0.9097758354958072,-0.640332899890084,1,0.7689783465655593
1.9131744266084165,0.48060849209019985,1.3266654568755856,-0.22172008329711299,0.04795769475810231,-0.3765929080720815,0.49306910264384995,1.2090014070356965,-0.6997488267194956,-0.2029359914413591,0.23222066248026765,-0.672555221049788,0.6720365571096478,0.558120848808386,0.6608950465988235,-0.4885894330422513,-0.3186626175807022,0.5089546170911361,0.731288182369596,2.171466712183854,0,0.025723126209818523
-1.4826172471735868,-1.2859959514597201,0.22199152292650173,0.6908518133041216,0.08322131292701487,0.6436991853941552,0.173549025521044,0.6456959632435729,-0.534536850811303,-0.7755350077637989,-0.1419478735345263,-0.4394989124517322,0.8495491343994817,0.9732289691436109,1.0538000381054595,-0.25116283675429146,-1.0805689363950688,-1.1387868485900832,-0.8652611507567101,-0.40674101209742014,0,0.07576264013397467
0.24384304300402201,2.2053340432098163,0.8017686909570193,0.06917507313637065,-0.6915291600305886,-1.2799391957903583,-0.8860028013546405,0.326970615525911,-0.3889850292410205,-0.2530190468793124,-0.009676235095781159,0.4450384569345606,1.123803446941687,2.7947210509445823,1.9952206296204782,-1.050493694867526,-0.6170788160346764,-1.3599517447055602,-0.951402967919328,-0.4822596160529215,0,0.5591826864018761
0.6626211015932317,-0.16116062842629977,-0.6971440612740517,-1.0042123406428345,-1.0746033418168055,-1.5111872020301813,0.3043214206964577,1.0273558651860224,1.1464825502117584,0.20707817390565875,-0.21009918030201838,0.2604416152269793,-0.2629723802349614,1.7876707195804427,2.412016220998361,0.6641398177775003,0.12376239612026156,-0.8214472816780095,-0.26492126633141505,-1.9210031451828398,0,0.484476825798327
1.0256866565611424,0.3579873913510868,-0.22430613230699195,-0.4765225918065646,2.0871600862129567,1.1154557636660567,0.025452509565523695,-0.44382946049913047,0.08219718107776566,1.534131178723684,1.5081579331087005,-0.4143318794929211,-0.4813286362106195,-1.330616524421518,0.1477954944229199,-0.20126537607206255,0.34908003033057355,-2.162669808432633,-0.5829201035558769,-2.8798643418273313,1,0.7985128602417917
0.906849625027929,-0.025957837288934103,0.23104325172996812,0.20727808238324727,-0.9861959425675472,-1.4034009545896844,-0.7009792472984518,-0.4849264927449078,-0.1624809795126274,-0.09118744404143397,0.06002325068770743,0.027626039659397084,0.13839848365594593,-0.42653300034703406,-1.8705927943168328,-0.3203601639627451,-1.1394340654338269,-0.5677064601741841,-0.2974615190223588,-0.7175415010878049,0,0.028985285319795388
0.4439804392911925,-0.46204446768242624,0.2683746826533875,0.45173354025699064,1.527881962757025,0.7599101959796305,1.7498800576751936,1.2536466553387342,0.4811641565180968,-0.34772058760358737,-0.6726421779241744,-1.9924986046190463,-1.321857069885608,-1.4298017257446298,-1.1612176502664975,0.48205910118033707,-1.0846087925495693,-0.2184181335835448,-0.4672436528990779,-0.2909291517857221,0,0.10946173818781464
0.6284333569460879,0.005992139289915685,-1.3612940088874377,-0.4727368345012989,-0.6132133206297313,0.6898906184335463,0.7299986136750996,0.39691809226196684,-2.110810413065133,-1.8794138919355643,-0.8798128400625842,-0.10124691215412678,-0.4434132404095915,0.08687883261483602,0.4856583464812558,0.9872883891530243,0.9685043820815851,1.0406243979809757,-0.2915727132401985,-1.8767081525555562,0,0.009915758735877828
-0.35369759483685986,1.6441492948344907,1.0464308349982798,0.25593756705750287,-0.6547396769781196,1.44804774369354,1.9177839564998145,-0.793656386874293,-1.1845135393434347,0.08801509584325153,-0.758709667072821,1.4327859963705498,0.7927455602336119,1.2403609523831471,-1.1694270350822438,-0.7221552860361333,-0.8572654088885315,0.04150459459325263,0.6229073260714588,-0.2876168909061999,0,0.12414235800186793
-0.25301685058477547,-0.29434847167271,-0.9445482555458693,-1.8950167495905326,-1.4740099771875002,-0.4343129809488947,-0.5079011860801966,-1.54325794891936,0.17315665076806352,0.10693626034546708,0.32433151465730864,0.1258386325119036,0.8154522511868035,1.3447872940073518,1.1550091438916392,0.8732780535912621,-0.3599115386298836,-0.6774622812304242,1.2752713587286233,0.8424725519009773,0,0.06561438463921468
1.1954051028257486,0.47817296880328,-0.08329795602899362,0.09988150986395318,2.092136297026395,0.3449908901885286,0.004910647748509662,-0.7080255512003037,-0.1034795368732979,1.634015821982845,-0.5722043711451079,-1.549788968154826,-0.9897412952136314,-0.6751850193855236,-0.23039615406352998,1.1383123916938709,1.2530586002668236,-0.12461506200373192,-2.6776832435077296,-2.4796780305536754,0,0.863860576803175
0.903145957205839,0.7122640148993473,-0.25967165281194854,0.22339077868459808,0.0948752088886897,0.3264677217697656,0.4248581997195491,-0.3573456600898024,0.1007395570876066,0.27679307289477534,0.3115952070461674,-0.13503572878646075,1.4300470952802566,-1.540186341095832,-1.842740377229333,-0.05967044878446237,-1.0612153964912316,1.0251080394786012,0.4996488464859332,0.15608824410951527,0,0.01311536914760113
0.6282669435192522,1.925234390878503,0.1766511832909753,0.3979436111376134,0.6672153131436731,0.7102987132959723,1.2131813207437685,1.2669575494578267,0.154501929440008,0.046669509026300175,-0.15191084860297271,-0.6728103542522988,0.1982847917712749,0.9001105845373536,-0.8846399256116012,-0.4029099725532103,-0.9256676847150838,0.34410819427131606,0.4716638807080794,0.920303701796153,0,0.07045272590604894
-0.11646537784651483,-1.061125830268197,-1.0755119358108578,-1.2162075516180826,-0.17759555256979045,1.0546709932415281,0.9678674721530918,-2.1880747783430246,-1.679777243738964,0.025650932203971577,-0.21883520893498207,-1.0603383314516568,-2.4191044846060166,-0.6143286020843932,0.009212266127844137,-1.3890344196116315,0.0945095966109354,-0.39007464647050033,-0.14693839805497066,1.44436954092179,1,0.7624461907797588
-1.5959942780045686,-0.6309871566541111,-0.9811042951979037,-0.4269796779069489,0.006761608042421436,1.3076096409053202,0.03277612046895869,-0.19407089038165748,-0.38905475043379595,0.6848251783489674,0.00877964090049706,-0.1484355596133574,0.6131861289349386,0.565387718241584,0.17237518265886495,0.033561054164422184,0.033409262223356655,0.41816244718491374,-0.0818497779743388,0.7947409725559873,0,0.03013556684862491
-1.6524636819411467,0.9465784107127723,0.28551655137592696,-0.5546258305137525,-1.7594638696762785,-0.4579020046312348,0.027646904226215196,1.0692840126877525,1.5506318939997255,-0.2517958382893638,0.8001189483574767,1.6153974668115008,1.368208946949441,1.2850799846228684,0.7318420378572581,0.00131840119438549,0.020774489167321053,-0.31490505053682477,1.0594280804637088,-1.0395914556854824,0,0.015602181637837656
1.6277925184824034,-0.010344401664388653,0.5780013533311392,0.0889796664644439,-0.3177877515825054,-0.9455170304171269,-1.0321414992806908,0.08017082276668475,-0.7943077823045795,-0.4578507582359627,2.0798021670114215,0.10957255512916286,0.866349837783347,0.36486188609666903,1.0932704293563362,0.028931957310569644,-0.6575345392475254,-0.7230634924297549,-0.9065040605287947,-2.1404557669107724,0,0.0015587655914587283
-0.778111855576178,0.09275698004474732,0.9554346813603591,-0.001534292989877111,0.695395966594531,0.446026255630462,-0.29779169391417115,-0.5244838309680393,0.1781343211314668,-0.853216508250702,-0.9047565846045483,-2.1902008611745094,-2.892694626949807,-2.13865822750025,-2.369070378730346,0.22516375313086417,-0.27716445743127677,-0.3947156636306938,0.7523829991046692,-0.6080357586649459,0,0.030792565451944313
1.470337148917485,-0.18684150708686467,0.5248771154937456,-0.23372750830914268,0.46926973575375724,-0.5569662385579649,-0.7050383184982182,0.06039834620954023,-0.6023872531848293,-0.14864348852344372,-1.3474017167519925,-1.025687798733932,0.9227012639863998,-1.676482701751193,0.4665209568829114,0.8238270465018261,2.07368633406943,1.5271931087934234,-1.0787527632042602,-1.9611382827363208,0,0.0012547235099393571
-0.4665824577434128,0.25137327474059257,-0.18606676158203403,-0.5474156207933618,0.3422884163843233,-0.17126306494387272,0.1258964626557564,-0.5146678012440963,-1.2757698789702208,1.4164415638677352,1.2699782539301347,0.5951441638658123,-1.254384177022593,-1.526949724590219,0.8610022819164577,0.38331758713186403,-0.04811470081726089,-0.02634140022811703,-0.5192106179438818,0.3254402192756789,0,0.554990056402979
-0.03457422605841597,0.5615281203019644,-0.4099891556107394,1.891348086044683,1.3604376834140421,-0.7276552932939473,-1.068414421276016,-0.3414840446803152,0.763921090906442,-0.09197996749719646,-0.7994526893273005,0.5977997442523408,-0.6331120690446543,0.5529792988721578,0.749217085971553,-0.3960829533829695,0.6955366939856406,-0.058970014872221296,-0.5065750165250972,0.14943508696112193,0,0.3572273325578907
0.3945472003518674,0.3986059353498277,-2.613626827600872,-0.7253509180552103,-1.226818420152229,-0.43482287464421127,-1.1139490787109536,-0.09083819883363142,0.14321576253525203,1.4439133534100101,-0.4459736029876158,-1.3800474844094996,-1.0756325272497158,1.0964412273247564,1.160961668684504,0.32262273714838285,-0.486257434460395,-1.068825379441273,-1.7260404382106276,0.6543438982119764,1,0.9896512854493986
-0.37412550086752205,0.05900106535071187,0.4395665103105179,0.6666166862821892,0.6270398346074256,1.097927867573368,0.15672637311887835,0.8344179304496461,0.9496682070693453,1.6387688301958316,0.2684445825723086,1.060613375219307,0.8928492024295329,0.7943831345456092,0.4005514329468963,0.6913276098289229,-0.21819214180065058,-0.0240190467306624,0.5825411472715032,1.6029770927329334,0,0.08992582214313696
2.828405152976048,2.1084028027694983,1.3932288731277045,0.997503718118611,1.0961599855846085,1.189682627238448,-0.33046194354465175,0.4577728174740933,-0.26389925581179374,0.14179429076393618,0.6944988955401467,1.1563668033864227,-0.7742794040363773,-0.5723022996563134,-0.1299233603897678,0.6777223302759064,0.5066366640394177,-0.630481908758586,0.23940363575224005,0.41954544497862606,0,0.13684952336478148
1.472733664845784,0.6748553457841237,1.6343035144378266,1.7826850419728217,-0.3992182340929384,-0.989625873693639,-0.6105353716932588,-0.9258007684088664,0.2515542426942604,0.48548033672534363,1.0256313968880506,0.9041944470302551,-0.4033824372877451,0.11295495914560941,0.4572942276378682,1.3376942714881455,0.5091009044690767,0.5930547555952738,-0.6857346410188464,0.48484126144729073,0,0.029565365242994034
-0.46787668821338935,1.0081571853302622,1.74943166627127,0.6953782648491186,0.4579771116964131,-0.5840826912318191,-0.20398685298369676,-1.3444768844956514,-0.9251247155498964,-0.5405375728344761,0.47577470709434233,0.24580354582486272,0.14545285676016823,0.6150045545621321,1.547681082310926,2.5182288909710184,1.372463821336909,1.85061784090639,0.4595901339562662,1.1064870896060028,0,0.0034022078723022495
0.384736016766606,-0.7993694547919351,-0.013721257785139256,-0.47395841833649066,0.41998258829892654,-0.8211186417519022,1.9725982855598376,1.4349899651224796,-0.10411760319141984,-0.6911779283451991,-0.7525385375792465,1.0066408008754875,2.3180362627026527,3.0154884665979687,1.3680130452855397,0.6568123342551153,1.2037736003148685,-0.2960872092327387,-0.480912618064627,-1.3788945746072556,0,0.008151016769498117
1.1244500141963596,0.5497686872148168,-1.0879440927044206,-0.26416539222103425,-0.4249263798252106,0.23418381330004306,0.9109446199669096,1.4897248466208903,-0.09673131193980002,0.37384738493498404,-0.04495268149100487,-1.3836430893914402,0.8746808248816642,0.3294597370408375,-0.1766428709108204,-1.772437650217674,0.22189586480105275,1.3132556715092931,0.7167063856931769,-0.1974396691770762,0,0.07088579745846507
0.79778891953171,1.1131765413610957,-0.13359767673057119,-0.7828831021019157,0.2721732989833415,0.20611938191028792,-1.4264833153844962,-0.006662936831729334,-0.9303995825075175,-1.7606183124584283,-0.241908179697324,-0.9965976528718783,-0.29605919221773774,2.0644983756225894,1.8073084020187826,1.1930066220963316,0.7673922587837334,0.6504299576645935,-0.8701230370543538,-1.352841976266052,0,0.00981043036412124
1.083228765453357,0.6223558613416875,0.9818587981208718,0.4368686139954518,-0.3471688160141084,1.6155661530312035,1.4664706877576936,1.7894686431158742,2.6681476861066584,1.107413889179668,-0.2833235388315862,-0.6988156911436451,0.7879963373359353,-1.291395842536724,-1.1294409821087446,0.194410852677865,0.39663819460602934,-0.024390957445930686,1.9017732661219107,0.6294381494855056,0,0.2808106509969837
0.0680944785685025,1.8938667505059317,-0.18903590094749112,-0.014221949279201986,-0.1293799215404837,0.7426065665844587,0.7785651390349928,-0.1425634069162389,0.18207808663731564,-1.1856754946731083,0.5654215670887721,-0.3599255664521856,-0.4357724134708649,0.19966389384839084,0.5610632468614628,0.16306397744790313,0.9557339939810277,0.6376893710141437,0.43621455022495115,-0.8561982498673086,0,0.029068553009609175
-0.6958029606157929,0.8332308664402768,0.41240642758594487,-0.4649909047903127,-2.013196351096538,-0.5891079817953677,-1.073909523299377,1.1182621790700575,0.029428865840515874,0.7636529927851887,0.8901465932662084,-1.3455284815011304,-1.134153693286291,-0.6668649855488413,0.4919670871937796,1.0142303940573822,-0.2684227742282093,0.3994871375137795,1.4521677304791065,0.2799916913992456,0,0.15001126509707993
-2.7711257998432473,-0.5768413263281887,1.7487798688460408,0.3627876183439621,0.9993975399459168,-0.7017420411128948,0.07566775111131988,0.25588727378360937,-1.0552746114392784,-1.285527654421197,-1.0731334991965287,-1.3741816918528829,-1.079338342416965,-0.4103261846994683,-0.47486477363389046,0.27478980160172606,0.1215777598667582,-0.7548479859664879,1.5900865255155996,0.6638930824671061,0,0.0065046245619432095
0.3106158594222432,0.09591451775411183,0.9044188677963663,0.3031484814695426,0.6074417280313169,0.6814609653395347,1.750048413086103,2.6252086768546232,1.8090321542830787,2.2441465814783386,1.2673066998896376,0.9648553384734225,0.8181650035177114,1.7281208576814497,0.42858325424601434,-0.9502517999629032,-1.9416995441953144,-1.9713869006953364,-0.4665925582798332,-0.6533318217080843,0,0.4028829324057596
-0.7855916782851893,-1.517330602127435,-0.4231275774331335,0.5654275316065436,0.5853856365215377,-1.0360783860417149,0.1368546339256873,-0.9791919418186643,-0.37962538344089203,1.5214321729515847,0.6283897921731121,0.6588372789725342,1.2501526064105786,1.1943458144655383,0.5325581175685153,-0.02514730281731286,1.2979239415949484,0.9637545302728118,-0.6126664928755072,-1.5126284982220133,0,0.0016182548574577675
-0.5110929273997905,-0.3281796662040423,-1.3343588393286239,-0.4298438406953112,-0.29021911960677427,-0.20368758415042018,-0.6454698266719775,-0.19369042116713453,0.7630727604921798,0.8713058969526536,0.5164841900389684,-0.37847883190458176,0.10596438191370414,-1.3642682620285025,-0.15459650381346735,0.43600428507681943,0.580083360773886,0.8973365157819387,-0.48015446141115603,0.28192691794638397,0,0.017727670914456952
1.3610647781841871,0.87816070834917,0.7258091561010784,1.4641834961227593,0.09719093722326726,-0.2732736025824403,0.012526057486566686,1.942186992646712,0.5924672900588703,0.6207151623359933,0.42224667817825773,1.0968921472834967,0.009110979753537791,1.3559639641614343,2.8931808267390187,0.046721330050856484,-1.8427269040565646,-0.6285728920295799,-0.8828777733132462,-1.2730409291269185,1,0.4155481227931288
0.6243138543608011,0.36196063476540435,0.17059826560953406,-0.23633422362123607,0.0602001861596,-0.6034016964859282,0.8739611537320694,-0.36998596357756713,-0.9794141118092136,-0.9235070925191519,-2.2664662873274164,-1.3040420939020005,-0.378339145350445,-0.6455984150361508,-0.9384184764189184,0.25299516648284825,0.4469912564744393,-0.27868243123925046,0.4380515125929981,0.6531853138398271,0,0.05682129380867707
-0.45261539959329766,-2.3936087397466945,-0.6697063342183833,-1.310496795793897,-0.28612021137148563,-0.6994429064801806,-0.5660225536311068,-0.7358812080275458,0.17496279821409344,0.8470825016628986,1.0991804341596276,0.6032258056878586,0.19473495284334255,-0.7101771452864515,0.43351884153591613,0.4234556745256176,0.17298956428650894,0.8505653798872831,0.685351798595401,0.533060521447818,0,0.02538520495584698
0.11183166623676954,0.7825220133647477,0.42732272195419324,-0.4299357321939202,0.9211193638528306,-0.4609721562215319,0.22525260932115268,1.7004198660590228,-0.09609778135603482,-1.7052571218682235,-0.3028064017929077,1.0781453077242333,-0.27745852090779516,0.12880899133139193,0.6716405238235726,0.8752975114882915,-1.021172419975176,-1.510113845026021,-1.8899271754293652,-0.7492159073340319,0,0.46952248843273414
-0.10053317970136104,0.7689663158388662,0.5809532420946403,0.34699481042271324,-0.5093619243248929,0.07931144970990106,0.5682571584883864,1.1620160754562483,0.7266597491433118,1.6088070893556743,-0.9048933105115835,-0.9261413750791936,-0.7465576015630458,-0.23225250822800034,-0.4351090156845842,-1.360257291435818,-1.4929363210002395,-1.0097244688367342,0.05256933080998051,-1.8080754309862672,1,0.6685384362460172
0.1660950902906524,-1.727899032824546,-1.6771362313866351,-2.7765302877773785,-2.269397943679053,-3.083322423887149,-1.8667238936763588,-0.5388306743105088,0.7306213594180265,0.39352191446256196,-0.3628689125120684,-0.10219935384354178,-1.179242398804951,-0.2925442841181282,-0.9984668330815339,0.26794385282977806,0.28462949507739704,1.0888036921085646,1.5540598747120815,1.076994586428,0,0.4049874745827644
-0.302650400963772,-0.9704372656301239,-0.45988108403197764,0.38801361637998044,-0.6658807900813412,0.06408662652214275,-0.31808999348867223,-1.563178999294913,-3.346810859578045,-1.2494429103163913,0.41172729119707874,1.956555450268152,0.25390448929277876,0.7331279378188358,1.069023639959726,2.1188261512446807,1.4203205994945594,0.6604025681875555,-0.3423017113901745,0.20999005044377042,0,0.0015896880665483388
-0.16705848950944263,-0.4710067323062911,-1.517771312019879,-0.5834200374398049,-1.2664212763460674,-1.066700285697802,0.9834914688363611,1.3973887420843472,0.7679808712837085,0.9524584364668582,0.2626811745048379,0.36654850440372383,-0.4225068253093318,-0.26069313703280617,0.0596632408341087,0.6374388011747631,-0.27148936582109684,0.4070780669061754,0.7224292560401823,1.1089617138389571,0,0.11618168547291569
-0.5223985126816375,0.2538388692867221,-1.1638573561939567,-1.3648879547991852,-0.6842337803966498,-0.8905155865509589,0.17574195257918407,0.669973229438595,-0.45270325301800274,0.32777766424784166,-0.5276921885039867,-0.19596983384598912,0.6249216786669864,1.771319871994108,1.4457421403030841,0.6924148938448291,0.14651776270948935,-1.7995201926771665,0.1451169904531763,0.35938080586239185,0,0.5627596768352943
-0.865499381094458,-1.2101066007347954,-0.0704752869780102,0.9845665063100051,-0.3251732811175414,0.8821484642228983,0.4728494974743483,-0.40602943203825365,-0.22714392289746677,0.6581528053810461,1.3359254294892955,0.9517808266222312,0.8975049721236821,0.710293587537875,0.8475048682194419,0.5100781046065709,0.43713973553873847,0.21258254621069578,0.09185593881010733,0.14364683832768477,0,0.003800221034278922
-0.10026484291277994,0.8054899020618764,-0.023167125777674054,-0.7028574227931154,-1.46440858578846,0.3102121761243697,0.6502353581897462,1.6631556340826044,1.5246361630665681,0.7698467985634083,0.7395617838998555,0.7895540427479484,0.8651383527309792,-0.7932671314851395,-0.010645833903590602,0.24826426352570138,0.030864764460348016,-0.7661392512387459,-0.4306459144902497,-1.5330835070455122,0,0.027418460132986273
-0.13959412211552477,-0.12809143668285178,0.8851980838574051,-0.52644620615094,0.7145004048110735,0.3497141186273477,0.5297212802344783,0.16333514334904548,-0.806768913004789,0.6715051895698619,0.21570094590137898,0.6836588417896747,-0.05172295906033578,-2.0869009010461443,-1.530099802822178,-1.6604486738297353,-0.4552943762529265,1.1710547749533577,0.347899782939116,-0.05565353323579122,0,0.18180917170566666
0.3828771208603845,1.5488910338401274,-0.5454624788449537,-0.710054869007341,-0.3101141442931436,-1.0437139538609868,0.12295158236009707,0.7612824724113201,0.5441934795279229,1.0030376811338644,-1.0306198818237047,1.6121425975094492,1.0507279734915516,0.10537712851891173,-0.0459800653115364,-1.3918690597603065,0.6916331920629847,1.1087566377862055,1.1562292532903213,0.39072379307655625,0,0.6049064651364536
-1.6661991658184216,-0.6927916315226428,-1.4502852359675829,-0.64043694118395,-1.2535537803784742,0.334380178542256,-0.26442520687888554,-0.8412692787915989,0.1541106581972426,-0.40608430456559935,-0.018530699463762176,0.8298315471499321,1.247044320548455,-0.08647921243122841,0.7667628532487262,0.8721515540710288,-0.0898036575999519,-1.2964603957645313,-0.8510695713957095,-0.4485705907748167,0,0.05839810860917135
-0.40213061744848394,0.058115204991792395,0.5817375952364615,0.566225347848346,0.9934015575177736,1.849531273663336,-0.12707515657717805,1.4131168507661962,-0.003645776759017543,0.17321200451961768,-0.41805440909689295,-0.7415747338392694,-0.6875561186472934,-0.6042909810149353,0.16700429776510717,0.6930521012775731,2.72465280271491,2.7458670841191233,2.444446283889757,-0.7974452921112712,1,0.9442448642788517
-0.9886945245464981,-1.8223707619914937,-0.527597667117388,-1.5149673405077855,0.29623209742327666,0.8207541977310598,-0.3218496091146125,0.49845031175109633,0.8134592363866606,0.9458114893654903,-0.16309874086615192,1.5151121605646538,-0.2767527563328857,-0.320505028455841,-0.7168930164781698,-0.4573937057631464,-1.2177753384434025,-0.5971848836655657,0.12733813074834097,-0.9660026636789878,0,0.1460140000754419
-0.7717313078714116,0.7857403849571316,-0.931827394710152,-1.6515320134761597,0.48437145781201746,0.2553609247693011,1.9107140221705141,1.9373231133657765,0.4618570008397293,-0.365996669481205,-0.1571915557230709,-0.825057586973355,-1.2861536676644436,-1.0781453094903437,0.5256282071711003,0.10751310540246213,-0.33618803928817476,-1.8846706423777402,-0.5475155439237176,0.13075093348517655,0,0.6203162102666075
0.7596259739094475,1.8728721419804018,0.445190148050786,1.0912705574695023,1.1323992686968973,-0.29467606259950474,-0.6788734029810057,0.00601795141453304,-0.5203840402132444,-0.6713716823977937,0.6778852128029625,0.45342640997633943,1.1271700783372522,0.7830283854523138,-0.935727685634118,-1.264758532351222,-1.3251684671691017,-0.959638974525156,-1.414117837053307,-0.5707119471577149,0,0.00593845387633763
-0.46610778251480256,-1.53256813477184,-1.0433689578557277,-0.5858577120738638,-1.7320577705077758,-1.380996339673196,0.13351485646092479,1.0527815841464863,1.7447809668406309,-0.3995810269612143,-0.6630080258421038,-0.6503600498072789,-2.223241902630341,-1.2074066893942932,-0.6001910637520169,-0.45169687249964463,0.4906775427001163,1.108854276053402,0.23207050481158287,-0.019567374866861408,0,0.3393318028489763
-1.5302221109507652,-0.1058357806474394,-1.2617001911120154,-0.6683735816263434,1.2853503194130145,0.5967186548925875,-2.241383457153147,-1.0125703321517856,0.2678147752338653,1.27898785501865,-0.14812669112255478,-1.4173584640376342,-1.0081119323302108,-0.7953888036438752,-1.237823824657449,-0.8920471011818198,-0.9100392761087663,-0.671367390012679,0.35946529454387843,-0.36905601871873905,1,0.4075777942478174
-1.1567216726377094,0.13881608925436792,-0.036996714392912425,0.1268661379449658,1.9918355812536317,0.25556749406917356,1.4559938076629206,-0.4300333387157492,-0.3305243708038882,-0.526302788513023,-0.5630530654187603,-1.8603183873209448,-1.5920676532692855,-1.0638365791977256,0.45155624222395174,-0.40027054800799217,0.5795894676336805,0.15813688327383643,-1.1906834399225281,0.6613197118991203,0,0.5710868901097533
0.700709731306227,2.0663577052824253,0.43767371167493346,0.537606254224078,1.0571004378667652,-0.8935594956255422,0.4291458835008193,-0.3058917118035319,0.4517688392654124,0.06741488390894895,0.5431918779363194,-0.08874126629415247,0.5003501190097304,3.571249905769598,0.9584853860950723,-0.35068428086633946,-0.12032582562646885,-0.3276707511143533,0.22218243470156257,0.7081000111135523,0,0.06849612595912062
2.502710579654871,-1.8330899264857867,-0.700471008121307,0.4906429517281422,0.022022514292937438,-0.8316031463023649,1.2975431796138166,-1.4033857322543704,-1.814473078814533,-1.2710285791809701,-1.1105459849211554,0.8130979098645424,-0.08233105356381916,-0.7970444190166837,-0.23541758998730886,0.1510432700543777,1.0936455834908845,0.9970095056385694,0.7054303793912785,0.4989570943238331,0,0.042578977435175476
1.0170308095016858,0.24262281760879653,1.2078105746673866,-0.5868618101133866,0.4855655844474255,1.5745301850715006,-0.016383697822326244,0.24796645031589087,1.1714723934966824,-0.5645517306474979,1.0744650244029652,0.7792114985941242,-0.570400792500007,0.21866085001302613,-0.4847135371786736,-1.0257269466844636,-1.1101737243787841,-1.404826044219221,-1.9561608702905988,-0.8574721759564187,0,0.5546417562650339
0.5881011175846359,1.2438106565773315,0.11958905821895975,1.0001911748401862,0.9866369353451874,1.4787851598192656,0.6641170148896833,0.17408217371403228,0.01854333633596158,-1.7853778649425276,-0.4726211610952535,-0.13629997289073423,-0.9977455576042088,-0.4390343963947189,0.13764032438705393,0.9233886237887315,-0.38605735512424916,-0.5364877040505578,0.459785671675229,0.8872009368688718,0,0.02668642407318696
-0.947131118020244,0.39565333549611026,0.7152890638930641,1.2480111431854675,0.8264020570217324,0.2430891253935497,2.181192719409533,2.2653488770292993,2.059931574934637,1.8347613057186667,-0.2448663960699968,0.010784269772077434,-1.2531103427297257,-0.38737996040691236,-0.9996290477445829,-0.008119618812129706,-0.41440743499584154,-0.9284517596084378,-0.7265015328868483,0.6592071255429647,1,0.7065754441993853
0.9894788511973295,-0.3160444155213077,0.4117339384519728,1.239196464735332,0.43140322305054574,-0.1606223832949207,0.12443429928960799,2.1263594598068902,-0.06589221774814573,1.7302387924829608,0.1590500008541879,1.0838139862262022,0.7183884928108393,-0.2578869631063303,-1.0143137922554006,-1.159281323524371,0.7781626952844471,-0.08070637059219736,0.5037381166926735,-1.1650105932674797,0,0.13356168582880704
1.3800869657776007,1.2979374172904183,0.8873321984827027,0.38552934361971564,1.3785857512594866,-0.06786048512304989,1.0073318205474693,0.029622250523674898,-0.29855698780055007,-0.44355006007620945,1.0565909807752194,0.8640967878789826,0.6398476698171389,-0.1524696734353957,0.23835847856262687,-0.2086570153858394,-0.8743944070349826,-0.9082240638924285,-0.5982218957311238,-0.18829856124579614,0,0.019233018607005596
0.5977272412490316,1.0139195545383386,1.4787815076567197,0.013209300011212802,-0.4232748554773117,-0.8153938017456338,-0.6842388799716793,-1.8219283616551782,0.2244885995053229,-0.6192449575482943,0.8935060507411221,-1.3284873353588114,-1.0929517403002622,-0.14661518612180313,-0.22683979129698306,-0.73930908475087,0.5668793671511816,-0.11424242731407655,0.1589189528666016,-0.05388678273438901,1,0.19268538175769004
-0.7472926459569563,1.41802724639713,2.132412721294397,1.3100385638902226,0.22890549540676747,0.43124008976131245,0.697878198564711,-1.600740270878514,0.8813692712485527,3.262049974198601,3.1875795182601983,2.590124012807615,0.8251102670664963,1.5186228872836551,0.8611764357565247,0.09047363038306198,2.047021955385742,1.018409724379113,-0.8849416004463351,0.6915698282758653,0,0.00040763103456161343
0.4978651724307323,0.04472472725570291,0.9315535592161596,-0.11877773329153836,0.127918367025695,-0.0048313716301544435,-0.046302940178909555,-0.7249594472891654,0.3870117108827102,1.273700080590708,0.07776041019153969,0.9205460647174744,1.7481167012325063,2.250892010652577,0.6437134636227794,1.2991547341096772,0.21728761502376573,0.9451345404650232,-0.17853889742759319,-0.024610980595683656,0,0.002771425528512652
0.7915516453455288,0.5855919696899686,-1.1423919953208228,-0.3488154483340827,1.052326894589767,0.4559842013422382,1.5483526684471716,0.05507599581570127,1.5733891518589305,-0.01702738017457485,-0.7713790475039342,-0.8327103532391926,-0.5467831288596362,0.3505954729026216,0.6624083537633774,0.34944407362416324,0.22783488753701792,1.0301275714830467,2.3819547177764853,1.442543038620834,1,0.4329330162245244
-1.6925922875693218,-0.25612038303123247,0.4655626415522507,-0.7172332121592554,-1.5838367995101177,-0.32011685576060595,-0.3073894413483084,-0.4021802918358004,0.3133802841339056,0.4556457889561803,-0.20770135614830745,0.973828838881281,-0.4299871290444217,0.8929790070202496,-0.17900927601502656,-0.025581844315606433,0.12230934053534451,-0.20875319439799156,-0.5931299881140895,-0.2231884791034017,0,0.1920589061547626
0.18846223499048637,1.4152223414717164,0.35381657731373417,0.10382010900113346,-1.1863278014504395,-0.42478214165300066,-0.8104505312586622,0.14298159305809433,-1.219796112338679,-1.3106769096438597,-0.9683461605326543,-0.8833603977007567,-1.1916661811498794,-1.7125697970062266,-0.5318391864762133,0.8677807466540522,1.483753249919904,0.14988916136136812,0.40802584693594507,0.4481645222399791,0,0.0529789495123534
0.9856643961228453,2.1556845326499645,-0.1264794952604635,-0.8994932507213746,1.001044163789485,0.6669936979031454,1.943346404985849,-0.5551509081360559,-1.280066491392701,-1.5348987008735104,-0.889193510056068,-0.2145858181326303,-1.0868093069942317,-1.5213703569706771,0.47451004508929756,0.32478262755513126,0.3272246242129711,-0.7739882857808433,1.0544779888063243,0.10217661508619415,0,0.03973870118055106
0.27788236632497365,-0.1959007610222107,-0.6449948922665885,-1.3245998556924208,-1.798064016715346,0.0442456396070546,0.6992830225525265,-1.583487954396344,-0.8353946490263815,0.3448972807888382,-0.05325826519850801,0.3055117236629534,-0.016844585391103905,0.33522604735727335,-0.07915378231501763,0.26268211182930146,0.18097296855865214,-0.30585260494377675,-0.16743295825467788,0.7934643065155563,0,0.11631435664517908
0.06389646541279806,1.0244289708358283,-0.18038856324340147,1.234711757498536,2.7706218814054675,0.794125785571033,0.9396694321440952,-1.1976953462470832,-1.7093865246807958,0.18446081587936822,-0.784457163812591,-0.9464006579538402,-0.3359587105527143,-0.4366266019121434,0.08252062525052647,1.757049576368325,-0.6658046232224578,-2.0848878150697896,-0.04418991016221384,0.011555701244615456,0,0.37287358146844013
0.8266816482004239,-0.36108636976609004,0.2885927135857649,0.11522499598701906,0.17458104057317528,-0.9601294093532758,-0.28155224046056526,0.20759868079233704,-0.5848224964905427,-0.5717143706923619,-0.03993860758033194,-0.1997673311638671,-1.3998600830981893,0.5513847940267428,0.29378015814466535,-0.028990237005836094,-1.125970976073362,-0.9474953509710773,-1.37244113162977,-0.6557329927540418,1,0.7445168638032259
-1.0710668756468524,0.5312062622127548,0.39192269500102744,0.732639367339737,-0.7706969644724446,-0.849574612931788,-1.5764186644745364,-0.7278901948774468,1.915338204235266,1.534018226275454,2.5841334225990935,2.1157409472441646,-0.519360432249872,-0.33974894400617894,-1.2130496808405358,-0.38742591536975507,0.11922538857850791,1.4019272956997961,1.6517622585724452,-0.6240561156820384,1,0.8708060092812994
2.160490163548585,0.35557294002333173,-0.2732463624657581,0.6005901509279151,-0.9562288141212872,0.18404024099194796,-1.6858420300765111,-1.3317617197888483,-0.3776474870401507,-0.5501130101612567,-0.6056416901113503,0.8096984258538504,0.6097916197160774,2.2207283665461333,0.552928551858676,-0.4402041117282833,-0.24158617505687396,0.5993916057630936,0.41196802702552154,1.305266562963708,0,0.05984276319574786
-1.110514671540213,-0.5898550378620752,0.6416005296738887,1.819244341415806,1.135488877561206,0.07986236084971456,-0.11223458816497661,-1.0623455618837727,-0.13824347366827971,-0.605987125555605,-0.9236195196072505,0.3125914881576046,0.6383886901678273,0.7705638703403077,-0.3788755421266788,-0.6130806009400694,-1.5166727502387107,-0.8597672743746104,0.055353593797240266,0.4485608687050086,0,0.07886823592263036
-1.0310663290319046,-0.7579007470621247,-1.1064866499758694,-0.5363253479570543,0.2627270796127674,0.32763901587598143,-0.4724793868983335,-0.23167220658532983,1.1450681871227646,1.105224784709977,0.23000761005103565,-0.8643162404644906,-0.07783713785673654,1.0898199649142484,0.9957289232905224,1.4586141806023425,0.6432272305425347,-0.9999058893002396,-1.2969157584671815,1.2027853675168103,1,0.4803490047864084
2.082070067873868,0.2917797393939054,0.39833712146911443,-0.06967552762038813,-0.44566112976097666,-0.4766200915605043,0.12633711100882639,-1.1984038847161882,-0.4013701485277275,0.49822698839148255,-0.2794852631448311,-0.9193429822477437,-0.72343931257285,0.46548604376050334,0.05468366278070267,0.9286864919386132,0.3122943692853837,-0.8915762170686918,-0.4369555903061997,1.0944781080019645,0,0.4025115886624533
0.648303804777305,-1.9165397402112767,-0.9338509274077855,-0.23777135517886583,-1.916681869261968,-0.1560047400673355,-0.22833885514438393,-0.12002865682257054,-0.5397422933012463,-0.6743267865283582,0.3534671362985383,-0.9733248119939651,0.1738732935809644,1.236414000837043,1.0933102615323438,2.077903813738207,-0.20179705091435868,-1.4778114286776052,-1.0447737776187647,-0.30623079506259604,0,0.11029595631920669
0.4092851644928751,-0.27660817039343955,0.7684938956775441,0.9683615345069335,0.3912021083814905,0.3406497252606708,0.34281055221725787,1.874187041236085,-0.9835764007774774,-0.285692444396919,-1.433122417514012,-1.723249190312236,0.5565952778194426,0.323345076074812,-0.8252764209665087,-2.519008657435802,-2.2209545995148514,-1.6345851794960107,-0.816941219137308,0.18559183268322435,0,0.28709813678807394
-0.5912379967204334,-1.1539683581626037,0.7284779363617304,0.6282802261009721,0.6464320460241332,0.7289289464482707,1.4182572498692108,0.6665880408280379,-0.7905940071586294,-1.2068198848845326,-0.7788911162370105,-0.7236120207155998,-1.1338038760381544,-1.3114950053985661,-0.2008182979183818,-0.6779267323406045,1.0472270352878332,-1.0736345414345572,-1.039180419934969,-0.648364854003343,1,0.3282012571718073
-1.072877412907482,0.9089345470019783,-0.27515041275280777,-1.6883523282375479,-1.961895783031824,-1.5917612704014172,-1.6480107692352028,-1.3418436841454413,-0.9152449678264579,-0.2851802817526702,1.0524849871380715,0.7219407912309639,1.4502041159702772,0.5036983888364653,-0.6710771385114194,-0.37375021878493736,0.36541177941693986,0.7165859410754994,0.11899881678300142,-0.08243294248781878,0,0.0016209844586295241
-0.45324719644731737,0.08103980347470903,-0.05609980866130688,0.1789309947293232,1.1310644019155545,1.0527703329661768,0.8340889564573107,-0.6872137570611997,0.862923356526578,0.7437401084507395,1.5032679319490636,1.0112281052191963,-0.45369078884172315,-1.4618730855370865,1.311435789508928,-0.36392668639307635,-1.0950826739245407,-0.7542602015365599,-0.14349467062886104,-0.6949108529301923,0,0.19788990445982094
0.48552100629449274,-0.936090274656747,0.869756090322757,-0.1958694225930023,0.393857226245364,0.6074994584753199,0.04355939179021942,-1.1783494616466985,-0.143016398451847,0.836002394498336,0.1260864556103507,-1.3313975019919513,-1.4099296871685576,-0.3641811806399117,0.9063088223100154,0.18952678484497465,0.5277750248986146,0.48063386552166254,-0.15162883678320113,-0.4208038129898106,1,0.47416055467143425
0.7247926660950808,0.1588191004488421,-1.054097957204002,0.8932094345083598,1.510659708448308,0.9772094819029206,0.9484977811479176,0.8659822604591227,-1.0481308401463199,0.18687765497308273,0.9902987384074008,0.5820534760901236,0.8738527281953863,0.8637250424070163,0.6861548254636743,0.8036402572396145,0.827861924322048,0.8545364777298284,0.5601671988737923,-0.0065768992443032415,0,0.004283618870397614
-0.06458720553679459,-1.161913374788772,-1.098994312533064,-1.097383620741626,-1.0885096067821198,0.9099256692833836,0.3367576560455171,0.21806530528968313,0.17630921384005388,-0.4564944949190953,1.1908623292910419,-0.5845855582734176,-1.11400930115598,-0.45018735249386094,0.6483383203020497,0.5668977806814901,-0.4502732732129907,0.3419496271197136,0.4618776409179641,1.199647070586004,0,0.03940140220385042
-1.2520257396766625,0.2916938179544637,0.08486044339761263,0.3245060668052752,0.6859305333446615,1.5997615503469655,1.5483176969650425,-0.06655380903274984,0.0667391828544538,-0.17966066369387135,-1.0330504152203506,-1.588265756959884,0.6742476356898598,0.8643059164323467,0.21172849631383656,1.052991405533156,1.5906207215707324,0.7391226860469934,0.08646621404533435,0.6099745956704832,0,0.03163202716250806
-0.22130291845477282,-1.728371674332932,-1.5928586199991053,-0.93702578291762,-1.2215133445838071,-1.7630836417353117,-1.075929644227853,0.4778261398099395,0.6595412278716323,0.11356328120582206,0.34696975944543085,0.6084475538074481,0.13850541638678734,-0.3243407525297091,-0.437149852332103,-1.439007303723601,-0.058797999873780676,0.37774649137968436,0.02150845278359497,-1.3666165391999872,0,0.034101404396546346
-0.19507394890612617,0.7495278743118081,-0.2685097843828733,0.09768128758569089,-1.3383871341883862,-0.9584981031334627,0.20077594814987748,2.683414736260465,1.917735361687846,1.8899882626415843,-0.36180285154426006,-1.898764506213801,-1.8558528509501004,-0.18587492324411092,-0.02358107847021298,-0.45649420895150383,-0.8971992332313605,-0.7991419073832822,-1.0904334689176,-1.5845066551156664,1,0.970014147322119
-0.2878365047158319,0.07933713371575525,0.6240873718668816,0.5770232237883296,0.48308244918339305,0.36290791108306975,-1.0034142551988972,0.11085769543332304,-0.8033428044491315,-1.252275388872536,-2.4149145568393253,-0.7233888823546807,0.3255582152799357,2.040799559640238,0.7492938797159404,2.3230420629683697,1.0062648135840977,1.2107389267482445,-0.07212412785142591,0.8176856860266246,0,0.031252129086297264
-0.20149349278244455,-0.5141793449524664,-1.6925721336713915,-0.9672288004475535,-1.8539983910862128,-1.4170283186525108,0.8795357465800964,0.7186938140508762,0.4803162314174471,0.4992003597320083,-0.16652621953686578,-1.7012323452169498,-0.2757350295143764,0.09807219435481257,1.6367411408703243,1.3734157064920738,1.1023140395671667,0.6081186803355951,0.30168302724998974,-0.508549453957865,0,0.07312026371379324
-1.0068825601908233,-1.5665092310266198,-0.4738761409246164,-0.3881360665153157,-0.23225040775993339,-0.12804412386782427,0.5477470072966784,0.23444444376979476,1.2888575802044984,0.32136478205234026,-0.2819519534020905,-0.4551701814691046,-1.580962835015827,-1.3362692726907006,-0.6967293748292432,-0.8240588402152442,-0.4199673935159971,0.33152451525935456,0.4334003246455165,0.05742110187875394,0,0.30011847024063587
-0.14725363367180155,-1.4137409076769922,-1.3765712794341214,0.013621041219681811,0.3591123668216642,-0.36838569747359434,-0.43902057553565094,-0.33184091054473525,-0.35991883737544106,0.19539325198639712,0.0420086366207236,-0.003915206940867087,0.5992440429200858,0.2177400350846329,-0.0663416400055177,0.6218821635339346,-0.6838556254819055,0.11057421927188592,-0.9549886444745506,-0.4718185733001792,0,0.007116499341017887
-0.8946536632516152,-0.6758227628351064,-1.3062715544446515,-0.7599821897189325,-0.9370534341145345,-1.1091219042082943,-1.7538220101774773,-0.38849853146292457,0.7841684331420958,0.023179843161596183,-0.16399695733798242,-0.44535564302226327,-0.13472312573447534,-0.35614880644361857,0.907157214369639,0.5953721442725324,-1.0714453749941322,0.2744022809744602,0.5693541833563377,1.6239207958408455,0,0.07221989773464564
0.14829250843925357,0.6367528567348677,-0.12367804431799577,1.1467503102256655,1.0738327101320795,1.317880386521758,0.11150395643472155,0.13593501918761858,-0.8292490190709622,0.5217278448142172,-0.17951559865030195,0.5555139452062305,0.3459446696950076,-0.16470726587452977,0.14166578512771302,-1.313651479034407,-0.8260411641417603,0.748951067014619,0.6513619641861795,0.5625990680281284,0,0.16799628835823702
-0.5727877094516931,-2.92924379672196,-2.217209171639762,-3.13521352890281,-2.335871164811633,-2.034451075978323,-0.6042916507872815,-0.13818084508751444,0.7579133101169094,2.440878080982162,1.8375703055458492,0.913418722994997,-0.8189546898996076,0.18000894157519592,1.7322563783444123,1.7119964852580651,2.4526787676721913,2.533637268940857,0.6400266601952743,-0.1460362492734719,0,0.0341365962303776
0.135521120920669,-0.908866065577162,0.16904002737947008,-0.6702398586027012,-0.05872576838986754,0.6020905986727105,0.9893731930970334,1.2457009338345448,0.8749366174044726,-0.8423806536674698,-1.502318639020844,-1.3718092924708434,-1.6908169765351198,-1.3407484499989961,-3.8122208827914426,-0.9180731336479468,-0.25573208021053734,0.301216560646709,0.00884580034966894,1.7643233803411464,0,0.019049597085912973
-0.18032648493153294,0.17333751739356154,1.4253126629239063,0.7125872330577121,-0.1524166256317561,0.07000205673948788,-1.4918635825343003,-1.8547011144343126,-0.647174468771104,-1.6946012613983326,-1.017697418722925,0.28994618403909145,-0.3760545497179189,-0.6326906668735173,0.464172795446318,-0.5307259430376853,-1.0292729793773583,-0.7658191003082767,0.27957402256511915,0.9257835897497352,1,0.09934830202386048
0.6326190090181736,-0.3800088373494661,-0.0087372811466643,2.330743890802012,2.1489574435798877,1.6188136046853043,-0.7750285374623707,-1.1516296547534113,0.39806738381904194,0.115545384443332,1.9552052902899142,-0.24143034211038591,-0.6632152634366044,-0.2832027321606488,-0.2887034593746965,0.1480195609228484,0.51227854627393,-1.1620034807778443,-1.2274526592559483,0.028285726518564164,1,0.3017435377755198
-0.726884304516686,-0.882443647309148,0.11859722307980976,-0.8298353453852406,-1.0544332053677057,0.3014255860932481,2.711154709279256,0.4826191416354388,1.8592340119978565,1.9723572277167059,-0.7330895331977113,-1.3266772199292605,-1.1689921597918598,-0.9791183996757408,-0.36343443071114667,-0.6452253179779625,-0.3649744007722054,-2.949804619704321,-0.8972605332811043,-1.6370639693581162,1,0.9836143110883464
-1.6140442864937194,1.3278282575883424,0.07924914534963308,0.439454864100244,0.5818004643908844,0.21750068743215825,1.052816618289063,-1.1929510343000798,-1.5115625465533282,-0.3660845554567455,-1.0294756526664814,0.7703018919217578,0.01998854180889878,1.0891493682485587,1.8543645530080244,1.519291678986423,0.5657879956502511,0.9703507937431812,-0.703652549007252,0.14839659020376017,0,0.04952972361983096
-1.4607621060374523,-0.5319137431805225,0.07041121479710824,-0.6817543361749547,-0.07929452189150439,-0.2249470943305635,-0.11289671902498385,0.5740262378514545,1.8946452224686796,1.1677169779486731,0.16558856733280822,-0.24801690179473543,-0.7961609558549353,-1.4578770983830678,-0.02378904530273289,0.6094891053349601,0.14385215655470954,-0.6892433985392925,0.5521709684064939,1.1656868495607156,0,0.18921949186574816
0.49536878246315014,0.4937338313671076,-0.39366382456933285,-0.008515097283280528,-0.5109940845474732,0.35924117229562225,0.690834477720629,-0.3503195724781908,-0.4263396259131257,-0.369174352868037,0.13812270572434565,0.6317197771616433,0.4539893361938059,0.3323508455694915,-0.08161995786994573,-0.1952061155267649,0.820650812830388,0.8349394395027674,-0.1468320874728979,-0.13402712720430077,0,0.010143610844178154
-1.1416191839024719,-1.226248213411036,-1.253932572204798,-1.50988277329445,-1.5497557155849286,-0.9258750621184648,-0.626318066616392,-1.5064441108182867,-0.799415551218395,-0.5356274593476932,-1.8477413837840482,-1.7366438201782324,-1.52974684321723,0.0897686519966756,-1.7624997482600318,-2.0401433231659807,-0.2638075847109805,-0.6423640926989606,-1.1491860454989797,-1.2324287303671846,0,0.3536259293926115
-1.6121851138178134,-1.2929368154063123,-0.5069530564473647,-0.1944745100361241,-1.5343439316834613,-1.5694857820965078,-0.5459199015075491,-0.13033612857193422,-0.5216641391242058,-0.19080050630146358,-0.04023516743666615,0.8875234373828039,-0.40409559853625143,1.8527292768984545,1.4513202366628046,0.31672379423936403,-0.02970123129397883,-0.18096461230512664,-0.032265923190803944,-0.21960599390260563,0,0.10430306158900557
1.6373259782128986,3.575697460339225,1.5439316465737414,1.600998602069589,0.6363141014081828,0.4452769286486739,0.7979176489204897,0.5389805754678223,0.26913907219032657,-0.5409327512679524,-0.6341351197727885,-0.5157950542258698,0.6577748173763031,0.1394134651150175,0.1735566981379462,-0.7865478842805045,0.5378534079373455,-1.1715589793725896,1.5228500101170932,0.5611281087188831,0,0.15500904187307796
2.267429506692499,3.5935443863757452,1.4708360153337876,0.20587647740979695,0.2546014208843785,-1.4534700592487784,-0.3926804529778861,-0.05296491976286811,-1.1831316319534777,-0.47436291764320915,-1.2042293640719026,-1.8281436110502989,-0.8598718045341118,0.07574438291957418,-0.35154526732865526,-0.3096564533659292,0.4190244291565177,0.41428006951784213,0.7779958166945066,0.7488146017667456,0,0.2732523471974517
-0.22523575829151363,0.4513068998264703,-0.4373331537830262,0.41850715989217246,-0.7075439588674551,-0.5733088357366481,-0.09183671656326811,0.8746056073268595,1.8892116733958026,0.9149357883307709,-0.5752514543393116,1.1335355074461502,2.0915954579563447,0.4275634538403441,0.1740293695662038,0.11318906234656448,-1.079661578485337,0.9687320500194072,1.756730693977795,1.3541348112289715,0,0.5431431671019675
-1.4113224369514439,-0.4359981090852769,-1.4618330463336773,-2.34026001463187,-1.0330712953029977,-0.15000311018705093,-1.0517658882856546,-1.1661163130513381,-0.6825771644500281,-0.5201186841984057,0.39320669723920687,0.07054310902651457,0.1935731297512217,0.8322627051985274,1.1833912008609728,0.9962952430456513,0.7968424055370444,0.3516705524579852,0.08133328776056511,-0.21656139441796307,0,0.01382297420776068
0.44220718410119364,0.714889185619299,1.882007776064925,1.2840392863268284,0.44258932156378844,0.48343254186296586,-0.5880165292237272,-0.4749709983184897,-0.4000291811488741,0.37967249604752396,1.3156658141299933,1.7242386897395667,0.1716437808582744,-1.207956502246184,-1.107445491758507,-0.25948683322478483,0.035774050319255124,-0.12677955800744403,-0.3206775315793625,0.37692899673546126,0,0.02831741636772493
0.9848954309118322,-0.6344807689821231,1.1973090851554589,2.197087303894204,0.9429667288488554,0.7084487149767744,0.23370785335142832,0.07784683343710905,-0.17131953254331161,0.06498301417507125,1.2653147648923104,0.45259353755876686,-0.17572657641261527,0.1948641349045646,0.5494180517569236,-0.9339515561196721,-1.3928911116570435,-2.178544549722576,-0.7883375812015497,0.26096948127363373,0,0.5171041974445808
-0.09941423467286145,-1.0641687656136554,-0.9098933594549199,0.07680393654552706,0.025588032637621688,-0.589439977265616,-0.607045937045746,-1.3623804620382376,-0.14067236177573253,0.46708392854939546,0.4703162169325313,0.0898530782318683,0.8957468420347814,0.39476403346204375,0.9832907835913764,0.2999905681085883,-0.4682052760245525,0.11059851778752197,-0.09028936193458721,2.403054625909673,0,0.014303887456404447
0.67876881058804,1.9423725200356097,-0.06009196378236856,1.1691651659750895,1.2863186200178578,0.40455618464691406,2.1540594057768434,2.1000281060183177,0.1297530514032244,0.7053265317708302,0.29396809644094307,1.21153164674121,-0.24815365362255662,-1.1861929874635928,-1.2884265495882807,-0.1808057172852444,0.3718449756060339,-0.9591267883290585,-0.012637375055179104,0.41087851156018174,0,0.11313420832907312
0.1912214139347513,0.0870486430346163,-0.420997592907765,-0.2606219597384156,-0.22705936444989627,-0.5682121575372104,0.06189056557376094,0.2804570945328072,0.7378059512798145,1.9955645413546732,1.9757214887517738,2.530359263781026,1.0771947868385556,-0.3124523896057806,0.014028621002624024,-0.5641185608720113,-0.34371773260647537,-0.6026233734540137,1.9731253011320924,1.4665137405469117,0,0.09413951127039251
-0.18386482678925783,-0.38145455761373287,-0.09426314786469327,0.07648416279345054,-2.800840553576523,0.3408467433904309,0.7858060432869046,-0.5676350792227258,-1.0380610054485757,-0.46272623530078577,-0.28571563300547664,-0.4024229218883882,0.1893272360985535,0.31750176910615513,0.8510236370916924,1.0166372484384834,1.5239917672009589,0.3481347554527092,-0.3556262996319842,0.26630623041959794,0,0.021198630863601856
-0.5975541580395817,1.0720325630428302,0.49810325973777947,-0.11569402056533205,-1.2728630216793586,-1.0868104182688147,0.2702984172732484,0.4360879181083696,-0.40257893187264554,-1.149366477507954,-0.7699085594120353,0.6096680319178948,1.3415129907947514,0.44944576225737354,0.6331810775395177,0.4066654345915017,0.33640765485569823,-0.17661744156937345,-1.0035304756434607,0.928327533331615,0,0.0065953025629654416
0.5771623343438181,2.938399198507352,1.9056664030480246,0.3675460975118094,1.3914986894456323,1.023696234016852,0.7068322679611275,-1.0461222181190053,-1.50071138789564,0.6544582083451216,1.4130870076160607,-0.1847607651501083,0.7710102431422015,0.40100450395241477,0.3301820798444549,-0.19195552898413323,0.15388461311139248,-0.6336900594147918,-0.819449333465484,0.23961512030269708,0,0.030560010238638427
0.631774042006247,-0.4969496583077725,-0.25197813238031824,0.15040544415236096,-1.0360036645189474,-0.7951057377723225,0.15960713869492568,-0.1022333701769589,-0.20228916117713486,-0.5412422777820383,0.5705687118914011,1.2579241289807728,0.5344111795733686,-0.5869774629827592,0.5757031272947704,-0.14539312460411605,-2.88962787782791,1.2866159274934688,1.4540996852260355,1.7756554419267443,0,0.03976782798713552
0.3453013725520898,0.30613871927798186,-0.32366692653390977,-0.842297430410273,0.4052918386229435,-0.643790381657176,-0.07692919273912664,0.3276283305979524,0.9044268654653232,1.1706422965839929,-0.14086109358226012,-0.7979333035028817,-0.527640051123892,-0.7942485093649195,0.13196631523352345,0.8296269178241664,-0.3712482508561468,0.8823256765626137,1.7485015807181445,0.6104081123968311,0,0.44898557856698923
0.5180155009705383,-0.13191793471476573,1.4463110844293157,0.51958118668903,0.8740848299462659,-0.7990479619137727,-0.7731534715364045,-1.8195684590290389,-0.9979252372153575,-1.3491396301095782,-0.48097577060863006,-1.3855922760113417,-0.29850262417848694,-1.4584771991476353,-1.4407131298526938,-0.1604016970561854,0.7369294342504292,0.6768984220615619,-1.6598912643235368,-2.1698407302088825,0,0.004934179584768411
0.4249790039722268,0.4252759914961598,-1.5964375065103693,-1.8029327781512405,0.09651062734885466,0.29214929817770136,0.28442216729534947,-0.5132241645122784,-0.2939021716567947,-0.7286355869160831,-1.2474604436478636,-1.920856002174486,-1.1512465010571944,-0.4970812758825822,-1.6750351660403298,1.0571815482128093,-0.4916314535863654,-1.3816808289650981,0.7626208900473954,-0.15758274943504424,0,0.006817400184934459
-0.6222355044121335,-0.8353091958097218,-0.6030370878760662,-0.18815556830939895,0.40645294260055037,-0.3711933574199754,-2.8860390884029683,-3.453462822458486,-1.4653985971755183,-1.6409282329529453,-0.14488492949776743,0.1551803565602436,-0.4816149283643154,-0.32335934296446367,-0.28483780241085804,-1.9700426444852055,0.05240767251818957,-0.9565842702323503,-1.228944845329616,0.5146108978965962,0,0.25714847091531656
-0.48259209327997044,0.7323827053820897,1.9916494027185552,-0.029780843827304376,0.44618407154259876,0.8139442989401149,-0.24068990223609124,0.32968569200511166,-0.9564486690764519,-0.3168721888523762,-0.8835616160319325,-0.574294829573321,-1.587045941538964,-0.9997676109611431,0.31349848639854744,-0.4035924691166381,-0.5852608332778041,-0.6345018024655492,0.012689371887751062,0.6982059954434234,0,0.36398476983525435
-0.8965931129026726,-0.23400089499195112,0.24207128052682772,-0.8475674297832592,-1.0474649218776313,-1.4396280967708708,-1.7204734437142113,-0.7835485754769816,-1.9132636672611545,-0.9759904453960144,0.2091799376065909,0.6543737708606244,0.9963814686506076,-0.06138532351654409,2.598216378398957,1.4684264512502259,2.089014223881978,1.5800037215516738,1.7101430434424665,1.8032785984794957,0,0.013097527473112764
-1.1539256179559632,0.24810604879081874,0.14961450648855107,1.7931754522337682,1.7072683837729803,1.5522452148332666,0.6315894927087087,0.3093537970469335,0.7159063088667005,1.1852325076540076,1.4061836756599435,-0.004702506022655746,-0.29521753567957937,0.5445720000881387,-0.9105218272618852,-0.8027417865664213,-0.8466040987643852,-0.6910006609609837,-0.8678023963635746,-0.83855558207192,0,0.2242200486755033
-0.9248530954099674,-2.1689729748062825,-1.1153267729951744,-1.6163854055453526,-0.7922979609923989,-0.10608706670431868,1.3973923896322178,1.6410957861416726,0.5393157756326977,-1.4457567263828752,-2.863032023586,-2.18200691483498,-0.10200350561343562,-0.33575126067549094,-1.347967359901181,0.38743117204625754,-0.5480949923197045,-0.24714896794681512,-2.2336833448193496,-0.7741329205492765,0,0.009152071432805284
-0.8589434073592094,-1.0770930747631147,-0.46390939335999526,0.15712916193258097,-0.3554465445795138,0.6236158717465906,-0.46272369527670426,-2.5606349484602355,0.32883797235327666,-0.26030484245203606,-0.5698109010525978,-0.5462174582168687,-0.858064045232475,0.7018752676526536,0.21530820212107807,1.0426064554853771,0.11586226427149311,0.12345944303010635,-0.1843157468393007,-0.6098580863030557,0,0.16206563441110391
0.7930977941873176,-0.2949774101576806,-0.9206918715186436,-0.8065626735761277,1.1939303425301737,0.1632555743842228,-0.2188091588541631,-0.9445570213578612,-1.421538967295141,-1.2019253460827306,-0.9730991266891901,-0.05369586618360995,0.6322077001502403,0.23712034727958475,0.032687719760649575,-1.4917833400426639,-0.8588916650888414,-0.5213710527846487,0.14314014567224131,-1.1089223413430516,0,0.08262649186314379
2.6474185946688777,3.2143392966914215,0.40702541258676717,0.7274124755594348,1.2545481436118853,2.004335864727196,0.458942924568605,-0.7738635829431952,0.5004189252726567,0.21458704117731384,-0.7121641661741,0.34489408319451426,0.7486446029128787,-0.3082822036135078,-0.7635166938396517,-1.2369276664456346,0.04924807917585225,-1.488165581235668,0.9430448739688259,-0.677133613439205,0,0.254210473188484
-0.18506844067920578,-1.0128224864369775,1.3687057897680037,-1.1001547535632665,-0.5153111522283909,-0.1282799268230676,-2.039742878916139,-2.087802504240962,-1.539147715248355,0.8067824967868614,0.05032452263440338,-1.4297136912206707,-1.6506067721127191,-0.6288421895544207,0.45963712210970065,1.1332312025490723,-0.2218991064746208,0.11747356634796932,-0.20258024703052094,-1.3301679068459267,1,0.5725501645280043
0.2556084797418788,0.3848822345482769,0.9754096652411003,-0.03024109880814042,-0.08178351181958995,0.303947624362113,0.8421374464968073,0.27610710819057566,0.7653960475066235,0.5317033228622435,1.0636833259394092,-0.8397587217334298,-1.7857630638248754,0.6703005370376696,1.1443729229025852,0.03020462916971157,-0.9662783064470999,-0.01131770106781303,-0.7397341299430212,0.17361831218573667,1,0.6897726406554309
0.6647110122062022,2.0036826617920087,-0.2110696159615718,-1.521175560307491,-0.43433160660490894,0.020372901258677297,-0.16456792777779017,-0.48657371666708915,0.43981840294953367,0.11339006826488467,0.33992104555550984,-0.0824496113017441,-1.9265937137195452,-0.5899781251438676,-0.18389340683210967,-1.4647380325002948,-0.48367620878094847,-0.4677775935872141,-1.1132727943231204,-1.55937280501426,1,0.9416144344751239
1.0053149769809455,-0.8337841935380428,-2.026325402384984,-2.077773949360217,-0.6297114050647163,0.10139740168088124,-1.802147811829501,-0.011442060158397755,0.8303997706174674,0.4079551515858431,0.11580076302994326,0.6789571981443783,-0.44967130134067734,0.12639146356322392,-1.136700572203225,-0.47983422255949504,-1.00128367646495,-1.7076001967275842,-0.934854553244631,-1.0214397429982336,0,0.35712956336404084
-1.1605578662096732,-0.4810890798184483,0.07527659084723382,1.6605570981981614,1.4570062287094285,-0.22273013526395602,-0.8599057375804988,-0.9093893609782427,-0.25699966667964663,1.8619922785591088,-0.3533232556527109,-1.2003708360623542,-0.01408333426233137,0.9609795338856394,-1.0687135672595771,-0.03466591222311725,1.0907264107066446,0.06568993008076218,0.5166299361215917,0.3084040107247543,1,0.3461724012306168
0.1254558004669718,-1.1247125006298846,1.200240483941583,0.07483756332197868,-0.32972036673602734,-1.3151087664906789,1.4619770576896094,0.9018396872645004,1.0682506928195028,1.6135100896804428,1.0580450282171912,1.1411168789053936,0.1290434800818024,-0.29015071668400855,-1.7788723218017501,-1.4426117206074625,-0.7063860840741095,0.506560273848016,-0.2688239898409107,-0.3762607896211265,1,0.07417540633432866
-0.655361491385064,0.057258906380857545,-0.17062723603589283,0.338542597650296,1.6709266501160083,-1.8942505908642167,-1.3782839941925853,-1.1837860635562274,-1.6026999184917579,-0.8035326075760113,-0.5272873984951945,1.0536500027267557,-1.018187417548404,-1.1763850709600725,-0.2654814561694369,-1.4577601058792518,-0.5431516620270035,0.6599593087038459,2.0063427292021494,-0.9741650341560796,0,0.25519978746936833
0.39749311185081976,0.46649814166830383,0.2383459082670224,-0.760220491800847,-0.785951173949919,1.8246538474140581,0.8140192565774746,0.05905039165323217,-0.30941518216692554,0.9248801614618202,1.8242194462550514,0.8235588542808192,1.7039100395254518,0.22285728606614655,0.7666141013136902,1.1991706971950868,1.3054776398862085,0.965341752359481,0.8980096424726516,-0.9494968584456509,0,0.0012825313554215374
-0.03574262041295442,-2.06436371444281,-2.178784784446823,-1.6721284625062538,-1.3016495561764627,-1.349007618778808,-1.4830277029917367,-0.39317567466487674,0.8965528779931854,0.11826045280438137,-1.0978106159151955,0.6135119674122518,-1.8367807269146335,-1.0009487776251174,-1.3564953682088499,-1.0114839752321623,-1.5904541045782417,-0.3471676672566642,-0.043405012610152255,0.2550877301001979,0,0.218903749462239
1.0212623947506023,1.2338397051278356,1.2174016144388722,0.21152874377519237,0.35404506363997784,1.8099857454123478,-0.14618155365366425,-0.018516535089774896,0.4988967870625099,0.858970596156015,0.4771027443672275,0.27015399838361176,-1.0042578061766707,-0.7381474492107291,-0.03493282033626558,-0.022161957882935204,-0.2555415399357768,0.0028652877817978433,0.26441470812013484,1.054562551497193,0,0.3468569056153984
0.5100313094762756,2.348306628550479,0.249916867111154,1.753098559303893,0.26005773904560475,0.1328659966243253,-0.11501594480019814,-0.4046093786764125,0.3423161059670352,0.051420933239515694,-0.34437424818487405,-0.5679000249065369,-0.8428964011143141,0.55906132238792,0.6043736696527255,0.11609788740287216,-1.0928955813889032,-0.1576206271100108,-0.6125077234586928,-1.5295655454559272,1,0.474262863675598
-0.9096102714375384,-0.5311699323684221,0.672962236392738,1.8153179515056748,-0.4434952030173891,0.7663370667892849,0.6260462867590222,0.6215226081756601,-0.28585828065116803,0.9214452989979344,0.4029524022036831,-0.6432414720012519,1.3639169356124066,0.09261399598879182,-1.321295573403669,-0.7967922223300352,-0.6835778509889372,-1.0117066598225297,0.7869729976257032,0.5966375835362988,0,0.04071324244739306
0.8701967713551533,0.6018523073815466,1.9405867034260775,0.716877090439304,0.3958983948831524,0.05407787148429761,-0.32732068051367136,-0.17138408118505855,-1.1377596960880285,-0.517557643971984,0.36627227318991556,-0.5188102673222814,-0.7942061439979413,-0.7116153819285828,-0.6117974727561695,0.30175137061372637,0.28343344306419743,0.7601980279129755,0.19955948264583012,-0.6096846583479895,0,0.07909611206169112
0.3886159742481182,-0.1930312786636624,1.9479932174339096,1.675859117098653,1.0198185188127586,0.2689359016996903,0.4394081620062596,0.9481137281305472,1.4596474153789323,1.409559561316019,0.7729576835137943,1.2313516527091748,1.6347989142705162,1.686975816358738,0.6284037036832696,0.7213137802297799,0.06493146588886284,-0.6692681205078495,-0.5208693036506415,-1.1636479851322936,0,0.01154200350456619
-0.34094184436367914,0.04570484189641832,0.9438828596915109,-0.2668235856532426,-0.18757453500953988,0.7578787383319665,0.17791026389853873,0.06666389836061369,-0.22372897920267504,-0.3567887388441748,-0.9175472751251653,-1.154431406025241,0.035566746620816825,0.3505582944778529,-0.18957204117364115,1.103680139318572,1.644920720567729,2.6239536249345337,0.013156837251751877,-0.27412704857470793,0,0.0115772237919319
0.8504316591356575,1.529919896604847,0.9513260462673361,0.8146171764942483,1.3106821552777073,1.426881784981119,0.2604215555472323,0.5698291658251126,0.1677914291706714,0.7731012271915696,0.3793020034672027,1.0146138186625269,0.7001397477505528,0.9115115207495235,0.3607762035975975,1.9894980487512874,1.4393273497700891,0.2439627058350959,-0.2087572999004924,0.5938968990817912,0,0.013353658968448806
-0.5942712663197312,0.04408434431540763,0.27852400498212865,2.072199377183483,1.2311733873250397,0.37734889316768405,-1.326342766585632,0.8805778292762106,-0.9581870237360808,-1.472799907823592,0.4034089335668696,0.5991649141211377,1.0759970851039602,0.05453379368760374,0.3832952130225803,0.9835162402706003,-0.8946405685969473,0.5987297482421118,-0.049242790173411134,0.38212958255686374,0,0.0005132218481654142
-0.15958919060223348,-0.6853507652760054,-0.8355130233311869,-0.7419138655554678,0.10578686466265878,1.8123087303054184,0.6794139533681716,0.9133136460313144,-0.23317615396711017,-0.27604010378463634,0.041186018064122094,-0.6778676005335147,-0.4534029467284776,0.7067256868535733,-1.057485701459245,-0.9894625249478297,-2.5361908758655747,-0.868265046326065,-0.9537858561735183,-0.5131332739485703,0,0.11479469597657097
-0.19493585729497515,-1.2726469515241732,-2.2894180925221623,-1.893181545071969,-0.5013617950184122,-1.448065389942078,-0.39892828605394304,-0.0658214549395137,0.2906077146251178,0.36728119618466476,-0.9284715238464958,-0.9253631784155019,-1.2028482889471137,-0.16466938696729339,-1.2055865515081445,-0.7926110664327989,-1.6602703218066048,-0.23422264277562613,1.1374788091413472,1.7059579097270565,0,0.0978411847874888
-0.4308368765168065,0.8868839204228134,-0.02054259033813589,-0.7113568609082483,-1.00453761202688,-0.6797448792073364,-1.320426947163798,-1.101376294427813,0.8553760503401138,-0.4352407633274207,-1.133032603778525,-1.1310274735709345,-2.425897068677842,-1.8452650859185875,-1.4379498382051399,-0.8387415539118314,-0.3640913387005546,-0.4359182154403223,-0.6647279839156154,0.5349774206524308,1,0.5990641772506378
-0.7895134162075801,-0.5304268409455345,0.30349856097345146,0.5117757814885955,1.064272008046625,0.10704922722176728,-1.8827424998143756,-1.0681601564561585,-0.387790434678791,0.3721947628292127,-0.09842597089656939,1.7079909620956595,0.7030785514208013,0.7405602942922198,0.9830530224359122,0.6735923912823265,0.5635734418660737,-0.31622064314501785,-0.8688532434145674,-0.13879605734150774,0,0.054264813008513574
-0.9535781712759263,-1.162778601916244,-1.2438854010787876,-0.9535604856634036,-2.603147164486282,-0.7939683487085409,-1.673698150737356,-1.5753482560285446,-2.0306746390775245,-1.5527067947630266,-1.281714440920683,0.14494456821428112,0.4247607127785586,1.3238573134375244,-0.4293779147876379,-0.45097339322780994,-1.3666542464023235,-0.1802419877145771,-0.32817893056747355,-0.11829070730887498,0,0.023287372951737724
-0.3844853646215746,-0.5913154732453644,-1.0667089521945243,-1.1273113755133546,0.9184609148462715,0.7600031716683159,0.5097494042017932,-1.221763386871523,0.12301949515900283,-0.9665951264182521,0.03076695684405042,0.38465579113529896,-0.25444303227525994,0.2914625648356767,-0.2456070159586159,-0.2045997027378692,0.8886518613415254,-0.40348744226983707,0.0996863775182168,0.3360966214881363,0,0.03977824371456604
-1.1597071555423808,-0.6563621224594159,1.0173844353778911,-0.49570462725528963,-0.08410153561354675,0.896575967770179,1.2294354416497757,-0.16981562317923934,-0.031128710646016588,0.9129688559933581,-0.768936110617474,-1.1418572295414162,-1.2248545763331489,0.22299878558968098,0.0388115097522764,0.0017845445183706553,-0.893024022227447,-2.139459892384155,-1.2483733255174712,-0.7519583952645893,1,0.9777762255639006
0.697509821062326,0.747312010143982,0.34603122876973913,-0.6338082257869108,-1.0313386941071774,-1.2414590059636728,-0.8761387855772276,0.7756792540722294,1.295706325445705,1.073021058587103,0.5823707909885587,1.6714891553866726,0.9514065844370301,1.3847806676810084,0.3539399987514781,0.7393487051441321,0.16986109152563478,1.337438165574877,-0.6468660479060494,0.6115270923730409,0,0.0008121415994801949
-0.3560651140438863,-1.4553304735905503,-1.9094388740180723,-0.48456112179689104,0.7454301257805895,-0.8591193297432517,-2.5850377374715725,-0.7615374407310901,0.413899570901137,1.3129492767645299,-0.5617302565200776,-0.4904850584898675,-1.4252486162903584,-1.794936925062244,-0.2949377656974868,-0.30418813957669644,1.0142333922018787,1.3848873389110659,0.6039036693405748,1.1186646760629708,1,0.6633317850818925
1.035104628825107,-0.8332930454498431,0.20159682122663555,-0.14272432644668712,-0.42441126323597056,0.5629277681628168,-0.1936554115244735,-1.1740955602145298,1.2078746722236564,0.9361032213004332,-0.0839211808502724,-0.5666684163324243,-0.17421517582304924,-0.9865939537857421,1.239700627371314,0.9576406909764315,0.10803560920542292,0.4414542160946184,1.4068258914491036,1.0059413410708389,0,0.2127597894610247
1.089785840927125,0.22949323920760564,-0.5801193935618437,-1.3925311980790076,-1.458690407597263,-1.8216496684486803,-0.677156848154651,-2.1231215985364273,-1.9203980590577245,-2.0274967326555586,-0.534339214825641,-0.17832995683902028,-0.2332819976475783,-0.45378120383109927,-1.2961741265970905,-0.2806121062817515,-1.2142158070878402,-0.4453074143630676,-0.9456019804954757,0.4491789487907506,0,0.015787526027180206
0.6170373984921753,1.6210795231568722,0.2125875342247159,0.34424225969478894,0.12627322412193648,0.9890963430587859,-0.9472010226557284,-1.2598479399322802,-0.4162684741467038,-0.34078806631362535,0.5811415995218486,0.5155346714809779,0.024471950755585503,0.02055141053868354,-0.20669112840360104,0.4267775227483201,-1.0009188317341333,0.21248853260887537,-1.9298555972847342,-1.898917623595707,0,0.010223020828663191
1.106801181368843,0.46843783313698106,-0.4029899753354525,-0.042659634221532745,-0.7536384300643828,-0.588428565652342,-0.1557993154550773,0.7043261237446741,-0.8408405203822282,-0.38470669614271913,0.0811228080243582,-0.3261637134620079,-1.8636518577565422,0.021624651541081102,1.3138645885881424,0.4064349570382697,0.13812946195940723,0.7798314337763685,1.5954795946670612,0.5198120920490484,0,0.10523059312190845
-0.6277960382755003,-0.13719851963867194,-0.6941053704797143,0.9631166045371425,-1.8441261403773541,-1.5907763180295769,-0.988892321770938,1.6444365822149272,-0.8624522174066532,-0.5106696724990369,-2.051941752946476,-2.1931210154833054,1.0589296324665485,1.056943562754867,-0.34075648610263537,0.015475597508735226,0.7596993000964363,-1.0880042985807172,-0.3576782310764338,1.3698406672627699,0,0.14421007546617945
0.8503703217471787,0.03515227254190114,0.29147959908147375,-1.2540975825633554,-0.43369273428487054,1.6478917142168652,0.8906764941171896,0.29337563361234853,0.6508711075393053,0.5085840218595674,0.5353028070140895,0.4937578411492332,0.6948081530017486,1.0963106424186655,-0.35122968544647026,0.8907946357364548,0.37372359976929054,-0.9842231439207804,-0.9453874870488166,-0.43887263452468717,0,0.03065745738624275
1.5085795234508281,1.1841078202972395,-0.7121949313111917,-1.1456551046408903,1.0009881752401122,-0.02696557638399785,1.3174190465559494,0.5825437021798425,-0.34253636016115135,0.5709446696297619,1.1658449995777531,-0.391138167413805,-0.4807644675771023,-1.1417973466695694,0.6323346897833109,-0.7629423951231822,-2.1540368030891757,-0.9920126592384897,-1.0987554208310801,1.1843756207257308,1,0.4795175999346662
0.28221461523764685,1.5746315513196125,-0.8291277266196009,0.5956594779330301,0.9413541796152279,2.6395057690497916,1.5640245786778892,1.7234745406170258,2.7993352812373926,0.15010475800464662,-0.2482965429123234,-0.5030651135179433,-2.6124076536092127,-1.34722825127139,-0.023035307535064116,0.11675971902192334,2.1451649639692674,1.088040190974985,-0.04144369760740039,-0.6733561749890364,0,0.7482565787320861
-0.39020204324279545,1.0545858640080115,0.015250350308259974,-0.3994634403424769,-0.09490771924091601,-1.6758477115910775,-1.25473730333186,-1.362347672101445,-1.9887965302206674,-1.1189754766968096,-1.9251015377255225,-1.1344782358804035,-0.4343694121403928,-0.7732851430273384,-1.1139003245006127,-0.1548409096658554,0.5911208495362026,0.29401096292778756,-1.3007364652084017,-0.5416159751364997,0,0.046405289885577995
-1.8518274648454458,0.8036646896722361,1.4623105319917802,1.1992332706789588,0.571909432851193,-0.7772117571614492,-0.6501741285120998,-1.357731166781849,0.037013773524771844,-0.08534581789028502,-1.1360180805915019,-0.41993329512299465,-0.36843190832598727,-0.17447688651927554,0.23939397531845344,-0.23943953425366274,-0.33977462810409254,0.9072343773117144,1.832884594946008,-0.4839586491234858,1,0.5308552514211552
-1.3997927687517984,-0.3553963880117548,0.6270245402969292,1.8965411069348683,-0.22505953966200432,-0.6458728228453303,-0.6562287157316516,-1.2245057807350679,-1.749536369708141,-0.778154858033408,-1.0593393117335455,-0.20346731897548617,-0.5817909929797364,0.10116606048308142,0.3914534886569243,0.5647529363588023,2.041536842909162,-0.8555744192220331,-0.3316279061167945,-0.021293294859622072,1,0.23739512830175144
-0.12384461654294986,-1.1213340178910916,-0.9391442006111095,-1.9324593201983518,-1.7120119358043668,-0.8412544273696346,-2.2073024775400927,-0.21166480365070578,-0.3533572625875522,0.1991928409020246,-0.8957150107551451,-0.7591940784493992,-1.7214670766164941,-1.0348109099715368,0.34028496225115357,1.0127692923907834,0.4656559503936916,0.6612489385415152,0.7642004351488323,1.2215991937123332,0,0.21626774026164086
0.3728006824252901,0.5179791937646219,0.2765157325979566,0.5304454746981019,0.6248673571769038,-1.4239002974889488,-0.5535415416633387,0.27596895179716774,-0.5799495904406613,-1.0666675324804957,-0.9854787174329052,-1.250007162681521,-1.7006687001586525,-1.4328808151979409,-0.7009240747509178,0.19980247641017393,-1.1253223762968587,-0.9807375004140872,0.4559377019352772,-0.8350812984747321,0,0.03791729602636972
1.113822786756876,0.48318958344981733,-0.9053462402718582,-1.7434975728355493,-0.9318268770506735,-0.27860745938119474,-1.3725936419259401,-1.5382169114773534,-1.8737252247891671,-0.9606795694191216,-0.6338679366601537,0.07543791169112288,1.6592740331467806,2.1186591835418667,1.8472421725813066,2.4050835168916658,0.24475395533864502,0.29684045295752365,-0.9445294959565279,-0.7143342458914165,0,0.002074510381796809
-0.41728001488033156,0.6806728150993842,-0.7636870827532787,-0.26541614272731995,1.1195311293059524,1.4097877177876705,1.691481400897709,1.1895807025137402,1.7688419931950992,1.7343087729092437,0.16648758031056388,1.3593702999100787,-0.36442038466703897,-1.0155736165995835,-1.0023303454706385,-0.7627225283074061,-0.0101614090027245,0.1722618665695263,0.16500745760470623,0.6854515748247162,0,0.3396664270667774
0.17316364973192314,-0.17107485282484527,0.7577770692832422,2.1221981848050144,1.7636786022775934,-0.007926709861584951,0.2889999850955413,0.8175185146367067,0.46742974242332846,0.8414091960503207,-0.6542048711103976,-1.8280199175336163,-2.047031975852396,0.11873309962331634,-0.04391933110415324,-0.8759238938092907,0.29054320136757966,0.6939069203223599,0.7226352421888421,1.1420928280490317,1,0.5826858745058396
-0.5823335835616497,0.5603143905923534,1.4381640583779642,1.346562604240214,1.4299596170088884,1.641635501511076,1.3509589381809408,0.3016118216649332,0.07335232402276479,-1.3489453710620591,0.06676208967351133,-0.6662344088057504,0.1317458778174292,-1.8637241157203261,-1.6434564008051709,-2.1540274886037993,-2.1165121087173127,-1.7491732157204165,-0.4868794930261266,-0.009375079490625347,0,0.03366472341951174
-1.0517160832517585,-2.104331969716061,-0.5110175956316899,1.2077913546057317,0.5538491154254312,0.3982523885425964,0.5134404389461712,-0.08484738110781048,-0.6754150089557495,-1.284168701233853,0.7812890768021189,0.38144459417505805,-0.4622831718679118,-1.1774629955561462,-1.3826661408413061,-1.6207649039838903,-0.7474604923342657,-1.0090719352930282,-0.32682154946355707,-0.2389216856641907,0,0.025087074380312793
0.07229228449356893,0.6940295363702589,0.8758208830604648,0.2099178939834527,-0.4055068824204378,-0.4058417646618612,-0.3523648171687284,-1.6512890157184679,-0.17123152990883625,-0.8094810328467187,-0.7397558528942132,-0.8584823755892349,0.9796312851989989,0.7351495835293468,-0.18842254135989742,-0.7108081599781946,-0.9653468982851885,0.7259427832323296,-0.5077575820930201,1.1055502581275356,0,0.0070676051896842815
0.2443201563234572,0.02493697914644627,0.26818895558446615,0.14802374453430817,0.06504102007620799,0.8573754671904581,-0.23180076724369672,0.416181036280869,0.020535336267607177,0.22363784503708029,-0.050198358811447824,-0.1332374298656221,-0.828423584090445,0.19498815533055983,-0.08661509561575999,-0.676297537914056,-3.0712703756304145,-2.081578485964953,-1.4719797816349225,-0.9348171446648578,1,0.9460800450950235
0.8679708615951216,1.060275077926249,0.6286879882014419,0.5684264485497383,-0.35890385018865517,-1.0545413855067565,-0.7932511531812977,0.40371632490981213,-0.01798459811357712,-0.5514034006892963,-0.7492628986143798,-1.1730537491806632,-0.2027927578478316,-0.1724135761422086,1.0481478017185426,0.790602108012578,0.18252802678791888,0.43026964862112055,0.6865674300569538,-0.06206486013917863,0,0.09768704826402855
-1.5368136029005022,-1.4517114622762008,-1.3659996158496515,-2.0350722358659574,-0.8849833857350603,-1.4296200331068498,-1.309932450234088,-0.49366108253853647,-1.888285626575453,-0.49290685899905823,-0.20440595673854953,0.7181209593700021,0.551752755081356,0.002506453719713838,1.0855130710668623,-0.29310505286595556,1.292499100696316,1.4395250017956533,0.1992904273812828,0.4045857274272872,0,0.0074976130577916545
0.6598608136750113,1.4287283690711468,-0.02627906333330349,0.3317710269835474,0.0725080170355622,0.22765380602483223,0.7466874576381901,0.23178012852019053,-0.11304241335758597,0.853412933606365,-0.8822136435868387,-0.7020464751045468,0.4631299667158879,0.802858294429105,-0.14975663159039526,-1.053804592406609,0.22335465474126168,0.4935375196756981,1.5667674281470874,1.785381571769193,1,0.6090789363210349
0.17217465570228466,1.3462623936413447,3.1197861086407066,3.491726225904561,1.4462824221953292,2.0019702375206196,0.9640811033207467,0.9833473783549266,0.6573229869320185,0.3254620356259355,-0.40860421631528715,0.31116734900279364,0.5637785989783426,-0.5074046527160615,0.10137100972247884,-0.41203443019365577,1.8183209402667455,2.139187992625557,1.069552334767802,0.46289408582727276,0,0.212272278156955
0.25745938873916047,0.3812487744045041,-1.1863077585646007,-0.845505259748045,-0.4026536480994794,1.043569634938673,-0.4786190101909212,0.4275136717871687,0.027254949672640277,0.5807955111470586,0.06848312636504164,1.4077358251077368,0.43167018767219556,-0.028158893491170036,0.2496292237055227,-0.16568750637263366,-1.0863822109736516,0.2649512154283806,-0.615109796032244,2.3084126521156025,0,0.026543880647058538
-0.12429795930036698,0.6463125463468531,0.7445902322866119,-1.2470365125134888,-1.641155548731847,-2.5809174807594806,-2.337906786868305,-1.1220407385771014,1.1630148333512214,0.39252579563416967,0.995959358129481,-0.9232639048975076,0.43444723877445585,0.6601036726098085,1.5769482276317353,-0.3742045401299005,0.7679693876569929,-0.1547428651064064,-0.1758408936915231,-0.46714757726337564,0,0.03948485931317526
-0.5350985343207985,0.8435040965697986,-1.1103146008320175,-0.3253653131003654,-0.907695493834395,-0.40184744703974606,-0.5570876331884533,0.4586022926895313,-1.0870728954987474,-0.49552602144585683,-0.41252233330755045,1.4859540756316658,0.5999167296472377,0.3761337216585707,0.5772342972542526,1.0297257385601424,0.6042913260373636,0.30173851345422786,-0.3489168112981251,0.24115222996317795,0,0.013408321844819257
-0.10243708768752058,-0.47694348823228705,-0.19881215676681527,0.6450715792594633,0.7368557288913553,1.7109289682993791,0.7069021374218584,1.8086653565737667,0.45317238980036445,0.30513083796731344,0.42915576706065406,0.8137678709356739,0.2851202425459747,-0.663930561417311,-0.17407012658700102,0.6427342213357128,0.05980757720396045,0.9363019391475821,0.8931937368673846,1.2311427950840654,0,0.03295825713511263
0.617105183553492,0.005760619219813945,0.08205478218539171,-0.7680608417336573,-0.17879334874688546,-0.6355165176899508,0.48508524139368037,-0.6676109837424566,0.2573740631646975,-0.13577749400965924,-0.806987116052897,-1.0212285011929993,-0.8170882705438288,-0.3171542930691463,-1.0160566878395583,-0.306042790300119,0.841664687833352,1.782617286102053,0.8474846705340724,0.4375067129434284,0,0.41088860981574377
-0.6384536839248969,-0.3638471528353615,-0.7219919729671926,0.8739221402382374,1.7427312318975592,2.5847407255934165,2.337282896140655,0.7031922579435407,0.33849672422479604,0.38843380850408216,0.033340051148401814,-0.35278183600954355,-1.2056778787136166,-1.2133386072265218,0.9014310996442805,-0.12919822147455973,0.1500553736843311,-1.7688472513237425,-1.6886229892303894,-0.8861150298312197,1,0.9884531528739676
0.6158987452466885,1.6953281276553713,1.0223255222295256,0.24652869646494288,0.22189642340976581,-1.2247866113916184,0.7714428638857244,0.9174599744296581,0.4090630987190037,0.6261300311575712,0.46960027070058613,-0.15038315209855385,-1.0004989199645975,1.1147039900840572,-0.08386057349369104,-0.7865105021555838,-0.8724811407541259,-0.3516911432629711,-0.5184403215920691,0.2692782317819217,1,0.48546735725206175
0.8867842562785064,0.5879150036082436,0.4262633190711037,-0.19202895324531083,-0.7164274879252892,-0.6214065048918613,0.9048479801011088,0.8649133916584616,0.4530101872656597,-0.4826836837269696,0.3662465237592921,-0.013138075661725698,0.49296124546261383,-0.10214273822966558,-0.13772923417848382,-1.1840073575616235,0.904460608158122,0.2113178908594424,0.4304829022297745,0.20928225952194987,0,0.02469371914243964
-0.8353463517752586,-0.2681162135499962,0.5841308639271272,0.221473905547759,0.6290970536389473,-0.3532322779270045,1.1831896537581281,-1.1930101845252064,-0.21725420456658087,1.4045411594931068,0.10123021673946929,0.9945011378791191,-0.45220756343736024,0.5063663763336786,0.36862641441975424,1.2888323942383848,0.583114337813365,1.3535941595841072,0.7534362628587367,0.7270984651023136,0,0.28302389244030796
-0.17306451471587306,-0.3477969678765871,0.39601414287795783,-0.6810910615977663,-2.2401316729587517,-0.8664655633127653,-0.35458932310744756,0.47856224926536967,-0.7754385667311416,-1.0951191619739988,1.330091131899498,1.480555391909501,0.2140382286089074,-0.5480122649658001,-0.6043693682459422,0.2750650911009519,-0.027404933172096815,0.3773271441492048,1.1494399956938672,1.4501643250081526,0,0.009385580585566124
0.5615560970628555,-0.01983402825079529,0.17980637579466402,-0.9369675645474852,-0.8415155265740764,0.02513660095103642,0.6379254729651779,0.376834819905926,0.7261849954666967,1.1932060766587702,-0.22678702063622783,-1.3349557668686642,-1.0441679780067683,-1.6922829790362173,0.7744137847991046,1.0700212493197208,-0.5862169408891347,-1.4426537098876275,1.3472330173192097,1.2003524722699923,0,0.07712343044045977
-0.19476170556330383,0.8855959561198303,1.5291770530044797,1.0019902395185054,-0.20962752132785706,-0.10609486905367034,-0.25379025462152016,1.242319497113208,1.4693250725302076,-0.1304832790209829,-0.15675598518428913,-0.2735964438089729,0.4783234064354748,-0.4408334616279298,0.28060419140260295,-0.29538094622592226,0.18483285329752563,-0.4444491176205295,2.0676882250617914,-0.47932909551112346,0,0.09989023074927267
0.855169638914025,-0.08260486687861232,0.7638764515818942,0.18172474317208348,-0.18373032608072326,1.1108015571414742,0.17413712385670518,0.039019210062019534,0.10279579433307405,-0.48503808216026584,0.20079637344887286,1.3773312611380266,-0.6733371956386581,-0.1902284722461007,2.0043826948630095,0.869663915249225,0.5215744916414475,1.1227841129691296,1.6094966310129757,0.892837348466056,0,0.052870581259938904
0.23326809903920606,-0.043928006961751934,-0.4910816754828751,-0.04801262191340793,-1.5857574340114515,0.6823740430267682,1.1138074495293442,-0.2886847944487205,-2.3362875044634124,-1.6978680939814865,-0.33339148591017653,-0.1712762704377249,-1.9465380448443452,-1.135030792478967,0.018902233221519397,1.4043569351814578,1.6283946029696357,0.6159949241827077,-0.0070946206872627895,0.9733744890749786,0,0.0741707354848333
-1.0697679425277398,-1.44793351706541,-0.12276949448124101,-0.582212052023715,0.21311477685375252,0.23335492022143334,-0.2392301382566408,-1.9493624095307733,-0.513422036059735,0.5860991423862897,-0.5181234008367502,0.7559662482544778,1.2610680909317402,-0.6419159583745968,-1.6620704853357282,-1.0222011422367376,-0.8404052152583852,-0.6237053697090209,-0.36777521357118553,0.7187649398838495,0,0.02545448432052387
-0.5013363983313511,0.6187550762219088,0.6440198114559403,-0.5727098173087019,-0.5592155971566359,0.1963058510680813,0.39024033348194737,-0.41497066608266747,-0.8094776629305579,-1.0378444977500427,0.060065836058124024,0.23216350136144637,-1.1261329713405677,-0.03692449675094355,-0.01002425191474707,-0.6980488438212629,0.3382454968198559,0.46391063536470756,-0.05868154686418306,-0.1105852636774957,0,0.11762175260964998
1.2324230387290096,0.5747861394387999,0.7301470919236601,-0.04036912657856181,-1.4004560327673,-0.21538467959392774,0.8892786911488766,-0.7787064871903607,-1.0866646056897271,0.4253261599031742,0.4781983157003649,1.8226968703594617,-0.17808829550272812,1.180839722922535,-0.6066305738076467,-1.136869159883791,-1.168671275331332,-1.0217525359034443,0.9292073176457537,1.8069834092453256,0,0.11072043262056809
0.23312631277963755,0.6325197757474547,0.5757910155450574,-0.44908332479189467,-0.7846277983151021,-1.3470689072841475,-1.5696227411358576,-0.9328102252429723,0.9643400071171382,0.2581672332614115,0.27383895116329426,0.19719619529523935,-0.5121054007364805,-1.2944797969976467,1.3945203021667574,0.7821817209284615,0.14912694790168168,-0.3506775829296548,-0.7363593491155086,0.663621892644792,1,0.29074942469736637
0.7978895173848747,1.5076825014247646,1.1788620539371832,0.554527869420482,-0.1604715764153531,-0.5405960287077018,0.6082084884586229,-0.48002023549601186,-2.572778610619322,-0.602754336349727,-0.14594824232008313,-0.461773309752398,-1.367705803972256,0.6422780818755,0.7482746223781949,-0.25214137765358874,0.5851745256926414,1.0028237843118286,0.7125301115007505,-0.8756522913690631,0,0.2419312497332124
1.286446171730148,-0.03186471241277107,-0.6682774364122823,0.6513776575613731,1.1607300504467124,1.4886758700147407,-0.3115002502465555,1.1869861304876859,-0.07696918899139218,0.2472134095795809,-0.49179694093691495,1.1503610480981268,0.23568789767178902,0.41550638376362214,-0.4455829186738024,-1.0012853533984678,0.3385598688305063,-0.062203782778267,0.01322738644098577,-0.018710574078154275,0,0.08156731968796813
-0.6306926042730882,-1.3075632642666317,-0.09382995420554109,-1.1313844620388436,-0.4490590125999536,-1.2194121431952274,-1.0812669299311235,0.025369635779664824,-1.1748382335108398,-1.599784168308828,-0.896195862700638,-0.939086337271767,0.021490913566494765,-0.36312299898295036,0.7528175141095232,1.0025494839848557,0.3724768179845262,-0.03427709540880066,0.031149449214511966,0.10576510061552484,0,0.02013535028022003
-0.6761631188589845,-0.5057665497222261,-0.1672678438869201,-0.6484560236082645,-0.35476560975526245,0.8827260638823002,1.5603320989704477,-0.1933106906166282,1.3643560195927886,0.7948510370119257,0.4277153738148131,1.3858766458192497,0.17772671915844623,-0.41370622287104647,-1.4459707496615597,-1.3911034352086455,-0.1263255410649581,-0.019909373204384555,0.2644418457822749,-0.47077951792524486,0,0.10279528612002876
0.7049638304299782,0.957512635092595,0.8313412721248741,1.3044886336786083,-0.009708191506947114,1.4889721726020182,0.5654654260704558,1.6490161816962337,1.4850346875840303,-0.4289126856999477,-0.2199744231242141,1.4004994266530628,1.1009456105515494,1.0662325174283136,0.15324760960390876,-1.5172548854394132,-1.8784054174868436,-1.7245818347998247,-0.2150690287944062,0.8494036969585564,1,0.15362938742619736
-0.23655264541574914,0.9713101258743042,0.41070201376050475,-0.9779567811810689,-0.7288428653753151,-0.6926472794724349,0.8063235405180494,0.6931032120336671,1.2199714219915636,0.620950186307317,-1.4519507570035561,-0.8485758286929509,-1.4208117639477276,-0.10415375710632978,1.3619394909623572,1.1134022333880773,2.019537851376748,0.9373158864238681,1.6383443967770925,0.4672328074451981,1,0.4041415338824447
-0.24754302401133768,-0.7538902205415162,0.0847341301838488,0.18292994271743007,-0.5250536635672579,-0.917615779128893,-0.8753271853303989,-0.7860800060301327,-0.1285037686663744,-0.7138395191228143,0.14798669924357966,-0.7714847317616541,-0.9929037537520112,-0.509899052526349,-1.0624778109620276,-0.6915527853496233,-0.9920544509076642,-0.5005169684213555,-2.097638021640177,-1.598648353575509,0,0.3337517089819201
-0.144100951365832,-0.8339418185303474,-0.6799177083716355,-0.5891451528357194,-1.4781921696798719,0.3725311692556455,0.9820343303084078,-0.25239043125139293,0.5705220462363926,1.1888088704550477,0.3383762205439021,0.18522490560967675,0.590396984924791,1.0886780475819864,2.5202664006230417,1.9692566191425822,0.9804108974418095,-0.26183440286913134,-0.11022904680841042,-1.2218086728886142,0,0.08571525287069531
-0.17161456630308292,1.1365923943760416,1.68130052955583,1.7234738178641693,0.32043991592882165,2.000469891988182,2.1157496566494216,-0.0952950511127132,-0.744898594242027,-0.7336556167292114,0.6199014824259602,0.5713219972099953,0.33173765236929886,0.7579553856355036,0.15779626892074639,-2.323678952032456,-1.04499031519801,-0.45813177363345964,0.1797448837415535,0.47927879196097933,0,0.04988936758257757
-0.8600439426297828,-1.4279590566835934,0.2198922404063716,-1.1770606073619287,-0.43011061700261993,-1.4628109927842297,-1.599397589338488,-1.2783936362680384,-1.5440877143175233,-0.6191799986476861,-0.6729408531293058,0.003334336638751482,-0.22924020029209055,1.4328759352457738,0.39311250130950376,-0.7178999134032727,-0.5884857254962135,0.03326284682076131,-0.6387188485676845,0.8171700118701041,0,0.09120041011342973
-0.3679516529493714,1.8907693934601468,0.7388666337543974,1.4304004007601798,0.4842457353627018,0.3574428176226386,-0.6390675766398861,0.15484476813242926,-0.2997496161437594,0.06846046903314336,0.912729682784619,-1.4932755863797338,-1.9397116451926586,-1.2877766936644517,-0.2218457313028607,-0.9689057649103471,-0.49596099305623087,0.011164033211527723,0.1849179737528507,-1.4117749967036433,1,0.6296475543116116
-0.8448331229895287,-1.7698666913052346,-0.3956567322849825,-0.431530444454714,-0.6083833619739942,-0.6217388071222708,0.11785509071932483,0.4380287667207388,-0.430667317782226,0.7116992249836498,0.21986068415191964,0.40277277486280527,0.8508489571647209,1.409346343336883,-0.7311408536467632,-0.18431362310706326,-1.2592175354673751,-1.8141094089294183,-0.8213405646793326,-0.1418837562326959,0,0.09871819803755323
-0.751905012805986,0.3961967191518454,0.7278131855649648,0.283183904896638,-1.2321002904243243,0.0577547079161991,0.14813890594989995,-0.7630891443943044,0.03298990701198858,0.47478890824149617,-0.15618247681404623,0.97445639543567,1.5074354475406884,-0.5916309402531107,-1.4500121885163881,-1.1637097624404746,-1.4733355513502726,0.4659883768352808,0.32573645999565454,-1.6572930087896116,0,0.02900026029114098
-0.6530830190480796,-1.0837785019129904,-0.21358842364636976,-0.24048748579416424,-0.14979815726293808,-0.6684894057458193,-0.7469777522859605,-0.9456111726623102,-2.112232982254903,-0.40545419509250413,0.8498498421810359,0.3224633643953859,1.3865753419173406,-0.6592551857981039,-0.05309709475056942,0.10186698583644964,0.44834469789069,-0.9098627783760662,-3.0850256105320977,-2.3200642622176106,0,0.0007084095931331114
0.1191925080326044,0.5749374106312638,-0.41892462443450046,-0.8941848722836336,-1.1896605974365124,-1.0244779570583313,0.06088107978241684,0.09803472178483735,-1.7395111447303364,-1.3753063226094269,0.854352936722139,0.6972832087422204,0.4174831052036367,0.16608971835143863,0.5631844100189504,0.262496367047975,1.0618695890169036,0.6856337262617835,0.2800626876158572,-2.209174353585722,0,0.002893492793463048
0.36414767465025477,1.2585925847524209,-0.631047588248678,-0.018748630385895717,-0.6696265263557672,0.6346875479681022,0.7330150672778515,0.03195024297056351,0.45585154337482836,0.07117749053765648,0.4461631178766999,1.1576226577861723,2.37212795180824,1.4433568309390508,1.3416292393791476,-1.4731462483755489,-0.9611677985486217,0.021715440356149446,0.17723622913499895,0.7553016727655756,0,0.00694678683766054
0.785605904009751,1.0195336846339937,-1.841161425618945,-0.008264410969574046,-0.7222177754528345,-0.7294148007834479,-0.9551357599684271,-1.2275427903191143,-1.0564932631990764,0.43980898307366806,1.0214553112396842,0.6474083793866663,0.2867005427374576,0.29624767278877695,0.6614536733084494,0.2767354947214267,-0.2591472886894965,0.9733755539572191,-1.2194386606227205,-1.4917373401995833,0,0.00214654914324326
0.11740318345490375,-1.111376009102266,-0.2896104582105525,0.4985161085220208,1.1361159009514437,0.8589140909083832,0.018572016516061975,0.023687698189790996,0.2358593000630019,0.20018947803885795,-1.4960788142809256,0.5275815033897485,-0.8083047567671524,-0.06967328974478129,-0.9239681497502609,-1.084782903820958,-1.753322882622229,-0.8902390129349633,-0.5836353306082964,0.31910566836459897,0,0.3088984969132436
-1.7562732489751192,0.6686051655687077,0.3834140677431517,1.3532431957295379,1.4096755641400478,2.3460026345971006,2.2983068223447685,-0.12345004286699475,1.8035910395091763,1.1533526018456661,-0.4148581821021559,-1.235507866559594,0.45825719615843474,0.40872552108319454,-0.5909804882488023,0.024024391472748936,1.1775326767363343,1.1235807403158147,0.8634382370106941,0.43864655049607454,1,0.2861859846244661
1.9080007833542987,0.8267443609791767,-0.2488817018867566,-0.10201718042325027,-0.12310961867013276,1.5292715300520672,1.8755982508604592,1.264773978503823,0.9221759001749867,0.20703783348533059,-0.864959484854979,-0.0971716287755518,-0.756881224051066,-0.5958331031224027,0.7833009897132885,0.6843960154837223,-0.33613815804885194,-0.3244421484522652,-0.28539351644191796,-0.8757526573804478,0,0.35676024501688414
1.2357708885247065,-0.5003217397409037,-0.0015611174007486934,-0.637777966279387,-0.4050153253562457,-1.1605371415335137,-1.1540696685146976,-1.0617724009760223,-0.3149080619780898,-0.4640921921345014,-0.7651658195813459,-0.37947485104141865,0.2193408062277244,0.056515693104322355,-0.616694092193049,-0.9288645641017202,-0.0904168353928488,0.6940355873461073,0.6816942300785359,-0.14264369302160465,0,0.10070326266593707
-0.34179584034884336,-0.7570939775856194,-1.2444785625560846,-0.8955080421773328,0.6720821253317645,0.350799777592255,-0.9381766635764799,-0.4327328605130912,-0.8274084458926682,0.013104879579767378,0.2704602778776396,-0.9727684269486047,1.2667801733481912,1.585906192322541,-0.6421180803524477,-1.7636608387354065,-0.8716350565890019,-0.9539370677316557,0.677766599172494,0.5152001021881016,0,0.044305441862086764
0.14590228260900956,0.4173484646233556,0.2700793200169278,-0.3038499787177001,-2.036156801761822,-0.6434693809731814,0.48383188798779986,-1.4339158258492606,-1.552074131649948,-1.4998295246017115,-0.09561134178208681,0.373783913279076,2.2825415661324904,0.8584631174723609,-0.16901081582041966,-0.9055685205661735,-2.0532409707563772,-0.905950481072489,-0.1869022081947676,-1.179348647621571,0,0.005513488278050237
0.30711453821481616,1.0207371178051297,0.6143913481579113,0.05424863015360259,0.18469791232824656,0.14849387817941329,-2.0362170869460963,-2.1481130719898056,-1.1809503757992639,-0.8136009026791969,-0.708502449347523,0.31793397220148106,0.3063169342980162,-0.12305762343681526,0.07447035649937814,-0.4212744137368203,-0.21673999308445896,-0.6412543796818839,-0.42673624827911144,0.553219448828461,0,0.13506023169982956
0.2275252854719843,1.40439200741142,1.907268300285537,0.6660494914784693,0.35437332612181954,-1.1189480797425106,0.19696230791230818,-0.08839446681318851,-0.5605084234633189,-1.4322262589097465,-1.1636583432481744,-1.1620667516638676,-0.6466975034655126,-0.2777898703949578,-0.9173740330493773,-1.3033879780056192,-2.2221487426332565,-0.011872657812878372,-1.5313568022883182,-0.9494902307373755,0,0.0861363029796238
0.37723670075103116,-0.020328365640049743,1.783465133249147,1.2477209153614413,-1.0946774914227713,-1.120607309812962,-0.8783967578294803,0.7248758301870557,0.9290075269567754,0.9382772168198579,-0.4719409381257079,-0.17711340051862204,0.28400169883599746,-1.0405373316470359,-0.35900851270968936,-0.1621935865632294,-0.7381702189591611,-1.173554323883482,0.1541128412301621,0.904165879615765,1,0.20458661817220317
0.323615425196126,0.4991575131178799,0.5521990880857843,1.2998850490359009,0.021919630451274767,0.7527979150558659,3.32456693684394,-1.0016795840869182,-0.6332005269001165,-1.3199475123847255,-0.09964254615495807,0.8378031744964493,0.8701757165853462,-0.27873310436607174,-0.08862211659310644,-0.04423396415529152,0.613609086171016,0.3659650554036653,0.8020498130572624,-0.8758131644803169,0,0.018418533908393566
0.9020000753059739,-0.720186331259031,0.03168752892503567,0.9141477031063616,-1.2241573286582446,-1.5842133313063604,-0.09642168372901512,-1.2026538305432537,-0.6641727385757364,0.04756743362736066,1.0244196208190441,-0.042599895624710414,1.5067000713462664,0.7203695004976577,0.06319535445149682,1.1063325310011103,0.7406858437895987,0.1502510226800378,-0.10926620316499062,-1.5462643470915916,0,0.0009922096953376735
-0.011101799177352349,-0.7968483325470701,-1.092190239989299,0.5508670405991987,-1.3107056632983114,0.7325734234513062,0.5295849748685552,0.1189681203651098,-1.343583267184326,0.3356024335403241,0.33195925274425836,1.4234923644212707,1.6983749177581218,1.0669571914004765,1.7793976880445364,-0.5608348050757784,0.13274408948526764,-0.611527258698078,0.6626331053971712,0.05277073432515983,0,0.0641317603138535
-0.7491999651927472,0.20443700991212493,1.662707724975508,1.6282642829741216,0.19777402384345094,-0.882295607252688,-0.3975818520230447,-1.5316490381625092,-2.2983808542777657,-1.4226913198836963,-1.4709152021140153,0.017337751335561133,-1.893346043671131,-1.618377265245105,-1.053912213459548,-1.5086740431727148,0.6479602073084616,0.750814394767034,-0.5112310159280088,-0.36829919731073213,0,0.2638098081917233
0.9085757437577073,-0.3523369372998544,-0.7049000643944807,0.024716505214816425,1.1608598097037295,1.116575743639436,0.40585818167528676,-1.7492856106562085,-0.8151097973506454,-0.5765077015690372,0.8991065451687733,0.7753314632286692,0.9333260156278309,0.8160753665696787,0.3110939016587037,-1.1469174994586806,0.8529633285063455,0.5494014494977821,-0.594951502318304,-0.08943672563062441,0,0.001310781486103514
0.4478196381570658,0.44648112944617746,0.1361997179554316,0.6159546179968826,0.35507693219535297,-0.34016758772418515,0.35631454173792704,0.751110196124429,0.6677601513216472,-0.44815288729548236,-0.03250048839982043,-1.1913913794309987,-0.2066764413933434,-1.1452360416134686,-1.632658094636353,0.43754637090199433,-0.04817735564763906,-1.1856437260889277,-0.017939368311668032,1.8472323020894839,0,0.021481973351610888
0.3949688351610632,-1.6130044992576977,-1.4829161313736137,-0.627366563636126,-0.10000100193853058,-0.33282142515027135,0.2208488503855438,0.8332874535212484,1.4648625067560361,1.923654528345971,2.450717628824227,0.7486108102736433,0.30960416959551906,0.9960647036983163,1.6559904313965172,1.8844852766005245,1.103260339332737,1.0315960200716914,0.21623370198577518,-0.39872441882769905,0,0.0009926405517483485
-0.19781192235979614,0.5412425638750261,1.5764145159859908,1.0088639879004442,1.1240990055024405,1.1525996672482925,1.5905484545264184,0.6263163327222531,1.1001349697681049,0.004880687656539845,-1.6345713389470553,-0.550143973199688,-0.05203610286749348,-0.8912108362022589,-0.8800408077064985,0.0012922562232762708,-0.9336416658555853,-1.1125002720118886,-1.0207480574886885,0.2173728735626792,1,0.25079818345548177
0.7079825267665691,-0.3666961944518238,0.8822539995110528,0.3360986930023463,-0.7175047573329175,0.7525856966707593,-0.6941296124838454,0.5275948518353869,1.1959443390280626,0.749079943637712,-0.08453966618677153,-0.9277516598245609,-1.1527979515175732,-0.6951090404961932,-0.16287830886156626,0.29769823992724703,1.9589382810342908,1.1474307825355938,0.8913344460092241,-0.7254406298956969,1,0.3845662491330173
0.6187673528122815,0.1516022514042696,-0.38829162382713317,-1.3613490444050855,-1.0462473835331074,0.37908851965379015,1.726461107394472,-0.07766425169256937,0.23291701342347068,0.00837959375626468,0.12302472445111555,-1.1104176173188738,0.031533369814738615,0.17606041623072774,1.5844570088548153,0.4471646756987326,2.068488981001076,1.0212066957926786,1.8472372097979282,0.573220829946794,0,0.13821271169099733
-0.2981058550866525,0.4760723402763226,-0.8208985060633404,1.2085427953702392,0.870066804768236,2.0438772858285623,0.9850626156763759,1.2182197874634384,1.182578654082054,0.7304268236966288,-0.10410126713265602,-0.08769425364657601,0.32832568132196405,0.37438776447789984,-0.2248974483479228,-0.4428278762900695,-0.9049007885240484,-1.1889788718889724,-0.9449082138930751,-0.5582060114184689,0,0.26218897605580865
-0.022274124817629328,-1.2847534735861295,0.18841478046989707,-1.5760338328386163,0.44105560752169787,0.4758255380325839,-1.3430670148659278,0.01388160180957284,-0.8933523946333708,0.6085454254612287,0.3215489415884786,-1.1962675191737455,-2.1676919170299995,-0.6347155436643735,-0.6291211501763141,0.36211296696654094,-1.629385891650002,-0.48971416860653016,0.6204137840440569,-0.13883008319045978,0,0.25218662675847336
-2.0325058037520707,-1.954759028308019,-1.003467152149991,-0.7081229025130723,-1.1558900584458915,-0.22050096398506758,-0.24471254167757728,0.8502100419050255,0.49163679827002776,1.044648802129664,1.159625397849162,0.6808616213328963,-0.01220238813959258,0.9864147443529403,0.14631905761196393,-0.23723040688140104,2.000624300602279,1.2250674830065014,0.9663830077486766,0.14976592531009889,0,0.07041751157136707
-0.5801010678982185,-1.3077279111841627,-0.8136501016301111,-1.3048280444868512,0.12032965004500785,-1.0234835167562808,-1.375663104820281,-2.459378283389451,-3.1068088348609453,-1.479029614992563,-3.075549323958963,-0.5656058253275847,0.11754054000476034,-1.0962336256974483,0.9518868751086232,0.22481179857204053,1.8568554841449378,1.2559695963149078,0.7674517726710681,0.20789655370089144,0,0.39111981914906047
0.5505470847754248,-0.21489292411412,1.1726586051792067,0.9627726700305788,-1.677727619547382,-0.15026886483660565,-1.1263541474425327,-0.546914447402484,0.3105325277158527,0.4302843278064724,-2.410942367391252,-1.1428514357881483,-0.09024119679319205,-0.12000688647965391,0.12301453286285406,0.6991095507905292,-0.2632222394723158,-0.9434072421261709,-1.3258509578253106,-0.31989906734475,1,0.8058935106502434
1.0953112671161829,0.3851730027788416,-0.5882086539301979,-1.0286638792897949,-1.9943908183629475,-1.91851448963204,-2.088416527291331,0.0636916107799848,0.7259652838868528,1.0866574408728167,1.186479800717168,0.3243636773733442,1.1765773998558517,-1.3891389149915554,-1.509322050747487,-0.1851762468269903,-0.3840226670123422,-0.020158706959554407,0.7409029421396591,0.16701562210816434,0,0.03138088614110698
-0.5385987185243473,0.09644442082747345,-0.6108550880581833,-0.5146415671874012,-0.006662255381809548,-0.6138641734599232,-0.4329175915309545,1.3244058495085864,1.914951423515585,0.449042408662155,1.030554700880907,1.4564256350584879,0.4715853382062677,-1.2894927362706354,-1.1707899695860362,-0.7267742391473861,-1.2805843660895226,-0.6598380595769417,-0.3529767575591844,-1.1737834920457852,0,0.021864146474885406
0.311041458199317,-0.519356812825144,0.592037707787713,0.5050148122303637,0.5221409142783313,0.2719501203932083,1.3663492611673471,0.18243264178877072,-0.23121743129538935,-1.2638065869307764,-0.5491190194583563,-2.0226136271200463,-1.5248898296461997,-1.359753762834517,-0.3211309469655387,-0.5725890818183133,0.9015950955363474,1.723494195639432,1.677137237293857,1.352501596791618,0,0.33822703873150656
0.3324106774821346,-0.7479127318832607,-0.9586771952274642,-2.813600882213791,-1.3463280961374173,-1.13632878753306,-0.6497674525636178,-0.6830907468083665,0.3341544547378888,0.011670922301415369,-0.05023981524649635,0.8830965715615013,-0.30345339628431295,-0.7043433463982038,-1.081963000251185,-0.611012415543964,0.31315218654956783,-0.3049332263748871,0.9941913009165649,1.7105620508088741,0,0.07513428971504874
-2.4333914237010497,-0.6597070915560159,-1.3942471666009582,-0.42733271610921003,-0.12874655172521393,-1.5999824193363683,0.2502004198267101,0.7694284445360409,1.2723007808754832,1.1651029982509447,-0.6954790404530343,-0.8938531937957955,-1.0872026347442276,-0.31085968267441055,0.1524897487448391,2.0554492215503237,1.7474536599654746,0.8541263392885241,0.5522250622319042,-0.8998922653435295,0,0.2614540416228696
-0.08438900763441264,-0.045213310218446524,-1.8945233437761342,-1.6203545065265916,-1.1433644150910554,-2.2531727583957553,-3.8962291173172625,-2.0223601931269974,-0.29696652736312446,0.20326189715621482,-0.18742813489608634,-0.44459196019502956,0.6796500612125912,0.0031819401083414307,0.6147384722023731,-0.9494977311936835,-0.03667662481939186,-0.7281916577959067,0.6079221727594264,-0.10205947558965224,1,0.22880990105859503
-0.05169205638998805,-0.2230086269566309,-0.8407880490622447,-0.7535112713143287,-1.2338646082465052,-0.5618486584027393,0.6826871919306092,1.3919507209013828,0.9453881474516439,1.221767469530947,2.4252503021753773,1.5879156843190518,1.7467587160043263,0.6932075069314892,-0.7555432644922522,-1.0719778352980187,-0.6071789713141731,0.6486426712955964,-1.1765760929228997,-0.9583266272046602,0,9.565445073620461e-06
-0.7279310836978775,-0.7291500665112899,0.20372921599647556,-0.44461901051230307,-1.0681510117090776,0.21350133807905053,0.37794696030463326,0.4016276654011904,0.9227925957961165,1.365710536536404,1.717636977827832,2.609630510309542,3.6421917913074067,0.6817337579013274,-0.07512145849409446,-1.5230019684140967,-1.6893412177595302,-0.2631487983190609,0.7540079969000587,2.6057194128762533,0,0.0007686952265765568
0.8325127865539097,0.10413788095717856,-0.4755017800628916,1.1608631183223768,-1.0184049907876402,-0.9442601864554269,-0.6575662726305027,-0.30457827143630317,-0.7595358543961631,0.02796537713254715,-0.6276618267763967,0.24681185170182826,-0.6060284745850993,1.3004910585535638,1.1027161816811297,0.37590922910742586,-0.4164144774122513,-0.4048462481127748,-1.350022668736351,-0.5468517563881942,0,0.5806522007979996
0.3563520497635025,0.8979493471286031,2.0724011512646237,1.0002259512282805,0.41552419085561654,-0.38577627661146896,-0.5652639366967259,0.42189801229949936,-0.1613064613110551,0.16002179737288685,-0.6523378143175419,0.028197940113539575,-1.070629427678469,0.1621296545997113,-0.4592095788252636,-1.4270089965278443,-1.8469864540945784,-2.7723918750360834,-2.1045429877378274,0.2761977595245173,1,0.998285885786242
-0.43868810131345654,-0.05194240766645088,-0.1579180968308662,-0.8535685908109296,-0.7029912629234952,-1.2623912197982314,0.22113735105477267,1.36661049920092,0.013553666698019473,1.3866356961096817,-0.32119371878863173,0.061655182469790654,-1.9058984065905977,-1.7492305643266333,0.8891766980857816,0.05652667689764936,-0.4696372097211352,0.25009945803538336,1.0194696094416402,0.5496166034863026,0,0.4399618437145563
-1.176918520240155,0.2907509168272398,0.5398044024017847,-0.7455489917311352,-0.8281365906390277,-0.5231660766217932,-0.3323526360101028,-1.0677374562285913,0.09852888520361035,-0.39180483793089543,0.3299710976574618,0.3487867307856094,1.8481497212205602,0.516825300047707,2.108441259609476,1.4174037336913323,0.952045937701516,0.6969271342747122,0.1761681186224712,1.4016679145370896,0,0.0010952145513310856
0.2957578428696096,-0.428395330902286,-1.2130886730318209,-1.6950684047904798,-0.8163419558350021,-0.4826175785927997,-1.8607359115266942,-1.3181894725835424,-0.9037824003895097,0.8752371695183464,1.1312370501884648,1.47161536417183,1.4272034271942944,0.5795979545698033,0.3210447169302432,0.8151892350672518,0.7011312583924343,-0.9923038730488717,0.0387628268171318,0.70687543974484,0,0.016173311160183133
-0.09307337334382876,-0.2562477083046179,-0.2188387055646298,1.1895811319907725,-0.055796930133004664,0.1443733541375273,-0.9222503929102193,-0.16057059942473395,-0.4322681983652381,-0.44102273782442664,-1.1735392923538923,-0.6476975120522129,0.026503418658936757,-0.16765065342383031,0.6159375445377979,-0.32766795104124297,0.7679951275945346,1.5652778883150842,-0.3663521628044955,0.14096717067432615,1,0.024204312191654444
-0.7240194770498685,-0.2641378112450268,0.06278571445279787,-0.8179652545327916,-1.4054398487754591,-1.3600835041953114,-1.61768972584968,-0.4053451940283575,-0.45340304037821466,0.1504217515060738,2.0527967766077793,1.1091082379556094,1.510993615731952,-0.08418796773742748,0.8869859894074715,0.5360218811997249,0.45804345123610807,0.022720342359000494,0.7151888680254453,-0.13649627773633138,0,0.0009037376493730978
0.609161945033544,0.6461593131089184,0.08561628901230456,0.695892734497044,0.7267109910709366,0.3118547036787464,0.552917413998969,0.7591588215570457,-0.04833888081430618,-0.3549133517200845,-0.694651385574618,0.973513073946839,0.7775324562667706,0.6164216223645557,-1.0574386118696173,-0.9391945151266898,-0.2960513964507611,-0.3460858351182378,-0.3943100993246862,0.12607573750263917,0,0.022992972730278834
-0.6279244127375156,-0.9852752611595663,-1.6091490807748974,-0.10720764857283324,1.2281864009114123,1.392755136473961,0.22727901944268256,1.4288013381282654,1.1958298271265502,-0.20466501439315493,0.016276573600713263,0.656575130184998,-0.9567982681366172,-0.23780126666141702,-0.8005112770598829,-1.07787950264196,0.5648941343273103,0.07231845065479431,0.897125999560659,-1.524496442298215,0,0.09890376773110676
0.36227619059917526,1.2073294841149322,0.4204806825184696,0.2498379838205027,2.2997162965249474,1.706529461154697,0.1326105466665598,-2.188396746249591,-0.5745507483359825,0.06342745526059963,-0.3638771243046785,-0.08849452536848425,-1.1811859519477037,0.1474458852842342,0.0905179946869,1.0117311773363962,1.016870578823122,1.2161440411444264,-0.15278299200332807,-0.30838275984004915,1,0.26835542911629273
2.515023440388701,-0.043113523133153954,0.12219171160885106,-1.123865308227222,-0.3208925397654491,-0.38724463372115403,-0.2231171978814396,-0.8418982541617672,1.266886836486168,1.2507501551722653,0.6670416183628177,1.3653739570064949,2.429362051557795,2.27650378934709,0.9120910017461265,0.7187226410800573,-1.2076217705709593,-0.1821911041217097,0.3397154197825303,1.0101044156698158,0,0.008913749243704683
-0.35487475461244733,-0.44837220907040265,-0.25223336577697586,0.13312139835869358,-0.24704303813692816,-0.93891808280687,1.1873269872676135,0.11508212900816053,-0.3855324647977092,0.09589507569723825,0.48496199310740457,1.1104000442613646,1.0340824416382974,0.7636329915484602,-1.1298351571851903,-1.0647456378446434,-1.1190165425998575,0.025520266576161344,-1.403585103589927,-0.6163513582990615,0,0.001153411525495083
0.642717847889683,-0.1057115898453913,-0.9487975119902644,-0.15728402400953476,0.5942134238186634,1.1354917019568134,1.2778476602714952,1.8128127614937506,1.760225361923121,0.6796539818492736,1.5853735834721039,1.9238569617625156,2.5293486134969108,1.365363112775672,-1.3972484529045224,-0.9899890671397263,-0.6693274591693451,0.17896339436865297,-0.6154203479187967,-0.954926718248597,0,2.362875840896193e-05
0.8737992606160407,0.8004147653539122,-1.9111930122933878,-2.257202449049753,-1.471490710868068,0.35319917111726884,1.263256167795624,1.6458746704054932,2.4724133251505607,2.5535022406605283,2.1981641791783177,0.11520518778881636,0.1452753196348718,0.2663282332066012,0.26472084803111334,0.42726826697211423,1.1297716369649256,0.4044280154445552,-0.09587654797169867,0.4661767926732607,0,0.03666829362700266
0.16673431716767712,0.19395115589129638,-0.3574254147502433,-1.4423395385977726,-1.0581218174500133,-0.10216356483888382,-0.569051215048684,0.510976823203428,-0.9799665204062064,1.226728317558727,3.7709497247062638,3.3048666877952435,2.557022293796519,1.004390876594135,0.3866921273999502,-0.09149961649585099,1.0274706987629514,0.35162375378662947,-0.6471928722766194,0.5280954905076439,0,1.636360063923445e-07
-1.4417450659985045,-0.6096646848626432,0.37751201741646073,-0.06921692201147626,0.01439586267129281,-0.4564870151680528,0.5920330807635146,0.505618688716335,1.0385035727983336,-0.8942757290684721,-0.6404386501066209,-0.5923762235122892,0.01781913189344902,0.10902777968637993,-0.2058536449520192,0.26156165599364767,-0.4525588398758431,-1.7533398858547837,-0.973242115367542,-0.08074174849568928,0,0.2167960846832577
-0.22076777755912466,-0.7857785068661124,-0.6134013358147896,-0.5741506053381559,0.8074056971216077,-0.1689593003015613,-1.0877882723334267,0.24438915099754502,0.9074111195013636,-0.33962446294338283,0.7875270903541404,-0.18286000212226644,0.5012168058425917,1.3268278101427042,0.8341370073137274,0.8729384962069494,1.0445354911217153,-0.2170345904498513,-1.4774547685071426,-0.2932624840609776,0,0.0038648211663270156
-0.16222070243051748,-0.3331516987648277,0.7309166625452098,0.7715185468633288,-0.3928102994773444,0.4309197261659175,-0.8494986471552016,0.6004381385425254,2.5842189651408853,1.172802201389662,0.39611658389841875,-0.13053131851537406,-0.1429423259730595,-2.387035310218939,-0.725607179575952,-0.059786292666046056,0.12224544889648715,-0.5015598162909237,0.0623345257933194,0.7418455929562984,0,0.13440189497452415
0.26276719967159473,-0.8619115920011338,0.4954424753736707,0.8086885433649359,1.2702378457612586,0.017799189100280152,-0.18118972165977604,-0.9776038670099773,-1.275085777739785,-1.5468487071213375,-0.10041935246583357,-0.9092352532141719,-0.42438409676328404,-0.9319506976267976,-0.8207417997396698,-1.2187794589470478,-0.2555674594841152,0.6648883402749857,-0.559670872979337,-0.668225169835867,0,0.015812761000032347
-2.2891417944965995,-0.0579650939839208,-0.6721676251005322,0.9734891653793102,-0.7816912091470973,0.7631618804336063,1.4485036965527152,0.7122727113640356,1.381062466886704,0.9330389037534477,-0.3966385501511545,-0.4041768459417025,-0.7969117742080594,1.0787512172848261,0.025580203161368272,-0.4692368301734313,0.34903338366835124,0.4400696581805834,-0.9240442312004157,-0.45208324956904167,0,0.31029228465046305
1.2654967802973343,1.3029809837958488,0.3633981808281767,-0.5600203983300703,-0.8376992827814407,-0.22033861908531877,-1.3342553823354524,-1.6965716921655338,-1.025808128360248,-0.7670267287079032,-0.03783431621878208,0.654913868209527,-0.4102772840420719,0.7780483960975407,0.6608590646036818,0.33953015253148755,0.22478524726586346,0.07009139381408663,-0.6036206428997022,-0.7021285774902809,0,0.09440708428936855
1.3131524592548056,-0.25591010888125104,-0.29939805474273007,0.6222787355251361,0.8304239663143503,1.0842307752785243,-0.12886866237566338,1.4103181059495025,0.574254632758454,-0.15857908845026755,0.4089672131343191,0.4015189547816147,-0.5570112294676169,-0.29494025769537413,0.6422919070658307,1.2336146148103289,2.0446049163386837,0.4263933312720922,1.0017488451311298,0.04206505304748201,0,0.03638168847309799
-1.186348052971645,-1.2874253217929439,-1.2790260870850412,-1.3794198855852013,0.34911639942498846,-0.07113508646006082,0.2143968836456565,0.20843577630533278,1.2594473978032004,0.531649028572014,0.4273014922290055,0.9563879460088962,1.377022117904934,1.0743049160382814,-0.9724859699882181,0.2421730261863506,0.15583808023869278,-0.2050864295020385,-1.010849975150862,-0.6399692239600778,0,0.001235376981121744
-0.18852332073476696,-0.7233764793028471,-1.5854166615473595,-1.395266896199173,0.8301534146340164,-0.7725955060042318,0.17262940846929795,0.0879891666679386,-0.38661734411576176,0.11154877875236696,1.0135198073899663,0.8086796685236569,0.7831377805078932,-0.14530631244471956,-1.8861506395062209,-0.26990727418006094,-1.1401562807224686,-1.0939246153228985,-0.4054725456212393,0.5776379678404879,0,0.007514872056116342
0.06235985091839272,-0.6504255942511892,-0.46243263549523544,-1.9857188160307049,-0.7474238798895071,-0.5537463818508972,-0.31942629725001914,-0.332293891623243,-2.253788730798486,-2.3671538723441676,-0.8518685482983156,-0.4621184373970838,1.0687870514493487,0.1468229414081363,0.5046840008886112,2.3986503805536517,2.2457344285788015,2.2201979705338264,0.7824793864400351,0.06190936660928761,0,0.001710455327699887
0.7163302679707328,0.2657552546213675,-0.5773774301466815,1.152267088666322,0.7872123103751637,-0.10948656389557235,-0.5387647620129369,1.1474260916550532,-0.24774722268506075,-0.6969589084382606,0.16436945085630286,1.3563489457054583,1.4497192258717075,0.6199553479902971,-0.11773719527049126,0.11793703950517773,-0.7303933326265049,-1.5906793118687155,-0.23844926893123916,1.1199964232583632,0,0.01828342129968952
1.2490667214168696,0.9234971916442929,-0.5457072185903111,-0.008309771520643425,-1.655700203681309,-1.1319078152425117,-0.7091595385073256,-1.4192700605426638,-0.9853490828712734,-0.34094911687541724,1.323553059384452,-0.47661610291922774,0.5810025488935505,0.3466789518783393,-0.13637357197075406,-1.5803144354880652,-0.07043726807675936,0.8718135979566003,-0.011886138116729414,-0.8921835666013086,0,0.006735647826493263
-0.9667156754587009,-2.8034962476236114,-3.0845136602446157,-1.8219789247554847,-1.9081709981527295,-0.5461220742782263,0.07072901718281863,-0.8516457573143986,-0.31513293180718216,1.880772984928968,0.7668544508031777,-0.8783654459455993,0.9988843294724621,0.4938204781944391,0.9051739897512294,0.6297385055278178,-0.6794541938968153,1.6332821725448055,2.435754237788566,1.8688772971641279,0,0.6118332770752678
-0.9335993968053005,0.6524957245919039,1.0684752179679409,-0.5195475342268369,-0.3215390712575827,0.5599412364291981,0.895871014355617,-0.8598639035007556,-0.9511756754649127,1.0926711877743331,-0.15141880613715453,1.629088895069833,-1.01139440525549,-0.32919694028959856,0.4307753135442,0.8363048676763242,-0.20782039968791124,0.2222072585502507,-0.7608889004146062,0.77218311021054,0,0.5002508751113505
-0.6464106225982195,0.567122399983809,0.157566701324815,0.35201935740698165,-0.49574821114740564,0.8113549154049978,-1.0545265154913925,-0.7994091054725266,-0.542638862221401,-0.0995322819160845,-0.37523007154095755,-0.07120827944536301,-1.413703151440808,0.01801496466442803,1.3199829627655715,1.2901536509437188,0.5229131033564695,0.8893035183679991,0.9196862104369308,-0.07264541611912849,0,0.1961494588750926
-0.1078626154159434,0.026009771008744426,-0.6505652735894266,0.5268660353704501,-0.7303398223696426,0.19580152997857478,0.22454420119614657,-0.11063525807604144,0.9703617094262842,-0.4777810942891125,-1.2797648975216374,-0.6871367023968499,0.04560216917464955,-1.7292593459769465,-2.6289064144069045,-1.4773279769929617,-0.6089745630757311,-0.15581287428347834,0.29908317761046993,-0.20247603423199395,0,0.02853516635480999
0.9202863817510852,0.19289630980677933,0.7138623698304613,-0.15464440291661127,-0.7633259085456054,0.4488407408849278,0.5708818659752536,1.703317884696312,1.1859838514337975,1.361551678874565,1.0612522423240107,-0.38176651575688175,-2.0701443400078716,-2.0388677082932847,0.22590068474252004,0.8072209868718752,-0.16943378711893647,0.48589333378454197,-0.6730617513506068,-0.14188715162060234,1,0.7894162376536111
-0.12903828464611292,-0.40157234471954417,0.4540152173313787,0.938054530663669,-0.3590886036256027,1.4275314087969195,-0.07537429249679745,-1.0236179749428373,-0.17370851949303268,0.41524469953465687,0.4160171823483793,0.5476007325505923,-1.5618857794400591,0.17818819504116903,-0.5056677257188661,-0.4346072432560735,1.2415750347270222,-0.17256456606371645,-0.003910068164676981,-0.1315034346354722,1,0.466790124711678
-0.6252807068761702,1.0306620972485003,-0.49812673232293814,-0.05643241702644449,-1.6453672724555723,-0.704316887758303,-1.1166314660248933,-0.7898353277375133,0.051264344866666214,0.8548642941000956,0.44903093093072943,0.052094351159534875,0.5537419816698708,0.11602065785547645,1.2449854668681575,0.07154689495565089,0.9213268152748831,0.006848643218323024,0.30829774685980826,0.2782955416244062,0,0.09588412794256321
1.7905042113452594,1.14450685206285,0.7824833834988154,1.740967918442236,0.7299087491426515,0.19624350305775304,1.3845323467783897,0.6093247500083883,-0.08764473353961032,-0.335562902548299,-0.12507418804539372,0.18073078523205646,-0.3341365252344201,-0.2798228214062366,-0.8197020263837799,-0.6942442901699399,0.6267678984961481,0.9492763557709972,0.855452669593445,-0.29279941102804496,0,0.1542577117411206
0.03691720426736269,0.10304951577664719,0.11101083255256902,0.4044379594054936,-0.6288432499296639,-0.8584260377935428,-0.16061250337847038,-0.5993736762640991,-1.261662858582726,-0.7726203682074942,-0.815150174688788,-0.6584031566455698,-0.25659196363408454,-1.6780485175856017,-1.0799178905681772,-1.7451625170085647,-0.6078768855732751,0.7442681722960307,-0.28853325375860056,0.7679521880348257,0,0.051516513744956006
0.4341464999154814,-0.3049155588109812,0.0635207073633889,-0.44025719328716595,1.0673802738609697,-0.026938863350561476,0.515771106962779,-0.10101352085277777,0.567380537014518,-1.4101254962848038,-1.455334521499078,-0.17429965711191542,-0.4644941398453523,-1.7689069123186945,0.5999790360999894,0.2389806257242359,1.6232709496154283,-0.9495140098109414,0.355694935045553,-1.2488966893740674,0,0.10486826885167158
-0.37092937146132193,1.1585877403460536,1.5198246116161531,1.7071484759839137,1.231278118688846,2.3040333926563896,1.399714981723049,1.2145367446057156,0.07722372900408478,-0.3645075896163076,-0.21032200686263453,-0.8889626317710427,0.6074282202631527,0.5978908550424716,-0.4848822091790668,0.22072796029052677,1.405247852460825,1.0862103865841826,0.4308206967468578,0.2267799968353691,0,0.018872178464009064
-0.37962909680230034,-2.5079377675247967,-1.1977091501603276,-0.1040854297899619,1.8213904489199018,0.3273819221298792,0.9124606630301608,1.3643037770306596,1.5480038782054986,0.45766306051635514,-0.4540684917719296,-0.04864863149469825,-0.4862763217030194,0.47166412488545273,-0.0227009517721349,1.023477919832049,-1.626368439796456,0.967943877676403,0.8353050688811847,0.5213473301310139,0,0.08165050151727173
-1.1095649621321317,0.11793976685111633,0.47066779960437927,-1.4879652913064338,-0.8194501702307857,0.38018725009033605,1.2425535136283146,1.459700359092866,2.1528507878724406,1.4562004935562867,0.5957349989423777,1.3036360047217563,-0.5964587126072856,1.0381635302651078,1.5345814548890275,0.45602536493122686,0.5703003464558554,-0.23082373862695887,-0.9273522328588587,-1.742878639550898,0,0.42481235094784653
0.025413109507631333,-0.31233424679231236,-0.45169573794541623,-0.32493260403746616,1.4728057654425462,0.5760947677338186,1.0729680919151439,1.266329303372146,1.4494919118762972,-0.44145690270048304,-1.4200474072455407,-0.3551626888151976,-0.5751767345271621,-0.11427369420619274,0.32593262495990377,0.5474127849799888,0.0686240835128649,-0.03464524984252172,0.5492659801152088,1.4680825421385564,0,0.096864376450122
0.3237628078358204,0.5274919782135267,0.3078479193554924,0.30042464120409357,0.06769394480200103,0.4376455549387039,0.24421036921055167,-0.12849745627917994,-0.07328825658036017,0.4234835151718567,1.401543083087746,0.031279893319511066,1.4281797083581222,1.1038502584280576,0.1513748535974266,0.8354583527389394,0.7129946573597802,1.2350712798921357,1.334146083948924,1.4317158803874177,0,0.011878651949286247
1.0496308204899651,1.0304382228130373,1.1260250324242806,1.0349666138269304,1.612281744395172,-0.047813919975692995,-0.6560567956086001,-0.06316717603170022,0.2755615475680325,-0.3472902614472216,-0.37217644651832077,-0.04467325231295034,-0.30575605049037025,0.6294700908424362,-0.251042075669314,-0.4574506650082422,-0.7104197732013016,-0.20357652406763296,0.9348392627108577,0.27373814186326484,0,0.1041389363135284
0.8044589881014927,1.1198598842208858,0.3156072163522507,-0.26251267871515627,0.7680325135808383,1.1472365894970482,0.07833078922302444,0.07592481561689557,1.4875449223307244,-0.21610515636521807,0.6301237593433564,0.00878441016753273,0.9631358673656697,1.1626051711899312,1.0817340589262865,0.37375686050824686,1.216281279657875,0.7265319497455749,0.7558761097408596,1.1099505885667706,0,0.010225515257733127
0.6867026795955143,0.8362925685645722,0.7834291804485604,2.036753965859987,0.6488701793617221,-0.34053324867357954,-1.3920371882045823,1.1933881098038661,-0.26610538534746914,0.38420326472596583,-0.31731546162203556,0.2735482014933101,1.1235477308122506,1.8042328970881207,-0.03231300577620273,-0.9049666776763479,-0.029246812385646356,-1.649707914040216,1.2035626196992621,0.6490437662785208,0,0.150876944351642
-0.9990726122492194,-0.4596088068021527,-0.5821539422501022,0.31833897418971235,0.9606385582866307,1.3107084781847016,1.9252808661054504,1.2384258573454963,0.09241157861535912,0.19458423526833832,0.6071735016608124,0.20328577769054507,0.01920196298822536,-0.3090395760715203,0.30648906005353654,0.9380276089490597,0.4653572259847101,-0.01804718587948579,-2.134053740647717,-1.773153099251634,0,0.010959737807691425
-1.8984852983256568,-1.249394744573638,-1.5073918476802322,0.1575985639976756,0.8472427060782669,1.2713155845032784,0.4370970116450644,0.7373226338804375,0.5637702185612671,0.8193888202242317,-0.12073136672606817,0.5420064801459019,-0.41361724469767436,0.1191769081908585,0.25144682048359795,-0.2638078177224413,-0.4507163127445284,-0.5171283180365437,-1.3634818179602883,0.252225482057147,1,0.36788509461853636
0.16354343388246717,0.4721177671027481,0.9558430756347893,0.6427585581695723,-0.20431822182683626,0.03171120946227739,-0.09464310097205492,0.3504043327759857,-0.6785567589849623,-0.885035493106947,0.9840048565243156,0.7875606847533374,0.29432968760701556,-0.541320632212211,0.9683411688047865,-0.040976283054126074,0.4948583589509235,-1.0147076602996263,-2.2200909626741088,-2.7564570173763565,0,0.07289371510309635
-0.3013401616718619,-1.2252994029864845,0.21288606918985392,0.38715640734962226,0.027104477698872222,0.7266895836625112,0.9033001703725042,1.3289571034436587,1.103163479751334,0.676433620312274,1.1611245810117388,-1.0376929591769761,-0.45878992320101486,-1.4040585137368777,-1.9337511039150888,-0.4907641196895741,-0.0969446856914957,-1.0559272076103756,-1.5079011494972998,-0.6136822921538154,0,0.15618350566470723
-0.4520387985238307,0.49241955578774577,0.5160639344652767,0.0764563748649377,-0.3559430619766249,-0.7148315998693259,-1.112028162390369,-0.7332451681104672,-1.6258555867506728,-2.0361358918652948,-0.08323384752232545,-0.5879614899209237,0.8181655153890525,-0.22148365032644807,-1.0512646569246686,1.265917996472223,1.393340867292925,0.90549868381535,1.3901356450880424,1.7626399291808876,0,0.014766053468828871
-0.8463185626511334,-2.039793527331549,-1.942113382001901,0.06782928549106235,-0.09124158643001036,1.7146917242974498,-0.8446765447864099,-1.6617891525572914,-0.7375138361314625,-0.5039752854790162,-1.2985201198535303,-0.9224481576669079,-0.13394943936928091,0.06881765119415353,-0.14435347891143235,0.7983315855849001,1.349879307031838,1.1051302320817389,0.4473930191890598,-0.9067857959310363,0,0.068689565356878
0.8422281295750005,-0.5560785231158376,-0.6811929147172927,0.5278704783861248,0.3834666079920857,-0.18982250410841628,0.21000419537880466,-0.2823368222283188,0.08873110233102251,-0.23020597647942062,-1.303797412020638,-0.31061128747509886,-2.586431509463074,-2.1759024717310944,-1.5413506547546627,-0.3810539728232142,-0.08667133964712996,-1.1174222637294304,-0.22022158958832774,0.3561995166042502,0,0.17445727097267083
2.0639133268151566,-0.11900527073815487,0.12394566683731187,0.27671503815565884,-0.8879260585599595,-0.38073680282727257,0.45865461219151543,0.5836372484327074,1.331341091486588,0.009701344889416937,-0.59110644993308,-0.9414656672327129,-0.5229720129881646,-1.083011767199738,-1.817384911901952,0.8265494813482469,-0.9172403551302469,-0.0856815887519342,0.21471009973098554,-0.6362448794142475,0,0.04364894058792271
0.911035439631986,-0.4060749973956765,0.12990764163525248,0.14882507628635117,-1.1262950457537908,-0.5307978057058218,-0.8470553031948055,-0.5358650301360934,-0.2938161372390684,0.5818484801881466,0.38457836528744893,0.8986173689357823,0.9850853285553199,1.0394239399803409,0.4529043350675152,0.32525635539422687,0.24148902974040065,-2.311992727404753,-2.4457154077545296,-0.9316319201435752,1,0.8704969387852858
-1.3280553221860403,-1.0022797023346908,-0.8554663517999797,-0.736595965453717,0.9153618355806306,0.1306947443424739,-0.1872378844489374,-0.8151859987348564,-1.6541858963792537,-1.8063724389021587,-0.6718373382783659,-0.8466100175514677,-0.3141724359357391,-0.028028325261804647,2.08930349115257,2.4206144211699203,0.36543210695270145,1.0834496024537097,1.1584833362332045,0.3725862932442761,0,0.014501719095053604
1.8551734462730967,-0.5168336868728626,-0.8793316848228785,-0.26309137430097923,-1.4707119643470923,-0.24231608307274582,-0.8681665813931995,-2.2438018007928213,-1.7276422956500757,-1.0652309022793272,-1.5474685220942697,-1.0667851851342025,-0.9985883444628326,-0.3123691089396275,-0.06109525544617665,-0.17383140012421652,-0.3845228284734758,0.08973621342267503,-1.181652988841251,0.9571506925842191,0,0.24975592661418716
-0.37257494728815665,0.028390732576871608,-1.3016093777756783,-1.134053641734888,0.6285605001605425,0.3926784851892854,-0.21634411712544235,0.35964327044140015,1.3191794165235713,0.967493716067157,-0.3322393911793713,0.1530932383351028,0.7219624034218421,-0.393994181051283,0.5241595817020913,1.224727369940817,1.4999222831086023,0.8216682710495201,-0.4105003429085755,0.1916055689695285,0,0.014506500163445487
-0.4171205345289875,1.2759705164206638,1.7838801339958386,0.21128889492469805,1.6291654293414577,0.1172026864472946,0.15803512824022237,0.5465743330988273,0.4486664316314664,-0.3273915162026437,-2.0656826781233306,-1.184888977760379,0.9593546310664508,0.33794709861429045,0.6234919850432459,1.365265600212274,0.28303009244675176,-1.0032934344452158,0.10576911173529732,-0.9989777061798457,1,0.48984630777456634
-0.31771690118542223,0.6615714861197475,0.3595971488768331,0.6888528993925531,1.3178471424948826,1.0509377646968554,0.04402781044721146,0.7289954865857822,0.5531221407871545,1.1094149247038891,0.9304653935930097,1.9957997717122702,1.0445966003428735,0.47964534106040213,-2.1338657083474937,-0.21321241797885931,-0.5096385900384043,0.9961917195940845,-0.16138522261200902,0.40917360705869615,0,0.00563943698502007
1.7534118091504995,1.4815989162204342,1.603384129172378,1.9303192905235438,-0.04957489760658248,1.2007095739008113,1.7943874812605454,1.0361546125479735,0.5011541645900777,1.8677992136274169,1.0260129437927334,0.773027262994927,0.6296797295387487,0.3911744199279132,-0.14173769242170128,0.43506098648025104,0.9456767542000588,-0.0218371129276443,0.36566412097425766,-0.18200730371812937,0,0.07755647195525098
0.22902221848503568,0.4852927129940976,0.0552635058021449,1.1621203891890173,1.2846954904174366,1.1251019648353053,-0.3746255766182295,-0.579307248079927,-1.190670963987852,0.0526129011901044,-0.4502884338666258,0.18566869981095777,0.20553919101582033,-0.6460786766874541,-1.1067473232029479,0.4031639383661803,-0.9085779008909661,-1.9090656988123829,-1.9098315449461878,-1.3698826420024284,0,0.48683313049649746
-0.7135801769376828,-0.524759004133513,-1.2257742502775812,-0.5801161844866213,-0.7134613091062619,0.7920089649916002,0.077895024969797,0.9588456156541748,1.2259879921354917,1.8525514272505308,1.8441925751072938,2.283390970257228,1.9895103941072512,0.4251984737089289,0.9797262353718977,-0.17388330533173413,-1.3596077409298797,-1.3688739499561746,-0.5878286932251361,-0.10371171251556566,0,0.008007606293934556
1.0066358669266604,1.0714088622942313,0.7496236517068111,-1.3252129016885699,-0.48313927252995015,-1.875895878180019,-0.4759795675885686,-0.30414539793157136,-1.234010655103781,-0.2530752768976939,-1.310197875271918,-1.4365921373789525,-1.6731291198035532,-0.28853486191461053,0.19218383997993974,0.8105850551727447,0.43957274381741906,-0.3882731825265488,-0.46282102488125487,1.0554661280477398,1,0.49595246646760793
0.07385114870943187,0.7778033186968146,0.2626995821952427,2.103379968445556,1.4533385242376942,-0.04964417682561115,-0.19892161045465456,1.0356235849456314,0.986928907217185,2.14340384761986,0.7996940964142752,1.8800094649422179,0.10424681511435649,-0.688373736293244,0.3151743870249158,1.082722606274242,0.1375147550561975,-0.7732272328381409,-0.8187552200398189,-0.5827924305623882,0,0.2912022285542648
0.1424377171853847,1.2488955736422047,1.5584506668682463,1.3930333637415726,1.4498357615320863,0.7964301113892162,-0.36238402173919,0.977591627527266,1.561150543569698,0.17726049034168306,0.4928695403460007,0.019027938762187915,0.24507386404301548,-0.21421547633530952,-0.6202788493591386,0.6208546267725583,0.07869283300338076,-0.8963905628778843,1.3638300442092666,0.8865934519909505,0,0.03224437136186902
-0.7989234796153085,0.06772937701971359,-1.5900081944530602,-0.9531983079267831,-0.6961851752890922,0.30410764764990217,0.4181497728616532,1.228119421341963,1.1713087358081828,0.11443138009713998,-0.38401611619019754,-0.9421448727157249,-0.2216796516751777,-1.1841563245738203,-0.9304357307781466,-0.8015814664849014,0.8176947759605265,0.35613575729869473,0.7563738127226742,0.6810556318943606,0,0.1132078317086512
0.0036848862144387125,1.1571583311869937,0.1478050303604138,-0.29948244036542865,-0.43915432598257986,-0.7651967624227417,-0.9110825260402603,0.6553311366208212,-0.6385260900801699,-0.13637264309682293,-0.16206469552816435,0.3343966783443272,0.8008090223110427,1.0032891883461488,-0.570536942770041,-0.5377894274446078,0.5440425847333584,-1.4320357054303734,-1.3841208775811693,0.3541105660913928,0,0.10502320614532844
0.9524117517422673,0.6726734999308152,1.5046323014208784,-0.25178676546760803,-0.8620923251030936,-0.6713958698617936,-0.4592085855396463,-1.1729283390138967,-1.662305503030556,-1.1993777385302213,-0.1774128079925626,0.26723644646968187,0.26485026908123194,-0.7755799817570671,-0.5954643513425074,-1.1152167082395656,-1.5103800807418108,-0.9020430451919793,-0.3961950250138063,-0.8440819378152739,0,0.049373221620721296
1.268563251342974,0.6694166637876527,1.0951365395174626,1.473044698264559,0.9526794888075801,2.1561590103833077,0.13846956804130836,0.03136349697584837,0.4394570014628982,-0.837521652125829,0.9073292989164516,-0.16457774677416268,-0.8292707279398674,-2.279022750714048,-0.4726081681428712,-1.0511962207533205,-1.1493148028136995,-0.2752970869048568,-1.5203002808884267,-0.8322024523164645,0,0.15599152612069372
-0.9888466398393215,-0.2205208407168024,0.5967979635133676,0.7606434526762473,0.34521339360584724,-0.7739615359988958,-0.6096291609980602,-0.9412258827122434,-0.8235715758037676,0.5362822499763455,0.9900885514559926,0.45417072421337396,1.7101183639523947,-0.20535749261008246,-0.40300926355015176,-1.075336356496066,-1.7636862901675296,-0.554925896628958,-1.3072455028454943,-0.8848786991128318,0,0.0013420161804003155
-1.7264631468436884,-0.4558254070770107,-0.040390494329164986,-0.8223053244296121,1.3958215325543444,0.9131347893100407,1.0336375748911248,0.07116599464711376,-1.2487987613993818,-0.7422292035556015,0.372429704139755,0.9166278003779922,0.6297055143691428,0.14511580093873605,-1.4297375968850368,0.7193246394090166,1.3972036386298274,-0.39267820183703345,1.7603563749203395,0.769427614878944,0,0.017782432244363686
-0.16691162310106852,-0.7246395151536753,1.2741843616905215,-0.31494034199554743,1.4865818437223834,1.4669040132417697,0.6622046133866064,-0.1232564908314287,-0.2878642821033835,0.4486909237263565,-0.0019365750702634169,-0.22351390442474642,0.2323213687965176,0.542501429592062,-0.2150742024492211,-1.0815611839379933,-0.3717267644951718,-0.03073109627604269,0.6440013897983853,0.23623420401081346,0,0.1163155202041853
-0.35426955487492023,0.16508440346086928,0.7716794868826378,-0.5918850558764355,-1.4666185270341663,-0.735633078725226,-1.4974743297509912,-2.3053642117759536,-2.547685425308083,-0.22264878274575392,0.013366188120017771,-0.009396923661236392,0.4260812190913195,-0.9776874214333322,-1.3425410442227683,-0.6880226665594484,-1.125475316744982,0.44535550531625867,-1.0690140617007649,0.7984233465893785,0,0.006940479468100616
1.7389320319473973,1.4765813513140387,1.312207558069717,-0.4451138863296559,0.500348720999395,0.345110253584095,0.6520368287470314,1.5665364562116264,0.3807816855749303,0.8104287177681452,1.3678604495510074,0.7947675956434198,0.023448472511153444,-0.7962405398917045,0.220351319870424,1.1021254247377015,1.580192416913827,1.51332699679336,0.006236908394608799,0.07014429708301982,0,0.007838820320914616
-0.8204774357545397,-0.11780757545802921,0.006830426064872751,0.7554678627876027,1.3166703431615694,0.7212094422163835,1.1156674476573636,-0.3063734740120558,0.13825765525466532,0.2753492619938479,-0.5883106555140105,-0.37429766710501017,1.0095986917736546,0.011334778144235622,0.4969935049174203,0.726466078067849,1.8050941141612133,0.9621366928857725,0.28984092622452007,-0.8526981088315239,0,0.028788559355319352
0.9407589656799457,0.27260799051413315,1.4501187449418225,-0.08018311634858885,-0.7767886154114853,-1.1708761226191513,-2.0548121385086255,-0.9058983702683442,0.4564873838299609,0.8466657664303546,1.6228514976710613,1.4009196790199585,-0.08012294825093912,-0.7488899457972199,-2.2523589381945235,-1.4189646301399927,-0.9218534074683398,-1.1947257547988976,-2.215667375395012,0.22671899001199525,0,0.22359177486687046
1.3512830385349406,1.8124966857919838,0.4930096427674486,0.7228135723709765,0.5075735402470232,0.8016732497332453,-0.302745283220451,0.18472936333547973,0.5528023830168926,-0.3951639774128024,-0.6514089259656639,-0.8218774967180847,0.1398330912080028,0.6601955356629485,1.5761776739814137,0.5690891906432647,-0.8349869267618093,-1.8279453563121835,-1.2043012240479547,-1.2354176288069982,1,0.9402849621354525
0.623808802880036,-0.722652754654948,-0.3995000554232113,-0.3829410389622962,-1.2039853320528457,0.6400599325879809,0.3393844436359257,-0.22631047248634037,-0.6352256987243906,-1.6476327303487044,-0.1764402767123533,-2.0557404896587723,-0.33880284171167463,-0.43691221278646175,0.4069565236384076,0.9943294130217524,-0.04633782273105193,0.23801981839958297,0.09136830506598746,0.5570339520430406,0,0.011406755495911074
-0.3939309210838513,-0.0032826470082837496,-0.5729124050253324,-1.6325398850830266,-1.1817098679419633,-2.510395320554203,0.2522029273909834,1.838811661781884,-0.3472233933896028,1.155902380301282,0.9922640075477319,-0.032813641307189015,-0.6136027973502601,-1.1753963063053476,-0.07190215206535149,-0.4120522768850933,0.3680507252785448,-0.04536479747285752,-2.0520692475053335,0.007830417233391517,0,0.19755060672069708
1.3519502380164674,-0.28538631928037267,0.7034890292543442,0.24748592102461117,-0.015929122431474558,-0.02399571235442473,1.2222517314111492,-0.2579672219738349,-1.2582843383233628,-0.9089203446406631,1.5310409734685846,-0.30466728948786953,-1.1723133463525977,0.45367402807180524,-0.7342673585861105,-0.8085946959527652,1.2382678885046934,-1.0479253724236561,-0.7049203709620216,-0.7482536417490873,0,0.23656722129928054
-0.11531654908310326,-0.4065851880577445,-0.7384051786802619,-0.7407379986126632,0.48723707101010816,0.2394402527697755,-0.25716444111592246,-0.922554766592017,-0.8032837788741294,-0.4001847990335857,-0.5288965298381314,-0.8602717237202179,0.4517666382163299,0.5473440261514261,0.06764537956218528,-0.17088596724358415,-0.7645290288522496,-1.2177549427714554,-0.67168176117975,-0.38620287471837117,0,0.1731065781089075
0.026517241200792394,-1.3689971031111166,0.040264654387285416,-1.0263118846298056,-1.5555447563348368,-0.7464740891520811,-2.2440273541860605,-2.3557942262084057,-1.603331406213422,-0.5467680320652325,-0.07239416750100575,1.0419601893071555,-1.1078568431021614,-0.9296015013607782,0.8908924943017518,0.8137666456438997,0.739724423042736,-0.0073779078368370185,-0.6979775611831106,-0.16606322681199648,0,0.2228226336451212
0.7797726752926502,0.9498489254046634,-1.2713763496308934,-0.10984483990779538,0.7209948395624586,0.6103047010246364,1.443318059605895,0.32191640238627933,0.20643755555706006,-1.775534277957349,-0.04001842088433282,-0.4801933174404568,-1.2839827751548685,-1.5765237785631965,-0.5448725990795703,1.5756304238118692,-0.29247129495886065,-1.0844111054717238,0.06401080951801115,-0.7024598973579596,0,0.024265693233390635
-0.6035929475408087,1.277392879020122,0.9611320840662412,0.18308371238709387,-0.7912706385051949,-1.1916149902031723,0.13725032289973946,1.0369651445210069,-0.15114928955362777,-0.5190443443861655,-0.3186712222095082,0.37734741898251456,-2.0314880439347407,-2.012493571066261,-1.3398850284973718,-0.8943608426390405,-0.9914152735373466,-0.30299686411849686,-0.7351054606647465,-1.6048710674867706,1,0.5470906294352904
0.3963932625611457,0.5461313375329424,-0.49739071517507333,1.530938058944302,0.8122052024456026,-0.18204559243711496,-1.2101531695789896,-2.1185244099450613,-1.4618303312721244,-1.5735446351261566,-0.6218613269946262,-0.2952293748664933,-0.8040793720929812,-0.3001216706549622,0.8390693502109625,1.5732357904948262,1.4817892167765647,1.5439350537040637,-0.11632462360507807,0.7705143297338304,0,0.021280253266932177
-0.023334834629991988,-0.24692356222532783,-0.5501175590074764,0.0703448456595318,-0.014493017348470711,0.6090156093539549,0.4595735527733474,1.613234400553087,1.6998180136410224,-0.34620425833803375,-1.133690756018875,-1.2098800091134496,1.7564718770530798,3.124768939354315,1.0477069242364043,0.8377702808884626,0.9245084816977395,-0.3843936257989629,-0.5259608287971773,-0.1838170244663291,0,0.037938405171873316
0.9796905211578064,1.0385717467363484,0.33927190445529387,-0.6056856267802594,-0.8848097949785261,-0.14328078571844943,-0.44401837051051923,0.3138435614842698,-1.3979514697199809,-0.4930594924971016,-1.9704402257983604,0.07544471616261164,-1.3344703841620607,-1.9580449368992576,0.003208213387531411,-0.43367248376553325,-1.2615861306523468,-1.1858870525386358,-0.08706636479845167,0.04081674401060914,1,0.36215641452220415
1.3047433446072638,2.0870518417131696,1.4692489834280404,1.8604232861629284,0.6689522861432988,0.7983167409497305,-0.49663367742216197,-0.15851510014858047,1.2066874915244896,0.6011342996430108,0.25754773937652675,0.3678598062321473,0.36214479737018374,-0.04198592603353006,0.8478611321796555,-1.0194189619155059,-0.5064424101201992,0.017634133333210258,0.7352276884619878,0.1034504826922424,0,0.20795575604508756
0.5390326368012496,0.5660721508283544,0.6537324812384764,-0.8570408099574727,0.8579711249904004,0.32390040672907894,1.5209490115861477,1.5749544746547584,0.15240085347603494,-0.0282558590668921,1.538437021628867,-0.24100070610227442,-0.3266916689413232,-1.2688232025150339,-0.5013690680765288,0.10776923782948558,-0.09999564088677958,-0.5658633528271263,-1.0339914538181176,-1.898418589376073,1,0.04590808781815401
0.4103741574339137,-0.8172394673177139,-2.2776206862901276,-1.4076914677669075,-1.0944305540378434,0.17580030373412087,0.5210022678271644,-0.4305260503651354,0.9713030218570327,-0.0014315062610264241,-1.1826616844115696,-1.3800923717082212,-1.0886756440010612,-1.8666550155896307,-1.3460857197675626,1.0414144461025103,0.63007077401184,0.21582371484705232,0.4718749304882007,0.9765748625720524,0,0.08017496500259504
-1.140120784884442,-1.297395769448755,-0.27345256847086474,-0.4435410042480204,0.1471941879420714,0.5054131602360606,0.7055940168647642,-0.24129478073117247,-0.49005900983549655,0.027762928289455903,0.44429132225668744,0.6806269847808413,0.819801770743211,-0.5963288410852634,0.1616747470063883,-0.1259324840139105,1.4275565535604056,1.4165605171518219,1.7275933539236699,0.8747079387559143,0,0.13550337852630015
1.5137044408344873,0.5306939264680615,1.1517438376085005,0.7134605697282411,0.4386556327524236,0.5679186858365564,-0.28030851464559564,-0.4113126247804191,-0.7405443226277365,-2.1753769342925136,-0.8748757282010986,0.22367924563895736,1.6353245574641007,0.5716380575176802,0.3769814232431163,-1.0314990781410716,0.1353316225856687,1.0753686913430478,-0.6703250148127742,-0.2471573664197707,0,0.00029156415277170107
-0.18003185681034145,0.3823330915061223,-0.10789772219202949,-0.8536477244664281,-1.3309261363891383,-1.0777887515831495,-1.0147635379395163,-0.907495739977499,0.08069921716308032,0.5192340433937523,0.9629827788687346,0.8191467201835542,-0.11667973961681805,-0.9513820863365281,-0.7673805671473982,-0.2420158929677172,0.8890066061807484,1.1500556145394785,1.343344925935254,-0.12529347383058276,0,0.33341186102732934
2.043824391263562,0.768987013741677,2.228228856533432,0.1722087280642418,-1.8567290680309059,0.22510980070786202,1.6824288712887285,1.6066600178140795,1.5173926411383398,1.6063861570080789,1.5829463815950946,2.203586028839041,1.662892174335581,1.4409334035365682,0.43746131340880257,0.7452823685231457,-1.104806312701138,-0.8922117668005288,-1.5228229845818302,-0.8212617312214798,0,0.0018948190171807998
0.7653993512998944,1.1848717795332289,0.38420218735209727,-0.9021311657463943,-0.6267087936382549,-2.5391971643586237,-1.6244160285055906,0.24508942651213297,0.1461768184582596,0.19864861364833045,1.202599822853945,1.3460908379839382,1.0083916911770472,1.5643394281542913,0.8189651424578708,0.38942390349061806,0.7281990149062478,0.2141078135829621,-0.1507764777674992,0.2716286004174241,0,0.002704117130864598
0.6032705396027429,0.7565071263807324,1.1662615170077124,-0.7460062020412239,-1.6486936346855987,0.09292140950378765,0.4409749150053656,1.2837117769848632,0.4188933418303275,-1.1725644126655246,-0.6632518151068283,0.46738487525034544,-0.43487601409017473,0.14698180032482994,-0.7342371147236006,0.14394241188259924,0.8853199293953342,0.867783582320833,-0.5408864955059389,-0.8951324710170575,0,0.014595353753730375
1.1136586234201624,-0.9055284576430764,0.26097535955192913,-0.9433666355679473,-0.344541752620179,-0.8330723763137524,-0.9051425560695048,0.90323741590513,2.3746974950673896,0.5858164771644047,0.26693366940572927,-0.6346268063811418,-0.38658515569217394,-0.8289270135635719,-0.10507686377370375,-0.40303041414975016,-0.3211893418437587,-1.1690105275437102,-0.020543723065754783,-1.5856063588966334,0,0.19008211118258975
-0.5840709557790997,2.58854415524519,1.1964983774525235,1.5753052611631835,-0.02172583854490584,0.4549778197468191,1.9568619672460381,-0.6483439533109057,-1.176415922792226,-1.3584363714121945,-1.289698950458353,-0.26814316838931024,0.27389262739210385,0.18333649247984007,0.22727724865766863,1.2994409172888894,-0.07201226326480532,1.221861914483647,-2.7146302551661754,-1.0175362942690769,0,0.00025525996352587137
-0.544833130530331,-0.7029863319226942,0.049252234929430934,-0.4054843174341707,1.198929876852193,1.241684295587587,0.7898540470252646,0.8009014743259731,1.2812433105328416,0.06235284517381642,0.34491389082637736,0.5269389309769474,-0.6001950846814404,-0.5352850706799286,0.4095256928358861,1.233773923539671,0.2951626508435553,0.4628800743618476,0.10057605870005791,0.6577314052264429,0,0.040299592750826056
-0.5670546831735297,-0.23315442261156663,-1.4623721605853597,-1.725161110233327,-1.704161088289159,-1.4034404384004378,-0.8634944488864315,0.5788210245776889,1.7585821861885438,1.2174221851079217,-0.00148552700374605,-0.7863533624210404,0.37430691084217166,0.2632584130591022,-1.1479995715713476,-0.6684703970963499,-1.026033747337187,-1.0685212400814967,0.3906702317642312,0.904305381759043,0,0.11899001910601358
-0.10714076396554136,0.2837430482044171,-1.5745617643198684,-0.38544731633651247,-1.0464476268409246,-2.189179329394885,-0.3440669715407676,1.5376941960711235,-0.04333819025885383,-0.5907081845963472,0.10408771390130608,-1.0926223750855484,1.132945205373651,0.5986662670411366,1.1428207804808697,1.265953881231435,0.5056719899554997,1.190443987708273,1.4540229844491868,0.33614918459168813,0,0.020301761796794215
1.0550674528007564,-0.7550151687103427,-0.677387412423027,-0.5830135979653213,0.9459251431704989,-0.20452659301152684,0.010547646596592951,0.49683906709172826,0.5859633751344437,0.3215182165007457,0.6599798076063572,0.6424893485400303,0.3091707003896479,1.0264860321023408,0.609312147888046,0.7444019588992028,1.67787770153161,1.3760383725684702,0.45775067285011134,1.6615399417056964,0,0.009506536076458117
0.172911965754914,1.200889399914667,-0.6454669495859,-0.6265601562192797,0.848471199227295,0.1095884041330188,0.8966382228213408,1.0839859299127905,0.004111662064243223,0.30185992535466144,-1.0144795719948747,-1.23231668007411,-1.3670540919167555,-1.6170808263919894,0.3877463821785023,-0.4932691396673579,0.44052112447782354,1.0061105887925301,0.6390642596768111,-1.1543139755547616,0,0.4590916343293218
-0.36421176183236986,-0.62698520092045,-0.17844130743748235,1.0445466665230618,0.6443097208830516,-0.3837899674244837,0.3225790486439815,0.0054672772150070135,-0.45972847420035784,-0.9943728481190776,0.5563877816655166,1.0165056756763973,1.2437281628161008,0.1900008250703244,0.9930442567505051,1.442030891817657,-0.19723185205051322,1.8592771793501854,2.0667717544175783,1.6799721928946902,0,0.03639015028433145
0.29921125400819476,0.6814989685039694,0.5863328904660271,-0.4710456175513707,-0.35112414575577267,-0.6353542189199033,0.1259843334632405,-0.31024613468944523,0.05584545997074502,-0.4374522150363614,0.3977226534301351,-0.010925402253898908,-0.6950406032581923,-0.942502753421584,-0.5390408442333067,-0.8229562632361307,1.2317335320267802,1.4033778603484657,-0.7676187840606287,-0.3128733224073314,0,0.03306922252539049
1.345901671550811,1.153680378884227,-0.524626979535238,0.20479054280646744,-1.1710038948765722,-0.6783426362718936,-0.5756269498744415,0.5299456001261261,-0.056361996716552495,-2.158661140073852,1.0367656570344275,1.2838078134189501,0.4878252040464987,0.0867495184698256,0.023952805406243702,-0.6446081674251207,-1.5227855450211474,-0.9872399334455971,-0.9524010184987912,0.47277733984453835,0,0.00468646914330344
0.5166500792688553,0.30698810220995504,0.9258318884954146,0.5234364219766227,0.299940263937363,0.8413101335226008,-0.5461668659342961,-0.6523647796050178,-0.9332257443831974,0.3296556807159666,0.03390760347982028,-0.7558776960091294,0.6903246639533993,0.182883699217939,-0.8019071868766524,0.4827624938767619,-0.9925419849984624,-0.7323729237827871,0.3937979996953818,0.9141248077674439,0,0.045571739380298834
1.1664761255626424,-0.38359007314794197,-0.9553358846021748,1.1102878623457342,0.7723109564247996,-0.44776948477853296,0.6009469494292353,-0.9017259913275403,-1.8444085637223704,-0.16333515202224438,-0.8771963862438923,-1.4519494166268971,-0.8187355002915437,-0.20093981302787203,-0.5384129249419044,-0.2957743493200002,-2.423747383290733,-1.5773611968783565,-1.8801179675414859,-1.9841311040908065,1,0.8983053418401724
-0.8520446551000365,-0.024724251191652252,-1.17275158604353,-0.9151570518512867,1.048467240638761,-0.35973272690487873,0.7739624066241793,-0.15258693314186605,0.4381701439790256,-0.1666518414548561,0.599523171513419,0.5909579968840973,0.6631214697327947,0.02981556811821836,0.6078225352251359,-0.43636062804305076,0.5013657222119072,-1.4972008869665232,1.3635219325386323,0.39515434317643416,0,0.0370990907865174
0.6090103206805343,0.6837029102282048,-0.7760258924630198,0.6236584585725823,-0.2714340945301246,-0.596169266501568,0.07465389706649425,-0.4821430687296898,0.8292082357697508,1.1182185112290477,-1.1888238087484615,-0.6710167884066274,-1.9912814314960416,-1.221835200973725,-1.0196527370303283,-0.030042691083976187,1.953492698378148,0.6154597510517887,-0.10118980196057761,-0.5873113986017214,1,0.7208370935028706
-0.7722722081077684,0.40716490740842143,-0.3389546943578724,-0.7410520700931674,-0.10402315252932107,-0.9279632991193295,-0.4901453872816128,1.0008195906206274,0.834741545295808,0.46511384479506335,-0.28758338053632565,0.3684052441340086,-1.2862047808452393,-0.05929722931677097,-0.1357678568344306,0.9110654009137794,0.018561040438440347,-0.04315771605214542,-0.6845796691375774,-1.2830918235700493,0,0.37213661658488456
0.5323088745746504,0.3314732168824186,1.1206891090932416,0.766646360366438,1.527447895380968,0.3242905807403627,0.5254335838845102,1.2184310415374393,1.3100899930110275,3.8989053257190696,2.5652982544539755,0.8347372358178126,-0.27449433104177573,0.10509619618871312,0.33410829387902546,1.0418212288219624,0.9505724089613922,1.3530396738819213,2.1815552153800253,0.032371540414325266,1,0.8239747768706411
1.0077398437020169,1.2028586543947406,-0.6935616574018841,-0.8440717411765423,-0.8510485031744638,-1.1281621151066163,0.1566515570750748,-0.027060591153775473,-1.2162590417953691,-0.941589172219289,-0.3766248957068061,-1.1361469453938176,-0.7922696646805484,-0.18585449024606138,-0.4929279478311807,0.0800236912399788,0.42518665294180014,0.591420295457662,-0.8592835990754795,-1.0447082817764384,0,0.05459506564385915
-1.8213960157849574,0.531345775469854,-0.5611932366790721,-0.46746470395728995,-0.7909756659125977,-0.492789438384008,0.48709604429229614,0.935956640931353,0.5356737673028854,0.15284968768831964,-2.1532822886955,-2.4886668245813612,-1.5893674737117691,-2.0879328369935246,-0.19315552752124887,1.0714155013174729,0.9815676699080736,-0.2206774738844687,1.001552834607948,0.775716475160795,0,0.07906693406987245
-0.1959546757089262,0.09518685683486183,-0.42734282722227085,0.6991567297966262,-0.2248514316599648,1.2474695979386679,-0.2798811128413433,0.1449300162325907,1.098588726112899,1.8169554895605067,1.5331785876080324,0.7544378257259284,-0.6771089474891251,-0.24634622619238256,-0.562291227914286,-0.8472902358580957,-0.7288029323895694,-0.38690737123360275,-0.7828430951376455,-1.3760326629841801,0,0.5145521196731494
1.2507178825749596,-1.9529933510668431,0.42234207580354716,-0.26913786578896326,0.02302676998679095,0.8695766828640339,0.13751986219733328,-0.7681765578636272,-0.16618230100948747,1.4120355919128824,1.5382158884588035,0.3215456063609443,0.6664716315400078,-1.9922300375083368,-1.2946572389228497,-1.301737426527822,-1.42208869163388,0.5744352687437346,-0.30179450946197406,0.2797436116498623,0,0.011548787838767297
1.7591530941412876,-0.5307801053351918,-1.843575869039468,-0.7432525215256867,0.6706256667753688,0.11683321025269412,1.5732715989871653,1.1544283351425246,-0.8209351698323225,-0.7076932523949631,-1.3349892095541436,-0.5860480583458599,0.18153598672019017,0.6098829670401418,0.5686835549580834,-0.36919289852419385,-0.17263445997973106,0.4721807129669504,0.9386167864097028,0.5126990336277433,0,0.11721730125295124
1.9914655660473846,1.7016238205013918,2.8881767148899615,2.5315409440321064,1.8060908001083968,1.206645196012195,0.2870980155123899,1.632925268283453,1.9226701636446621,0.5290239848780295,-0.39451464297266425,0.6747676186582736,0.7959081214834571,0.9912039480175282,0.896379138527906,-0.2773145423114828,-0.9818247129896344,-0.39222900938423105,0.8348757671484168,0.13260578676993104,1,0.22154703155735822
0.8262097404841829,0.26642716131717237,0.8351944875949218,0.07735226140690775,0.7776884005374775,0.6326281595998473,1.1884376166320727,-0.7173023332055024,-0.7876284078691079,-0.5178936865770513,0.07247838350408638,0.7065649382089595,-0.4813050614551181,-0.18791249095069487,0.29594223434996136,0.1875774170572191,1.6560650188213053,0.5433827032781667,1.0675887545868483,-0.05895451041952775,0,0.08766925239818903
-0.9182088126884784,-0.6305859961673709,0.6161498024833181,0.5031988233118214,0.234254434853501,1.3068410454107,-0.2699809486386316,-0.42527129437810646,0.04093606799567379,0.9804078097468568,-0.8934536321497468,0.7784517916145112,0.6860635722031634,1.0357726707336887,0.4717533621206312,-0.3932721303221336,0.22640857140306778,-1.2088737035759398,0.38415202047514246,-0.1407219126379327,1,0.5043831622873198
0.8637071824568057,-0.1950584276891189,-0.8255074724286091,-0.1483251502088781,-1.1382419255126106,1.0944041732566485,-0.5482973945901037,-2.1653029273530597,0.39958433734665644,0.6656233060554904,1.015694306562053,-0.2074107320771279,-1.3768749249554688,-2.0577141107404984,-0.6425129436900149,-1.1665100771448518,-0.2201892309693024,-1.1269555229737473,-1.5833576663274993,0.5948083655537839,1,0.9516619608869543
-0.39015725035298543,0.48640546091026277,-0.8561736825765353,-1.0812711912235151,-0.7478983581391092,-0.8443902262664766,0.3655504552336894,1.1166600115732057,-0.01962708771367062,2.1546315781271224,-0.47580027183879164,-0.7563811206919661,-0.4366792922008767,-0.6445953028995786,-0.9977860414947199,0.16988182757207496,2.279954039553838,0.6477820513550195,-0.15434435901954013,0.09247690873234485,0,0.37017511056597663
-0.08063553579407229,1.521244142035205,0.7469810028856655,-0.3684149167024619,-0.017320870307428956,-1.188399434889929,0.22405091193670196,0.328672776651191,-0.016268565246527342,0.0022762436433676,1.8316064886207093,-1.1643729260531244,-0.4655357011053461,-0.32532929935823446,-0.2647919793497937,0.01134664424851451,-0.6336113974860065,-1.1470149400247076,-0.9077481496662118,-0.29867805386771434,0,0.1738476073671415
-1.1738364710266032,-0.7910973392561892,-0.3652748087015561,0.06393205133200425,0.5631020322011229,-0.11209343193798507,0.08505391641668983,1.2143656707458226,0.9684463797206457,1.3386698939341775,0.7325600596583952,0.5667392030302772,1.560198601670453,1.1972208255575203,0.7181150861800525,0.16117284306582538,0.23466827580915336,-0.9323827188309779,-0.2228403511431626,-0.29909707880770814,0,0.028370934368077295
-0.05652499268681116,-1.3185049999665834,-1.8651461763594956,0.21297955420444997,1.9254467603778727,0.8681291413685661,-0.4103036916770344,-0.5767582611238051,1.1386273751750162,-0.38466851679759095,0.23250160317769383,-0.42627281670253137,-1.3711687410554552,0.31613040595401826,0.49079058286665783,-0.8297209221985798,0.4860137770310345,-0.525387145255047,-0.6277430922449729,-1.0072568128096369,1,0.4528784515658609
1.0796307508637168,1.6775073389049824,0.7168281892697734,-0.3920734253913308,-0.4974902899785852,1.0314352350022935,0.21257966192543193,0.3804067962256681,1.9684160379714968,1.1721981854321797,1.0000949613645316,0.3875514326209414,0.8117687980405432,0.8094949135173967,0.3777499014689385,-0.26349347856372185,-0.07993640728720498,-0.42069267673085187,-0.6529828974088151,-0.5412454806441391,0,0.036148730590506065
-0.40446370337349374,-0.6000340564766977,-1.2659404548324542,-0.541405688134755,1.3097856417561964,0.11821058060811589,0.5409960237105295,0.3814028232658554,0.16096040364766798,1.5102571469555461,1.8855676750260641,1.8355980593505583,1.8135898346754227,2.3461010059814393,0.7467829444018093,0.362268364787334,-0.6356800670394249,0.3822296072488016,2.330728931014118,1.7034349972071363,0,0.06426161202162078
0.624637428437894,0.5325017709148296,0.14394538680520177,-0.08678453781677162,-0.18310216518174238,-0.6833953670651313,0.8656727647923057,-0.6634994961558769,0.08628369461625601,-0.31227518646983576,-0.7849699540565676,0.5968940877930174,-0.001030222344572537,-0.5603355615144157,0.4302245846071636,1.99709626055563,0.6176093635220533,-0.5202521533844157,0.8441816995293216,1.5159817219297353,0,0.07015954874774034
-1.7257015217689293,-0.8005567397575664,0.41953677335339123,-0.9442837913687362,-1.134516095763899,-0.2840583658725293,-0.6098370705487424,0.17952977345473112,-0.31987343358036385,0.45998391997706156,0.8173489505823714,1.0022213019105657,-0.7718953676874211,-0.9385274253949557,0.6473666154676047,0.04901112747399123,-0.39419349076813104,0.5236610907600548,-0.7363454356854651,-0.4463877273093642,0,0.08224346890775551
0.7232159649014284,-0.07507225063221729,2.109654807208222,0.9838407601461345,2.0754883386644267,1.7989894346300073,1.1604475733857198,0.9187118879268963,-0.2042685543214323,0.5562279938266614,0.0443374683697424,-0.43553485253065877,-1.16518622430811,-0.27867553367917847,0.19010828288139014,-0.5896293764904849,-1.2513195612827954,-1.3663951967625343,-1.2173978951390985,-0.4131749531054229,1,0.8950012340440556
1.0265957190979935,1.1001119399645165,0.44401783342324125,0.2631283094140384,-0.20806943799602848,-0.21160317872720466,0.2635906254818168,0.37620602153741795,0.47581828458596137,-0.5155434601545646,-1.7738032698699404,0.6650018842043244,0.9072693305954989,0.45507960605068065,2.2509818396684618,2.6855581616723208,3.022634247204907,0.4931937765125357,-0.17622946374546636,-0.0017098296211547018,0,0.13655043803112205
0.2246635232678466,0.8845805922398361,1.7595937829525894,0.14814245581520583,-0.7828407789945496,-0.7169567560696603,-0.8011202303116741,-0.26070197070033996,-0.09811848306520639,-0.009267309275981742,1.204672588928564,0.895252888004129,-0.06971944152096114,-1.3795852994852802,-0.5144094246849065,-1.0147722030328612,-1.6113244805495657,-0.87689540325368,-0.9307908620474161,-0.31501485268034624,0,0.1011068826757394
-2.2878801573907723,-1.3308229590411476,-0.19346700942570422,0.38750171880865336,-0.7546373275649623,0.4560388218688718,1.666963154240994,1.1127074220561226,-0.008938268327873646,0.1672561637530338,-0.39159207726208894,0.5639827478417552,-0.6827281147331525,-0.34029449604822476,-0.2070052867767186,1.3151449607998007,-0.9556671918517143,-0.7442368326511692,-1.3895023973973533,-0.13857171260092782,1,0.24084103601415732
2.519863138826165,1.3753331173867314,1.2948995471666565,1.072327250079645,0.878760610708822,0.7115628517900516,-0.8690940088675805,0.08167595157182213,-0.9325014763039184,-0.5118209183366161,-1.402119050736475,-0.6162957636669052,0.40428893262297216,1.0383741906114399,1.0971767673408768,1.046000450270154,-1.0191287629982357,0.511723510838633,0.09429445915900486,1.2043643334404526,0,0.10721306450488674
-0.07938576457711266,-0.39949560551096014,-0.5179589113392906,0.5061157722485202,0.772946210492315,1.2883634566495221,-0.016119599830262007,0.1717093378004776,0.9897334927093226,0.5093931681052282,0.07528994473210661,0.04617549854521473,0.7271956442198729,-0.3298180478345456,0.22775057955821854,-0.4728890032181263,1.1125361644932068,0.7243981496885816,-1.9480985396660506,-0.5770811369435465,0,0.0008238060748106504
-1.6717116194875872,-0.7682850215798642,-0.9782151895234554,0.5083818939621464,-1.7901899440689393,-1.4480720438705557,-1.94110303164955,-1.5573365274315336,-2.565543879124427,-1.3052015196356541,-0.6086894150202099,-0.45074587903658647,-0.2869248212049389,-0.6699022161676547,-1.1198727752735056,0.5179856447560988,-0.029700478091149753,-0.45628048296144696,0.7512131842382753,0.5760238161961118,0,0.01700804524222121
0.518112512515833,1.381863753824617,-1.1644051807408318,0.13474001867903565,-0.26455025550129396,-0.5017524381826758,-0.5989523737967861,0.9038148000904105,0.7380366893635113,2.0961301260375476,0.21601529558424218,0.6005919829186676,0.3558045389740613,-1.5069301447366643,-2.8905000809238497,-1.4026018956324415,-1.0882623056292937,-0.8687053495807741,0.8875333947574245,-0.1862482157447783,0,0.21296973592563173
1.3806042280352002,1.7100311652359244,-0.5897255744427377,-0.5579814061467387,-0.7407706254694346,0.37486682418128003,-0.26100421822305886,-0.6980484307005925,-2.1200291936967757,-2.10138113605633,0.3703145370949095,-0.35507528003268796,-0.8508951190664639,0.30352904207936177,0.5277153892543933,1.1130032550347813,0.4631514104589676,0.46801531583806616,0.14513632809650123,0.10419479910873722,0,0.01649779982903164
1.4106582680123778,0.08243002120183693,-0.08767264927343814,-0.6441715224128189,1.0080943095500492,2.0299291407253404,1.2910669429751098,-0.7943939747976625,-0.23107541092709835,0.7649938448843443,0.873713807822014,1.1429834302599906,1.8837277591971398,0.3126151740636196,0.5234195382910642,-0.8134084161392106,0.21162546274594812,0.010233546524144085,-0.04432135644319129,0.5351645139557721,0,0.004348312154347074
0.40540684832405777,1.3421007017621749,0.09258609507992006,-0.2821273455839237,-0.48353615807200145,-1.8320662700869614,0.2935636844011039,1.6549739851455059,0.316909533709016,1.542002369605596,0.21926360109298085,0.21092765262488317,-0.5092057855647659,0.4637497117928721,-0.16865226499329233,0.9524944509205201,0.12870908654307112,1.0947458249396462,-2.1657819752183225,-1.426029713978113,0,0.020978562020430566
0.43743985517335515,1.9923181555986564,-0.5478734546102743,-1.0171230749825122,-0.6208390591051398,0.7426765370590117,0.3376075018585522,0.1657712314522554,0.1571534890665596,0.5589264338398694,0.2802116291185928,2.5133684768969933,1.2003255060179348,0.37772460158359,-0.48424367775975646,0.8187726361076089,-0.2012583921657346,0.4771307625971334,-0.9996634466114712,0.5722117337494734,0,0.0013011073766047332
-1.0710965463359612,-0.07353622540786796,0.9550471791380167,1.3890193248675473,0.739135213277598,-0.9266442445575295,-0.4058930911179694,0.7420584007882642,0.631439297018876,0.3069956036504095,-0.9348360004126578,1.3166597112259386,1.2533740571563128,-0.47232447305320047,-0.07340375007916186,-0.6130058542950795,-0.3647776818247655,0.4803157094027196,0.040575223254014345,-0.11199117028649258,0,0.03990891874235066
0.8373654701579579,0.5838833627036495,0.9768444870438191,0.8539730459218806,0.9707676890187164,1.314736535403317,-0.11212343866066068,1.893360034710687,1.0871639770936767,0.08337770856023433,-0.49286464504430827,-0.46899724300433115,-0.5803017142584579,-0.6713898604701699,0.2910853951748563,-0.3118912729451466,-0.41991773469212235,-0.3456283326801045,1.3813080611997395,2.117222345236785,0,0.08467377292752165
-2.194415865086935,-0.15558335498013642,-0.15639184431333822,-0.31635902900793533,-1.666084233713544,-0.8081897121348536,-0.5400915235600808,0.5036288483328155,0.31931093080651934,-0.36931936829683937,-0.9985177398952718,-0.1100628677944467,0.04021584639841471,-1.8805473550354217,-0.9146383677093445,-1.3172363234265545,-1.0435113177525608,-0.5305413797155065,-1.370357378061163,-0.12254416266140758,0,0.08499691069840878
1.9278482640233385,0.04608371684427326,-0.10236569271838711,-0.04005678785807487,-0.0675499092179433,0.1421949460851925,-0.20553858046388004,1.070363494043383,-1.9476720829178615,-0.7534905234712089,-0.4850748292936548,-0.7875571597769047,-1.5002051822439062,-0.6968335438894661,-0.2505200435704539,0.1617557103758794,-0.10201067897489367,0.32996455084247284,1.7514391972222876,0.6044172226910725,0,0.050879255354460154
-0.6933493545763,-0.8374158114613987,-0.8129454878629733,-0.48348493561773065,1.4981643135482463,1.705968878354996,2.302947061860615,0.32720069804498425,1.1176296208867513,0.6542077930454611,1.725122350533233,0.37734721161313917,1.4540068907822326,0.9548453318604403,1.5967415201360358,0.32171155271468305,0.3803772072907647,0.3282480299972393,-1.2944335476307935,0.08320980923467752,0,3.921389065444234e-05
-0.7310657597138718,-0.6051282584887755,-0.5286567075408036,1.3981442303080642,0.6909747441519194,0.46863335904390857,-0.7341724051480233,-0.22264418923628426,-0.5391347943864949,-2.564831817302137,-0.7839465507397565,0.39039233734040035,0.6251828450221302,-1.3715410408648476,-1.5772512720717247,-0.9122837032969697,-0.6214282075342786,-0.19154876246705332,-0.044197114367298077,0.5687827889761619,0,0.0021486504021125323
0.7246552463731083,0.47064707323120875,0.48043001620822323,0.5678669868360449,-0.7944150599912687,-0.11103575852505634,-0.15208190027894075,0.32586029594250054,-1.8748665015813446,0.7391355945849863,-0.39368903641353115,-1.1906323349378487,-0.0984450384430292,0.8621940001517722,-0.0971511190623864,0.9677541891014809,0.8602167435302926,0.5462625648087671,-0.6623136885206106,-2.2308749869337454,0,0.06339705881640859
0.1054758857682601,-0.5103969630461038,-0.08199236574238078,0.3681126403462339,-0.2601321300521739,0.0349711430693637,0.7199132968978442,2.168183193959355,0.8931961391707718,0.11258830520750426,-0.4612727390198138,-0.7783576827167652,-1.2892763093401642,-0.7729930573204785,-0.5279930928788718,-0.38026738909271024,0.3700983296734264,0.5084680492510868,1.2551787748942986,-0.7319886010488648,0,0.1592837100314121
-1.4726645989997866,-0.43620156187176073,-0.36743904305674335,0.9331025380927388,-0.6167409524336686,0.13136525501856192,1.0902455298395082,0.31324036393055293,0.4869388839864918,-0.4568689412702923,0.7974132670514978,1.4830690582888997,-0.2512131551183867,1.090420120871106,0.7581212681612548,0.9825707807484246,-0.5565555322946494,-0.044315823327751205,-0.7445979945349833,0.7899849518934421,0,0.016812099773153105
1.1667700220539228,-0.17939941395634337,-0.2179468941467322,0.9493227287911303,0.11534825284804459,-0.8125343280300954,-1.3620233754016888,0.5048355934550725,0.6692455941420942,0.13392667590037585,-1.0571975604157744,-1.4292507873848224,-1.8382500432257933,-1.4830012074763614,-0.3858411065877537,0.43784204741503674,-0.8594224787251884,-0.9222460428153432,0.3326203019656624,1.4850777842420533,0,0.1351337881571873
1.3265122208493014,0.8158982240807295,0.6034350903372934,-0.0372433993314756,0.12989237915421364,-0.4370210570534471,-1.1312789355809234,-0.650985571519533,-0.9536882564862131,0.8225816058226288,1.736759273631306,0.9002067135037578,0.5964334379200003,0.07233504507696603,0.47132140666073125,0.02836971882505347,-0.38557688084320973,0.5168428117119288,-0.15465575815162505,0.12250251949391525,0,0.005173409928349065
-0.3113057935361053,0.046220801991840456,1.186001783615833,0.3826665645547127,-1.3003394498437193,0.35042170488985047,0.46341927615923906,-0.21655461772678064,0.42905687130486336,1.3580740714315953,-0.05265337994481442,-0.07481508435179864,-0.2609801999070713,-0.27689856498554793,0.6387890704064905,1.3658361960318723,0.33595664418679977,1.1228908649004363,0.46151408687833056,0.5523057708158431,0,0.1610111294649552
-2.697558623322456,-1.5841751126781516,-0.7517370783160918,-0.10867686612309607,0.2307054266910539,1.1410625017200342,0.9023884930589752,1.150980249896363,1.4642965154735326,2.4839036676413553,0.5053355032540133,0.651656260271363,-1.076933248454505,-1.5150395940228853,-2.229429366164739,-2.5642517687954403,-1.4393190495561767,-1.0068366037246352,-0.9487129629550889,-1.1149197388722305,1,0.8458842494719353
-0.8393661091092484,1.0255450231346492,1.3232888337696618,2.249505654791812,1.7266137400549535,0.22398502677823862,0.6970377219936824,0.7201490487162012,0.9362348821717943,0.6049890036266377,0.6331142813939508,-1.6026062767375837,-2.2490083950270203,-1.0254817282054356,0.45591719691221094,0.005562454749209943,0.37840110389995774,1.3608263729404892,0.4884858691324839,0.9983032836813522,1,0.7036730761970917
0.5354190331133794,-0.15595795244028354,-0.15374279649050004,-0.5303896003891573,-1.0360812198752236,-0.2643062350166792,0.11783302122752431,-0.8586982639088735,0.8006914879550028,1.2937395057484387,0.6462953605617595,-1.3013215465697463,-0.9823577421300934,-0.10642455319792514,-0.42860050045443526,-1.000103511510596,-0.8830914787758761,-1.877655317356816,-1.051465529393547,-0.8028903520074936,1,0.9370748172832779
-0.39445632363919225,-0.8443423878226103,-1.2034685302958046,-1.77781684650711,0.7955999270931383,0.7468266758271698,-0.21636883444182767,0.045215362722995193,-1.02368662749329,-1.0088329090999284,-1.1620960563897043,-2.1250342535188826,-0.8135375999177819,0.3168672276622689,-0.7979106626297865,-0.630216417544972,-0.20329099833528885,-0.6738908475457771,-0.5644492485357617,-1.1129974672940457,0,0.10286486311125083
-0.20746504801749663,0.732780390752724,-0.7034273429532276,-0.04203729182423488,-0.004147920260832631,1.1684718577719049,0.7171932623303784,0.2669792539294057,0.8486117276182283,-0.034030937167325734,0.11971425396288807,1.1450903266801924,1.4767773309624403,1.3047495114930987,0.7122967687211168,-0.4525733889883183,-0.9377603418824111,-1.8455215206957452,-1.7273608164336869,-0.5017140542865813,0,0.31449588433718084
-1.6457428825569294,-0.345739436715171,-0.6943263613590872,-1.0423576790563804,-0.7179689027842674,-1.79129705660194,-0.22433094546785526,0.6591826812405045,-0.32260914869539137,0.10868250623499776,-0.37197544096810375,-0.8941484086083464,-0.47886874712037664,0.4516957263459635,-1.6913298669913837,-1.3759909491212616,0.22553469506008542,-1.4984413572431834,-0.5151969154868117,-1.3214510930498444,0,0.1455443779103573
-1.7394974956278086,-1.366626776166256,-0.24827841161424483,0.8243705139660205,-0.12309090007032567,0.5965412152606062,-1.3210327998696385,0.572841030379927,0.8283057170501161,-0.06539533397481537,-0.6146163165901494,-0.40726112974823575,1.2080022782753363,1.194161650354597,-0.29037145111271023,-0.6065346635822515,-0.6109257208610843,-0.07555079165427708,0.19470526813769576,0.21648053689391483,0,0.026538168264824087
0.22918930091759707,0.8632374426202718,1.7034098583368742,0.5444586126026212,0.40243752788279813,-1.8549024576362891,-0.7637840850005501,-1.2039930752656567,0.15624637289401203,-0.6175722701137398,-1.5776726150878666,-0.8573589924659342,-0.4823053655635332,-0.1675464748705306,-0.13568702951593728,0.40025159488093554,-0.06536884742415877,-1.5625319890591576,-0.8712256314232898,-2.6510988190044094,0,0.6379567354599395
-0.5913493347579195,0.4977822887496926,0.34647722201969344,0.07115072402920478,1.1393945673079715,-0.04504547199617162,-0.04453793301000425,-0.9602878522712324,1.5224627214518842,1.4603253507372873,1.6854828762633913,0.8883163902218342,0.15384008461331541,-0.7898026227879743,1.110287321963935,1.4279661936527492,2.0663169170346363,2.586388397329772,1.3056557884406088,-0.5161874256462827,0,0.06316604728124564
-0.670086199457573,0.9992282624637808,1.4972336661772032,-0.4808877173243696,-0.8860620420112354,-1.4605178106109866,0.2500348564334239,1.9530159543440144,0.7485976703936559,1.1528947432983139,1.0307202228436432,1.093689702692054,1.1578837265040176,-0.15428548171137735,-0.8281658268097467,-0.25558353743516077,0.3047575023002576,0.639885533247903,1.1603771533609297,0.7034199316006593,1,0.06292938959878346
-1.325976937831861,0.10322893086288575,-1.4854092648677455,-1.4840262566049178,-1.3012833741516587,-0.6878368573507858,0.5566606694620772,-0.4929902175224462,-1.4153019476525217,-1.58448933252212,0.037481213675392484,-0.40779504722452103,0.575462956464004,2.1180724927808967,1.1353376804785313,0.6134497439009293,-0.41071812938476204,-0.2234304613592447,0.1353337834887404,0.6383949625808877,0,0.010292357753019935
-1.550647810717068,-0.5150382577652786,0.8633094877490256,0.1132579127211824,-0.28145952837617355,-1.3163426183767069,-1.8102931968202225,0.2460667749294931,0.21604963439518818,-0.6914238892342762,-1.9433541279293138,-0.9063541977627758,-1.087420254371881,-2.0761166315939557,-0.6518358084939139,0.29228975653816475,0.8505566278867513,-0.6868618228272364,-0.41350521823128833,-0.5086495456616218,0,0.13537114025611827
-0.468649168075813,0.6421391274375194,0.9791195792157424,0.4943853798733973,0.47743533108736746,-1.0302130243657177,-0.0017576615301552,0.3601557621329865,0.8193557371461299,-1.0719307933803237,-1.3764791239780114,-0.7036982031640153,-0.9166239078864696,-2.696398484477038,-1.3027485745314307,-1.68174242384287,-1.1407363333787688,-0.6297169213547456,-0.16271614189298644,0.3324659550417998,1,0.08270835708521342
