X1,X2,X3,X4,X5,X6,X7,X8,X9,X10,X11,X12,X13,X14,X15,X16,X17,X18,X19,X20,y,p_i
-1.9894855884880223,-0.38406015431299717,-0.666144001970054,-0.6893575805824765,0.1669804679776615,-0.6705814709255691,-1.577892057240826,1.687346439596898,0.6292943556722422,-0.576126110958627,-0.6141169462818226,0.6949230824951337,0.24250953666685518,0.2643780830281643,1.3095732144576897,-0.22127831966113126,1.5135562168939303,1.0370313864476537,-1.255079996608079,-0.4543970226195237,1,0.14954756781549297
-1.2732219711216908,0.4645497373371451,1.3322671198718974,1.6469112179532013,-0.3140763843559437,-2.5836769819368177,-1.2307944219955254,0.29425392607114403,-0.575994532138738,3.1185599822932017,1.0990557977541016,1.5546275680583856,-0.8874127702884549,-0.3474413709484711,0.43064493805662263,0.14152898672309785,-0.6175781835129271,0.020666238034806675,1.6160098028910923,2.1235842779538663,0,0.040056376964333305
0.4488756035474495,-0.15281638082905558,-1.5172257742454478,1.0880334636584326,-1.0582255978915953,1.252875917228604,-1.375738102602889,-0.04566393760710907,0.12677925397200196,-1.1162201278767252,-0.7281645914905256,1.2081617857219054,0.7364508891881102,0.9425757353582388,-0.16727683593733889,-0.8142848503575606,0.573258311653489,-1.092282306772828,1.8441737280150436,0.4013425383867722,0,0.29626523962769813
-0.8330707095483485,-1.4789506285566953,1.4842210107712817,-2.187549315358668,-1.1719192331988584,0.33237003020053374,0.8142263949501175,1.8213298596287206,-1.997418342676559,-1.630745857201492,-0.385370459642863,0.6675029921240517,0.9237974686971053,0.6385730259834725,1.1896058225736617,-0.32826876515775405,0.3256509944369743,0.7745144900471606,0.29503340562800723,0.07434352390617856,0,0.018455626018600707
-0.3785135343313669,-0.2647696184340356,0.06813120646331376,0.6185780580181001,-0.41158904135285346,1.297886688664784,0.8545775900843513,1.081954943274012,-1.0874023267731976,-0.9625181768740478,0.31592784080491454,0.05238263529565295,-0.7310176059216782,1.2198812302440747,-0.038442398727710804,1.2328727826868804,-1.2882500702208484,1.3692997317538755,-1.0400636791571236,-0.11355411749995878,0,0.0024545101270192567
-0.3158241451143337,-0.9737110868267017,-0.9654896773826174,-0.3854156208138503,-2.4159659390261914,-2.463035821551011,-0.13559675580544356,-0.1011550344913207,-0.30403525397334363,1.152832075021311,1.2828243934421633,0.7243445023254733,-0.16716299876046742,-1.653789159496835,0.5147485404934599,-0.7119950142446638,-0.6696152379901457,2.0204641065596762,-0.6798602994892267,-1.316942706162542,0,0.012649906546970352
1.128402405636272,0.4465808036054662,-1.5178373197629165,0.6228426802197498,-1.0465652291540122,-0.9523803219034613,1.2798886815843642,-0.3275867959745167,0.3402159677761443,1.3431335767808263,-0.9705605795391926,-1.3503924407328187,0.619904824339329,-1.8215750917229951,0.829829282235431,0.48191116472640055,0.4631638809753715,-0.1484429391616954,-0.9144730050244614,-1.062759550249933,0,0.04854928955725314
1.426866963193722,0.5317356688910984,0.9215783022417503,0.5687022946369181,-1.4507938303266643,-0.41923791782495246,-0.32078623052191696,-1.1297574300581894,1.0795586249196616,-1.0602898366172386,0.03661792803475805,0.5715650689326037,0.4217196661610434,-1.5172513170536102,-0.7372390310460554,-0.29831441436807593,-1.3700749032259876,-0.1449638602347339,0.35086450923699286,0.4851220378861756,0,0.007250998893087771
-0.5155786365950265,-1.609166093672986,-1.107890837940961,-0.8812846369914094,-1.8510734557618116,-0.6306192867905829,-2.157316144588715,-1.21023608000153,0.010361555137697423,0.8147268311663386,-0.16336943476833307,1.3320511671021447,1.3543489329222602,-0.08509859694006773,-0.4263313573748628,-0.5950659905154757,-0.1513623114791634,-1.6327333562503692,0.5934623113946949,-0.531630542649718,0,0.016721727160940673
-0.5160283337782586,-0.6360004295596658,-1.4984658732187968,-1.153460582944388,-1.2323851204295357,0.6809823599907162,-0.25976666210362676,-0.22196921792108346,-0.5807944831549908,-0.13745468275847433,-0.31305962378975305,0.22843893622658043,2.4622192180929234,-0.9043517852432041,0.597688848132925,1.857649647171692,1.378952960324762,1.433019267656486,0.593726479350009,0.4604995510862769,0,0.0002679737600976373
0.3287651269621565,0.5036428444546687,-0.4683663669705668,1.249027530610442,-0.1550544032874237,0.013761590410456543,-0.7799444983928069,1.5982500708416512,1.2356914730935025,-0.4861820539445642,-1.076353753522309,-0.052858173723096986,0.09141885380560015,1.3634852095693213,0.04929237017909048,-0.7670402727819516,0.8065890410830467,0.4555298846907775,-1.1699673477563726,0.7567338360748056,0,0.004983675680878853
1.019641122014971,0.930885011530326,1.6333192637689968,0.127541542001707,0.3995266877772284,0.09261200395040928,-0.166248157491385,-0.6351064006771339,-1.6188909504677478,0.8468751256143582,1.8014520777735867,-0.1329112691991617,1.7199920651839482,-1.8393354586289263,0.7192939794474161,-0.9578829216115214,0.929873249614618,-0.5658849073925629,-0.24672206819645073,0.9287688298251167,0,0.04051415419843757
-1.2091162218737732,-0.4904212098829459,-1.0136056437033107,-2.341912841145338,0.8331730024825516,1.353244074751743,1.5757806824859018,-1.3666787452980766,0.5439072013358314,0.5553051333423014,-1.3082201117248617,-1.621267316199977,1.837078843210485,-1.1332100992994207,-1.5586710113879827,-0.6408200748081673,0.4307085796756943,0.2958122006680131,0.2598808489663504,1.0981544070794478,0,0.002426281808165441
-1.2833848576769609,-1.1385804329439944,1.1314380846160716,0.8590909604380111,-1.0155641128293607,1.310639321331041,-0.49746928204006824,0.12780628352616707,-0.3438801146000216,1.2068734723579508,1.4351072859020069,0.3507705049894553,0.16441098049127453,1.0241400856448375,1.2702137645512597,-0.06411891032586019,0.6177303902036729,-1.2241575050273343,-0.31375531297988185,0.12807557108704928,0,0.03517396302661565
1.0384297781781187,0.019247354703673263,1.67418601331406,0.948102675839027,-0.7263802824838499,-1.382754882317749,1.2224339342058066,-0.566105945819266,0.8375078030559967,-1.6541148870925586,-1.5252683390305797,-0.2063148240360608,2.1929584433107974,-0.7741066650858953,-2.2022537030025267,-0.34918115464139476,1.7796044910527493,1.0214816793019708,-0.9753165243842189,0.8892162695813525,0,0.0002970753600946016
0.339436897166098,-0.49288702253610495,-0.6463691879025838,0.20905549749410082,-0.7079997017117488,-0.3011994850394215,0.3099996132996215,0.3992596443464844,0.1354675999855021,-0.4741780075684385,-0.1394091216750212,0.4594334579761181,0.7817899818764046,-0.16148431627024307,0.10019675188247848,0.0068361474447510414,0.5576084194133817,0.8650156343975621,-0.6382814484761565,-0.9054086702003027,0,0.010276651068404254
0.5043886268964599,-0.9639605992625545,1.22098785124217,-0.6876334231219303,-0.09036665842054974,-0.8361393532887971,-0.776865660498529,-1.2209520103098763,0.18925876355312435,0.10685812137588718,-1.5233461370514352,0.6234960573374382,-0.4426516200603781,0.9862131062913277,-1.3925371983660015,0.6841188225517946,1.7819348276638105,-0.5147200702106762,0.1363667163469614,0.4461743722993857,0,0.004532896925215602
0.4486529766187363,-1.5856960936869837,-1.960940660049825,1.9073259282785455,0.21301811649264424,-0.03578196887428056,0.666363655116978,0.875171550757474,-0.49877328118573616,0.9821792237053565,-1.0983341818785108,-0.2379964748872644,-1.1242599554470856,0.3488398494010372,0.9691730362823952,-0.7635511098987672,1.3084479957226753,1.1272597971249392,0.8117596235556069,-1.5564775146011318,0,0.15146942062496355
-0.2780633445346651,-1.350301895999358,-2.1938287573085544,-0.196351410990927,0.26885860465988554,-0.010754707554700975,-0.9818056273834546,1.2221842179299913,-0.8733315860569605,-0.4751349310307156,0.8943598038544686,-0.5970427409784065,-0.7988645713003061,-1.9099183352528826,-0.645963853544976,0.8879496840523265,0.10519947757115272,-1.8979220290342227,-0.6383079255187278,0.35407406750321163,0,0.08266349962560601
-0.6127292546113441,0.9977589511581334,1.2052246985981434,-1.0243084813692815,0.2859851744717171,1.5454136305445982,0.7973680246384667,-2.116777620760133,0.6935055743694936,0.7245924717912823,-1.0597380790435071,1.5741338935859728,-0.5860037735971819,0.5046296145138277,0.32999953287578987,-0.10452673216360801,0.07981131570060654,1.971381417971549,0.36880655683285846,0.6057568196453049,0,0.00482558364503133
-0.401285979684519,-0.7077371571140125,-1.066076571173627,-0.6421222779361857,2.2027289403084076,-0.5038162677655732,-1.1568212956101058,-1.54012894470822,1.1632552023890042,0.9083031609947033,0.6056236966405577,1.8877451081908745,-0.11508163279122273,1.5346394680816746,0.024912221413585334,-0.9340440321615718,-0.728429689112779,-0.4673236031522022,-1.1999313601370483,-0.7475770768747624,0,0.003198107363166508
0.5870150613029126,-0.6753909264019201,2.1927030054550682,1.0654604060471007,1.8267612956913335,-1.9072896225503053,-0.33306276923351297,-0.2689995955166532,0.7693079834510342,-0.12978265109239148,0.1819906880439498,-0.6227284613066233,-1.312955120476788,0.5355194616674217,0.2598786461056751,2.2378872730583423,0.960341847946354,-0.6130183210788765,-0.6530706517145509,-1.0373133509355117,0,0.20920803730420715
0.42343117800476693,-0.1275766353071846,1.2955157445898768,-0.7499030385101199,-2.366016338878725,0.4661997683868024,0.2909179361776147,0.07263853008453022,-0.23759070884667186,0.5426175604708414,0.7356395508108717,-0.24458739564290946,0.4220205075022797,-0.16366365239828837,1.2075591879867977,1.4554515215034793,0.2480278231949241,-0.5873169922391547,-1.0569007939541992,0.7346236830070607,0,0.03236653154396338
0.4366185443211769,-0.15112539174970685,-0.7787938771058603,0.6048861133009358,-0.7777900105699351,-1.2716626934306157,1.0205888869799793,-1.3506450525855498,1.1296771149108056,-1.011770890063465,-0.11668891608262365,-0.1001729397280767,-0.5611385057485903,-1.307671459145138,0.2243415772455191,0.5162810548813482,-0.4127500345568102,1.3055677978024482,-0.9383169430255187,1.002013784287761,0,0.0038389634233748767
0.839650036707105,0.0482238375862708,-0.771678837186221,0.9820780001749895,0.06685325623064894,0.5995419768429265,-0.6362625484435354,0.157822322483808,-0.3581275794292289,0.2552393696219248,-0.9444046573779351,0.31831314488799767,-0.47897646739187466,1.832771288398067,-0.4585580692124303,-0.20027894041623961,-0.3313245406506537,-0.9277040271155401,-0.5701247302157381,-0.025374773313213573,0,0.016781177168119464
0.1251585647136882,-0.5502157364565515,0.6133472667713429,-0.6435281805236287,0.4798392624496943,1.0110309758938225,1.1899162070166622,-0.7750711033426085,-0.9022993251895474,-1.2883672141142481,0.014112839119538374,-1.0799956326417262,0.2558045094752639,2.0574199497949563,1.0766525042338193,0.3390888991350417,0.012063104261836528,-1.0534058893493952,0.6779015627254402,0.08726295562730069,0,0.0016106805736498656
-0.09416241523280285,-0.24664995588229358,0.6029282118846727,1.4054804897987496,0.6601616554940057,0.04780925641526403,-0.4485896701516125,0.21538074958105646,-0.47892287426790486,0.6581295548464633,-0.2974563255256542,1.1051207458054535,-0.7387820233872867,-0.2610429118684286,-0.49561241880705625,-1.2190863809039183,-1.9744205394942813,-1.103224031075224,0.9869401275608012,0.08730608747505231,0,0.0791192090663094
0.22477451804892967,-1.2099846896545852,1.5972333554725675,-0.3940592352619037,0.6098404388318472,1.5775162883811271,1.4961870417272776,-2.105139318056683,0.030965370550732303,-1.6414839981301874,-0.2682877115243235,-0.7415415678613951,-0.5459730171547302,-1.7959283536685053,-0.7257429010084842,0.6954256365665594,-0.8913986654749848,1.9104357582865639,0.3995991476172592,0.16327848563262956,0,8.035591246970187e-05
-1.2311340619160163,-0.04418443045698371,0.22564135192238127,-0.14561002188774122,0.3761472070809664,0.07650217554448972,1.0840283018157884,-2.1101613777660493,0.947379246091332,-1.2263953692189078,-0.4309740628210489,-1.303956972817903,0.200420141202024,0.39192488953654997,-0.5424803999794207,0.7813670320969405,-0.1319987051579943,-0.2839209854648709,-0.7654652379955439,-1.4086120760684195,0,0.015065918410830586
-1.5789187650008722,-1.7968033721760257,0.41398986694355483,-1.7122306078991756,0.0216735065584836,0.38421198699303605,-0.42710873203493704,0.7848868241107204,1.0617080467166664,-0.23790226852661975,-0.5532119206715846,-0.8304233889732621,0.26238680935265335,-0.6892609678022551,-1.685380683979327,-0.49414991970113237,-0.20233333034105258,1.020903853871891,1.7642031033904717,-0.719183120410947,0,0.001592362361990153
-0.2379705223458015,0.46322013021106256,-1.3014607520528623,1.470329894656184,-0.3322103843238987,-0.17517047571691083,0.8283876894908392,-1.0032443502549975,-0.0019190903381272636,0.32044595845701623,-0.9353653691484497,-0.19925356799133284,1.5067073339724355,-0.43593855921451136,0.8459432256398715,-1.7924062370007,0.3427744200958372,-1.727823403701788,0.5080189031741438,0.7131725393966654,0,0.06457003860481861
0.6037873271364405,1.1969287411220366,0.23840471725547357,0.7143692740522336,-0.9432496138697948,-0.4934820287174624,-1.732245846776279,0.10539033351955492,1.1935505989794077,-0.4877576016478985,-0.7844266689968745,0.8885345820433175,0.993301165993511,-0.03848275338232283,1.2961882519062318,-0.0908068535042152,1.3614913514543794,0.7660155840279174,0.4988808818352835,0.5145645090186947,0,0.08258192518266828
-0.5706633790662344,-0.9657124836195337,-1.3405124721132315,0.45968485213878824,0.924178270791341,-0.9111686505892818,0.20731062017322416,1.3874707226219287,-0.0029060048649566248,1.2622364606570613,0.1584179196400657,-1.8190346165450513,-0.8804238625488736,-0.3670193593787504,0.03643637941758269,1.1681355525196966,2.6612819705518813,-0.051002482931184014,0.18181826412538526,-0.07408138698460814,0,0.015514196006538163
1.6353779513298312,1.654675548620669,0.10555727798845263,0.0829383212025933,0.12683341757181882,1.3907358581810567,1.1076412427776698,0.135274432877049,-0.014857173772819521,-0.30445372500492834,-0.23896046547800245,-0.3023286818291233,0.0029188777647477407,0.3613103103267155,-0.2542992305089624,-2.53603425692333,-0.6447607190560829,-0.2871595095562497,-0.8022498923311417,0.5032224626372944,0,0.0006030536585147612
0.32457617803461647,1.6793018551936225,0.05918562480246943,-0.46742111224170685,-0.27665928383057886,-0.40555556334504844,1.1615054174392279,0.5706424612526394,1.3334734217916118,0.8476230364351478,0.9537586491978972,-0.5444564220640692,-0.8231153379949991,0.13703696505642543,0.3839963161545907,0.6615570768030592,0.9210505008116722,0.3200671183189052,0.11049450765522291,-0.021458803243587964,0,0.0025146148479199947
-0.5633108704159442,-0.23578254390963416,0.7059963111824793,-0.5105260516810479,0.879347750980154,1.3683192244292832,-0.5153325978557044,0.781643015444371,-0.1502601830349406,0.20861928404406446,-0.5875243526144425,-1.5197527808039162,0.6462243254998411,-0.42836125576749706,-1.8239136992940266,-0.05511472343594192,-0.3340991935782327,-0.06467815185110298,1.0505394974335784,-1.108051308058277,0,0.006923827543146131
1.372569057749899,0.6794661524933516,0.6805836831205087,-0.5079542615492614,1.4760546769196465,-2.01980805547645,-1.1832712968094754,0.9207982458944453,-0.1183810780977615,-1.2975037263287217,-0.7211951023429738,-0.8959322137973931,1.7667764597716036,-0.2011360783247857,0.266695496034787,0.38486398590883947,-2.3083013276037807,-1.4726105465732906,2.2690684262315157,-0.17783982837420287,0,0.0007009576236465657
-0.4628290670636074,-0.517955044804215,-0.26913418699244385,0.4914712324141674,-1.8326433623559877,0.08037760619358121,-0.7291857137600297,0.5921562674258436,-0.4283304552584682,0.14951443960483762,-0.12313776487447797,-0.310767219642414,0.28869694884862684,-0.48135708552182543,2.230568466713238,-0.8581694818560149,-1.1210989745647681,1.0270291833779563,-0.1417249824901611,1.1495474868692714,0,0.27501821882562755
0.36095414297786543,0.8277977120329874,-0.0748955945718271,1.3270647660297654,0.6747694901557306,1.7907341936999024,-2.572900091056779,-0.41429334847101706,-0.3109824473184121,0.1119883767157553,0.32816844084785546,-0.22005318926946832,0.899381779242218,2.34379496086637,-1.5389976173044086,-0.5753202446462408,0.6353427267476774,-0.14738162152175094,-1.1242558451162705,-0.22041283173147277,0,0.0036993986052850703
-1.1044941772755226,1.5709918320947014,-0.42479077938521687,-0.13882091189288762,1.0393170886660408,0.9303334217423841,-1.7939323743440478,0.5137059023992275,0.24777424545745913,-0.29129770674692224,0.7711696773212937,-0.8474882798573249,0.8059171677478638,0.3466565192748749,-0.538722513635511,0.008130124147823905,-1.2361849200939623,0.7942723653065755,-1.6603049289318161,2.5519592427466646,0,0.0022749967190543673
-0.6755179990070815,-0.22748478641211664,-0.43514045602794366,-0.7770705312345072,-0.9826618943018807,0.12536180709733485,1.3989618144005582,0.11237942941020629,0.1392321099866493,-1.2907288056261867,0.14168819950209974,-0.692119656051596,2.214814129554634,-0.19290085783632008,1.6418120122540165,-1.0398846657808039,-0.9815224201827963,1.9837951305467696,-0.9886534761259442,1.1498797771709064,1,0.6730328228441932
-1.3518263450139147,-2.273027819883766,-0.4147612528516159,2.0533587986127224,-0.20091136469047507,1.984248558621268,0.4680495514263708,-0.1894294179190999,1.6287159708229044,0.6098486318767166,-0.3244023579350177,1.5490027041453378,0.09735538851310163,0.7128028734664095,0.4325478614277963,-1.2438888566163937,-0.6568344376228431,2.8631726831823445,0.8133210128190385,1.7404934311882334,1,0.28157970950520606
0.6448798461046004,-0.24390707178646356,-0.531768477569854,1.0467872234371063,0.5368093352115331,-0.836731176038269,0.8389437392299229,-1.6590467319078703,0.055491840302037646,-0.5869276601723038,-0.6645469143453839,-0.8155378147565661,-0.22982079583016102,0.8338759547952307,1.0752056961147645,-1.1908983869032064,-0.12683857062016635,1.2662773483529506,-0.9734775793493035,-0.8373602727813438,0,0.023980732534609455
-1.8528152225481096,1.3002352312398655,0.4517457711837609,1.1003354155104452,-0.2766072013760024,0.3935241517023798,-0.30631540516709965,-0.7695393764568413,-2.235019965976222,0.3724628869137373,0.344062436437578,0.5842914541794034,0.48917856712432406,-1.4234338513769875,-1.544500727500081,2.051970126421036,0.040087003727580554,0.5399306866788681,1.1826262029920047,0.7079677290724241,0,0.002325253521479175
-0.4355451919776144,0.22474972199387702,2.545966692186086,0.6042166468023783,0.22128388266439922,0.8233212552095266,-0.16229085675722266,-0.3513735700712545,0.0016224757528864437,-0.4682136527204614,1.3713145818041113,-2.505866274129153,-2.050677524712882,-0.48322368494863605,-0.25129747719466394,0.5464295751545318,0.8951889851929925,-0.34228189005087684,-0.9096792274705628,-0.42576739601141994,0,0.011598200911083281
-1.384142424192325,-0.3007730356595195,-0.743445182844354,-0.3258516468484912,-0.8692631910383938,-1.0682936370394922,-0.5308193174319875,-0.6718880152688422,0.3867499353967264,2.220717637066404,0.6326879084843148,-1.0355809807726395,-0.1555169159548333,0.6846792952696586,1.1910139119525216,1.322726444565954,1.2157185857707795,0.3717936817824339,-1.0171187137364825,-1.1004772124278388,0,0.06628427832025059
0.33405402646856147,0.3712880550954393,0.3184223332500615,-1.5970229685596498,-0.792669449076907,1.1334133033546718,-1.543705202807734,-0.06497355113932603,0.38040399474726494,-1.5250861948585952,-1.0502954962871662,-0.1775177964323077,-0.18532987173878138,-0.8104152180546362,0.6941862276385923,1.7551213122640823,0.03573406329689125,-1.7497438457023953,-1.8590851283790788,-0.06688707441198445,0,0.1784286874604279
-0.5443212364007496,-0.6657746661948455,0.5097895753827846,-0.7040175008912786,0.7317707944799661,-0.7122550657580137,0.5822597599363837,-0.9619048051271821,1.3783074346492101,-0.737849316038112,0.036348428005223296,-1.2888966919085039,0.005458708099885695,-1.8966967468485179,-0.19437874593456467,-0.7409133389978141,0.4800367961742337,-0.3810028923705129,-0.30027895643475194,1.3010390436689303,0,0.006967558930478884
-0.11844781015044974,0.7227034894293735,-0.5952357866988602,0.12281018927997057,0.944203508826711,-0.2940026309277186,-0.6588743145383034,-0.5563339809384675,-0.2917864426151832,-0.27679774927685713,0.7994715840906543,-0.22959354469741167,-0.8323650043233336,0.40148842774515375,-0.02835982173639815,-0.28237944863434145,-0.4912328201166126,-1.347403352105632,0.8257881112582572,-0.39764940608088056,0,0.010582054020704914
-1.6549016753231167,1.0295034129391665,-1.8371286845498846,-0.0494955691562547,-0.9133361680890872,0.14029297898941195,0.26056857633045816,-0.18093145964732357,0.6508503669586316,-0.040255479851399,1.3735912536098005,-0.6891406662592366,-0.18495923815905754,2.5178602467109203,-2.3467343195064347,-0.2893056232292972,-0.6276915552363653,-0.23579163438143666,-0.9590469858367378,-0.8881036313324309,0,0.000895995656691045
-0.3484101015682451,0.6848528548964476,0.7710172783094925,0.15471401264471377,0.03057587626478255,-0.06543839494499941,0.6811836826839762,-1.069150387048001,-0.508998952816801,-0.4106193724629113,1.563430863816067,1.223027129962528,-0.10903830019929497,-0.6071835123655247,0.4561389464597582,3.564295574545605,0.35032464544842856,0.16763922824327407,0.6736126805453734,1.2584081997788428,0,8.415524114817826e-05
0.549058278370355,1.5061149484263414,-0.28085853087408724,0.20121264967186178,-0.19007196370597068,0.5214607549916743,-0.9130949365599985,-0.9488851488537944,0.6369833273111268,-0.11344271948196939,-1.1239158832857312,-1.0550723996391385,0.22564459663331213,-1.0183646950118594,0.19976067646432502,-1.6253924514819553,-1.2819995172917193,-0.23986396034356552,0.21115959347818966,0.18168715801683874,0,0.016425182447085896
-0.7583921262608863,1.5290976228860067,0.41880381223836866,-1.1256937475404927,0.4280979769525352,-3.1335695460628306,1.58799015676906,1.6615616520280758,-1.1256569769678089,-0.7008368518848178,0.4029024407359713,0.9304922551447266,0.29265494643487283,0.09090007281594809,0.10783816057872478,0.4691147132025392,1.2658253505350938,0.2515720057530436,2.137486246870276,-0.7316946931288743,0,0.00044634281699945525
-0.9517614669750671,0.3926346079563908,-1.2104540399153274,-0.9932369434109086,0.10129076049060645,-0.06427429819801266,1.5370588256537152,1.0871211884944443,0.021244217172628907,0.12581253581647425,-2.3809132004734015,1.7798331969891792,-0.05390151220670471,0.35969840889554705,-1.1728694340761074,0.6950561062752946,0.946059514430337,0.89806506353317,0.959135876688403,0.7554811319695771,0,0.0002389070644368735
0.1524398779004923,-0.2784909477915457,1.0997130762112544,0.26344266638276126,0.23659385147617368,-0.998697406573268,1.0919496372026534,0.5021459156743019,-0.8033506928844005,-1.0223783556756585,-0.12793035603048072,-1.5155118218187997,1.140395569992508,-0.6306380008577691,-0.925841170325331,-1.3535040261303524,-0.1292261227913711,1.608555441298225,-0.24876734530283529,-0.5914664054967599,0,0.0023172568911799586
0.43903237960037683,-0.8772226657322651,-1.945487847121015,1.5565459624011901,-0.16325886085508612,-0.18687711750060276,0.3684961873554096,-0.7806804031282454,1.3245727370710083,-1.0777023017590934,1.078381256129374,-1.819596383885544,2.5488307261639864,-1.452207395231211,0.8866378623325719,-0.2640129612932256,0.6076937740168913,-0.5075528905841952,0.34891528169557956,-1.174252436378336,0,0.1895095555378632
0.22528121125314418,-2.2710669359148214,-1.2427434131026984,-0.05888122190047275,0.857872026147009,-0.07140109121592386,-1.2895380377650911,0.9520881363391099,-0.31110195419482656,-0.4833053852877393,-0.7135862197824303,0.47897740543438244,0.6380586519041062,-1.6377840202438618,-0.23407702176020057,0.9222113053164708,-0.3318603816193414,-0.7949281983601622,-1.9806709746384423,0.43768904305126194,0,0.1491025360659639
0.4175096160044963,1.6555651266100944,1.0257929234737106,1.060985041604985,-0.6379392329504561,0.690067742042066,0.17555145623278173,-1.696301070270045,0.6044899492569903,1.7426074961890712,0.5123920480808201,0.8086257354688378,-1.5822742050030372,-0.06405139916541683,-0.6544125271606828,0.36317510677244264,0.10286941101441958,-0.12945352168279686,0.6961666351807982,-0.003646898617791267,0,0.009468281563996551
1.647512660767018,0.44439143142754856,-1.5006179119388707,0.09454430460122212,0.43857832319087725,-1.1792098264193493,1.032738833718139,1.2421122959213007,0.4885186899430813,0.45899385664460113,0.3576061377097067,-0.07640524868157245,-1.3503129696644687,-0.07351931774348233,0.9242179072152351,0.3594834057048531,0.7344680838860699,1.3082095707895411,0.32890679059193517,0.8531325701159231,0,0.00467970164961858
-0.9621369983239043,1.8635289453846817,-0.7602787412171952,0.9483639236430637,-1.8225486449196122,1.1622104199304961,-0.9435165536259317,1.8983160768792051,0.39863589238245595,1.140518171066228,-0.04218556247765873,-1.007679154359477,-1.2505030003714301,-0.2143234673389139,0.34669570783584513,0.06248498510816844,0.920195582179249,0.8921086257116495,1.4427385141250175,1.7680873184954629,0,0.013820321716172845
1.0542147529667125,0.02634539291922816,-1.958863282919176,0.6638775618744203,1.0263116286619438,-1.260553392418503,0.4135300303637329,0.8570988548979191,1.545258338079756,-2.6911402688781707,0.21866594607500056,0.03435182246224982,1.0515222007902878,-2.059697088037272,-0.8994805506526571,0.16106237974831406,-0.14899555223152106,0.6350959428847645,-0.8424088920395385,0.29504760102667005,0,0.0031612185587871306
0.9631163710529157,-0.2908242120158023,-0.054176154319450144,0.10826087079741635,0.16983331739637744,-0.5815186770272187,0.8310769437182697,0.9260110419773944,0.8289202318502115,-1.122259233458186,-0.34715340516691784,-0.7489915899101983,0.8455138658465855,-0.10034242309747834,1.1691261929205066,0.6446725538039826,-0.10321147073511247,0.42876034487893666,0.5900308395187125,-0.3490692237892013,0,0.006595876840191647
0.025383235548081206,-1.0043845726759182,-0.2943861411183273,-1.2677375488614158,0.8103771623040686,1.687765132716922,0.07562095351215696,1.1584521402945758,0.9197392407786972,-0.5860548656870478,0.03298262520833255,-0.11402441998717255,-0.25400779618021024,0.13548570201801535,-0.011194091868990931,0.817060231159449,-0.24311894188466915,-0.4205155272088592,-2.037306456779458,-0.00811311517318985,0,0.026228619559531104
0.3047320975588497,0.08725982269387843,1.04780751085142,-1.552753756245056,-1.4283663929740602,0.5083569396024595,-0.5166357388910374,0.19041495473091843,1.330633550372783,-0.5124982364116685,-0.5563841671296395,0.21849190575134375,0.14627924677290663,0.8432005675733795,-0.49040098957219896,-0.7622810051940074,-0.1809547370821396,-0.189064149873678,-0.62240230514084,0.8139628138270741,0,0.0016234788067625869
-1.0156461664442002,-0.7747489653562362,0.014838209541426561,-1.3691432274024693,-1.0992113221571624,-0.6795418774020213,0.03334394558139045,0.26212213852394844,1.837027149105279,-0.22462370410813848,-2.0368659585564446,1.098382312150195,0.602345165374284,1.2729114846252199,-0.08297029959158987,1.554859435983129,0.6415892243393216,-0.6634325902543514,-0.94192357758024,0.2993420880464196,0,0.01785863052683351
0.10596412179081288,0.6397032452189365,2.0954372612924796,0.33131623706149527,1.1095760282988913,0.38983228701437217,-2.596435429531056,1.0653352277513084,-1.6419588338857831,-1.5898743258368093,0.8223771841346051,0.4022720302980635,0.4758571653758339,-0.11030493003218024,-0.3642306711965392,1.0005412556241913,-2.38938583730084,0.04205556021765542,-1.2817130093538813,0.5526268584011518,0,0.01493159387526548
-1.2675389238203962,-0.4074097088843394,-0.3549720534341356,-0.02757707025160838,-1.0546780393597506,-0.67988436212148,-0.21793154643923,-1.3657833553094911,0.24024579763754794,2.06522438337991,-0.922304706547231,0.2994874522798498,-0.37327493844473286,-1.0394229658035572,-0.06851187290720975,-1.0120241725561043,-0.9133983320237915,-0.5601538234972039,-0.15804222952044178,-0.328233016538287,0,0.007455245803331303
0.8629622635301375,3.1740584158917717,1.6051252519002561,0.3739362895988685,0.5374340274160202,-0.1618091504220839,1.2116557672641906,-1.0740935945749732,0.5622093466832077,-0.7902927250850375,-0.18117467303187235,-0.3173100365586636,0.36814682049443787,0.7688139072388235,0.019799077799414432,0.545779185799826,0.4315043012975163,2.750562743060751,-1.733481418748367,-0.8652521807503338,0,0.0014280982296054426
0.418176337137277,-0.2669257142629867,-0.17923846010615097,1.1617849070454525,-0.12318510200796058,-0.5918917970574633,1.0866291278618843,1.642676222293848,0.8002354938383767,1.3037642673604164,1.7831428365410025,0.10959853039125293,0.46357211096181333,0.17924296120952393,-0.8058691843979894,-0.6169186327843296,0.14911772576470794,0.6016375349816517,0.1323756959360025,-0.42079944499805927,0,0.011289095476399426
-0.6996186693125886,-0.5413778442534372,0.3625576221744092,-0.7786852693567833,0.06289213044088009,2.596626518876189,-1.2070304200458584,-0.2607389929138026,0.21349423234939244,1.410158005339142,0.41506372624759724,0.6928475916238179,-0.014740433913805053,-0.10270803232574126,0.22672438373291634,-0.43853811385200026,-1.3405791484002743,0.13497428525463503,0.5845797255177534,-1.7380602877115374,0,0.005823772288348277
-1.9020857227341874,-1.9250446624058457,-0.2825164998897576,0.30424636579294667,1.1162903602221206,-0.21654845480879703,0.4865050472020336,-0.3945535466192105,1.3633319366890841,-2.08378870509425,-0.8932450429437828,1.2779112138013935,-0.30664256370306825,-0.03739148669196215,-0.186488515702799,0.07722695122046029,0.8511341402226994,-0.43556477325020115,-1.2034744633621655,-0.4686552284771446,0,0.021944072681284944
-1.3571275751210636,0.2713167702006434,-1.2116366929439915,0.1438311960115765,-0.6632429494159979,0.29458281130115915,2.6819475652013454,-0.004441097471692358,-1.150104976356731,-0.6270486326228883,-1.2270908832306457,1.747667604450135,0.655504979433917,-0.9862526988240204,-0.07888101187601004,0.46851624247491686,-0.37915422351914607,1.418890157766332,0.719342191254443,-0.7803264781286876,0,0.0029066632305944605
0.1569650601513091,0.03874597321305834,-0.8343755694951281,-0.9028482832538496,-0.7484429819704455,-0.007698314438240637,-1.9721261582374146,-0.015742125581364765,0.5243235324092845,-0.13512041515733628,0.22213219110174073,0.2338406300595612,-0.0962378746915555,-0.15036601909201341,-0.3733950500273933,-0.36001258466840813,-1.9236598100327755,-1.5635164013699971,0.7001495429607603,-1.8177477749759177,0,0.0029357621816744573
0.3273779177982856,-0.3379022149933856,-0.5226091342378558,0.16378974711937871,-1.7659072567805927,-1.5720901897405584,1.2123036688329694,-0.3208173611563185,-1.4314846050129035,0.7010551199705073,0.2754604448398217,0.28305181123413287,-0.18609582592127782,-0.17751386791459584,-0.6984161173917137,0.014250320706204527,-1.0063344365525961,2.0210640738478327,-0.14156573723638355,0.23767320518161453,0,0.00029544301717225683
-0.7470366361531413,0.42056532223132903,-1.6231748082952715,0.02635761931069124,-0.32866120772759877,0.2632441006089742,-0.5325604586040922,-0.7303462732183363,0.19167596023925287,2.06762699093303,2.1306824609838277,-1.1288274445909257,1.839773022109048,0.7634056891768831,-1.8648728104212273,-0.11385256898793189,-0.5347793025588087,-0.29207810688040803,1.1762308322032111,-1.485318338317986,0,0.05318839321596263
-0.9496525629214126,-0.6989254325850861,1.2369683742313144,-0.1010995033130645,0.08628611558567859,-0.22842546093458924,1.4879648443281226,-1.2775210981046654,-1.7094649475219694,-1.2685697038605994,0.06272149067813337,-0.9080908609124774,-0.012857314082331841,1.0916239938110734,-0.4876024314213323,-0.8266165698794925,-0.1997578181847906,-2.384235579113987,-1.0947648825752239,1.3751253900447447,0,0.009387230335764432
-0.484815462893506,-1.2653454965700754,-1.2408463177730313,-0.2877436048256601,1.1862873514625114,-0.8740830681562557,-1.3068848997761007,-1.34767090807535,0.1609418279705053,-0.6089285674574094,-0.28325329438911656,-1.6333361098240855,-0.5600789684103097,0.3497888504286776,-0.22177389402621547,-0.10849629870574862,0.8493509156579847,-0.7125137370053073,-0.0821934334895832,2.384384098041033,0,0.009653954616110523
1.481095307354066,-0.6289694341874977,0.028738617948568686,-0.11535700397308776,0.18269028814469043,0.8011488224690055,-0.10493424480238994,-0.617596624148997,1.0994023542572156,-0.266217423164754,-0.9246422561199785,2.541260179074249,-0.6698100283209386,-1.4066838054996864,-0.3858448486143518,0.24707637859134948,-0.5683231002246758,-0.22274670449802686,0.6349967669170407,0.5959646400480225,0,0.002319937380299051
-1.1044960091502944,-0.5578698637202117,0.027514208409758566,0.07028906009157589,-1.1408207531844583,-1.2536885892413088,-0.5145526042487992,-0.03859274194815543,-0.15017141909528714,0.4520077760596072,-1.0236265778230424,1.593584444537657,-2.752584545732383,-0.7465641103988352,0.18415860077519697,0.17460495357384717,0.6910103692014196,-0.4095907199246672,0.7007556077147844,0.32176355267741197,0,0.0023050625772718892
-0.03850270090915038,0.3377217895215843,-0.806217327029005,1.1818992250476192,-1.5538819045849257,0.6240589515954716,-1.2920802886584422,-1.2186210465530432,-0.1212720885511304,-2.273616473958262,-1.3419704076668366,1.3425334357470966,0.35267782884085136,1.626643118436981,-0.5377755340975101,2.4198239770443544,0.25618183477103373,0.4846747154853559,-0.18656604562118664,-0.12530163507657707,0,0.015718714729853634
0.7089492362137219,0.13086559527033553,1.0100437766734751,-0.39688774590607506,2.092876269790092,-1.2937037673153389,-1.0407104867410717,1.1845318296250489,1.529709777525652,-0.14529765654283897,0.07365458148188046,0.17714140983731477,-0.31885375781294456,0.008138544853775196,-1.7187082392166573,-0.7307753602105912,0.3171830590182786,-0.3489874405708332,-0.1339158362756517,1.0122743886904455,0,0.0030290015814487575
-0.6138992921258999,-0.48246427553184135,1.3776413844965736,-1.1391499301916144,-0.7636152465024916,-0.14125736563129332,-0.601399963141625,-1.4923271017861521,-1.1344442283754388,0.36883894761680375,0.6505780887495918,0.955363270715163,0.579297869134374,1.9026905382185033,1.5909372153139751,-0.46408845341178756,-0.2617880767553023,-1.3362246461687852,1.6974424743715895,-0.17863620105466052,0,0.0006502148667423559
1.9921822905338469,-0.46201569210356636,-0.6757846178607829,0.6509995857088945,0.3888262747631734,0.03869057116371902,-0.2985369858143512,0.31153588154272793,1.2402083628860707,0.38295981621759395,-0.8208343719958594,0.19066315478216783,0.09272141830144948,0.7496965951760781,-0.42412492113370825,-1.093320860607434,0.6515403493898042,0.5472259073866941,1.9783984778374186,-0.2794475786133482,0,0.2375531615227103
-0.6999940126787005,0.5326174319202834,-1.6282129238882423,-0.12319233137446782,-0.31271558460968063,0.12148617346776515,0.44595023123104904,-0.13025520633179086,2.313574474488178,1.858019451384268,1.0432199438029885,-1.7703919937438604,0.1201370123360791,-1.2851361974853976,0.10244592150269033,0.7060543703287637,-0.9746820919199091,1.3013381732677674,-1.3101519420547754,0.7295787429040701,0,0.005548931602662863
-0.4606561005016705,-0.24375434616653935,-1.3267288905253958,1.0977574494497595,1.5950815975025996,1.9587615722843856,-0.713284840448513,0.4742883140120081,-1.2343705725050698,0.6013774362205304,0.48647647263118593,-0.15300847413316268,1.3695478952586249,0.22885180242182354,-0.7165990012831204,0.6052670343575981,0.3466923522342901,1.220045082027839,-0.019844755732376037,0.435475886879004,0,0.007809820778972331
-0.9478979490571304,0.22330816475983606,1.120170006139345,-0.6329547920772965,-1.075858988350206,1.730747791825419,1.7027788090279612,-1.0918129097604543,0.6305459852884122,0.8673531011929012,-0.19293359360955006,-0.6169041710145108,-0.6311895692901391,-0.2513364165262584,0.8403196163502401,0.4237027540049612,0.1190189736023823,1.3104634533271975,-0.24165452960819905,-0.2907664622101014,0,0.006911565817838787
2.1247840267160774,0.036979083853875064,-0.4871472862428326,-0.7056272202513932,0.07155686112843944,0.39810592879106405,0.8351620144930265,-1.7110471895762893,0.11276982167614769,-0.1744196287826373,0.09166578049592054,1.011784530813296,0.9009060434690477,1.4778889499148846,-1.440361643873293,-0.5575052181390927,-0.016015244580289942,-0.20326935919562336,-0.3386108877487579,-0.3050397453794656,0,0.002007712096818414
-1.0774702228060153,-3.3905163403997705,-0.36419175679474264,0.27659469277306264,-1.1709043442033489,0.9542976576826327,0.237080691114848,-0.47038266732842704,-0.3590257853304022,-0.012407159367665538,0.6709521181021891,0.36541063789364503,-0.38533109639006524,5.064037859942662e-06,0.6707970363263492,0.45571315680433566,-0.32375809080866885,0.706682138963605,1.3940538542321057,-0.8155819315742541,0,0.0030630701980611285
0.8756197070936184,0.07581101279586962,0.4173417088930832,0.3201128518383567,-0.8092020972325373,0.25398919474733755,-0.07865129319470665,-1.0521394515454563,-0.2532906491187697,0.5324846821954089,1.2356125419872206,0.19519363353177926,0.13918246554362365,1.0626137210213265,-0.02536360055769414,1.0823045320971023,-0.9689919809826165,2.637183960966503,-0.15641195246246653,0.018373404170974664,0,0.0002511154304621646
-0.4611037050508036,0.9653823702492976,-1.5448388593669504,-1.9067988806616938,0.29915732656001326,1.2681964232988707,0.2647847859766138,0.5005708424178196,0.842564162140151,0.8153036525366893,0.6010938651583136,-1.0088509519699436,0.9967020475547406,1.2330610577767647,1.6580742378434727,-0.7549903966561602,1.3913770279949897,-0.5875840334350846,0.3554803011757237,-0.8121708294411696,0,0.014404249979091174
0.8353178062045838,0.5243958435481173,0.6434199866324034,1.78764901480534,-0.8158643936345763,-0.5020885720705103,-0.6020804922687117,-2.0440899263140655,-0.6004482834725281,-1.4321011267931671,-0.8644214317299708,0.37609962482809917,-0.45391008389522614,0.03125267898793991,0.48955830276834483,1.2106125449459761,0.138421554955287,-0.28291938617843465,-0.10943933694453688,1.8630964814478597,0,0.05811760952312641
-0.8686374395054365,-1.6928539826294873,0.3973140590714617,-0.2842788053115477,-1.4357664545288606,-0.07859363636815415,1.8013842919350473,1.0620882829550289,0.8274761910965848,0.7701658400847323,1.1641910643192095,-1.659285181982093,1.7866920363148857,-1.2477518063492494,-0.06296625077860506,0.5371753630444074,1.0871993312822583,0.24227037358773393,-1.136211836934536,-1.3435276337070936,0,0.03697370096635757
-0.014373530194823484,-1.9898312750821117,-1.3063477918766209,0.26505435318987675,0.6352851906131618,0.7833454390753505,-0.8615330125395244,-0.43453332094185887,-0.08383154059404144,1.8152429243759938,0.5018357133118339,-1.9994009283096585,0.6024761884081595,-0.6870965727772135,0.3456028228414914,0.5745729898521785,0.3147906152916288,-2.101234269016976,1.319838984937581,-0.4294532408265794,0,0.012785104649731987
-0.6311839667893967,-0.6047526607996629,-0.5515036355637781,0.2422405157435274,1.056432551257446,0.31150144256696816,-0.0580023712244278,1.9361973664213161,-0.7114358662959162,-0.1858662518582394,0.5732671562400226,0.3066213505595962,-0.8036496518918106,-0.5768825552921262,0.5069957103785306,-0.7140441234466807,0.9688974776598215,-0.8566110699536633,0.4451530004291475,-0.5028955444889519,0,0.018460210621434315
0.4602678621925389,0.381165774706246,-0.6023373473329368,0.3100909325264356,-1.2672007134434153,-0.37963276740037644,-0.9284407375169407,-2.2274631991457334,-0.23196226603411008,1.6556600094781861,0.6951735370958873,0.4887064904223054,-0.8528441337483301,-0.744623955188806,0.7875375736894215,-1.190112550025613,0.5845085139996984,0.5773925020925261,1.2811821651916557,-1.153309278329478,1,0.1240784871523655
0.98990703962078,-0.19364240319294015,2.021536907447056,0.3531787134061604,0.3849457301827563,0.7812056437942511,0.4567802566817908,1.271373571844416,1.9364179689620984,0.09579771417423322,-1.1982081443525798,-1.7342220025901947,2.422765248725718,-1.359615605487894,-1.440949540271148,0.4323583719004578,0.8150393557509191,-0.5769733772851782,-0.3775155210450854,-1.0280863171239127,0,0.07872801426150326
-0.7224172107330936,1.5954410112952533,0.9612382944428647,-0.1219196437965099,0.00550789322818248,-2.6011764294752693,-0.22193925231200032,-0.1867937832655156,-0.008627113014265081,-0.28719632939769596,1.377865608408873,-0.14536859062843493,0.12101363643175807,-0.502839559842801,-0.4064717401468366,-0.6558454461182944,-0.1711659576198962,-0.619590549369199,-1.7357638410817047,-0.6682918714001139,0,0.0027217074182918364
-0.052234614721535566,-1.0032665575230295,-0.001781898719169691,1.1511158405178366,-0.2781827815316279,-0.43705176312332256,1.8648286562503116,-1.604303067105883,-2.448370517878411,-0.6564160108162814,0.5500478331711977,0.37693893320368455,0.14463209040964212,-0.48064168885131997,0.17214373356878854,-0.16736954617835467,1.1120732207400417,-0.8712407895079589,0.5838004977176761,-2.831832983489504,0,0.06669642002894488
-0.23851147094707434,0.13079269042175085,-0.2515116859912735,0.9721658254106668,-0.06651034112799194,0.2414925556921855,-1.5756003519384654,-1.2371499042645695,-0.8322929644088245,-0.5752749069316504,-0.5029298931980447,-1.6777822173076595,0.033859479288032866,-0.30077874336849314,-1.2737137573906976,-1.0463398839915437,-0.3363043872110361,0.5717949252857172,-0.7658407238010703,2.1821024056533487,0,0.000588784952822692
0.23182377245093935,0.26352827708779863,0.6680529644581135,-1.2740812493391052,1.520751124415892,-0.9746808962110756,0.29841518140785733,1.5895642557518213,1.3824209089094128,1.329459982930652,0.3281705750360922,-0.36935036925180575,0.9164405848552588,-0.30908706652517637,0.2094656317370784,1.8190441483611755,0.9447524533677014,-1.3003250511836688,0.794613069721975,1.9585981356964899,0,0.00039506418823568337
0.4477312880893127,0.7089016949591368,-1.2908414646186885,-0.821940997727017,-0.18380090454859357,-0.27828450424714357,-0.10234195412007537,0.06858376570616648,-0.6592010893199187,-0.8665535160546369,-0.11251675795292437,0.6466556302809262,-0.03450272270788845,-0.02733092152010622,0.09327973570673409,-0.6056287995441576,1.005047092703165,0.4668420867643094,1.1435230560886498,2.269451985778061,0,0.013238955513125452
0.020389037778285043,0.39569260489897606,0.3583281731655864,-0.4228340435325519,0.5548140785087363,-2.2557403260764155,-0.055957410712848765,1.1271660885709722,-1.7035920718587099,-0.5499268892808764,-1.3677942960265606,0.3946098017981893,0.7810362241238605,1.8522368875578359,-0.878312349367969,0.5014648832851696,-0.06925259830411633,0.4702270955617375,0.8501573636540137,-0.9043810560548542,0,0.0017133807783301133
-0.39677472091772126,-1.2517364892526355,-0.3032570217263254,-2.097846830275878,0.4813280506976141,0.34490745175095056,-0.567761800785566,-0.7172583602367284,1.0755323509346162,0.4504948529803572,-0.6602978475729429,-0.5750312114819465,-0.21499206724649697,0.9161114445210735,-0.3243780943782499,-1.2620542817810023,0.008688556232987121,0.47965293268123577,0.04106905435181016,-1.0611302768041937,0,0.005929857491066831
0.08555564092701136,-0.4861068038893363,-1.1518869612027836,0.5722309784265783,1.5907786694438317,-0.452628786300511,0.589355120297945,1.9048712956853353,1.689284316764031,-0.27797630439621157,-0.15394442437368322,-0.6440624131204902,0.08087768204780516,0.6742229824526791,-0.16622917839940282,0.48211455567721767,0.4931354062033628,-0.10555675604972575,-0.05524199408278968,-0.6560882247581798,0,0.018912501957593163
1.3198932086872752,-1.1551327595763692,0.5020907465985192,-0.7121776024640207,1.3469047027547034,0.6890359135863829,1.043562257824066,-1.990671754186863,-0.5304442243632975,-1.1899520139733266,-0.6733319881527395,0.3136355891687282,0.2113047302068858,-0.0413556746765919,-0.5929176639765465,0.7955060719116399,0.06619851371708443,1.064970237517808,-0.77585799101716,1.0453687251641681,0,0.0008146852683074774
-0.879518509780757,1.7832033608140962,-1.0806530965294403,0.45434504354857985,2.1173391174237417,-1.1547342409792802,-2.4124827630722065,-0.5177576606149538,0.34725165737800506,2.4068131208925725,0.5249133307673225,-0.3723106593620241,-0.8445317092673719,-0.2007811304681022,-1.9545052686392954,-0.14853604626054312,0.006431887703265702,0.46482529940709216,-1.01784217062253,-1.0282397341161913,0,0.00043024355234424897
0.4422690858602875,-0.9051865705194398,0.1653893127143888,-1.521466716917652,-0.6655349649769456,-1.138791352493189,-0.225317118979265,0.5919880788704557,-0.3592376801033722,1.5069567666478394,-0.2879876051905636,-0.8494260543564469,-0.39975578697066466,-0.8540640101478255,-0.615063577304963,-0.7587721012424453,0.3691435411864187,0.9994956859069376,0.0574876165891062,0.36785030112100636,0,0.0017883002844377297
-0.3104848528369893,0.304571287987683,-0.09104555548105182,0.4187394641625582,0.976831175483323,-2.040675984455534,0.9519974253019404,-1.378967390129251,-0.44770373877855196,-1.0844170264946835,0.16411163470083687,-0.07011754456621548,0.9133576978701426,0.8627377894696164,0.8508859461529316,-0.09538206509813402,1.1053652889599512,-0.4501478945266844,0.2989152844138348,-0.2577160139841515,1,0.041188225268119924
-0.03069063822802677,0.8416164405620072,0.9514783929551744,-1.328543819776497,0.02805212558803074,-1.835079254846214,0.6682604032762424,-0.5699098719644852,0.34523578246805264,-0.6370577974791763,1.5476091100960363,1.0328475115735327,-1.2944114663656963,0.05449312532894469,-0.9711755049130011,-1.259624287831685,-1.6735493700440613,0.23538834887042914,2.584979250347455,-1.0451575149596053,0,0.040391005228968366
2.2360673412356484,-0.08596934129830296,-1.7237492338440095,-0.5904264475287545,0.46120079439768363,-0.9384356972922446,0.36132619284874967,0.8351283266396109,-1.9879081263326008,-1.9854687331604617,-0.1963809438883265,1.7787858445985518,-0.15198708194843183,1.263060723422212,-0.22094350706938612,-1.526995799020116,-0.6069284513109571,0.09239283275832248,-1.3303502177535869,0.6621193599845181,0,0.0004466012042989872
0.6232147053079645,-0.951682379231872,-0.4129004073567604,0.8312429275087482,0.32376907219544393,0.9204343186357484,0.6928220045547471,1.6341163944339512,0.9750936154007585,0.22321716669014066,0.3668512281450417,0.384827504398751,0.452987842612673,0.9154484636674841,-0.7232524227871446,-0.09824968060557128,0.2946051782835171,0.6400893391674719,-2.445001232285501,1.5244397736105813,0,0.0009637721802723714
0.6856325044924683,-0.015206297173537841,-0.04487271513551302,1.0112006016773656,1.3073349694236849,0.10220390111127396,1.3837714050659196,-0.3383676603231123,-2.6090367189791577,1.4019914402031801,-0.057505036387826475,1.0239627161881584,-0.7061396433019884,1.360350440094433,-0.242064009024193,1.3386888230485146,0.1628472572479804,1.5250574597777504,0.23297031713130795,-0.883911928902462,0,0.0009597197922926087
0.7033682784822314,1.5428303269368437,-0.8482469068350815,-0.04857894413464509,1.5126558539421766,0.796922676715114,-0.30013919696216923,0.04454536971290369,0.018744489287710067,2.1614580945494017,0.2567252631499796,-0.8532482504504177,0.10199115107495622,1.287578658739835,-0.44548106831434237,-0.058434644505031476,1.8023316255857045,0.6467129237544114,1.5456949113785803,-0.05672734172704326,0,0.01312422129912588
-0.7148885066744853,0.44822301104973034,0.629593264437438,-1.6722623043959943,-0.7741837937907685,-1.53306055784305,-0.2040680622916889,0.7252286976764053,-1.5078756320385698,-0.9628910244573423,-0.8658617481164326,-0.6720382588241094,-0.4967543208853361,0.7923538775876411,0.6213732591353167,-1.799656665660672,-0.08862956044730676,2.032744411642845,0.7802032707937305,-0.21861872635766263,1,0.6180814747233137
0.04347819299917855,0.6023695128564166,-0.5154303048999133,-0.5527411666049015,-1.3557249334311285,2.8588608892176026,-0.7112165736269938,-1.8310847193116662,0.4019196808812698,0.12941500253870844,0.7313318462403408,-0.5141563274729851,0.9810274889191438,2.174137466213363,-0.20973487277440747,-0.34790079922741973,0.6262246897968679,0.9270121978606556,0.05021718973892994,-0.4108662266571206,0,0.0074472277246876335
-0.8643315729194603,1.076804285866271,0.8942452858002076,1.874926561544573,-0.6172850765528388,-1.092914517312472,0.2995345344074709,-0.4909961622378941,-0.15925714782329134,0.6607611108557239,-0.24444784286049415,0.8186413021137181,-0.7824235336542656,-0.9114081282167542,-0.4676628395951655,0.18771700447805428,-1.605153621395238,-0.9433618497636403,-1.1611262678898895,-2.372556525522331,0,0.04507488220301238
-0.04497567182754947,-0.9735854562355802,0.8049814416635235,0.5317110540699699,0.15312287512119938,-0.2746871425120283,2.6096583741167074,-0.585185631447974,-0.6081565090027987,-0.1678447335879781,-0.11546547045122048,-0.4973951221477589,-0.11161318892369024,-0.17531218734755447,0.6695332859470605,-0.41352078119296487,0.19576117504660417,-0.6531653533361792,-0.7403178599258251,1.149984400277841,0,0.015677095527120672
-0.8613989487100584,0.6570427841920738,0.8020668623307513,-0.13259721215200274,1.2553922230259016,2.645538515524402,0.944231866828956,0.9829163757414278,0.9096119649087459,0.14260795003251509,2.510125265729487,0.03890476601594125,-1.192460164583431,0.9327130738279384,0.6141727385193512,0.5116762582424038,-1.256061988769266,-1.549850906045096,0.1251873192306992,-0.07231369468785057,0,0.003655520658504253
0.7008189775235061,0.33686492728558,-0.20724980065059107,1.1171683282529499,1.4434785112522281,0.6202493772051139,-0.07689928924867652,-1.2920413863901006,0.9258548314177507,0.8343506161242701,-0.26642022161819073,1.7883425956145669,-1.061284564685908,0.9178058421538362,0.9569928699764292,-2.354418620125539,0.26507363157041447,-0.09248755099826012,0.4667561501801443,-0.45168229940115573,0,0.08906301287245057
-0.11936890215370674,0.4717880038952426,1.4018779598036668,-1.06475992631026,-0.9944099937770268,-0.20853051289459645,-0.8197078004121874,0.857946102882924,2.2261921066189494,-0.6960358522309619,0.1833663628880531,0.5483952707321748,0.5325617194281114,0.5091760689069648,-0.6431901620465756,1.8490748069436556,1.3973233157335074,-0.19118018231404382,0.07702177105609886,-0.37571712317643263,0,0.0012120163107022706
1.3413982527323252,-0.8569023887415571,-0.21274173893735462,-1.0531443938015286,0.42276266441475807,0.24586319305782425,0.8758104349080928,0.9118523179330731,0.8500616840769776,0.13466508535335825,-0.019906622585022828,0.023838975973515815,0.5707878855329012,-0.7553870037034036,0.24664704262713363,0.5216486902439132,0.28761351817672137,-0.343211744617009,-1.2819634152439594,0.06776637885994419,0,0.013402898286618958
-0.7113698267879655,0.5558906992719153,0.4239883691329207,1.2365812303367367,0.586833370421285,-0.6514981649178117,0.13123520284996487,-1.9929397242053044,0.6625377633470979,0.48683861271468176,-0.09416694820013516,-1.0201071412124842,0.9227894012546712,1.5792725315487124,-2.1853092827515885,-0.7004554734779375,-1.2736223465977616,0.16360707435826127,-1.378035581302366,1.1592731845484876,0,0.00024737827437399545
0.9751926369578121,0.6229673941455588,-0.4032086751204279,-1.3989309184533554,0.4909803543578882,-0.4558727981517361,-0.04380638826514052,-2.1303256951682754,-0.29083084390005154,0.01214749382020508,0.22888007533045904,0.36141588035278877,0.21878000099560668,0.5301187819101087,0.7266400548825205,-0.2988711032315544,-1.5487084391268233,1.023238502329141,0.9342240593339095,1.2722302922779347,0,0.004548714707768865
1.3278244126070242,0.8936067947926887,0.30379469514079893,-4.521688777792193,0.6596557258693285,-0.6958228890420101,-0.896636786092859,-0.42636248814486444,-1.0936178451441008,0.9617525771163957,-0.1991224502057689,-1.0229307145673912,-0.9534937269520719,1.1663012582747283,-0.7486768278335936,-0.6746978658393332,0.9729361332493223,0.8222127358290118,0.25753119589166357,0.21624423336588514,0,0.0002190963462781779
-0.63217230911962,0.19653134265263658,-0.4007861381574942,0.8600246459330285,0.6217689246160026,-0.17742005846527198,2.3951269233972745,1.4042619364241933,-0.5267025761759497,0.23237727431260288,1.073527441918306,0.1906597838121799,1.3026945725222712,-1.2480198882585483,2.019859211665634,-1.81110402806592,1.0123889225498355,0.5980853941842316,1.0403204318645114,-0.15064526541929815,1,0.8963107646570241
1.2471336888705213,-0.5648192042039359,0.8952430090827639,0.05794703901906365,0.37120605212248026,-1.1100464858506265,-0.894036090799003,-0.007820932307097133,-0.3414680486357954,-1.0352530631797392,-2.7065228894829008,-0.4208635860010166,-1.701842606366944,0.5269165920292093,-0.5165887768685484,1.6314984431554411,-0.6737031212182679,0.8229061092615408,-0.41707927079849044,-0.8675362084426386,0,0.00040461386785328106
0.1422255745927524,0.8824297648981001,-0.5444097726044699,0.7094408224918651,-1.1663770443144612,0.6520250711339443,-0.479304005184035,-1.1769707648614576,-0.40251510282453373,-0.40115827079546135,0.6522184504939511,-2.5004980664055645,1.127187648431374,0.35353196713994234,0.7773058679147233,-0.7902483696595562,0.43130043043826477,0.0077055891571799285,0.7272558092138092,0.636381020633381,0,0.08705426879945227
-0.5302359799048925,0.1636418135497105,-0.014388790792236731,-1.2686607251857502,-0.44924927607048515,0.18338581745585675,-0.7209407950672755,0.4526327609662451,1.4924855780120325,-0.02494116466548654,-0.2907889900934156,-0.8335502830955642,-0.5274660830539615,-0.354541164777516,-0.2610746022131964,-0.1962140431078225,0.32066096500498714,0.05148040357163245,-0.8510154208404153,2.4524043833343794,0,0.0023104647187271498
-1.2297804947462603,-1.8187587650837722,-0.691102738272695,-0.44411672929641316,0.9555463931361866,0.6856343153268964,0.6766419012787007,-0.33471322783522695,-0.1452891528593505,-1.1402409474221413,-1.1146738762318253,0.7115420701576273,1.54629649043539,-0.3081552875412254,-0.17014677677990137,-0.556000347168376,-0.3914468751586071,-1.41828359510056,1.1861606072047366,-0.8095935521679327,0,0.03789360187913709
0.4906433877236437,-1.00432619139773,2.1852955512037644,1.174295941873438,-0.1495420975448458,0.3189962026583473,0.4291567713611806,0.7707310950998223,0.4138276213612167,0.31797510834788734,1.7050170040445245,0.25341945807059074,0.39132446240149044,0.5337402693583637,0.8444598895482632,-0.5106442706515445,-2.260992157931585,-0.0060521598773300295,-0.16251699968126046,1.7824244283827806,0,0.01753092764434834
0.553896009089154,-0.6881621710391269,0.19588578618653898,0.8260416582139993,1.5706825482124382,-0.4864434165166692,-0.3302027489915552,-0.9731665291788686,0.05356040960198358,0.5877235013514741,-0.007096062624484354,-0.2877223315060072,-0.07350914317112725,0.3757422337821103,-0.8594846921652257,-0.3708871886298462,0.6660064902285662,0.2369541833434451,0.08665469362603993,0.8519067887678994,0,0.011424084629989334
-1.1270782095646534,1.0004967896619226,0.02014581268209458,1.4909304423814522,0.9105259806348309,1.5677360110374965,0.508550928228114,0.5684578381335197,0.20492021648404868,-2.9082428740916653,-0.22707533664227375,0.43410293361053776,1.0972849089800265,-0.157123201984936,-0.6395139628739538,-0.4202673263479201,-0.4432995546094545,-2.8416372324198758,-0.282198875345708,-1.1569375400296085,0,0.5052683626174471
-0.8180874596579485,-1.6568746102788812,2.137491573122686,0.6909535908880219,2.5718190912992025,0.8741851227484836,-0.3393475405094583,-0.29824521074319826,1.9416784611148548,-1.2370791889204036,0.2615462414580979,-1.1565082680837395,-1.087126260074436,-0.3581241406073502,-1.5356117637931175,0.2793720692398183,1.6818890138373688,-0.9581180838512249,-0.48611397405467216,0.2029663049304109,0,0.06736987363743784
-0.8317527994691841,-0.8083464228000219,0.7290052065703244,-1.3720080297165658,0.8621676068628207,0.03805691450751611,1.0895533792933447,-0.30450059185651407,0.29744955514048577,-0.1069990090357922,0.9582282543000527,0.3740708313353609,-0.8893051847426016,-0.4822647573771893,1.6945000925353535,-0.20068276713097763,-1.39366059971551,1.2061596223727977,-0.09597481243989231,-1.205328696222889,0,0.030773435184911793
1.8201781638467496,1.0668589012061807,-0.7307481650532845,0.4157463693108686,-0.06858540195264322,-0.08951882225255893,0.9621081324549833,0.9078414053007958,-0.10610841513750457,-2.004468855529811,-0.5896312802019212,1.750699361505366,-0.8139397245608816,0.9395852466042229,0.905026195883263,-1.653520433412019,-0.5327118332969738,-0.6970162424575057,-1.308858659069917,-0.26739749842327926,0,0.0007185992586234143
-1.2246574588614842,-0.9498022820186511,-0.07711631720027884,-1.3404251441297987,1.544586646943021,-0.020955121003745143,0.35146066230921424,-0.40549327934351026,0.48764323908043006,-0.3506278480767273,-1.2453243305488495,0.4540441401316586,-0.5321292534333748,-0.44637262754565504,0.9093158525646678,0.32961790977679567,0.5635275806524591,0.009362988637172567,0.17546061071580815,0.2969002944999553,0,0.0029603435366909064
-0.576075832120276,0.9908445164008882,-1.3804587249926625,-0.7942701974261281,0.36562233658944127,-0.5776815669657428,-0.28926425694725594,-0.06269843637980861,0.7419123713667484,-0.5315293860438013,0.9716499130283288,-0.5707512406967572,-0.5269357290222687,1.0254849017639123,-0.10663327916161962,1.6494343776908462,-1.17866962229191,-0.5912648288252687,0.883383712319203,0.3886265827661884,0,0.00016154750182189594
-0.7297468741951371,-0.15449185911263352,1.915875978113495,-1.6486161061095181,-0.5592687106637427,-1.0497451176120802,-0.5522061313178769,-0.006020818463950319,0.3581640060429625,-0.2998563795242891,2.3110339521620773,1.0370631695673773,-0.6315443319053174,-0.09402047121587677,0.45813155524925997,-0.48202177167310434,1.3438642584417673,-0.3518230060056673,-0.17552594657328294,0.8627554972678748,0,0.004350111410945342
-0.16050983656562617,0.9519140033471125,-0.28210650536219933,-0.9493983616375744,-1.1869455517110115,1.443913760663882,0.7331293058705415,-0.5006311170403851,-0.4371350376785916,-1.7929800775826674,0.3848877504306117,-1.11421739108563,0.881458973460515,0.21315823040214282,0.24285890181010047,0.055240635085722654,1.7103357218244064,-1.3025754675924126,1.9679520434468534,-0.43901940592837774,0,0.00213895459739685
-0.14429364802463773,-0.6544461572447063,0.44297507681270565,-1.6141865278676615,-0.01636379908349891,-1.0065658221735225,0.1484497591537406,-1.1725752311917368,1.2417323633888184,1.5646682588512555,-0.5207611248672128,-0.9489126998512422,0.04133976085465472,0.49619244676871094,-0.4268453667837888,-0.15952071307501844,0.40539872367791824,-0.443869048850528,-0.3973444066006945,-0.13771409398860945,0,0.0026973576715410186
-0.25857247523308047,0.41428888485972876,-0.9319106703906909,-1.2659065676503423,-0.16541067147286645,-0.05088835802950256,-1.718340015420633,-0.7533237163285472,-1.2408893547459663,-0.25862581741333757,-1.138145851018913,-0.12997300696137606,0.30413400401535196,0.5036025868916382,0.14164266695344707,0.3890074173296197,-1.1762030747743315,-0.6726375626117289,1.0924759330600984,0.6231433201740995,0,0.0005306301935433425
0.08102302121562731,-0.24014713136585045,-0.3973254646966537,1.3670161308147053,-1.1690804067531195,-0.9503271620239252,-1.168958020928269,-0.20889417910886207,-0.5034667157408426,0.8035928629513752,-0.46389038863264614,0.7986055030147673,-0.6185671964694932,0.29840097074490074,-1.2561097912495618,-0.5721036005373195,-0.5477963932119587,0.0140419446435941,-0.8026682507155419,-0.6007844019336612,0,0.0016492612459772015
-0.438542832187179,2.9185453378597774,0.879225585945419,2.2455374371248142,0.7139150366844208,-0.8808679009960694,2.0698742235538248,2.182799437495679,-1.1296569551385482,0.25877057159342565,-1.1057846975380248,1.0735968792128223,0.8230551604985707,0.992638198787989,-0.7837950021312765,-1.490016109088123,0.2698758057638939,0.21735844084600994,1.3715047745233433,-1.3859821673388648,0,0.6056235658313958
0.5120013373121626,-0.054061813595814946,-2.1727397091411196,-1.3702109114537948,0.546448341101817,0.08442686431666448,-0.09917595297570517,-0.6902030211594495,0.9639263088592679,1.7098703794291839,-0.27550819576188007,1.9355756848584007,-1.0526244648285097,1.2135367993869028,0.8426733703296935,1.824184173768099,-1.4146624868357622,0.6634112396272447,0.9176719750368248,0.4730187321344392,0,7.023111857642387e-06
1.0169697097658417,0.22207559769449617,0.24017648833743727,-1.6311291138099375,-1.432890340263046,0.5111945473670755,1.6965680512674794,0.9147541261134463,-1.3576621035249699,1.7188207668880036,-1.8808935263981397,1.0792940985348576,-0.7354855887951275,-0.7140972797777957,0.7817530783480514,0.2669304214511178,-0.8002618015182792,-0.5524349673376521,1.6579608923341163,-0.24152841702022879,0,6.241000298796905e-05
-0.8094214914756842,-0.851913730932973,-1.1514524657941128,0.2563097384941881,-1.2765066168534152,0.47811098953614806,-0.9381594463148369,0.28349681485609274,-0.7474826419040735,-0.6048921985142357,-0.5919464865536864,0.03203094289122151,-0.19542963735888566,0.8960796767001894,1.4483717860192618,-1.555158893841888,0.016665107611489142,1.1013223380816328,-0.38080838234129066,-1.1570663820903608,0,0.16457863348792143
1.0265423467531574,-0.37269435947529295,-1.3252516264432566,2.3531783681056453,-0.5298119020517263,0.319700258835535,-2.100857225030425,-1.6005776495845698,-0.13622531313644312,-0.713592159893726,0.5147655826656917,0.6446442563395833,-0.6593460257325516,-0.5257914156693221,0.21390370942635203,2.1897065234030952,-0.5633705629566369,-1.212966564203666,0.33344141509623587,0.8761398132308049,1,0.4103685597505488
-0.064023669095289,-0.49638646464033376,0.8278198482495257,0.07907002819162257,-0.6599080770656972,0.4390828997887031,-1.7631409631561847,0.42568320228542467,-0.33557502491310476,-1.1940362052540936,-1.7304160904928472,-0.3824484872100874,1.214035467469352,-3.708709695380479,-0.9138261354251979,0.8341942974392794,-0.8604673307986057,-0.40790296872961895,-0.7921017240469292,-0.20030739438427972,0,0.022422021065875618
0.8423839503454039,-1.1752249236972474,0.7443490185848286,-1.184594775081525,0.03918111984368503,0.5789506132679729,0.9216193600854469,-1.0427189046171044,-0.4035357562103212,-0.06576842723618515,-1.136697132425269,0.11469577320457632,0.038887871501034364,-0.39035757031516205,0.4769923271889223,-0.45163980322050395,-0.5515691066597214,0.20763623150847013,0.3755369102989882,-0.6046563121198073,0,0.004529178460298635
-0.659175652479817,-0.4801304717656113,-0.7549178175945934,-0.30789773658104436,-0.6568950246083965,-0.8842159180897462,-0.39266438395575276,0.35708754483424515,-0.6189510277597753,0.9227950903037625,0.8112660516728439,0.12421156280096014,0.21143833726352093,-0.17061224098908584,0.6890867933514647,0.9637422597648785,0.48182721482583885,0.6875787914328209,-1.1139171477609233,-0.5296093301469716,0,0.029326828082639207
-0.22380378427734499,-0.863215549316927,-0.3547944832494446,-0.32241056656798384,1.0512975626200596,0.7796816638349354,-0.5988219796378511,-0.5027747035158869,0.4661316962496273,0.18716805421926488,0.11185177160524945,0.9355802523535638,0.12358614321363266,1.3863055406290397,-1.2340403971291602,-1.7217312788077466,0.9860060060262233,-0.4578768527407811,-0.21826230686656878,-0.9511542694583576,0,0.005643498155438238
-0.7258273471368712,-0.3837633612059039,-0.5077853543978781,0.13620131671357052,-0.19646427549564421,0.2819870137584611,-0.03561388561666707,-2.062889709617435,1.6254190973647429,0.4275011741340797,1.076760044823561,2.0692851932318552,-0.6263597151964859,-1.7609424086301726,0.0610754018276824,-0.34273452467235227,-1.3728194256504485,2.228016545230096,1.6153384100143697,-0.2587796053066427,0,0.010270574866031836
0.3325936797505474,0.2212451951514415,-1.069815259803528,-0.10143542935592732,-0.3147958059995669,-1.7641578621943168,0.29247922504833734,-0.4785913608672814,0.7512996886271941,0.519115268775133,0.5312557446306234,0.30902545834521117,-0.9182975374270825,-0.571403131447643,0.056477668874087936,-0.8177064020933025,2.9343600196811415,0.20820280949551456,-2.5603724726466233,-0.4968654480170135,0,0.001465895300648913
0.9745512033186139,-0.55462375519014,1.0667019700377502,-0.7435965629315578,2.1130106171845577,1.2584175974705267,-0.7518828192445516,0.27662973069341523,-0.37866188490018515,0.08396189125656767,-0.6333877111008097,0.6510523676255093,1.9932509243047571,0.45703533377676786,-0.3725948001575831,1.9114127622554822,0.4909759565088331,1.7501113226570446,0.128031964282601,-0.15269885153542043,0,0.0001461418657684079
0.5003132321778813,-2.0798161912589177,0.08283738531672476,0.3568805200191678,1.261213323136814,-1.618195586469295,-0.7722239129276275,-1.1544692401949335,-0.3522388535997912,-0.3503793254539554,0.7108367327337812,-0.3745560233890437,-0.558714860317578,0.10742248446868616,-1.2371699015618705,0.38732839007946235,-0.7895481657057235,-0.14739748233849767,1.4640244800737812,-1.3847595584344978,0,0.006024497828901764
-0.9070607457160513,0.12226070425240568,1.5296293526636566,1.0296380931749325,-0.7130405075477606,1.3066767233826924,-0.5296217569879286,-0.01778506984477573,-1.489614189349246,-0.2300997898077912,1.5967070053014358,-0.9798850251083152,-0.9527620369210037,-1.0326390569077397,-0.5559942215029445,-1.2305125847633043,-0.008889293239493216,-0.6200951554692914,-0.09535593034701251,1.3991582853240194,0,0.009547495273884175
0.3079116562444311,0.26280433677568055,1.0596065082791433,-0.3571174843485749,2.6191197392359737,0.17315600383950824,-0.09328772243720283,0.9842562431188525,-0.8098934295664822,0.6203288989507811,-0.5959717423520154,1.3055009446516734,-1.020988572066688,1.5364960058886483,-0.43236399218471283,0.5804465161783122,-0.8373079473127109,-0.2219107072521569,0.08912187759978643,-0.29484155258704814,0,0.0022041834326496494
-2.220798077074071,-0.12067948381294814,0.47117536371961904,0.5984074951559626,1.0954345078477794,1.3631444025385242,-0.345716064535557,0.8845302677158519,-1.2579910723001255,-0.11739055207926007,1.045688793361143,-0.6914571303935927,-3.163673205815645,-0.43912742889863415,0.12396781556898667,1.364719862685523,0.9865527574760595,0.8813490240735206,-0.17584938264735753,0.6950399097838486,0,0.0018847104435761241
0.622673802553961,-0.7193026607263365,1.5123974404743512,-1.1388019366119728,-0.7438156819228051,0.9773971444376258,0.3105217846641668,-0.2156867591466918,-0.9477498440763998,-0.297676128531044,1.2384695843775657,0.15983473888217678,-0.39148259091021326,-0.3641467683490368,1.0335500297222568,-0.25148022101353845,-0.27261443296987403,-1.0519148659674804,-0.22096794912618087,1.7780059530696262,0,0.0020059391120352214
1.8668648147548343,-1.7182246517946698,-0.8007759901856613,0.48302254140018114,-0.27222455638886817,0.9706943141051031,0.5643929632894659,-0.9182468679032788,1.3099348737372798,0.07125914731608382,0.4809773871245213,1.3733520588768988,0.7934877636228223,-2.2256490777345013,-0.5302027771924608,1.007775989573703,-2.9656610035654483,0.010587329250655853,-0.5771095474946133,-1.206648791175829,0,0.0058263074237711624
-2.0958064108554124,-0.5080270556085564,1.8616334988507786,0.5956121640511265,-0.3728254518296926,-1.3744709506485477,0.847292580378234,0.1468324343842654,0.05294678205060659,0.6843112185498323,0.23032394955687796,-0.6121791803873251,-1.1183944190281212,-0.04959960615984321,-0.982088106700488,0.5484552014195311,1.8669556823675,0.04928884849380792,-1.7192711523360036,0.3257759621688139,0,0.01337711874264701
0.7581210218761839,0.3138514835195434,-0.2670531963657293,0.14619157403966407,-0.3363730549693231,1.157464888393866,1.3291208784688437,-0.3450397203683086,-0.3595769357931865,-0.7393980020851612,1.3334637774117972,-1.639143343996709,-1.9590699800159401,0.4841404539731257,-1.007798578051652,-0.17920863310634763,0.9589801590458805,0.441812743862157,2.1516366668912545,-0.8955871393547467,0,0.005663347168521461
-0.28179607101908477,-2.3410269896837455,-0.43385916963581983,-1.553147956776977,1.3603184405886461,0.7660493077992072,-1.290147657975971,0.10778595998648129,-0.10170236952930216,-0.06893526154281762,0.5692466912140672,0.25574099200076417,0.18108054742099486,-0.929867638702598,-0.5732079041041203,0.6308201843183346,0.24263428230300413,-1.058350216962348,1.1992410912236218,-0.4033989620902352,0,0.0006440850516428866
0.5559765571242243,-0.535165104081161,1.9282916583492706,-0.8773130100899709,-1.8131256778879956,0.8887342938696131,-0.1458988086480001,0.052515332035026646,1.3248374613139744,-1.0105631739614478,0.20653071142631577,-1.22766860449304,-0.9477713033848548,1.2041812671807552,1.0560630036711127,1.4732459526464259,0.5911977225863612,-0.49883069058371676,0.8482313206746448,0.38610114286351815,0,6.989250932485347e-05
1.7617161742713932,-0.9655471259744167,0.7103968779193756,-0.13938765918033458,-3.4032707192040785,1.3433776764524188,0.29838896260405384,0.18960680034834984,0.5149202882928192,0.6675571776533846,-0.8748246422373551,1.9954918444168779,-0.6472203262002629,-0.07599077644076675,0.2929271745727299,1.1663984527650808,-1.292152564527223,-0.10987375283719215,0.6736052320103365,0.8857860189245442,0,0.0003488187180391696
0.4014654791904532,-0.7779987127233237,-1.323001075554315,2.072233541654979,0.2869587989309333,-0.18548710878259694,-0.09514108309864831,0.38285513283328365,-0.34922398789220327,1.3524669504138647,0.21698402173808257,-2.4484784373481556,-0.5331152437783455,-0.4742749289580774,-0.08695812982031151,-0.8749602766135577,-0.8110977840328881,0.2987006408282077,-0.5179675067685096,0.013927031450812727,0,0.006200759531155029
1.3079097376963786,-0.22458187111570344,0.5794388426621051,-1.0023801760731157,-0.8827763099269675,-0.9726612264784276,0.06298319627315448,-1.4094907820632787,-0.19617197713887277,0.5837094841715563,0.37934138927883926,0.18500415386438349,-1.3943531908050677,1.7876643584230814,-0.42872795779765976,2.0497924001260723,0.2874227279755738,0.5473254429054601,0.1975650435791517,0.3760116936629617,0,4.2298911149152696e-05
0.5643093446526964,0.12020388463636845,-0.4904700849002434,-1.3109127706631865,0.21866106524401102,1.7837781367291685,-0.4208211201547303,-0.9688681780883186,-0.16673304465276215,1.7841418868817873,-0.3193402416545511,1.454943847511069,-0.5553856314408407,2.037646801946193,1.282047995592425,0.5457092061865181,-0.28771076473731927,-0.732513984838892,-0.8665330229821017,0.9908697197759877,0,0.005441000567033116
-0.9228287064887203,-0.15888772920293162,-1.1916780493268484,-0.8635500400732714,1.8939107769975445,0.5656401911013214,-1.3354570089245188,0.19453947097816776,-0.11891046146787017,0.9034404127731501,-2.432196728517761,1.3752336503042877,-1.4216110338576777,0.8770330269487121,1.535287960356185,-0.1482645393548585,0.6835707898251823,0.006289778086135084,0.1920956360420037,0.2716252475214778,0,0.008087723587106493
0.2794290185253557,-0.6576318902405506,1.7821799216213656,-1.0835532747158816,-0.5759074795989094,-1.250472850065819,1.07094568010189,-1.8232464986572285,-0.5943217897040008,0.09432174036754466,0.4978211007360215,0.4377002844305868,-1.208932496669756,-1.3976426189173081,0.39319600529090887,-1.3703143252358978,-0.26715248104293804,-1.6437603080451875,-0.23289265516241664,-1.436498458540133,0,0.0011061968096227868
2.1580036756912553,-0.8315587340879146,-1.2570297499155225,-0.5054609100586079,-0.41368675281697426,-0.34380227054319185,-0.8353788772084896,-1.6879835414561073,-0.25572469171555245,-0.6995338620108968,-0.08169672783836296,-2.07781153223778,1.007493612260029,-1.1066207335952742,-0.19043611499478028,0.6415972378772604,-0.9417237653895828,-0.8355219687294604,0.6299592762045673,1.9229991658819447,0,0.00256182355011049
0.17398760067472546,-0.12368387931535563,0.015610923016572215,0.7480456729937486,-0.2512950805742237,0.39589186136924,0.9852440733239896,-0.37204525172700925,1.5391819119099583,1.7750022441992028,-0.4421241534394358,-0.033625149965770276,-0.15524677052532224,-0.15969694381756772,-1.6552515372716856,-0.925026321099978,-0.7869508357554084,0.6077874092259009,0.9482421724693817,-0.19867885172784414,0,0.01191878177660174
-0.7639153306691204,-1.1184205910449343,-0.6183532181962783,1.2620719443200714,0.24234023908285637,-0.7011094599640337,-0.6700084302388064,-0.1439388264655068,-0.3435974786331562,0.2556635904907422,-0.6859942280814951,0.05926457091540654,1.6100723176896277,-0.20766491964111014,0.6398325671631078,0.5349627611801633,0.09965850404014272,0.09631404476145256,-0.7602491474053797,-1.7265221297379862,1,0.13849552161937229
0.634550524947392,0.19291300547905976,0.8546550625524465,0.7107396922724006,0.5066530632274604,-0.5929856199242493,2.4927164417894607,0.33614354682080044,0.5180273231616772,1.0295916493760524,0.021551701158848396,-0.07767806258152204,0.6926548120974718,-1.3437269491872326,1.304125736615844,0.9838688493263986,-2.2691708163656674,0.2968358709449528,-1.6778092234591424,-1.2766932375709519,0,0.15435593404914266
0.14007833542421516,0.7816093057736822,0.37766439383992095,-0.9153798034977455,-1.0993010063498636,0.6463850607644317,-0.7753975287716812,0.41446432080837026,0.4960038302636831,-0.4856063684164614,0.2524280340638258,0.734890658142804,-0.09307306744752365,-0.7659649384922798,-0.933302829925064,1.050881096390647,1.7960863799831959,-0.18452532889713935,0.16162935597451644,0.06885727427890298,0,0.0017035470299205141
-0.03892336236419295,-0.791594467979014,-0.41659811033777644,-0.8673170639628681,1.3404349987860749,-1.011264917628619,-0.34791038941331537,1.0832003410816573,1.3470147900140395,0.5297852903982094,-1.19852449474307,0.45681535742000223,-1.2242982277907157,0.8835636969928683,0.349327711420162,0.5778820051585272,0.8566136046146259,0.851749960581771,1.3707344283533602,0.2940658965251829,0,0.0003821698994943946
-2.4743928952494945,1.1761000922486138,0.5554784031301707,0.15917413664132238,-0.6987004176798716,1.04325937535385,-2.0969573716975836,-0.15692489179524952,0.19474336445965987,2.262034094915024,-0.33242188250277466,0.39062346479126475,1.0593010958772069,-3.2056126883833502,-1.1417597511228952,0.6607568883724679,-0.6461486801554723,-0.8282968157799402,0.40499284586124107,1.1183633053075062,0,0.05633145333951282
-1.4098401848676037,-0.8700185685604765,-0.8522990313274175,0.477211378807099,-1.576329944258629,-1.6894765210758804,-1.5691319558718968,2.2253560623467346,-1.0657560037392249,1.3149270049101403,-0.7427796853247662,0.3099614261243911,-0.8192973841716443,-0.9379558812546406,-0.5831681281551451,1.3883788049914554,0.8378401448494527,0.023703658477942202,1.2893276071310182,0.0002777140149949948,0,0.0016772791948678274
-1.0086747615334417,-0.5335903838964828,-0.33767838579624543,-0.9062777070098972,-1.605418417105774,-1.6747610724170325,0.21021891460234834,-1.0051535387418415,0.16689804305429845,0.34312861292340413,0.10195609928707301,-0.995202963261398,-0.046193566294537906,0.5725210493442229,-0.24630067420606286,0.09745793236342434,1.887335944594525,1.1119122279842133,-0.5801671048341065,0.5071094187686718,0,0.0033128808275924523
0.08488396258347028,0.3367139317993203,-1.0975677784452313,0.3480980448259756,-0.3943154649410031,-0.8629497956950595,0.2807299442541499,-1.4442284534835006,0.790210359118248,0.29518428241585387,-0.1560019871579812,1.9266905605424312,-0.3562690516575595,0.6848823595225918,0.48214150430498975,0.8214725183077007,-0.6233083962536369,0.7046970043248131,0.3097458123755027,-1.5032230551573578,0,0.0031334225711718497
-0.1788915087869356,-0.9135556159775546,-1.2078380682032037,0.40784997248523147,-1.6566714612945355,1.0290198685116785,-0.4310828283195758,-1.6862957463698163,0.01303932188239436,1.111182065332464,0.6689727796510103,-2.1954697016829376,0.3479813011507139,0.5613157948107583,1.4024382340263521,0.35973306389195453,-0.1325912307603445,-2.06756480537913,-0.8826034602661902,-1.0611993949244567,0,0.025037704866216426
-1.8110959708869576,-0.4560173604268319,0.9588817659561624,0.19625025234773785,-0.011064841002829492,0.6782383042280138,0.5735052870502628,-1.7789803098065697,-0.08610853230908222,-0.08894152185405964,0.5420361659143277,-0.34924983712589125,-0.13382657989135624,-0.23274479617505475,-0.8528734839091471,-0.09911407012759546,-0.25631937794396803,-0.8711904509086736,0.844016092563818,-0.5334965054218211,0,0.0323217543337614
0.7959522271992098,-0.2295924781925799,-0.0717822574814053,0.41080029731540757,-1.666040590725089,0.7249713256230715,0.9315123386602804,0.8401602056699708,1.0953694278876243,-0.012244926822999604,-0.4460548395269564,-0.27300006589419756,0.020147507306027032,-1.1241607695432203,0.30453746222310357,-0.38584550996293393,-1.470980090595213,-0.17529054147282822,0.28477234457464684,-0.6245662870465385,0,0.007735739634021643
1.319810144171083,0.8452187494788566,-0.2249843501117072,1.4053040686496188,0.9058832084817867,0.15695000077722282,-1.1372572721045184,-0.44421844581281755,-0.6614510794490872,0.7022424491298379,-1.4601845277266772,2.685211798191397,1.599576910422126,-0.6876105157136472,-0.1754719188247963,0.3172410816405852,-1.7140901009790062,-1.2717834900756242,-0.9116686116212042,-1.3668078046071903,0,0.15478031930132718
0.7208021720517944,2.4724655456659224,0.07201653655581149,1.8646583827299401,-0.02430835911986048,-1.0194071000972391,-0.30889002848416514,-0.787379568050122,1.0617373824162415,-1.1155742984945574,-1.7615604005841694,-1.5950292813100506,-1.9015682035316406,0.464703901865176,-0.13388948003128537,-1.1839386527007394,-0.27148802320989385,0.6298356939807518,1.2525053112154485,2.420434768834363,0,0.06727135420750217
0.8108083277715501,0.591622468608335,-0.40195911375092647,0.2121675266827679,1.016296223134959,-0.845747855949748,0.8764743963293293,0.013042860915532093,-0.2751576634091566,-0.34218047648019456,-0.31682470401787166,0.9828043342587597,-1.1895658143001298,1.0812752756110395,-0.8166248589985223,1.2713611555977347,-0.40936340911883756,0.1898493401884771,-0.1500337851007564,-0.412428079905852,0,0.0018378539252895626
-1.6149803583367899,-2.207595822221443,-1.5074653036306316,0.37574743928287097,0.9947208534775204,0.40427645124821104,1.7150665317143332,-0.14445273479127801,0.9087425944128706,0.7795528876101808,0.650060307582399,-1.7558800361377995,0.13877131861755904,0.5987788468818311,-1.2536166406743239,0.12629252478455893,-0.2100856600308769,-0.5725536041523737,-0.8692975115837601,-0.5822481590830061,0,0.019170772817929563
1.3199778017342032,-0.02440588666514564,-0.31963994493887316,-0.6565083476978608,0.26842308286249983,3.2719880461001463,1.1028207628360573,1.3690929427037755,-2.5928461375352994,0.678370010386692,1.8311189935424947,-0.6665690914798288,1.7050373666582253,1.404264579835868,-0.15959146866844115,-0.4093842587808825,0.7736295285453467,-2.1184244910985637,0.2766197957693791,-2.938962399629354,0,0.02326055886087047
1.090452655074526,0.6407198972185032,0.9954112570826681,0.4865900184142319,2.0267638543536894,0.05140319606328985,0.3406793210617929,-0.2936713511109841,-2.1685197024052094,-0.07761506632544539,0.062046716694718285,-1.2698548938921643,-1.951491175051873,1.1001808160034323,0.989435467451081,-0.24289243766561872,0.4216855690238127,0.3021007375990066,-1.0195100443434166,0.5154397341205973,0,0.009157990630391102
-1.1529196810721931,1.2380816269332464,0.2958884188254409,0.07115976968440944,0.428920530728984,-0.5939307236783851,0.6533079615826697,-0.3505922820927633,0.5073358562971807,-0.5710453774803971,0.4796760452576198,-0.528366690937311,-1.1293978960970308,0.003940809631091172,0.691509644923556,2.1211572609548504,0.11197224147192177,-0.8636583133457076,-1.4122300897195927,-0.40153090764447813,1,0.3323171364579556
0.19604494082849913,1.4131911889358688,-0.8509604318438009,-0.4627434850310145,-0.018924236711892323,-1.6062759926375378,0.7783182113953087,0.6979229045921103,-0.4348200466461786,-0.021358000413893314,-1.2465853319518228,-0.2904433591273791,-0.4196214767479085,-0.37157351393343385,-0.8274635527673903,-1.3393589659349645,-1.047477721952455,1.7493132997056513,-0.155698543448453,0.5641361290070783,0,0.0010819582861946273
1.8873537232103041,-0.5394439437007758,1.0143160366803736,1.5659045682736512,0.9604123279920516,-0.14211449265175327,-1.6410964375726171,-0.043491125596962575,-0.8394377487510993,-0.11499144154674024,0.47965599025256966,1.9073867096777017,2.1252888072382228,-0.6929438237920857,1.1367668647227807,-1.5566376001268245,1.5853118791288687,0.04710781235281237,-1.6681673470848721,1.3259908321094307,0,0.011183560173550901
-0.6878825935105518,1.0948411124990838,1.6324317298843511,0.7416345923022558,-0.9757666643969275,0.48441082260093865,0.07156016946345073,0.7241785125779999,0.3524731444765761,0.2140562001797681,1.0595919685895714,1.9058859562495938,0.6416333204525787,0.35137236880824313,1.2076628593911976,-0.7187251756704623,0.12445384595334966,-0.21920796726068098,0.3841656491104183,0.5340792764038651,0,0.057412729872279994
0.9694944309604665,-0.7482161129574925,0.40646637048195733,-2.5048328805437228,-0.3892520963222702,-1.6992004682119368,-0.35062986762826165,1.7485342992142396,3.1320821579165457,-1.3839569698619887,-0.7509886869728702,-0.18278490874010453,-0.29143140866962564,0.38091213679732877,1.7378620057879062,1.4049535708896026,0.44734823241732835,0.24860717451432243,1.6544921815278517,-0.3574004320320433,0,5.946396981554363e-07
1.4558088932243536,0.35992602562461024,0.09910300132688303,0.721649431867365,0.4665726980247121,0.3820093854186278,-0.5266740132192976,-1.7100452656021818,-0.367308969225144,0.712588517456647,-2.169186613668753,-2.488640768589927,0.5738954003045481,-0.634982203607137,0.23918139121481574,0.05589580221870181,0.06205254920202905,-0.06845755681197148,-0.314951065292044,0.04751435969431571,1,0.02019746761183084
-1.6014852837083184,-1.3550006245553783,0.018692479631989906,-0.11452802630892432,-1.078781166068435,-1.0698226710779826,-0.0995133490462984,-0.2326879586484139,0.35129801453092285,2.047465828020716,0.08499673023166629,-0.1295208660882517,0.9782001125793285,0.08129817621848492,0.3344714831083419,1.1958724455487058,0.5121104359642432,0.9529769031788417,0.4354953404596243,-0.09897444984565201,0,0.0032282375055498304
-1.0197562256802217,0.8058122292738332,-0.6880952158667916,-0.0915788338554489,-0.8229226731399111,-0.6795528314790023,-0.13117420152587586,-0.15247753799234837,0.18164473338937256,-0.47293835878320784,-1.2604717302960187,0.2389238004419449,-1.207574940991642,-1.2326818787478215,-0.7612479683007521,-0.41448164361676426,-0.9561074718445651,-1.488793964080841,-2.0707883396307256,0.3933535625207494,0,0.0026360654722889626
-0.9030670125897001,-0.7851741491399011,0.7350902098119657,0.024417829813329243,0.18850927594275615,1.4180424498124131,-1.0288615374441712,-0.12620531963039175,-0.14304186807981112,0.6137095663808608,-0.8283203895969007,0.03497056480614507,0.7350824776045477,-0.6429602556911813,0.8062310758550186,-1.6378216127574623,0.3909564936049817,1.1012859218932245,-0.46705057829680685,-0.702955448310889,0,0.10967527391675957
-0.7351670066715007,0.3222126679976388,0.2923737733736913,-0.5340819825714372,0.823540293246585,-0.028111675122368368,-0.3004387523113424,1.0222084021263727,0.35607540054982284,-0.9963071097907379,0.9822361714110348,-1.109533743203795,-1.7731292716818754,-0.5356703486332949,-0.7549398429924833,-0.4778948927394656,1.3534359866624375,-0.9856970398506892,0.29285127911167885,-0.7465270678317333,0,0.006349331987112995
1.1534665354628124,0.10150262866510892,1.1134712203138,0.17702095977917254,0.9742947019856352,-1.4210970947005455,-0.32730373139655644,0.6754278682334312,-0.3656006190867415,-0.536583222311291,0.3732191568513845,-0.14606165940478352,-0.0014641881268153815,-0.7223837057838848,0.16887272253769525,-0.4096143778342337,-0.5656821218081816,0.8036150555910717,0.3452071994738242,1.2069647151626592,0,0.008956910855440703
-1.535825653816312,0.6533067173944993,1.9178697205112376,-1.5196440840171654,0.5832996294817905,-0.9585158288087529,1.3380121303585213,2.11268009010415,1.4952508550940824,0.2499815053329846,-1.0458196171436096,0.4666124772698059,0.7877187394208194,-1.120443295099558,0.0964498180434359,0.18280627787239762,0.4640799553511919,-0.3082790393758174,0.09631887836534551,-0.23910163906120702,0,0.004527920347206426
0.9034465955544801,-1.1848716363474312,-1.4469585995061642,1.3476118149822633,0.2462356243048864,-1.7964342282539527,0.1026514004691474,-0.7513961867453517,-1.0084937425583582,0.21057467713253056,0.4652182301242096,0.3646137972244912,0.5821465732838004,0.8408309037633359,-0.5220111369063619,-1.2892648589711535,1.335327714350315,-2.112502426265606,0.8025884868184118,0.9826435098256237,0,0.306619724408518
-0.22563549444766362,0.6987212007275716,0.20149402462407637,0.13875499667709965,1.495180318697731,-1.2929794766126492,1.1643444599577626,-1.1188865892165047,-0.764742058680233,0.29849366390464316,-0.026806437098020577,0.30844101609844776,-0.9132022184067125,-1.0959136027028098,-0.7824235124110047,-0.9253439288463176,-0.12753487172137798,0.6914879716618976,0.1558213980733531,0.16851495330195845,0,0.0037732538942028865
-0.19610015782727974,-0.20072538533620252,-0.672679830319557,-1.2973577691856206,-3.5850245794652436,-0.6604111070586473,0.09324350042684504,0.423427203232363,0.7930026739320123,-0.46128985732026156,0.09578557015564297,2.1318341455082135,-1.200349452952375,-0.4659403682539161,-0.3253632475603242,-0.4746004612069239,-0.0932592576200804,0.22759399776675657,-0.17192551859138547,1.3262670102370384,0,0.000911339578192194
1.5751281673064055,1.23375890245749,-0.43948171296351707,-0.9657268120212212,-0.9447939472733382,1.0137839503147412,0.2703475693470936,-1.1853951559699876,0.4226042504916265,1.0606441932568644,0.5049473776203268,-1.1762496854175633,1.849885077693428,-0.5586863592606072,1.178481224443488,-1.0373235674446986,0.5713706428729086,-0.5888718781226528,-1.6079398789847203,-0.8676161702198237,0,0.0170153636218763
-1.1747736901845933,0.9624244742145209,1.7163913472489116,-0.052997185871636,0.14904484771196447,1.6586066219205053,-0.7043615128176466,-1.7150315556656044,-1.0330083535846293,1.1945753343948935,0.5125560043524274,-1.2364497260127514,-1.7263000746281254,0.007366968516790151,-2.1572000152981587,0.7154780050684936,-1.1360123654733756,-0.3525851717504029,0.7214401436781213,-1.3765652115080378,0,0.0026424129595748694
-1.2456362392243652,-0.24378194379952925,1.7384554676481574,-0.6402013711614132,0.18160079646077493,-0.9471123109084002,-0.6579281052643,-0.43931202683341325,0.6838847399031573,1.5612767296019554,-0.5279445725867539,0.5857766381018685,-1.3209083343701549,0.04356022646189346,1.424403006541603,1.499908742720937,-0.7494508225217738,-0.6715538841368055,0.19576439453333655,1.4276051575657258,0,0.000562814025215894
-0.6721317098353523,-0.31241300772172115,-0.45412918844131506,-0.04851026920357111,-0.04306230264944699,1.2228379744730133,-0.8017997201861946,-0.39984283419557476,-0.440189509480336,0.05320793145390421,-0.2445161862695806,0.07421645023474539,0.6434602817167537,-0.1997160171462374,-0.8990594205171791,-1.5858298911490747,-0.913818785720116,0.26798118889139677,1.81987445470561,1.4092596376128623,1,0.3437785970728586
0.025125446728398407,1.7943052814381724,-0.07042139427902698,-1.4375194029907588,-1.2662159916310387,0.8605242628201553,-0.4360483322886872,0.024199332320010168,-0.34385665704011564,-2.78207276882218,-2.731155955069718,0.6632023345335574,-0.06901373845088031,-0.3359534248427421,-1.003029330539055,0.7779871406309458,0.457325275702551,-0.9065359970042285,-0.9952712753045233,-0.4817255679510659,0,0.005479941385023938
1.6959541534202043,-0.8656078618363041,-0.26141951667281793,-0.13547093409942657,0.981928312338113,-1.6139814732009838,-2.3205383348977704,0.5375208805247845,1.2053632232855565,1.1554190973214649,-0.5446875904572508,2.2515021680018736,-1.4555146371252439,-1.2376969193568412,-1.2555974259486866,-0.07509097343898005,-0.4011924822172099,0.0743486643230453,-1.01584060288202,-1.2090091747733207,0,0.0005151924492937466
0.049883374048499615,-0.4217398539839609,1.7017627681613403,1.9037346445241972,2.3420441838002977,1.7474420341456114,0.4352232135189833,-1.1145533630779405,1.6290320851520308,-0.603916880746306,-1.1146598522744577,0.19889944656743097,0.30784111523172425,-1.9164218423140464,-0.5395850030485115,0.09742735398781735,0.5498047038916978,0.11729324823007253,1.422256163592824,0.5554095409694823,0,0.15367462833319964
-0.17493446293342335,0.5486384285147647,-0.32546517596703717,0.34490440761466656,0.5049180743116821,-1.3497486680059299,0.05615610695641359,0.9138095719180601,-0.8159069197921117,2.7898715481749194,-0.3147487378634383,-0.30871610402304484,1.503406045446501,-0.036184018627210525,-0.5115249495814848,1.3108132177746443,1.7583624049989208,2.0641554657830077,0.7100199075079409,-0.5437091006906851,0,0.0005704492552470818
0.15380925775692725,-0.7599090123337919,0.5648385053223256,0.1420828706325316,-0.1129102045980382,0.49511711322381147,1.6706704901083966,-0.34365591821894065,0.40083465094438553,-1.3903025096471282,-0.6242553117847123,0.3389141901694697,0.2677247345794666,0.3904478298262715,-0.39662351734824547,-1.7735997230479192,-0.4026171189615702,1.0900393894545364,1.2721410516690836,0.5251268366492383,1,0.22618381246306396
1.969280093418596,1.126130391790468,-0.5360900275723717,0.6076633639471599,0.05203797718573926,1.4584552043682535,-0.7145038475109928,0.3281017111431006,0.293279251263169,-1.847569560580983,1.594150471005721,-1.0153197039331254,0.557026661472234,-1.1686664764324899,-0.501723798807974,-0.03387705218385227,1.4969305475236123,-0.8745844789930387,1.3166201374277826,0.15508288137432735,0,0.05400917582461885
-0.5026261111727952,1.3195342432834243,-1.1592032195750095,-0.7807939893112236,-0.29250078812974994,-0.6156564103823113,0.538513914646109,0.13986402604613818,-1.3411665406094992,0.44780966357087243,0.2751830483015233,-1.150401718854183,0.16530334629019838,1.9140731230194643,-0.2093622281958466,-0.6970071226457929,-0.9557361574269526,-0.8510130547171983,0.5151395991729854,0.9092084296158649,0,0.006949881682987674
1.534227391516112,1.0921465064096454,-0.5218547083667842,-0.37208000214066306,0.5315610462150165,-0.03364426445387954,2.33750217878217,0.04257870154089975,0.04420388369671026,0.2712520698288326,-0.24649943419556608,-1.053454843045833,-0.0060216149756648655,-0.36893417259222355,0.4869232799374211,-0.763869318601137,0.179558268786453,0.16303844324552078,0.3054665561300786,1.0965715523672095,0,0.01332694584500939
0.5154425114320174,-1.2569929070315395,-0.2750919562869112,-2.1285639461148884,1.0787088433992922,-1.1674654624405294,0.9309585176120174,-2.178612170967647,0.5483980674873933,0.7782708455858007,1.0094335097150684,1.2698211780425976,-0.5723989405664169,1.7866793042931006,2.3139190023888014,-0.2554404862471771,-2.7972762692997453,1.7577928731027523,0.5410454858115397,-1.8390923627235176,1,0.0837604762534567
1.5782338627137729,-1.1099461261503387,-1.2014160792006396,1.329786836117748,1.3042428961149213,1.3981781873195014,-0.9702907729500932,-0.32500777873495806,-2.016708420273075,-0.5406946485982725,0.10855167060907267,0.9195008642365188,-0.8366877543133789,-1.1322268076575321,1.2247115207435177,0.06319870191698584,-0.0830705449945889,0.8364813266057208,-0.6506451937368205,-0.204727716943299,0,0.027146084440897184
0.8099332639135497,-1.0101124726225525,0.6134157474240776,-1.3456157095274854,-0.009333796328061037,1.2159842702641024,0.6133541848841848,-1.0809797484687171,-0.1525654709692458,-0.9264921174385591,1.1165649043425199,0.2695345795804073,0.7487885284028464,-0.14948489508010168,-0.48053071827821137,-1.7284706421195217,0.12285494920090158,0.3360007967818845,-0.36084557803709194,-0.9727671615810273,0,0.005563895756204627
0.9434507039733865,0.09295457117860158,0.4944806355386113,1.2545869529825615,0.32473471270329707,1.760932151728116,-1.1012014629478926,-0.3198167274663106,0.018747351297738482,0.20477486473700598,0.22743560033815385,-1.3765820245149059,-0.43107070288514754,-0.4859408247815983,-0.7351409735137209,-2.0302187113756687,1.4218172338867678,1.2492116374036792,1.7708751170594463,1.0004246701548924,1,0.733107818718642
-1.764916557753526,1.1868518100691081,0.09137282565308917,1.5132247491888715,-0.7202685197528254,-0.2721775930553812,0.7733219784184079,-0.7331201473007047,-0.44712877273366897,-0.9235830373563636,-0.271520700352197,0.6099393063650871,0.7120895089134187,-0.024617762974072845,-0.15375707326235616,-0.8832276835855619,-0.10541078242210511,-0.65587251483218,-1.0149167380256616,0.48513132389602004,0,0.013383927143177607
0.8180809863891418,-0.8668772233549478,-0.02239728992341463,0.7077664547503166,1.7349218597470275,-0.4958624712445163,1.654462033034234,0.1908239510137519,-0.41518647864621705,0.039584641370864045,0.04409687289804582,-2.395363769759287,0.7713444675474572,0.892855525225262,0.8212993842647788,-0.07874230996312963,0.1518276182176808,-0.14124722704026296,0.6179583211520925,0.2655142228793213,0,0.0341194981195714
0.22232943435838612,-0.48233999654422377,-0.03947337079878624,1.2322273268737698,0.23804895235539592,-0.08393929741163003,0.9031826570978769,-0.05761937556639561,-0.9175188892305286,-0.6582369966368306,2.5317991663030806,0.0435257236138914,-0.662527489575772,-0.14657681286387603,-0.27528927754449567,-0.21840429499378403,1.1290690548127853,0.4673519339642415,1.791819318731693,0.9250586818773194,1,0.056209973918369904
-1.0887901341435957,-0.3214616704823835,-0.2330125679880199,-0.13041586555627466,0.028156792974972405,0.19689744919747038,-0.2787917100814796,0.39544642377169925,-0.04608163567680981,0.9120410044857471,-1.561870345956527,0.19157378358700883,1.106945804987381,0.6297838439259061,0.5533436088539451,-0.2893245023816423,-0.06903363559418808,-0.3504188064526989,0.7054508039537846,0.08471443142357239,0,0.0254834813338405
-0.20157957081614314,0.4574134014624749,0.23600880135355076,1.056081454047979,0.9194146523080251,1.5269517542778654,0.21199892362450592,-0.1213545472612155,2.57539659096484,3.259017600693499,-1.0277467599176924,-0.5291096086616205,-0.6457299782675193,-0.19799942825078076,1.3583932252981774,0.9897781386946084,0.24277007146987736,-0.6218424735933812,-1.1395800715654822,1.6010670808959508,0,0.1689035175511342
0.5041576114192203,1.434542475914194,0.8754338575019938,-0.14779532359584802,-1.2041124027080874,-0.9507258789822339,0.023012984842953256,0.3384595899655396,0.47943574991923593,-0.4335533274253394,0.11268958107200296,-0.16481550725360405,-0.1726138320699093,-0.7269219507457639,0.6981058069766116,0.844436271776933,-0.23912457134665932,-0.07434941404355762,-0.5382496040036561,0.81392809846722,0,0.00849997743505766
1.0284906255435025,-1.4192289849837556,-0.22447890581937655,-0.33872205024032204,-0.3809320917734713,1.3289873040671734,1.1934177964954347,-0.652599127636159,-0.43217787165271854,0.500440044134961,0.08381519384834672,-0.9945584772645996,1.1326872062931475,-1.2054154648249564,-1.5872138901443726,0.5732208125883691,0.2754484489507321,0.5268107045680052,-1.632878206009226,0.2364407616514369,0,0.0011990308397486994
1.2687778550036701,0.43429473596227147,0.151169696456324,-0.33563807813244756,1.6632519122516152,-0.13558493387652787,-0.7660371386466804,-1.2176770897756208,0.45225990270986133,-0.5177940130153054,-0.1829424585185331,-0.053787765124890786,0.18515644532814204,0.906217720422056,1.3109140169719466,-0.6206667850236175,-0.5980939097415574,1.1653914508294203,-1.1326678439917928,-0.3596000377135725,0,0.05243197662729591
0.08107815150417466,-1.4235767716838552,0.0284223909204335,-3.1969089122699845,-1.638895047842922,0.48019613354028406,0.5326650474774929,1.5214197161752887,-0.9503727095230027,-1.7234021359461882,-0.6280441606328424,-0.5113387390414891,0.22514886405502302,0.3759076608383666,0.7273380455763084,1.628011817651534,-0.028830910928973136,2.385865489426522,-0.33613583828215665,-0.631037485425803,0,8.614264694645464e-05
0.6042101761860503,0.3865657364605828,0.4874803141502525,0.2691641308569151,0.156212583157453,1.2889472307084167,0.4847986005872159,0.5234811420009826,-0.9549117574077203,-1.3765801737184375,0.3506495062231185,-1.6902715564866908,0.6254054182526507,-0.43405212927876347,0.8251393178432292,0.19799562794496575,-1.8859047813713095,-1.3493199950697565,-0.6997968969546222,-0.7692470423517412,0,0.014093398980823308
0.4632873119535964,1.0665740880629988,1.5325412663808766,1.2073681362754407,-0.6196022251393482,0.8717531907146846,1.0356696585171419,1.1940143003712902,-0.16207708285104938,1.0743961576899475,-0.5702123454816459,0.8769679548586057,0.43495838954925303,0.11240847236829701,0.9451866505790059,-0.7542744145592779,1.3828562716997126,-0.8079778280445546,0.5621921167467943,0.3459788139709806,0,0.06958649300619706
-1.4499222421606217,-2.844622694562162,-0.5194793914370995,0.3825699063122062,1.497129709606803,0.20529306838176536,-0.5835217812097659,0.5192771636551309,0.45144604788822074,1.0719484148722132,0.6406601973958289,2.1071074386703934,0.0035434916875653256,-0.23117144138804355,0.9489369847780558,0.5320725933215771,-1.0421837331396382,0.9979478270044526,-0.3997412768159099,-1.6737378267906988,0,0.023375602901541656
1.2465414784696094,1.3775277829193746,-0.43046601860608935,-1.0170069533718764,1.6888177849068806,-0.25112568783491956,1.0220548988763545,0.50944698925681,-1.6010081335311506,-0.08817858303475862,0.8158899821062356,0.3721848305101031,1.5678371797961435,1.2103549124295472,-1.7540385463754193,-0.3870047596204588,-2.426980075194829,-0.20257160931404172,-0.06477445566574044,-0.4298365738653348,0,0.0015718506909505254
-0.6362189024417476,-0.09735813689968671,-0.6137423985037441,-0.08320149447067363,-0.24665966672002973,-0.9573873748599517,0.16057794907600054,-0.2916889064026923,0.9166211523466876,1.0613945499652462,-0.49037206525728616,-0.3675857695501844,-0.9560806037155287,-1.1817288690025045,0.11553632335997423,-0.25923878748932166,0.14703457419997087,-1.1727567808031378,0.6550157620240052,-0.37439704155890763,0,0.008179326417544685
-0.23514432802232504,-0.8443510644617249,0.8544569507194114,0.3500965776379644,1.0963485117907539,-0.8863670750191012,1.1684429498846485,0.9661263030111586,-0.6574500810758849,0.4821368801996364,1.60806369037473,0.5518125528701643,0.3205860654659937,-0.9080138095921968,-1.0383485174187106,-0.6278469239592245,0.37884357319768447,-0.3923685054280948,-0.6536894509500129,0.008524847337787859,0,0.007316986534267838
0.26438201067381595,0.13809865585335043,0.9720705233310353,1.462369790141494,-0.658991918026322,-0.4856341721608336,1.1951082055643583,-1.0144687832644523,1.0178947933253573,-1.4193112048759182,-0.6195118293016009,-0.2947112603598751,-1.2747907890240262,1.124698461448115,1.5685318441432723,1.971449143348764,0.13536822304052715,0.010569164122984963,-0.4404345339653295,0.34499356263057573,0,0.049953408003729924
-0.6422685992446192,-0.021310350105418624,-0.6717019983626161,-0.7593859788688103,-1.0343686230600877,-1.2702159882107402,-0.9259282626343768,0.7123964993851841,0.9122289280788919,0.22694276884554937,-0.48537462876875304,-0.4610884457671853,1.7891287688909505,0.49588417070824886,1.3209364442057867,0.43591891678975514,-1.0954303181797909,0.5363484470217055,-1.8175269690906233,0.5991830042222771,0,0.17112480064334817
1.2007725058410241,-0.7270011094987988,1.783890213110208,0.7179392471267825,1.2414368271949816,0.45565267643191126,0.29192762955504653,2.242713657422701,-0.7177722668271527,-0.36067281940671625,0.30372313823387576,-1.2058019671436973,1.2878411318859173,-0.6788592711926535,-0.8180419918071948,-0.3695063775345777,-0.044515537538125316,0.8896958308044514,0.2359602004198142,-0.4372337836173339,0,0.008337336623396308
0.22277253432802033,2.240273828322768,0.9538213806230543,-0.7002548460983239,-0.30841431552555604,-0.6111940575001797,0.7122442749377785,-0.10969680086066676,0.7409525971567571,0.7422028259753961,-2.3325661287609574,0.03908514020597126,0.3664879237815123,0.23860602657709698,0.7041390628558284,0.9709932969759996,-0.661589774773289,-0.3230002636164313,0.7298272687244879,0.10342453684504525,0,0.0007075043839791698
0.32351199078374526,0.2523093321758604,0.800747082361943,0.2308725722746537,0.38836317055495656,0.811498434020703,0.18403777129012752,0.5513029711678997,-0.8662613494947047,-0.8641251305475751,-0.32428539482261187,-1.979332325752512,0.6500424656757633,-0.13363852629180445,-0.40789724431908747,0.889556328040229,1.2153387833735567,-0.6944570878446487,-0.09046670594578811,2.667292659529836,0,0.038263748147525437
-0.01911279421372112,0.20647598432386452,0.652012714889702,0.043217165161393525,-0.396486189628372,-2.6743620485124016,-0.7594327379179644,1.7518381365736677,0.5475399109924172,0.9813686019452637,-0.3670800238325405,0.5999199919241742,-0.045146980724107284,-1.5700576501389467,-0.33109802301786645,-0.397958967585025,0.43933522025413035,0.015891796299418077,-0.0014215997751768233,-0.5272006685272997,0,0.008974853151736299
-0.9416127057522016,-0.3172027285595361,0.012136565593026387,-0.6376348090432732,0.3008918509951545,0.04117427630949283,0.1942470624388051,0.09858059518959043,-0.5630562877455081,-0.14777029053133672,1.6117359838242724,0.11011707333031762,0.07514036980731728,-0.6454140381602319,-0.07319629068069872,-0.002362197546496842,-0.008432811174930398,-1.26577371655168,-0.5196253637015965,0.37395237726038727,0,0.01117873992027975
-0.015951045850119253,1.9012877586677661,-1.0192571521706155,-1.158810825867929,0.05422784245719606,-0.3103985283575717,-0.5192667889823493,-0.28781445166609565,-0.33739144756284106,0.17953824747742028,-1.311325265741616,-0.23318160598805973,-0.16885896230883662,1.5849453743666329,0.9163842792115316,0.6259978558293194,-1.8277321436666971,-0.7472341402018842,0.7174916244456611,1.6328399648794343,0,0.00027416266816288564
-0.5162176920466935,0.2457199987173569,-1.2795012481513077,-0.6244468367113754,-0.31122869805609993,-1.0730058160086446,1.4918663121975584,-1.6953624547770076,0.7556348805889277,0.7152505548362357,-3.5260486426926736,-1.0371319179200034,0.9492541037769944,-0.22436573840866203,0.2727476037242907,-0.2515435281032777,-1.8346989437324028,0.6578941446302262,0.09555058040068147,0.24731751557511633,0,0.007290042701221977
1.4499613081857141,0.7016987339909144,-0.965210175617274,-0.28754787050146385,0.5705937060460428,-0.13678396479857086,-0.14549254226825697,-1.2857870675128205,1.6491947930922621,-0.22226942225791943,-0.917401840895328,0.07014386716037545,0.05626525882654707,-1.015425387137595,1.0354422907559553,0.9742419885659376,0.011904225231112389,1.8055555510337913,-0.7891179566497558,-0.1571385899203122,1,0.012902198677115997
0.7026616490386108,1.496059160468791,-0.6623098801311488,-2.1961433286694425,-0.5532151267952539,1.001883594570522,-0.4539982111945294,0.4826500157530967,-0.4270341373775142,0.5380143619112944,-0.379174471831457,-0.3058802403402132,-0.4084869795898577,0.3095959442002522,0.7511951263223102,-0.019730983465363693,-0.3125729618690055,-0.6440203762374233,0.9210161990326263,1.792567336997732,0,0.0002226988310553629
1.925098093237789,-1.1664637784738818,0.566984708929889,1.2243695666551435,-0.5069824716756073,-2.5470904104476966,-0.27928620847135566,1.424389358745718,1.3856914100872797,-1.137074428333737,-1.579244880648748,1.6377001444304893,1.4287638036646795,0.8684887258058588,-1.558736956610886,0.2600141901287715,-0.6681767751288351,0.32450832720517825,0.3736417588085115,-0.6596087020702621,0,0.01068572594467545
-0.48794183828268867,0.9217378870613662,0.2945698203184401,1.2810589342083145,-0.3231322651034093,-0.2151346960806298,-0.5389781588273038,0.20818015267526738,-0.18512438510719775,-2.4510714074393456,-0.2965156706619681,0.1914785948599939,-1.0259227627031287,0.8056384715594258,-1.1022469292294463,-0.022460946779128473,-0.6367086631409901,0.10068932736163153,1.0403745646728233,-0.23203152619344372,0,0.01563278406620419
0.6662603064353493,1.3062811942150816,-0.2589760909433158,-0.315259340533028,1.6841895426969862,0.7402515678854857,-2.7908935646934445,1.1574020299600574,-0.9696186262049984,0.06019883079918394,1.4324135830182492,-0.025490970195378427,0.1793686621259547,1.22219986763611,-0.15277787070138366,-0.5981396051611613,0.7798720187963445,0.9045030696391972,0.05946616826617145,-2.154626948231303,0,0.009547759281515272
0.1305767136673204,-1.0246186999652276,0.5014505795007755,-0.7511018640962185,0.4979888005767499,0.9409009113744452,0.282468129826861,-0.18401698944607364,-0.8824415968657369,-1.2045320327710507,-1.2458421261514459,-1.6584734437815531,0.1435963627981829,1.1309955847586268,-0.7168810354072885,-2.0337555191213244,1.862582781659062,-0.6840517701054396,0.20032600203996578,-1.5674871860826354,0,0.020980476158054064
-0.7144542063063472,-0.35058444748465734,-0.4166602742758851,-1.7007519721777289,-0.867586326416344,0.1325173081262576,-0.42730962212292656,-0.5972094978164935,0.2748422024486579,1.093680250141994,1.2836780592659844,-0.3171084613588562,-0.2077446660954004,-0.7629994635954939,0.9295007175089613,0.9985912537137438,0.6007890235366108,0.4963685036896872,-2.413585748584613,0.6278842754892715,0,0.18143905010614536
1.6233780831906155,0.8855698410422557,-1.2020973311188325,0.4362827090140487,2.198313443940627,-0.6848277385257496,0.13285296679624042,1.5131447573270627,-0.0851985385567171,-0.4733594024205528,-1.0207246223912692,-0.5422293079814667,1.3104603166690558,-0.207708485525658,-0.351050964977362,0.4667871913184255,-1.093301109226933,0.9505446203797403,0.10807544977405255,-1.0895941343501188,0,0.004031333151530158
0.4041050383311707,-2.612488013965756,-0.9774375538744673,0.47124469644044836,0.29028583365755645,0.19271094950860274,-0.07940071378505194,1.0326218490305346,0.9802381690127384,1.3911126275626893,0.4231789962613342,1.0203564399393552,0.359916842670387,-0.9843786639254462,-0.02003106690306477,-1.395537034763298,2.1810535792571057,1.0326657417464946,1.3803144751707404,0.10402441736541516,1,0.4381633384185063
-0.7799054040398172,2.0122878157659785,0.7419022601814036,-0.7183861223264165,-1.2777399055117464,-1.049392102120956,0.41695430471903894,0.599603811230853,2.871274800494229,-0.07441286089169223,-0.5772851147101405,1.3983766838181608,0.8786213055138393,1.2596873171045284,0.12645883485955248,0.29107119032650014,0.07620725792048097,0.7848863567956434,1.4839328426974157,0.5720084012902158,0,0.002094267308893797
-1.3815581869071623,-0.7308563309296681,0.08569614882646606,-0.48322762492456023,-2.4525608331756326,-0.2128485815725556,-1.917675271472792,1.2053183583393594,-0.5734086419400752,0.039834436990885874,0.8046508584695704,-0.4144893668758339,0.37720466728282337,-1.0441697056517218,-1.2681083060426286,0.10598404989822485,0.20293324345140257,-1.804939134768898,0.9561519859094023,0.5390469603317851,0,0.052688760294408506
0.850575518093454,-0.02506745168737675,2.374750772170752,0.29296881373239386,0.17389727951827902,0.45998268276463034,-1.477196775575964,1.080136656715845,1.2032191488889614,0.1202333434509959,-1.2559377189694523,-0.07995255054065596,-0.6206477036767358,-0.910210124724554,-0.4743264608336589,-0.20808277973343633,-1.4912587952380183,0.7020096027542488,0.6389955241007875,-0.10906967841778434,0,0.0025673805838655043
0.7313727853957294,-0.47045932583058087,1.4106675425214361,1.0550780788968643,1.4338972376020587,1.4687799047575811,-1.0067874313893177,-0.23447123301537542,-0.42720190367734057,1.9883783948359621,0.8029874615759788,-0.6261817094347202,0.27281375488108134,1.8845707659528868,0.03252767332960025,-0.26792154452144457,-0.13756170575319812,-0.5130282090527176,-0.711086946239794,0.46532851139306863,0,0.024031545154280562
-0.020555967455536218,-1.4136639602029892,1.3175082587802036,0.24032537685683494,1.324382230942674,1.4260493459815984,-1.0918985576180449,-0.027099492825110098,0.21525336112509186,0.4469924551177956,0.16940284396189328,1.179779464432259,-0.14478028371978907,-1.7617113651344252,0.9060781087720852,1.4060396445091097,0.3802763518849343,0.771459291109761,-1.2991010596383017,0.30114088933104033,0,0.07598851673907017
0.09093463177069308,-0.17720974931349087,-0.0928618373948906,-0.6907636483285196,0.27135631467888344,0.680394964266646,0.8421693669787074,-0.531678114434678,0.10176904131643287,-0.8422128303283078,-0.5205154473006695,-2.5304970465765333,0.7923155199104033,-2.1674037233065317,0.3220078694377418,-0.7562277154105318,-0.7337254404412729,0.19598604092819208,0.05901671397096779,-0.29325124010825976,0,0.012584666803372769
-2.664258740458062,-0.030516499317187827,-1.002069832211361,-0.522609618549429,1.448974126127385,-0.25465485965128204,-0.38902574433431086,0.550220196535892,-1.1460680854195384,0.23212012241059707,0.5825243578117028,0.8109539188097004,-0.19851018631809675,0.13961425349758586,1.5145426202189693,1.1659252604529178,0.729610769044558,1.238238772907762,1.4997894874090572,0.8967509399196504,0,0.0005198128181616949
0.18098224580897498,1.3239976825653155,0.6127388094415005,-0.04905379281311895,-1.2909871787904976,-0.7963005391107094,0.8371680429744458,-0.02095615518665526,-0.20931448231926295,-0.015592160800822685,-0.6686234088602945,-0.40997107319699067,-0.1717729459015717,0.8373717087053534,-0.8333041831053858,0.48060795716126353,-0.6046797403570704,0.8425786724446102,-0.13525700632888055,-0.9580264514752252,0,0.0008039359146646261
0.6308236114668971,1.593933882235871,0.3918338090769971,-0.6235343515211517,0.5378980214093266,0.7851952918818896,-0.23513683244861966,0.010084100033280155,-0.2247524182721737,-0.6094315677592629,-1.1704926337769541,0.738062764582859,-0.5373824466262713,-0.4502280309310458,-0.24109311848957116,-0.28215302217041716,0.8817624364953193,-1.4832549439777958,0.7487663409953803,-1.101556326637958,0,0.006873767147503678
-0.14617130712921536,0.38376308003686194,-0.7575555681848459,1.476434307051497,0.5507665318375499,-1.3899222547641936,-0.11594679458390347,-0.7609194098646997,-0.7149843222467768,-1.3069058055320522,-1.142285337552155,-0.17247930204171574,0.34461308311373684,-1.7082019804982547,-0.37160371199403996,-0.8485894967717429,-2.122637973335556,-0.6497649198027765,0.6601286812552556,-1.5479523134349102,0,0.054000750244403185
-0.7643470509259135,-1.7426614266243383,1.7231068535749123,-0.030223845975147913,-0.8096462986899059,-0.4896021744244536,0.42943559985205015,1.8813639247111829,0.009452720232793616,-0.9269447244367544,-0.3207196688290685,-1.0518096830974903,0.25454786474915964,-0.03633900912024229,-1.7743053162899813,-1.0936151576814714,-0.8391084259856295,1.5087880920166015,0.7146667883019364,-0.17914912218599766,0,0.0015244199922034244
-0.9047960850343783,0.33593784997387577,0.8033227058315084,0.29941351366005237,1.7497469146241524,0.5939060349082615,-0.27071776634207295,-1.053274723686432,-2.0887115938968104,-1.4905584157705414,-0.6835317335044255,-0.2760353994110567,-2.409742694046987,-0.06780664025767368,0.19307879492119187,-0.6580133642819719,0.13790992430774787,-1.2661343508703002,-0.14240515898756737,-1.272505518666248,0,0.004611054177228203
0.847627882345846,-0.25616731562822065,0.6368842429997892,0.08989360928210345,1.3751097743496632,1.5470849058671932,1.513172538811423,-1.4495748430228916,1.0738276665491913,0.009843424713370174,-0.07225873373469817,0.6155955642585755,-0.7303055268217159,-0.48149975171853654,0.31995617044766794,-0.2710496052096089,-0.9821361192716483,-0.4426948546591845,0.02798369480908323,-0.20188844189974825,0,0.005439117387541936
0.22562682567425865,-0.6833564824552565,1.3598242444993258,-0.2776964258340048,-3.5016761302254347,-1.3490020504754157,1.630042997420221,-0.29548981942283886,0.33023261847141455,-2.210063797103903,-0.22089627444494475,-0.006071901407184328,-1.2667480073754884,0.034852346651829166,1.1932668540162752,1.6730673917137127,-0.103037472820812,1.4780605526787247,-0.04217705358813089,1.0399216109063265,0,0.0005910868337996652
1.0424932951751111,-1.959128392953086,-0.1827935445786495,-1.205827419563625,0.03274574839300131,-0.9016616432597268,0.027089945291623216,1.074736742930232,-0.8795238436062283,-2.1485322214192593,-0.20875059579778898,-0.5636554395686499,-1.8118180539870503,-0.16084046085668463,0.1308426296374973,0.9624077296763444,1.593779339777994,0.5525269933674035,-2.5711823095812525,-0.4636061146228552,0,0.019390789562290688
-0.37022646235107015,-0.5400300485214136,-0.15130032968342458,0.40792476275086575,-1.9039110300737316,1.7082319401485706,0.719501944289083,-0.15402194926283427,-2.118204209896216,-0.7507497585205942,-1.0428966735341805,0.5347604650628864,-0.4990702777701694,0.7872254882884603,-1.3934838431985659,-1.0056876093648173,-2.033145125271882,0.24808839821968187,-1.4020098472326439,-0.7233319184819179,0,6.807835505281009e-05
-0.8916282972702957,0.9580055137222622,-0.14093646846336486,-0.7575743522728103,-0.1963641719318286,-0.03877106113250122,-0.6277174350129019,-0.9907245394834068,-1.4778019851939004,0.6528728709927533,1.0464710658444865,1.1444302707812912,-0.34429792818605265,1.2275711542836445,0.22920985160906088,-1.9073777219910193,-0.08606224031874474,0.9118442415097986,-0.3760549195052099,-0.1195524639515609,0,0.023124459585588664
0.7051161924111867,-1.9819396956718913,1.6865493785821686,-0.308720821526877,-1.3969444055947413,-0.16355421408771847,-0.32520361585314633,0.5192401581156733,1.8076903710737657,-0.2890928229932883,0.7485029865922714,0.5015843442619171,-0.0847750290558358,-0.33363796357493253,1.4707320364006984,-0.5135003683995207,-0.583546763666817,1.1978011846263332,1.0048320472536485,0.813807942388601,0,0.051080759700534016
0.5381720359314992,-1.998224213438533,1.135395282748173,0.4548080562315889,1.136058444191522,2.4266989682438944,0.20184461442151475,0.25464872056984517,0.3913213888438634,0.40515639738765197,0.37517081442635697,0.3400682564522204,0.18866872459202486,2.0884585045087345,1.0927662118569137,0.034053628143884664,0.7925570511470422,0.7439278180460294,0.6284443859170218,-0.2942268366954521,0,0.031747784108108926
2.7081186765152907,0.08106756146218476,-0.5859852557722975,0.9347731140971202,-0.2113545024045277,-0.4670217978380559,-1.2716709790438352,-1.832453464048477,-0.6142523998240352,0.40361615243508375,0.45092401481142574,0.2858418416255552,0.125959979523282,0.22570743081267078,1.5284302081012349,-1.9240660034337629,0.8342138083656028,-0.1130873946055627,0.1456314022652671,-0.2743956104056359,1,0.06564524519517309
2.724166927792866,0.27072167885504683,0.7431419920813055,0.661853543019187,1.3623679441343364,-0.18699330197978445,-0.913619532161239,0.390532324466825,1.9064381704414222,-1.737377275584462,0.5943919087569864,1.9216778894597693,-0.45294383363760715,1.1379240939275437,0.5383131995222636,0.8395632859518991,0.22091111613934966,-0.03939344858151204,0.9779604572583912,-0.3727624503869318,0,0.002513202803011663
0.8554102027271135,2.16583739306133,0.27950510728023753,1.2886078092032276,1.0214166529574247,-0.025746996314571568,-0.19336282674112612,1.0694043800885626,0.10463363568580938,0.15281117019746765,0.9817137820006434,-0.4759224254273102,1.0554753687758054,-0.10467228281572825,-0.710898880240474,0.054164450805139853,-1.5305932563880598,0.00020443143274837515,0.7375744413934466,-0.3246968410439227,0,0.0341997019862956
1.506907315480699,-0.41529045846266666,0.4286489494774167,0.639192082237397,-0.25082531067257213,-0.2415555047084823,-0.7074749804505002,0.2727732533906455,1.076924316390034,-0.331323274303496,0.39069100484414526,1.4580030677176194,-0.38997700259555185,0.4188539357534,0.07978515723230464,-0.013621350690903051,-2.1083661461996734,-0.5231062975903872,0.6142931894320636,1.5785716635230695,0,0.005806305377709878
-1.1640470570854986,-0.8730173058909428,1.2623908469300948,0.06296323139939605,-1.2598179854248774,-0.04004122235091825,0.3759704320763674,-1.0515673613357404,0.7109374090873297,-0.9729245476267359,-0.35958733258072667,0.5582333272926872,-1.3600301393750116,0.40062795255803857,1.3186580586076169,-1.0725278009264623,0.5590557759048412,-0.1793648112433422,-0.030665655865285742,-1.0252403377585286,0,0.01676801493680698
-1.634201919929407,0.15303856615438316,-0.3929306615443944,1.0019668974628697,0.45457321307128556,0.8065027997651354,0.5761532778801834,0.986867488838461,0.2103681660708973,1.4384199195792342,-0.9387416306847983,-1.1446089018282555,-0.9838828662214782,0.5701109042599214,-1.205526201349029,0.9076258973657257,-0.22038502778393046,-0.07465550491219228,-0.9203197756218532,-0.6934304765899675,0,0.02093617054303063
1.2647925951850696,-0.07123992529939825,-0.49067697386708425,-0.38200397573282985,-1.1641061733496272,1.3179570657509014,-1.0614075554963316,0.15686522280885973,-1.6511623697847362,0.07988139898195472,-0.3355684700798206,-0.43769501700926117,1.4722475869388174,2.296907564839396,1.9244198120787028,-0.3165968277189592,-0.3613302876026942,-0.4985150906349145,1.088587651606388,-0.1365729576765147,0,0.006755257212157632
0.5712889513727322,0.6607526243103752,0.18673882864239322,0.5244122544212265,-1.454275799959144,-0.3763693037132202,-0.3636396621387744,0.02150626610790522,0.23022672185118956,1.6548361224839747,1.6130127859787382,0.15413366261738032,0.6726188424397823,-0.046305797916556285,1.812748240151585,0.6318501006661984,1.347475065382675,1.9701963255004022,-1.141963561557914,-0.018593060806561715,1,0.37235262840033306
0.8679772553533525,0.7607377050535729,-1.3634443491303276,1.8949652064046907,1.12691588310381,2.338675802583001,-1.7203163574197873,-0.9470906397170304,-1.3177874369814886,-1.2928813741106426,2.040244664900765,-0.8213345682838824,0.030793827684431965,-1.32673867223233,-0.12287318614331919,1.3792939005925056,-0.3830240890086408,0.8368714709116701,0.4767916354599845,-0.6612498112600056,0,0.009260248353564397
-0.34384932292818887,-0.5237380968223313,-0.06399647050238644,-0.5131168920518335,-0.4574963398729102,-0.1294221786188257,-0.3050624794847999,-1.9506020617633668,0.592846622151921,-1.2614249145730287,-0.24234771792732085,0.03339144133568737,-0.5713392345615724,-0.5697293638278091,0.06477459982074421,1.694507638362709,-0.2968657536066925,1.0109276194559427,0.6728392774973755,-0.7395918885827562,0,7.232465233432391e-05
1.2005461157914652,0.16214871469226563,0.6181594813343267,-0.3235579433505317,0.5892095953130069,2.1803650455458006,1.2358983208008365,-0.68608475836125,0.2809207208958037,-0.33534758253411856,0.5315792875908634,0.40757902227314285,0.05539578030005434,0.7405338093637182,1.1933833612550666,-0.8254225642401528,0.5667646023757493,-0.08537265564552297,-1.3584356373656357,0.05121327843696198,0,0.015172663478473939
0.416355387723253,0.09249989207044217,-0.39735523631325265,-0.40245098285376707,-0.9268905614832111,0.2217254925604682,0.7190840007369191,-0.16211419779769493,-1.2698600020330704,-1.241707171308684,0.2193605980475951,-0.702756255368239,0.6302613880328284,-0.5503707891951616,-0.048937996546413134,0.10023338272166794,0.9095171440352016,-2.0651767009381845,-1.3594794527796108,0.33421954453153135,0,0.04509687745853989
0.1587260793378976,-0.827757710182361,-0.45179866053896417,-1.0376085035479732,0.8659320162742866,1.5251426187947017,-0.7855767222012238,-0.8217037810122332,-1.4704183763842855,-0.5407044325862512,-0.04914228338948627,0.7829077254564105,-1.1322668922335373,0.43990803127464423,0.1573098027758036,0.431952954445515,-0.546517571615985,-1.3825401278911078,-1.6725194799895893,1.433643542685879,0,0.011701640957709633
-0.17798301044735826,-0.2760212925901887,-1.155238158325206,0.4909169989181463,1.0379643289970433,-0.34867646920238426,-0.7429330222549582,0.7941175686880285,-0.1673549858865834,-0.5674195383785555,-0.15512650777074619,0.45417294401763164,1.3003042709483252,-0.012115313358278337,-0.5316098421861716,-0.666301626630896,-1.6527529817622397,-1.0360987948666314,-0.0723106731216686,2.7298660765866667,0,0.02701998139862722
-1.6755549116243984,1.044307037953364,-2.1752809565715654,0.2470110187533956,0.696355879199541,-0.5464862493741416,-0.34659132697994777,-0.9744166056219532,-0.3117384397627003,1.7288460698812367,0.022708200955906654,0.24469929863545023,-0.1642810533898316,0.6636644308049554,-2.331071307366224,0.9753177100253531,-1.1617112802907095,0.21506446091790143,1.6303521669721557,0.3709219490531053,0,0.0023975071160250135
1.2020835013377535,2.203178079203101,1.2143308513093822,0.2217769820713671,1.1967427310730758,-2.157714149439316,0.6801654146811817,-0.7118373816301482,-0.875470327656302,0.26104634318517367,-0.21913492746806465,0.5088180198630291,0.5893175554934513,1.3813501348079475,0.6116789160756312,-0.31623642584022077,1.3211963687835941,0.01898781101915576,1.8262036263963095,0.016571985735261967,0,0.037201781956944985
-0.8097918581537885,-0.14293215687392313,0.8764110019382082,1.1672394530703794,-0.04329255033374927,0.006188150555618578,-0.1926414491308473,1.0850052474640581,0.7501934992878884,1.2931799532261534,0.4733312634550377,1.4987664239250267,0.18534950775573977,0.731702349163617,2.2513392313140708,0.6759055750132774,0.0727616432572317,-1.0185380743854786,0.19756161598206262,2.5674218701719567,0,0.018201169652658677
0.3518788001274287,-0.41461975924620403,0.9826381739840836,1.2239352321173547,-0.04098799608079959,0.17432597614262044,-0.39744499047203463,0.9849943536954368,-0.16894678097986512,2.322740318715925,-2.4043361558171172,0.1737278783275992,-1.8943006223703924,-0.4541914379653698,-0.5588901747148016,-0.6109658894352145,-0.9020023906933413,1.8154426799659271,0.5913847489121555,0.8156992940901687,0,0.0020326334921175423
0.044482143414444265,-0.09216147282703724,-0.020781515504709053,0.8617680326062361,0.737467084479938,2.4197158410256137,-1.0804897842850514,-1.1240313106720685,-0.22976771087254036,-0.3015865811667774,-2.0489142127783584,0.07719547425711677,0.36106972670822735,-1.4774952606524514,-0.3643555422922861,-0.09154707770462214,-0.4483790041454231,0.7002345362790129,-1.3948532633970425,1.5637459729122474,0,0.0034100885109310036
0.5011012937516834,0.013719153427529574,-1.125500848304841,1.0748623925870897,-0.027392147060609575,0.8154324414031672,-1.0671476508972402,-0.9588259741464594,-0.5108684319466738,0.4161559863372262,-0.28045815006881514,-1.2464801478290408,0.28807166475495793,1.2216347412317474,1.4963110837894897,0.9009564245537866,0.4441603589930244,-0.5942010877954911,-0.08887448253926997,-1.1336902147937582,0,0.04030732522884359
0.7231376807069365,-0.17078305974968958,0.7254410397989673,2.729939246019701,0.6878125759592153,-1.288440009370457,0.35252680196951336,-0.9504218423605584,0.4477734007198405,1.7452931978754789,-0.6355401134826165,1.2029544558654215,0.8812925802191641,-1.3015331583376337,0.130205258207254,0.5665654838466686,0.37005582423382105,-0.48503155620197197,-1.2748684051980528,-0.8001527462939881,0,0.3690672435169947
-2.070188589668136,1.1847556681247167,1.0292418438199091,-0.014269887216573946,0.9129322839155573,-0.1344228742624613,1.6510008786494226,0.5104080526865598,-1.4409121825608373,-0.5772252626328236,-1.4108825431336276,0.3756661469973387,1.487265051241646,1.1708481477733343,0.6482432325518017,-0.930602885153136,1.6276221767204815,-0.8460044745822378,-1.0549757356875336,0.5815851306745946,0,0.03879248974474823
-0.8798308232579931,0.36053627935866867,0.3666245758315679,0.6526907322974742,0.7237577418912852,-0.33136383042118855,0.6618379606065774,0.35851227031287175,1.3348585148372891,0.4454090437509555,-0.4189817809424076,0.4423493032472032,0.6846868275612162,1.5363240538794047,-0.8616259752296921,-0.17485137591428412,1.3913130744957336,-0.13489150148569806,-0.5841167684071144,0.4740656083631361,0,0.02265253944130354
-2.1773442391348232,0.010064762250412241,0.47769007416992093,0.8287486285474499,0.9866501549233806,-1.4595129522253667,0.8317814310206029,0.7498492504772855,1.8402669117580808,1.2144703182807732,-1.0572829102857275,-0.32999812060534883,0.6035719629263059,-0.3869112222154434,-0.931823486071424,1.0271614656812145,1.3977866442687645,-0.8172619357901795,1.94536080276397,-0.6135752740657101,0,0.08292321480508529
-0.2491064702362344,-0.21188328428067502,0.23355078119261868,1.0088511413440708,-0.9578809487208431,-0.7401313954455461,-0.32414920914139594,-0.41002631367220577,0.40654635068046746,0.5532551514321105,0.4324454029608667,1.0643662827272726,0.4578113620810059,-1.100828160467396,1.14522124169639,-1.1074194404797295,-0.5062506042142781,2.567044669989593,0.3281546827349116,-0.05024607202593905,1,0.457891290927251
0.774760351243199,1.9651627809683367,1.584829973083508,0.8707277725931574,0.09447195618434381,0.7808640222725943,-0.34891778850302846,-0.8238979147384571,-1.5659134466791926,0.49968748050040174,-0.4366905192920021,1.64513100513377,-0.2242764731895079,1.2901771370668664,-0.19621716751613713,-0.1767796160146473,0.17612613337839944,-0.3242116961338806,0.6709065038971496,-0.46914313245983774,0,0.023976417615844816
-0.4622776433401805,1.5138986133332784,0.1366354351335722,1.3982040900833115,-0.07589945605584132,-0.5501774294597475,-0.3144734025948174,-0.7051844361296185,-0.4383415702737189,0.03189238082358878,0.5257746598031466,-2.085346114264544,-0.47787329265578116,0.6502098847190872,-1.0702572327480044,-1.5729277023151103,0.23859937324556912,-0.5480220974730883,-1.391063418136305,0.06473742864400404,0,0.0002729875402195222
-1.8601247181963771,0.3956613840946449,1.694009755698325,0.16418316380481093,-0.28595143529690636,-0.8302742077959203,-0.27121440225381843,0.8464326311386028,-1.433921008601008,-0.48642630928214614,2.4343180401149285,-0.6235062584702745,0.8210526716799279,0.39084059875187266,0.896145247099644,1.6643125991937218,1.5528529271293905,0.6605888444437888,0.8737711628338183,-0.5359518412083503,0,0.001857357230417072
1.12608061642393,-0.4886308773879137,1.0281516668342023,-0.5674341801900975,-1.1518652323845464,0.7903628909563576,-0.5547899200803263,-0.2775243041342133,1.7959446429590196,-0.5698203580078003,0.2603243994835818,1.2427184007072194,1.2410322559783564,0.8600975721663289,0.5317209379296413,-3.127374076661532,0.2886134223156118,-0.5143343729571672,-0.7018925829969765,1.0463515870721096,0,0.004874995741956576
-0.29578370036301943,-1.1037720938359066,-0.9222480418930238,0.06366344828283398,-0.5601473158589747,-0.34299121156820017,0.0975361884614548,0.7519534688155178,-0.6711160165863422,2.1978630707660383,-0.0918786926676139,-0.8324371381125902,0.025030170937308145,1.4480404123220965,-0.5115858086102751,-0.5194709527241248,0.3131917278546252,0.16058681679923076,-0.9771013679537017,-1.4387575808230835,0,0.003592265115939738
-0.8437944791503796,-0.5788113134399522,-0.10662085303120965,-0.23637105188031293,-0.4959271744880988,-0.08938856145775387,0.8078563651007685,-0.22566571051291734,0.1596500805695735,1.8782361160427727,-0.06739713797081923,-1.1358347636330561,0.9389598973850365,-1.5514113302729389,-0.7481295945231532,-1.4000244915771218,0.6845134000675609,-2.3211401961426357,-0.2988261295573691,0.6037401344143118,0,0.023689242555833257
-1.434434239895669,-0.8287971084748962,-0.2952508939434057,1.1230035007242043,0.04617317634972588,-0.27665295281941843,-0.07623339392344002,-0.23766386537856543,0.8367041248785418,1.4549061742917717,-0.6130944761543861,-0.6879564213507163,-0.09783700644531869,0.2253249320430859,0.01960552922516585,-0.949171842524783,1.66537403389278,0.03454539212387613,-0.8148146177843182,-1.091044972296426,0,0.015066040574366949
-0.07171353888497886,0.12157097195183907,-1.3131290832144726,-1.9141498928894567,0.19031780901334858,-0.780464835147929,-0.3427973147035023,-0.43587434186649404,0.21106440952460537,-1.2427827441053079,-0.6617688300260429,-0.23885420329442586,0.258186766728623,0.16156041531455403,-1.4355319043571781,-0.19277581797966728,-1.1692562481598292,0.5382126705654435,-1.2982883497457844,-1.3204214161969001,0,0.00014677486442037644
-0.30559651771467655,-0.5301844324976669,0.45504662601585655,-1.9809417782934653,-0.5618196986876495,0.5040063200705335,0.9331860683037657,-0.6593579266142148,-0.43361612391284987,-0.23968991080964547,1.1787772390279185,-0.40588123335897736,-0.6236290069369482,0.11462044184463081,0.634834549743157,0.33211773624092794,-0.9282420446668039,-1.4179661418698273,1.2864648438304906,0.7770299131992852,0,4.1691053649329856e-05
0.7674119681099351,1.8324187687519473,-0.6255032704458136,-1.5599565274526304,1.148596929428466,1.1410942596961704,-0.42737494829187356,-1.2677477356080349,0.4086039227660314,-0.32107240855520813,0.021259156127548078,-0.7152391512556692,-0.07728895443749687,-0.5812511969236266,0.02197093174674959,-1.5486988541944657,-1.6089565260908743,0.027780851410610916,-0.28297158407410766,-0.3698814595269732,0,0.003960972465193502
-1.8715448358104405,2.5631679141278547,0.34030871267215396,-0.2804315244492106,0.09721684808971066,0.6299576498411661,-1.744679133412993,-0.19875569677339408,-0.13558214368428012,0.6087707297368575,-0.6425587198793286,-0.41267830960393237,-1.5958217423151402,-0.06771095521222761,-1.600707436400396,-0.6498270412272716,-0.7152329924499127,-1.728158285080949,-0.0709446587965936,-1.268314622460477,0,0.015705513234787995
1.2659445757246837,1.1728435943865956,-0.3200818426621142,0.7504193989448997,0.24662448157452954,0.6693973097030987,-1.277747148058531,0.5739644602116222,-0.13576702766239088,0.0647288862587067,-0.12452640189855028,-1.1071082546693547,0.8259337707276967,0.6018331411936791,-0.7412603933000791,-0.3259227421188499,0.3744653322295585,-1.4344468556779426,0.9466566940015362,1.0689001531705178,0,0.14572920202124412
0.3732653283878036,0.09170839646125059,0.16134032657492392,0.7241962412943842,0.792000443761529,-0.2537606595621915,0.21477934689963227,0.5834258704766578,-0.7611377228006214,-1.648497284251781,0.9209076479772432,0.6647638524348449,0.6201135002261541,0.1325384027906435,-0.9058693878117398,-0.7397690669465405,0.5398108056655299,-0.8705121139028424,0.9724171755001411,-0.038136940501166505,1,0.12615545958076374
1.4289866996036802,-0.1270984709154258,0.8047346668462576,1.9333601500522746,1.9084897975555137,-0.23017439173044232,0.6546236247239124,0.22653880984831348,1.2554369386985071,0.7356182034965134,-0.8990184639537524,-0.95900306459029,-1.0399798521334156,0.25893414946749665,0.028444023457239592,0.19483715269456256,0.10609591194168048,-0.20946738773049323,1.021937090443945,2.2171676753895717,0,0.046744826789342275
-0.1884808049044572,-0.5138815974129167,-0.9864896075651184,-0.7546493453754555,-0.9389625438490733,-0.7423576350977144,0.16110279765834312,1.059033794924861,-1.073293222376129,1.3802622372882423,-0.07319514916460197,-1.250389430185001,-0.47530139869364463,-0.598772157620586,-0.10499957439482416,1.189163446853585,-0.8498163856854054,0.18485442131707486,0.439352468287744,0.648076844964524,0,0.0003747354396210493
0.5656747226077875,-0.9916483973119217,0.6574273043099272,-0.9535857067177144,1.5063799748018598,-0.3768299815171429,3.0621896454885307,-1.3942887582276524,-1.3347110053515174,-0.37679620854936563,0.9787050230895233,-0.8194151056154702,0.6548785393293937,1.904712880933172,-0.07812961594027988,0.5110957675259484,0.4260122457757981,-1.4524722146240063,0.4946811739871721,0.49932965699199044,0,0.004638247390907456
0.8324730487078861,-0.21882584331623978,0.4842800931450692,0.25256526259167433,-0.1504323662535875,-1.0609950795722611,-0.5754672729988792,1.0201169297742938,-2.3219891419621503,0.7957834590121146,-0.5489254856551186,-0.622420370772765,-0.7703836232999965,1.6820264619995848,2.0145445519611833,0.3153369851563496,0.690312732036549,-1.1763145078225354,-0.9401482146079013,0.012697765944001984,0,0.016743878968837122
1.0583080714502973,-0.0699137741152762,0.4273324311829635,-0.9770472489079672,0.3998687611618771,0.12642993274508,1.644007445402484,1.8048529034463925,-1.4427356422520976,1.4347348277530878,0.8105029760963163,-0.34029843772431506,0.09290948406343433,2.254992584680345,0.43360707194613596,-0.6701606310469299,-2.5361203133341093,0.5657252666133668,-0.21243961020249322,0.12031986978242706,0,0.004266868588220787
-1.2030777675871105,0.6621153001667273,0.014514609540186447,2.0296345471080337,0.3095291025078819,-0.4827759914035701,1.0467259910423934,-0.34346282177783216,2.363113227640421,0.4954862906334281,-0.3526715841825173,-0.8665257576058625,-1.651621374337307,-0.4258131787210424,1.0853639475262198,0.3775951252892573,0.6497058690830957,0.8598282388317875,-1.0350777593821177,0.36784228186388757,0,0.050705452071974855
-1.1380415100267236,-0.9566623807409641,-0.8463155458129012,0.14977178641469296,-1.4498241701402255,1.0746457326373486,0.14821234449265921,-0.565140280844335,-0.4613095351338574,-0.47105024347937274,0.048893321156495355,0.9626095276771414,0.16870286306483687,0.25060398528389805,0.7070989829378461,0.5688237921469554,-0.35434385638525556,0.7069675964498503,-0.8432582841088065,-0.000428784671235663,0,0.019276782037490087
-2.015849901045859,-0.6477644027481401,0.07728993407491305,0.5460996521323356,-0.4063844417227385,0.9058495685564193,-0.28028777595138904,0.4085562101005016,-0.3845604113675281,0.6867729339341571,0.8764204345348922,-0.7190593455800341,-2.0839056010180466,-1.284304192339321,-1.4056654541809992,1.0951717713255336,-0.20786112652284613,0.6943844597349424,-0.3760167070302487,0.7615258989243197,0,0.0007538840902341939
-2.1803307264305243,-0.7683772124699273,-0.7450561488100742,1.2144504050871807,-0.3383472623650163,1.5215060599938615,1.1163022707566308,-0.3985872168617115,-0.06373345004605362,-0.9938635902625074,-0.21855951974939,0.8377013345775937,-0.1114180002496829,-0.9628346070705083,-0.4620667882671721,-1.4083541350149367,0.5357065671981173,0.06377114812406393,0.1463872817165579,0.7665636023928835,0,0.03092072786607811
1.7933368222520727,0.3802908422867867,1.4422012796214267,0.4967354750771873,-0.17097076486593463,-0.8076812162472607,1.7414209615660319,-0.7943552345220047,-0.8929864726388159,1.5310003643000296,0.2189363227588784,-2.1189446978203907,-1.6114285950161025,-0.43886019622519706,0.31432477387814106,-0.521243429946436,1.5971039081171448,1.0996753019377004,0.9797687365264728,-0.8398509731300994,0,0.016802522860227445
-0.25322671005183517,-0.5616693768799568,-1.26347620427831,-1.8648430785926375,-1.229603016623658,0.10078366952213182,0.37719666029628507,-1.7012440552657986,0.8066413764649232,-0.5831042099440392,-0.45658163138158986,-1.0135106399256224,0.3892397566083585,1.1105476094216846,0.8910907447932794,0.20659710304647805,0.5682615815611165,-0.2554794290688937,0.32293459595405355,-0.333262702651041,0,0.0014600423236366751
-0.4888125545426772,1.2978245302533413,-0.1584000839964247,-1.0214391268659317,-0.8457589226023977,-1.1975068610844133,-1.6227661467891419,0.14227916220221268,-1.586118069577135,-0.395601468034901,-1.2394292641889828,-1.6732052573496847,0.18703753994399405,-0.15288726497543156,0.38572516258818185,0.7818890805478226,-0.07401430353170689,1.273404622878019,-1.9104734005975297,-1.984482185388292,0,0.016940445826145817
1.7020998494563953,-0.19011011973676192,0.4916245660528096,0.5235180181243224,1.3551526480123086,-0.09971637135925786,-0.09675755570610126,-0.21419225687951907,1.5696412657150198,-0.6042419031967589,-0.4208214606176494,-0.024085844289419716,-0.17692546510641213,-0.34544345671680665,-0.9704134341504589,-0.07404071661971566,-0.8668671826181263,0.6329505111824096,-0.6090597098412714,-0.5169332709768375,0,0.0010315596698316578
-0.39147165957225805,-0.38763013506583155,-0.9675545692093916,1.5218657639584425,-1.1530741663918642,-1.835507163280011,-0.2975411265811662,0.13550387677155942,0.5711951196589119,-0.08387664161848371,0.6559700935630007,-0.879562066051676,0.30155457899519283,0.3527764747204085,-2.847008509686644,-1.2680434567737098,0.6417298182009369,1.2746463122632852,-0.8379867905181309,0.5282089282040369,0,6.1257725273771895e-06
-0.10954137543611935,-0.4209555196151791,0.7983119548150732,1.887050688079922,2.2351053454052554,0.5799430684582534,-0.7717792871284671,-1.090055296789267,0.2823444937262749,-0.9834005902828041,0.6071949353410253,2.39457241952036,0.7649981223819501,0.6097107300504425,0.19558305006410304,0.43876369269024584,-1.5956294720986877,1.37634497580884,-0.4342659910231636,-0.0004941869852979181,0,0.014505502127547325
-0.9021075509390716,-1.289392999875941,-0.6341996851723485,0.5451776379564189,0.9961896457477757,-0.09744470500225892,0.8567626354572693,-0.03647191986324092,-1.2710455557917677,-1.0268844653833564,-0.6557658476794384,1.4519685309934296,0.28475152094060024,-1.3348548056310285,-0.4004255032855446,-1.408675329887528,-0.1781924994107565,0.024952537511603087,0.14341948472419036,0.5620438732853327,0,0.022069761020409466
1.141178893405955,1.1863687564925716,0.1081780491556794,-0.16609026287519715,-0.5229224981317114,0.2596935054400255,0.7179706970728735,-0.6617700058780838,-0.34669733437772754,0.5945230789673702,-0.5945913379877369,-0.8621698872707879,-2.0663269521988537,-0.14085384520568575,-0.4961033629179432,0.9764621650681157,0.7408489114248319,-0.16859606977294447,1.24526489207736,-1.186482594097066,0,0.00036189030944196296
0.8398973799957318,-1.8948322302255103,-0.695249681934154,0.20434480013149847,0.029614299839275746,-1.1484507246851738,0.7965928037217578,-0.5582910544712515,-1.1307651282089364,1.0729619187258068,-0.5681617108811279,1.676721213568381,-0.4295636943302698,-0.8131616348259305,0.447471759871535,-0.06916293632142789,-1.8490445574577217,-0.2169512243033764,1.0232008933628443,-0.6432120866531278,0,0.004214379498682681
-0.5114235060226184,0.25153677704190847,0.09838787748503892,0.4848745520068139,1.10146997955713,-2.9551213427529097,0.3114478487421619,-0.7091639216407482,-1.0036456633302353,-0.8565122768022941,2.6769561886805966,1.1497311396042955,1.739287237763624,-0.802726019164811,-0.1881646574118615,-0.8232682984111169,-0.27218065619764337,-1.0008581710402156,0.3366489963347956,-1.2058480897618669,0,0.07196316628009349
-0.3811373558603741,0.6478377589612523,0.8960250030650038,-0.04507333791775468,-0.22906521032453633,0.6089694491675026,1.0957945439824799,0.06758836605122497,-1.1225391878006135,-0.32983836996223337,0.06501702613069787,0.7392440696593812,0.5042929386655918,1.1539994164866996,-0.4805458975621598,-0.14951281905718755,-1.9823968186969896,-0.35088879190673783,-0.39341755421065155,-0.8708865823723954,0,0.005371959720055021
-0.3463986749271236,0.6284285176427788,0.727375039593297,-0.23573773168366557,-0.3957265165991147,-1.7227889279760684,-0.672594546630683,-1.390122679241013,0.4163310850597909,-0.12437912406352282,0.6124433067478003,-1.716673203644053,0.5155511860779208,-0.23380367117893486,-2.0260088046345963,1.1006180299827342,-0.6147901647654845,0.8107114852061688,0.1590765938106975,-1.4136431105933625,0,0.0002309843136943669
1.489900002809248,-2.4645218760489653,0.16673687605717863,-0.22440909196238948,-0.6715417144864283,-0.26323134022614414,1.2092928566984182,-0.7264341702090203,1.0160041013888945,0.042609365981604315,1.2606765811796865,1.4535984646059048,-1.186236833480858,-1.827659109282644,0.1570439493173186,0.38726293872130035,0.7915035508497971,-0.7030877943664419,0.8497703459438365,-0.058716543755517714,0,0.0018361644545807428
-1.5061586823763002,0.3262516962925417,0.5564667138149472,0.9222573892912324,-0.7067458270586644,0.17082141962300876,-0.14808684642956735,-0.7113927281317659,0.165703039758353,2.1253286250463788,1.3611648231659688,0.7468281768579011,-0.4869740436000938,1.765791418406462,1.918410218284861,-0.3096871026438514,-0.9058267316672726,0.25329085576701843,1.507996029025581,0.10560895572945292,0,0.03862241623724658
1.4183938853146076,-0.6920187116439228,1.1944001929225043,-1.2209668870119996,0.25911646724512377,0.1782374971189756,1.3251539771936072,0.017740993914181775,-2.1929101605989256,0.27907035590883916,0.43047374926348,-0.712284546468222,-0.8711084332124925,-2.0001733995240913,2.8986880513705353,0.07964798832322909,-0.4393909760491226,1.1779774070845006,-0.19368610832389227,0.4503084832737039,0,0.12891123097296486
1.7516943705961097,0.917887888191556,0.6000848701607329,0.43438868961392146,1.0298132551114398,1.3442497916865639,-1.1353566512479,1.1113606974924755,0.48478388889564683,-0.6287816463045379,-0.4297687943883383,-0.11888472385270436,-0.6834818342227079,-2.6211232367051407,-0.24362133667030364,-1.3156167172243889,1.1941638938466044,-1.707480693851386,0.4420202493944503,0.5162998589420493,0,0.021159595394666136
0.6680877371985534,0.843490984700683,0.2762091802676296,1.0540949930520462,1.3016092140971534,-0.09840175902526065,0.11059834866129392,0.5076745737931541,1.02221359766537,-0.19655752619861439,-0.6407825435641804,0.26170155908094667,0.972621117906969,-0.6021641473378444,-0.22707262430437844,-0.2926696824852551,-1.2739389835538015,0.7110311951140655,1.2617383133441493,-2.5338107971363497,0,0.03658573944208423
0.6601805074146915,-1.3345115059719392,1.3273550871507112,-2.0913762508011167,-0.268114703560575,1.1733168202588893,-0.8879294114568236,0.27538528549120533,0.7407150690803228,0.026679475828969925,0.2427552878927059,0.2748424962104409,-0.00984648166834109,-2.1314447509984538,0.7619525930173779,-1.3150922018577222,1.3911296334897927,1.2430333277840722,-0.03479834062462189,0.11586942671520895,0,0.11340552175657043
-0.8138029903573413,1.3101969700137894,-1.332354851755035,0.7498363102199334,1.6675978275434091,1.7194128126823298,0.04150155278713475,-0.735781104048385,2.2625317906066207,-0.5630862596060819,-0.08798696840941848,0.5134517570756248,-0.5786197028000695,-0.5023689883967772,-1.4267037468202854,1.3208049701877462,-1.6447319281044486,-1.3817212669246728,-0.849096214401362,0.4815125335752693,1,0.399283338423842
0.4850795236703737,-1.1524131506474895,-1.283058123023248,-1.0441393719169096,-0.49935330081952467,1.1659712750659827,-1.4676973334972403,0.735220909252593,-0.2801155724717081,1.7850477285956545,0.6052677773326338,-1.1086312756492729,-0.9847884461412838,-0.07461499162957097,0.46686695085570157,1.2183694587607805,-2.3664748655722447,0.3887539882683245,-2.0679606098033334,-0.2720758512088562,0,0.016772749304061745
0.6418846010055199,-2.365305825971708,-0.9001383778755254,-0.5597390456599166,0.4532027017109224,-0.7764750089318183,0.7046507977672273,0.19808887580666962,-1.0632483474566419,1.808259560308493,1.3507580039902098,0.5870446166880049,0.925965597065587,-0.5417389464142209,-1.2629393331076404,-0.20548651814601515,-0.07303117601048516,0.9384933383624814,0.3039360498365207,0.3992272567481356,0,0.0014627109972379176
1.2045876043286878,-0.7535221265286862,-0.2746760320445681,1.0470404243434737,-0.4745507708801799,-1.1305051090885923,-0.9871482807002706,3.5451628289668817,1.5010327481706134,-0.6246578732522213,-0.689493559097064,0.43821076544946325,2.6289685134582697,0.7665667637021123,-0.9516354767780236,-2.6445722947433152,1.1791915176764733,0.06810657853079853,-1.7021276287186253,1.1939498651307177,0,3.17424154653405e-05
1.4679090265493433,0.3168191470194048,0.8441132980847385,1.1022275731302906,0.07821498074012778,0.25574395605889716,0.4514231993526657,0.7399567924140431,0.9828179603245042,-0.9148786271421917,-0.15866640983679337,0.49595988175883593,-1.199275455096817,0.14521974639161062,-1.4438113565711659,-0.45581922932637037,-0.5869041352175898,-0.48794878332267366,0.43075535011188276,0.27006127147920916,1,0.012715637406136567
0.3325674505912292,-0.3959517645044994,1.2199604755835314,0.2424603622781134,0.1838150773866785,-1.250627838838037,-0.3280764284534116,-0.07878823231594936,0.377859682508344,0.9636808286976951,0.8449864936515891,0.56476983831628,0.5189734789782083,2.8175603581352258,-1.1834412928308202,-2.6361529294176362,-0.6439009909407044,0.008973678094724482,0.13198064514344957,1.405633996034324,0,0.009395402625538118
0.7902901558567612,0.7454876572093653,0.4942211868400088,-2.7477831581767664,-0.297373208297181,-0.24634849982691187,-1.037771460322122,-0.3210864202238646,0.23764057058451463,-0.5141999093132691,-0.7082660717605528,0.2989632455498308,-1.8323150423439856,-1.2410889554298787,-1.3819268626529382,-0.583604372562441,-0.35311478342829894,0.04506770008225784,-1.1112064956162662,0.4491965557168638,0,6.0818325107162965e-05
-1.6893614959335972,0.7550676077368441,0.4024366539552316,0.3426428333373559,2.2322382834281074,-1.540738457820418,0.3716494294995218,-0.45043902204703823,0.25559461412856266,0.39131447476254405,-0.0695049569891731,0.012565830674791275,-0.31787508868262465,0.5312096187322992,-0.9763150164779538,-0.8857131496614838,-0.8260423076347372,-0.8869325527555046,-1.0123331918154155,0.8846695983773204,0,0.0041155410180549485
0.095533015591721,-0.8553320384348225,0.4227122981692278,-1.0689205721756947,0.04663417793464825,-0.5066212169527919,0.6811831894969869,-0.18069783515264137,0.18306394744369153,-0.6766525622954134,0.339747151515588,-0.021299006573373275,-0.8912016804948667,-0.4956553531761829,-0.7584486146926853,0.6135800406529361,-0.5197241214755235,2.000809208059683,0.419259210106329,0.22195430028176433,0,4.0131842682396186e-05
-0.08231398871257645,-0.5239198393067513,0.807720334777267,-0.1335737486142768,-0.45713788465316185,-0.30721519980745104,-0.4779318914703092,-1.0090708863477997,0.05365043002641425,0.7926821198344493,-1.1721938245101842,0.6285912783385923,1.4768973409026727,0.20576754155227034,-1.0069867388924825,1.4776853843435724,0.18767117637181358,1.9146415149698894,-0.5021325458719,-1.3670698303400703,0,0.00021473204017530503
-1.849447899281807,0.14686542272466235,-0.8367955935241281,-0.26758033245145724,0.811255315093672,1.0957980457700542,-0.06290744574640178,-1.7758129873783397,-0.09903992295286448,-0.01722499822044233,0.5382688616320013,0.24442219462537404,1.181894776221036,0.5677022385330556,-0.6993163571204405,1.3343440815650083,0.5503562618830024,0.7864912976771462,-0.7870243175188448,-0.44992355145645196,0,0.00715505728944097
1.4992185191156981,2.230405117358145,-1.6396040662478863,2.562093471251764,-0.3090913661206282,0.5803833041264351,1.2506472670829498,0.9825668301974975,1.1376744928049218,-0.878366670590363,-0.7591247070000595,-0.07699075163487243,-1.4694993733555204,-1.8728742609061246,-0.7481312362686391,1.8773997856143698,0.9970896408022696,-0.7484998013281647,0.8875870518352152,-0.7969099248073495,1,0.3172511783997404
-1.606401230174975,0.7929282724918082,-0.6531644070048241,-1.3704235569942194,1.6166623283902173,0.7942361716594731,-0.13408542072836563,-1.5726284872894933,1.0555517738768663,0.20380150227764116,-0.30618781600368694,-1.1715120414898925,0.34432234146365415,0.4168080675470841,-1.5079084025080576,-2.0829181789455986,-1.8416721876474467,-0.0168877424948561,-0.24727219532259354,1.3443218188994348,0,0.0016561829921840291
-1.1831291101746215,-0.22274913417274844,0.8608951380676544,-0.24882221762211518,-0.35217002910086403,0.06957696940677494,0.8419629401744201,-0.44421505795112576,0.2793248723425661,0.05071096116024758,-0.7784073704234882,0.20792176868284276,0.4461570073381927,-1.4552188420191998,-1.547843048228814,-0.6078671999792237,0.9793075359441901,-1.4059253836185108,-0.13986215971516394,0.30372234749010735,0,0.04193126471686544
-0.28394086258943624,1.019607042327471,-0.42814644949492964,0.2737521536714802,-0.723907821881177,-0.1610510151605844,-0.7978240968393465,-1.577146894471406,1.3095073095479564,-0.9996984935019256,0.008733935359772214,-1.1173082911060652,0.32081719547994203,1.6331091667229016,-0.7828720819795143,1.9107509660325401,0.9845376503256491,-0.38577904913620353,-1.4526529902780954,0.5668029136334409,1,0.28579342319711365
1.0329791987262784,0.596284900735156,-1.4566448573946165,-0.9901524160106572,-0.013612914712078369,0.7907566118634797,1.7539603295434927,0.5898666113786027,2.2123852509424924,-0.9432498201774497,-0.8705862634415896,1.53262383615878,0.2189966243041715,1.3663638396502595,0.8918702882059482,1.4646446964684587,0.09737958563102751,-1.011473195257123,-0.731116486651292,-2.091168497507371,0,0.009504696338044391
-0.34162277851418477,0.20651871509375436,0.448038882474765,1.0266845336930945,-0.11860432307891706,-0.3176811194407094,2.1035123663629545,1.5577647541196287,1.0816680021177094,1.4010916394092265,-1.5082694305829487,-0.02739790416503397,0.3709353726796975,-2.1018591945177225,-1.0260846699567845,1.6402950695187695,0.9429916776047399,0.17289055875507717,-0.6419620613146485,-0.09004079487881911,0,0.05836342635988864
-0.02094300976495139,-0.7009344376941873,-0.650082176841226,-0.21121125917238218,0.03359274564607125,0.30405578889102824,-0.4758791900332662,0.303638345269018,0.5220301557553229,0.8632346984541023,-1.116718027804702,0.2899858122429743,0.2933788149437064,0.852467324884876,1.1433894735661383,-0.75359513811003,1.2908724704977463,1.121867011388788,2.089398883686732,0.8896864989305361,0,0.26068923662925814
-0.4659093220020291,0.6339792601756838,1.3352199817581267,1.215589041504228,0.6073403715206046,0.20621724074301717,2.0714262732289237,-0.4441501844619292,0.2229256745025064,0.17000500594043577,-0.30005002243084816,-0.0004700306978930576,-0.45169175443840925,-0.5625152083407101,0.6227063380669304,-1.533434971477424,1.1155024460928415,-0.4786734372940892,0.11906702452294343,-0.2891901280092675,0,0.03999161045074848
0.2532477949719817,-0.12951819443572446,-0.9762709724815944,-1.4165515494282328,-1.69584476559277,-1.465139598031462,-0.770174106396939,-1.1152281650498588,-0.8947573702159456,-0.8467698753177286,0.22591478329516726,0.23395194211408935,1.404524353194108,-1.7503945494873132,1.4826029182615033,1.3972136514503017,0.5452534965846499,0.5820609145385092,-1.0751712487634417,-0.5440927336163714,0,0.04360010904114655
0.5530729418818336,0.6223697568865794,0.09106102564153244,0.7975819958740504,-0.5085286504489883,-0.85680084453542,-0.5952588909743541,0.8858618487855097,-0.8435030030375584,-1.004107415762838,-0.24625100492249663,-0.5001087749091904,-0.4577974150468535,0.8004703255506433,0.14309935061281936,1.8321045006706969,0.4694561249702306,1.0580676865995688,-0.30380419709589307,0.05891761236386979,0,0.00364075909628665
0.541095237721623,-0.7862088483231603,-1.3053921646746112,-0.011223634545052586,0.015575467364026622,-1.2885375097425793,-1.5580833213738325,0.7401532269104429,1.0004338099042338,-1.5812012961190511,-0.2691869677235118,-0.4236483620052148,-1.0296892519278127,-1.065195764640807,-0.48553348551923387,0.06530522082233847,-1.1904811438861953,-0.9496969560013883,-0.369472386926339,0.5901628170430895,0,0.004498963952398376
0.49539623049425935,0.6610792474367819,0.12152397501133594,-1.237414004381463,0.31846945495930923,-0.6972721081863642,-0.06855161132089652,-0.8713727607931023,1.2646623539098918,1.8197469566969038,0.13812166610780527,1.2920457275005088,-0.4562554910794734,-0.6865849638136663,-0.10789922711194812,0.09171151206392372,-0.4644725208467082,0.1223263644129933,0.9988530138238267,-0.898320449950074,0,0.000870294936692332
1.10191592683029,-0.6739474152206469,-0.3217929458531754,-0.7571817472412793,2.0727876005802406,-1.517533046467334,-0.4786546364303218,1.338587037269786,-0.8490953334026219,-1.3356087600906152,2.5887500288691174,-0.4855584895785244,0.7265238754246027,1.5256663140650606,0.5078123115716939,-0.12625577566422075,-1.1086300343393536,1.1365292202929682,-0.0090666570463485,-0.9190433216301028,0,0.007658148185092875
-0.8003478352915271,-1.0988425587332258,0.2841883538858548,-0.4553835031770988,-0.6457400357664411,-1.0458496563372,0.8969627764745342,-0.9512114350892065,-2.5373278352256343,0.49545247156181677,-1.8468014626878395,-0.20933829907619503,-0.4324183633815755,1.2174840028021026,-0.3111552427608114,0.6934621214794651,-0.32271916494858405,1.6697122206057833,-1.6975131761942812,-1.5864097867889253,0,0.001248915196914789
-1.9392870755671647,-0.4951567055058973,-0.5131280642603637,0.039573717220035665,-2.369946047100481,-0.025755126742190413,-0.9966045814045869,-0.9363644923180272,-1.0868781509307226,-0.7240766972667178,0.026971502455137034,-0.631002196202187,0.14425564435472077,-1.5589724914747236,0.9066174797637306,-0.5867033584352968,0.23332170115787743,0.4539411891071955,1.1049767549121696,0.4397296214596708,0,0.048678574719217015
-0.5083195849731497,1.2608528370333993,1.3555510874771648,0.09903018389299999,0.26266023515942505,-0.24190088945487886,0.7594961972615771,0.45206219076095383,1.9734338119991235,-0.24684467334368743,1.0661572851959424,0.5042146501601227,0.04233115153170851,1.532525569682119,0.6697614659594557,1.140691307340487,-0.12592457871270146,1.8766839462118172,0.47759508103455134,0.2715386708332936,0,0.0014080083278169724
-0.22119059630171048,-0.15230305978482866,-0.518150779742638,-0.9573274400320247,0.688002751173865,-0.5612191208726036,0.36740043866174643,0.6383891978790106,-0.17917067498868247,0.4341880089863408,0.5943771264445628,1.2572729088110803,1.2279896740282883,0.7097789086935586,-0.8700958797096672,0.48859687859814155,2.2036470963995334,-0.6512107275603777,-0.7699492519600745,0.6880909576480748,0,0.0259865359047314
-0.941256242212048,-0.15845300842946744,1.8966033341289954,0.49883203373505347,0.9465167654340153,0.20484871067723473,0.6865669134073399,0.02511082270777509,-0.08152620588500889,-1.1754887274098174,-0.43346716425643494,-0.24231922402942632,0.01138332389548069,0.7829476500366008,-1.2135583341165208,0.8012121643722979,-0.03718729851914256,0.1211428445880812,-0.28831417424995914,-1.1393664061816293,0,0.00822645837370625
-0.18839207507609435,0.5463442971427612,1.9210097779777526,-1.2653146435672746,0.6905531112222288,-0.8722074858166841,0.9391437244001609,0.048224004148762656,-1.1944344205198194,-0.5066316830292498,-2.125704472027476,-0.7038503276874304,-1.2339767325592363,0.8330281589547341,0.9026964754330574,0.261905037634614,1.791502883974171,0.49621096595521225,0.1772484074871375,-2.0361329789160534,0,0.003278558753303192
1.4309502648934713,1.4267818355257422,-0.9976410179594076,-0.45592800317532556,0.3645615481793636,0.9715758407287417,-0.24522133002346477,-0.29835884366199844,-0.5252858318501622,-0.34031446484004335,1.191113663577855,-0.0680403412053849,1.5638886483939707,-2.9115624526537536,-1.1754857678973754,1.2575176607090897,0.8188288386594037,0.4360164793700094,0.434402837554755,-1.217291027308499,0,0.0011212287788479824
2.1398814887314637,0.1639339243526401,-0.08449162590079491,-0.9008164414270218,0.1881808790664425,1.456559017133655,0.5149788249928586,-1.4303269716075482,-0.9530589529294551,0.6063417606300298,0.04633782819337625,-0.19733061158835302,0.4332557721208813,0.13776136664719021,0.415904652378443,-0.07842936485157836,-1.9961469829049154,0.783332582338727,0.6548072830975941,-1.3429683623748045,0,0.0020091005442760853
0.9437016472262929,-0.9061448420319407,0.34734146268201516,-1.2624746833760974,-1.4723467659665672,-0.2171706726271856,0.7987405259748813,0.0070468015296781105,-0.9794143891539752,-1.2903409730734432,-1.1064425380636824,1.1367842772447239,1.7180634719690069,-0.28490199096236446,-0.05085084409841695,0.048903333866795975,-0.8285180187248844,1.5574124064707708,-1.1671030814153924,-1.0746091333505328,0,0.002919945620901596
-0.2969296438703965,0.2565239090760585,0.1821610076888645,-0.09193323488415805,1.2205890697374324,0.6681673373044137,-0.1623798889814087,2.1162539990968794,1.3035197562889251,-1.7794707954138589,0.5006522610055908,0.364750422244879,0.6804224741398683,0.7688365793501211,-1.1417653934305523,2.462057863151753,-1.0464657571347389,0.42867350178681396,1.65268070294264,-0.722078751913993,0,1.6817007421565338e-05
0.07673985965489746,1.2491963198551908,-0.026535306385100453,1.1394056934251295,-0.9285153211389292,1.143019607925572,0.22953825709139042,-0.13790751459068634,0.7144136464532167,-0.3493321439489287,0.14122198936672622,0.37265430991495896,0.8613591315112784,0.3880097750178326,0.3753611653054063,-0.6165234762599683,-0.41641711011423765,-0.13027306865010488,-0.036238226643649465,1.649497304639765,0,0.03285128423480541
-1.0492785022944602,-0.124289133108853,1.3385601550515704,-1.2877826430258072,-0.8097559185095166,0.5422899400807517,0.6997014923266714,0.052357334131550595,1.33663126150867,-0.7398874692191341,-1.1739266850382004,0.006206195165180049,-1.3588757868357977,-1.2507336323140088,1.0359083082027103,0.1213657506413141,-1.7975221450676269,-1.4567080426805576,-0.13302206997661958,0.6172132504028764,0,0.00048101297442148145
0.6600241899791335,-0.03413792678732871,-0.4457908120763054,0.5273364921517735,-1.168989642026959,-1.07443155440653,-1.018363182071612,-0.9996087011226779,-0.8308007576372698,-1.1821771766888836,-1.3803816576262107,1.1215948762112313,0.468171260850537,0.7323816919525828,1.5858190774522452,-1.1030308190867626,-0.9532892203767546,-0.45310969726751904,-0.8709809625806392,-0.17812453625362074,0,0.011298439428853928
0.6092360127115259,-2.2796656608829746,0.7919356239612237,-1.9519218863880154,-0.5737007024750346,0.23430509646074224,-0.29792952560298763,0.7552388418046109,-0.8784240832428548,-1.4289846269852438,0.09668576725718042,0.5218813224396354,1.5972154381309251,2.126805108943561,0.11884213468109454,1.3524943099555053,1.0955526804354927,-0.2809481528704462,0.6026850198138654,-0.44480056278972163,0,0.00018353210466644592
-0.1476272836861553,0.7515431094088459,0.47142189149149627,1.4562364276681576,-1.3263658522489024,0.054761538874351874,-0.3648104330280104,-0.2151812221339642,0.1834641977515677,-0.19969687330037467,-0.14000655428602315,-0.03608613182945233,-0.6472231868971717,-0.47039027899581887,0.147273993862894,-0.26607405704868514,-1.1997797164800295,0.19296244659754275,1.2512832547688733,-0.901692703972716,0,0.02814814916192438
-0.9159402337946969,-0.08844551916677265,1.1810166266926947,-2.2643922585955334,0.7540908369246854,0.31623901505792257,0.10975917530364908,-0.912902498950537,-1.5790263104865905,0.6065942529664585,-0.47094913999576576,2.78440138064469,-1.4284303224279715,-2.022878280113717,-0.5810334919517132,-0.3714042823899482,-0.16845630856497754,0.00876594172911592,1.4883949327570176,0.9031160838548212,0,0.000505267722705901
0.15246141077170117,1.467994459754558,-0.7383899748732258,-1.4154124492787294,-0.1802278254197846,0.0022864429796745607,0.25285236763132296,1.1280421069690676,-0.935180931765122,-0.8153818044736175,-0.8296412894362358,1.0644503434406116,0.14097998521445962,1.940406809695314,-0.6237413809471241,0.6236018084899326,0.226111084726965,0.39818183968863785,1.3454747114823107,1.0151246939163414,0,0.00017016116676394082
-0.40731566151249116,-0.6531033410523746,1.63434820565675,0.9654763686520057,1.2318897161460234,-0.9660444220826199,-1.0479686132997792,1.538856925290871,-0.3943707603956066,-0.7422422301392194,-1.0618081695665171,0.07821273947078983,1.222771531220581,-1.0659835156780373,-1.336226136956783,-1.2618617164377852,-0.5025023529633554,0.5637498789630101,1.0737956513998528,-2.942710349228016,0,0.09876802649760151
-0.15295820036473812,-0.9171753553310318,-0.8208629982042107,-1.5758108282891543,-1.1526323396313094,0.275134137615911,-1.4491648542406497,-1.6631285181381186,0.32198434372306295,0.610902190356357,-0.09921617216561676,0.14661116386136427,1.1077524619232244,-0.03324054325605893,-0.19674711379354198,-0.13200026348332564,-0.3454682388817741,-0.09063888798233367,1.6413558600712195,-0.7859731851277402,0,0.001808496890998339
1.4156148163940507,0.7374058593758986,0.632071538410367,-1.0656023201558336,0.6803460038408908,2.4808261338148094,0.7039752750436383,-0.8525155297072128,-1.4571331367038427,-0.23396233837767136,-0.22687340111470886,-1.352143716965907,-1.855372213329134,-0.05188080920717284,-0.3837771377318701,0.7053165198870426,0.6986643971572524,1.0251390207916207,-2.0217432632972803,-0.6348657911743953,0,0.0010457312219433839
-0.006147973688803092,-2.0254609921912987,1.7336497361708334,0.8984740984764299,-0.8134882518323827,0.28054748211396857,-0.9988913708267633,0.5865613690548841,0.6785723336882824,-1.8007036555079166,-0.348418384391154,1.4611953274931764,1.94998729490003,1.5490697053137654,-0.10216163444721167,0.18516264767142085,-0.016547195766218107,-2.224580330317173,-0.49913144652210883,-0.3268481655512983,0,0.28686476571491804
0.07252495310074919,0.588473413788845,-0.2800778525030895,1.1496590837035476,0.41370693924038443,-0.019414313073010368,0.5663152776969621,1.805871095570663,-0.7539325470575371,1.5678855831112848,0.11815662301190567,-0.8331081649030062,0.920260236511993,-1.041920690813333,0.5425612186625689,0.02856217361237499,-0.4226577781133287,-0.6223920283095195,1.766498053250061,0.47699083693948674,0,0.052270259946417555
0.9552055716032146,0.6784739944395554,-0.5945192209309044,-0.7820505434194526,-0.4686558340769383,0.9868814214589833,1.8302738089080817,-0.21544881686819922,-0.7694197555021522,0.9681062467274582,-0.29411137493331346,-1.701230758219707,0.28086647229397915,-0.24765959890455413,0.6376299107910777,0.8169496962809943,0.2664651226676409,-0.5098690681546376,-0.3035785472327713,0.09699303638195154,0,0.005148681782737837
0.12656380142046994,-1.7721387562318718,0.315380182260164,0.677747991498236,0.503038622359971,-1.170513061866698,1.4615891306776656,-0.4803951872753476,1.795384625758651,1.010849078100662,-0.6066694940441618,-1.6279670609036065,0.2651363629384603,1.3759097054777363,0.12806576310847284,-0.12031415664519542,-0.39140631658749625,0.040846249754165447,-1.032559652429107,1.2913063763874641,0,0.013292222027843711
-0.16685144997524923,-0.9614999862816055,-1.2358323183961841,-0.24170535831134765,-1.183255199709235,-0.13790473583596843,1.7209962215835224,-0.9969438899958899,-0.32096120083772706,0.2855819536853793,0.6774417622689451,-0.17219777341192224,-0.9570597624993933,0.06237166728294743,-0.4817968334584821,-0.6172703568608976,0.13133253301617426,0.8345369960764901,0.7964373270395003,0.9491798940661794,0,0.004991979349709414
1.0488039357421117,-0.1834505323029327,0.37593383656532264,-0.37008069909198865,1.1517232336178849,-1.0584799012294592,0.3660542498579405,-0.6873774854445378,-0.23482037266232225,-0.6858971001654733,0.5195045757404503,1.3918796384119478,-1.2820416208193617,-0.2856914666088939,1.3892616488969634,-1.2434297161111747,-0.45851751599806406,0.2635224903791371,0.07979864275518869,-0.5376172240925431,0,0.022500867008176047
1.0674279128818618,2.721600708910642,-0.23897651435453404,0.6177947423824441,-1.4187512135228408,-2.5401318752979316,2.1284133418756417,0.18916515481098453,-2.1954605732636545,-0.9475371052467929,0.7546282309494717,0.302542936306375,0.3007205423646184,-1.8551151911938846,-0.7417483302219559,0.06844814983420663,0.06561415677331252,-1.310481166259091,0.4086924821066886,1.2079019122458656,0,0.04915705283338938
-0.23417343653343983,-0.955815692228579,0.36386831859674135,0.5868094876869804,-0.1574653980640259,0.0026458297726777514,-1.2176168792717108,-1.0885096094713023,0.6931254901785003,-0.2636890788542696,0.7010111494262982,0.2749755312172785,1.6284078622512914,-1.133022609162839,0.32878675295300175,-0.7710138853748533,-0.7429549256462135,0.01223935545548258,1.95210110965747,-0.8109865094342745,1,0.20450145670033448
0.3642560445255657,1.0687930671399002,0.42232898322393786,0.9517540374822177,-0.1781774581067616,-0.3892169267293706,-0.7849439522612385,0.7085975756217079,0.5836560267334285,-0.7681848599875991,0.4124927891154339,0.06887449298497321,0.5570477138640864,0.7981454981061847,-0.5565651170750773,1.5524468737740762,-0.08524221899241492,0.37230227479949385,0.6842802448634147,0.6011377016615237,0,0.004450202801818475
0.9431698519461493,-0.16553941711701914,-0.034034558577031256,-0.9591227696108159,0.42639359717716946,0.7100927217886672,-0.8636033980217652,-1.0366320834157308,1.4752814020877665,-0.8817654090357662,-0.23906472739235593,0.917670570505283,-0.4311417232388035,0.45748758283108015,-3.139034548513423,-0.9290670303019444,0.41974809560249815,0.9972936485257481,-2.0253340409018863,-0.7827301814913109,0,1.6852497389138697e-07
0.485564997301015,-0.4491318334637493,-0.8851343150129627,-0.05596867191813033,-0.28972418540243977,0.1380826827157414,0.39511410574160694,0.21187763603968046,0.018301169449755683,-1.1593418571597134,1.317568075861118,-1.7974853566925768,-1.0304668754556867,0.17313877960576024,-1.5003669588741633,0.7553683758352563,-0.12146427575242837,0.6519708736411124,0.41506557388681986,0.48202159498757163,0,0.00031056910551830206
0.6682825876933439,-0.27677514334678527,1.6984429796488065,-3.2405998165762298,-0.3861551843175438,-0.36469751798689715,-0.752321111642815,1.155830440435969,-1.0784967372521603,-2.136542859746685,-0.14821184526796274,-1.0219049471935269,1.2658364251542014,0.2281967881830576,-0.2625158161805387,1.8154451703908845,-0.6432781347456029,0.5770436302683489,1.2811245644784344,0.2063047132010595,0,1.6844158948866838e-07
2.2682797870686118,-0.2575042115586337,1.526279486093233,-1.33445790349353,-0.7135496879407464,0.9754618181107805,0.39200200432422094,-0.2852443565860404,-1.601410161565384,0.4784252577936814,-0.572761565779239,-2.3103389606076177,0.4444254045034779,-0.45829639586216203,-1.3106350561476192,0.5044432567847427,-1.3512321155523235,-1.4079548064495453,-0.833116747328135,-0.8949337389744262,0,0.005746057272781749
0.10731783461657504,-0.3957645915315839,0.3808301324157899,1.1887682214342186,2.127762966440775,2.207680712399918,1.8666312365668298,-0.0649894494090941,-0.9679177444334337,-0.14430049211936932,-0.7526203171354636,0.8179028427119152,-1.6339603552992494,-0.3854709925122068,0.18057833025031303,-1.1759596171932383,-0.051822478695190036,-0.03190362952163602,-0.8496595279981041,-0.34246323290206143,0,0.002543993911920815
-0.2926290954870982,-1.1542183628655722,0.4888442530633003,0.510922191927276,-0.04410671762382781,-0.6960475045782198,-0.3181347207157319,-0.3434844771143966,0.5806555457332013,0.997031230353865,-0.8885247045515489,-1.3416259300137037,-0.009752059356029377,2.3935339700678053,0.02973540052657822,0.896427580913559,0.6227710862147383,0.6283596161618484,1.9617767126123522,-1.6124735792039064,0,0.00140365797756833
-1.9620336052947729,-0.2538463287628239,0.7989931677644051,0.4763879480901373,-0.9038581681434024,0.5987618038881802,-0.24594516653494156,1.2771090622174295,-0.19387491355385808,1.2119526637407578,0.4114770085231965,0.7128534237771005,-0.5745553691493551,0.24299375717828928,-0.8640441601123301,0.20760233894184296,1.203985254964272,0.29876594353762054,-0.3216309592928065,-0.20688992321018967,0,0.007550701040594896
-0.9656897979989789,0.5750853579510494,-1.035393663187024,1.5631600325255377,-0.839123443528005,-0.29228514186558874,0.3723735447313119,0.10458260106978916,-1.35608315207603,-3.71594222044555,0.10036205220489218,-0.08102855397803144,0.49079345871545105,-0.6675290237528416,-1.1033781783448762,0.30376038784238013,2.0801947296491208,0.4456296542538417,-1.4891700694578023,1.0811101889891437,0,0.008762194338694962
-0.6691799123493245,0.6023713425611685,0.4465988898477551,-0.8048297857214751,0.841269556335176,-0.7991294809386331,0.19460504178862925,-0.9487733964881,0.12446563012638112,0.31805436083213995,-0.010770656512337603,0.5630999222882995,0.5200379138345762,0.028051959017556184,0.09294838771294825,1.103230347716729,0.22791836799048248,0.751139100829846,-0.5167546541500855,0.8814484449930812,0,0.0039374846547158724
0.4470075105922709,1.3696775664202065,-0.27395448322985244,-0.7677269436931855,1.3957714007787247,-1.301179004348037,0.4379136197601861,-0.01795070221845364,-0.6438264158512553,0.015996099128434662,0.3717548042942546,0.0948539103363615,0.48480955332981246,-0.5645805021836483,0.6735598212904262,-0.3170940951501323,-0.8999186548692698,-1.2611250474157394,0.829113944424582,-1.4696012984413356,0,0.0030557573512573336
0.04624676646821438,0.6854188070435776,0.563519929383455,-2.099456106490413,-1.7767766891324044,0.8698772630794552,-0.7862806060580843,-0.4068335376540971,-1.1169323853370408,0.39099898401921673,0.9272316607624609,-0.8286751756395568,-1.1053816906603788,-1.1387143764987118,-0.9152691401809285,0.2380462464162264,-0.008446543230062269,-0.021776215516996784,-0.6542665631754265,0.24289357685882934,0,0.00029339517663083816
-0.1833256409429688,-0.8955946985496357,-0.5915654947325552,1.1247728016305623,0.418504224028702,1.0874378496027415,-0.13958310687406145,1.0208050210056212,-0.2603256702728465,0.1865518955478868,-0.5633167998475548,-1.2885630095136287,1.0656257434060452,-0.48689500959082227,0.789378809303216,-0.015793270205892634,0.58118171694485,-0.024457456002507573,-0.06761037338362509,-0.05634641780501702,0,0.07440291232372566
0.43250766676563174,-0.5945529516286812,1.247755880951342,1.9024109834367429,-0.9734231114261664,0.486791762256793,-1.1873224009611933,-1.3346060363261505,0.2664216212972098,-0.7953653959561724,1.0908973070600305,1.0988199590446306,-0.27123935756044437,-0.001171064085683433,-0.5129899101004736,-0.8759343857895042,0.6429756291459808,1.8031346503315147,-0.24879227451232677,-0.7843288034561416,0,0.0020274484698549174
-0.6117473217822365,0.6680052268811112,0.5730337026216401,1.1862410125953429,-0.6665913723814693,0.2546066480783703,0.48336877045731397,1.372423512279549,-0.9244165161289755,-0.9167352140524074,1.0892628745978545,0.35487048440930574,0.1433494923783651,-0.9175689647698767,0.8177624812414416,0.041097780019007525,1.3595289040855447,-0.5137670308941049,0.5260890460057749,-0.981746886266913,0,0.05247990218596376
-1.563133291254805,0.6681519389970046,-1.4739434148299235,1.069388810186493,-1.9600628576012347,-0.6149649188016864,-1.429931845711979,-0.6241095908279093,-1.5080065436572148,0.4775796458072381,-0.20875879816478082,0.8763299006017157,-1.2085318002805974,-0.6288367008377866,-0.2235394591547698,0.3966663485625987,-1.0469935076832528,-2.203646862363772,-0.2741273015756246,1.0339815794148273,0,0.11499348029022213
0.22763159662231866,1.5956341107330172,0.9684553727244183,-1.1966350516274047,0.8081738513942416,1.2462904514891782,0.8668472852960957,1.8587896580162417,0.3574093353877422,-0.15200506732755673,-1.417625554565602,0.6307995718657456,-0.27266265546905166,0.3699577131145752,-0.589071242630705,0.213727915292542,-0.27355013731308203,-1.6798969501445753,-0.3097332059245,-1.6258463799213865,0,0.005952746084284919
1.0555136410230974,-0.8056205618241129,0.5810852293088441,-0.17847348141843078,1.0632070311845574,0.7068010112444805,0.27243862409075403,1.200057701095214,1.7244032285327127,0.2538116512940658,1.3555137550180734,0.4723645404407184,-0.536517981964922,0.7157459421554244,1.525354150420045,-1.768887037878376,1.5270803355991633,-2.038568884072977,1.2821274931923998,-2.4733498850842057,0,0.005939944747490848
-1.1157227098679126,0.13331781080890318,-1.5332629385156755,0.09624581326742931,-1.7779224683294659,0.11530532656027484,-0.0795537070162386,1.364295221946067,0.07553604113459814,0.18126884875311297,0.9461732365845961,-1.0186742255793582,-2.1631317215535253,1.4537333795335146,-0.4551029840801061,-1.4014757782177643,0.44887666762687317,0.4505626909017825,-0.7595807243493483,2.0684863453148243,0,0.0006940725882135703
0.005130380642836485,-0.009420064151277408,0.5266343757149076,-0.3862916152401185,0.33918465674210885,-2.108539729809333,-1.002035235014154,-0.13163794961701114,-1.5210089409052594,-1.867815634762653,-0.2654420993534966,1.1408793461169702,-1.220001083935659,0.11190418645332365,-0.3754566090029505,-1.2906301475924151,0.39815667440423397,-0.8551570670770936,-0.11531770324199266,-0.3635764847128799,0,0.0036500910714665257
-0.39148850972363985,1.0055104401148194,2.699195115889176,0.3677978506336023,-1.8709254223680165,-0.038216173738505124,0.09784865016514031,-0.7901491555019897,0.6279279491267886,0.6118737634700581,0.08258342591584132,1.8937038484913178,0.8664011814447501,-1.012081315720153,-0.4374289243605385,0.5489339863955696,-2.1015263950507084,-0.7277884845596294,-0.6414760903985055,0.6895342500605924,0,0.022632171698567814
-1.4886888632299151,-1.4023624257898653,0.10500709931071098,-1.167085512212161,-0.6861123161317938,0.7838270045421871,0.7660058843367308,-1.9948099758596454,0.7256351602220678,-0.5152035915136044,-0.9025754235149543,-0.8561431433083557,0.7768921646906018,-1.470431931325309,0.11030681901251635,-2.7925201044299097,0.8961710433623322,2.065493369968901,-0.03423935286082322,-0.7243590768745071,0,0.6767499902169615
0.8553783740715044,0.3005382455023398,-1.242221549559243,0.26449788978340205,1.8615866000422046,-0.38560869535800635,-2.1223429605052773,0.056864528081713744,-1.7997191641004868,-0.9702462425066193,2.0676464286884095,-1.0843908663305308,-0.1257260250671195,0.3714205688231742,-0.692949182132129,1.3256672194334922,0.7592493582441249,-1.6435793655003643,0.6294612065375004,-0.22212599237140282,0,0.06049145705187744
-0.09269614348300945,-0.4219707380370491,1.3549073692283626,0.21960378407183206,-0.6890119519128411,-0.699859307398311,2.1954435797526255,-1.551982127895626,-0.4349776232201104,-0.6263801315244224,1.261980112884995,0.0751151505012412,-0.7089549530111329,-0.056635140241160786,-2.0086213683449197,-1.2909106521865368,1.1751082704536517,-1.562248528373171,-0.014697288584427575,1.0534279312921595,0,0.027994561291773176
-1.2692070282535475,-0.9530075643323875,0.7492197593594789,0.5743596179949817,0.4881681851225872,-0.8796275736618682,-0.12049122895104745,0.44816319406738275,1.57347090984742,1.1616174781804898,-0.5407779905350152,-0.7922233210959823,-0.48215940482248115,1.9822371024008016,0.5822689872100403,0.8607823925523718,0.7245305008281381,-0.318855249867538,-0.21910814972423073,0.008221253944405186,0,0.030267852361831903
-0.8363163006286034,0.6534933260593443,1.808888840326189,-1.6555013024484426,-1.4424242237495228,-0.05175015206689428,0.3852000828929654,0.12271881843689124,-0.9698388688642782,-1.1063727814000819,0.7135724975741039,0.19109480245885288,-0.19785564913528336,0.05396733731330082,-0.31162722166340784,0.8832705416591864,1.3801284939477925,-2.8741688216277663,-1.4104684683976474,0.9150205336245523,0,0.11572991791567609
0.12650329510691255,-0.7326776929446632,-1.493555178574504,0.018846206670146682,0.301318208930606,0.6669070100211684,0.18334123780292472,-2.4708183828700965,0.41319121412263854,0.9010842203415428,0.020525198871106185,0.38578336139482783,-0.6631032276657992,0.3462883437680959,-2.3026386470764844,0.3490346042454746,-0.6095512109928797,-1.2641266230823895,0.04195079312231669,0.8660199877644202,0,0.04865630430509735
-0.537836913600667,-1.4774751132668984,-0.41898207124864667,1.773178822826613,0.08479870950993948,0.4070977124049467,0.5535675470816909,-1.283836199559769,-0.813590737776707,1.2599711557247684,-0.08040540193324934,-0.745593559584399,0.693549446921255,0.36826207270255984,-0.025464529679946765,1.757534002053193,-2.235332678198795,0.573279234919466,0.0535143449743726,1.5814827938093428,0,0.02191291353074503
-0.9836765545058723,-1.0774842618185294,0.25073263841617444,-0.1656321259305269,-0.5378964984194059,0.27206831254683483,0.38709428072766816,0.8320768919461095,-0.0735383954838961,0.633808661723706,-2.744167576113384,0.9687475457039543,1.319727496705951,-0.9253126056585124,-0.6326978675501441,-0.7414519600754319,0.06355359743405202,-0.2596107474867013,-0.2334960314493798,0.7223290123018408,0,0.014918015578136016
-0.24077864396884854,-1.2813257016426323,-0.2307772496676523,-0.818590923377171,0.4034317083757014,-1.014664504003059,0.8753947246419909,0.11415429419000138,-0.1080506766594244,1.8952986389849114,0.08359390544822091,0.427901059671797,0.003787907740467476,-1.388010163723426,-0.8668715225441219,1.6433933467309345,0.7399889837724865,-0.3210209181916142,-2.1000494638834137,1.18725860964486,0,0.1401335122287363
0.825492776033988,-0.35267860433559894,0.8876663059744541,-0.6710090183343013,0.6621522492865456,1.128985145465753,0.21240702629844635,-1.8598044142321972,-0.33440544698486124,0.909068172226338,-1.181436882842589,0.9896789896668297,-0.39287615926578195,-0.18215088348327624,0.3615493128207312,-1.1883776182171193,-1.0751829307494796,0.024016616602500995,-1.1109370209197384,0.7964147523641718,0,0.0024366174420690414
-1.4029938065112184,0.9271563614691631,1.0035761424814897,1.1965328868903955,-1.655050389831471,0.40627835682377617,-0.11321561946159753,0.9071221774180923,-0.47367735706968084,-1.984217607222055,-0.6822236308452843,-0.2743794353067014,-0.5848886860640823,-0.1047269008078388,1.6063307536713667,0.0026133328842206072,-1.617796228826139,0.9147832216651394,1.3471786349566766,1.2903478933214367,0,0.025005232607362888
-0.25311472574438454,-2.7550950216413606,1.791468427716586,0.4848272477290447,-0.6344685490082823,0.09213795261981764,-0.5061861113949154,-0.9438498079712576,0.7614510620930912,0.6388874830243323,-0.22103268646362975,1.0607826092861017,-0.8392596712839947,0.4912106782756093,0.6865437805372958,-0.08644396845398361,-1.514361095732768,0.03472326536074637,-1.7341587807062795,0.466108911990494,0,0.008229908097308138
-0.5124572479954684,-0.01188765622133258,0.10524317370121278,1.5775080293101302,0.9368583709182953,-0.43264741104401816,0.4341589107683362,-1.5435587183741315,0.536293997993725,0.29882047248792537,1.170548190638813,-0.4161966162911418,-2.3403936856179524,0.4765315103683385,-1.2312670539547066,0.3714377743766832,0.8774596138655705,0.07546755728521794,-0.380388880604655,-1.1603332889161082,0,0.007703527747054624
0.3646706887565114,1.9414286490373072,-0.37186427065190336,0.7861431055993681,0.1108542119512069,2.0924398365090204,-1.2533633361699206,0.02894198395388799,0.4472227126788183,0.3728389320697064,0.42584338712354497,1.0248632336091135,0.945946458826855,0.03447055320779041,-0.7594190228694544,0.1286772847092527,-0.8019974730558791,-0.40827042862069074,0.03854145597949333,-0.29374227894513427,0,0.027650446149258937
-1.4555510904792066,-0.13296646753082553,0.006433458407904242,1.0965738752583165,-0.6037701840667464,-0.8622044540345828,-0.7315983423261712,1.3521855489454904,-0.36693528771113804,-0.902242083872478,-0.01579535248204623,2.3828543734429073,-1.4970416298192721,0.30921440296509267,0.25378278396118276,0.7935507475545229,-0.007734095926113097,2.460421882263363,0.643979459642774,0.5134068024130114,0,0.0009164907974349356
-0.2872352863721297,0.8318767970289441,-0.7560592527431618,-0.6877445137227834,-1.1855337377010593,-0.7736559382083638,-0.16379939174566777,0.3540502785572918,-2.27854188037939,-0.6864378701117587,-0.4408827662288824,1.026419919003626,-0.7469023478819293,-0.7781929776447591,-0.5408953307784186,1.612754822165991,-0.8979607584962577,1.0050980640422575,-2.195147136040493,0.4091004977129673,0,0.005203731248875834
-0.5159556386577201,0.3852930730873034,0.4856964948734852,-0.23069187269027394,1.5372270873906835,0.8813962692817601,0.3069355549027864,-0.8422018160415797,0.6091879943955469,1.8444106444507449,0.23703997800731522,-0.7439799038840179,0.7018121692066409,0.23736334524681085,-1.7222495581687753,-0.8472232302971536,0.47850057061373985,0.12598212150650426,1.2310274675326422,-0.39985948826893686,0,0.04677205171495568
2.1744354904335514,1.028658970619506,0.7904618649967656,-1.1877114972474383,-1.2583819603826458,-0.7108008808871108,1.179697323499221,0.0878996391406323,-0.5535170085435843,1.8592816135542416,-0.31258367312655794,0.42125371696546815,0.3950163477500312,0.41066739807773317,2.589887701659824,-0.9323862071378054,1.9900738887381657,-1.1128670345490785,-1.3242124103209167,0.22946038552035034,0,0.013608199374566556
0.9452299961452288,-0.18856495429116432,-1.7555183985117535,0.471765572329782,-0.697123037949284,-0.028491421998122286,-0.15357152127342927,-0.1674255852201266,0.34917789685370826,1.0093909414796702,-0.18703012534360958,-1.1605365689437528,0.304912900259837,1.389679698760363,1.9535274032451762,-0.7351936898439618,-0.46813658619653736,-0.9127018556567117,0.06968504268022187,-0.12509687782272397,0,0.01079469579850097
-0.12595414089148915,0.48907666564754615,-0.622151428820672,0.6796082139096493,0.30953585628650787,0.4866960241891582,-0.9299678575647614,-0.9632009284673517,-0.05706423704219912,-0.4102547399443748,-0.4913874398898698,-0.5832401383890279,0.5622825113531738,-0.7192193840546726,-0.01944801722014654,-0.09679309815321814,-0.29038776237991365,1.4313672793394132,1.0303396144221773,0.4751271906158928,0,0.014272670823162978
-0.6077887853035238,0.006410284938982887,0.864698840509475,1.2358987440410667,0.54436280375987,-1.2638039369119862,-0.6541712511923747,0.06807135750980739,-0.1550173613400092,1.1044473441363734,0.3730327841346303,-0.4360670449101554,-0.3679568442715939,-1.3970064866244059,-1.5806452031670521,1.2773556724100394,0.38511615925215126,0.7250431472067704,1.5215038154611218,0.0024334015518076343,0,0.002506087299257964
0.7570615977088547,0.916374779822453,1.3690083732575897,1.0178648161160813,0.24446636797454743,-0.5657360556942157,-0.4761786678523269,0.03121816832500059,0.3269501266643976,0.012468151650005987,0.2536203601233398,1.661943561651211,-0.28112059866052386,0.7336913617459105,-0.02203993144387615,0.589779806476868,1.1189136356545368,-0.05598100909889022,-0.011066612423607751,-0.8163351408240577,0,0.023618204117136905
1.0265062647785792,-0.9701993181150474,0.549891193556497,-0.776758506813331,-0.9646282835497912,-0.6995054774428238,0.34681553328331405,0.07561266915830742,1.1332712913673328,-1.7834853489081575,0.6331790878406318,-0.19595517756071393,1.2828108439656651,-0.005512545737263546,1.34360666777314,-3.121514129738668,-0.8395658997907837,1.159414823725838,0.8977422923662021,-0.031000503359435813,1,0.9906119088919312
0.6388615394788545,1.0627322055671078,0.9660902624048634,0.41827279327569356,0.4049885038942985,-0.20690480997941726,-1.0550266300078979,0.02563210561943271,-0.7609185333735948,-0.5080834204569588,-0.06472807197208551,-0.1652276054616072,-0.9986406849348274,-0.18299964318473652,-0.2622178786319387,-0.9088241470876888,0.1086899328368703,0.5870230465931993,-0.47082084197596363,-0.05055529750418404,0,0.0025405140060980715
-1.4146108242533884,0.04069549721963632,0.3404182230504035,0.268719092891505,0.7063222784429083,-0.4162388615625529,-0.4151767551050734,1.2199481264762784,-1.4952954892717663,-0.2328706034043563,0.517120955609245,-1.4254808428655434,1.5188636926568762,-0.3512300607388372,-0.2340628727900475,-0.3007346418948124,0.44743980653190535,-0.7271997695809406,-0.5779758221413054,0.7034432289643108,0,0.046757673076065286
0.20995629272082875,1.8594691409411959,-1.0140632849058642,0.5935914766753094,1.0909328009775723,0.8578202941075876,-0.44092189992828484,1.0760107023728251,-0.1452888969625647,-0.9687695209030851,1.737483398373446,0.7791562114022158,0.355093211700577,-0.7647781186990292,-0.27769697281232497,-3.0484274136701224,1.3545680912958542,0.17625985168813815,-1.2133829913555496,-0.45372958051953793,0,0.00024751583290212706
1.5369126613176576,-0.5925828445868848,0.15369261359512235,0.3272402445950359,2.3554896913884598,-1.2156749784002052,0.9609218528564826,0.458484160133873,-0.1509317774534032,0.3080038806051785,0.19047691470360764,-1.6018479176724556,-1.7417465299841912,-0.9261527230058849,-0.2935150084960961,-1.6173752030129087,-0.9057817000586915,-0.5343770429887735,0.55854486081067,0.6688538665773729,0,0.009650688238789748
-1.12381001856198,-0.22947473121835496,-0.3067013051880893,-0.006726618254528532,0.15412338679848295,-1.5837145393714782,-0.48773843682231016,1.6773021461744104,1.5789513277589797,0.06238928835984468,-1.1940294618315939,0.47376243971896204,0.35110499196247047,0.031160235346084163,-0.8647050189236789,-0.19644763309455374,0.7919661232444172,-1.1559836578982456,0.30075871072244664,1.2855208928813038,0,0.04477733176609981
-1.2193145211125151,1.5525055374175698,0.30302932555816653,1.6482230666885496,0.11092111223077114,0.4914328837662626,0.5843791561175928,-2.3444771403918176,0.2801795433774928,-0.4272096937672032,0.019925814459163887,0.34865537711384825,-0.3832609638826682,0.03315903448812352,-0.8622207066870665,1.2337796580031566,0.43784665476065093,0.31797919449902734,0.7644382725304273,0.4774272679937416,0,0.020171245587664047
-0.2994606162294948,0.27060560667814193,-0.6562627024270281,0.492550706778185,-0.4373057374436378,-0.3344021714821227,-0.6997325580795394,0.3860265769171692,0.6221905939072616,-1.5549646107980666,-0.7417248383475481,0.4218549380142896,-1.1132415922911334,1.905690122708542,0.7691030724401811,1.1735819392675242,1.045281640337978,-1.039216974670003,0.3863147201886265,1.9992264038268475,0,0.006877255798497424
0.1587539017605504,0.6307648352880699,-1.4273822828085188,2.0828689393055666,-0.6215650191388444,-1.8669613340714817,-0.15641269704828445,-0.4196731368013322,-0.6319612536952903,0.5305511462858848,-1.2227162173630033,0.8025158299170613,-0.05517919402025585,-0.11112058602437772,-0.05028384138939836,1.2127126294705028,-0.7565404410374454,0.4181269134673609,-1.5592974455478217,0.4211846922678635,1,0.10035626998415126
-1.376486268412169,-0.82232528481779,-1.2693617100995722,-0.06428453256609323,-2.596611308082244,0.06058181493949451,-1.240452379275854,-0.20630187410662867,-0.3425958780430855,-1.1504755451618018,1.0584033208076593,-0.3543355452775145,-0.22579891835216717,0.3885642061270444,-0.2751831151410725,0.9400476955133624,1.1623666399755723,-1.8484404396672562,0.0005352374485081276,-1.193750069789991,0,0.05338724682187283
0.9897790179622467,-1.8977396717701518,-0.3842782976110771,-0.38232934756592973,1.3940504771735924,1.2164007222142459,-0.8511550771898347,0.36443408276105577,0.6493861756648237,-1.0895737962926344,-1.105762120473287,0.9070004935951138,0.16546307974470412,0.9894843758752248,-0.40042500458539765,-0.7945144918521547,-0.8152267424159979,0.669559882409736,-1.7872707736658073,-1.4242356662896345,0,0.0005404273089424276
-1.2270891769645114,0.8994418301387789,-0.41096809918451016,1.3278036084722242,-1.2249314500234942,0.14200547831744179,1.1304845995141994,0.5933821616367733,0.47072293042044766,0.7826436827850898,-0.046462006796227716,0.09604377093791877,-1.0983662016055262,0.08761815869825099,0.4107323068127042,0.4956420459977607,0.230406642549662,1.4310551162002831,-1.90368924218825,0.1474367318844455,0,0.010971080955317397
1.182426490790833,-0.49720322082226875,-0.811267784753361,1.6974275650856223,-0.8368839880384122,0.9104398460176835,-0.9268594825837659,-0.08760913796765676,-1.4590939242651086,0.3181344243772559,1.7762253846611669,-0.8711655497555841,-1.1478707232027838,-1.3278787578257747,1.1087515305345177,-0.12706983275511338,0.41513098316533187,-0.3992066904344895,2.075714115944144,0.3121653287323184,0,0.026707631630331855
-0.03759810666041741,-0.5441471116222681,0.7963702926673157,-0.5033469970475367,1.07437338704243,0.0031847887484987313,1.3540999277151313,-1.6317592115789106,0.7211150665064044,-0.9335922531039759,1.2196459252848868,1.0389084545694247,-0.47472585165671677,-0.7722468155809228,-0.7976845586624512,0.622667985721106,0.9826791879742788,0.2333375829149409,1.8820848635798855,1.1781612309326759,0,0.0007008637801793514
3.317032572653331,-0.746885151716582,1.2338126830256624,0.11615735172948585,-1.512858043304777,-1.8856753255164893,1.016509332157904,-1.2711916083902113,-0.5501797896731466,-0.6159595342187218,-0.8337412683986584,-0.4939291055180693,0.3033229931084918,0.4961842510887919,-1.8040761727603938,-0.7112890221847407,-0.16237915415464027,0.8449816574265705,-0.8675115998460314,0.30766844136309696,0,6.380838379987984e-05
0.09495445615479861,-0.33061608874334086,-1.5055925053443255,-2.2091987469098093,-0.7900380495171392,-0.3989962751008896,0.3214809222805664,-1.0055918095184133,1.9641154625332313,-1.052427385116073,-0.1737346885714167,-0.6778586385562441,-1.214606911128072,-1.7549911311428033,-0.8526981607429832,1.9509853709050196,-0.12334844032357596,-0.1115794172130458,1.148332248280775,-1.6136114020085102,0,1.1223055337052332e-06
-1.1268606978415132,0.5936759429342532,1.4046090448890707,-1.119684225164885,0.6416522676990848,0.5370744492758428,-0.91147303046322,0.0652178118088743,-0.33787864600344103,-1.0391366007778602,-1.0712199067826234,-0.47227485358870364,-0.004357867317410865,0.8516317384161743,1.4674212477719217,-2.183655504640575,-1.2171237883989072,-0.787268791081621,0.7806599957086487,-0.20625492426117317,0,0.04986647975956561
-1.4861643758770178,-1.0631489231189166,-0.7570174407546535,0.7023323305048625,-0.044211666111879704,-0.1754022291082631,0.8643128857587642,0.019758567505118844,1.3256947968903237,1.3086039750135594,0.12195187109405677,1.1177125010677809,-1.2322212853436858,0.728065711839501,-0.4301569335756713,0.1203579316028473,-1.3580497231177902,-0.7891134015567811,3.0654895298035645,-0.49764968102634327,0,0.020848146820604305
-1.7346133774557964,-0.5178529786995494,-0.860755608592293,0.6692586580002081,1.6901953894840196,0.23239486909320314,0.1798692887175582,-0.1940821163120323,1.2482361718006736,0.8368776153788868,-0.4675877570009174,-0.14559592155446602,0.21426594719683953,-0.7881388586860755,0.17468794681641703,0.40665338234236026,-0.052422143796894145,2.178844139744767,-2.003792977985857,0.3761222794226089,0,0.00694280321109888
-0.7239810791914291,0.6924056481111582,-1.1584086616285938,0.9429745882546311,-1.0426449835300169,-1.165020715099521,-0.15151540670186256,-0.6297895201193234,-0.6932765658169416,0.9447884028400112,0.7428796756777067,1.1086010697248787,-0.2640825047920229,2.2927418213005586,-0.2910647132152792,-2.501284718020185,-0.36883082986466975,-0.0878384865272427,1.166251227234258,-1.5088719852191117,0,0.384074210006238
-1.8579387394158573,0.7073217577032734,1.0528343835983158,-2.130175633182578,-1.5033547866921646,-0.26918135386330894,1.327029554119728,1.2280900503970995,0.4922943502881632,-1.614375708638478,1.8125911800657932,-1.8857661415642033,-0.5178703775361487,0.008112029950798495,0.5566201957561255,-1.4982990245582277,-0.28266626233959125,-0.5898882876622755,-1.4285066142892284,-0.22008915232138535,0,0.002049822123201474
-0.8310767188729973,-0.19143772027982137,-1.070538441936756,-0.35388457058709805,0.00587622055924004,1.0883239511141956,-0.9013276974356507,-1.1499790048809722,1.2235618160014745,-1.1667058899891218,2.2017845355082253,-0.010315843368544308,-0.07263968519346445,-0.4673053060994645,-0.9934053255986687,0.674826471853372,0.4387925021349151,0.39015103399241424,0.5254255272224349,-0.4467521112185469,0,0.00138583104565648
0.6154061860638375,1.3363357259130018,-1.1716210963235771,-0.8168755035857601,0.6693773776820746,-0.373339062171837,-0.2991221373574685,-0.24607161137661498,0.36432637671781143,-0.705144766760192,0.03813683961741654,0.23290856762381748,2.394987313971122,1.0187797815023791,-0.44993843485967255,-2.1243615145056247,-0.08613031902995778,0.9335948174997386,-3.679110956431324,-1.2854971627058485,0,3.799094151418275e-06
-0.9579586472659996,0.8773184386829888,-1.008597441818135,-0.017400427195226702,1.029444520807723,0.07325076945193015,-1.7363126692977453,1.0414043632989531,-1.3135631086638024,3.065436840390945,-0.20170594422665658,-1.7846080128390933,-1.3475657236460403,-0.3015283574625502,1.0349750942336435,0.5855433498476291,-0.27740953898406834,-0.3218891317716809,-1.1929843804696287,-0.6275501567915907,0,0.02808545411501845
-0.8274388527723089,0.7162587695740907,1.032703139089019,0.1535090639684342,1.3352619159393357,-0.7757167529837508,-0.742384377780744,0.5912390232928249,0.7698386619322817,0.41295239958160085,-2.254511726439041,-0.23594080831069653,-0.15775431437396265,0.9467600386958916,1.0140153277393449,0.08365336266117437,-0.704736790880804,1.1677540688912253,0.7923107525542016,0.545417031780571,0,0.01659457703299539
1.9007379580014505,-0.6548576070175717,0.49006972691368256,-0.6760679729957649,0.2859554125832666,-0.07398012489575066,0.35303335966462296,-0.738086374599487,-0.15731260206128458,-0.699278628732152,0.5119211189865949,-0.26600096651801003,-1.2176720267428052,-0.3402865247456022,-0.7614490490627557,-0.024455820045180623,1.1323854968684006,-0.465366153907975,-0.5658913553874085,0.8652056740673473,0,0.0019320984271487332
0.5248640827921932,1.1641788578811518,0.3878929002949374,0.5274079942673974,0.7169686332464703,-0.5596267613247682,0.7709639883401129,0.3509206366510531,0.011605446641979248,-0.04755505331644442,-0.33639522194144944,-1.0394128620229086,0.630663216524714,0.4689256533737335,0.044915453526810215,0.102946855026064,0.185617026359296,1.1188523654959257,-1.0348761661223644,-0.09655453594717921,0,0.007951037171607354
1.7663886723774653,0.6169673178799271,-1.9841516020823464,0.5042876177254985,1.0827909753773555,0.34973440531202615,-0.43893388845237213,-0.4853320822619189,-1.0288519467566295,0.8027720145327556,0.7932113131879519,1.9072397217006185,-1.1681381128182735,-0.6428202517912878,0.2262026542830387,0.19135085514182315,-0.04388174225167157,0.7387974630544613,-0.8747291621650568,-0.4143920413345022,0,0.004008705898483382
0.29585727630558495,-0.9312334744223664,-1.110669447000806,0.8307164164550931,1.8109646972944378,0.8149673466578626,-2.1663099849042844,-0.7030543313787679,-2.2252210494392255,-1.3382833237134333,1.2528884594267016,0.4515252661255647,0.5188903739348795,0.7635400543509798,1.3267861566411208,2.1901103488178473,1.1492766405495118,0.182368314120418,0.24020498700762197,-0.03614811289471761,0,0.011437291904190882
0.23410573685828837,0.5928090204860168,0.24301754009740859,1.2651641578745576,0.9592518897240759,-0.2832704121418717,-0.29931201928872336,-0.0836788045329769,-0.7158483943664932,-0.3980701452290617,1.6805690917843317,1.2413624751408188,0.5564476764656372,-1.8026117878512748,0.930437341358946,0.13059709222421864,1.9486788219136886,0.08720073227581975,1.4570131210289956,-0.8704958744656042,0,0.06955119214507664
-1.2700267849213167,0.8256563986161115,-0.8575539535892164,-0.512955713436258,1.080446237727262,-0.18686540167236823,-1.1293613685256791,0.598807704048851,-0.5806318386006276,-0.20478686741435342,1.246085866869556,0.6041074916465655,0.8768464779762012,0.656219038892674,-0.7513941827653449,-0.7963833025302991,-2.0109486840313036,2.1778274281616654,1.8539441711699314,0.11506023212651749,0,0.024240369255995646
1.3877514425922077,-0.3566453662714529,0.9281171713517578,0.08685191457475176,-0.3414472844737503,0.31537626572797384,-0.6755595254691261,1.1866237660267083,-0.6739410172093444,0.19430584500736933,-0.5410895975027901,-0.022420593932667827,0.8544930547074893,-0.16894499345547956,1.8929720403417447,1.973023364601987,2.0016640726120856,0.8946510723364485,0.6181755261059059,0.4746582717583744,0,0.0014733494630279399
-0.3503266935639709,-0.27808564856221085,-0.5265132625667694,0.25467009451741823,0.349318739148703,-1.1989177981399615,0.684470306393663,-0.08892585208770243,0.6036868429897718,-1.2456194954749602,-0.8192484699703042,0.8691180035207395,-1.1640492012343973,0.3097206459323964,-1.5182954426834125,1.3257843338828943,-0.4463735136235793,-1.1350523308447205,0.5483067263311019,-0.2265715090992108,0,0.02823229711998267
1.2021418477479868,0.2583396202519388,-0.09092068227666315,-1.3656389942906393,1.0849447327358281,-0.6008665596369004,-1.1440342209901557,0.8120771269509719,-1.039483799386864,0.3406176681520229,-0.16364587070945055,-0.40333965515654613,-1.2955333548773882,0.996105631335313,-0.45774586031889014,1.9055338996518185,0.023687034201965183,-0.07731473998181768,0.4239457608699394,1.8959725592529082,0,4.665040117234363e-05
0.027894954240868113,1.6516926847699123,-0.276686616984261,0.8841445937982341,0.5963668176818481,-1.2584878498512975,-0.7688628781264422,0.22248901925944828,0.1456419390118487,-0.9198973061716876,0.21517234836681828,-0.005062956398678407,-0.5200322490672528,-0.29117515451101217,-1.115292567071857,-1.9017824409489303,1.3487439476056637,-1.5886033713741452,-0.7364050631318831,-0.6850678881030072,0,0.002566443557282963
-0.26331200998354193,-1.7199865364855238,-0.4432614709788554,0.6224882258872905,1.1364546146319543,-1.1319233596686786,-0.018786108349595602,-0.2506243751215185,-1.1311626660144591,-0.38556843990228645,-1.0029497111065062,-0.8168980826687129,0.47161826679275204,-0.600626027039267,0.23733079129738496,1.8519140853638036,0.04118352455734868,0.9146964190343415,-0.6687102428161289,2.06491340047821,0,0.018009868791434267
0.8098285350779414,-1.5171355525451518,-0.0351130469366249,-1.5184049056362259,-1.2833611447080997,1.2817452473807005,1.0485523043789897,1.82616396777205,1.1705255210509864,-1.2360088192459444,-0.8093404445686284,-0.12512050645082312,0.24989226955077307,0.6812006554827618,2.2392364292199454,-0.22777233565269273,-0.9371812168609089,0.19219998493957355,-1.8758231181875928,1.111338506682997,0,0.12586357238090434
0.31896136652917345,0.36328966512796096,0.6822183975246617,-0.23205630901378252,-0.4947776651339862,-0.09595511252452084,0.40404044851055937,-1.1098862308469992,0.036202086560471865,-1.107815529790038,0.5848876770383779,1.544799595919617,-1.1674001644233554,0.546419922758679,2.00404351255159,-0.582771058121324,0.247810860928818,-0.4577754884920512,-0.9997075523734802,-0.4050172377130019,0,0.011916656864194047
0.848229860438889,1.007492198194497,0.5845699790485215,-0.8058122551652621,-0.4166514876098247,-0.4473124432903851,0.2662523269270938,-0.17138535571683738,-0.9059685997457032,-1.2827444696084536,-0.7713149827810477,0.5791807257319198,2.077258618946606,0.8053752102366899,-0.6797188671897781,0.5198019333412813,-0.3861240218765012,0.8370572609518878,1.0934342179728296,-0.9154793974130555,0,0.0009075356775966467
0.4088254593479517,-1.5340596054560764,-0.2607614311464889,0.3832610779773775,-0.6832370886764525,-1.4722400756829817,-0.21764222942822575,-1.275947086886937,-0.19254049182714592,0.6054855905464753,-1.4030005203211025,0.7161160079457831,0.6919887899314584,0.9313287940635889,0.4725003211902086,-0.38053771022616933,0.3523812594543827,-1.4168605071206302,1.96528579273235,0.6447425961336779,1,0.02698793640462111
0.13129634307660426,1.3744058419006175,-0.4384644831857794,-0.727173672856323,0.05114305875429952,0.6445905633597557,0.5130231118358856,-1.5053151872639075,0.82451857557567,-0.8848247898710472,1.1819202304225538,0.436055352441939,-1.5398246570948995,1.8289106914400957,-0.911366327404809,-0.336577433327897,0.6158171236071665,-1.9883598258346733,0.30525381290386067,0.05618356187620381,1,0.008593114281667213
0.5181596603720212,-0.5617971174253871,-1.614206927178923,-1.253778041395134,0.7531834359198185,-0.07733927798136717,-2.37618427177173,-1.221092235652378,1.0313940279281408,-0.09876400041428712,1.0014958196274237,0.8228333853437019,0.9584364329194375,-0.8427180895756743,-0.6124284517963142,1.002736619031643,1.712134407342345,-2.5584181486605946,1.7500993258868929,0.5562679754256598,0,0.0023838420181980374
-0.10247578237445253,-1.0121350635341428,-0.2773004927999011,1.0557477237996455,0.794391555234452,1.0430645510975525,0.3503842205478653,0.3568546127811405,0.8698758744924885,-1.21679383661096,-1.8698374306297783,0.47682376683216177,-0.40654286476470747,-0.32590585211864304,-0.11237801081885702,1.3903203518134917,-1.2226244717173458,1.0476297300695476,0.4472138821626371,1.424676910654298,0,0.0013824741740315941
2.377540569892997,0.722565035224869,-0.32997034571554057,1.4893238820853725,0.7052833070761213,1.3186005491746562,0.41403621859650847,0.377923181260198,-1.3805807599921096,2.570184062068977,0.17351628358886118,0.42695067177522067,0.6094532169288804,0.5317970088017454,-0.70843969712632,-0.4875044658001919,0.4604511055826167,0.24431299333929885,0.02102677671897378,0.11638286326068009,0,0.018431956732854256
0.7871468065694481,-0.7982074385889932,0.5327784869918887,-0.34397883070422713,0.09411070742305416,-1.4388785645774498,-1.8339790051100813,0.4044789849215372,0.6101982387339449,-1.1138260932670159,-0.45137939888463735,-0.29530418126282415,0.7226395636469225,-1.0017604013717993,0.564079065742053,0.36125192735410133,-0.5408564762411001,-0.014589169686815048,-0.20613695220346087,-0.188040900444552,0,0.007583854769515726
-1.1632156159907163,0.6082009939762859,-0.3739648142981201,-0.24470263038477447,-2.2856644549168466,0.15908981840318157,1.2294751151880636,1.3109392702162863,1.230518947061064,-2.0841104365674137,-1.1442410495028523,0.5761915049930441,0.46085894979913444,2.036146535748921,1.6166199973396067,0.7959259839678983,-0.5418571579330367,-0.005572454546178003,0.9282527011971666,0.6008065038719027,0,0.0012747323692769066
2.2697456243896514,0.48236551740499206,-0.7801409812871781,-1.6134358175409949,0.5968882973210303,0.012520202836619225,0.9215558991263402,-0.5178605450785961,-1.4152892156928767,-0.11503646454394775,-1.6442609875824827,0.015575088685341562,0.57706494561986,0.8126941827371679,-0.4601627771223837,-1.3492863563989472,1.3464481845566711,0.7400662464429715,-0.9662248613513571,-0.6528721548799693,0,0.0022168964163933567
-0.7847489409251353,-0.9976120117508395,1.1297393817810666,1.6868284359787498,-0.03010893153823626,1.5463192235650345,-1.33379488678617,0.4684112814792542,0.061234423073987125,-1.442701884720859,-0.05861989209321014,1.5964878095991089,1.3565677576801352,0.28913413184798725,1.3179974682695148,-1.4611169734032905,1.2156580715502574,0.5977678889757287,1.8935989728360907,0.9416570665305221,1,0.9260683431781498
-0.9415586797606295,0.41259037511146096,0.7887331936528917,0.41668469256149737,-2.046567681681604,0.1416819554994229,-1.582958186761947,0.1862351614319594,-0.32607567655746855,1.7629721833766656,0.6248981950346328,-0.9927832746039199,-1.405259747191833,1.2120717960510334,-0.40230233249412456,2.622529241575599,0.10118824498375276,0.7976094981690734,0.2839371556215705,1.614232725332017,0,0.0002443688458179173
0.18081776188062448,-1.3610827859628818,0.15235516164316648,-1.0120917281537818,-0.5370017237943268,-1.736590911775051,0.5281681322466426,-0.92078298920681,-0.6136050186383464,-0.5018558217789223,-0.5790208385564266,0.31580835399972507,0.6696972797636833,-0.5746161643216054,0.39967374125939864,0.1660380272615519,-0.14237800519996793,-0.3079530979458913,1.451070689396006,0.5913743067089566,0,0.0012806010624121476
-0.16832396786303527,-2.329656528791746,-0.5211653781837859,-1.376282819386223,-0.7086050563511971,-0.006653082037636851,1.5460764904929063,-2.129876196170717,1.5245167553851404,0.39954244317242354,-0.42232149271905944,-0.681257599138648,-0.37047051728272834,-2.3137663833054334,0.22948270048709507,-0.7579811965234069,-0.5399577659052881,-0.8798676533318297,-1.550963332767753,-0.3831419214593003,0,0.0019776643041951683
2.2323994176061888,0.2899614418141398,0.18964124491784462,0.8773085223023462,0.008824535363649431,-0.6953825932068659,0.15946531476220469,-1.5744056205753594,-0.881679640530984,0.09067789249568327,-1.9288437399333869,1.6871059703299538,1.4720951480894,-1.2410384097353948,0.1384339590259702,-1.1021047499819887,0.9588617710093498,-0.43568947105720357,0.7647387663635187,0.06954252915261044,0,0.11194213828715653
-0.5830140327592694,2.992942948071684,-0.4914509437558443,-0.16621737440895887,0.011581706772309618,0.5267181388849459,0.00265551703271918,0.5792948995184881,-1.5444853385186674,-0.7033298413909702,2.1788777926537235,-0.748277041433264,0.8029166815186339,0.14741882596544265,0.2981919067178739,0.6423136835949925,-0.7972722438330819,0.025202665717450903,-0.2609102375791313,0.3380886039070845,0,0.009767228721077319
0.4075674962208389,0.6062459474982692,1.25407736793686,0.5672538761377085,0.047206193882366666,-0.7386443541316994,0.951163055724222,-1.03704007257418,1.2390874839361645,0.1475516897341078,1.311238507121731,0.5514320361014428,-2.28676061601624,-0.26397205533053314,1.2221893352164908,2.182220486820823,-1.2320109553453749,-0.42280810227241133,3.3648649993703468,1.6053677655847534,0,4.248241160181217e-08
0.5237213419588659,-0.4690545566732911,0.1981424901233537,1.2624921518560372,-0.675335688686148,1.4843112855981153,-2.272831282091135,-0.49866979293166847,0.2856272870880089,0.32357031444404355,0.8472850703808207,-0.7920053945186581,0.47342860044230795,0.2512855815897331,0.49292230004991633,3.064387442907603,1.1641550759104076,-0.3528768606021113,0.08394838858165123,-0.7239048691804346,0,0.07885986593467084
0.1769937564447189,-0.8445309532007208,-1.1282337433768035,-1.334000901172642,0.9853169784762829,1.441035230689574,-1.567755873214271,0.6461796836572318,0.7619280966735898,0.15733760026826285,0.5823802932313732,1.145180940396184,0.2718284262894432,-1.942063350799425,0.3432574102945314,-0.13347393053993603,0.005203576101582869,2.0564216638720643,-0.4624429464264982,0.19508255548968245,0,0.007676692151125196
0.601870339726829,-0.22683902198639863,-1.3901310070771937,0.5318648413584868,0.20024668873532564,-0.0976585758934185,0.5350554511489137,0.009216079266985535,0.626152697019885,2.5358374344769694,0.6669106740308607,0.594699142065102,0.20919595383409778,-0.2817286488349278,-1.0216412474840686,-0.5441284843815611,-0.07278123523028193,-0.5794983797229739,-1.3836611532925562,-2.3291073275632446,0,0.00339949625456293
1.4268798942400813,0.3080375791585801,0.8490178114944645,0.4859172655949385,0.46311776832295126,1.669873856567969,0.9572033715118949,-0.7842486991635008,1.19173345343014,1.1260783984940819,-0.8181367551271057,0.7970784249876208,0.31846858192930566,-0.6887214473010849,-0.1483362623999172,0.9758328506278214,0.3449857704281944,0.0526858781801764,1.5240120348528252,0.14625878820826743,0,0.0023611184424327516
-1.1971109182742232,0.1956072534236209,0.09038158552480602,-0.7449023787021514,-0.8301040184327705,0.1551829819376663,0.07309739759012628,0.6786567569700144,1.0311137435611522,0.7073164759163678,0.6225591147588425,-1.690249804258969,0.27663367797549654,-0.8197430739547443,0.48221281620948825,0.3228573697732482,0.3751399709552418,-1.7614290898444958,-0.9117933275068465,0.1792275731600913,0,0.021142244860618224
-1.1116552986943882,0.647915637612843,2.398076128071512,1.0591381724719593,0.2591397026972383,-0.5867966819286974,0.07722497287619615,-0.9745960154499418,0.43840099867236754,0.7320370738582124,-0.2953035213013774,0.0596135034854658,-0.15380765024327048,-0.014306701453742994,-0.6466628423945231,-0.5918205830925193,0.16167617201133874,0.1457710464659382,1.2134413962978732,0.29416145871806004,1,0.07939057785775695
0.8509931200944647,-0.16970189523673132,-0.16817146659968782,0.5647750857218938,0.164536058229892,-0.9863317874412846,-0.7250691224346595,-0.004198269288189155,0.9395137729576619,-1.3850948530046996,0.540971290298666,1.1259081209947959,0.5390248471957271,-1.2483827196465658,1.7454133663841613,0.03548187652346965,-0.0202428090206522,-0.09935948669706135,-0.4261144306846334,-1.4101382660276363,0,0.039429762234265864
1.175954993646307,-1.2410700406137656,-2.059028096825677,-0.43460544706093746,-0.4921171782521872,1.3034966894921056,-3.237721316544975,-0.8835134313022588,-0.536323734907423,0.1377679764868979,0.2734125036894718,-0.7137466597877965,0.9003689180629293,-1.6352579121068265,0.14981845396132568,-0.3539412343887966,-0.9013205967812233,-0.635113768326997,1.726390548152875,0.859461035796723,0,0.007936337954624992
-0.1765391349966022,0.6964713195895256,0.3444521801516102,-0.4884695511973796,1.6943819120644337,-0.09883044799386811,0.8754929145317134,0.5503886127075345,1.0222538100451477,-1.5325920455190662,0.008126751319687568,-0.3532301556674604,0.6521132036055175,-0.8710454317884161,-0.09479825597398113,-0.12192853373097386,0.7374390590990529,-1.380032053398885,-0.6006176659356027,1.2954281044236238,0,0.020763483310928192
0.34936606214454086,-1.3892213949386643,0.006976694758101739,0.33823856961855037,0.2116263718465191,-0.036495077419372746,0.3669501669658438,0.028764084120487175,0.15888544633730603,1.9345189684680149,-0.08410582024827164,1.4668089938939937,-0.48422327202888255,-0.798628023308457,0.6738645655854473,1.0020203710811688,0.9304419840398844,1.0774183351780124,1.2737451662730854,1.050834737694665,0,0.0011927056962297178
-0.9478763089880884,0.648617887500036,0.6223679544891522,1.4034872247318892,0.15260482951876048,3.124442766698801,-0.00920139984380872,0.7590689562698557,-0.7204101860222882,-0.47214824254169097,-0.26855261542108294,0.9830243736612999,1.0333238649760448,0.469115533035044,-1.1178803231274785,-0.6168614045231197,2.1054326036029094,1.0209614827224798,1.2526440387934776,1.412282544311396,0,0.12477192084046819
-0.6156919739456751,2.309610234721142,1.2297836495551802,0.03137023368768874,-0.37526720652705253,1.2744548559607762,-0.6261309262463456,-0.19258395458222874,0.6500119285166764,-0.015872637440266017,1.263676818383018,0.46621534634660877,-0.13330455094307767,0.8067458445162674,-0.3125528874199245,0.9479432801044496,-0.9110604934538378,-2.0821756626186563,-0.09469824195921771,1.2545827203861497,0,0.0628985740956923
-0.2289362398390007,-1.1409497107694537,-0.853390653465961,-1.3900840594321142,0.45405907586718963,1.1746641800670856,0.13986038098226736,1.8281338841001398,-0.7242647691556273,-0.4638228038222926,0.33596588124752386,0.3044637407680437,1.3374945824383722,-0.4786713693863168,0.9074670761288152,1.1234742227673769,0.5558348806352967,0.2881281001296083,0.5332284188118904,-0.6766970557922307,0,0.000842663501641639
0.8039653402568746,1.8276665852019578,1.0524342981314028,0.9669050384958593,-1.684926453707803,0.8050398561752662,0.6498826712254107,0.7811789135277002,-0.3602042572767826,-0.855326866390867,0.31688291208951497,2.4258842877495734,-2.2113726096539223,1.7303593012047827,1.5324967969702141,-0.07676260417021566,-0.39058778271437883,0.35647158166131965,1.547712650506937,-1.3793650970877218,0,0.005071652919009624
0.6913560891806318,-0.17294530001333774,-1.5383730888054143,-0.890693424553669,0.4842415081048864,0.8235630455191311,0.3967243085199361,-1.0256486959479814,-1.2025224256345919,0.4813918713818182,-0.14993644405066928,-1.1748238736038712,-0.15732866876212964,-0.4869431729896104,-0.17981732956045346,-0.22401431087440515,1.9691487504126302,0.5750691298681686,0.014848940826093013,-1.3585233276931243,0,0.005104303979396973
-0.4347554732977454,-0.6889149549998457,-0.07723569808581236,-0.11703880289004132,1.4586670050300397,1.3200666019041847,0.2523144437993857,1.0593768100575478,-1.2852183643008954,0.3829844966462674,1.0536165113626286,-0.6109217813226102,1.369969277654979,-1.3383482380968499,-0.8721019790012652,0.16596875339832742,0.3100226320424465,1.552951276048592,-2.0462154098879037,0.6191336842813845,0,0.0007878360082123754
1.13574477067544,-0.4805697231171957,-0.9537302601695787,-0.40869868268470966,0.0949243778365123,0.22470238281883603,-0.05485473781424677,-1.3024191365729214,1.2396306526406013,-1.0348843790866786,-0.6949189982334898,1.4650919455058649,-1.1186267639406449,-1.4339815744204505,-0.6983239277228929,-0.3797176412521386,0.5415079442130943,1.1615182580642225,1.0041841669058598,0.7315760227527641,0,0.0017581929674480375
-0.9310645338596002,-0.48955922726782464,1.0416592598307048,1.121152661105264,0.7864953907567004,-1.4826757374984887,-0.39991752082133053,2.1285255559315646,0.6159967568263708,0.6143952428979995,0.2281307006196445,0.5611190297496734,0.08904710151078983,0.3057450749539052,0.26331883948202184,0.14549434421967322,0.4767312883112229,-0.4341210355608861,-0.24365878134838814,0.5395660418369829,0,0.054397715796087764
0.4044625330705728,-0.0050301321778894945,1.2906657035209474,0.6868662965103166,-0.20659785638045172,1.043386198515657,-0.08875879065458804,-1.9821045794106817,0.5842045416374484,0.16442944481093374,1.442079871214076,0.8655785570784206,-0.020506985231452602,0.473286218618593,-0.5217200141593252,-1.4660769145168997,-0.935491103936236,0.4586059983278973,0.4774929700267383,-2.323754164669068,0,0.018947801255618596
-0.04680006088182425,-0.9746637453965451,1.0881418517776835,0.526992019179268,-0.3660788992898382,-0.6499393662158552,-0.28370380640802056,-0.3526912144007654,0.6955571973946802,-0.5138495944741927,0.7235546142669235,-1.3499106151283187,0.0660428240048267,0.6423108042088783,-0.523064827556964,-0.9532941957029514,-1.7700180267018342,-0.5688858424649093,0.9754304522815618,1.0384250033855653,0,0.03211364380983569
-0.4708175771652109,1.2332976644620077,0.21733346199046857,-0.1977241493206245,-1.742627651483269,0.9231418843545565,-0.7825770643239842,0.1876167566202764,-0.7422187505038929,-2.1815534910095726,-0.6306954211736552,-0.6292136769994421,0.47149439851249475,0.22143948606248706,0.5421647341087439,0.9487398268474794,0.6886648387359052,-0.740852615115272,-0.015653671899958258,0.30573919995446264,0,0.009503143600566376
-0.42982180640475826,-1.2109630269001217,-0.45315351884483207,-0.7526548926240745,1.208975842709401,-2.155616065049967,1.3886733981185204,-0.10458377029851494,-0.4901969652762939,-0.6073458505108973,-1.020990489571821,-0.7085661958974472,1.3536212542197479,-1.4810461406453097,-1.304742655446573,-1.6691905692660693,0.4065277684257724,-0.7418366735274451,0.7686398782205253,-1.278545742381172,0,0.0814499370937434
-1.7337507104840408,0.7047037002467977,-0.36483566969702835,0.8371502917613232,-3.000930063702756,-0.6235616971218884,0.04863675846195626,-0.690483743384579,2.364413523399091,0.2000333869394709,0.3740147866602378,-0.24357422304049856,-1.5447203872295512,-0.5224903906463421,1.5730866097762244,0.48151209007512435,-0.3697499415866192,0.9694056730946965,1.2489367377015437,0.6952051486775235,0,0.005237164551658149
-1.3335276833428897,-0.3132960846861661,0.8864266838133803,0.05965845790320294,-0.3145564005795529,-0.33354535225381177,-0.12547291456408477,-0.8007928514467554,1.6032841251832397,1.5465125716386192,-0.5857748798681233,0.027169917368613516,2.179029572416489,-0.31784676986527893,-0.48723455278041383,-0.21413321135541635,-0.06951009277789208,-1.648506844385299,-0.1978487308373702,1.2057001925171584,0,0.11491754192738605
0.11902776215336795,-0.4524514252255485,0.9701290835150417,2.50805112321269,-0.8964404598851065,-1.5637116135839868,2.3636441726613664,-1.3311634799548262,0.31732125425360297,1.0244377175333264,0.46377126240189404,-1.583938522235833,-0.04958231226337914,0.19173004906132962,-0.46921292592191527,-0.27932427054952264,1.044702952171587,-2.5987001015184905,-0.7977967728542544,1.1686742299959394,1,0.5718754168579525
-0.9640003282132767,-1.32526831056535,-0.22881833634782708,-0.10828922412113155,0.468595085882624,-0.511820114012823,1.0584148387258414,-1.3263759572363631,-1.3990666877249596,-0.21092910777010013,-0.022122059841319108,-0.21445699250411163,0.260300669234062,-0.4567382869331865,0.06654618774734984,2.504174346159318,-0.14513213886721116,-0.5740711461282725,1.8417753754125075,-0.1551877539864414,0,2.259394632845717e-05
-0.41496641782173543,0.8849858704318497,-0.1416339637969079,-1.3627159624460552,0.8867022173586901,-0.43549844661471127,0.32513151697981163,0.7576983465381608,1.2715880610761074,-0.7894510650718121,0.7804782185314845,1.3104484703714598,0.4903131611947032,-0.08752885404699345,-0.738659767520789,2.802775226416962,0.41978847551195,0.9775663156177201,1.37202260039459,-1.6715218798118958,0,2.3418561146534367e-07
0.932012582789274,-0.23758283945238262,2.279417322366559,1.1972757238579115,0.912505626402701,0.34790722989940814,-0.5768278287001822,2.7597436487184357,0.6963989719558977,1.6723752737619164,-0.4990313760956631,-1.8491691615216015,2.46514700936715,0.4850608129164046,0.43479707608355883,0.9528371033921802,1.1462083417063056,0.33404443000183504,0.29368707600337435,0.6995864941738419,1,0.09271238712554274
-0.5558062280266809,1.34229561702968,0.3489455068074024,-0.4955680796500181,0.19227112223490012,1.7927156113902816,0.2917280849271907,0.20770242256349955,1.2852763019733657,-0.7095308973486776,-1.0339059386779752,0.5706413809822777,1.0556635112917767,-0.6771865280146714,0.6410890655494886,1.3617549122399912,-0.03465778081190838,-0.17461044574303716,-1.5886393628151887,-1.6573067639610592,0,0.15617271717715672
1.362211643547068,0.163238444213942,-0.2518737829624762,0.33868585721212097,0.10759333677549127,-0.08101552121366287,1.235787925077159,-1.2790365235109202,0.17813536738072125,0.6643159172372609,-0.3132967480466289,1.909379735222014,-0.14244561398063557,1.7195071508214708,-0.6686555777724312,-0.07591818598275342,-0.4964261656723474,0.13261867949072162,1.0249458374846907,-0.9890878040743865,0,0.0070474993928255816
-0.7940378715834217,-0.12191206421370157,0.34725749428755454,1.645360775713198,-2.2105400587073274,-0.42877346252711396,0.5463282954659379,0.18009741583491035,-3.0681525618621683,2.289680801326594,-1.8769276265076051,-0.5021367145881915,0.4238956828152066,-2.180369671735394,0.24848537785474784,-1.3750223021212626,0.11500086691052283,0.42395601019382895,-0.6195272947035277,0.18568098958508908,0,0.011267833700653923
-1.3057389444676561,-0.6157598400315536,-0.5468700642291886,1.5400794667553228,-1.0361282663756706,0.04291009596710779,2.3857994204813844,-1.6806672829533242,0.8282026059002033,0.008215148242701744,1.8798526939254216,-0.40755254825361553,1.7377434123941624,-0.1585103883540579,0.22017787763088442,-0.2594250069516784,-0.4171143001101324,0.0299274195108,-1.1076542324169754,1.195852723079467,0,0.043999502481497484
1.3209621604377517,-1.2830148368741505,-0.7276334815766603,0.6194823448577318,1.1160065339322056,0.5062978917215423,-0.9281783916525311,-0.19491144527611617,-0.038562161132468444,-0.01794364007306967,0.7007934124500107,-0.10083081636141562,-1.4672597157480007,0.3981658849438541,0.9478167979298276,0.11897497305131867,0.6185111717476005,-1.019690232190181,0.2752869165711173,1.3657637831791982,0,0.006705073804836528
1.6092081354945371,-0.6165159505628519,0.4147274919894463,-1.3751205389002528,3.780652606745147,-0.8148006522846183,2.3218411046970613,0.12458751568095577,-1.9260700057278632,1.0807722325113605,-0.5000428780121201,0.752719728030806,-0.3397978842847911,0.42047325201095964,-0.008988983853494392,-0.06598425772640637,2.4520938268897416,0.7838644726778013,-1.3328876546062787,-0.8989880035664961,0,0.006581450015200015
1.9345293082769397,-0.8954048315139532,0.15270533260265773,-0.1419920730967408,0.06574415316033394,-0.5298342748982264,-0.4620464095530342,-0.17822749887351225,-0.19234769181571423,-0.21828563513424543,0.3498150067832824,0.4470735146292799,1.1612155071260555,-1.9380214311556045,-0.09284896331814325,0.3851844255719382,0.7523750199895266,0.20288466898373558,0.689288356095491,0.36697886179194017,0,0.005768625283798221
0.6165286336568091,-0.7884055443818413,1.6713429085696383,-0.31989949514662513,1.2166829140237032,-0.8246272238068963,-1.3654801564480332,-0.31904999110691823,-0.3774882202797796,0.9956862392254785,1.3695359367750786,-1.0996500576546533,-0.29462262284389373,-1.6744464226775335,0.5624289396625309,0.5667016245104924,0.8793588190811215,0.6058957973467185,1.090583602371444,1.7995777025263113,0,0.001914766165641719
0.2974593597849275,0.4024648521092185,-0.2890411090541224,0.331631075236644,-0.7747496579659866,2.120867123023219,0.8805478695817328,0.4216717172691633,0.8428860039321133,0.17985709546350503,1.110291770327115,-0.11666523972210281,-0.312047882814506,-0.17682496465774108,-0.20634017632827245,0.014023439964530326,-0.20635445641359396,-0.7140896715841161,0.180981847682574,0.5440535093323806,0,0.011536631637906303
0.04158005431975559,-0.2812909136439844,-0.3573268686178133,0.8435420035221393,1.6020686573277707,-0.45480760848882706,-0.3807510078516906,-2.8527324134048766,0.003208976729404002,1.0586473405238388,-2.1064355784593425,0.1810731729364641,0.37783746013655456,-1.0294630423741586,0.3954982333248246,-0.1506059577291686,0.4717003941174058,1.5998953359078492,0.10743887024900876,0.1907964154312386,0,0.026664593934310313
0.05935490744583615,1.2628624990745674,0.4436005667263889,-1.8427570305809864,0.8787504876110227,0.18229968537262953,-0.18293746947008693,-1.2518859430944396,0.36318180445095605,-0.8127005932120186,-1.0342402537785067,-2.5711030942840507,-0.441098099770082,0.4365063038623093,0.1985406475837958,0.21344809162486572,0.2191016033470503,1.2449888864523944,0.3656210435367443,-0.7527731328623537,0,0.0008674584793141038
-1.0429124452672178,-0.8300577197436279,-1.4406236796290908,-0.2892032933702695,-1.0187289136612603,1.3440241778706965,2.3038175854495746,-0.08545374959958678,-0.6876585153965552,-0.479333477691189,0.3673302372219894,0.22864805681740788,-0.5365422320002017,1.440146159849193,0.6760947730427124,0.39744470144977306,-0.6420552167711654,-1.0215584531689659,-0.16913029593810439,-0.611143605262213,0,0.005372704696881037
0.41037620272926156,1.1983489490108215,-2.7895879631630325,0.24647747063572054,-0.12794964211784318,-1.529058210366468,0.7109301525578163,-0.11081461558579384,-0.1424942753184285,-1.1645797987101891,1.1532537952436004,-0.38885205433728887,0.9010268302311367,-0.5194466412162799,-0.3673627529176858,1.462586817745816,-1.1405147277156407,-2.086996456518425,0.8797159688643735,-0.2289599199375452,0,0.03779856652075127
1.2750091013419131,0.6783430140198737,-0.6019241341761618,0.43025080825679163,-1.5829831932721494,0.5225310416511849,1.7226267982473324,-0.4763742870884552,-0.8090556101248726,-0.4172363849335349,0.5727181598683224,-0.7662394421229878,-1.472419736351326,-1.5873766583344597,-1.3670077777489353,0.8552933786367387,2.3438558029502206,-1.2280996718056771,0.4050642177627206,-0.03208636702976452,0,0.05291430427537531
-0.9072976961369428,0.6363680582007869,-0.35201151161854777,3.307696141294392,1.2301628238596316,-0.34296187823187274,-0.4856888350383379,-0.21042084893251525,-0.1276656472181291,1.2607085404838807,1.80713794440969,-1.445291855459065,1.4681577970380129,-0.15956365163688627,0.9333553375188791,-1.0978853975350609,0.4009297956375042,-0.9312143816219809,-1.5666963561214273,1.199470724891139,0,0.017972296150990906
1.1165617643121808,0.2947404109119993,1.4071102217704512,-0.018506144288496833,-0.27419172830050687,0.48817594835030964,-0.7485038695488385,-1.0408240605658479,0.011971807938583474,-0.44108186402268995,0.4080998358989799,0.29013719168795254,1.506778888595227,-0.8944511948201094,-0.4669877847295547,0.6236833548522266,0.5799564689116637,0.41714054746016155,-0.576327225901666,2.617395303422092,0,0.008929171852947133
0.2491284223347808,-0.25162577277137776,0.6112274184088772,0.4095608109217343,0.7642193656883136,1.643716644358552,0.3582317345463372,0.8120300978793554,0.14765481739526584,-0.2661284105048104,-0.9773089738937291,0.8190021531324189,-0.07911194273172949,-0.0324607413937011,1.00516479904131,-0.08122310622472136,0.5034731604520344,1.5424827428413608,0.9153323761794768,-0.9505127615772364,0,0.03760551107160251
-1.2208516988417546,-0.6061814571149953,-0.25546097493427594,0.502846273139404,0.37543938450116127,0.9542062134864944,-0.28094435042044424,-1.0287484771939823,0.7313684712521724,-0.14191383630030802,-0.7433562557662423,-1.134991855354609,1.0815565457080079,0.9648074634297982,0.7178194739718153,-0.6326414764046778,-0.5399285157690236,-0.5594301624839941,0.20547149305098586,0.974793842487091,0,0.04198681374251736
0.3886372331408135,0.9512137626750532,-2.2366953151070583,0.20121076867914803,-2.0136159628516017,-0.8920676205066945,-0.4173545103940882,-0.5789614360524432,1.0197381725772143,1.0738850225192809,-0.7251479270602722,-0.2571770528972068,-0.6778937163293223,1.2832875254350853,1.6263502205205003,1.384210993566295,0.7524405082008917,-0.9050323334877732,0.9391308208781269,0.4402063639177679,0,0.000399993295767866
-1.2080977689253076,2.356307854756854,0.17387375510225303,-0.21690601112449232,-1.0972604518250255,2.1637345772294623,-0.3504231835457977,-0.006154958200212891,0.44441296918392054,1.0247425553950416,-0.08996647434832165,0.29225122020516764,-0.6052830925986331,-0.7277746561186088,0.35785806420406285,-0.5160273234933735,0.7784745501965623,-0.7683320231814204,-0.8299637121807317,-1.5881502031731183,0,0.008852268904731014
-0.6289103963575752,-1.0131617111361273,0.46798023440211445,0.5795157224288341,1.5419911434238425,-1.0272061959448284,0.10137696988421895,-0.7193982027997601,-0.5695618919580363,-0.9071463453219004,-2.0209963987533675,1.3148056479291947,0.6861666703626543,-1.6603236283011482,0.24575090178425177,-1.1074660181496807,1.108845289378263,-0.18981637858041303,-0.01700945849245639,-0.928002958988437,0,0.048502594537448894
-0.23909989953144767,0.6730803345318503,-0.38107330184739013,-0.23846978583123396,0.9029417479598205,-0.686839599776122,0.37929036685295514,-1.4570659123375906,-0.5805807903271892,-0.9297579994490138,0.8448948831355112,0.9052755181315034,-0.3021784822596756,2.0351302352666107,-0.5740479475254029,-0.8831610375262973,0.7493777034014527,-1.0030703017861111,-2.047372628935919,-0.19382071113034668,0,0.0013103337817868422
-0.1890424430927585,-0.27703808497687904,-0.5810995032526773,0.11309323763710118,0.595519462070585,-0.37034857164599566,0.18593041439701252,1.3852050875759956,-0.06662309115911971,0.7943587341796008,-0.9213605731267013,-1.0247680542286048,0.07228738669951308,0.2962093219952409,-0.8638004092804853,-0.5149766090504623,1.3941731324570328,-0.5776086061552604,0.1020512921259607,-0.4168997754683914,0,0.022451435899928696
0.44947017883386853,-0.32203225262709023,-1.3125674834714038,-1.9074881427945676,1.31849957183368,-1.1549935106496374,-0.2328983892911648,1.7378951167941705,-0.6381848234559806,0.7907646295828274,0.4990904731922759,-0.9461869624758205,1.0651698859494136,-0.14888683203927014,-0.2563242307138963,0.5441103545673363,-0.5015851566003089,0.7479766869669651,0.5164145207888986,0.7648861433713519,0,0.0003955343678565763
-0.5704951962217507,-0.9064713586136486,0.49662962577748954,0.39690714195515375,1.566212480050308,0.6606047796099347,-0.7755443608316794,0.3744054073107592,-0.38392663515729336,-0.0792028463663519,-2.893709553631126,-0.28705178458441416,0.4869243887257725,1.5342904859897246,0.15825964963365557,-0.533365006294156,1.6224996415043613,-0.8249358550032295,1.1772526180545058,0.5651006432838698,0,0.08502488466223415
2.2998875565812043,-0.005610025450893437,0.6329494317880692,-0.49725766868945226,0.29236351696263324,-1.0383340516363462,-1.1064137098017226,0.1830415106813442,0.014198256656712566,1.4593259015902234,-0.4980652412037135,-0.8599801489002129,1.9854683317258024,0.8556894827852787,0.8293238914409408,-1.2423615304650382,-0.2931072974616788,0.10382882923355266,1.4998290838665078,0.49716022505798413,0,0.1766110085064473
-0.31644757620624236,-0.5060603896782913,0.20234534712767405,-1.1320769612496726,-0.03327700299607177,-0.3463462092614011,0.40362712787709343,-0.024567189321770412,-1.616225548354831,-0.5000354143073698,0.3846318183222347,0.6845147667352935,-0.0213972447072191,-0.5866776636301034,0.6260998415699113,0.4846568691138191,-0.9669864833044525,0.7410494355455369,-0.28703499610861904,-2.5562974442947395,0,0.002850976037799793
0.8611687728311971,-1.5058759439039113,-0.4105252403147397,-1.5468204574604951,-0.870431792327,1.1233059052896837,1.4589536782066124,0.1146194412353618,-0.23268567512847937,-2.0492989426776687,0.03739132375239151,-0.4757000181993387,-0.44034486426737895,1.6264676062122527,0.3261918949336637,-1.118417195926485,0.6670336444139976,-1.1656296548977894,1.1882949968000898,0.4711079121543429,0,0.0037667702353255937
0.7094078955956481,-0.013877993124830621,0.6658251167097919,-0.11019193149787876,-1.6733060376211775,-1.1667537382148825,0.31703599917398645,-0.06679463879133832,-1.7571843630609976,1.6186344197514402,1.5470863155422745,0.12108789194118424,-0.23758497899247996,-0.24837907217282817,-1.1149373697896308,-0.041142187169773727,0.3091450240523003,-0.502123973372754,0.3138952393069233,-0.5083835117272775,0,0.007158653947765857
0.20219700937280238,0.25445054037009257,0.3820699715255339,-0.22297662452224734,-0.9601942468293845,-0.28821217433466745,-0.026606303151349767,-1.8487558692721844,0.16453774412642289,0.876764173617493,-0.9439063997348507,-0.3950562286521564,-0.5271700476911729,-1.0858179152607357,1.7790624014999368,-1.7323286279961758,-2.0672121936408403,1.6111076361477656,-0.00225455477458042,-0.19690046146988324,0,0.5159890275081738
0.09169406316767549,-0.505315415732982,0.6341053842972901,-0.8028743668216348,0.5046265020879256,-0.9779713095545436,-0.3023557038882824,0.32268321848355797,0.051560228086541836,0.6772786675889081,-0.12696362928440127,0.7359584617107859,-1.970389197391376,0.8531360966315351,0.26401743275055845,-0.6141977679369715,-0.015303517183881689,-0.7356301028828091,1.1559837986812602,-1.1568107395301799,0,0.002505298061895726
0.982441992742586,-1.4028106097187611,0.34672022231604366,-0.3456608943316852,-2.3303839661664605,-1.2538548252740807,-1.5640785452770818,-1.3294973188447738,-0.3065064636396207,-0.13402882044451445,1.390436211226531,-1.7799458439437643,-1.3729781246372836,-0.024606494737405893,-0.5724315936638691,0.6901616091649895,-0.8624028672918581,0.192698097307316,1.0749148316097994,0.5792846440212269,0,0.0002507924001845146
0.41080128788689246,-0.6576623615825103,1.1654630583341905,1.1113935532875576,0.5672550554692619,1.274512260578926,1.372568786453634,-1.3338191393544536,0.45242550056739433,-0.7153243308559679,0.6434116757191641,-0.11408642498201096,-2.1565292909005755,-0.6648600614146556,1.2746087790962535,0.9312998743888085,-2.564225670769212,-0.25854715555281893,0.904623016596965,0.8093131884136326,0,0.0009400433702533858
2.6191030499821384,0.9295632898003016,2.039120729247522,0.1884506658780949,1.0811254672845068,0.4717736655365022,2.1286126070964317,0.6279584359106063,-0.16964393580210205,-0.4356878096371843,0.8699474337594457,-0.5031277211828902,0.5510136947480262,0.23217437862674165,-1.0765307153769241,0.4542584284126154,0.7574780878020279,-0.9155274681032692,-2.305385414194172,1.0974756745229057,0,0.04071062761122871
1.4570156325226424,0.4673019164841867,-1.1726383908253277,-1.5112139075329236,-0.3571586533105138,0.4196449035565821,0.6571981475608237,1.227175390346338,-0.14666495570664717,0.4300390099140371,-1.6678209984774228,0.7303709598527606,-1.6300320026400066,-0.5157951176045733,-1.467289932665261,0.49724142549999667,-0.14577377805894115,-0.011993396906073968,-0.7259095887419394,0.5694992208528603,0,0.00018890289216954442
-0.5533237012903408,0.37426423944558174,0.22244249830874382,0.5848017082410958,-2.955789314783411,0.008119997710857635,0.8180425734660333,2.544284480271977,-2.2142161918986485,-1.9318191254716122,0.14496515668975118,0.6954437294961411,-0.8578576881680564,0.4323881150972675,1.0426986202516548,1.061482637537393,-0.6501354986182165,-0.12619438394162977,0.26252830818947764,-0.0017893922315143636,0,0.0034765113711085435
-0.7301285902248448,0.32368636820788066,-0.5022623864844786,1.4135424715134852,-0.6079059892941711,0.6358500067038585,-0.6869939522769346,-1.060508493416477,1.4528545229396193,-1.248392698224648,2.4902409054589363,0.8975505482649891,0.2359345951832687,2.56286354539059,-1.51312838387624,0.1227762271022632,-0.20086275931026784,0.6277363513396409,0.2445169954377171,1.0530100927667254,0,0.00617618051332965
0.6502364219219222,0.23898185618319495,-0.31693608528972755,0.5229932664887136,0.06638868296324085,1.3860807651405382,-0.42524886810490037,1.2033059468791745,1.040506281700682,0.7979726749457124,0.0837117852968904,-0.24239395311150183,-0.505542922676243,-1.0425757290623776,0.19504932856818408,-1.0330566509334942,1.2762705174616842,1.3335124129338574,1.4412170817524823,0.1805309625986269,0,0.16786055792542975
-1.9378686841605646,0.9283362261971226,-0.8655075118697887,2.274512471351742,0.7751193049791879,-1.8702622094710337,-0.021003260307562503,-0.7339154073776166,0.5938683433334389,0.3846413569589364,-0.31427286860962783,-0.3089031084546211,0.27010456130026744,-0.43843844921768466,-1.2010347133308348,0.17273940547775735,0.47290170025527617,-0.09987903571352579,0.30500464001407196,1.0914940740394818,0,0.18151795909473137
0.35244348194665237,0.08451928655106326,-0.2903742212804445,-0.06096534383523131,0.47511517483493587,0.3854029541730939,-0.8575896386951425,-0.4838399511209154,-0.9145734708225745,-0.3267430601541205,-1.6950529920659811,2.0630140081826123,-0.9915801339110455,-0.6567480693535814,-1.4135292347357777,-0.8678192049083018,-0.9547316582680283,-1.6580635788147604,-0.323975093304647,-0.5565115515998759,0,0.007318830271528193
1.454407735840712,-0.08516839500858174,-0.3759471184349699,-0.08256811565687855,-0.85188675492333,-0.8660229801870528,0.16500960563077663,0.33160010197198164,-0.21914578186254663,0.19961844383396646,0.5004580211392742,1.201907712678814,1.7656836142305665,-0.29645650365107246,-0.9485845194158404,0.3300795332897958,0.45473440570845486,0.9049879415028839,0.9279327894712789,-0.58284592316678,0,0.002727862763511275
0.04140930295357821,0.33955744435729085,-0.15051057563387493,1.4205830655224676,0.427319826156206,0.166913155632293,-0.11587688672250053,0.899843615242422,-1.6619728209579465,-0.5452352858115258,-2.025485956050534,-0.933255703481765,-1.0327033267628487,-0.42797754735281335,0.7685729971111428,-0.7624379797564853,-0.1697979714441941,-0.6426171253255109,-1.950671938419447,0.36943412346958593,0,0.0030557434208243854
-0.6436831059512736,0.15057057366309498,-0.14286300474567337,-0.03516041625736132,0.7800058697572341,-1.6036456578782337,-0.5725635965316261,-0.7262363771330776,-0.9662019135198102,1.3124082353911515,2.238450992416636,-0.09820661686814464,1.2677844838658752,-0.6913375613541608,0.5840567690013194,0.4407143868766364,-0.4042346284917646,0.5582778897419198,1.0677180064104514,-0.42432518404314745,0,0.00804680645720547
0.02483502032588481,0.42851521835638634,-0.10404787353649256,2.62471687726735,-0.11641128150451904,-0.5629443645030513,-1.5319591771956873,1.0616529247735094,0.40356163273578943,-0.42346336033069415,0.3087807385364911,-0.03051640607508994,1.1122773474734107,-1.4505549777953013,0.31668643898201165,1.0455461595042475,-0.876537313866967,-1.1177146192171692,-0.22397033526853877,-0.22847005927074976,1,0.6313503502749012
0.43066353640812816,1.1979732389795597,-0.714970677805574,-2.470343645424449,-2.291219952075763,-0.03093833105950807,1.080921687169767,-0.3471771169729998,-0.18875924780289752,1.3724314239295612,0.6940905799001235,1.4418958670330773,0.35143997461640997,0.6528618357386277,-0.658303085455832,0.0832554267461563,-0.7482446823697215,-0.645083704658628,-0.7856549704554519,-0.187710862743161,0,0.0008078907826511857
-0.45422272786219847,1.5952758466481778,-0.6542339350102822,0.17721647020657835,-1.0840302897283585,-0.4094319847353396,-1.1215026254849152,-0.6707372573853448,2.277063031832622,0.6517011947360153,0.8925537563201402,0.6933312243556355,1.0679318879579904,0.3431445487883912,-0.5380480651360378,-0.3297615495811705,-0.5878356817875963,0.7149919921294082,-1.775806151473537,-0.18739238064223976,0,0.0016164703978663987
1.4408776030664776,-0.44872005390941516,0.014966232109940409,0.16500693743091752,-0.21712165022312413,0.24009251296554376,0.05940461012851165,-0.06314954244698216,-1.503606835302154,0.760508148842324,0.45612447019322333,-0.18017668501913545,-0.44906299199231065,-1.2538076163058662,1.6890239313917037,0.7546375422771768,-0.6274102897058229,-0.5652010962868738,-0.319424933852671,1.2282126309566954,0,0.0073933304711156275
-0.14255122312978125,-0.6837502896348162,-1.321809558035686,1.3003792032831294,-0.4816329326275451,0.14901162558786582,0.5204116155676458,-1.311996203716531,2.5396297369921745,-1.2797650268440732,-0.13845340233847747,1.297725651610055,-1.2137004661926312,1.7862913411345325,0.16030219168301124,-0.49124959614446523,0.055037528715043076,0.16349096158736776,1.2397042707993962,0.09359679031193648,0,0.03579842731772469
-0.3166830704227877,-1.5392166921229657,-0.7161038165570648,-0.3212056239710407,-0.3675499114369349,0.6957438126103956,-0.5516822725665074,1.448192840353084,-0.8702055659629179,0.2078980679382703,0.08742467012009501,1.7986055727326251,0.18748135018602843,-0.42425467198737626,0.826436825152094,0.6599442709270947,0.6625353270585879,0.36847116250301887,-0.768118297965613,0.26219378675462096,0,0.021941034639602685
-0.9003254581933776,-0.46472413056405254,0.6154660041890689,-1.7569463688830487,-0.08617439962175272,-0.7758312142194231,-0.12196402906933186,0.4941505823415907,-0.02399328809327767,1.408505160804795,-0.6551818844344144,1.0558915550756145,0.7242018075857175,0.1461343492565032,-1.485738501567175,0.7026898940006556,1.0589884876377547,1.2613500372347681,-0.7714751934640302,-0.5895516609675753,0,0.00014962511098712148
0.08267485069532905,-0.8947280085444133,-0.0903257332633802,-0.07208208395015205,-0.14369508770311404,-0.22063559376416814,0.25451527600418805,0.26617751847255755,-0.9698750374104802,-1.4471162179258783,-0.26027078240073115,0.735869504730999,-0.48852065938274614,0.8693549647742125,1.604517085584043,1.698721205633444,0.20303619836906006,0.6760411144916281,-0.7674077672336994,0.10246552299890709,0,0.025071158404872503
0.321697084400463,1.0490906098636834,2.0372569556212086,0.9072410351671604,1.392298718142784,1.026468505814349,-0.290280626270675,0.3414967450162389,0.6230692205667443,0.43980872216382444,0.10440981172611008,-0.4090117730030318,0.023248081951559148,0.9026291435244317,-0.17216876463042954,-1.50849034040153,-0.8534475359926118,-1.2339475165695757,0.2066200205952915,0.7917813119837903,0,0.021279742034147446
1.3918052802107024,-1.2519415414741444,-1.4925045848217644,-1.4057080171278,-0.49847517891064497,0.44463254502097344,0.2864866294178961,-0.6770086608256003,1.2654126148859515,0.4942832727442716,-1.6204024490633422,-0.2214984303530091,-0.3803676776253245,-0.49682596568689663,-0.6548337999395043,-0.7975746392298615,0.3920316823951342,-0.05390086249168054,-1.1708849230832934,-0.06646926402206173,0,0.0007503537730316336
1.37957780359629,0.8264560479943048,-1.4113891367272255,-2.121576402938406,-1.0676042279361249,0.32501148576124816,0.6502302471732148,-0.7671970842147883,-0.24773585451661428,-0.0030665743199281346,-0.132013140094413,-0.4120184150235307,-1.5533100159367852,-0.05999436609747244,1.1596469220729273,-1.3746389914194914,-0.1249227085436861,-0.21488651868493885,1.541607015909704,-0.45252127986471324,0,0.007451313240192978
-0.1830240283618004,0.5774292399992353,0.5407531052691776,1.5272377359656288,-0.2439505072536139,-2.2914155423319142,1.021351633717228,0.7781816797007246,1.4838689742202438,0.016208233476702017,1.1215469929779833,0.4101257249393728,-0.6734281043723336,0.515177744539934,0.729345623612767,0.299481182282774,-0.3011766168322466,2.54147466017527,0.6919535435934252,-0.04294649463255014,0,0.011749744475881748
-0.45675035653941537,0.2254400869043367,-1.3409771946424056,-9.82683134632178e-05,0.14883747269264946,-0.6579026612976426,-0.5268347607075647,-1.8504453339026463,-1.784766467801898,-0.9054046610378788,1.0398613599538724,0.020032916946331466,-0.8770949261181245,-0.2294725693676235,-0.5832625203162174,1.8121600751292355,0.08324726939342258,-1.6260562611516391,0.3945979560901395,-1.1871967524476068,0,0.026006609260957762
1.8200972243312499,0.25055365478830377,-1.818397007937926,-2.8134503470352907,0.15003655574379895,-0.40727464556878734,1.2526049157282915,-0.47822922056500394,-1.2306777519444227,-1.474624797619609,-0.9580964659633887,0.14282404199316304,-0.5120954915175933,-0.26789225148070156,-2.151351371989933,-1.5423491445075286,-0.6170911778047756,-0.1385814613837296,0.15530530292581157,-1.4007502385929,0,0.0002986721311872823
-0.23824082527149942,-0.7657758337957957,0.8498742825431399,-1.6557772941334816,-0.17512084280883533,0.6934908358562331,-0.45417208802280135,1.330579060628738,-0.04954844834137416,0.7965666014552196,-0.9621142714574793,1.3923416477206987,-1.0599027906496723,0.11036873854361326,-1.49855101119552,0.8285372187071572,0.3440826533034482,-0.7146288284133412,-0.6851548571100038,-0.7912783886994554,0,0.0015906971591471207
-0.9478718713040444,0.8263074242378906,0.5012592517763741,-2.1284434226748337,1.4044634069549131,-0.662378911748552,1.7202216592924533,-1.2405176674417033,0.39978147666134584,-1.021800981099959,0.17641652578567704,-0.32630746410455513,0.6879939141605474,1.678542270396205,0.052953962967127934,-0.45070071267044237,-1.1675348067793543,1.0162253662770038,-1.505822198680958,0.4998805440639123,0,0.004718727610884393
0.0811245573286723,0.483163998808723,0.7453935552955028,-0.7794560421453571,-0.13767467170770475,-0.1947706380998619,1.5384361437082776,-0.5498147489464564,1.5662066432111763,-1.3098926570198943,-0.01600558120531061,0.1585506529983192,0.9061927517037045,-1.2231224620536323,-0.5221930188923739,-0.4199222254301905,1.2268984425903726,1.1944182707549897,1.4644810757958047,-0.33046722672435513,0,0.011698203773228687
0.2749829568252326,1.2521542159317023,-2.7165225883995987,-1.6871018112322294,1.4327817250826127,1.392613585734103,0.1455077419938348,-0.34977265361606,0.8966123917777911,-1.0133210637015517,-0.07092027169783893,-0.1661180633525811,1.2078305546018968,-0.3612840779043588,1.225368472067439,1.2384164381066531,1.1907885841727002,0.4510162138033462,0.8122896618220816,1.0214345038801766,0,0.0002700721362904868
0.394832366749681,-0.6834899574997241,-0.5702880667365829,-0.9645255244270335,0.4917561123829199,1.5711816197653732,1.198352485119349,-0.21876624412114,-0.7933374300850408,-0.04488045319247611,0.37950323255391627,-0.05411219135660019,-1.1816744466262152,0.9743277804546993,1.27058549348243,-0.9649844190372279,0.39127790776636084,0.5907375967886576,0.22695129080948928,-1.474760890203364,0,0.030879573152983
0.8588929161544633,-0.43260984740762104,1.056346790509085,0.5247509341709036,1.437009719533429,-1.1582642094126454,-0.014717353244871188,-0.2057857895094353,0.972218164504057,1.1771880743550052,-0.9614095915715329,0.5087759817907702,0.6808025732721132,1.2758973704829393,0.6366740604108165,0.3237966484276015,0.17149673236535146,0.8448221328185985,-2.2860024659777975,2.455580558416395,0,0.05456121576980829
1.216215634457595,-1.3834153266145153,1.9291591219980035,0.7363060660060475,-0.3538773342775383,-2.7051749050039633,0.8565003083116043,0.11231383716032461,1.5649922446634077,0.4717987530420491,0.3206891140117101,1.8122071450257227,0.754802659110445,-0.6712912195228776,0.8902057427729596,1.21508867426513,-1.2962348098202823,0.1601371535983424,0.7195193717879929,0.4338008837558856,0,0.0034635738565339217
-0.19127676661424298,0.5365523225780873,-1.5236776327778119,1.8653681872019525,-0.3832639173500607,0.9675033246951874,0.12299454180740148,0.7278784108008325,0.04622390815552754,-1.6435860185617872,-0.4451692116786863,-0.9229620585317769,1.5473691296638195,-0.9193487442033627,-0.4247346382264199,0.8639452550762785,0.4313787072195393,2.9206192198225494,1.4665579663703945,-0.5768418182588909,0,0.0010992960185277978
2.268781656035716,-0.7119489153481298,-0.29545569772661257,0.5259955958864408,-0.47114394254065683,2.0677689841704754,-1.6966343011561567,0.2607158624070331,0.05391121201820776,0.9075904296580877,-0.7745597404760803,-0.0808842742052054,0.9589472798421356,-1.5486734143355823,-0.33987844486815355,-0.12430256213325523,0.06851443592679106,-0.8582815263021759,-0.5534508762863565,1.853534867761106,0,0.02142547748413666
1.8260472012326676,-0.7454141566469019,0.2061029701518027,-0.48934779466747463,0.6450267554351212,-0.562431895357376,0.31022861556850995,0.6743851268242459,-0.1381055677347148,-1.153147119754121,0.8024541498075883,-2.201414654366183,-1.1035499206823425,0.7997516994208504,1.252441523662536,-0.7126841448208406,0.28215277815397394,0.09251095249715859,0.426866296930337,0.9141830510208111,0,0.00927427239614951
-1.9697500530596896,0.8036136726803014,-0.8496959754597622,-0.8899530118172918,0.5699473664382106,0.6501049387438652,-0.156981464470519,-1.7383927254990799,-1.034280871810501,-0.4816473739853013,-0.5772538630719977,1.4265540603444073,1.7271614980154653,-1.021996376527803,2.2302839264428993,1.6913994357660986,1.0375544009363402,0.03605556028916711,-1.4285268023488522,0.619855069808498,1,0.5467427503995201
0.15816447425947358,1.1509919203331302,-0.08524434210604151,2.0549774612432183,-1.0749566727134487,0.1896946605067922,-0.5241018251264273,-0.7437537792360782,-0.8431494757106937,-0.7288426048377672,-0.32428300186814424,0.7264573949572087,0.6330374123535739,0.25901409397130337,-1.7405755382600483,0.8631309777515151,-0.660295280833276,-0.21577794161939343,0.009536636155884768,0.6067281094125413,0,0.12063689124400247
-0.4530010415822189,-0.5527870158101896,-1.1389299070067496,0.558882100825401,1.280477585149683,-0.0826599603295742,1.2651083225838058,-0.32898553731680197,-0.546376283378165,-1.2261040232862586,0.5545364254661882,-0.07169403521192015,-1.2405098351572676,1.0924377556807936,-0.5553344724604701,1.1219682005174567,0.7646959810439404,-0.05742360240685125,0.3149694211899194,-1.9322627048704935,0,0.006066614290708213
0.8228631011948413,-0.8100487210597119,0.917370117493268,0.8210924674776596,-0.701446927152439,1.049926900592146,-0.07525082944164145,0.663503542618687,0.0641256617269373,0.4899618684633723,-1.1458603129721827,-0.8327303478165705,0.6312377869618446,-0.20473374366479888,0.4079011355775634,1.9899279680253714,-0.8355963409160497,0.6769743271790892,0.9617901020771689,-0.3913639417704786,0,0.0005807947921651765
-0.8502333487848318,1.652723503910371,1.4529374084848241,-2.261202218853257,-0.30010053489102695,-0.3511778773758429,0.11741964518639235,0.2473425275432132,-0.90617491009227,-0.22330934249280635,0.5329751902531648,-2.049588657961115,-0.41850134163852043,-1.070100805411119,0.5290827120971109,1.5214490972444907,0.9640125208269361,1.299473764341937,-0.8125606786135938,-1.1558238926603734,0,0.0010927251530074313
0.09163880648287082,-0.3751617190283257,1.4121904467169328,0.6049209974915553,0.8484766542988637,0.026427467102444025,1.645705687678868,0.0644680280534856,0.27938050799671443,-0.0647575835046099,-0.3114761190559154,0.1183721201877069,0.04844555593784902,0.8206050872063069,-0.813656109009383,-0.3222905090848515,-0.16422683786341874,-0.04236169197214092,-1.07328785344512,-2.8172448285255096,0,0.003691803868481177
-0.9199220119700712,0.19202584233409378,-0.33365665644262177,-1.1191333800286218,-0.6249969415486788,-0.32659624391495723,-0.10560605346875308,-0.327561311452441,-0.3235891736127804,0.7712322416297805,0.0011510957744729014,0.762192649306128,-1.879281760225491,-1.455199747211343,1.308230708445024,-1.431979197586953,-0.8310122932860561,0.8489662880176159,-0.19348599018970186,-1.0743102353553937,0,0.045734268687863726
0.4071585289987684,0.3918899637227473,-1.4292860973772146,0.2525171914181601,-0.7419336707374563,0.7695669923500857,-0.7294185666223529,0.7440782081621383,-0.22494314520988762,-0.5539478570975311,0.07769296224967003,0.8083035688118745,-0.1770029077770167,-0.8521554516550682,-2.6543746693390995,-1.1833391041978547,0.7583551225891128,0.4986004018163692,1.9854291532381843,-1.0965959149556597,0,0.12323850273931435
-1.1000238781422533,1.0099484338191322,1.824076767073322,1.0987851804148914,-0.20382491996503216,-0.669468090890794,0.5442643887239206,-0.08724138254545283,-0.3544430690764719,-0.49597550606749846,0.18218757804210753,1.247365650048775,-1.1030970371130546,-0.9775331902523737,0.4843372196760695,-1.6067013196099336,-0.2512264307332226,0.7625716440368631,0.07746806253044476,1.5701283804955029,0,0.030411850497332433
-1.702670758838343,0.3165129661310547,-1.1047998539156503,0.8411011051410511,-0.10517493067032366,-1.2355006202582741,1.0388614161642122,0.5354951501069222,-0.14729694403469049,-1.6067729110506133,-0.14140510255271177,-0.49007645588793947,-0.737381302492575,-2.0488593727051683,1.0918833415294058,-1.1873184962329366,0.2689057690609948,-0.08508373035254808,-1.375330844525069,0.17544764457024026,0,0.007402533511249277
0.6849077562908352,0.00772915372517186,0.13816739684542173,1.41844776798671,0.10985257050567154,0.4206670972835415,-0.04044842802798701,0.36951256509355357,-1.6257881060023969,0.4841586590779988,0.6632899613899051,-1.8810882701502332,-0.29479960736729166,-1.8829912095076102,0.8081919228899432,-0.1807983516961736,0.2326619450613077,0.7582850225240912,-1.9636295163350723,-0.5823325521768463,0,0.015151384334080495
1.2404066611843034,1.5734195720488895,-0.26911216674549915,-0.6107214802643378,0.6128862296780815,-0.21052558090684012,0.9528224434237922,0.5545149576946173,-0.9379656945468849,-0.9894651344134435,0.22083939216853962,0.4076322410275852,-0.2986570066386177,0.0789370535406484,0.1391399586966869,-1.4074185884044161,-0.38427442770842146,-0.15173325368744262,1.0604647085315086,0.16578953964921725,0,0.029640384535587854
0.5375175108415705,0.2811306932539361,2.5730901461459257,0.705459452405471,-0.5424055172128505,-1.287146675229174,2.496604425031203,1.6195017701872347,-0.35138474552795146,-1.6754018502524453,1.0990595466721327,-0.2080494145024069,-0.08739954938020078,-1.4612565419259353,0.012295556547320091,-0.845922097056461,-0.6722877081404601,-1.5276788076684606,1.540275530907559,-0.8155338557294444,0,0.055245023663987536
0.34468731560831456,-0.1326969005812823,0.1540113426431958,1.0081291818907376,-0.46682732052853854,0.3755942967246134,-0.39371103864028295,1.3505391488946765,1.3855577187682369,-1.5229899926364565,-0.5424870945941516,-0.42913965915758223,1.3145702156695545,0.6158583288960547,-1.790106800714384,-0.2039727186134506,-1.1740060686163514,0.025539208664727392,0.6254857134636669,1.687930996426955,0,0.02286161429697225
-0.4456874573435428,-0.4883928112674582,-0.02646631530127435,-0.610753637164229,-1.199989532534304,-0.15771115275808362,-0.5625837898384557,-0.24598938792962183,1.9007136156350843,-0.5658112590445773,0.13602954300289255,1.2819951556387281,0.14806341050217076,0.4376811963818542,-0.7542140039454831,0.4227085285877861,0.6367459459927706,0.7188704933995662,-1.83909504748444,0.4699022855356178,0,0.0020569385825581787
0.34829679093006827,0.1208640820107834,-0.47724941753053535,-0.851193634125643,-0.519584860530825,-0.2656990538213178,0.33029973204787183,1.7604188235227478,-0.17648513436828606,-0.27159121665795527,1.0954648831290748,-0.8455879907309615,-0.8370206653153338,-1.588009382409335,-0.8427901499226965,1.8193564380645368,-1.0721528056524519,0.22137914358280855,0.6106171605968602,0.6210550801250638,0,5.1479380611104726e-05
-0.09705326827073074,0.650199463246968,-0.9494683766230126,1.9782581899444853,0.3236469496418176,1.4344485213956253,-1.1584500460867635,-2.2017098851971078,0.9250861230916247,0.25764392227588084,0.08971217468576544,-0.06289580308772101,0.4173465534780672,-0.10374566783067962,0.47557579804241373,-1.750907780712869,1.20071425174002,1.7396073797989642,-1.40774045253309,-0.39564879306642703,0,0.0025139186770562205
1.7446576642418719,-0.036106903321657974,0.977941056421195,0.06832899218789418,0.16647487284340093,-0.7742080953843563,1.2298793931356782,-0.39986747700420505,1.9724557949760777,0.043462532898165776,0.6299145206094834,0.5377201395274183,0.5856882495499254,-2.5122305341751443,0.3607369765766264,-1.8755077275261027,0.7756704470264271,-1.4698858243552726,-0.13633996202975143,2.0218000222268144,0,0.0069905951945653895
0.6528082258697844,-0.9403572232252428,-1.6987753278651485,-0.19129567239194667,-0.032048612600738005,0.8734166694033891,-0.27149981357398967,1.0473563289549017,0.35115898121535827,0.6906588745624078,-0.6083244567347209,-0.9066160487365063,0.5364801518869877,-1.3205495590481524,0.6825154442965989,3.3970423439452806,-0.7406457775734642,-2.0839686751414255,-1.3420988588678597,0.06588891959674364,1,0.9600315563038329
-0.3559370250377527,0.6190842491359414,-0.31752954960704965,-1.3370017003086363,-2.7125432319472154,1.4158449351608946,-2.7643517499338173,1.144297251564106,1.6282434213897967,0.7266958640486724,0.622505540740749,0.15721339304475954,-0.09605992141125737,1.890727820698868,0.5204191181139632,0.36726251765808615,0.7862792443936503,-0.25211793211649636,-0.43135477412737006,0.6335152356105289,0,0.003732554556391049
-0.6422478497277864,0.17365312979766448,-0.5428501855578681,1.286115143600892,-0.6232718204382474,0.12723212976983175,2.1292569733697815,0.6103067582080234,-0.4735204115043986,0.21179224449425138,1.2269651960519015,1.3922331605711336,0.13505558560799658,-0.5580994844035916,-0.9690625672307308,-0.07464250920926249,2.007719478345352,0.4987277808476173,0.2820451004085234,-1.206686277353644,0,0.023046978127212042
0.21684149464467117,-1.7936803705581592,0.8727078087599074,1.7742050992847131,-1.3800417993946217,-0.4950577371449694,-0.5649063576882583,1.2058196346028855,1.1966064717144609,1.4213362328260675,-0.29382924174321334,0.5768155547485472,1.6315472810780653,-0.09603825134324438,0.5472788837952635,0.36839626491257027,-0.593708964726362,-1.025815403113601,-0.6181157511264868,1.2380923323355717,1,0.20509784872856365
0.3665031881598704,0.3880815117758665,0.2297960013439771,-0.0157069091456082,0.1034050144154821,1.033544053158752,-1.1564084637370682,0.45550991541895375,1.2033275137087136,-0.004920042943858611,0.6019404117553788,0.5968764706121553,0.5537600423793334,-0.5261789584152688,-0.611785478796997,1.637165002328065,0.7693908962956814,1.9473933596552657,-1.5873401490138388,-1.552916465211617,0,0.0014081955262592511
-1.7476827752666604,-0.7138990382720777,1.371161813280166,0.41304736932180186,-0.10801282161354304,0.5667691604848997,1.3785684564788834,1.4519011062510965,-1.4969946756800754,-0.2418052358355341,-1.4044187360321851,-0.030148811447863574,0.5941949871131789,-0.4402082397831626,-0.4903019786297745,0.0697931312682588,-0.1220643627145461,0.34101516684266847,-1.5169466860595227,-0.555992098946737,0,0.0077590912825116955
-0.5624582465173545,0.2500015776913575,0.7838219236379363,-0.3747877395291104,0.6284861723142303,0.007555398200268735,0.650541296555084,-0.1096985882729848,-1.2302155439464382,-1.3169916863373807,1.3040998331562923,-1.1525635451048932,1.2257863010695784,-2.0707980087736533,-0.9457893344934567,-0.5255489095567321,-0.6569906930616835,-0.10624453399173821,0.919389431411353,0.5224858350310461,0,0.01824770851511657
-0.19366374068668,-1.1535863536440796,0.44248164904777587,-2.3592102273917113,-0.2009287331870162,-0.3256243755039063,0.9169202632768627,1.1990668455609135,-0.3819246648684285,-2.3792354729025096,-0.5804889489746002,1.1698130830656137,-0.34989347321389325,-0.38816753176298935,-0.5758053373256683,-0.43597524142252747,-0.577180883377327,1.0166268290491076,-1.4701640960420432,0.33465818027420546,0,0.0004204153128382288
-0.39660879108063796,0.33831017339820313,-0.4593866003394668,-0.257291903907175,1.1174740212058913,-1.507715463985311,0.1895756161354472,-0.9894274940173022,1.1158011001538202,-0.802657516934632,0.15533533615216213,-0.37658216345495443,1.2732117547196595,-1.2877259823319205,0.38648011448092495,-1.1206545042728435,0.23604908651076212,-0.7211330786793029,0.2597121162453405,-0.014376415336310358,0,0.03515748580664718
0.2445394425032541,0.7495146469488063,0.31274073714955836,-0.8236234577999693,-0.22564187121078122,-1.5666200666839176,0.3109817630996152,0.3539285263134223,2.0390421345248098,1.9873651471486347,2.49484006603574,-0.9981875115113095,-0.21399909614700546,1.0592779381630892,0.4844365509010549,-0.3305594110752575,-0.8434392078164356,-0.7792841984642276,0.49467357904727527,-0.9102377854751763,0,0.0031621370705877815
-0.13069319747590522,0.2851509179802738,1.3971972535598132,-0.6618609012892684,-0.3590059222846238,-0.23766381087062535,0.8784045906197491,0.7474453283323793,0.7838067696981161,1.0825365662489437,2.158388155359163,-0.9967134293193107,-0.2614522004732928,-0.3131849932139164,0.8495348866217973,1.399221415312562,-0.2745562480827954,0.5337815309045982,0.27418430906039126,0.40196872484853696,0,0.0007365669664363013
1.5246266800545225,0.886174863513124,-1.2370549560941098,-0.00282267225049914,-1.6654458611394256,-1.0899308764346813,-1.7763921612936542,0.4603564184738464,0.42311418039196763,0.336460012199374,0.10377127719364372,0.08327798538089644,-0.8741495998186041,1.042487962715582,-1.8053594882891624,1.453878320294296,1.3519036058352032,-1.6380814749053882,0.7493898874373983,0.08924653906912122,0,0.08756740062660041
0.23029642296824238,0.35816819725177923,-0.18536061591512154,0.6802780383242026,-0.07873111116655637,0.47735300871031044,-0.8379881032895896,-0.004211985133920536,1.0248831721885638,0.08089512819253697,0.18847764065837097,-0.04781272458553095,0.9268517588003751,0.6010346289094017,0.8784338685411595,-0.9538782702971083,-0.2092944995254125,1.5441901523693304,0.3111070643326466,-0.0662541862620233,0,0.1639179066574303
0.3288394544449255,0.5385058956499323,-0.9470811614373937,0.2436640478803271,0.7182618013467099,-0.443382006261136,1.6593922230534845,-0.6259495703819928,-1.1263726054576269,1.9834798395029565,0.05746714976775474,-0.32995566250412905,-1.0131780834455735,-0.38792078915296885,0.7100978537560024,0.5839779143375503,0.013941503441866768,0.18693780947293362,2.92343297866355,-0.8562508646788246,0,0.00036848061251003154
0.14576960114983575,1.5702186778762681,-0.8920809841075945,-0.34034218111028536,-0.7265576392935724,1.0522171114622567,0.6479061691399903,-0.36805222744629545,-0.7492799876080729,-0.4742743973211428,-0.760574338071044,0.18831417273620651,-0.0860299968385073,-1.5077992173029526,0.5758154610428744,0.6848631713206234,1.554541258941988,1.7469517233074205,-0.6944175612159031,-0.1830395308006585,0,0.00877697724050104
-0.23342609417017413,1.1588641093376766,1.1648266332021517,-0.9467509743255578,1.632404372685486,0.2880692517102415,1.4237306740242912,-0.56979775027742,1.442228892261301,0.8762497649051298,-1.0688632828241122,0.6688910838855503,1.1231563193156155,-1.2053847528763573,0.8405522364513142,-0.3057793490446948,1.4429363518841387,0.039379489311194504,0.15990092771425238,-2.500887478202689,0,0.030270240571338026
1.0124398311592995,0.743144601618646,0.8478849077608596,-0.7677099567756339,-0.003646638771718976,-1.635197827387418,2.941946440215081,1.006738973109089,1.003684189923261,-0.2663154172993018,0.4230877901156429,1.771198236880648,-1.3105519772951713,-1.3603017632839383,-0.17108095575454402,0.20773077641205193,-0.532538657197519,1.8505327599177246,0.1164032491899837,1.7408123640759583,0,0.0003317761774184885
-2.3694052015822544,0.8522485364454483,1.0988115768622462,-0.8344716223023005,-0.41598217011936417,0.13857559162607655,-0.3458856011801386,-3.6545415287847063,0.2875189664027242,-0.33792587609290825,1.1877573807172666,-2.4143617137237823,-1.698656356642213,0.3095574266316301,-0.8820868326537991,1.0626868130329754,0.6381524008891397,0.4415510854194805,-1.2622036781164918,2.0456037318601448,0,0.0016994900524991863
-0.5120706418828449,0.27587672434235644,-1.041559136790008,0.9258621208247751,0.3752606656100512,1.0395020607496936,-1.140795349040903,0.0963407401220693,-2.351315408058559,-1.279954896800704,0.90207794854223,-0.09476583845073006,-0.6108432169243695,1.1936805897697318,1.735445197155649,-1.5974563355295028,-1.0157755051577815,0.9747492027573755,1.9439128587150747,0.05018661140490721,1,0.8337333329165808
-0.48952973259064764,-0.6666872644544924,1.629481050404661,-0.39734945149600703,-0.28098901201890614,-0.58275169343079,0.43319622358161486,-0.35005971349667214,0.6524031268359736,0.4017599286131586,1.2569859826989656,-0.4481433981738188,-0.784179944920045,0.5786701073525433,1.5933696402190924,0.44811238793696756,0.8004478177824127,2.518997152093271,1.0773719768304832,0.971501315432014,0,0.019191557962015663
-0.7286977106302105,0.8347893927142682,-0.7377272315717529,0.4120604991343,-0.2055748839106936,-0.8134963416269352,1.1740504652520025,-0.3992442974248275,-0.4893167681662347,1.1425886343769927,0.06362075718619083,0.2776152748233816,0.6648241657160601,-0.7475205737912565,-0.26146011378207146,-1.2135033673707953,0.4797173979106048,-0.7278581113544944,-0.7050979259227076,-1.9109992630652337,0,0.00965674060548118
1.1183859700820804,-1.002817765991845,-0.1582550139662126,-1.4872118614257925,0.5693634428690423,-0.21260480032838125,-2.0363904554731973,2.34084923481226,-0.5683123472570483,0.3386525092572135,0.41862382918995167,0.21142327460227292,-0.5092171310507468,0.20633743574493435,-0.4698362829822771,0.16658046924905945,0.07775967259003436,0.5059648549486393,-0.9250146997148119,0.6179369777341733,0,0.0008826371887907514
-0.5182659820550307,1.1396597750935373,-0.05109106846027668,1.6442281204609452,1.4312137771909985,-0.6319158180955851,-0.9387757518909471,-1.185215688849179,0.2473915709235992,0.28147250486686776,-1.021228404279607,0.1501860390457011,1.0376514895543494,0.46774576538091767,-0.47933254123954816,-0.6659884552061915,1.3886591817820015,-1.0313584641151718,-0.006608943477341039,0.404178652530376,0,0.1929652577834354
-1.1091716390071495,-0.7712699313161164,-1.902911456613924,-0.653520505790025,-1.2775166507586442,1.7496076082687033,-1.1269864721277347,1.0533843187707157,0.672981874147803,0.13505017690916374,1.0627245526218287,-0.4014232764307243,0.26177812417206114,0.7860282288527045,1.163528412830805,-1.3085853723330043,0.36279458061744924,-0.1051373676367903,0.9150043549203012,-2.037332802830038,0,0.07852487208179003
1.095716456794645,-0.4062387511877077,-0.41734974338082337,-1.5823696216228955,2.2131072032408774,-1.695020595166379,0.6209111697913882,-0.6452893884794564,-0.9770503978372524,0.30665274965838996,1.0084191911007718,-1.0353646790382967,-0.36116491937897166,-1.141309493489594,-0.5319208619499011,-0.027657938817774435,1.3597750465919372,-0.432900183574142,-2.410972640670668,-0.9968213080810853,0,0.004902966435785482
-0.07156667283839495,0.2531763986051984,-0.6164493994518759,-0.4557326236218051,-0.6462373650145711,0.17791239200561212,1.5489649216271872,0.21224069095159756,0.3469965991778261,0.9114900240025982,0.8676342236426213,0.31691526180801805,-0.29307188405615864,-0.11824233131795436,0.8170710279826406,-0.8086488239202445,2.3556953418281896,0.1635812166929367,-1.4516098796003838,-1.3081435993682948,0,0.018651567431399365
-1.1714932160744298,-0.1589633782968827,-0.8267096731826375,-0.1800902558234343,0.8122105415328215,0.2197318448052394,0.8730124748909727,-0.6553165976494139,0.41440627032598826,1.3940694491236862,-1.3705621348477208,0.47786617494341527,-0.6032504099555311,0.8835737432241733,-1.3469309768661435,-0.6582175225805216,-0.9172002770462956,1.474635765712515,-0.19221260466199858,-1.6925889911871095,0,0.0003044600790381278
-0.5767766906812604,0.23520060813858698,0.7986843634430859,-1.2174020393664031,1.8308378314826492,0.03906491258513077,1.356337425646633,0.04353723862722872,1.1591774958982481,1.3711555360650276,-0.9510757086094794,1.5570889721303243,0.7979000078186295,1.2426861005983234,-0.18831627270217907,-0.7253893401597687,1.0938974992652082,-0.4103612381922908,1.99244018966697,-0.009343596540568629,0,0.03533951969359477
-0.5034512553379629,0.45002859952475327,0.629765290089055,0.7557598472490757,-0.859962239855584,0.004726954350466485,2.713288292622509,0.5057452225752391,-0.1798258294589056,-0.9179334825002856,-0.919592456674737,0.1268039745773014,1.214868841945304,0.6508015025793563,-0.28402376084399766,1.6157336707669663,-0.2552833608928514,-0.09239113476470005,-0.5451421471212323,0.2018639328163785,0,0.07078323426402885
-1.2726772114574194,1.1376160758157277,0.5430692320853056,-1.19192133379035,2.9878290728459875,0.21767091661995872,0.7234343085694962,1.695129825866335,0.5012552981304237,-0.05377873901927616,0.22682512543026126,-0.7809929887666055,-0.856926377555164,-0.3142795377503602,0.13191007722568887,-0.4218078177047552,-1.0077817527767892,0.14977346974283384,0.7409398738803058,-1.396379886368147,0,0.003565105068509349
-0.7619496184499231,-0.930691689210544,2.073301962832375,-0.07339448998368721,1.699980445972733,2.1435479347606763,0.8300061276131243,2.6587472456225463,-1.2344393579395494,0.20843232022705432,-0.06488949131853737,0.8345697137306056,-0.3370606414295901,-0.8233039200253534,0.6840274154217629,0.4386394377088305,1.2206525276233122,-1.330777897676161,-1.1060270161511894,1.742516546162685,0,0.054783126494185555
-1.0375507542989026,-0.6062501601120682,0.07460826231756426,0.49067840841118515,-1.6619168072883184,-0.12692711626034497,0.8010608969354688,-1.7034289895755585,0.24983487710286942,-1.270217566045203,0.1010172891406839,-1.4270511618672337,0.22167490195468698,0.11686542080083485,0.11643628443035658,0.5745444936806458,2.5791520774037537,-0.3936795653840011,-0.9214794349256973,-0.48006363602943486,0,0.0750679888018315
-0.25168094182249245,0.5200664291219737,-0.027420989854426953,-1.2918183074110317,-0.6605142573334213,2.102058451191224,0.7354898121332522,-0.8982450780115261,-0.7950660016427378,0.11601860880831061,1.3109643053215445,-0.46312185708736753,-0.4784675278033179,-0.8648953405954972,0.8394674409721794,1.0463203372415555,1.0892404928085002,-0.5208339972143601,1.7888501021292402,0.11670164854266475,0,2.2656472920990147e-05
0.8679304827536882,1.4485139233734992,-0.4533202201752882,-0.10007028419512716,-0.5141007980773113,-1.2592751374599156,-0.5942037699187588,0.7696612441099884,0.048718208877499315,0.14461873849058676,-0.059269788533633815,0.9120064187220885,-0.18285885395597964,-0.5862668124119711,1.8451146384531687,-0.4509506993947854,-1.925690093144653,-0.6509085593898228,-0.5356861363558225,1.531737306891536,0,0.005973121830983907
0.4248914480113539,-0.4527812742463396,-0.9235450989899484,-0.3975244129605992,1.713391267362644,1.1367183597221187,0.6153092932786259,-0.3907948545052557,-1.217539079139487,0.3828447277752891,-0.24959809252223644,1.0245414340552261,0.1681804332918919,-0.047780240286717755,-0.2518165404803681,0.995060600153312,-0.10399482733575573,-0.5205658632073824,-1.3291482306017322,0.3243888232767485,0,0.03631169963020296
-0.6374300292920358,0.0024797190579383694,-0.19963901823609786,-1.5974953721925924,-0.8754146021896455,-0.30205787715492755,0.2869223009066436,0.27355678337744743,0.2780786692980705,-0.4376408236344168,-0.6191093558323992,-0.8350507982269947,-0.2366866132346484,-0.7299258252902029,-1.072855291301455,-0.7841102814758194,1.3477912252847355,0.20424774426714484,0.8583258287458616,-1.4087589911303826,0,0.004478048863285712
-0.3324417304138541,0.33093758136810597,-0.5442832251675269,-1.1223191254312157,0.09275112888052954,-1.6338395763254399,1.6469886659437263,-0.6181564428835602,-0.2978826615737684,-1.339595298969722,0.37914206412172313,-0.2582037664140559,0.3355858963272745,0.917376271978674,1.143715002613173,0.5205554548875327,-0.9540579275449504,0.8128781006031275,1.5439216153819078,-0.7782708492824261,0,0.00045482463060631044
-0.7638218302088273,1.7368771455794325,0.8639849910393416,0.019963759830919282,-0.19791442179687752,-0.12631657924406062,1.3009575940786455,0.5180513957564018,-0.4244649723725975,-0.7594950787327583,1.4588570276736017,1.5161474220535158,0.6195772793609049,0.9268792847420345,-0.8358523681232778,0.8686360244786223,0.5634085966658792,-1.3472234266564256,0.6151607648664577,1.2388200611866496,0,0.04835660628633625
0.22415655855491193,-1.6845784886832726,-0.4982082437917725,2.632699072260595,-0.07774366735174973,1.0898102671243917,0.7334604945257663,-0.31748458774878147,0.5122505923058821,-0.8880856042900477,1.1849623555911246,0.5211357398750908,-1.5199877555835353,0.6483944097874512,1.6427998794289356,1.531944125226225,-0.09150519279605536,0.7447709855938119,0.631990427709728,-0.4598732070819812,0,0.018975241530805518
-0.5081960966437294,-1.334235227728037,0.6802447147852492,0.07827259706614068,-0.7553148425299097,-1.8446715231089725,1.0286103226008743,-0.304020115038811,0.5069631747063884,1.1888508748458666,0.08183475839276327,1.3756418388052394,1.7011708147019229,0.3624730064445901,0.5397385035228002,0.7027961343079946,1.6058403406530015,1.346985202777306,0.2956984912125884,-1.2083730811493145,0,0.01802525377541538
-0.14116205067466958,2.460339479404277,0.09054279071815041,-0.03171093546441658,-0.33090827984646837,0.47192813319402044,-0.8131319874227209,-0.06006110850993242,-1.666630089745496,1.5876341863122458,-0.46751760264977366,-0.6294560865553973,0.5378883925501222,2.008404209297327,0.09557405258415044,-1.3206605954875499,-1.1001879338138871,0.10687075599325484,0.4410280641262559,-0.9490149854763691,0,0.031024356799265386
-0.18353359004593964,-0.322457479693175,-0.14615614790309905,-0.7152099092890724,0.9066624436919233,-0.511542986485556,1.3369353686656091,-1.5166639023436044,1.6162232482294976,-0.8168834755166403,-0.9118796895456003,1.7704688071271233,-0.3448252451419877,0.03634555270024536,-0.09035567642694486,0.10090435214155068,0.8473912124926017,0.01083126718926621,-1.319465786820968,0.8119243158259404,0,0.006802048609097235
0.08554827463660968,0.9604163019333413,0.6690262399947607,-0.46164493664831846,-1.7853755365345305,-1.2083403166147604,0.31010256329803226,1.0248727763556305,0.9780713703699802,-0.6004626764974461,-0.8458999883541369,1.6144296369819109,-2.9888916454769188,0.6322398791404672,-0.7943544495036776,-1.3246592707886193,2.106585910290705,0.18420320339252594,-0.24140025471563484,0.7646039509209533,0,0.0009059706822121321
-0.19190195187012457,0.5870150901590323,0.0710206254736138,-1.2780927039810068,-0.44183440465788565,0.9266064347048736,0.9137880042295555,0.7294409791098557,-0.33494460750588495,0.6404341312411137,-0.6567108458894912,0.9828313344255067,0.6920836896546505,-0.41532617089236934,0.46163588917031173,0.5438126856521247,-0.5578209222573993,0.722117303252921,-0.19884886838842114,2.5187036452610343,0,0.0029751439156197874
-0.5220256039889328,-0.46584972015829246,1.011897936366664,0.1803337557210919,0.6694637768099237,-0.9214979931313514,0.5340108004944553,-0.3938488114628931,1.3820623072125935,0.810407844330007,-0.946525561766336,0.9037649564504431,-0.847917184812625,0.30479867137673955,-1.0701397732762683,0.7737501842412396,-0.7573403312782526,0.6153962805332142,-0.5514464344554351,1.614014091897306,0,0.001150395021353617
1.5772598535842777,0.1637259045563788,-0.13886597954343577,-1.105597705887618,-0.5017263847862032,-0.35918404863906106,-0.35936580738170765,-0.21613741558844468,-1.067462970861707,0.15567493913066136,0.09964160585129422,-1.7359233851500484,-2.906212778619714,0.1657797143356137,0.7905034627813416,-1.1931871075467542,-0.1858292310169138,0.07600249887972566,0.36463793241312537,-0.11920971677794504,0,0.0029382524858445657
0.7719389840249775,1.3185166844656595,0.8902863953588686,0.09004110554311624,1.1677181925518834,-0.45017139389730715,0.19947228579482415,0.3293330047869076,1.5267889654764975,0.37809859965350223,-1.263456549488848,-0.43661438367358196,1.0280642653526162,0.8055835485934174,1.6460514719059702,1.0544073301001642,1.6997640949335782,-0.9465622810628926,-0.8155461856244086,-0.24991617216226217,0,0.10593715956377127
0.048167768978405065,0.7038565618356241,-0.01603842701309019,-2.258008772379944,1.645964061193768,-0.899113399497115,-0.6428432365069826,-1.0147831597289831,-0.2788389054229257,-1.1789790344612043,-2.7583714216197475,-0.27223790444622803,-0.0306135583666918,0.05503739664057211,-0.5801818935443978,-0.09411271163931044,-0.9147575822363527,0.13700308719190865,0.46748248595202296,-1.1707528066459842,0,0.00044874564776732157
-0.3177410385982654,-0.1493237181519691,-0.44076579522809584,-0.8633691602975385,-1.8308683432020747,-1.0248634718932998,0.37500012301577984,0.11895564564163079,-0.703780208899382,-1.500673680837661,0.0499591713320676,-0.38213403762405096,0.45162253812035247,-1.3182218413474494,-1.037490068711699,0.48340087677511817,-0.3558735231241603,-0.04140634809973327,1.508379490871501,-0.45063486577527223,0,0.000780897224260471
-2.235732211652368,-0.5215982013193261,-1.5617728813759337,1.7122527081879813,-0.19672505551083308,-0.20696630089019402,-1.2701008021325373,-0.5619745241847633,-1.368129881481273,1.857547863219708,-0.05508572447935161,-0.8842271297561611,0.8515934282121217,-0.42125952620941726,-1.007175793494055,0.7395656975577133,0.3911886461172406,0.8479022912400348,1.0587398067729261,-0.1174484742565557,0,0.02852616744121415
1.6142239436842318,-0.032083549869643055,0.34014936643399274,0.05673293102248274,-0.6137992547879063,0.6692413345687467,-0.8011855806941462,0.9153924962395942,-1.0603850427529729,-0.14949328300011705,0.22563200765167896,-0.9786363631515642,0.46823811476367155,0.17759592496881252,0.6581059362070232,-0.6171062744137779,-0.13342162371067995,-0.32086980624363504,-0.39069778004100714,0.15026890649013408,0,0.010527263940963661
0.21426275614034188,-0.7207609154041108,-1.1219010844728312,-1.0288270391967758,0.39490059019289603,0.7291200127384678,-0.757464997842286,0.7007372594022936,0.47203149809187694,0.9860716348722044,-0.380410578575783,0.5164858171678364,0.31250832182017296,0.620451741106794,1.6490207475685517,0.3845649860897766,0.04744450557993188,-0.2455500030729344,-0.8737876064070662,1.8987829900724962,0,0.02310185312525464
-1.1687311599481394,0.3469124926916927,2.250288965217091,-0.003637584083352547,-0.07934798941518312,-0.7338712905954388,-0.29872616301201316,-0.11584798256759654,0.6375851411692497,-1.4912686099173451,-0.3479242454960479,2.2345864853414232,-0.24466804666280054,-1.582269782385267,-0.5660291472644128,0.9234949549985426,-0.24593372315759213,-0.16843486953250217,0.7981263552347296,1.5030225469176683,0,0.0027028187068510105
0.6091697917752615,1.6592274720512261,0.3882441185275571,0.6591503184348246,-0.6491370037579953,-0.046842987019590505,0.8469293570765366,0.21930329174853366,2.0592552976967484,0.4688545918250956,-0.4026384763850138,-1.2794686029674314,-1.4790289678730082,-2.50972958496698,-0.806307523213929,-1.9629422561610297,1.1187612206329647,1.1727915721906537,1.332439892493681,1.216315217384078,0,0.16746595530121752
-0.8581129740071978,-0.8804345383859674,-2.0344722886156035,-0.24240620470514695,0.40799603358906916,-1.3343687425478938,-0.6038244817093276,-0.02121664539490097,0.020948811785257336,0.1467907872124161,2.448998020328919,-2.698775963960727,-0.28446036116234963,0.12821340185798752,-1.400029282464004,1.9950952646797047,0.785671777928523,-0.6575047673444196,-2.413802659389604,0.7870104474210623,1,0.7008091537224685
0.6708166568541545,-0.7921010882798694,-0.13823557863413016,0.21414326820236773,-0.7034370136917292,-0.6003542803156443,-0.45232770861928373,-0.8310741417314418,-0.6917338692058116,0.6042983056985592,1.1589143867456142,-0.75727305022801,1.3497716730102896,-1.4248416078666524,-0.939939495271542,-0.11874105553057374,0.6974325351131946,1.6342009487740565,0.8739179002774004,-1.7747896460635226,0,0.0036061283749965717
0.6400920170985178,-0.20457213836567043,-2.197399929550561,2.645128912742108,1.4273782026560313,-0.3651109968381254,0.7109242795381197,-1.436218853505554,0.65590250211998,-0.7183785888376496,0.3998995277843681,-0.9538018118890261,0.4587652914867451,1.071972890588226,-0.30027335638428476,-0.131924732505989,0.09633055077255041,0.20019343967435874,-0.30408473171883976,-0.1125067628474366,0,0.05104114939738138
-0.4349474896828843,0.5220500012447116,0.5519638686224806,0.7316963375684014,1.5211671029584113,2.118357143015274,0.2788945496734144,0.03976192762797152,0.7937204142118965,1.0300434968721492,-0.3617227503875613,-0.3597447660095498,1.7009846956543628,-0.23539463195330448,-0.35895917857486176,0.3772056513719168,1.7954465216252378,0.36020864173326417,0.3659002742351238,1.1540774363127466,0,0.055782572096144845
1.6073380663297614,0.4820227436122889,-0.28968600695973146,-1.3105986574742414,2.119476199204113,-0.5999681579516263,-0.50769344963755,-0.8956096450122519,-1.0128378983249613,0.3405776520975145,0.8792048918193617,0.07106323138473637,-1.2657691492162981,-1.2625563862575304,-0.4613756236815996,-0.799932988840346,-0.3734368158786891,0.44546080989659487,2.0375107818933684,0.3204268771248318,0,0.006205840868031875
-1.1472549662443596,0.6256798632692605,-0.08264369432819546,0.24379171001414787,-0.04142877686349538,0.5166540578293898,0.43976414856629725,-0.30358116024635656,-0.6639912287167425,1.6240733897410669,1.0080363105208094,-0.39179721593005984,-0.99159079047073,-0.6895666258641499,1.4340407129271902,1.1794620030180967,0.18475415862210254,0.8501175507334587,0.7854731336998041,-0.2840184991081031,0,0.0018313248143851145
-0.7367361362758984,-0.5789801268534801,0.9576512822160494,0.7624803563290748,1.2587492848074642,0.0759131018475572,-1.8531954744182648,-0.282089556412078,-0.6482660666811741,1.6962869371136489,-0.5115004920268025,-0.8092578657920646,-0.8442693544429224,-1.9386943237274923,0.7778879115746307,-0.375452703460926,-0.6273000617475639,-1.7476752416774401,-0.7691932476478693,0.9598011798007454,0,0.01243708572314779
0.11207632058728431,-0.9086205333643179,-1.3898218121417798,-1.1075196947139407,-0.5355792834239347,-3.388674010359337,1.0386600884687784,-0.5677304672762875,0.31402131428990804,-1.3783045476572127,-0.27428814530166445,0.3282749666335215,-0.3115922635746652,1.1241210045580112,-0.8316045837864898,-0.477918451813454,1.1473667638196696,0.6799713690435655,0.3493602688171252,1.051011580033162,0,0.0019031700286895202
-1.0469711200960452,-0.16451340841732637,-1.067060580100097,-0.1007196347008897,-2.4920801285426353,-0.628924986951222,0.5332802290328581,0.3854753130063032,-2.646218870637101,-0.012141622847455869,-1.4098212528460743,-0.38304425277213894,1.1654158746325534,-0.8249239676546261,-0.025731855189962675,-1.5364020014764737,-1.005594721002538,-1.508623692607547,1.8149436101828456,1.2694782355887775,0,0.16417853584092298
0.6276153189190222,1.0782442435383162,-1.2206837081724102,0.4133757537637301,0.8731391873066171,0.12282241646720485,-0.5520158239653782,-0.3471111383166919,-0.10726790229076226,-0.2537255069924935,0.02362710808055299,-0.01673952548494872,0.5171852050787472,-0.34490812262420806,0.11187246161754048,0.8285120218017527,1.813101292598793,1.0545331838466574,0.07503186598103295,-0.23337880813659118,0,0.00810811792205475
-0.20170199771874356,0.14333102905786305,0.9745131259205477,-1.58041516076951,1.199843104540762,-1.005934954370842,0.8407899453983919,-1.449395515445125,0.030011404004029428,-1.3353076088757254,0.77896640651695,-0.4310628753238018,-1.1616914550235333,-0.641255518901846,-0.09213665365453652,-0.7324507353437613,1.14463839371668,0.8308917643071341,0.15015333797203662,-0.3215275780241388,0,0.0040822965748545164
0.9206451880622554,-0.5744647976904519,1.6404217344796226,0.731401306921619,1.6378686902778494,1.5661946176361772,-1.517509380794214,-0.40951603624825295,1.1103187356560347,0.1672198275796911,-0.6303131617508343,0.8991136922844228,0.08030403832789727,-0.37690259928518044,-0.00694293069769282,-0.49194754202389407,-0.1258878895323267,0.08003673290845198,1.9906656281790915,1.2301582273585034,0,0.07516479613054924
1.5446197667776633,0.9533471403528274,0.038524229179873755,-0.27318796244591576,-0.018014631490413185,-1.1518858803335994,-0.4660603387594741,1.1665916578220594,1.30733194554636,0.8488276505729764,-1.4737998358669777,1.2406164946245424,-0.09867418630122786,-1.1527047221510172,-0.8193782885454454,-2.017836158686994,-0.4033351984078823,-0.039437951103704724,0.5210922411288172,0.03359869976182149,0,0.018412082477568977
-0.58211529761004,-1.5654012653242646,-0.5008775514801609,0.7124254449005444,0.5151828247315683,-0.8563522050758563,-0.10029957368134276,1.3222834808738044,-0.48439239230229003,0.41067419066333954,-1.653856438408679,-1.5809504953441265,-0.1458246263698396,-0.7841215112774088,-0.8982335577918918,0.9407590168755455,0.23374928377476117,-0.5078432165411755,-0.8865747327498894,-0.0265110747711129,0,0.06367836345979282
0.44181598756079865,0.9050940580629552,-1.0529707563850348,-1.8244460902966675,-0.3904537295813029,1.988874494250326,-0.15432850131355327,1.1907850339222978,-0.27604176573201555,2.205095208052615,1.034408710996758,1.2058195645259788,0.5409663454274266,-0.623405284907253,0.05531577858531609,1.525567892766793,1.8988368454032678,0.5662875759531975,1.4927087943016195,-0.6748101383870604,0,9.77978645458892e-06
-0.9456728850412895,-1.0750924404257178,1.0009329729415304,0.19838008519246098,-0.9816232673654994,0.6372156716080067,0.18914947824854647,-1.031737492390284,0.8442528433289014,-0.6068440730104959,1.2322153655273758,-0.20617309549557314,-1.5598647529136156,1.097688294773634,0.014665979610027427,0.2324581992525836,0.08386807921556545,-0.10183049381065018,1.2452603066790953,0.20451410889661242,0,0.002993622841102075
-0.940097931583228,-0.03516833148569381,-1.0625844300021574,0.48160889831285314,0.9598626776732672,0.46482117633565817,-0.19717716440389244,-0.45746375771273773,0.2576933317049546,-1.3093827430575344,1.299195955868678,1.1577353275614017,0.3562532358452981,1.6766632649072952,-0.4100183503905379,-0.018801955812664597,0.5694265962883654,0.4389833570594706,0.4949801021446999,-0.53936241466842,1,0.015285955031866737
0.12124810214291037,0.24026855370286967,1.6382048192102632,-0.6507203505630152,1.8245581990679756,-0.6386911355680959,-0.8612255293601881,-1.038431899385214,-1.1472425043405032,-0.7964885315281682,-0.6040367980951211,-0.499579427005083,-0.00578568838962085,0.985310510776197,2.5273954238162175,-0.34914317394176914,-0.30528796214033577,1.3564226192931221,1.0999335180251335,0.05399893991323409,0,0.19952979327543036
-0.48263194578651203,0.13072411394047512,1.1973242734169827,0.9449611232923927,1.085028478726286,-1.385964826625918,-0.49110418901992353,-0.6991383153721019,-0.6562131977765586,-0.16535629971565155,-0.12292862228674373,0.5673929799442917,2.5479766549310248,-0.2763020138134351,-2.59377938242919,1.570645847071183,0.3107596278561776,-0.07216364392192737,-1.2229997634679317,0.3204373949832019,0,0.20251257932163416
0.30210273956544964,-1.1157728101812714,0.8274120537732439,-1.0870328386806896,-0.47533930935748364,1.8504069814318003,-1.0924551832721803,-0.8177867732908531,1.4036658579727121,0.7532090437556469,-0.20838835013798263,0.00023164701565762036,-0.5943271082160431,-0.8654872590954727,-0.8108706202691242,-0.4594475576665008,-0.5420958953754673,-0.570344587834989,0.934930809194513,1.2740854453494583,0,0.002925853327356708
-0.6724457501805972,1.3089878927499339,0.1429597235689821,0.1020869004647703,0.048639987575905465,-0.4094342148515974,-0.9786039626498315,0.8253544692401491,-0.8995039546115492,-1.2524620171053529,0.592874302400321,-0.4151111609484468,-1.767114133609317,-0.900047144507867,-1.4926400594041425,1.5257668194283966,0.6570727520298361,-0.17567016811188985,0.6198669103294041,-0.279413987187228,0,0.0015935816258326027
-0.3748996705547268,0.9212015457022882,0.8403406890382898,-0.24590059541311832,-0.5244078127601881,0.7419077080730718,-0.9164481627039298,1.1765305447856205,1.3856080781878144,1.1711840308799628,-1.3758832560662686,0.3355153984850819,-0.2050647223769307,-0.685424466013958,0.9003106234218687,-0.3273347201958519,0.0058709216929025525,2.002382447148426,0.09196437722496607,1.704023917752282,0,0.041607514539444036
0.12269334347630885,1.8191037571640525,-1.8649781955255786,-0.11618286970916594,-0.19639578658012447,0.3913831572062415,1.55394194635692,0.2080494117287138,0.1383197672360305,1.2673991506058668,-0.23913215333069612,-0.019851762360887988,-0.6228861293996493,-0.08768433305952789,0.29611409494991725,1.733511690886235,-0.7762113141151974,-0.012072623315709793,-0.2563026482155703,-0.7016940312114496,0,0.0034062548277443605
0.6110175913013453,-0.1996576921837525,-0.6468056417491151,0.05740412898435027,0.37932832818299417,0.5876826731637299,-0.7674807784766075,0.7820492033230924,1.6667474689314075,0.555785058045689,-0.12678359104986908,-0.4828312953063561,-0.107997109626587,0.36727982147211624,0.4747358691801443,1.009277377161201,0.5758975374054646,-0.21114083689118596,0.12641244344999708,0.8363296044934314,0,0.0065344340857241435
-0.06291560192210503,1.4893983756195406,-0.14772696643879935,-1.4875620020822595,1.0377435413901615,0.699938987116865,-0.9291148362945999,-0.6635468566232776,1.1791772077840215,-1.8605905196855042,0.12386489399698007,0.10624081853636051,1.0730605089558436,0.10794256757489609,0.15223286887352785,-0.2991281862848666,0.17982126240447416,-1.0354486041925077,0.4942887800441394,1.3036086781744949,0,0.004120561585741479
-0.45972156272836984,-0.49785566975398066,1.3575941579853876,0.21449438925082792,0.9380453455320685,0.26895311079225365,2.106543130194516,0.31128898301294083,1.3282062475297838,-0.6641490685003384,1.1635423864099619,-1.2045191461228553,0.06889938165037854,0.6737956942965083,0.21917313585121828,0.8310188093187221,0.15298456367543506,1.6421571483306543,0.942683348640664,-0.08163472810102329,0,0.0012926785127917943
0.7238637675414498,-0.6586153951064047,0.378610821588148,-0.41741723752812376,-0.6706623868312003,0.7348231812661223,-0.7620014454926056,-1.3452622664277014,0.33308683970025543,0.7224408809673469,0.22779527163630436,0.9722307876111107,0.9640041014316314,-0.907228985581602,2.672767214166798,-1.6929308803608276,1.1695545549890505,0.25821446088199673,-0.5123937895721343,0.844079237751289,1,0.4516315978109231
0.5995281804291662,0.20185884027541037,-1.0364635386979897,0.24008892213384628,-1.124962914324637,1.237913562890182,0.6846291568343017,1.0043809923681497,-0.18861769547988874,-0.13695266679809667,0.8879469830546222,-0.7943647974563308,0.5543143315418244,-1.2702849804640184,0.07979109840388941,-1.0591254104008334,0.9257667432332496,0.8680586420601858,-0.9166460576917289,-2.0768683892975446,0,0.006337013732014786
0.3156163418005604,-0.07395573843852943,0.2679988731459182,1.2343570223572142,0.2132535268080664,0.4341771825847629,0.09257323437942788,-1.610610588988102,1.374295250924985,-0.21539160235360383,0.7929392050844132,0.196935069335574,-0.73044837498094,0.7518365042077652,0.24718041137979402,-0.21199350917240276,-0.8375863897206804,-1.4754290751244823,0.05167619506202421,0.8122048263837972,0,0.025109722277498577
0.09697834842611243,-0.06916644662340729,-0.18452249455467665,-0.5233005528892342,0.9277114510833626,1.3379315787151913,0.9898810808339,-1.3780746164641702,-0.7340534026293786,-0.054917378000956404,-2.120080319058242,0.023633807172776203,-0.4052018590292045,-0.7596416949665928,-0.7430950688137006,-0.45021281553431053,0.12945867777543807,0.9889463669741182,0.5928982273208964,-1.2031393395293202,0,0.002664089355157142
0.7415351810594938,0.9260662218235782,0.1934498953996638,1.3234198637040333,1.0140521344733415,0.6355514081910272,-0.24311186227089854,-0.7727714998430152,-0.28036300137555287,-0.5708259817857382,0.8557819000118195,-0.12865097576589876,-1.7849999264242538,-0.24906395886034338,1.0060420747153025,-0.6523490493073844,0.12289945321705983,0.3421036070879116,-0.853707560700211,-2.0418654875362514,0,0.008679800049061716
0.2984658167183623,-0.9810317481946624,1.9464723430843454,-1.613881356641925,0.05193745490063795,-0.7631340197915737,-0.29491190078743434,-0.3234028648022524,-0.04602018159201042,-0.15542042405870132,1.3475715266022095,-0.0726352563457843,-0.06443190877662046,-0.6001134510482679,0.8370200550468333,0.026940272063002094,0.4295428022796412,-0.630897271144704,0.10102161429820344,0.7990222313658095,0,0.0018774679148022934
0.6192242146953862,-0.5011419109607659,0.7937729626315643,-1.2097469503184717,0.059580059575907646,1.2892186974280089,-1.240654594394084,-0.5629752085024595,-1.2203794090161135,1.318851797510878,1.8788937028414874,-0.3498797615349036,2.536116254849286,0.39412176624196454,-0.5633503358187273,-0.15673741230813643,0.408806764566665,1.0238213695641376,0.042994679312250365,-0.48150601389499115,0,0.005462876547037924
0.9885464128761479,-0.3227072422813014,-1.7544140909972765,-1.060568205626847,0.5458735258403772,-1.2370195368593329,0.46605074084113995,1.0454014331637254,-0.044757554463405264,0.8641113167457722,0.9894679263777597,1.1407401112007904,1.7306854205643452,-0.5268947016835115,-0.3517989221919723,-0.4289888876469846,0.42049596717752935,1.3204000302015921,0.2045614277487133,1.8540693559993697,0,0.007274775951339139
0.05587925960288861,-0.9692985030530181,0.7445950173630842,0.005944175910244286,0.5167162034765534,-0.5386418530435719,-0.5068825743903732,0.04758611442097899,0.6163465030932604,-0.41701112313357225,-0.0242457489538184,1.1869910258645842,2.559679595219152,0.5474386129848461,-0.33756706519783236,-0.2652742807144902,-0.534072593704038,1.4427912869187118,-1.086162092874352,-1.4945687078440453,0,0.005316808898702599
-0.09784006142148088,-1.5823982546579778,-0.6169063373543953,-1.649945157924319,0.2090222780262779,1.1462408140199924,0.869640186869421,-0.4114183781364314,-0.784890834160232,1.1229763695783113,0.7786034653855843,-0.26922027540214244,0.5765270105501874,0.24954536353752818,-0.6364740895078786,0.540178581206708,1.3390740977740743,-0.3847145713779157,-0.5487629007560177,0.9162428942782288,0,0.0039746186123408595
1.252359290594424,-1.3749138992943324,-0.7131946999157935,-0.1126764606609278,0.546972020978932,0.14439087212424692,-0.16260804322328362,0.5232288530192767,-1.0309054965923805,0.4310537054401072,-1.0173740137522067,-0.9380227843020553,-1.0990392854217361,-0.3081663598017362,-1.6519360285363247,0.6559125971465555,-0.2650219300620056,1.8540832674178216,-0.17338585206006613,-0.5657003301024475,0,1.5401588247284336e-05
-0.5306565146111414,-0.0308511526132809,-1.0266339262144117,0.6089435189697164,0.4974834268472397,-1.0382184321688492,-1.0227927385010398,0.5765807006895707,-0.24417235410923757,1.2557145815193407,0.6135419305343037,0.23732283459374026,-0.42706181375217844,0.13906777042736942,-1.7677766181048553,0.7162436445845056,0.14327285744754686,0.3646130532251562,-0.24499154915225,-0.6052630943284905,0,0.0029773911657108736
0.9049153387846972,0.7212821727530533,0.43140064337219064,-0.06047233515403041,-0.12215405655221918,-0.9226709122372837,-1.7567856328900804,2.5165069312812656,1.9763346037245915,-0.4304711090322697,-0.944773467387867,0.09897834593916398,-0.8671367297807663,-0.8846043933266557,0.8333321378890376,1.115995505079783,2.6708215113833176,0.7351978551953349,-2.027433393999953,0.6959066560695395,0,0.1400867865655663
0.8516222817138613,-1.76373347792237,-0.7836611527681224,-1.9223450231992434,-0.7208190283621988,0.6849063064782549,-1.674183913465997,1.4643272194840105,0.5102992885360594,0.9196811567009725,1.4990911790884103,1.891619053963312,-1.1574497117453009,0.823583118806097,-0.0699503473954892,0.4678364197270557,-0.42295915823225994,-1.3006322348611725,1.9899148791829488,2.0244394663227645,0,2.1795302111944315e-05
1.3771161124176718,-0.6713229248083016,-1.0350723963705295,-0.8199748233726377,0.8934027938893507,-0.5566720533537058,-1.2250405999585543,1.3698325672583243,0.09069163121403105,-0.08633162847889952,0.5427817949653249,0.9516126490064057,-1.1429535147580705,-2.0482229303414843,0.17653806090283544,-0.23525256344990172,-1.12172820892146,0.9059111817195771,-0.9345796147523914,1.4607509703558748,0,0.0014319981920642368
1.2708218703928547,0.9185360757570806,-1.6314043093975978,0.7535107928621281,0.9108649513984441,-2.1503663570844775,-1.876199554330963,-1.0438275497690743,1.3489441362512524,0.6004348436554516,0.8799474936267142,-1.0240145727473295,0.26625441297158536,0.9387446775954283,1.670684450269052,0.2634639115282989,-0.6403898255466554,-1.3378571919678153,1.341104627298776,0.10093536654138516,0,0.002151966894231207
0.15111015129055172,-0.5444468760548737,-0.36915923983910315,0.8300823631187311,-0.5961051528888134,-0.6159826243461387,-1.7945129905796129,-0.9840982199625549,2.5235558375289484,-2.029123405601957,-2.0174663009697826,2.2400894557698066,0.20544501033397264,0.8230073331106462,2.429289957446742,-0.6236513254085193,0.830327500589151,-1.7949143948618602,-0.03809703958513607,-1.220364462002179,0,0.0035579556298915445
-0.7976857900317176,-0.25732013952064436,2.3904727378853194,0.1067454568996391,-3.117898818939434,-2.135514471276972,1.51360967575408,-0.723294517829207,-0.07165976115728763,-1.452652939462289,-0.11801320761700175,-2.0564969794529513,-1.0989560723804688,-0.6828854521006041,-0.2088181942320724,1.8594714109102297,-1.8388100953002677,-0.022267018598666543,0.09243616551444214,-0.10922647381731665,0,0.0008745849436200191
1.0503192386076132,-0.8166860837242587,-0.24558932500310762,-0.0722423795995841,0.49356487548843964,0.007567789035298255,2.84500165958322,-1.5606949990079488,0.33457979749942046,1.4941036953951814,-1.8525268853079326,-0.6568896437873037,0.8900665054319673,0.2694786662100204,0.5014205148551015,-1.1345568246593787,-1.802631754840137,-0.015957594002402924,2.3186898079783838,0.8498041469660957,0,0.16373382456987665
-0.779132680748545,-0.8891460434492656,1.522624113705489,0.5963614839912328,0.3790259167022976,0.27392060939641555,-0.3330964256321912,-1.4111178800065887,-1.0227036558632627,-0.4232699723026837,-0.7149412708890663,-0.1786216037361596,1.33801664827559,1.127692718402851,0.6690582806811748,-0.9619298078893351,0.3990728171190402,-0.15417610461586112,-0.08483594089836936,-0.1291434068492245,0,0.06348947021812952
1.2361011909235298,0.4246138392659384,0.8516575637912285,0.4327095794679621,-0.8205777142260132,-0.3609659431131337,-0.5710021718635456,-1.315452330457104,-0.43410670331969964,0.06563439188030848,-0.8336928030213288,-0.9272411242420512,1.967962575943251,-0.996236346585448,0.09174066639215722,0.2976162645869052,0.8455644541989661,-0.06493633330071237,0.5199826124089385,1.3295921498262346,0,0.03018278305466663
-0.43267969951360624,0.6041324200959743,-1.353529885290043,0.28257528561264394,-1.6078941688224675,0.030454640762623428,0.4243334553568229,-0.6411224873212537,0.15432502892785782,-0.5865040442838583,-2.3028088366904074,-1.0053456377695158,-0.11107297269046501,0.2000205636461306,1.3559914508722946,-1.546433213899477,-1.6013702168443094,-0.651704514110739,0.5618396403808906,0.13755274047953145,0,0.020009398909170972
1.3654059164319376,-1.2590968492974532,-0.8952103126201695,-1.04338049243931,0.3283050799570592,0.07720227339206936,-1.364376296623133,0.8392713070266898,-0.9004676568207092,1.4250305131885985,0.7305841262909286,-0.44094944285016263,1.4151034538436817,0.3115731894107693,-2.5587209346505384,0.045961373948686775,-0.4051430009094757,-0.2912018093375163,-0.012556689424007629,0.6883630136954428,0,0.0020541487412236007
-0.94438905521836,-1.5167548124641699,-0.8538031676698277,0.01672361728360268,-1.4823820573409303,-1.2980981017172921,0.3965379121475737,-0.2530062145849262,0.7433924248053373,0.8245359067275997,-0.1470459190719439,-0.954077010068015,-0.5599375943339409,1.7160154482273358,0.10249297021118481,0.21378282946886734,-0.033142228651699114,1.0435832714428415,-0.23962749046594117,1.9160945771235713,0,0.0038051960353517175
0.39835304096237417,1.4280314601789268,-0.8193947537630412,-0.04418636213122644,1.0169699657669231,0.9606849958102592,-0.8278924399917962,-1.5181656265909529,-0.9672351600131388,-1.311554699420018,0.5782008570974496,-0.5959095962446703,-0.6874523959542974,-0.0013247094162831098,2.0798695227098793,-0.23547116055097056,-0.2550401251657232,-0.5085211134863044,-0.43069404706849274,-1.4351045183490063,0,0.011370243899447265
-1.4072167676850806,1.3688575879159512,0.45543870738484327,1.0307426500182129,-0.5782675931397268,-0.45777927969148363,0.9229491658020179,0.5431317289780383,0.880845143256848,0.718753403250915,-1.2507721462196932,1.772923967470798,0.6335669446945007,0.3404042805694634,-0.8045457610602199,0.9838401494920224,-0.13687218397828688,0.737103118972659,-0.23675555104219426,1.9636955297425795,0,0.008881890212163944
-0.2244112746264304,0.40804371699711467,1.3808801029037896,-0.9157229219609119,-1.7623694637644818,0.07041633552010236,0.6889571357288274,-1.277715380856879,-0.023670900242157268,0.8630860879282143,0.1639582670028921,0.7386983267951396,-1.3210943815004201,1.1066956354198043,-0.7700439778788225,0.20446191514834913,-2.5373142675003972,-1.0646207119425108,-0.398154990020943,1.1640328107034181,0,0.0012401171586495618
0.1959174630474546,-0.033424067545577744,0.9630941044668717,1.5305115664327145,-1.0269218533369202,-1.8069223260454244,0.3013245405373797,-1.496075890807913,1.0449830598991146,-1.205524821361676,1.6880987105295466,-1.344188452372723,0.2948022663065726,1.229866923687613,1.1954009057512307,-0.3232397954975286,-1.9710756763286585,-1.9297258621336835,-0.22894939341892528,-0.7405667100292437,0,0.012693949310007934
0.36767071178833277,1.593534721013776,0.08369249720447633,1.3235554514582049,2.361517812602729,-1.4025514047497107,2.26135810096131,-0.5897614897308042,0.7808011848607112,0.7754461046713028,-0.19628187581276477,1.0846449341605917,0.9916547566592858,-0.6000684465254787,-0.38110854916434017,0.7546174127198693,-0.2694276167329411,-0.3848731721255247,-1.3738754860834221,-0.7742294339531728,0,0.15851146504557515
0.12468899585520996,-1.4566091841176956,1.1867766020161983,-0.5224563779941869,1.6914977541490641,-0.4297307300960683,1.9615710067818855,-0.46726522777336493,-0.23697261684458135,-1.283507737942143,2.4250081749724113,0.6375045378909381,-0.8961622062680471,-1.3864501654514172,0.1615724154784124,-0.006305865079031136,0.09089779144417465,1.7658139527535657,1.7639306727532928,0.3450080460835114,0,0.0025273448080000305
-0.49397129205502793,-0.023781035628723468,-1.1919242973184483,-0.8233922184475981,0.3151237365932724,-0.04202396179073389,0.5654514431141967,0.3576006963181085,-0.4501950049669473,3.054231171156092,-0.5351520302421899,-0.5133799995675751,-1.803470272097336,0.9321884340439389,-1.7169891508664152,-0.690486211969367,0.13573289014903334,-0.753951205702163,-1.0133649511929033,0.6117120153306908,0,0.0006745607460395516
-0.6283200047275438,-0.6633104819444611,-0.1027498813888663,-0.5563473924926738,1.4244466941918161,-0.23368196501313562,1.5661817125369073,0.8662129990880963,0.3499326723605673,0.16663846802043347,-0.744665639331883,-0.7788525765780906,0.2870413714925579,0.9517024008415911,0.6551992320562376,-0.5348908159651438,-1.267945763915319,0.2089184618205423,-0.4865050849285296,-0.8390435237374827,0,0.012050691764856876
2.1203069842903943,-0.4132728570313862,0.20778645818939587,-0.3437844317105237,-1.8236228426882983,1.1892823162809365,0.7964586154971789,-0.3975434045374404,0.4879371245574778,-1.2429413480311533,-0.5636071456930543,1.6779758419793285,0.633328257873896,-0.6390171525077866,-1.020023750921668,0.20999997186131647,-0.9225844166189632,-0.4701515748775256,-0.17062943912457967,-0.7214101910038403,0,0.0031288085237704258
-0.541905510718191,-1.7847140376214266,0.7836840517666701,0.8686220091313107,-0.6556487567863245,-0.8096663146584142,-0.23872472607958228,1.3471121940969992,-0.12328329640571511,-0.24980870157529964,1.3737461404268818,0.08650024187142791,1.9905765391816368,-0.23977543069587906,-0.10366329326050389,0.06673213715332738,0.9124412340884376,-1.992079879477767,-1.1655959328734165,-0.8010336689080059,0,0.31912956721878344
-0.47208832591374894,-1.4036797233278298,-0.15729582643067222,0.8827130341610583,0.7395711234169616,0.24300597089241097,1.0523080507799438,-0.5908373388963598,0.9432648219296957,1.6836621833019267,0.9010430593761718,-0.9122304625544372,0.028267681659471817,-0.10584960890391361,0.45403298493511074,1.66222856568977,2.0915144149951783,0.6562975024213636,0.2065910447061411,-1.0733646514611213,0,0.014410533678819806
0.8270900546544239,-0.07598937519287965,0.12335859326238616,-0.48137923427096846,0.6291480518805775,-0.4819544981717941,0.6669743931666269,0.02257274020004246,0.2071585922036124,-1.5199618626976008,-1.3978732847035131,0.2037795232310378,0.6329248969762017,-0.38608081454646315,-0.9051532696001119,1.9158489756301589,0.4849551710312159,2.121987312591396,1.0272777852479018,1.0389069415425232,0,2.953080597782298e-06
0.14664588243178306,1.2062395071390992,-0.8634907552340556,-0.32939901325088794,-0.2540535512335815,1.5755197494118454,-0.7747964258096703,-1.3545102387410841,-0.4060626320058381,0.9630309640188246,0.010681407184172957,-0.16136306570954934,0.9563250835238893,0.9547993253039015,-0.7224694060702243,-0.4198868007765893,-1.0075348255448031,-0.589204236302391,0.044006965861790176,-0.10491468419113531,0,0.009535366162365177
-0.09744089937758645,0.8520150727838802,0.26199539455734366,-0.46227481349391625,0.89776992307999,-1.2493986285166976,1.1158515026778493,1.1121611145152834,-0.2427681773467343,0.2621739032743543,0.8276548492781116,-0.22911203917002068,0.39083289354712003,-0.5530433381565052,1.2224363811776764,0.09767937818419087,-2.5563481799244676,1.3083377046649718,-0.39422162411521655,-0.2838111873310409,0,0.019298361434716756
0.6574771484755001,-0.3387860151567897,1.06935685156141,-0.10689137115899769,1.7192051822388348,1.071024559389887,-0.9663713500462752,0.24092590286282428,-0.07209472533497176,0.6039864320065763,-0.41876738413544023,1.03945453589385,-0.8742341013783463,-0.16261181361323246,-1.0655491552187355,0.4163520631494218,-0.017822584874517385,0.9290097205142009,-1.1200501451837097,0.11057497744400453,0,0.000475558363731981
-2.365849729542957,-2.36173501429633,-0.3873981959847877,-1.3513102341972005,0.774189878230496,0.6715883757732911,0.9484067055479456,1.235267684527253,-0.8600549070251282,1.069577681118313,-1.1249196803054415,-1.6820979355575723,0.364926860315332,-1.2768154292721283,-2.185385033798758,1.0639265044293664,0.23559854977545083,-0.9073375779099927,-2.6082045499092565,0.4432763015405055,0,0.09134897192960263
1.0309752092799034,0.24496080027576544,-0.015733043997857868,-0.4282762355506028,-0.4680457705481276,0.5651960216042511,-0.33377104050653067,-0.5647597181025417,0.6469609427429028,-0.66894136862101,0.13170124271839073,-1.8746018352785319,0.0030156908753963384,-1.2857198699691306,1.0775603337330422,-0.38291946821713047,1.0789111700048792,1.2236712326950556,0.08509954670015009,-0.06424172719126642,0,0.03876882029952572
-0.42189212165535983,-0.7412680305088158,-0.4236750940571189,-1.0226478555633045,0.6795520344140566,0.9560830500060573,-0.145049724117459,0.6721356829504497,0.9780168015474175,0.40939633936823155,-1.565231517685466,0.3039212731100578,-1.388048264596307,1.472657671043625,0.12245561236888938,0.3159389738265922,-0.8308642059838554,0.9252664334457104,-0.21804647385697365,1.2727093699282925,0,0.000919124139664305
0.0892355611060405,-1.624113949695241,-1.6968209772286882,2.013563463703184,1.1156797643517107,-1.0749711317710695,-0.7030036238219489,0.928600129568337,-1.3788941264713208,0.08060564362629737,0.01642117046157223,-0.8052951454480031,-1.3682896518229175,0.8427231623888186,-0.23348558588987767,-1.372287785452529,-0.7908941796104798,0.801381761195609,-0.4453347880530315,1.038142469395629,0,0.0019068905711828975
1.744135277768266,-0.5902188019393477,0.20338930006418576,-1.9217060928584841,-0.4863803118828937,-1.4783803471681563,-0.5789609857268567,-0.23153527782577235,0.47590515724755184,-0.6269681919184084,-0.9855299041656413,-0.24106738754316479,0.1234817115805431,1.1394284594034476,0.8090344984051042,-0.4312109879410392,0.44159908816650223,-0.046442354408856315,0.2370860628868348,1.8949487679027666,0,0.0030197340803834924
1.7062175996519073,0.7582908339394417,-0.22981739545526625,-1.6152174616671653,0.061354860532359744,0.14229444150037507,-1.1913674941468948,0.7033436449500383,-1.8992321214880454,1.1738216953671055,-0.3885201914565571,2.3080103438035535,-0.019008897557929474,-0.8124552150438683,0.49229449914857204,-1.6900898924924082,1.46407570600073,-0.5594026650649948,0.9713872004175599,1.1657654522815468,0,0.03606360499320368
-1.741112987395572,-0.8013890498109648,-0.6122390037352851,-0.9767460806416975,-0.266192266780691,0.9987666904783808,0.11616095102583503,-0.3870599134377571,-0.5671902102161928,0.2476938348455853,0.35502473537349577,-0.5966751764193895,-0.6305897992251835,-1.1119887410419325,-0.31618905825979465,0.778703129139188,0.2965465758129046,0.586159378486944,0.2948008393561551,-1.4059544264636223,0,0.0006791575625887702
0.21738131573559047,0.08850902906079422,-0.8966856890091375,0.2779926707460716,0.06774156596934137,0.12455451562180896,0.5296718034761995,1.3575740119491517,-0.7759137926513819,-0.4397556428377214,-0.014421461365722256,-0.17837578339424384,-0.2991922682038726,-0.8737733528818825,-0.7623438215800666,-0.13497903353862387,0.7234619447023172,0.8164900774973438,0.9066161385306584,-0.000575539949975318,0,0.005268573364895569
1.7107248616098776,0.08631635325381279,-0.9861187953945582,0.06706936659694258,0.49847466130380336,-1.4712091269787075,1.2463778733630488,-0.33258879453292933,-0.45758899901243894,-0.045956335952498824,-1.4992822290242227,-1.9559843050690506,0.896526560889167,-0.8212233314674482,-0.5788177191674017,0.7974071243910619,-0.7932099743438848,-0.06710525520977714,0.6413848558880335,-0.8464936941253202,0,0.003483394403805306
-0.025287842245857003,0.3317614568389075,0.8041035641422425,1.7978873717134676,1.0283230659821097,0.3448302835739629,0.2055146082993747,0.6604537314330743,1.2790198080255746,0.44244769298391606,-0.032651218955854676,3.0651053837824245,0.849527004642273,0.6475813273569903,0.056652179768518905,-0.09290756010664802,-0.7485905811769407,2.34798087721727,1.0145028080792622,-0.5452706936641785,0,0.024207681378589706
-0.10306373581624569,-1.5231285313334824,-0.2617231563597384,-1.5309417293083434,-0.7279711731871688,-1.8298591425040336,-0.36727705162746005,-0.5593610324785477,-0.35254121106598274,0.6031417573655417,-0.8187939797078135,0.7704097114385042,0.2093762012292562,1.481315805904243,1.3660209009892565,-0.8327555102786277,-0.188659188742462,1.1215532549271638,-0.35871869326296174,0.6932569699573538,0,0.09885529879352492
-2.468779490564825,-0.044120225601845364,1.2326898050930555,-0.9622924827131625,0.34119853814759266,-0.45207363693885827,-0.07501376130056338,0.7955218151178859,-0.14160038377419598,-0.3327276729593849,1.024050943453101,1.5606439343519778,-0.35576057387896215,-0.8905418838135862,2.1987880831343682,0.2597184655439483,1.7016640018472506,-0.8150196764894253,-0.26702208953051343,-2.1734488311353206,0,0.009967035620296803
-0.5670536224320947,0.5002230455587304,0.5546307295709476,2.1970560653562745,0.7638642972934868,0.3099151255722211,-0.45745438352562595,0.552847662639541,0.010797573585978578,-0.12782033276704613,0.18686200139183035,0.9985116259811373,-0.1489097864542686,-1.780018852394104,-0.14384364136631125,0.7134369776194748,-0.7678602862178928,0.2865447204726549,0.13367353510558005,-0.3897206490524859,0,0.04808405993841848
-1.1075453582727979,-0.7255985088713676,1.2450198224247655,0.6514138264953484,-0.09857720384601015,-0.5065671534347254,0.6771641683137475,1.107738810098198,1.0585816228778013,0.6308585523778073,0.7501476088820053,0.28353397508628686,-0.4326200554207184,-0.7907026818553835,1.3082444532858784,-1.3123049592970157,-1.553886239474621,-0.45133069857795466,-1.2929253495748982,1.5287507424707651,0,0.004381198705433783
1.1772047956207055,0.20866555050921498,-0.5106964554779215,0.7126112236405261,-2.5544314604371174,-1.3572737647550441,0.8025620551094186,-0.7461442143992061,1.316922468404398,-0.007534812287037059,-1.8915839156054601,-0.8033762612277346,0.734806031424578,0.4030716572952569,-0.5512846841164992,0.520715163028273,0.860534352348417,-1.055980339482254,-0.6678442706766563,-0.8675292471159425,0,0.08159164381656138
-1.0293953219781593,-0.45963696966520384,-0.5961259787760073,-0.5460707939846233,-1.2799682853685388,-0.401422800209446,2.0185052685463885,0.033065132694735155,2.247771324499514,1.145650049245751,1.3814224420553947,1.5333411687961065,-0.05685771215831855,-0.9427734006318274,1.506790047253236,0.6924005321772525,-0.746817523615766,0.891637701680026,0.8796920543369202,-0.14937767027167073,0,0.002089073922260424
1.049945114513373,0.834909947701358,-1.1147484356058837,-0.32044955894254384,0.2929263033999329,0.8914826144971948,0.45874634073464565,-1.7580868168778243,-0.1792722705738487,0.27000284537864616,-0.4381357193855929,-0.4267993944655049,0.5451534894484951,-1.4415932491133603,-0.8262702546031151,0.20612612015531728,-0.19964919172097845,1.1775937040387403,-0.4885096470973715,-2.8279678596259363,0,0.0007770131282964009
-1.0176093138213684,-0.34416833856968837,-0.881979505601559,0.23282432113985996,1.554612604661404,0.7084835017990857,0.15695865110252305,-2.0500568422824528,-0.4057883523335278,-0.38403005174775795,-1.0315162305401746,-0.7893902021738443,0.30141874091262794,0.7706159024687357,2.054294294642703,-2.0007762911034974,-1.5145487897686143,0.483769029009145,-0.5084774356310572,0.7063587416186444,0,0.19772440066280855
-1.1846713321689106,0.8722383784692953,-1.4494646856670574,1.1331402138512587,-0.08228736018473885,1.5651826902983228,0.2637463521633863,0.7972826163123531,1.416759288281392,0.4165738327569091,0.06062044513570544,1.7451117179498914,-1.9061935548893152,-0.5369185312623821,-1.1314996959025936,-1.188822584592819,-0.5239648800142972,-0.2305906890659707,0.851023779955365,-0.8922245237518717,0,0.028736664440952873
-1.1191923524511114,1.1470285504843138,-0.423213661487252,-0.057077902392806516,0.43478564474614845,-0.3369961174824496,0.21721639751282287,0.7468940869190298,-1.1497806610955215,-1.59121659351078,0.3061114234376202,-3.2602968639788963,0.2866366669883008,-0.23706983022578212,-0.3116278143519257,-0.8941053736597194,1.6802429456060812,-0.27303854430335656,-0.0832842531122914,-0.19798561813000035,0,0.020982329198805015
1.5168252389165535,0.01314678572342663,-0.290963603305085,-0.07321056943258228,1.6121780176465754,-1.3077417524969281,-2.3252170627678934,-0.35177426427896796,1.8380157545447664,0.7702822829190339,0.6122234928263345,0.6225520836544731,0.5465441594683589,0.23642305949646025,0.3116367203789783,-0.12938173940723072,0.9404011680098874,-0.1887403427413341,-1.1006843129975932,2.055063364875206,0,0.017674593645854626
-0.2517585704438831,-1.4880470936400645,0.27203264027922947,1.48010688195735,0.6093347230202809,-0.09893344025369795,-0.8296630054922723,0.5275116978945084,-0.4259511297364683,-0.33559663384600225,-0.6025137333621142,-1.1206107977335615,-1.191012297930105,-0.7568641973595907,-0.6358036719903369,0.10305406389989284,0.200053420765846,-0.26657892284089973,-0.5741107101784112,0.8973621137018207,0,0.015848389371751894
0.24288290399458418,-0.14892625521634104,-1.284620728226888,-1.1643534598585277,-1.6322896064419345,-0.5362260693932571,-0.5861313634158396,-1.7255849881307213,-0.0017113925935409338,-1.0828857392623128,-1.3538782011466945,0.25294766730135726,-0.4817686062154621,-0.6889325900355528,0.18857701279406147,-1.0933386367044176,-1.4582522081388274,1.0662098040382726,-1.1065503125330134,1.1189376877986859,0,0.00200503532128059
0.5674294295547476,-0.24087161185153758,0.12437779048180975,2.738161833665688,-0.3030784312510174,0.15082342520215658,1.385838841703757,1.0631277916259114,1.0504029474513172,0.5331713279500125,0.6335964468564688,-0.3526085102093372,1.525342798072687,-0.30814936994101394,-1.3627880209830334,-0.9059239416382139,0.9615165969815145,-0.28327986393030946,0.40410910359249397,-1.5390121761490865,0,0.26847861854141686
-1.7159486804697615,0.9637664933912804,-0.2619387718435508,-1.047336101293653,0.24055432107935093,-0.38328201619131963,1.3203096404461447,-0.35286072699669113,-0.5649084683780377,-1.042345191175083,0.689957118725441,0.4520517501296716,-0.6920961000661758,-1.58184410342122,0.3303730600422628,-0.025944558276025216,0.45143290474986075,-0.07891092150217832,-0.7595741267153018,-0.3154036195802981,0,0.006176384638819202
0.3855638448831223,1.5191627136178019,1.0052096834023996,0.8019877120294039,-0.5195930719286026,0.590867034805167,-0.9924776287567121,-1.0648202345638402,-0.9572865672866703,0.31560740182163516,0.35024002983022784,-0.9902592852322949,0.8713559595976129,1.5457928472205644,0.960944401424585,0.2614989896069565,-0.9433010808234754,0.3417106997547984,-1.7315622886323694,-0.168514473526706,0,0.0597836698453681
-0.29788944622580227,1.2177714834821167,-0.3074599750438206,-0.19383516796932765,0.7655678373350541,0.03376059237604842,1.0232852465241427,0.5270375234815652,0.43760114218882196,-0.15137782404308994,-0.9258762382194452,-0.8941021906139487,0.835141290372339,-0.025668776395748303,-1.7255618447292376,1.0297759551603853,-0.15169958334068542,-0.3589852019895389,0.696044428381411,-0.5467450745403831,0,0.007476228749613877
-0.4504625529755724,0.1324770344319231,-0.9170088164071616,-2.2057079638388446,0.3248787524012943,2.181260557643172,-2.108300010934584,-0.5605205333514772,-0.8139683313312878,0.2778253030268385,0.41716293514906405,-1.1458627550081966,0.3377978194375229,-1.9354361301615524,-0.8533523709596652,2.2149875783877784,-0.014877934074328948,-0.09864138370397307,-0.32026380503339785,-0.7821262906151583,0,0.00018955739514224157
1.2395727962088294,-0.036157580655125504,-1.8065328773021645,-1.2928632568965985,0.8722503044072363,-1.3400673586514227,0.8013378150846865,-0.6618500143052294,-1.2372578716669622,-0.49444023892942157,-0.8513204190533108,1.6283526893594364,-0.2449686462150877,1.2978776609414735,0.017703192182197167,-0.7029007788204407,-0.7811984362971061,-0.017575914727766272,0.792357124775502,1.1946161876588466,0,0.0035513749422694065
0.9197404244621452,-0.9203038984723593,0.5929042866823153,-0.9288011011701827,0.549958942713578,1.0024939765101315,-0.7859493358589122,-0.6936642037558461,-0.5112698898518657,0.6912064305403813,0.8522592491408244,0.7637633580951325,-0.7426867693931819,1.0097337415458096,0.45811521311985776,0.6435223852835246,0.18018321538115067,0.12583722584968596,-0.01376398926651802,0.48644310131524404,0,0.0015193361894035408
-1.0706074896439806,-0.9995554113052765,0.6102776764468819,0.07651978014697826,-0.2968224025333574,-0.9576299956446466,0.8489693042206323,-1.2142821045963275,-0.8058735136476814,0.8117402344870838,-0.6241502950164576,-0.8003959048396518,-0.1709659735457194,-3.0434878146848487,0.5491245717783414,0.5922884535389635,-1.1938905329690608,-0.6446071399874219,-0.6192449170962568,-0.5927969752790273,0,0.016204144974326443
0.5422471511125171,0.4760352833973886,0.304106305000847,-0.5242916466529641,-1.5663325208778531,-0.12099521399407018,2.2618749799721405,-1.1584210338881924,0.04967897392178724,-0.1378665051582663,-1.6664480720723276,0.30104673490055356,0.06808502443539273,1.0276516101653406,0.5767767224007156,-0.4041925134712602,1.094013199139618,-0.17419651168965217,-1.5196767889366014,0.7050649258390497,0,0.010458134357043325
-0.6572527759368805,-0.736573355479275,-0.5233500051154824,2.0166989734124066,-1.0884505598185208,1.1382733160189447,-0.101768189924535,0.49204062697793394,-0.9553664020400265,0.38861337984247213,-0.4560833119269276,0.29623602943418736,-0.4188285077566232,-0.569126951346093,0.49877790957969065,1.9815732652845257,0.6111608736479658,-0.5439926987572992,-0.8167736148799571,0.15448893035582892,1,0.6357611524969011
-0.3390025690298435,0.6434443599438002,0.09872606720121618,-0.16875083179658454,-1.0605380773862805,-0.34971525150261273,0.6345914457384633,-0.2878133115730589,-1.510181026033942,-0.7376977220876608,0.7863817471003653,0.6065371353648881,0.8689972885136122,1.1006520093482244,-0.2626952145189663,0.9373157382123869,0.9474366714666045,1.4875997190478014,1.231308085166825,-0.3751363083001756,0,0.0004972919934004924
0.8766181678086852,-0.831140658134148,1.972487740242711,0.024732888194449843,-0.3395945645871919,0.6928644082850259,-1.6022043698299189,-0.8150448318989563,-0.9232222215260331,0.738977531259632,-0.09943280129965544,-1.079371943901894,0.2610544883084834,-1.0390308384267088,0.2372321491513734,1.34474468047373,2.1247213288224436,-1.240606395124806,-1.1371401380042794,-2.2217786806260844,0,0.2510742198103285
-0.5498321004745952,-0.5505717538723754,-0.564043889799337,0.06449441567091159,1.0796256431495228,0.0018750927903759724,-0.1719533858255793,-1.2409401088051468,-0.7093157237757126,0.25826953568379063,-0.46912577229733066,0.025905420970674893,1.1268298912211658,0.2816138195458853,0.05303804957299157,0.30272110848219574,-1.3084508909780714,-1.1893003460230176,0.47383557320424974,0.2657816900550244,0,0.019441166793180958
0.8741930802624781,0.8254995660938897,1.3751631688788843,-1.1085593299240404,1.2984772664179864,1.6764986483116247,0.20456872239455884,-1.997759949079067,0.6997728498363486,-1.0472363421831257,1.3528396882353186,-0.7328368047843632,0.4473985093833593,-0.7732256359764947,-1.068342416323621,0.14138877716759557,-0.5449663164954076,-2.0437808630145984,-1.6166705826667238,0.24100074377585637,0,0.02968742490421032
2.0430853039544496,-1.0283155102791597,0.04725343176162318,-0.8391216935254875,-0.8551623864501845,-0.09051272372306086,-1.471604637814614,-1.6225754007392519,1.402740136674994,0.21322311485077847,1.2211118257907627,1.267154965940236,-1.3177972973993342,-1.1613906742536007,1.6370409101677357,2.190543249794148,-0.9676829167555624,0.8168025550717375,-2.2273548405897654,-0.240233125870885,0,0.3239531785663494
1.2291674979473057,-0.25893990748211654,0.7493272770558245,0.6330192024719149,-0.2622097524224053,-0.3994119334000754,0.09373852127641408,-1.4090407079923761,-0.629401300606686,0.11342044327336145,-1.10588570038447,1.4258071050184988,2.0425912245266034,0.8800609476284005,0.4935032521451965,0.22367836544032899,0.989444287339414,-0.8643516779363584,1.516503494194678,0.7978544069304169,0,0.036928500408197645
-1.0244162576551772,1.539803921078089,-0.5731701881957502,0.26428432106147876,1.0425658521255514,0.11810855043454548,-1.452417282205028,-0.07038967389977963,0.36573860031397626,-0.9600213807025749,0.12130949900429486,0.032533450219799115,0.16412218037234713,1.0793128715185791,1.3532050750419393,-1.0508190055071978,-0.38507109913811455,3.0620513828415175,1.4485283908901558,0.1533105119235802,1,0.9308523994553928
0.7160282432188911,2.0800924138633863,-0.5155936606169852,0.19579217026423393,0.04544800103693819,1.7659442641987197,0.22623997836193008,-0.3691868071606469,1.137260814945842,0.20641509132055894,0.9285132002327493,-0.49272995055269553,0.26162241109177486,0.8954663099545415,0.22197053593688626,-1.5277094588293454,0.9573840452798835,0.2300814372230362,-0.054093763428438885,-0.3442992530428705,0,0.02684293377529374
0.3575762644315635,-0.10223155474067225,0.9289754837469811,0.48502228576233364,-2.5541073074681155,-2.223782391181509,1.2370888321323839,-1.1660868947044487,-0.2780054495212583,-1.1957671136494776,-0.475036929166639,-0.4285604097244847,0.7260817797551375,1.047617571307393,-0.969688966401764,1.39098379369073,-1.0551930275534476,0.3061037989058711,-0.9740032395607536,0.8640017730496488,0,0.008729015620031184
0.010132702470354468,-1.1241427350819204,0.3051116556694145,0.5642202415760692,-1.2014152319050155,0.633945499101504,-0.8600862134876214,0.7094122962960877,1.4747137274473396,1.4090923438807406,0.8841842810032243,-0.3833375754078938,0.7992997698497224,0.15365475492955638,0.28409506719043487,-0.45011914449790336,1.0301459922235663,1.7171516437201186,-0.00176350716874122,-1.0738766146436514,0,0.029561335484497766
-0.25270092614684064,-1.703384781764783,-0.12415321508086644,-0.29777610553857053,-0.00941496218401581,-0.09056773213659196,-1.4213375201494454,0.2772288259666734,0.8430227765003111,-0.6066242759140261,-0.19011601604843717,0.779633107690005,-1.622655649823804,0.33461164816538763,2.0426719974718215,1.0583744194859244,-0.9576114330344585,-1.5473296770066376,-1.07820159863638,1.6038755445713047,0,0.008193219889189278
0.6123900010301765,1.21737530439189,0.6345148531305368,1.2912386188090936,-0.46884027997939914,-0.4861877711762593,1.2700979850871357,-0.5750863192042346,0.466112198060901,0.7386035132218981,0.8470217473287612,2.4800748036301923,-0.9481439180835443,0.5832618564744063,0.4833304741944597,-1.8093369281317715,0.9677322290992579,-1.7228336618406386,0.9777777476657009,-1.0313663773158037,0,0.05217862492448629
-0.4969729287998837,0.9930556967077252,0.024591039099169223,-0.7763389688739029,0.030084412382791848,0.8077379178315927,0.6017558377656405,0.07218507268327123,-0.6503994965525964,1.1658589003884776,1.0257115764214073,0.07060921661335544,-2.1600353826598417,-0.715659903658001,-0.4694156389959867,0.35797326417885406,0.7769243265673715,0.5174184312582458,-0.3597392566611566,-1.3288088960071145,0,0.0007423096793378135
-2.0916522816876744,0.46794761064302387,-0.24396352913123848,-0.5625895218468697,0.8720206335210299,-0.3210329567673034,0.01297813552719274,0.5353392831823606,-0.1529757388476391,0.18690689199992278,0.878853263153244,0.34058096123408876,0.6229506368813834,-0.7254018642505476,-0.7721398206762927,-0.6961834182080816,0.1083154715560762,-1.4673215683269822,-0.9049772870944166,0.1379926678890021,0,0.013936483037934759
0.8451201795039383,-0.9127777634908164,-1.8963777349399016,1.5138778023040471,1.4887467044371594,0.3563111214896348,1.8753173509493313,-1.982062525332965,1.766878034743013,-1.0071148500945661,0.7440524960973034,-0.11631066806986314,0.5911819936170561,-1.6116486986691771,0.008326376859698162,0.3493276829763085,1.7918159818404102,-0.80486209363147,-0.20164663993909893,0.40924093454672456,0,0.16801711647901643
0.5974812501482655,-0.5365896051283296,1.7372310176857642,1.2625950751358268,-0.5344990208906579,0.2074004250749227,0.018871216917083294,-2.4719658095417,0.10395085905964353,1.1182187208160772,1.60206201736331,0.14706160838084392,-0.5555672520688305,0.012689490241518785,0.1350615990483206,-0.4492286138848988,0.19913098718395722,1.0774086270172814,-0.08558211431097533,-0.07244392130197524,0,0.010113470825071283
2.7381047241751295,-0.8594366989102231,0.5565035448547264,-0.7653593741760112,0.7812631367994209,0.5220966262470244,1.4360806670465818,0.12254235476524934,-0.1016233515961839,0.27824649645958727,0.0744943683388811,-1.008410434556641,-0.8365306148379206,-1.2273899094024614,-0.9943062585730053,0.21307450395615307,-1.8375588587323606,-0.061188619835851055,-0.6686797305909726,-1.3026711219227702,0,0.00044989663418167666
-1.366101461361863,1.4073104175067042,-0.07090008491588028,2.239552446760647,-0.42559468936594974,-0.43567946348030917,0.22462099133365862,0.1978999538904378,1.0814154968694227,0.7029207520162423,-0.7799695961162735,0.6678222758893461,0.03833694389342713,-0.04136787009394229,0.2840697324145302,-0.03983628532595433,2.0284558154437855,1.2465962529950991,-0.8609836069643259,0.6214806834083082,0,0.03307192530989028
0.5700239738883646,1.8807034413792354,0.7139119486980547,3.110262990290062,1.3967189640032867,1.6519675978614836,0.22443264355127582,0.5834335828005525,-0.6046938965868315,-1.7433972672839493,0.5013176607239455,0.5977280045233655,-1.5331115872472822,0.4222065571650669,0.13855434926304017,-0.35103600851467076,0.2236260408434959,-0.5358440154809907,-0.13446365822484685,-0.4090215125357133,0,0.05717775843224778
-0.1602580434430611,0.8149928273280344,-1.2819558537248745,-0.5151353236960913,1.8576275873838317,-0.5903157745866043,1.2969251196107208,0.03377505759727452,-0.9031860146523735,1.014040690008435,0.15399999394669608,-1.2278750337186242,-0.6488986537203263,1.5991112721979948,-0.15302691023726483,0.15575302488948778,-0.8372328476309884,-0.6570212630228102,-0.590962468308112,-0.4206051878654971,0,0.005394457902495819
1.4293215688348426,0.5773393218342989,0.40982821222598087,-0.5243099970673923,1.1447534118815093,0.552808575136479,0.626008437583748,0.17009544168491966,1.1452890653917036,0.5838591060312036,0.7400721564520514,-1.3882765879525996,1.0692328561149058,0.5366089634739108,1.675531865182862,-0.8124559853002516,0.34295444266604846,-0.6803966511809829,-1.1819117728421737,-0.3344750808405376,0,0.02275978301481187
0.8824856356042358,-1.2817884514582458,1.0307848360528988,0.9738340245571343,0.5817943217973512,-1.1159782737694588,-1.4658912084175144,0.7400592642521042,-0.4696624401710385,-0.475176267295104,-0.6369558910674625,0.7886606809751215,-0.19272377062353743,0.6431128951550947,1.2478691219569513,-0.6804786921126789,1.62300620261164,-1.6311650654573497,-0.4507020665523685,-0.3995220283888483,0,0.013815484493893818
-0.13585661273524882,-0.23119629748838527,-0.5243739918973355,0.38804439038774646,0.16926595706970385,0.606514086658049,0.7524838380440034,1.8999613840133471,-1.7165338899505846,0.07080898245669333,0.5021221795778669,-1.5120542483105337,1.1401829777592967,-0.9062780170533196,1.44612852069898,0.5808293620004538,2.539203851309038,0.7294713533766133,-0.9000122477574742,-0.26736926287516816,0,0.2369061721396266
0.27892466206199334,0.048242829717738175,0.1038091258546225,-0.7999356013949663,-1.1809778285296657,-1.2939078132873267,-0.9277847922273429,-1.1498429336710494,-0.7134214505362837,-0.6015060871751019,0.2676495131670986,0.9799973747789859,-0.7549286713340153,-0.7362090904664136,-0.6196639519582312,-1.0206951299130478,1.0058918363022438,0.5132189690637582,1.4402016684730903,-1.3848564856338483,0,0.019694233921622204
0.23462238208090305,-0.927734602518805,0.6123861400489936,1.826797225818044,0.40497580223468105,0.4673863234097079,-0.2838297422246192,-0.6311068463305843,-0.051430404110774625,0.16694926367643487,0.8061058531594615,1.4705167620068786,-0.2470790910402277,-0.423127365204265,-2.3234876011513252,-1.2709652414906847,-0.18125666324398448,-0.6601870280626438,0.5675546371431357,0.13270877035673964,0,0.10735612798657686
0.865588234054605,-0.6492365300041089,-0.5325912034718957,-0.17871489360303247,0.41014161187131715,-1.0563992568216516,-1.344786303341875,1.6534813305447373,0.11610054421993489,0.9926706915023249,-0.2770618579616249,0.511910918067036,-0.6117459327128192,-0.32557817830573127,0.9289805775885902,-0.21991867495309822,0.014637426376268204,0.45367286010711594,-2.563105891405866,-0.9528787100512306,0,0.018462010885507533
-1.2287530853336073,-0.21612225767096463,0.1487049454813808,0.035597141537954874,-0.030145850861447627,1.205099448408922,-0.2779796259377191,0.9731405709791713,0.1793875999815958,-1.401705073419322,-0.5075427067141522,-0.4482319949139767,-0.07555817827109912,0.4988217214981672,1.3893515957615616,-0.944435852445404,0.6098987879159959,1.6147752825277844,-0.4758954983394155,0.685181764302196,1,0.22446972550970767
-0.895714825780465,0.3396989759091109,1.513424557925293,-0.35040030379249365,1.2827651808471536,1.7550067230714395,1.0707323705139986,-0.4745047912259999,-0.6196716497451686,-0.6231959041977614,-0.21775574931634414,-1.14430669747914,-0.09803911993346902,-0.2626758757449637,0.46294324484169913,-1.1352383853584629,-0.08409668659999513,0.052431720428484346,0.6847185518078064,0.06449634650873912,0,0.04049765660570358
-0.21650599069660142,-0.33244120476845496,0.3721363117668,-0.929566505554652,-0.32893560600338506,0.49374419065073544,-0.06287829502873812,-1.3921352572868078,-0.7591408915962388,0.0024704434164232476,0.9683583764964426,-0.8374869768547156,-0.13790811168861652,1.8564795655722532,0.6300015471569761,0.44481136757008577,1.0905660857395019,1.3782832560135518,-1.3042673558367253,-0.5291453395636203,0,0.01718086414013718
-0.18429137570818777,-0.6417775468110367,-0.6509332420351388,-0.9421336042714588,0.6508589651269854,-0.3879470935673613,-0.1599680608499496,-0.24561513843809837,1.0968923125551162,2.837445448314176,-0.43765761097914824,0.9537353366327664,-0.7466090009671633,-0.6497000151033662,-1.215634217635265,-1.1210435727370232,-1.3883998522508967,-0.3228204363291368,0.6806779128045818,-0.024275936680048547,0,0.0052787871163217205
-1.0259684908266713,-1.9254996080678377,-0.4559323717769695,0.9691222188933865,0.3052882507063901,2.844834522249216,-1.3716622928309334,-0.004801622966115164,-2.0401489043981282,-0.5558451916013477,0.03303949433230466,0.966806754061048,-0.34165602231245396,-0.039944091709310285,1.0331587422778798,1.2620744912223187,0.8158140455100178,0.9113354375584902,1.9680423346678622,-0.12274799553624376,0,0.000814108102152997
1.2646875101958794,-0.19424106655146864,0.2675072468990848,0.12683541510932703,-0.206231997054085,0.4391190607755019,-1.5661491665175895,1.7164721387456132,-1.144317021475834,0.4788670291159048,-1.2254875872882878,-0.8992505740520608,-0.5998872530251685,1.9816862422036106,-1.1358852504118635,-0.7380984418309605,-1.1639292048231369,-1.6725691885444647,-0.5492588264003716,-0.5247911669113839,0,0.006540267126069576
0.5147308196585174,-0.43690211305108617,0.3075518757982838,0.6549448681286153,-1.4483943940252688,0.017606815769005017,0.22806433963830505,-0.7692689715182083,1.3264485810663575,0.08717520990908129,-1.3545528529556405,-0.24309193958978204,0.0938302851381157,0.44296640179743246,0.420053210706236,1.0313439900279961,0.517513996239346,-1.0348818821293784,1.9629898007026474,0.8419987217019638,0,0.0019170776247841139
-0.5529624263366419,1.030500974291574,1.020084773821918,-0.34107850797845896,-0.6931387694452712,-0.19519356756462633,-0.32612715409371384,-0.9490711708605724,-0.9668862890548162,1.467489155854928,0.29644519110049083,-1.1323363725761766,-0.016225314679933604,0.048136566637633826,-0.7952763024293004,0.26759071446742766,0.16838618575805847,-1.005861734418696,1.20613909797544,-0.4020230878569095,0,0.010553511289584863
-0.2884006022617334,1.9830767431283516,1.8049204455110748,0.9635143165689831,1.3685726239968081,-1.9248324547846574,-0.7883380664724862,1.2626652474016389,0.557500508297662,-0.18105932333098645,-0.45334094234172834,-0.004168939725055507,-0.3087310936259551,-0.727829894669765,0.58022584865164,0.3898976608732809,1.4931057472699574,-1.0848366111921972,0.8346598564685871,-0.6267466517442873,0,0.03536350186045078
1.3362275701099957,1.3621473988686095,0.4118842275366969,-0.4698137414618868,0.6994229561253391,-0.0751250858632493,0.8885186707256117,0.7886871181655281,-1.1606946785114083,-1.0461687719966668,0.31205042072442324,1.1697494812214846,1.071635638595957,-0.6293284760404917,0.6416022283230958,-0.43503817040006854,-2.6332397120449618,-0.24699513351505706,-0.6945925557492985,0.7412367393590801,0,0.005758572261651047
1.2103376485001638,-2.1589122771485614,-0.05337098194117522,-0.22266406239599684,0.3087958587646423,0.4337156010057491,-0.3312479089465147,0.10913572901149396,1.1972749310874555,1.8327460647644227,0.045735090505240904,-0.31467761792796195,-0.40324517130605625,1.7338786560080015,1.6243821814151131,-2.054608085928373,0.9611881958896732,-0.2791918609228786,-1.98564995122245,-0.7523394753725414,0,0.0027208210372579437
-0.07108361900524769,-2.006118283792189,1.4306994900317447,-0.236483850601735,-0.38954661733258406,-0.788133734539491,-0.008516810574775071,-0.8724380134936988,-0.6074221363821696,-0.05442649915664286,0.006882423454393767,1.7392980050877211,0.5003554548761251,0.5398826624233233,-1.0175853852624455,0.15841890652219365,-0.1794636724956062,-0.610073303196344,1.0903615324529938,-1.0715657868314223,0,0.011252710423413895
0.22118885936697052,-0.31956444007137175,2.552375233283313,1.9767007396301899,0.8464265613069237,1.8906373486001993,0.36551754445677737,3.0551312419274423,-2.142698953762236,-1.549622708935325,-0.5776412981923619,0.5507870223641389,0.34612563172563243,-0.8789091111867514,-0.35313668811796967,0.7158478424667267,-0.8373029713072646,1.0566890768505617,-0.03182817051130319,0.9136973787874554,0,0.009721626377655416
1.4557641456625419,-0.7535647850077418,0.9485110924664887,-0.6632088257497072,2.6126428653641662,0.11874241935212576,-1.4624534294282685,-1.5804005789771396,-0.20163601221345862,0.06550843190737556,0.5044373263806052,0.5617198688115062,1.4505974252444962,-2.002876147497471,-1.284130186378605,0.2620087929890444,0.371413434137295,-1.7700944025641154,-0.06617393374937174,0.42314137612143005,0,0.07621454953959152
-1.0231470745475253,-0.8052011273454984,-0.3608715990077146,-0.8772030792275706,0.8412902758290806,-0.35975743298957286,-1.3547704349483085,-0.15508142104472608,-0.2936555612480953,-0.017666580052641243,0.2898716861878925,-0.7385772870082111,-0.1002591402605234,-2.233574994903178,0.7859417113542513,-1.629600043962962,1.8909415906537663,0.04500569246870503,0.8536433978608406,0.35447392746921036,0,0.18760000950008418
-0.05779177721066651,-0.8525282657488084,0.4655756653578474,-1.8690732506097754,-1.6051115698937424,0.5364056445419693,-0.47184620892041407,1.238520120013514,1.1428573263355297,0.4857315888067263,-1.3492577987289993,1.4001612716347942,-3.1223293285775213,1.029936635358726,-0.33368288334467294,0.1577872207907066,-1.1478895854303537,-1.8697344882883224,0.8358749000296284,0.999778594172086,0,7.908611642421887e-05
-0.2600076733293395,0.6111859926990901,0.02468911220401978,-0.3479095694670526,1.7960624682987123,0.3449740046123858,0.03329301949873771,0.4297705794344477,0.8591870822339179,-1.1283673356463026,0.6107971614129747,-0.25778402430753367,-0.5565835140345963,0.25999941898579954,-0.6392806314039408,0.8832573429383249,-0.5799991548373254,-1.627540922161425,0.2004204219381403,-3.2268875200484373,0,0.016886986818541987
-0.3771756056710764,-0.5672455675903002,0.6879752293097919,0.5401151805580375,0.2223077708422248,-0.2891403967506729,-0.2746977809020078,-0.5114367810162419,-0.8215136255849939,-1.042363233714528,-0.48082616649877846,0.42619384824690587,0.4682275641950764,-1.5822762100542624,-3.0823305781265393,-0.10129294510328403,-1.5992307120016425,0.908106881387691,1.1577071763211215,1.2375243236156241,0,0.0010045023872931643
0.7766206749071056,0.04535620210896485,1.098644440207663,1.3705651991079384,1.0636816421931217,0.2334077850143832,0.6280656695430323,1.4445716917801288,-0.4899156524849074,2.0489220495477785,0.26612678147020064,-0.7566578423118799,-0.0004153507126817093,-1.315363900103393,0.007749203574824476,1.8173098697487757,-0.5353819941961883,0.43302707518956185,0.24910622828896328,-0.2434243872844239,0,0.010918693995274335
0.6161158366800954,-1.6476749952551892,-0.12056000471687292,0.043263739867154226,-0.21348524152235443,0.13096372386021232,-0.24123638973637668,0.39044455978277914,0.2524216554653353,-0.2668921063309301,-0.496694589498182,1.4029706971482343,-1.5309257561211271,-0.12181115350359367,-0.39874234358310223,1.1663440010986454,-1.8167652836246426,-0.6975873256141497,-0.41734256899972194,1.6642960344594098,0,0.004618986947811695
1.5221347629095643,-1.0039681274231482,1.7587637821721773,2.440090112852298,0.39099865982743287,-0.5999416048310942,-2.184530205876177,-1.0520520686048362,0.44917066431700314,-0.056352708255876904,0.1513298370639976,-0.31240805577406344,-0.7965067698078825,-0.37256372338001953,1.389715707960549,-0.20928109489854915,2.1756847536115944,0.82791666956285,-0.08481925088411987,-0.6434722786186583,0,0.10946337609249143
-0.8102377300403285,0.46475902300081046,0.48985223209446993,0.1749602711800928,-1.0340634703793772,0.3952949313314739,-1.1851456718399929,1.09099525441436,-0.1272869886078025,0.010823540004270979,0.6704846607208227,-1.2557821900448207,0.5583609633084042,1.4230451607797896,0.21586662482848695,-0.5766943322592856,0.31230049956530126,-0.44831907799325316,-0.37703018232121716,0.8524678688627776,0,0.017709861499406003
-1.70820837002164,-0.1398510704100635,0.03230891701779355,0.4376166166582075,0.29322615523526924,0.316380587033039,-0.10381582570204148,1.6250926632809688,-0.6164017308795308,0.8574046960027213,-0.9665640489569445,-1.4385208621699133,0.20651486089371476,0.5962354862223171,-1.1458008260364771,0.5364513013810037,-0.5250428177284854,-0.14314223084247604,-0.28282365042192104,0.6339287445304275,0,0.014267638028656823
-0.995049373022083,-0.6083109031796488,0.7271746636931105,0.5763626736730746,-0.8327655966721473,1.1259339484174644,0.7006307007227132,-0.11947298643240296,0.22863610115632083,0.9928256232461612,0.3464301600730874,-0.25055807770144023,0.4348218271505287,-0.035253568092573975,0.6499939931388683,0.23408610765852378,-0.5710647428722012,0.21448851283595816,-1.6760902126813726,-1.0470026789993694,0,0.04170409399101884
-0.8783702047060773,-0.2533570216173498,-1.0688108763330413,0.4688921527700645,1.2188939589287167,-1.3427995190609512,1.284849023407229,-0.8478844898752315,1.5867242838688236,0.5462994878938142,0.7797211217056057,0.5094113381970653,1.3028976165363433,0.44085758117218427,0.73235485364652,-0.49080011502460674,-0.3989305402933332,-1.007413872917983,-0.29084457124930296,1.513018420417896,0,0.03798362554409799
0.7513709376712171,0.9843301794150754,1.0310034055832669,-0.0831637652192651,2.5581401537813346,-1.3556055693251576,-1.3744967182346526,-0.722296996668376,-1.3669869920575517,-0.5471286988366029,0.4433610958637658,0.010192309548511993,-0.443921659714283,0.9019825506509069,0.2364799387906814,1.1628371174818861,-0.5065856279705895,0.4366186146226354,0.3546102567490793,-1.1766871814174595,0,0.0012879014247233458
-0.34363724079843005,1.5873572313370725,0.5440169311420457,-0.20452087600651475,0.9400246218411573,-0.2828440733260879,0.5168235314091908,-0.8401811541477153,1.1606729895126076,0.6918067150348577,0.30325569417484,-2.0459203910321677,0.1526899086993685,0.45508872672368234,1.5016376113028558,-0.32277387070519564,0.1301813314526091,-0.7941423055645853,0.0260524094463594,0.6493892628399665,0,0.011816587241235334
0.8302417851800791,-0.5866302091935184,-1.4155604353250697,-0.5525702507648016,0.3883543289242122,-0.9250996296814121,2.169682019480623,0.659974458491076,-1.3127289021755104,1.4236253940336472,-0.36991820282550714,0.357097663175186,0.5023280498899123,-0.19689444462442454,-0.08021150247767043,-0.820816694335524,0.5898635184377594,-0.6650953520383506,-1.1834449687650437,0.6065217667475458,0,0.005026561405675802
-0.03414648805538932,-0.661761720646316,-2.4426703314462515,0.22117470511261172,1.0217317363860448,0.6190445191177535,-1.6722782641268135,-0.7101992212191829,-1.0119731000602041,0.1071550393208791,-0.7102987631976363,-0.7348376782087183,-0.912033926920515,0.5804665073625875,-0.8526996999049086,0.014782847098517694,-1.0053525810471626,-0.08617600920130436,-0.8806152589179269,-0.3577738377924874,0,0.002336678034525012
0.3723923192865767,2.6553131130601466,0.33213900378214245,-0.06276363986164099,-1.521168138921531,-0.3240536591052668,-0.16692217583389143,-1.145866589780357,-0.8964862484942534,0.5470217254510819,-0.8653988409568,0.6947515640383704,-0.2744442364446052,-0.21572549661654575,0.3311464299112381,-0.1337042173956474,-0.10831295857536125,-1.3926805318586857,-0.4814836115756868,-1.5404038264759479,0,0.008474439374903733
0.7577921798897418,-0.5866201646524162,-0.636815617817029,0.1088474548939917,0.04765594048350437,1.0847146892803006,-0.8728567470941709,-0.214608749452736,-0.14275493024105212,-0.9845678668756033,1.154028648227315,1.177892787704574,-1.1526224658207223,0.8675658566791108,0.4854295837151984,0.23102513780904424,-0.6378130006343358,0.18659411890181948,-0.0743932756551544,0.7165727050762959,0,0.0033778644860488916
-0.8678629432536805,-1.5112368524923432,0.1361738747489025,0.25734928970838755,-0.14392987332338736,-0.0955906847918284,0.6779172500671767,2.075288654102322,0.2833377456275539,-1.310038599039869,-0.6258869649926178,1.1193856069048438,-0.07951677406157502,-1.435629628333598,0.8527479686913545,-0.27243269903603473,-0.41309041196924523,1.06989412235004,0.3107262358205474,-0.353131116265682,0,0.02545696830747998
-0.5916647490439193,1.6320006762962906,-1.2003759176923132,-1.7111607323411413,1.0038909121131676,0.2432499214624365,-1.5320587515274435,-0.3822831005666739,-0.015231972759287737,0.07092315778381292,0.19992980163018492,-0.044122214010541075,-1.170257936504531,-1.1195317888483545,-0.5655571135344098,0.5923413212147544,1.3641882803501033,-2.0419626421932424,-1.7691868831016164,0.6115229219224299,0,0.0409067214677425
1.8078256522137541,0.8224678971696263,-1.0508350210939066,-1.708856282423556,-0.19012100092261078,-0.49668415248818026,0.9752950304683058,-0.6227398004179276,-1.3053127457475346,1.0935168523668546,-0.5108518466429471,0.42931814484460634,0.17537303396059153,0.6455464934380609,-2.6354878992967,0.4981675889383355,-0.8514194315356485,-1.0211694042271087,0.44088299054247143,-1.0048014565216423,0,0.001784627866337097
-0.5041920739974497,-0.02633818255772312,0.12041675766445654,2.116584132478187,0.18076594182524722,-0.07313237336173442,1.355240122957237,-0.1978069007886138,-1.3732235536535233,0.5713706408446715,0.3565098827978705,2.0134380725988064,1.425206734651209,-0.2977060485032922,0.08171227654072052,-1.0835480592398639,-0.7794493106011847,0.822611207620284,0.10363089309857845,-0.19658157660442988,0,0.06232557546354483
0.9952223974985295,0.4721938060098147,0.13082789865753322,0.26293318909562413,-1.9421996113107463,0.19829735697460874,0.22762084901146976,0.43017282892832187,0.27425544881781233,-0.5976865674946621,-0.31606418465491537,1.0788952920606576,1.3471860955113488,-1.0928805913338824,-2.048639990702592,0.34033813272483043,0.877265487165855,-1.524826610948909,0.0062557007925934495,-1.0790073116650298,0,0.28071557716902173
0.5051040804701787,0.1446035939171999,-0.5540015724735406,-1.8446571074021736,0.3656353637485634,1.5457874276215111,-0.8128628861787375,-1.2870500144741175,-2.5253602131090984,2.9803751264030502,-1.9525679395266173,0.7060904797976091,-0.057835673854830856,-0.8376391353887567,0.4115949529297403,-0.5867947821160417,1.0130180688142416,0.5572786538452357,2.2302831976933635,1.2551927576431365,0,0.008373485852296197
-0.5300316893637146,0.6744637630625684,0.8339627485806179,1.1940353185634673,-0.13239819530843036,-0.4976688210763057,-0.2587189661627444,0.09647588050579493,-0.8677938187506953,0.5570522224406966,-0.9771162684731631,0.47545494615246314,0.42560337884898786,0.0029776498501669323,1.7729360106791545,0.8005430802776994,-2.079341581130462,0.09156896804006791,-0.38623856716339666,-1.709178708553949,0,0.04928961667153129
0.05648766191851444,-1.8608582565076586,0.6620746402072261,-0.1925243550903025,-1.9470005759418083,0.04273546908325145,0.14035610686885985,-0.2122410470061073,-0.2146345159460408,0.8797563565391996,-0.651174789898658,0.4456005431292675,1.2239003735995229,0.3143359799302266,-0.850557341334393,-1.058872112553547,0.49265158674750464,-0.08883951447934219,1.833953282297307,0.07550471859547389,0,0.18210730659818683
1.3123480924098663,1.7659712823442197,1.7072964402401327,0.9251012852702396,1.4737131993958041,-0.8709285981081979,1.540336690041514,1.234814855454766,-0.10260655320439539,1.3021319056694345,0.05964413526505367,-0.212666323613562,-1.0429307445134013,-0.40398028128005115,0.09661210023011096,0.9999864197372813,-0.4299377716472897,1.2864343819507573,-0.002916116649042532,-1.28588399597734,0,0.0018844645137327707
1.3756556757843035,0.4383107178224616,-1.1771800650492836,-0.8695718373495589,1.9640447795843516,-1.0888400309348365,-0.35846384865271075,-0.4592701136223069,0.04318952994304025,0.08332734368223328,0.3881778312381374,0.33488344069539605,-1.0907918816249829,-0.34987048038259205,-0.5105982673325651,-1.023912923656342,0.30404432810195997,-1.208232091600591,0.18565422104365373,-1.1168259815241817,0,0.0038718678818974142
0.46529633362424455,-0.5606552851990265,0.6460352937145982,-1.534562076789688,-0.011612576825003877,0.7084303604796591,1.0833980999519375,1.0204676828577266,-1.0967617688390932,-1.0316391119078498,0.10835203063597107,1.3348077893869628,-1.8823159369654294,0.3578655635338149,1.1691407060856385,0.4377022015091218,0.5965051147388227,-0.36715147395461745,0.1327416885354045,0.024221875652031852,0,0.0004852906454234293
-0.24661167292721647,-0.17414830671189654,0.52976894885894,0.14559316629900473,1.6270746081242327,0.04806756169535792,0.41402848303026296,1.2919961748153441,0.24373276248220518,-0.39882914258865043,1.1910537724374388,0.06021884826533851,-1.0412591195276257,-0.7239677385103112,-1.5807617001720387,1.167517621974008,0.5078171891916302,1.4442047283013266,-1.3687603408415072,-0.5437407051771062,0,0.0001444766725057364
-0.21817432865505518,1.1460042859957107,-0.6740401289046276,-1.3576468665960708,-2.4317800615138228,-1.2801766544420445,0.2008614385322441,0.46167069459786547,-1.4938219708280194,0.5232894841329604,0.020806356149682396,0.4318075021639588,1.564308104515526,-0.11015836119233989,0.5045645781731599,-1.2956752080398,0.7105024063479631,0.42849537368195745,-0.12632104538698366,-1.3095403139252264,0,0.05090405067588624
0.06271029372295399,-0.3027813245839213,-0.5282747419111529,1.5628153927402586,-1.863183324967381,0.5055235874453179,-0.5984514480404444,-0.4545366600554544,0.9497570261532284,-1.2995420058224336,0.8040438467222105,0.6825439074463573,-0.2039371897743961,-0.6417388512705219,1.5111055320595739,-1.9483745820398222,0.34858173217117605,-1.5307879223159566,-0.9090696030831057,1.0730090454789925,0,0.0009619993919516246
-1.3148303780073316,1.231063638254602,0.24649106059518205,-0.5425475955832315,0.6199252928942964,0.9475015892037665,0.73640628320657,-0.3783644937310166,0.15616213043996874,0.20308801931472897,-0.9642984971037233,0.06215826731863887,-0.6408973495290629,0.655953771531611,1.5606324021272988,0.32676823180590914,1.5707938574603377,-0.7502071849595732,-0.5447393284589377,-1.1939927071606269,0,0.016326260590645045
0.5184571853122948,-0.034880622998770205,-2.0976463196516484,1.3260540595763741,-0.47356495845148766,1.820937556899551,1.097447393248011,-0.21194165467744325,0.7171926046780331,0.03477257745098673,0.24557689145799966,0.6712166812394188,0.6257534868699198,-0.19320770824086766,1.1273704243149139,0.3141811632213887,0.561601047430656,-1.6014085745812658,-0.7244690049834368,0.5312453269086367,0,0.09584996046748186
-0.3753899138946559,-0.7966317881069828,0.6732167449544774,0.367772776010566,-0.9805781879097906,0.8320939339568276,2.20684711564613,0.447287429186833,-0.4479349259245103,-0.8998665296402253,0.7138054209608167,-0.37135584343831846,0.9769861048496498,-0.4049389207371359,0.8868996628505676,-0.27955315077637616,-1.5308014423406044,1.273800540973676,-0.5094527805424152,0.508188484609974,0,0.028839202226461018
0.028868117982708948,0.4609292799688146,-0.04177177446325728,-0.18312711507603077,-1.765094395537416,-0.6127842553585922,0.854929709163916,0.455571509592293,-0.37603697890188137,2.57844276343834,0.9191969207311744,-0.9159318212472639,-1.9733031449670815,1.8980908848814684,-0.3448875276677102,-0.7867218611382463,0.03592539651767925,0.06814900304258757,-2.5945366209453975,-0.7268598820234813,0,0.00015599846656169606
1.9966737570949709,-0.8642340613688508,-0.29850263467338056,-2.3356981926860847,0.22203558604944862,-1.0813327312347567,0.6811358677137511,-0.08348000510085402,0.9564931357417501,1.903701891374111,-1.2113241595562991,0.4283839011496248,0.1282942860310799,-0.27769749241361685,-1.312842016483517,0.9350833224288138,1.0896515269753102,-2.3007810255936527,-0.3767458813457114,-0.4151194834688382,0,0.00980654435637504
-1.2195510282064304,-0.12072969105990705,0.6213984081009409,-0.036688324273964554,-0.9470380731545998,-0.7671235920149485,-0.652461095590888,-0.23469240532949964,0.24348708640712882,-0.7850206950536006,0.04420311845463453,-0.31653067663785506,0.47720806066175864,-1.6313008075285342,0.5835803948937757,-0.8340647579980227,0.7041210346552709,-1.1953878157735678,-0.22402119755502908,-2.0051932459442723,0,0.015613840868690177
1.1433122773866764,-1.1075197263155883,0.871505863969614,-0.5519751185047757,1.2877449793255464,-0.8334928638740845,-0.05299721451780932,0.03385676024489468,-1.4689556212261055,-0.09368380271682258,0.8812360187908135,0.4365166745235412,-1.0429013649843555,0.6385733970632752,1.395603187005136,0.036430442013639534,0.5982814421235961,0.11826607483600757,-0.1029752529140797,0.051398269990658864,0,0.007532893358992834
-0.305535170136217,1.264727496034491,-0.1831613499122566,0.36986688888953373,-1.1570402803419442,-1.0098823619778285,-0.11872700769470781,0.697555984966934,-0.275610111248599,0.29852783068739674,0.8072356081325399,0.7070930808751077,-1.6642767897033373,1.168172471842467,0.44822086021550245,-0.6755031568318752,0.5314574168885989,-1.0256403539096635,1.6072102718321208,1.4475050311193793,0,0.014609026306171597
-0.8706571847344888,-1.9817156520458319,-1.1188529100323648,-0.8478337009847182,-0.45423446552970953,0.9006126562576152,0.8716230373226336,0.5950726361352168,-0.8386751833337919,1.0780715080395635,1.4809887145285074,-1.7011174558883266,2.0093224894606156,0.7999367096181914,0.23467616977438707,0.4362832476667107,-0.3575722629180743,-1.1889976296910618,-1.1445233827417034,-0.07606101730279272,1,0.05359942945043734
-0.3470514778937941,-0.3799743140121203,1.3436569784743646,-0.3762880950790443,-0.5261263123885931,-1.1696005767335145,1.5726188768580978,0.35507068503143074,-0.04479715214115486,0.26329728621775167,0.3412074953415663,-1.1674809234956138,-0.49600557910111176,-0.8418238452592519,1.8351688306211513,0.9332140653359365,-0.397266050880624,0.5423634485568658,-0.5342905307590433,0.7510652820567318,0,0.018644049358417892
-0.5541514752015982,-0.541622735074055,0.09477509189869303,0.11406344080215915,0.4511037569321619,1.8737624582145558,-2.517519382966768,0.07858929188746201,-0.32600648883704547,1.1390728467641638,-0.3882906468901117,0.09771163603806428,0.6836654277086954,-0.020331207876061515,0.3657912187985543,-0.9832446937237159,-0.12367393658165803,0.3377702678264999,-2.5336315739940156,0.9377605336914592,0,0.0022924296137239054
-1.4706556595330544,1.227327882878361,0.4542676288268182,1.2595705018048868,1.421169254010668,0.10099631049154215,-0.6556983171822006,1.8032277068296734,0.108710746339665,0.14085273245795565,-0.4530570074249747,-0.7125612216878875,-2.9888007853763927,2.5703590902733358,-1.3520546302808354,-1.291462814630596,-1.7668535864835877,-0.4696917732463178,0.2323783329844547,-1.5578143092297567,0,0.003926927985772893
-1.0440772659009065,0.20137093085201888,1.2027694724979985,0.11277565831298939,-0.6124851378961289,0.5021178917771711,-0.279111769296172,0.7575349850379285,0.39698566959363946,-0.2871894674164525,0.7075734392579006,1.5615905253342166,1.1206744821707542,0.7362672707584529,0.9914748024199778,-1.2312681240577448,0.3859483461540111,0.1922528607786924,-0.9076515804947706,1.5146003835210102,0,0.03799540838735486
-0.7965543659600086,-0.9830265704693104,-0.32902369756072625,-1.789309092728397,0.8170296197999526,1.089633441892909,-1.9330402725713893,-0.24428355255652456,1.3156607565634846,-0.06589993471151194,0.16554222365192028,0.2954756745216793,0.57146044778723,0.09224165772876701,0.8595668559837558,0.08696589914285677,0.5917364115282041,-1.4160276478481955,-0.5694142698658151,-0.8039312257502184,0,0.004437882716175236
-2.363920258475803,0.07634939846837159,0.04668908343376655,-0.04953404002301055,-0.3433037371955019,0.8184161104191509,-0.4456667648595411,-0.4311426217278689,0.5207164218847466,0.5569519912373215,0.9952562303109111,-0.3409428242603645,-1.9733557834390458,1.1481952013600631,0.009598338582156358,-0.952518751612807,-2.0082951890166445,1.7203313447414237,-0.23784053891239915,-0.4806901766636943,0,0.002544897075343067
-0.09091498664333197,-0.25848333687907593,0.40786092190711803,0.047327235253771076,-0.30156712199810926,1.0324305538835483,-0.6365293048839065,-0.16448342147688164,-0.6233529139136412,1.2658891027962227,2.115355120970478,1.3072901753755535,0.3819279943630626,-0.8163025744083169,1.0424091497184895,0.40838944184978954,-0.06372146056928879,1.5016077627705298,0.822728018798643,1.344624504928613,0,0.010661574855454234
-1.5553578971432986,-0.10910412355043307,0.6292627325765144,-0.10261413748164723,-0.46782276290238023,0.23806294023807267,0.17441126909863855,-0.5425892221293421,0.4353053021282626,-1.492769081620264,-1.354305108609876,-0.5939220927075174,1.201692974164264,0.5448348777337362,1.3984631138441614,-1.9433370939300139,-1.1881312532384949,1.1636390587363932,-0.11067495220894823,1.582463391630486,0,0.4972115213504136
-1.7484299905269913,0.793578833453521,1.2304039390884898,-0.7027350987098332,0.8363556130416604,0.1728891463461773,1.0781001348717376,-0.20526931295914674,1.5952564879544278,0.6824667445565955,-1.0070394307709993,1.584176974050813,1.6884874057524883,-0.8330589650558753,1.4826500644357865,-0.07247432259312164,1.2027653980105875,-2.0697183868170916,-0.8602398585057688,-0.7515858962930605,0,0.022942182359982147
-0.05514889736542257,-1.3991939623399392,0.34381393167860425,-0.8426293646781042,-0.8944041194263844,0.3438261564457087,0.3017518218658288,2.4228147953756594,0.3883080132638008,-1.4335424195659432,-1.4597102597206109,0.5231614972974706,-0.49861754825753846,-0.611075189008516,2.4330801612978945,0.14229971551862328,0.21047586627139542,-1.2525788456302185,0.4754588059665002,1.1833414231918369,0,0.0003666741907058507
0.702567787551327,-1.2211441555839813,-0.23169322823426083,-0.45380467786028306,0.26056816066545346,-1.693668077133364,-0.4162317931299307,-0.19361050709572505,-0.7742988325400171,0.6231964313788906,-0.31890375391655273,1.3745520907345385,0.7619314422751207,-1.878383284180793,1.1922014303836448,0.8486343636307027,-1.0580527113877292,-0.45328071077125526,-0.685977702829353,0.07815263370957559,0,0.015592130205205406
0.10826813004275646,0.4940119898865702,-0.3835749396501853,-0.14663178626942355,0.8233379732330013,-1.091146074432621,1.0752807227954269,-0.23413519284787862,1.255639587824268,-1.1222055625823473,-0.9951293901834044,0.5270726767601709,0.7099302949255205,0.6935885493619189,2.473886051464387,1.1039830611777495,-0.6311917735056963,1.1309469768534666,1.373726325842545,-0.34096002601801817,0,0.001245825548389965
1.245170115342387,-0.5614952297587351,-0.5925178923959383,-1.5027763140323325,-1.7608402903061653,2.0986560349330365,-0.6587428280178798,-1.7832744044302011,1.9198447758329462,0.11354172145088354,-0.49294887167104107,0.6747694166639324,-1.4570968256765047,1.3282808903080843,-0.1342898487964581,0.14875241285189092,-2.557625590778529,-2.124150060377591,-0.14850747445300175,0.853574807095323,0,0.0003969534967170493
-1.3846752730641045,0.8413950691681094,0.3156836896145817,-0.444400331391923,1.469768669103076,-1.963166558106496,0.15194881018146272,1.8300994826915171,0.24296591131246867,0.15588384060467061,0.07285154059290315,0.22713382181212322,-0.9209735777616342,-0.48594140909313843,0.029060457891734844,-1.4429620436549675,0.32332184374427425,0.2898402854364453,1.3775036247755923,-0.22018685390774242,0,0.12339119129396514
-1.5132897670622951,-2.0935025697108753,0.6429643847583033,0.27761025679590495,0.10012842353730189,0.24709544682950368,-0.5748346599347747,-0.8191428910673394,-0.9788495557704072,1.7367216893618043,-0.954869417672037,-1.4724266104966308,0.6006442555188752,1.3144976147196237,0.05955425465775565,0.15174672266661338,-1.485285856156994,0.3532273214644379,1.3185392761813515,0.32591216177415305,0,0.009941662884726707
-0.9499942191664059,-1.2538835193006588,1.4706169582925797,0.04800271393902645,-1.0739280843458983,-0.08150594061155483,0.007376553685445678,0.21677133008070326,-0.3356495925786688,1.8979576229228048,-0.21897216391588978,1.4755556368302265,-1.0925439120540683,-0.2868808504772274,2.4546812827936466,-1.7203897205665564,-2.64391830825939,0.09947640756369698,0.3389181368290925,-0.2223793209118362,0,0.08485211916351962
-1.209829905090681,-1.170182027465786,1.959000498643653,1.405351797129234,1.543985887233797,1.3125072509789528,-0.03344617559271461,0.14930826174709855,0.24898709115167572,-0.11073865103943607,0.9685603400066217,0.14679430278093686,1.0099338426467142,0.0950654114591162,-1.3010888157806562,-0.12690167459349866,2.2353825570512096,-1.7464418571169362,-0.22769940804371766,0.04901929837507896,1,0.7002282627564871
0.2790343847075768,-1.757417308605016,-0.4581265909638132,1.7240675242521657,0.6975572050513424,-0.2564863639374752,-0.3548278573097782,1.2496155847697028,-0.10197170844051397,1.2765029589314816,-0.6200204528070149,0.7686473759833669,1.5351514192066764,0.4196170499802542,-0.7586893556576091,0.6215875510975369,2.1154625811360015,0.9396274469165118,-1.2315454052782902,0.7384603364648137,0,0.025043122547817532
0.7682398918736411,-0.3550371987262285,-0.08988571560090668,0.5854260271622923,-0.29744743187354394,0.31254661677742923,0.18143651893269244,-0.01822259845294097,1.0119004694303575,0.11540177054251621,-0.20192609953339993,-0.4524776423549928,2.4002043246090827,1.3710182771424324,-0.18253378735632658,0.06618787195977449,-0.10583104213672542,-0.2895766611543198,-0.7710799523086361,0.4701867877256904,0,0.04627169348437721
1.9395971574589228,-0.007136288081563823,0.540067239940098,-0.3661189334658474,1.7995999704673105,0.1797264964368059,-0.9739519495011879,1.280306118686176,-0.15960066657286484,-0.39853911183397206,-0.19577037557706548,0.6970441834631951,0.2581929961701763,-0.2946184351367677,-0.7178425612151574,1.352772371391889,0.9724309137716843,0.42185809517667616,0.6120757351117928,-1.4124566627013793,0,0.0005661496315447429
-2.4528094498374635,0.849131020518378,2.6882467300356194,-0.08084879194234552,-1.3174531105680145,0.04691234440248706,-1.3962711068597358,0.08116231598910631,-0.6588552189589251,0.6482172483965081,-1.367453509216359,-1.014337895547352,-2.0792588684210864,-1.9060762836526426,1.166091599022291,0.026882907817605273,-0.5057951102507535,-1.6271402240014252,-0.4860400016313689,1.2985043042356477,0,0.003262131580759289
0.2952239596089987,0.786255935487406,0.7536251905676306,0.49013317609718327,0.4117105730952732,1.7257681553471447,1.3140113669957523,0.18030104196688107,0.8606511784236331,-0.6419119421557434,-1.6801767731343964,0.06479407538165896,0.8180891480021706,3.182397899381687,-0.9813361886584239,-0.5130267625461287,-1.511196009788916,0.028261233994945446,-1.3445064318303408,1.0297020730139836,0,0.0012926005452582783
1.901324746571592,0.9762619592979184,-1.754108083908764,-0.34621814296256775,0.8198500713264969,-1.0905338049868518,-1.3926316594488228,1.8727648473108256,1.6662891865568044,-0.2718323581384084,0.6602219498043568,-0.39753110670928254,-0.8687295974621309,-0.8185963441955877,-1.2939314242216708,0.37720549437619133,-0.022174306264063443,-2.0157980237938746,-1.4555310456673405,-0.17353939099215832,0,0.057545664864697324
1.2242204101840628,1.2012565097911734,0.687328394322321,-0.0474115360598408,0.2810931407496151,0.5038522372882264,1.918248598806501,-1.5611479101057626,-0.954819704154716,-1.7380255581886765,-1.6693913952454322,0.39035636202125,0.4011012967643257,-1.1711096656302191,0.37856866993585503,-0.42203530943735906,-2.290911545366572,1.3226597442897443,-0.7241360922573428,2.2411278375045716,0,0.004035779635834291
-0.6112187249062009,1.5543375008448994,-0.764931989177932,0.5293383104832284,-0.5711697151284776,1.2732267067052203,-1.3272990920430323,-0.7978036382333287,-0.7165307041008503,0.919389119189773,-0.0032303663121161083,2.154105771221149,-0.3179658511288994,-1.4086253751960462,-0.15428628125498522,-2.2024795917947957,0.6394788644845296,1.9311708099073879,0.5064802079068128,-0.9084018832907517,0,0.1907159134201777
0.07704893096876714,0.4071553340453664,-0.02425747646621957,-1.3204577006652631,1.424845833924399,-0.3210116077334582,0.25967400447714983,-1.1306560220853519,1.8588964317913708,0.4612500982913977,-0.33298731853729263,-1.6595383585601298,-0.7864110277003967,0.08437614890266992,-0.25046030305531275,0.6104178936770392,-0.9034700171874324,-0.9506678326049965,0.8042315642137067,-2.541803821748415,0,0.00043745857024469673
-0.9830380196133524,0.417383888296753,-0.30917808584640527,-0.6106318974301962,-0.44708024479440506,1.7763994028410344,-0.3227202033373475,0.15925086312215778,0.9655142370792513,-0.23063770530427954,-1.2122554355689483,0.7917393670579526,1.906988738943933,0.3854958175085322,-0.39829290848467547,0.10206302596197084,1.6514191144142267,-1.2271195472226024,-0.4305117331983226,-1.4198142686635045,0,0.05788103396284912
-1.2224442031326443,0.7382118542899025,-0.8465083908961157,0.5167799537287078,0.772869514075587,-0.09016576269004682,-0.08021580931218508,-0.8942499258978188,-0.1366663523748381,-1.1586415602710374,0.6232228531114863,-1.1042898743147846,0.2202003987666168,1.3513249560074756,0.19645068371472585,-0.7500164719191839,-0.6640557115370221,0.20823753679595874,-0.7532831450879931,0.24282729707912568,0,0.009627983714409467
0.7904045195342451,-0.818754847664618,0.3107177174258704,-0.7447967875425979,1.2467391562186576,0.8397915874746802,0.6614423822418001,-2.7999927876098414,-1.3733880586676617,-1.0048141596897315,-2.5687448550304053,0.5586847934621542,-0.6788380224888908,0.1397929352945465,1.884834888836732,0.006514665742830897,0.15357373312987624,0.26424825947642694,-0.17444661470066183,0.7859855190604998,0,0.014181897709947941
0.7941383765883606,-1.3338160966803385,-0.3729176805420203,0.585691958103107,0.45735502817701096,0.36129577285622044,-0.23621200467719056,-0.7049392292615485,-1.9732528102512887,-1.345124628454938,-0.615519757245385,-0.02543246957037339,0.2910438344104721,-1.3775841679280998,-1.6461214030445728,-0.9500890901343538,-0.3157221419153293,-1.004415043261857,-0.4102004958906088,0.2973690054811775,0,0.009143816433791346
-0.23678875281618486,-2.503077555786997,1.8795229159636344,0.6246725217110811,0.799179283225632,1.1268146255431255,0.6659589865122064,0.6255228723450073,-0.15136282096036854,1.088531284353786,0.2684655042234748,0.6716578978818368,1.2446130423198305,-0.13751331575879658,2.2696545147923786,-0.7912303005066864,-0.15789653794679964,-1.9639856801689595,-0.10105262916843354,0.7879897458333733,0,0.005015730497786705
0.044957631937913224,-0.3625206930431586,-0.6954133827152293,-0.3841657002277898,-0.641461004283083,1.4756137232715274,-0.5910115312711642,0.3630243049982144,1.3965764752533176,0.8312355717038704,-0.9995703974558673,-0.7770729850992719,-0.32678443860010337,-0.7970348618512955,1.2227754020423796,-1.9511366580718708,1.264004095250612,0.5414482260164014,0.9617013284831832,0.05158030756071822,1,0.531516844176265
1.106470173618947,-1.8371504637064906,-1.513122598500961,-1.0001831121582097,0.8789743148123089,-0.2606109734582958,1.4502949531426692,0.06102232999242515,0.2789897496891158,0.21345011463663302,0.37315032728299197,-0.08503229533274662,-0.3014143602845325,0.10897530559897975,0.33938092040512396,0.5977569870824357,-1.6452509472332488,1.1456684950183564,-0.4914322456359929,0.6557432164907676,0,0.001226276991784505
1.68444260178952,0.6116337600280434,-0.3543670477370896,-1.2788029078827419,0.8711523893741769,-2.7151857786748708,0.7315829193232266,-0.6116850420638591,0.3124026546151121,-0.9625990719496119,-0.9662392868593235,0.5397782201748847,0.7614283357404614,-0.0448571640116382,0.8974059912206435,0.34837937701247756,0.7767086637803499,-2.3715650759078017,-2.129987191523937,-1.0966430602264707,1,0.05154011495237229
-0.2774168733698624,-0.18281695054360889,-1.1980516636637817,1.5776311101500347,0.03615698922719175,1.3162161649801563,-2.001529657872654,-1.2505273587805172,-0.5514691262722271,0.41308888614475775,-0.14769586917899175,-1.906132316606532,1.516142356572231,1.06123489086363,1.7508360971625558,-0.3730993801802578,-1.740555188205156,-0.2805797667141175,-0.7859731388651395,-1.7986888811595898,0,0.07520693279305259
0.6527378338835285,-1.3755179281665648,-0.046193249793458825,0.7659010038777502,-0.5095403228645081,1.4555193761298684,0.31458080168805236,-1.4134913588055942,-0.07304183365250214,-1.8063717801069665,-0.8330492939572273,1.079171232187577,0.3374745203619075,1.8794156130636142,0.18072683187143132,-1.3473907434632526,-0.5361696614049127,0.6041763392682578,1.0522121509161835,1.34393234546907,0,0.11501670746474932
1.7117800979776616,0.7180220184678261,-0.1978285999263564,0.16052268722492358,1.5439339185852434,-0.3446276425788892,1.060356172939485,-0.7675689660345371,-1.1694358087530226,-0.4672617762152832,2.0032168506380863,-0.4887722368886617,1.7520261713161727,-0.5784308253403287,-0.43388548166096036,-0.6308658615172701,-1.1756760293085122,0.5130763725733063,1.4077420326523404,-0.543740353495075,0,0.042140522545939946
-0.05043312259036721,1.6221247504862135,0.9605627776793466,-0.9282079750057333,0.080176750911539,0.2290206181815404,-0.9259204676543942,-1.356598409763537,-1.5150120024772742,2.479670302695934,0.012489887219429641,-0.11136837130018726,1.8064140972581857,-2.2239853665618416,-0.01488252741363606,-0.22791258637308032,0.2711090753297496,-0.41919944851960766,0.061326852827946705,-0.3676179748169156,0,0.015802899103567098
0.638493080484065,0.9706980241608,-2.215691997036214,-0.929412735573344,0.4864268341602773,1.3008384307406164,1.0749432285955056,1.4641252431097493,-0.6180841626231506,-0.6108948997195667,0.11123353723355309,2.3426502997835406,-1.0727308545408334,-0.23693420922265415,1.0953575748930855,-0.36152701867858084,-2.1378037482178045,-0.6829649714512801,1.173322062903556,-1.2081013424374356,0,0.000642460775150009
-0.3949613911214686,-0.2677425475921086,0.7175093826513148,-0.29530906750869407,1.4266853672612663,-0.5143915717613968,-0.9433421164776323,0.18472739805755917,-1.5731408259515285,-0.3317179782589735,-1.0839891477550339,0.23719153722250824,0.8930876009324956,0.04231808320323704,0.7036938872482498,0.5387558099088782,0.05027422580724277,0.867887898842305,0.49667246886577987,-1.2688318794979903,0,0.007507124578059272
-1.0176553959997445,0.31849337899932906,0.6680049889277786,-0.3725127245338804,0.29941540090447477,-0.6530199962280652,0.69238874882336,-0.6955354440506686,-0.7412461271717027,1.5880492369125483,-0.7634255283749326,-0.3017635310876104,-1.7747123779335823,-0.05492398736493156,-0.14331521338956185,-0.05189958149763891,-1.929959220373011,0.3501634413909892,0.5097267197615504,-0.6948150832425724,0,0.0012196907360955834
-0.6829109036558623,0.2837936895460256,-0.8282393462501145,-0.41885182253276,-0.49136449184095493,1.2082753730924314,0.8005924247688483,1.4981240814721595,0.8499542511145731,0.12069118624192135,1.5683648259943428,1.1325563755760855,0.9740002881744372,-0.3612591915828934,0.2022923682108114,1.5386733985269856,1.435888835045465,-0.597304015345128,1.3746674693323335,3.0039631588041114,0,0.0006014716776814459
0.6422026322707286,-0.947452782701,0.06896820998874341,0.2201616087658441,-0.0034769530194365844,1.0463714037188452,-0.33836771015432143,0.8102137284302003,-2.8565482488347036,-0.2589967329918007,-0.5586754426872895,-1.1782490846822025,-1.9162899630236003,1.2938304680017176,-1.0893888701035592,-1.0988254997214661,-0.31647825551669007,-1.5702961910264772,1.6348478103947723,-0.10947672576960839,0,0.08175197046191955
-1.1302775449605909,-0.7511862268226119,-1.1024675334347593,-0.4566561141043607,1.021275708245181,0.7353951941513533,-0.12582204013433218,0.8815241038665783,-0.41284587482116636,-1.6456891289765856,-0.56166178629415,0.6669460558384226,1.1044347375475416,1.0688108804193306,-1.3064160883609905,0.30095508610136396,0.24879430191696247,-1.0584335319101006,0.38233945291789395,0.19229160097900852,1,0.03474918307231042
-0.6760802779917264,0.749935910747729,-0.08124337395347528,-2.5839052261497963,0.5166430956793018,-1.205577575333662,-0.28306306439508677,1.987606594348895,-1.6181201072104898,-0.4320851691939391,0.8499253481193341,1.0429963387139602,-0.3675898354311627,-0.7758877308225053,0.40630130208012044,1.4588794069427966,0.3772965030622592,-0.5491255019499139,-0.14126151682811625,0.994373731749146,0,0.0001670709266270119
0.16178789917693037,0.1665012164435016,1.3413533589172986,2.184518418384894,0.005050148647252684,0.2606532300111226,-0.9420664280624943,-0.0483516747371015,0.32947556212353835,1.353044297778566,0.8962521857330916,1.6447658861261198,0.3333842143919178,0.38278886179845906,0.22402685462904467,-0.024302678609410936,-0.04932241191834204,-0.7471908881331478,-0.8301563861118301,-0.23180986771606982,0,0.0917380604279903
0.7288081735520073,-1.3878051837235692,-1.3445361207833628,0.5159840665404872,-1.1011746640106301,-1.196482972884972,1.2105804232225956,0.24312660195909286,-1.952441837935572,0.9795825944857613,-0.30518728016494584,-0.847031473502015,0.0381790948793295,-0.5657161663734079,-0.4956816346055155,1.1034499395355442,0.8494140906370831,1.0165155717660082,0.6621334377158727,-0.16649374992575627,0,0.0011503940485193109
-1.0957176075045763,-0.5532297382988827,0.7102730701279258,-0.6789212369485671,0.8157678115559669,-0.07327196771965752,-0.10675692540266889,-1.4121147024448304,0.020048377695166035,1.0945322327075202,0.09432651123595824,0.20175210970156585,0.679836889908073,-0.37754928651850234,0.9567135937228628,0.5128982758960399,-0.6184590518386711,1.6419311235751748,0.8678950719883578,1.1398197360901303,0,0.005107095138980837
-2.6471449033679004,-0.5829000332620945,0.7962650870268809,1.2647786664128728,1.3733635053993742,-1.0345440986350727,-0.337418910602979,-0.9532588047003323,-0.19824326799092512,0.21098615780032381,0.9049573152978257,0.7397260179687183,0.21122763355001284,1.3455815679814123,1.922785825698875,-0.507597537156282,0.5167253958931529,0.343602154458704,-0.8919289374458081,0.45414749475917826,1,0.20630426494641269
-0.24127258236014823,0.7479564795054686,-0.6550834147130972,0.8146432611669749,0.2554857137517003,-1.0881766788118379,1.185919579943766,-1.4040401385447723,-0.657471937975889,2.686263401009,-0.7165020666192885,-0.5726781371734153,0.1016343043013485,0.08816903691782163,0.6952833860026862,0.7645735647190006,0.7102400429241167,0.9056346267998212,-0.41248816883303824,-1.8420565019098996,0,0.03041908397388185
0.45930468129618257,1.2132629906767067,-0.29397878883719253,0.43569522460914556,-1.3060339130494547,0.1932455208656839,-1.1403854630290928,0.2988649253155436,1.200237050979171,0.793011441358995,0.25781703753921853,-1.2667400450522783,-1.7675128512080567,1.6123232524318136,0.26110125623383473,-0.31547850174583125,0.0032427429717828875,-1.6502785569441594,-1.3572296681822822,0.945955500021993,0,0.005219975893452845
0.26151607058380827,0.61650700292163,-0.18989646746820446,-1.2334934950194225,-0.754550177699953,2.7608153879661277,1.3903507596217064,-0.4535263349587132,0.6205512522701969,-0.34222242450159596,-1.7599264075103622,-0.14315009647455879,-0.7948624661309224,0.382638680793052,-1.9944683804908454,-0.14771599543987296,0.8995885379668856,-0.42955338459215714,-1.61908173614568,0.618435395720808,0,0.00042684372539878064
-1.6393441218794735,0.32246511404844175,1.7078660627467872,0.2581350310453986,0.717130602407435,1.6524412701690065,1.90974318225392,-0.11852534266770332,1.3045179974375452,-0.2589165051024786,0.21609647479345145,-1.1780790412914466,0.5589029458051881,-0.791712887465252,-1.6142603064362433,-0.5286540251802789,-1.2988746123606811,0.123660761078608,-0.9350130212864629,0.6129497204380018,0,0.0011401709378574616
0.6775943545389993,-0.7065264277376027,-0.4494852468972579,-0.40716588519172836,-0.8170250464062995,1.5436424480511692,0.07849474949201726,1.3080929564569685,0.4173121153435831,0.6006928222014386,-0.3842151083051835,1.6407376287677151,-0.12450193447450628,0.48116533903357694,-0.6642322281392006,-1.3875835090361281,1.1661312642991597,-0.7482754005389011,1.0467594812936878,1.0066323934315202,0,0.04989018373964741
1.1408408963380632,-0.8169910915012039,-1.7317456166989724,-0.8247820777639786,-1.7641074647348423,0.03469204139960137,-0.19546885329244035,-0.8396964853139184,0.6512618381488093,-1.728001207477508,-0.4800372011882748,0.5113102303709696,-1.3914844969424176,0.08122606850749331,0.19139346796492498,-0.06046781898309583,1.9735362194351427,-0.8594731011411828,-0.9217828898236925,0.20772120548957357,0,0.0035679490626235634
0.11272440664604251,0.511466178049219,-1.4060397264372975,0.09466768306933084,-2.0477486640400007,-0.7547928790389129,1.8085757413609196,-0.4113716459649532,1.5089637199702468,2.1644315397336285,0.13060118110088764,-0.4917089691822338,0.43026580244877466,-0.7295722354212307,0.4588801124459586,0.5915494522596351,0.8673236221837157,0.6378658441121026,1.7488021186989635,0.2799813625869155,0,0.0022606249664477397
1.4946460840353404,0.29200458284220343,-0.9423751489471637,-0.517673143413877,-1.675738195161548,0.6315503684324503,0.6189914945981783,1.839032746531477,-0.9495658845609708,0.44319495737759024,0.6085990325344195,1.4642974385816154,1.1028755526533354,-1.9677070917887054,0.1028488393572366,-0.2657473249990145,0.16466464235611736,-1.354191482357187,1.5318212104512432,-1.2119504004321149,0,0.007174192601394432
-1.0733995578827857,-0.690095102355442,-1.624738170159448,-0.12159080452061397,3.836780632274927,0.4310294962658868,-0.4907151579095991,-0.19209793928990046,-0.09098482918617692,-1.1310124464430282,-0.2038733473619309,-0.8141365832028393,-1.1525519589216067,-0.6168095253349495,0.38068503094970874,-0.31274254271704854,-2.0985802306388024,0.6788413770655928,-0.32463335886240124,1.3807874213205968,0,0.004562401791824985
-0.7961974621018401,0.8574741819935797,0.3346384711565102,0.6431790397743671,-1.0750152251775347,-0.060431540917872305,-0.8979953654686411,-0.5248791670059784,1.6468664229461023,-2.01994029395277,0.4718333289436266,-0.5024338307960668,-0.14803327001553473,0.6509018729206725,-1.2567913740353738,1.0304038642125386,0.10577465285160081,-0.8236531934035188,-1.5877168553112204,-0.491515099413812,0,0.1422021556198443
-0.46227954528958004,-1.8619599300327456,0.321888129804173,-0.8119944697270677,0.5826423112838939,0.11705002221470787,-1.4188190941385148,1.1499938503965053,-1.5131051342377526,-1.285782985275944,0.7288039861194843,-1.6138699982548397,0.07011722905969611,-2.821021460869234,-1.229368188362895,0.6143690899804878,0.002558929786834052,1.481545346434423,-0.058949315283170295,1.1118144827851697,0,0.00012117487776742406
-0.6907680109056527,0.5526588335352979,-0.3642933021223472,1.813266293183149,0.49952175371866775,-0.3259105729574465,-0.5272420235925354,-1.1281598984687047,1.3649049524012267,0.3230095600098352,1.638014124901802,-0.5561352258798928,0.5352262701728276,-0.03242555901246537,0.21616443676344782,-1.1521761387079812,-0.8956901261402356,0.6211859431187234,0.3416419056384221,0.9938402683083423,0,0.06863146690332747
0.5066393750256338,-0.4941191813938565,-0.28246393942175485,-0.6511358369743332,-0.17850091625675676,-0.14759452927326494,-0.7884093088028788,-0.6064817415099775,0.17396504746447952,-0.2543603907882897,0.10662301862411733,-0.16374348945128536,-0.992649998191268,0.9921707282002329,0.028626921186096527,-0.12685765746912553,-0.8936726158049509,0.9000933200829165,-0.9783374110673213,-0.016635858309414487,0,0.0014080094222524192
-0.7356969076084826,1.0760921081419672,0.17435967797082094,1.0699340510070552,0.7531711170593118,-0.3265817917510291,0.2397813620677909,0.44882953930473873,1.326734824219506,-2.0297809933442763,0.14410711496990336,-0.13537586856750766,0.7132886764176962,0.23770191856551504,0.10963715561157703,1.4868359272937628,1.1476609232616637,1.5442350290619697,1.480574091786946,-0.06597963767592295,0,0.0009067251633293287
-0.845018621000057,0.04238136466097186,0.7506104306558361,-0.5724570158042439,-0.3545979747253293,-1.311731251691824,1.6898296074346721,-1.4636408084139185,0.8478081476701891,-0.4614599149481518,0.2053594546115114,0.09457199754756383,-1.3569490740021228,0.4365303912622634,-0.8217942872916848,0.7011660631183063,-2.0725548321560616,0.6026704784851755,0.5064154081637499,-1.117930539862839,0,0.00016811696363718296
-0.4812135736952009,1.0815587071726025,-0.5411797615148733,0.750543883054739,0.04262369455399654,0.5113606502669641,0.18138283015439075,2.193804842524387,1.4585013361174555,-0.8213058816444931,0.6477195194117926,-0.3602823767361962,1.3437962314333,1.5553078306545216,0.8309157893053459,-0.6803512830948004,-1.5763524980749664,0.7852096319563389,-0.02836468735881241,-0.07434634306720303,0,0.053796737543064375
-0.5967550491972949,-0.5342209042457359,-1.6395777178908766,-0.5994450082531496,-0.006264116744589568,-2.729899531223428,-2.532826956640438,0.4255612613240813,-0.7952200794371588,1.0255961219815302,-1.1686705295646416,-1.2723289891829688,0.4136582367099373,0.40898149132956224,0.513254045250301,0.4747629358699983,2.1946139545472434,0.5990245357419088,-0.966788414804452,-0.22858974826046288,0,0.03131462464282429
-0.2159216785281869,0.624841736506157,0.22462307272106755,0.695105120945782,-0.5329424191003566,-0.5915503112647096,0.028850121952234926,-0.7051769574624479,-0.518951760860925,-1.6931637886150464,1.2268289455290278,-1.3889757935727496,0.18377108773888398,0.43026308119592566,0.23840624942126656,0.47808947511866573,-0.32408708854035645,-0.37169464658029566,1.7079454161274197,0.8050373299598343,0,0.007048458016549161
-1.2793707954003672,-0.20548969257099564,0.3640623883300959,-0.457058620883425,1.502812394885907,-1.3510530211401586,-0.7285632208269557,0.6706388913166871,0.426656667526578,0.6854361728381254,-0.3038920960111668,0.5180539879856227,0.673907986917808,-1.6177516837525836,0.30598565659924504,-1.0526769531543385,0.9015046043930093,1.196420526643712,-0.8587388776604943,0.8819564944700007,0,0.028007141279604075
-1.2956340111947564,0.5171814889631567,-1.7671796862850981,-1.1222023675152164,-0.19414072988245684,-0.5789216269097386,0.8659641651662958,-1.0181806012483525,-0.44164348134339704,-0.3234565431829781,-0.9817384142843408,0.15977345281250505,0.0854580323734184,1.13112120623716,0.1260078916860859,-0.6529238789846257,-0.821823108319107,-0.7335214555343753,0.8829565169392424,1.092686565834923,0,0.00562386138618374
-0.1928596146945752,1.6266877284101082,0.738050761750508,-1.492831354057567,0.9765914730720083,-0.828191759135091,-1.6933166494479264,-1.6240532114192978,0.6098484852586937,0.49682387438141606,0.16224888971613566,-0.2578083443788532,0.6965330311117954,0.2748637847379356,-1.5556282967492836,2.278722611354883,1.5926515654536175,-0.9847880481801145,1.0002325691875105,1.8946986360867206,0,0.0004695877958380194
1.2313919744690365,0.20955161067842032,-2.3055060197930186,-1.1724203883840787,-0.09060089811233796,-2.28674613769757,-0.6582607966684876,-1.187545376745903,-0.4971840006347243,-0.010223046028553683,0.9050504187179641,0.01336650143463408,1.3321614706246627,-0.09523214404094353,-1.9983254837990845,-1.7778995032115192,-1.6811757522582524,1.2915357665923768,0.3264206655500054,-1.0724471000004294,0,0.0009823104107793213
1.2108926652761065,1.2126983894376462,-0.9400144601762056,1.419020496616732,1.0069968164105731,0.010407137363173497,1.819661149317984,0.583834039950765,0.2847044345512551,0.12483155043798466,0.8286239474276007,-0.44979591305026945,0.5206712103905519,-0.9435050933991981,-0.5939961130577025,0.15385598739356013,0.6764770331994557,-0.40331346095654935,1.6559436021866312,-1.3793059477734688,0,0.12865094287869083
1.3833102459890882,-0.6569071283867036,-1.288066321951774,0.6135725224667274,0.5621756378745268,0.4622039138684752,-0.7217166141436874,-0.3750653320569723,0.831058194860598,-0.006935753557256083,1.0583945152915901,1.8840149573647966,0.9057444768445551,-1.0160761083705256,0.05492258138060844,-2.2136016600328525,0.6016321409161501,0.5396823127837312,1.5840263564998818,-0.10814469096299562,1,0.8289910191665825
0.7208563201239155,0.9986560874536746,0.168623270376519,-1.9407701959797876,-1.084556382146086,-0.26412898813893254,-0.19651920061478323,-1.2499816135437374,-1.0270407096776144,0.8466466282168582,-0.5681546816625663,-1.4988297470725764,-0.7183087938861517,1.087494670719627,-1.850486708880148,0.1483642575628167,1.6359592976285589,-0.09342263953200815,0.2396431011296851,-1.1652214304644126,0,0.00032224865893321634
-0.3192938686134887,0.47155858193659406,0.30895707888651,-0.4471367420558769,-1.0193702667072564,-2.7625134131013067,-2.3987681873686806,1.0485734647796536,2.6575597540921856,1.7984498136311209,-0.2611409884868653,0.05200231911060225,-2.057610306939546,0.6469863284945373,-1.309696050204292,1.0614471300236492,-0.4595048164687507,-1.2099499796828612,1.2018721975803435,-0.0543939613042465,0,0.0019781020713304544
0.7791958441035634,0.465157483366831,-0.0205085634528264,0.020886510474146077,1.1282125104126415,0.1135567385453322,-0.34880918256114235,0.46848005130941167,0.49099008258696186,0.3286060657216637,-1.4671091837196766,-1.6929172478459305,-1.6817025742868605,-0.2069731592233146,-0.6319586713609731,-0.9059938630471773,-1.4527692451837553,1.1610472470865778,-0.1308565958490967,1.0837774852196533,0,0.0006818515963499247
0.011079773147505656,1.2039022493679552,-1.2308453906044243,-0.1869404396639024,-0.0596823368529204,-0.8356096489571875,-0.29587561051257305,0.2911696225198502,0.22305928039249437,-1.3051915984646587,-0.06333607087131538,0.23740368151002803,3.558186493522463,0.03972886849223506,-0.979686555193311,0.9499142594937646,1.6672618684827774,1.1590885283417376,0.8091293435125418,1.608369868917446,0,0.002996214628457991
0.30551032588946375,-0.7220269564207029,-0.9031715083009941,-0.7156453098318609,0.5625582581644188,-2.1453695148138126,-0.7523970129669306,-1.2320225030584264,-0.2132582591633039,-2.3403274445283992,-1.7645423901305686,-0.07331290234898373,-1.4998132064055356,-1.6107918053409602,-0.3723887952109312,-0.389410717276975,1.12664367846227,1.2855728228479655,0.1650061183283347,-1.9732332506749612,0,0.0013918105012763493
0.48050841559014124,0.10227671942777812,0.7218055787222619,-0.26806774600792943,-0.1851121477780511,0.7274260783826667,2.322545694953953,0.10796263838674273,-0.7568764332742074,2.1853152252494312,1.0438694806401394,0.24505846034409814,0.3534480571675158,0.0403583397834949,0.056075061585351374,0.4523705202484048,-0.9774135957074562,0.3499244056004151,-0.3350163924101055,1.6991816187973932,0,0.004592761325368057
-0.5287134177384551,-0.10681069677403038,-0.6526409960977001,-0.11412124697454906,-0.30021842220615597,-0.8764124777821518,0.12495332437475824,-1.0581034480041125,0.5402345987641716,0.3305405649494267,1.8257535897656523,-0.2205446536854022,-0.970202268657176,0.2133060328955693,0.7941830884028168,-2.017091061570466,0.15300196385810896,-1.3099029099667712,-0.7430915943494788,0.7878821287933988,0,0.001255646486312027
-1.276069161284491,0.4111987178086316,-1.3125438122790813,0.030894925953528603,-0.564787403170654,-1.3996080632941605,0.10282833265582378,0.057219927604524164,-0.5560869022244718,0.07755227871979767,1.8063449995472234,1.675935376203483,-0.41845214991844226,-0.3128173227074918,-0.7902305255104012,0.30294084799947024,-0.045615371030572595,1.943092954307449,1.8018517244033558,1.195545723037811,0,0.0006001439107228418
-0.35176524140525844,0.33762378516574654,0.9757084461423727,-1.9467520224654682,1.130097880385176,1.4993058285622536,1.5936890734017153,0.24437666656812684,-0.4339841619103473,1.120611206769015,-0.5913791683520446,1.3170267481167315,-1.4403305324058568,-0.3568847989669859,0.03204986498002197,-0.15514093663448672,0.42682859928291855,0.3319351314920053,-1.7898902197446558,-0.736843748212302,0,0.002551791760461559
2.1596052239739274,0.4218180312185046,0.2215733084443342,-0.9466645209472276,1.7902194930645199,1.510818811638093,0.32219011432920813,0.21616704066597595,0.9424643666639894,-1.669111783253743,-0.21032254116167695,0.2527644339252584,0.38982437599877895,0.34314329670315225,1.654420617066287,0.20562784618813865,0.2873404280874796,1.9331474903743142,1.623134317108318,-0.4640941492396646,0,0.010523187328742632
1.1608084318963088,-0.22311661408621153,-1.0715159910255518,0.6352114485740012,1.114083714368351,-1.3071645608840206,0.8592273750677474,-0.6233394459369432,-1.0366790397264245,-1.1111031050582705,-1.0460453738667097,-1.2025101023436595,0.7367496679143565,0.15837069124661668,0.2822504745509612,-1.2151325328292655,1.6770945520679266,1.2864507404839864,-0.07665054069449836,-0.36069675760305386,0,0.055029824862596326
0.015812110873613165,0.5982225089359045,0.10666169421802393,0.19678131405235352,0.5578177052291537,-1.9108186711530146,0.47759654179543015,-0.9981664852482339,-2.572131092861527,-0.0964207500103234,1.817768285863153,0.9616254030691928,-0.6584298456093178,0.7193282970242402,0.8241177771775854,-2.0188757881876915,-1.6041491513976935,-0.7511172271823059,1.8264534995116606,-1.0931870443687992,0,0.20028110700984533
1.0699123454365724,-0.5855166013619845,0.13276411066873342,0.606471718128713,-0.03084291174483187,-1.610597694828167,0.4318846080032603,0.1684024425264288,-0.4094793154507923,-0.5702340045906517,-0.9917920559904826,0.5584000014754232,-0.19937634590755826,0.9137429496208321,-0.5564247101918847,0.6671094163332131,0.4430633831586779,-0.354033047582921,-0.509933943547256,-0.07573580244927927,0,0.018085821286443673
-0.31710828788327317,-2.803439059851203,0.09891881369784597,1.5698117046715339,-0.7382964714222492,-0.2147798444212913,0.3418904940058728,-1.847860503191672,-0.35400320473869307,0.19025550710832295,0.23769469686134623,0.653185728485104,-0.5114613293451242,0.3290036567057357,0.9445745926422388,1.0258205694606886,0.3250475498946256,0.19920452487859586,1.4696839099375165,-0.6123174247150273,0,0.006548842941525046
-1.0589703608154148,1.1099725125508617,-0.8291887089231449,-2.266779284061943,-0.2888965299455717,0.3485410235939941,-0.3123038447938981,0.761572820035023,-0.9597597714539003,0.5817345288850899,-1.3993810232927908,-1.4108729659385917,-0.5055683683026219,-0.25673482378285145,-0.35175636406635175,-0.6875196064412585,-0.8339301364329299,0.36022670410997193,1.280480520350984,-0.18482111038941895,0,0.0019782831110799247
-0.3687604319266661,-0.6552144160140521,-1.7340193653648874,0.36316993958865107,-1.344319506318562,-0.6864377297412335,1.2703077355385455,0.8222480280172896,-0.08194740453660408,-1.5592700233990053,0.33159228464588136,-0.22145751252679488,0.6898244734419813,-0.5114094108197182,0.6867305101713828,2.002976164703007,-0.6430484636241286,0.48030178173346727,-0.9394955457830019,-2.1126740985847845,0,0.04681419263032687
-0.6466386152070442,-0.09015409309044599,-1.1973616043478774,-1.647657841026567,0.28039580142076076,0.26063412712003803,2.1186608637096653,1.7485182184213253,0.09995475668273673,0.7449141015773156,-0.23965592356834511,0.6953217820809248,-0.9635448271873586,0.47988267082623015,-0.7274827283811894,0.8579076484087932,-1.3061271083643196,-0.9572233515372304,0.6798441287308671,0.4864247785743996,0,0.0002472984624597653
2.7582282530820774,-1.697411784519777,0.8202620502723829,-0.7089224283041815,-0.6002241185745646,-0.05526051555616712,0.09752501710166789,-1.0842694638126695,0.16573775680918476,1.0994564354383791,1.0299887489163797,-0.2834326617697682,0.4882205239251058,0.5842230024844468,3.199405620678192,-0.34416504920244967,0.313610070835226,0.37472012054606607,-0.2367245011871404,0.30848083446258084,0,0.1399847449953947
-1.0222452820960173,0.14082527310253637,-1.2415592874076042,0.44778952314716935,0.3809156714159686,-0.22272283523818748,0.7251867889953483,-1.967578701944161,0.8492400550965841,-0.8609622166634742,-2.338979190003654,0.620466608610991,1.096954568287929,-0.8727715911248002,0.9330029785213955,0.6131571015664662,-1.5034486349096752,0.2607723305405437,-1.0636520897209265,-0.5753787918950183,0,0.05870653763075437
-0.027881324869744598,-0.45184818643968383,-1.8018239003537644,0.27355076190229616,-1.2692711023093697,0.9153347063591325,-0.2699426525581141,0.25336964478877916,-1.066125138942171,0.598193097210785,0.2955100573584408,1.6066813702322227,-0.300992636536133,0.07818847750041691,0.6283957660437616,-0.43443438333124695,-1.25985010449002,-0.43279631193274537,-0.9101082364807082,0.5623206596449848,0,0.006536837789398508
0.7979164047331073,-1.6555282840072947,-1.2988120142254702,-0.3803089823616087,-1.5832670538031075,-0.3234952540386026,1.1418139180010647,1.3842047386482128,0.7636646512584948,-0.8260354868090557,-0.19368840415973979,-0.283209345700503,0.39488922648261987,0.614905530171875,1.3189723369155957,0.1783128051780598,1.5736825372188687,-0.06319933948795994,0.6344633173816188,0.5544150088677063,0,0.007247501658138561
-8.09106345464378e-05,-1.1663469310094026,-1.195678057042999,0.14829117482737178,-1.4809930159943165,-0.4406819034925824,1.080379544710311,0.6491465616498832,1.3622326228066985,0.21283176389353833,-0.17424745500598648,-0.05086230452096362,-0.5545558781226053,1.0634557252965438,-0.09051005390649643,-0.10088129036388734,-0.23915875547224472,-0.2914126917864361,-1.1814095428911877,1.2489405704683139,0,0.005298177583702339
2.387255648122993,0.676260808678822,-0.06506037995695334,-0.18986341215416047,0.7948874062081778,-2.642299656994376,0.17299001050632912,-0.3123385569433057,-0.17633110454047013,0.1834670247850713,-1.1686673590452594,-1.6245579880246062,-2.0284065809602345,1.7388449210272645,-0.4998829109721022,0.9050233098698879,0.6782733786472787,0.06789997834754258,-1.4943889093485019,-0.7872815656212352,0,0.0034449528142462956
-0.08984345431507516,0.15452451622801722,-0.1688626602961932,1.6283064929840119,-0.056804354818015323,1.0365978900296757,1.367272617748414,3.3857159214980364,-1.2310678238085344,0.6210380902501006,2.0589878723902375,-0.07042158833399573,-2.567096959683203,1.1172291780815005,0.10263634312679938,-0.9168472478563704,1.0458861369341645,-0.7853588273512705,1.3982280691010514,1.0615562469152087,1,0.08415093894495851
0.5979706447296664,-0.3181122565462863,1.2447102489043318,1.0801635337731177,-1.8454327735918188,-1.2103231139738704,0.0642696532412682,-0.5538730238289883,0.3974214816855166,-1.2902535992008688,0.054644889224788475,-0.918713651684077,-0.22766708457253143,-0.7024901363219784,-0.4562876573357236,-0.8820875544864664,-0.2847310062124334,-0.2448357618309471,0.7542353092637789,0.10334069594890223,0,0.030822391285264285
-0.4183503841320283,0.09171585805560246,0.24603442218868715,0.05979825411287876,-0.6688856092466137,-0.4763311059929949,0.20665420553585628,-0.6980039197775113,0.9863247405049583,0.35537399839283573,-0.702483237635547,-1.8557775106120533,0.492290572156911,-0.682129330609378,0.42726251515539176,-0.38798250102823706,-1.585457831449851,0.008428136142359793,1.0098008542528212,-0.7513487325083422,0,0.013693546753602936
0.14638023763335514,-1.4914171375140652,2.0328767635490173,-0.12417320551952706,-0.608406771981796,1.682479053190805,1.6231991125342058,0.08040758859239806,-0.7279499157633736,-1.3147137376448634,0.013987972444303711,0.35067648274079616,1.0270894392073853,-1.2562570668320128,-0.5376801274465576,-1.5370763545825246,0.18673928302762405,0.5189818900831457,0.2681824912192579,-0.21588664362708881,0,0.02363647443874198
0.04367221029290412,-1.22941700055266,-1.2921114496020765,0.7183581289967323,-0.030121590447695593,1.7223853091217285,-0.11893284786863323,1.108563170857425,0.24160561216952195,1.5432030265604229,-0.7767593696691336,-1.7203959219683551,0.7709724859857165,-0.673838791829126,0.9551459037512253,-0.12053006024431527,-1.163000202802357,2.1250177342904837,0.05143053721124166,1.8133210516093339,0,0.05025035185524163
-0.18116444913092924,0.40830379411679635,2.026502540641409,0.08319716386767916,-0.17236846992297644,1.0019544075334121,0.20918798433915828,0.038176429491300505,-0.07177751637981424,0.20876314651460193,-1.329686356863556,1.4799236675644762,-1.7986009537769336,-0.1852316100027502,1.2564391349350046,0.11963633848114914,-0.9519684602829139,0.2714375176960263,1.0778013750514566,1.0635824841579427,0,0.0021740655022513323
-0.026343709182325734,1.0149328928299155,-0.00992502197742148,-1.0016701944053212,0.32488120385011937,1.1441844955871951,-1.876808520924055,-0.6381904108442747,1.3964322724650398,-0.214951596374328,-0.1438881486104407,-0.3718979971662649,-0.6218489324216513,-1.3382007902347535,-0.7851548205710953,-0.4359175904491143,0.7092939672945019,0.3288373299440694,-0.9248030604274274,-2.205092268997031,0,0.0010538141423491682
0.5354300960709995,-1.330628907241501,0.34006620552805794,1.825492647360177,0.158706625281037,-0.3614037380700029,-0.33370969616890783,0.6196014416769868,0.3778299502899975,-0.4602984753451724,-0.49048933084618834,-0.546065648752936,-0.06707466957553522,-0.4253308413473904,0.83018072312252,0.4849396020106364,-0.153920300037574,1.134450531218907,1.266744913097634,-0.9199012312380822,0,0.022079358528482265
-0.993848772474119,-0.614463492396627,-1.510096749616492,-0.5798407841629979,0.23130522279850213,-1.3692087630575185,-2.2965626693850894,-0.7502627584956987,1.5593850844635737,-0.4309065368386555,0.21616438805236493,-1.317291399413429,-1.021871922926842,-0.17899699706815617,0.5157031495608304,-0.20098261113067675,-1.273625140915816,-1.3293811719347828,-1.3716195262757656,-0.15943572612494117,0,0.0045239599801860046
-1.3001900000729374,-0.740695551687755,1.1866798489884187,1.1790155217864977,0.9722111522045881,-0.8115454650389214,-0.6768232346915726,1.2113878110632066,-1.958835983736767,-2.0529454555805864,0.15338021519489245,-0.7380323501257892,-0.6204852307542621,1.957880494498765,1.7844003426777797,0.43811368926541755,-1.2887394385701199,1.3780088899036624,-1.1295303105026946,-0.7319840283139532,0,0.12509105867238357
0.008424553220358127,-0.5943314258841265,1.6224302752684832,1.1802217463916784,-1.1904867026118333,0.2111081081987649,2.9945538886277894,0.655067195166494,-2.9145767159064215,0.6901697940070465,0.5552070866024743,0.22422289178539095,-0.08625779702534372,0.4194543480760676,-0.7529544524132906,0.3542168271593665,-1.1363844262266707,-0.09809815898748576,1.0757711142054365,-0.1012569126881448,0,0.018695239465736133
-0.13394999073041425,1.3183747360316185,-0.24448491165308395,0.581542076566082,-0.28100978672350746,1.846505582642144,-0.9573375341031656,0.13436035010012867,-0.1480132969652486,0.014603570142543584,-1.1774600744279562,0.16205350616295894,-1.3945217095640223,-1.7434439294558577,1.416468783065774,2.3765884495697165,-0.8045165216190702,0.9829694946241504,0.9626786560832233,-2.22505720410189,0,5.76296710041975e-05
-0.6382094066911526,-0.5809043557753922,0.09711309459989523,-0.2723078633070959,2.094777208866532,-1.35210776194809,-0.7894762861123151,0.3467716897407897,0.48856369802919974,0.7654419180226133,0.5497336110974288,0.057693645861402715,0.9063308445814336,-0.3823826165810528,1.5769660988872372,-1.0455988388179867,-0.6538789410245454,-0.9282219821121648,0.4854443232937602,1.3031259746209067,0,0.021330051347601197
0.2037830732355781,0.6699243010108716,0.8643435967715054,-0.6804219963881923,0.8509343497616356,0.2159967008874206,0.4446230544311475,-0.6735590920919603,0.375315241277304,-0.781098844669649,0.7444380461055635,-0.8508100302987631,-0.9302364861700257,-0.4889993189612325,-1.2925520276209623,-1.1129054083077607,0.8780640441308402,-0.4378840087664256,-0.3268787669526541,1.5837316959816312,0,0.0018980358217678042
0.3303886408380831,1.5677494437123158,0.16653996517005917,-0.5099384126848112,0.01593446612212096,0.15562211911047352,0.3311095990973993,0.9977903797722905,-0.10710415094991482,-0.8227503570768314,-0.32803661918381644,0.13476776404289537,-1.2592884859941567,-0.8816071359866805,-0.472105026642506,-0.9823131069107455,0.021466624544336208,-0.23890181009411993,-1.54015412900876,-0.38536403232955985,0,0.0004576483540674384
0.2879370434501181,-0.9281841385736596,-0.1042698411490293,-0.46846065161679534,0.2463941953081594,-0.31497895951514165,-0.28474204741922454,2.127392544399753,-0.6642893497066146,-1.4923895937710536,-0.1824460630213617,1.4200819728306084,-1.7561379430632007,-0.6350009989887611,0.6116202992801233,-0.19861364228460737,1.5870553703492605,0.7450559566079407,0.01701752597215856,2.218623356422682,0,0.005700282084457427
0.08162067444978596,-1.9596489031955078,0.11661898123491991,-0.33601675848138535,0.09942477570531291,1.091290555973889,-1.0654609355680427,-1.1107726034695453,0.8893766547289523,-1.6477720529131719,-1.6935786808589288,1.5348022825394647,-1.1498473601411259,-2.0164441312818173,-0.017838588158758495,-0.8077057168763068,-0.7983163405933021,0.8270953912541275,-0.3352136673591803,-0.5364445896590796,0,0.0023713612727797547
0.2794994899650429,0.23251934182159595,-1.0889624275717809,-0.5999326141702205,0.7450042369098427,0.11126167318181307,0.4789600677301329,-1.6842540771527266,1.3214223228733504,1.9498361420379555,-1.3558629802001865,-0.09013537762425809,-1.2860790647816847,0.08576891074720525,-0.45122262340485686,-1.864273106483151,1.3783955162049866,-0.530554774435772,-0.12658829340717206,-0.5638920682678505,0,0.005377669413264949
0.6333244348417788,0.9752961593843292,1.194419369364304,0.757018947126449,0.45908174306167143,-1.458648813623746,0.8755264593829364,0.12137078001902199,0.8804889517344725,0.6847517541506716,0.19912960617438943,0.9280786243891197,0.6314615479746486,0.39693711427846406,0.5889872552423115,-0.47690136257677,2.0346658205250896,0.9669323363670206,-2.021605206210629,0.7008764667606884,0,0.018288082395702836
0.37963903461040466,-0.2856393565475766,1.5586052824881267,-0.595742802754524,1.6353721694209533,-1.0285223345782892,0.520156608008056,-1.1668094877639763,0.8412574090661511,-0.31462555226631,0.6287673412530133,0.5474643621688863,-0.337719097868076,-0.16570610312703293,-0.093273773252789,-0.5479661721985033,0.05584063584391581,0.8765236507241216,1.085777790820045,-1.0162143108489219,0,0.009820204481018814
0.29495002274002985,0.2726506015774044,-0.05497601643673405,0.7487594911652866,-0.19919631960172784,1.6179524890266261,-0.006714258335957161,-0.6656453359264117,-0.3359463221550032,-0.872462549059795,-2.8067655654113475,-2.1093762129138214,1.1015548109735953,0.7446850111075454,-0.4405458985059208,0.47357178397202754,0.46130588060659566,0.31727509454555375,0.7724214769522529,-1.125065942845442,0,0.015719299394001875
-0.3942961770898835,1.113616164684465,1.0790969573439717,-2.057866949488045,-1.2624440850885155,0.3625647831292336,-0.023714512644581215,-2.6546402076680855,-0.3318208390575738,-0.0327250672900307,-0.7496041427913045,1.3878866963100378,-0.20203409424448923,0.39957232593276526,0.5783991905159189,-0.17705813681360222,1.1020233343745545,-0.3929029257928903,0.391733932551724,1.1978580854560996,0,0.0015917062265148952
-0.2004454616756976,-0.7149459900530242,-0.7409690024420863,1.2324106044457506,-0.2898128985237639,0.1516662759610401,1.616659795352631,-0.2991391383171142,0.7962750527379278,-0.7893072753790107,-0.016149919598739716,0.1985787630264551,-0.2463175804133614,-1.0647283361593287,0.32210336084298263,-1.1037634951731394,0.4941057880134132,-0.3743103112020951,0.05726510708267033,0.3406637215766744,0,0.027361925442812005
0.894617330817121,0.06316500907862836,0.5989719116483985,1.1830159687964865,0.08451212614497576,-1.197273912315103,-2.0588340824101246,-0.05636302840506964,0.1358800890030064,1.5225665471599505,-1.2124321115335457,-0.6435140297379298,1.5443418299045866,-0.0041731844519493164,-0.48280666980626713,0.6250894310276266,-1.6744489747427536,-0.06213037723567997,-0.8486562855212015,-1.1937215216181936,0,0.03758454863137839
0.2945409977685404,-0.9390113897702173,-0.3719430671896913,0.3201480735109745,0.8975449788224382,0.6507092452843043,0.5162089325937823,0.5397242577227164,-1.1894373259317528,-0.9612974744714853,-1.3512302629030404,-0.03449735713224821,1.8054154317574638,0.42520025672840167,-1.390575184245484,-1.2043693233265829,0.6438135481062517,-0.7265217238748354,0.8405306112029005,0.20307349648018685,0,0.18059279178789012
-0.8001864031976847,-1.9913625824762369,-1.0138226827723529,1.4633189400342226,0.1752720289339783,1.0235642176191808,-0.918170876801556,-0.23387225104824313,-0.2707436508867289,-3.340420602501104,0.2387849993005891,0.8679512532374699,0.928271776183781,-0.5466962198948242,-0.727437006644077,-1.29775087873665,0.5974867694697631,0.5622511318167438,-1.1351769835708696,0.9796854406275128,0,0.0010515920844293835
0.7818281987629794,0.4172862607309919,-0.012498256644962406,0.8229632787250769,-0.28464471629906596,-0.7359597927289875,-0.6097880922528062,1.257013533797603,0.7527566608685906,-0.34595391218692756,-0.5112355747620909,0.6526106943718226,0.3046697663436065,-0.36020566366140205,0.9388561497919558,-1.4261727797571755,-0.4079841128476997,-0.5410438385619852,0.09477113204571616,0.4869009448913529,0,0.02283727450940887
0.39723249134530164,-0.47153364360648586,-2.089990460023658,-0.9442645196113973,-1.7786809445724747,-0.4361412665001022,-2.1131214930518136,0.04356297177955262,-0.3269226658717203,0.6524556510476726,0.019351536625352266,-0.2546540044305586,-1.8023338119524743,-0.7807563979547096,0.16031847122649212,0.2760575403474882,2.471462171866409,0.8465172347769732,-0.9963647071029144,0.8526623670989975,0,0.002755628983220973
1.8077391177195388,0.21401119573048907,-1.7674693521930653,0.43896485791559514,-1.9926169492675647,0.232682588796038,1.3057851781797758,0.2638752936557387,-0.31065865311206625,2.2216302960560244,-0.188168595047962,-0.5951815968222718,-0.17540363704859074,0.8566929486747544,-0.035714506433442976,2.1132058616923017,-1.3562044009378842,-0.7637876460737397,-0.13171567155410235,-0.4735702823450216,0,0.015472010481980231
-0.7988778576411214,0.5773895018424648,1.6821889299537995,-1.6241268090268406,0.24505898947003837,0.48110079140945794,0.6138296680602344,-0.07733888944105397,0.2977581988222235,-1.0926894705648484,0.2241656997294961,1.113957100451325,-0.17974088298981816,-0.011156321752582698,0.3968206465328733,0.322142732256912,0.010677589887014251,0.17948257379018148,-1.690784472280225,0.09401071172799168,0,0.01141236813640932
1.2775184009368312,-0.7234210585122124,-1.7441127703767871,-0.8498074118018335,0.9025350773553271,1.0561463973339835,0.9214793468826463,0.2942979274778183,-1.8692604995579185,-1.4140150712692534,-1.8294266808409214,-0.1648672675746642,-0.5642494709149469,-0.47665997896517187,-0.7342863928728257,0.3092312363788468,0.049004044824903024,-0.8878835914170581,-1.367963285410494,-0.5307739807944543,0,0.005529686386735241
-0.36344669656721257,0.6106138552209402,0.3793568968561985,-1.3407358445732627,0.9757854504457055,1.1419643217204136,-0.42833331260556184,0.07924460332230071,-0.6169942130176631,0.21678225872053916,0.48530513445948137,-1.4146700064424242,-0.2511665844365183,-2.407571688701875,1.005891273092269,1.2655625675811468,-0.9157350198271306,-0.5883173337501598,0.37941925244368424,-0.055499107317740506,0,0.00024719841937376105
1.1136538609498339,-0.26260059602910113,1.4493791788266912,-0.21688616218606577,-0.5626088863214881,0.36029004732564457,0.16442644371211848,-0.9012337071856412,-0.29926092141233523,2.3364995550684298,-0.9249104281614239,0.44619072686810296,-0.7689323358467244,0.8347077879212224,0.6547544882267513,0.584211004701584,0.669222287158775,0.8077628617200205,-0.629574554078012,-0.15326987114365093,0,0.007150489902414805
1.9998666504648575,-1.4370645471612367,-1.3431845141342678,0.9112053479333913,2.035128117443393,-0.3132690564873554,-0.7360005198017163,0.18649382415219462,-0.21644483167920545,-0.40617021617292265,-0.05236660239690571,-0.011714139211620457,0.258318327384661,-1.8126647904075643,-0.5932287099299705,0.5424559269567614,0.34062196675172823,-1.8919325792416828,0.3860822701495102,0.4711472834231213,0,0.20523145716838107
-0.8140117974124571,1.4430473823122756,0.9144040242609539,0.8315132276178846,1.7978277046434294,-1.0626612948020895,-2.1658979520011075,-0.6806984351450212,0.4703207363784911,-0.26828231431572125,0.40274422975070623,1.0374679205002484,1.519138001056997,-1.0776491533638761,-1.240457338276107,0.4652226899176431,-1.3461886964630845,0.498440661319584,0.6354406459118229,-0.15307991897376896,0,0.011329070216242314
0.12576232725080938,1.3543262316674998,-1.8819912102656207,1.8130606737081616,1.8353691469905349,-1.700845981042949,-0.10204384127530974,-0.46815209655497503,0.15803280504817943,-0.8201954587307324,-0.7280181984018528,-0.7323026765518779,-0.07212947446826236,0.6022415189787684,0.8705444797053502,-0.49736418790345827,-0.9485834698191216,0.42361318528109976,-0.4313378910724759,-0.3463839371210512,0,0.030365417943989132
2.234084868771843,1.3047257834612573,-1.6596906146211348,-0.6360455863711987,0.06352517252765744,-0.5457240049938059,0.37496923564876106,0.08782734144105621,0.04855064456249712,0.05956156704526012,0.3741452013127783,-1.738760259107617,-0.7931935532924155,1.1251094293147852,0.33777703950410015,-0.42757527223748476,0.4114300494495838,-1.8147145558866131,0.5600671437004477,1.7871129800678212,0,0.002025021361114672
1.4048926476829664,-1.0145481823971765,-0.17731573838360282,-1.177883998578138,0.3882645465481752,-0.6270058869073697,0.922545698946337,-0.9885250372072645,0.7723578880069376,-0.5980730820056255,0.4302070465580388,0.7114475652524435,0.15129563002041557,-0.09716296925109863,-0.08715601676712618,-0.9692824182793229,2.1436399993041415,-1.854142566239771,-0.48016069236535946,-1.334023016978489,0,0.00471369463179729
-0.2667280238263057,-0.1534960242902299,0.07944482219942149,0.7320725114687163,0.09345148841548497,0.8827663485596694,-0.20576691051862475,-0.14893010304129797,-0.2641398831450803,-0.2585714827724067,0.10217809824432833,0.712484384958706,-1.0787108495885123,0.755103176802862,-0.010446181229571872,-1.665055182321883,-0.5505060489398372,1.0013375342997952,-0.4257541423975255,0.1562509651772395,0,0.0038155047041162887
0.8233425360332977,-1.4531544103456964,0.25086138271864056,-0.7707381347863167,2.1569787786967525,-1.1324772810972041,0.9343091322031803,0.7383127748073172,-0.808183543348883,-0.34946508021425554,0.1189178170487117,0.07942209073408436,-0.8714854201715831,0.8086840657267872,0.18159874529805747,-0.16204976263394638,0.6560647776912373,-0.5575636145436539,-0.34581601903837084,1.7128609477383165,0,0.004236262265412239
0.9470916490428813,0.951550605600891,0.4932693502115825,-0.4936747985710123,0.014716438080457367,-0.73093660018748,-0.13338885616491683,-0.7324603569042479,-0.28558449460498514,-0.1573902948973187,-1.1042877937193678,0.26520283123372135,-0.2825142860007403,0.9515440268126966,1.6638660276059765,1.063611154061218,-0.6016405616785074,0.17443653498680298,-1.7695413002272244,-0.36919646550860236,0,0.13132777931223308
0.1876561510172395,1.5019629439117825,-1.0472415458032396,-0.9721822117926799,-0.2600590693116836,0.580377641052941,2.43135195138405,-0.48479031215881146,1.919753366096976,-0.4432854228322979,0.7263781690255782,0.12934160640372316,-0.27440167625625705,-1.7097910511151726,1.3048218144427157,0.7445686880391393,1.435021882550582,0.00432950820133889,-1.32316658101011,1.0572027187462267,1,0.04570121763005587
-0.5900153248653767,2.048857229267737,-0.7494171304849827,0.5385531436848539,2.094421760201931,-0.0037903867402743316,-0.47823224847380785,0.43498110493604975,1.3749421831017758,-1.0903278303614024,-0.8247549594171505,0.8388730232176262,1.6768593957760416,1.0076163222682795,-2.430237878036191,-1.0042294812154233,0.2743172694379823,-0.35433640933794786,-0.41114751943397915,-0.7559995052899824,0,0.00774740076422214
0.6842460272654579,0.767741561338871,1.1475361464151272,-1.6644193273045584,0.31067529030040075,0.09058317183352076,-2.69532167888362,0.2682211099231467,1.3417940548992702,1.2559908126581656,-0.013660510353910821,-0.50791107822337,0.12357798461829063,1.7716514445923877,-1.2982530564504873,-0.4146517920777986,1.2738431728608477,1.0160188657464366,0.15254521710781085,0.47987337787069584,0,0.0006056940457563376
0.22928543105469693,0.4033834097116718,1.601297773955893,0.043789950985535564,0.39062441697637124,-0.575239266577257,0.8920746845618548,0.8905145123601628,0.4790491814120068,2.175015106523982,0.033462345636709044,-0.1673885142788261,-0.3947882040139725,0.8033038607601355,0.4273856268862526,-0.46336153751057196,0.08505955384962946,-0.6901872373049438,-0.7735942063407002,-1.8979232528580623,0,0.009268418151633914
0.6005201007815243,0.21992555175287287,0.49122437081546383,-2.078064577020682,0.5992191911327427,-0.2697084952550208,-1.7397289457470138,-1.3171473343689113,1.1703277928895561,-0.9088775414041412,0.6698507509982232,0.9382762422232005,0.15753869878142107,0.6648699213720989,-0.6650075843193186,1.2045362372156192,1.931106498157412,-0.22464725911059508,0.7095170681017531,0.5466307025952996,0,0.00010804020482338121
0.49969810907362994,0.5590562085971159,0.13098683294784094,-0.5497964436643461,0.40654980536796037,-0.9527039842515416,-0.38343081499579285,-0.44554915254335675,1.6508319362530752,-1.36338319776788,-0.3335169079005737,0.5753003753286805,2.0440051358247437,1.0034939603653141,0.6273301305184181,0.2921669738279295,-1.5247029536651289,0.609738585201058,0.23679191775433875,-0.1872391163438925,0,0.0082573666480407
-1.4002354821473744,0.9089468071049966,1.2389629371801878,0.8034845275132722,-0.9961820236966956,1.3455142668836206,0.5837954819576624,0.3835145091828743,-1.0090293973408548,0.22965335174012172,0.5801885587810542,0.7902709128992075,0.11588194561318577,0.45114581141953564,1.4861346404769071,-0.9322572328388852,-0.849329662623487,1.0309569785418682,-0.3448696426969775,0.04062708899259327,0,0.11504154608128969
0.048172332063620926,-0.7584519425026828,0.4957549526895034,-1.2823190732091694,0.12383170090452003,1.1206032234893002,1.5203643313222204,0.0739028456705193,0.23133728373384965,-0.7337123986088375,0.9847608875363731,-1.0604509756888083,-0.5814178983301658,-0.6131390112117403,-0.8556922687427915,0.5445614810703192,-2.3139686693973407,-0.8745392874383218,-0.31018055453471743,1.3824365451399983,0,0.0011156479857705166
0.9914426604371495,0.295022128922311,-0.9112945565109096,1.6649153549477362,0.5551814044652368,0.43952462699046047,0.832496616916999,0.9812057473115722,-1.134838658788974,-0.9370879200889488,-0.8053802118142339,-0.6270400795926927,0.8872143212906867,-1.4168531305343037,-0.4111043233063934,0.5981139889175404,0.035807059473863,-1.2040818728234166,0.3779883517581139,0.16138075650436914,0,0.27600306458663204
0.4490171484542688,1.3162214066122568,-0.24791662074725088,0.3205185615826292,0.008572008438768744,-1.1034940573271774,1.390229132677935,0.42552410781578714,-2.0021817389330727,-0.1403373866806484,-0.48132218796660325,0.8602207557589381,1.104809479436139,0.6880925439452124,-0.09173526930304195,-2.092845700529107,0.557351969769743,-0.9766654296843603,0.8498489017874715,-0.5979521827685871,1,0.1539969319560347
0.06312865470263103,-0.2034458497023689,1.739787920223758,-1.065348220617119,-2.1033401753592815,-0.2368671337301576,-0.06950692406091584,-1.1346732900083996,-1.1995795085113174,0.5903228811154233,-0.9303263749525348,-0.522434330553563,-0.7973362297352754,0.6176627550175795,-0.592465331377954,1.1734705018562814,1.8567798211869562,0.3482597596015057,-0.5120975141775617,0.21090630808722616,0,0.001095207024212329
1.0617038542918777,-2.928433613779137,-0.5510141255811593,-1.8629047351482177,0.6438320363621994,0.9086944111951478,0.25219416703356584,0.4838411261370802,0.767282053819216,-1.011891005484914,-1.2105491237430213,-1.9100652511904581,-1.4191519762659164,-0.21357655361664782,-1.3284633113738962,0.9702587014514584,-1.1688851228792825,1.4185144203604088,-0.9148445855134733,0.06741585917634005,0,1.1282658853423082e-05
-0.41926315722300816,2.4179362101566886,-1.8740573752195064,-0.04994568281645338,-0.5759566004324709,-2.1279040352774716,-0.3169227750067566,-0.5096739408616643,0.3705476989757822,-1.7450663250716012,1.4843953950125162,0.4870741750957517,0.0687468150177241,-0.10644429166125106,-0.3751019106033244,1.5881776020871574,-0.7713434625571405,0.017126580050006463,-0.7692019643573678,-0.046591598034388754,0,0.010853997950236598
0.14033839503944964,0.46973663657998166,-0.07013869128184268,0.6156665837049802,1.2758671596708817,0.9859297297514419,0.6226757373233714,0.014112171299314592,-1.804339967054675,0.8780782095587204,-1.0505747771451475,1.002669716491394,0.6563580775933217,-0.8100027424545342,-0.6239700294313861,1.5238520600825767,-0.3505492077760032,-0.010254054322388677,0.6348162497679214,1.1143483251738688,0,0.007274392387559104
-1.003382538566463,1.4131751722783095,0.8112792139482298,1.6967574452883676,-0.601849014706097,0.0013149806981409796,-0.5457400659243264,-1.6770573791252168,0.1658799427893963,-1.9632648962874064,0.7914063254745014,-0.21479449351703364,-0.4328019589844976,-0.260502528827258,-0.015403785017876719,0.6428893884887192,0.7603736681599307,2.1010923520004434,0.5511288069139167,-0.5932416561794346,0,0.003535299588279052
2.2107793889478518,-0.5752289215828177,-1.344227793755072,0.9298774834492508,0.20124737346450391,-2.426266621968955,-0.5378466082793432,0.346456456943449,0.26960207488847565,0.2807485386361116,-0.5697907299033246,0.7898677317572038,1.3877114960406112,1.8285476707249932,-0.360427397243009,0.770415118439085,-0.6427518173276828,-0.3427338989436762,-0.5580901439335735,-0.5690166599224705,0,0.04494006884932211
-1.147108250633222,1.473659575773139,1.7894880112664262,-0.7024059021519228,0.3496863164447979,0.6173937092771861,-0.1267258502349379,-1.7642609078854994,0.35364530383194426,-1.9143641428529132,-1.080447132917264,1.218287119336729,-0.34267523634889707,0.16665839306991392,0.2417675240092055,-1.5775497126415987,1.19194053229916,0.6618685027026061,-0.04799261663811253,-0.5127590278379043,0,0.036315275177887144
2.8469174208772254,-0.10006839353256727,0.40030871380804806,0.815967025756272,-0.19655841768847337,-0.626559609218405,-0.32176327336155647,-0.6232735234220962,1.7926137631372692,0.12595036684047528,-1.2294379406296414,-0.07989019770449035,1.3065479926211563,-0.030648944745252146,-0.0850987679735398,-1.0797972810241703,-0.07008167816919517,1.7669368548852598,2.75249136603968,-1.5246398145813789,0,0.7154442013624058
-0.6597150746515903,1.2662063832468617,0.5529401740163159,0.6663868372541727,0.5992384725855812,-0.14094068412138167,-2.596518002582047,-1.9251481013281562,1.5178049042481507,0.32476415790753976,-0.03783001880992868,0.3874588731834632,-0.09462997775242084,-0.8484512156788875,-1.6661394161435188,0.970490868416193,0.026561234847801457,1.3699288515532617,0.7498110259564911,0.17643185637772804,0,0.000293930681153601
1.7605630605907316,-2.021730700827556,-0.5504437833735185,-0.18679153884279137,0.6810521530374322,-0.4037248443059817,1.0619195089475004,-0.4088799102586635,0.2582684222845687,-1.9648219260931719,-1.71299367088202,-1.2549567172995746,-0.43438468279431075,0.7677571688217351,-0.350242696040868,-0.5271008574847809,0.10750150167901357,0.8465316177845871,-0.47219869955192084,-0.6898980700567924,0,0.0016193477620250493
-0.3874149654505848,0.6158898186046036,-0.4492015033180668,-1.1283701429412174,-0.833894715343012,-1.839608142415945,-0.05423040615569333,0.13586144656371116,1.4604377162912936,0.9910913940751249,0.9230228910543757,0.5070686073395799,0.10637003063802096,-1.6724130468173735,-1.0662865501230565,2.285627770425628,-2.2175424778794532,-1.8655789801905882,-0.1547660570768743,0.7276741334223343,0,0.02625494008348129
0.402273877406496,1.1285395634915638,0.7844676974576719,1.731070161142329,0.8939588075892615,0.013034523693938017,-0.8257788560167495,-0.4514025696695044,-1.2662675003609913,-1.0416254827205702,0.04705682626460898,-1.651192877160895,0.43630187762010514,1.7747255974103324,0.9105134467969512,-0.7373116850922814,0.17174543137621903,0.939009651226366,-1.0875931758100845,-0.7045986603002369,0,0.024356075216138452
0.6952232489636055,-0.8063240533696502,-1.3933655753113094,-1.4766894310237408,0.14004052376401405,-1.4357288312811256,0.3476891818568676,0.8263617682109496,-1.1563274168763786,1.917800907578737,0.2700409270285869,-0.8914752874533097,-0.33534787562801066,-0.7348827189165644,-0.7234350153228414,-0.38180473977350643,-0.44743942432076506,-0.13699035702242654,-0.2995424375208079,-0.15792176373368627,0,0.0011989167861382458
-1.2191883765124685,0.5434911186953654,-0.36026211279640247,0.9005081162330649,1.3768070738219003,-0.024819655767774274,-1.0310089677648235,-0.9016929404499707,-0.9647077039420506,0.7152533393986068,0.5593010797748685,2.1177684006855184,-1.0864748174925392,-0.7889031685053643,0.19889443129864623,-0.9812448730062205,-0.4129724101077821,0.5411578257803348,0.6434417851515201,-0.3817770549042602,0,0.038398797956807514
-2.2848369446907606,1.9269520855655553,1.8022855924565206,0.3166175190732189,-0.10577448455035256,-0.3589261395118993,-0.8202840377564369,1.5960908074541518,0.06590888388413728,-1.0559092392392613,0.4324054545925425,2.8788270029577308,-0.04519285159890302,-0.2828267980142445,-1.3907675931430326,0.2905228038356453,-1.2680078082980384,0.39552368579809905,-1.0900150951971213,0.28316657124055344,0,0.0015142557746409538
-0.001067047229204013,-1.5972844843676586,1.1925938956741513,-0.4845465305627592,1.1630772914267067,-0.9158046506988414,0.843627623244694,0.89150685452827,-0.9006090627956409,-1.216579947320877,-1.2386806643206687,1.7387038005165392,-0.8286058993844881,0.5406208177605678,0.598917197835222,-0.46652582615629323,0.5369342787467184,-0.5612352567428928,-1.192629976261524,-0.3203318413121662,0,0.0063867535049795775
0.35492251176168305,-0.8043543832219613,1.0743866145611674,0.6465446742492621,0.982754653633276,-0.9281884999827824,1.1969389475517855,0.9533510774663132,-1.7514075564268587,0.08968443717100028,-0.20149302280998307,0.36542246498130904,0.803240549876701,-0.6506010690451012,-0.8691905160484268,-0.6306668121889472,-0.53456248638006,-0.37400722696971056,0.5851351529086746,-0.9653393008823112,0,0.03916361447807393
-0.06474561687954127,0.2651819878201517,0.3535650422893232,-1.8345198096329352,0.25809736418379703,2.0205282998119247,-0.3955785969079769,1.2087588193669387,-1.076766813200003,-0.16116548390480442,-0.6875402516633421,1.2043837678173903,-1.118418382745321,-0.7208772811768975,-1.6144434662948541,-0.5157096380718997,1.1713906053872085,1.0885737274391758,0.03513870671164125,-0.7670795591263652,0,0.00015235943873584753
0.6025146904377798,0.09831749433914255,1.5047346575207734,1.2923147840243097,0.3773612152963598,0.06369969658578424,1.098999859478187,1.0340466646038682,-0.8058656714487749,0.3647804756105152,1.2314415749927976,0.6965895529404631,1.9470638787098102,0.14877422311563387,0.835008376669373,-0.18106694312840763,1.661228999135908,1.3899701209677764,1.531148302989784,0.98969821759845,1,0.2858869536256342
0.14375113629154918,0.9648941769501632,-0.10185874495104716,0.6861563010183864,-0.49273271522259576,-0.27978352144499063,0.6634284186112129,0.47020349727656924,-0.8551564269703367,-0.15748844789694252,0.3347540369603,-0.3386760087078598,-0.7705319775198419,0.30621730911892237,1.6512749470416617,1.0927648275194857,1.5834306778616565,-0.622012241957794,-1.7252242381590368,1.3147487901901413,1,0.3419230050308404
-0.3745921443242209,0.7470515741439107,1.5081848711967263,0.7555609127986586,-0.5797132119393165,0.4175814263397902,-0.08844051421947878,-0.6128537486271637,-0.31267107571946695,-1.3275000024569237,-1.1051068674653641,2.5545181918314284,0.5664077073169873,-1.778794385997841,1.1829649094581671,-0.489738806653891,1.411315927906701,0.1450917278277168,0.12763825224648126,0.10791274331282211,0,0.07502654128047805
-1.311597059202484,0.4808553071335571,-1.057658111630827,-1.1546363140952716,-1.2980318894792682,0.4149374866797261,-1.8348512836812494,-0.2839649435687384,0.5676199251648101,1.6404842295038664,0.12130779092085008,0.2668543721857904,0.028947718120637737,0.15623008556397536,0.2257650871923347,0.7268966236386574,0.39889498433748316,-0.6861885147425254,-2.269992466580618,-0.12827815781114638,0,0.09079048889586995
