X1,X2,X3,X4,X5,X6,X7,X8,X9,X10,X11,X12,X13,X14,X15,X16,X17,X18,X19,X20,y,p_i
-0.08991725493654854,-0.4000216637982139,-0.08337348553818578,-1.3205983350654555,-0.3393983385386004,0.9709134940494729,-0.32234169337144103,-2.3590383657245733,0.3527147859581424,-0.7141273035902397,0.6167421522893664,-0.5858025069705652,1.3520456205368276,0.13492517711925064,-0.776404638837619,-1.3292506567395261,0.8252889329482221,-1.0794975485371756,0.42598191372485444,-1.3611458767561084,0,0.3431664992694356
0.39564243175777963,-0.03515714000698983,-1.60388778342842,0.043132579110745285,1.039035894258291,0.4643187302859992,2.226944752792397,0.7661859817540685,0.9449448379836491,2.48844594357207,-0.6719423991251949,1.0124108177293647,-1.5632545540114031,-0.1759798161171374,-0.7395711499057019,0.1500823988093586,-0.31429840782979435,-1.3803582536464358,0.027495679126243462,-0.7048444556442849,0,0.18993559740296415
-0.551980461002916,0.31756052670538626,0.6936496904587541,1.3288190642960367,-0.015921810591300548,-0.438978458591407,-0.2458148484013042,-1.0367280629363749,1.1885026013733788,-1.5705080681117054,2.0089719293230743,-0.17349704891076895,-0.0863150984564527,1.2594327210215805,0.6368967493024853,0.7994015395382552,-0.1929561765282954,-0.43354367911828146,-0.5642293474346093,1.3555103365258554,1,0.9978642783392343
-1.483667441837714,-0.37249550547313237,0.5852049993721076,-0.20890574198262585,-0.6529048975691172,-0.9567554818557545,-0.5667117197316895,-0.8380335569549944,0.4152604698487361,0.11466551320175584,1.5776537622181062,-0.10816304124998775,0.7925863675732976,-2.1217947214471975,-1.6956339589775224,-0.8839061029142695,-1.4013555789087937,0.07832444973207629,0.22218253394249635,0.5007973929985955,0,0.020321061893122553
-0.7969723262281125,0.576887674881388,0.7921670027384061,-0.2396597335081419,0.2384595389049209,1.0359702823510015,1.3552053119041063,-0.8960171380939264,-1.096365540515927,-1.121437744664495,0.6127944830086944,-0.4067684561374712,0.7705603137408772,1.1942108328267862,-0.22641471128141183,-1.4192061534966227,1.3247776369600184,0.9140943083204865,0.521252292361459,-0.7955473194512869,1,0.9867005903750099
-0.8548331439397253,-0.6821348969367586,-0.0772161502015114,-0.28065232645761956,-0.24973214795938242,-1.1845370581011756,-1.0486676092057106,0.532520535801557,0.21027545586418725,-1.0337615542578533,1.9238820926870484,-1.4104844339414644,0.12128514865992185,-0.8304943744313524,-1.1278580951110164,0.13581089111175018,-1.76742356112248,-1.412988038080983,-0.02040103856494465,-0.12976558793630852,0,0.007159114947301175
1.2464186248708502,0.758195127489717,0.3127536779933253,0.8551428414481714,0.7346144029808782,-2.338144068067862,1.32088643405286,-1.8966550888244313,0.34348474232519066,-1.295331939972264,0.41690193613457277,1.6212413483558588,0.7695542683037954,0.18739912698775607,0.5096047073084703,-0.4452573486758486,0.43236630827366285,1.4130016730230468,0.02130522754926799,0.16621189344995022,1,0.9972985060183548
1.9051621454632537,-0.005368678128013141,1.78896875866533,-0.7368082078832549,-0.8782848713262121,-0.22272584335865228,0.7670516180951943,-1.211327426962966,0.7861586173268356,-0.0012166706302720823,-0.9894187986872137,-0.7583084237560748,3.097405152008006,0.6938981987034636,-0.09957725191921914,0.40237717104841686,0.4734571163457285,1.3307416012600217,-0.753297955354661,1.184876047969948,0,0.2101636259334649
0.31536407335509,1.4098222870337456,1.1906383167421608,-0.11547732402267798,0.20333016271878032,-0.542175290269595,-0.5101081714897533,0.060171568803681484,0.7295230316501344,-1.192932799438306,1.1886398286285518,0.5998746402130485,-1.411598555952796,-0.4875455772962603,0.5365544552296514,1.1775611504219121,-2.1541590786114018,-0.2795872855841108,-1.2253998598391238,0.2793552333525028,0,0.008201490492416173
0.8925554899915087,0.9798934135942293,0.42583366814544266,-1.2656086589420736,-0.5904334480878534,-0.24938101474519564,0.833834495671217,-1.1686550612329805,-0.9933035857679423,-0.32082682716583066,-0.335098501861473,-0.841762369782634,-0.29083751021542953,0.15197854378422443,0.8420806692842194,1.7518993569156633,0.12854886992824896,-1.2828704878861126,-0.3047909841934017,-0.27743343646190277,0,0.06558406179042714
-0.47674546870911677,-0.7858327040015218,1.4126448319329312,0.14953771840195693,0.18566510945132045,-0.0035503792470207604,-0.7789919937689705,1.0618833470939704,0.8299526351705816,0.36154853662496617,-0.2702763258445782,2.4312437688898343,-0.8105537519080019,0.36106587051586764,-0.648271180771004,0.8533322401169633,-0.777947342729432,-0.9802546956238172,1.5022535725394834,-0.04499799998998556,1,0.7430122504931322
-1.215393523770027,2.112300441573257,0.6577200786031937,1.374961640464484,-0.6458906836991652,-0.2289424391732853,-0.26681526396065747,-0.24212818408258469,0.4542655780759254,-0.26910891678918586,-0.8237558663936643,0.5706359269028533,0.8720585668931133,-0.9667229080457261,0.5335875437942997,0.9622497071267392,2.036502933050793,1.075647969237393,-1.8332948327826073,-0.6106620481802533,1,0.8332852404919993
1.0003027499050179,-1.3961764463960609,0.5205570071952264,-0.36905787146542085,-0.5256766147757194,-1.2365914369578432,-0.8511607051349509,0.2043037021944584,-0.7655900219403042,0.3173721334366154,-0.265380085314386,-0.3677679030140201,-0.15591335983440308,0.08798917952125981,-0.9592678238157307,-0.9966227045929871,-0.2261392851759627,1.5361637027863255,1.537258439269987,-0.2525108621317576,1,0.6632951616063489
1.0704949604907492,0.4210027254895552,0.5263507370142964,0.04836852161079041,-0.0019439515391591162,0.10057233223581383,0.4092908300238471,0.29312728200842875,-1.8312936828530488,0.5421885024423748,-0.6801280088861209,-0.7561529287334874,-0.5013669406447552,-0.3015483743179792,-0.19890068473747444,-1.350584192163535,-0.36535049249688084,0.2439040197004446,-1.8162517316639106,1.0184774668016565,0,0.35441284626227937
-0.29900387011769836,-0.12703907369193232,0.0171349843033085,-0.46538014056266364,1.3946608367608786,1.5407943396013488,0.7111227984475107,-0.04871667605341395,0.7701250822033735,-1.7654861610166683,2.136491293056916,-0.1877485489102198,0.9925097034459838,-0.001692664046040423,0.5718354337549596,-1.2847955871697891,-1.6778072153213555,-1.4909504767090054,-1.24693717067186,-0.6605741494076888,0,0.04654364729556017
1.3845283078048067,1.3123181324322168,0.17550145558201213,-0.09024481403400707,-0.20374668474995147,0.045230733406167616,0.7586691159739286,-1.7101519814691972,-0.8298226676045718,0.25525794716708666,-0.14522223807963508,0.01360178741061282,0.6380474236046568,1.6284806449453255,0.7821883114575299,-0.13467922215899564,1.1352773393650606,0.21466080906416993,-0.81935016393202,0.6379947312734842,0,0.37418776740114007
-0.09915865658889807,0.5718191719819422,0.5245779756198165,-1.5524491671387974,-0.6543552439273498,-0.19912258977091202,-0.003434292300669006,-0.557335182077538,0.5602279927812175,-0.8214989948380279,-0.2942580295014812,0.07910636452661125,-0.6332611508691826,1.6922712983328168,1.075940641756678,-0.5444373335044855,-0.33268739040312756,1.0278049927235584,-2.152270721528502,0.21453458758482025,0,0.026738347639139407
-0.36619268271581795,-0.15706124462114174,1.078349535279309,1.4895588622490556,1.333275633892806,0.8139575322869956,-1.3257353327666062,-0.28718530794662567,0.8008955354785013,0.4808819096121341,0.8182548387771147,1.090543913835629,-0.2870024534574609,0.034481816317248254,0.19713498047700376,-0.28315251746779063,1.3151165991238483,0.07157111668342737,1.7180784792122534,-0.03289515151141496,1,0.9999749310394984
-0.5519527109196782,-1.8721892035199377,1.0391271005798175,-1.7699136096586068,-0.02573869609912362,-0.7188858795737975,-1.8305313704460613,0.8543647825581485,1.3815661890603215,-0.10405405596027285,-0.638142183528633,0.001200731842005939,-0.39675110330106017,0.007488199307320935,-1.8137157133720045,0.01740047037469713,-0.19871995914021995,0.7179262794352776,2.319263488871869,0.41600771124805525,0,0.052611610518531436
-0.9328313497164501,1.8626805804843691,-1.330616985533432,0.627852856609875,1.1669391321904514,-0.46812830617720436,1.197178143857412,0.05847081499198108,-1.4686947541389128,0.9122105724423185,0.23188877066689106,-0.36103708319201844,0.3742902109260972,-1.7956718953026731,0.2371376285282742,-0.3419435231415946,-0.7329923941168988,0.2429944956147058,1.5930388105066857,-0.010054897907820012,0,0.45976440694990894
0.6498252647325259,0.6946845491966366,1.6765938952993822,0.25309649227259584,-0.7334463290358164,-1.469152808664719,0.2861698474633055,0.7744529517918765,0.7547690488625737,0.5361333227996251,0.8642424579861523,0.3655900155868151,-0.9875887578304385,-0.889212876492363,-0.9147962745422314,0.026245504269036594,-1.7133932869970006,1.2490151545501804,0.3976242575424536,0.24085906167289603,1,0.21278573127806524
0.04050020823991601,0.15983366168399593,1.2225473757696852,-0.4214943630219306,-0.07868036936652095,1.5664221238654417,-0.3621440038667508,-0.8110922774263567,0.45490351556282277,0.7167829735266913,0.7358872697322151,-1.085929058964529,0.9570148374221034,-0.7849198935201396,1.0055819360616707,-0.06467988209986623,0.8495041658172798,-0.5592255468831381,0.42922156584866256,0.3110522500081161,0,0.15742013726574067
-0.6868854787365218,-0.8643153367277144,3.0538873279614713,-1.7443282662907975,-0.6206917815175348,-0.5255640542871745,2.238227787021759,-0.5650525796412844,0.3518963837050787,1.1787080011069206,0.01694671406444375,0.800471469424636,-0.038490025537690535,-0.7659345605921273,-1.061073947947389,-0.8320330822501893,0.13392405713427066,1.0083612104728317,1.0893519863962942,-0.14895885319509536,0,0.02990478033053024
0.11104534892875909,-0.4111583245232054,-0.45365425433646694,-2.2424049025847865,-0.019258906517883194,-0.5798090565950829,-1.3915453030286982,-0.7892433738218705,-0.0980874826197416,0.35886573139187605,0.9667924218122432,-1.9902521637329387,1.5351210483933988,-0.5208719122592439,1.2305386955380286,0.08757474148514571,0.6206403458406811,-0.12472344786357455,-0.8152189444111002,0.7897132523510381,0,0.01166642578401643
0.44200906874109375,0.016977540341821515,-1.4145323575742936,-0.7539859379658872,-0.31943313828110875,0.6926228296781135,-0.9124965137495554,0.2176424512916325,0.47898604112299015,-0.5927141089808687,0.14551110667699527,-0.3869762686820473,1.7246087159236636,-0.48725879083334783,-0.6642811038645796,0.20629462680335023,-0.04766640836994712,-0.05814389431973659,-0.13792025275598008,-0.052574275732816485,0,0.30418591072913015
0.44861603206374134,-0.7085834374635834,0.4461152590591888,-0.45916429589196633,-0.5241806633553671,0.38861294249271133,1.4578838286823952,-0.03933329584707825,-0.8774965735982817,-1.3036190863787356,-1.3649553694135883,0.6749316977852046,-1.043455097052487,0.5523767471430141,2.012728260116897,-0.9432091034870773,1.1329799699538186,2.8748701827263634,-0.11698781620906615,-0.801313627765345,0,0.021923758196118685
0.6294864471570505,-1.1896290060755528,0.6387809333833633,-1.0723148956638473,-0.6919369372424788,0.15559124397037638,1.0636452755874228,0.38507930083806385,-0.020609777075291595,-2.0593871649024296,1.703653849449936,-0.508835838645611,-0.25101651301390127,0.30390821661281,0.36701471670849434,0.8726542985749896,0.210934544777101,-1.8825712622172355,-0.859464443790407,1.0159370313597664,0,0.4887607970312947
-1.137916411893489,-1.6057541337337229,1.2006879830464177,-2.1097051608228536,-1.2053924403627252,-0.21396728934638296,0.9267929407776869,0.155549246371627,1.8122026430392246,-0.6208313361743162,-1.753285462974381,-0.10524433281103854,-0.2515292578019386,-0.41937518433575044,0.19708037884802332,0.8135754346440893,0.17077846614401898,0.703055876216286,-0.8987569874463919,-0.8163643929350054,0,0.05844631664821613
0.2899546002657411,-0.646778624752179,-0.3646849405163914,-0.42749462801738763,0.29299880726093247,-1.314168408838097,-1.5574200049179356,-0.13182140953983892,0.5677616214416052,-0.8971361717967435,0.8063556818650506,-0.7423777013172587,1.2675876046779377,-1.2134561936296484,-0.9093575156957164,0.17528138874960617,-0.6617122411500245,0.4601282455539758,-1.2777682990162949,-0.531759497208089,1,0.30261240805943507
-0.7501994140105183,0.9743126450334934,0.41454272320818686,-0.19748487185035316,0.9260805551650794,-0.07087981220756823,-0.6534027626109323,-0.5650360842811074,0.3561442480716942,0.221621698111749,-0.837245240782854,-2.3036083155000715,-0.1984808132006204,0.5153920142747943,0.717589550814246,-1.1331440525693295,0.6145272187944448,0.668956970666079,1.1937793548025184,0.13888290513420906,0,0.025643618520260668
-0.7573534240540145,0.34420855793092753,0.5604541839288413,-0.30998387716871667,-0.7012941541465538,0.11265403831106038,0.4056153788532532,0.5477080186577024,0.43492322689711477,-2.6021413952879655,-0.6385926007044804,-1.1574532298640832,-2.323010611115346,1.390618800260509,1.530344670061486,0.31115738401418247,1.9490679241062152,0.5094243672354427,0.8189051613369431,0.6505381377998886,0,0.40047510261229385
0.17879370628893243,-0.6294240499308604,-1.2087268374160927,-0.41537517646288175,-0.40760930939175244,0.3706408153326441,0.5592405589039943,-0.9455705093360045,-0.560107941938399,0.4035135173050647,-1.2864510497866433,0.18135095232605947,2.259858556018901,1.775423268262643,-1.7145919588176477,0.913825990473451,-0.12878596857492539,0.05634953834249401,3.068873129043675,-1.0483055780832935,1,0.8239703040003779
-0.6900195177112987,-0.2373863445846376,0.7738233856386165,-1.866261480468629,-0.06851293297646237,-1.2091175805415268,0.20221387912872354,0.20562831533406867,0.4781661422663324,0.5953874292151752,1.4471298350082205,-0.8006722667032344,-0.03415238750609325,-1.7036925901000841,0.48865334873867994,0.5302656664061325,0.19493545823479722,0.5522092376021035,-1.4410908782010954,-0.09934036486452388,0,0.036993959175882454
-1.073184365253085,-0.45160077214410715,-0.7286552619794117,0.8934682453191813,-1.1703374848798884,0.803480985048865,1.3728693982818507,1.408121391268081,-0.6863740864302973,-0.7323462795862347,-0.7469173538362004,0.7161121388623972,0.6919034772488386,-0.2814641885985859,-0.11294140472587508,1.287541701187169,-0.057747886409168614,1.7578454031583046,1.4281786555828289,-0.07613434228523763,1,0.9913377472400051
0.8943105853424829,-0.6677430265290102,0.12491615613833716,0.3977712391795517,0.397656512260573,-0.27166278237505587,0.6734317493738444,-2.3929605181876883,-0.4418718955945591,-2.164749621531623,0.5704310681897315,1.733762411667968,-1.8621940774612622,0.06064742588946546,-0.3229490309190296,0.3908744663379582,0.1431373973615595,-0.951037801245672,0.3698921449306173,1.0012642870873136,1,0.9942377142789417
-1.2909960348391736,0.7283833787809457,1.6481136499330662,0.7650761006308164,0.15195876874888586,0.40128814427801135,2.5390293891003908,0.01814150353850987,0.11501283176114042,-0.5805728554562009,-0.5354230996967844,-1.000909906107305,-2.3702284041409087,-0.58158668055669,1.602719033685471,-0.5591845117440677,-0.6413759084900647,-0.7353857561283814,2.072361696889975,0.29373638761815846,0,0.7089915566667704
2.002195635719901,-0.3967722811935417,0.7939349663374357,-2.445765179605739,-0.9845479942739718,0.38129881387570363,-2.1047112097347793,-1.2972229435064058,0.5802941958313035,1.3675639330143594,0.3439145331568586,-0.214681449142511,-0.11404992197677484,-0.30288468292256293,0.1819025381829673,-1.0024971342676408,-0.5114156224891002,-1.5965295829913466,0.21718815154549384,-0.5662008131280734,0,0.00035707446809959617
1.1087307695659765,1.6478396707605591,0.5004134032876498,-1.0781185478928024,0.8738984343107976,0.4237313356283833,0.7561930708078679,-0.8546653561289944,-0.6318972441327457,1.7125103646273485,0.42310264571679596,0.21530039840616572,0.05848997062868777,-1.2607954110454898,0.9597957805259293,1.0412086156432796,0.40321811972996463,1.0309597913458663,0.30721855030369166,-0.11664363254871904,0,0.014390467831957608
0.534459595725448,0.7621352234228727,-0.7546935573701443,-0.08427591257801534,-1.4796068967437581,0.05929646819639422,-0.22265032817857744,-1.129050424102679,-1.2970750442298566,-0.06329570836510806,0.6258450883845544,-1.7757420953710286,1.756639649607076,-1.8270569169473336,2.107048661100595,-0.32474950128145796,0.10479759528712294,0.1566251849639256,-0.2574994976655775,0.9702274258755134,1,0.687239845362293
0.09668775918465777,2.034845818330038,1.4847447655690156,0.5064136245336733,-0.6597653146920619,-2.3572083169516684,0.8577930251792528,-0.6683642169723162,-0.4663002140813339,1.1129107623157275,0.34103361677834204,0.653245406138519,0.24069433578954622,0.08960253362772039,-1.059744841154155,1.1581306040181483,1.432986925828851,0.5071912819267177,-1.2662484275083064,0.19863183631525883,1,0.9327517175540548
-0.6620019445044677,0.9628578831179283,1.2449095902342975,-0.5742125421525177,-1.5173577383370003,0.11575223731788968,-0.05944537361168815,-0.12583472977007837,-0.8208337794934941,-0.7030158071684195,-0.4485478705315272,-2.6653470718259453,-0.681752944622316,0.13661489845988278,0.8915296766026636,-1.9987146037171366,0.6261680184988625,-0.7875067322880382,-0.08655835919791738,0.42129045027488193,1,0.4144254254599159
0.1951354683984441,0.3209928487677247,0.527116535015741,-0.003418864926032147,-1.7248505121046314,-0.33906358165576295,1.506516818243314,-0.27538506836561616,0.4270470360433133,0.10268197551876722,-1.317871317754415,-0.4771807616392347,1.368173502381675,-0.34064924342240066,-0.6726614241969888,0.5066877689481285,-0.07955152092840517,0.6151003382039886,-0.5947774880036271,1.879576974028945,1,0.9812601042811426
-0.6577393354929889,-0.738260212598944,0.13273206090361672,0.47519634546232126,-0.3436978607472698,-0.662883640215449,1.0927514972150338,0.21616405295187532,-0.7253106955613056,-1.2264989534075572,0.7141167219053729,2.6324610114194344,0.8375846520735065,-1.0595177437656575,-0.07001886966805197,-1.4369807320080579,-0.33628455593767953,0.9267884074794999,0.21689135785260952,1.1712944927990787,1,0.9730010817418661
0.4822594989080695,-1.1427448136066527,0.5256990298546116,0.5328692580569286,-0.9669783217393956,-0.9804745616824943,0.6098742084351046,1.6181474313555466,0.6569892110636646,-1.3005894224507715,-1.0623978249927395,0.9967485568921076,-1.0446286121999924,1.419739794799618,0.9179955240429614,-1.642138766543941,1.3393289505489503,1.851221642420369,0.45793509978517033,1.0171722142759188,1,0.9798369623279479
-0.6875253242567905,0.7465256429564163,0.9944728824057064,-0.4916244152958876,-0.7488887338641151,-0.1204819629590502,0.4997887365188551,-0.24970539483729767,-0.20272829295207287,-2.544969603720613,1.4225116504958113,-1.468399669750531,0.6553369447678757,0.9418963086108869,0.8601504454189097,-0.6078546309347618,-0.1789228840806282,-1.511629164299451,-1.0409647786080105,-0.34859767322043966,0,0.6375716882210506
-1.1132131375257626,-2.0304119109087178,-0.569499705177345,-0.08100254322052276,0.6872823726635089,-0.6014808863323229,-0.938451000723388,-1.8270961800843402,-0.17636176506065507,0.1520098325719692,0.5909729147674369,1.0975221703278384,0.608556575470262,0.5252412277665551,1.231157029839609,-0.5370207149124371,-0.9551343333519186,-0.8829164591290137,-0.14495844935941907,-0.3107520773558824,1,0.06851360159896104
0.4435907295564153,-0.6432000408148721,-0.7921785658536062,1.0006052806786827,-1.6107337191172293,-1.2041076173442813,1.1510766684167395,-0.5349735603181335,1.6652487942309557,1.7692964605639936,-0.7477198875009456,2.259541390939312,0.3407498644431284,1.1422899702623113,1.0152925825118588,-0.17483958429045368,0.7276344457305691,0.18714899371469196,-0.7278875296000629,-0.8578309616655042,1,0.9969466925203975
0.4799142307977008,0.6161700511384848,0.5782191502720091,-0.7500970275956503,-0.08859555360208501,1.18240511261683,0.1875188125251151,2.2928034890729867,-0.0693551582167415,0.8290599057876142,0.34017340427045295,-0.5257606109632192,0.4267948624646826,-0.6875762053142797,1.2891478998686312,-1.7617696552104583,0.15020031196537606,0.9710991953208266,-0.45990168692166006,-0.14627530022276894,0,0.009661050121176188
0.621118411855883,0.089161738343749,-0.8714167273455288,1.0849379689307053,1.3318961142249466,0.17776956968067834,0.2473295083667362,-1.1492937733918276,0.7353521348671129,1.6733020315409963,0.02042538528839328,2.2992426314695678,-1.1293659341776774,1.6710348374221449,0.10331807385476001,1.7943871463145822,0.1116307580023486,-0.13844428695592487,1.1450504294673456,0.1381011927673292,1,0.8986086689192423
-0.5679009715494677,-0.04326492414917116,2.3286372792416836,0.7659867307485759,-0.09078703279047359,-0.7788347192115225,-1.2056363572727975,1.2547047579967576,-1.2044191986652864,0.0971778602537695,-0.2991269425809248,0.4111982323699412,0.43398951452503887,-3.0692937038434263,-0.09980902251569594,-0.30571547603485066,-1.1704016279710456,0.21232762755258983,-0.6394304752324278,0.26845482622217864,1,0.8921958995082576
-1.656409756987447,-1.8827368346205824,0.3394710462956005,1.2840666707369333,1.2109841258736636,-1.3761206312621441,0.3392902537313137,-1.889118077524076,2.1976822491505983,0.9521495888994438,0.06057009771724086,0.17874977694625294,1.9560909447487997,0.11874815789402847,-1.4121053772471441,-1.0090267231752637,-0.2594449640558898,1.332528403395794,1.223734074410971,0.7764816877773483,1,0.9896645308220313
-1.3876651914362554,-1.4809788407852742,-0.12386518545922072,0.27814508585133463,-0.16229368515478332,-0.8925694504296283,0.10970965378244411,-0.9202986265800986,-1.0214293114249557,-1.9471269091638528,-1.1201291088522527,-0.30600075289566125,0.2556351929983358,0.08142018716392804,0.253582788324336,1.4357611021090502,0.4735312834918516,0.4880678287760028,-0.8635478825715335,-1.8307028880294192,0,0.9129401183549761
-0.49747052929379315,1.5296038396711455,-0.7376123705301817,-0.9802434414927343,0.3849753543415989,-0.2379040444327545,-0.33921149756448365,2.121263609278601,0.35295672812372253,-0.5742334802180611,-0.07178684040725739,1.3135441401922225,1.4782181345961543,0.8698312932020892,0.5639393028623015,-0.6893632463405461,-0.370310112499755,-0.3970913683628566,-1.4657213070674908,0.5444936524475448,0,0.021286876682467346
-1.6811768119616257,-0.8406344507142083,-1.122053543072155,-0.361146766386162,1.8995720806802077,-0.24545359992707683,0.8049524575734499,-0.5732267052293074,-0.4886038838097226,-1.0416850785710619,1.7317283331706534,-0.7535890350385136,-0.1788414738570932,-0.6148322363003834,-0.7600453201648625,-0.12093253961068437,0.004195684814726803,-1.0322493447961028,-1.3336845233656398,-0.8499940628917373,1,0.9995715794027253
1.89185787991784,0.9329293662463477,1.3094271542407567,0.948027251171045,0.5845886839760835,0.3607090996806833,0.04918790446322385,-0.19028874338467341,0.7876388299640958,0.9434712521905553,-0.7548473230789713,0.10026864470016178,-0.21668098960326804,0.8539497289463457,-0.025497470170910863,1.443322105179827,-0.17394081556633753,1.0047865070480546,-2.0669396427902202,-0.6774101923771139,0,0.48631480569832225
-0.706859412531004,0.2744457350501501,-2.007306111701941,0.3344873102649432,-0.2965099527234827,1.678424907651204,-0.04671743731316737,-1.4161302410669512,0.7191082132313354,0.9491759569103438,1.754192025838911,0.9459670407771648,-1.3580320016145024,-0.01494314333426785,-0.5060630938876448,1.7356599040883904,-0.07146052235153964,-0.6413712153766343,0.40879665299011053,0.870329851487614,1,0.8997833204742792
-0.1087105603791155,-0.6064080718310645,-0.07477967558244322,-2.356164374727686,-1.8741684000469498,-0.33878460178648123,-0.6169049901403919,-0.30619243076498287,1.1685071741253232,-0.6867366394807338,-0.13734300553077627,0.03594451569238251,0.4559881155494606,0.7329089019824564,0.007466497946111974,-0.18650331780611745,0.2573028366299895,-0.44871872204929475,-0.75842053568906,-0.14225532003384295,0,0.010793835816105667
1.2836455362575054,-0.5412773348628988,0.2075742666042401,-1.669875773984719,0.32925754895125464,-0.8584106581932929,1.413041735205409,0.6066710223429245,0.193739148009943,0.6049677653542458,-0.4357804773529738,-2.5337798202030273,0.9360033626636544,0.2301980418484517,-0.17293517024961863,0.7917821890492762,-1.3525004858177616,-1.0376500057431652,1.4420500795953282,-1.3332469836344962,0,0.007926809193185082
0.22020602578971296,-0.2792292145308979,-0.2653169289200789,-0.1782226929604794,0.12418867599885058,-0.12493652417191717,0.7059544780875623,-0.308632118199565,-1.4992415379080937,0.4932236546264559,0.5494030630658959,-1.2269717231660524,-0.9075091005725492,0.3145053655474386,-0.2703982181666565,-2.088597690302872,0.6486421540431836,3.2988353807854978,0.3289172997787112,0.24202909742399847,1,0.880892563196494
0.024976086496025666,0.8479582511881169,1.3569940616539897,-0.9423397520950065,2.065770884300814,0.35261572715610057,1.6820964719812603,-0.6068168987677018,2.456808819276499,0.5160465269972323,0.5794951483558485,-1.4073862800511383,-0.4289439632301915,0.22018376792297395,-1.5450932632946104,0.6956901691648966,-0.018980406249826727,-0.3835202490556649,1.7766194251411507,1.8651253466687807,1,0.9897782432042435
0.7009292397379717,0.09840131100899412,-0.29864495677568315,0.6781724714969201,-0.0734707735077517,-0.4034120850707784,0.48696054053666393,1.750621178554139,0.5133550492653441,1.1654269897237817,0.19702710207439794,-0.0003607476546594495,0.5244282982279919,0.3718852111765359,-0.2591640230039636,-0.3276185324229387,1.0488875702870706,1.3624668150302564,0.684028342856796,0.32433576702234773,1,0.9706844183293566
0.817306268092161,-0.714841796936779,2.3901128973737973,0.3967864813325073,0.5173584976544378,1.500267315141063,0.1653707125637228,-1.0441489105412456,0.5559424778042745,-0.48150216506632076,0.2768980446002484,0.7326195069880052,-0.04519230970364054,0.0772449381902615,0.13412344798932813,1.4410607096858006,0.973348111272425,-0.6869536361545928,0.2478142355495797,-0.38604273033563585,1,0.9665351966913552
-0.09684312005216275,0.5575478214045683,-0.220310350496046,-0.5417087534954859,0.10537296372398189,-1.173053163708051,-0.20450624747574808,-0.2643103012047012,-1.775598477388364,1.061960275375023,-0.8083885366717655,0.528060710174638,-0.12017335055165801,-0.2570562361169956,-1.0788248308801922,-1.1153597451241166,0.18289795329111191,1.8133631854662737,0.6597947955111473,0.7610594709432875,0,0.15899407779853297
-0.5743527658543894,-0.08320463642123194,-0.9411005303030712,2.6064028910356227,-1.6740675257161879,0.7327898871973694,-1.4647911234272981,0.008039879899270306,0.6802181859084167,0.2084473119336443,0.7510433155518526,-0.7146983762465066,0.38684156968925115,-1.3216640241455004,-0.03381244730820146,0.7011058454669832,0.06592051217355997,1.3472322394883307,-0.7839307107564465,0.014363928979636408,1,0.9972559138848295
1.3689918112178712,-1.5787242387329559,0.3457704354267853,0.24263597087021055,2.5771436066371876,0.37462988985698326,0.7127743623529277,-0.38950369830760323,1.49899554304224,2.3507537318599145,-0.11795119311465622,-0.8297771404447527,-0.6727439214568361,0.3024412088912116,0.1757340790917288,-0.6497458377013954,-0.3545389158460961,0.3629519709940774,0.747302655248057,0.10019304686000818,0,0.04148409057236346
-0.11185845076533374,1.9154718746226247,-0.07529954240770598,0.6902207099915619,-0.9246919079550928,-0.26955732428748413,-0.3134151422536354,0.24540532551404326,0.10259389573458776,1.3117092004545106,-0.0337024435430959,1.085874590464246,1.7316260792485594,2.150062519343549,-1.0784061564226632,0.139463093765703,-1.5192247590555958,-0.7344075931242363,0.49600373017863475,1.0023315233019852,1,0.9128749153744011
1.8705789822650232,1.3311311846409106,-0.609056371769043,-0.4517878451650593,-0.6755819724362873,0.872827818502289,0.04204402528225195,0.8259069554039032,-0.05804590577522991,1.194098122321089,1.1529465287811431,-0.36620589411387333,0.40176908725754945,1.2177688533942475,-0.24656976123255805,-0.17846858326999318,0.675701423568256,-1.6729661360551564,-1.2415997425655372,-0.5482822566121232,0,0.23983915266221237
0.9263841231336479,0.2979541175987429,0.18774073848229464,0.8489063016528741,0.01420662465633965,-0.8401148136703984,0.7113381445881617,-1.947650938107981,-1.0610588501215887,2.4089183322801775,0.30079346212960134,0.2377892749676902,-1.5663801952681546,0.25608918670826225,-1.4061499683009977,0.8450885430076602,1.3576797427688534,0.7248875583519773,-0.24692309294571493,-1.3896955118199548,1,0.9828841879052295
-0.06621087799390107,0.1040439542623325,0.007557503174154432,-0.33602956616109014,-1.0250638168501465,-0.16778382764136895,-1.3376953721803415,1.019383364683495,1.9213310733092972,0.9382182950298056,-4.216537904313718,-0.4623469782716194,-1.0444110281203889,1.1655320777210665,-0.33490145266563676,0.7824319273077041,-0.5938115309992049,0.9721227023859678,-0.017401119985474594,-2.541991456746833,1,0.9978060177217113
-1.3284074542348987,-1.015100494918961,0.037297111251605446,0.8732733417972794,-0.4358799098538934,0.20377796986511867,-0.8858303974350779,-0.32334278902750446,1.954063616214325,-0.5196010168634515,2.8641496411998695,-0.5851479758267222,-0.9963734512176265,-1.5521517415862123,0.7073855991867776,1.762965228272989,0.25217461571719596,0.4835731254244069,-0.8632079649382424,-0.49614982251146206,1,0.9945132787416688
2.333854514790297,-0.07777230362374699,1.5538372162508514,-1.2859673153647924,1.1133513160455406,0.8640121069514226,1.1073588400985417,0.6638800273966736,0.31457169423868875,0.7906380263221694,0.8707282581860076,0.7162509866237015,0.5491281155950908,0.1576540835819011,-0.08506830565907922,1.699552040413563,-1.5895303988943268,-1.074140491103391,0.8843783007488752,0.026608314344727435,0,0.0030582134716739
0.7568149310774719,0.17619638051823214,-0.6488523315396632,0.6129727529463114,-0.6854487546349523,-1.1112942925613716,-0.18783570815957554,1.1578856184089847,0.46167140277352225,0.058816830487442996,0.8906254528178917,0.20361580596941287,1.0212220852545821,-0.08318182853047743,-2.198246428779339,-0.44955570300049513,-2.2932870465089423,-0.5308135893056838,0.7035392796673618,0.6379836496033213,0,0.21760571568999273
-0.9394015844673883,1.9186460834046266,-0.9610058804101643,0.9178737395445112,-1.5253207596537202,-0.3541867738207071,1.074161863034777,-0.524181705617687,0.2988618471681124,-1.8881768028353167,1.5649379720831798,-1.9429470986828066,0.7914744648138153,-0.3273990029697626,-1.0814533879918447,-1.407484237965463,-1.4338619671392996,-1.6860328016118789,0.06263516951412075,-0.07821372339792447,0,0.5683480325798449
-1.8980309356259626,0.7504323718655567,1.9998463146638417,-1.3051441020233887,0.18772529615404154,0.6010089778195091,0.855697482061641,-0.1811159292807011,0.43322712034660826,-2.01970631310793,0.1779856900943213,0.2311594864180342,0.11916224001297179,0.8255013430610794,-0.04525476860379731,1.1126151247110527,-1.2345841087861757,1.4674072544493488,2.4655914273536053,1.2427619019573024,0,0.10568817223873464
0.6115610002579066,0.2661073431154233,-1.6782867368647034,0.34959333438888945,-0.19837980796253682,-0.5931476042044922,0.34708240585329625,0.8094553923160555,-1.1592843801426729,0.732422935813631,1.043308786955446,0.3341618770403248,2.294128255286715,-1.3677414783075088,1.5464403908195468,0.6015751356361011,1.2134940598491806,-2.180395044840161,-1.5097459335991412,-0.1449490326899396,1,0.9834862403714801
0.6357584271045913,-1.302723005216679,-1.594844957814257,0.1251975295533552,0.7145704531593805,0.2670977016478422,1.178001835492301,0.6907905087918655,-0.6008673574855808,-0.27295385860702615,-0.07232861033163851,0.8808252154440988,0.07237824815577325,0.7525159976543847,-0.5907676636986479,0.11530859500576417,-2.6088536036481345,-1.7991902937773425,-1.1897837616411782,-0.9279567090041011,1,0.17905631211913162
0.8256361042462499,-0.20517366895560396,-2.9576432311221885,1.4100388939746575,1.0028388055366655,1.423211268206201,2.4847709932563125,0.47211625882162594,0.43113981931007106,-0.409594649713395,-1.0039068357143406,-0.3250326711789653,1.336979803592323,0.7212022401501831,1.0736857016259727,-0.3449651701366156,-1.4626569660010704,-0.33673526519138497,-1.5509705487539012,-0.5106961291985931,0,0.17655431040010575
-1.021374632804156,1.3089640144566799,-1.711770509649388,1.3777475452426433,0.35635385431572236,-0.09507449779822087,1.9294285604412322,0.4535039590161695,1.086164086442538,-1.5326867463894858,-0.6231361767401028,2.1380280727841785,1.6780813842425677,-2.0727076351868488,-0.7609178822080234,-1.0631566414514788,2.3021238048780526,-0.8999161969283566,1.1857027324086706,1.1337269217158465,1,0.9982199181208722
-1.1819661065943536,0.7583281737045262,0.8177063796819843,-0.9983358639890142,2.7343576861395245,-1.3357457427106967,-0.9799043528195385,0.5014614708484179,-1.4537829294831324,0.7057024809159319,-0.7677797038687595,-0.7260790737872932,0.22379222841695764,-0.6410145944607423,-0.5778779302859925,0.5517674887736661,-0.3883175430841958,-2.0221463761610714,0.8420614226850015,0.6797499313912269,0,0.00016565313302284915
-0.3613160382992701,-0.5739501960962964,-0.8671824185582506,0.0695592688681192,-0.7961965750080998,-0.8247083700656475,1.8272135126633793,-0.8676260226291629,-1.3065995671458732,-0.4154442438493513,-0.9692022847671097,0.8819202266312962,-1.2442341820857836,1.119648254228155,-0.9153851372861075,-0.06272688595529549,0.19160381016562664,-0.09115793618043734,-0.05364515112269582,0.171112906202839,1,0.9335911939746498
1.4371843226062748,-0.786441254062254,-0.3972054404811899,1.5052045111873915,0.538529166894872,0.3812218593865297,0.6989978340490857,-0.7152858812752553,-0.7692010652633378,0.3417000311853744,1.7981304913755456,0.1555973777410654,-2.1971635778985155,-0.7813721035039148,1.6033601950352672,0.1179657888064436,-1.733063228004647,-0.4229666302887349,-0.4548182116304409,1.7245374020809563,1,0.1401191007241068
1.0713198603657967,0.3409603560775078,-1.9747334595029138,-0.6379737288921543,-0.9415427123387416,0.974323897642006,-0.08854555221479568,-1.6237986796622779,1.5503039242923538,-0.21857436053971516,1.128084670236935,-0.29068339642720953,-0.2944064505453696,1.976004530920529,0.015536867165328747,1.655091689326738,-2.489640569376004,-1.7678770515280278,0.09150483055342401,1.2765305151514728,0,0.006024745259453331
0.24562051010723845,-0.6517107503589802,-0.0604400815841149,0.1340172547989055,-0.19233366120366752,-0.21663359404117588,1.0560160704190888,-0.07808610278720464,0.03442770556745747,0.11777476635396267,0.8911027476135983,-0.07588693864670194,-0.3100303041976158,0.6182249967256364,-0.1335842869514758,-0.4056303064610002,0.21028708933380008,0.17411505881662695,0.5469831355105735,0.8987467947967677,1,0.9340422771584271
0.9108756101819314,-0.2294889202637154,-0.09124760231553188,1.2184066597618923,-1.2491771604593873,0.7054581396524937,-1.2069117454269536,1.4412401299595596,1.2914586676951938,0.06754595773414102,0.258604315848889,-0.8616590370034962,-0.27655798912526275,0.6093134282983053,2.245212241270185,0.6324123474191472,-0.05932910096428064,0.1138711897139847,0.19025572088653492,-2.39202439205503,1,0.9333215186126274
1.720580213553288,1.2867194449382995,1.0485693034177825,1.2739811255964224,-0.08877569519475247,2.437763942597799,0.6996245559007422,0.23857185367448844,0.43385932642398434,-0.3555870573713435,0.10280160318206716,-1.5223145199264418,-1.7594002232911627,1.0372723126746293,0.6830328755827637,-0.8424565409351263,0.5635409637056454,0.5147282603802233,0.5878371763012128,1.769999178208543,1,0.8564347922381722
-0.5876827423881209,0.6898187381414995,-0.39096374584674837,-0.9893473869077811,-0.2134562433097934,-1.1716491205045665,1.6602750625234317,-0.41860038491952667,-0.045851665856815854,1.1895966026249492,-0.061117835650773895,1.9391902344594678,0.7467905904200939,0.9837971216188547,0.3065108814692238,-0.5724316931192297,-0.3160057936073355,-0.8759957428357386,-1.080687652788049,-1.5679100839342939,0,0.06965316504309166
1.266179799277287,-1.1259313536919684,1.4097355185175058,-1.5866842489718054,1.0706125914116333,0.49686031145506027,0.3842905945938965,-0.7388288449420791,-0.2957012173090891,0.6840548616242651,-0.8908590745997809,-0.44149293234023007,-0.560338700004025,0.9052732679612654,-0.3230351557086157,-1.7901634095351207,-1.0420398447116948,0.4391706663784244,-0.9137378920149214,-0.6495916533172865,0,0.000995324357243463
0.6273374707021783,-1.1202706735238874,2.3640385553947767,0.9718628561608126,1.7323445815454266,-1.689222815019882,-0.21092712575118697,-1.6178623387039501,0.4994695123833716,0.4366945064225688,0.9747411115089459,0.7998320154142017,-0.3866033024279196,0.734395155526134,0.9911439768842929,2.1568471170010843,1.07207385696642,1.3168693999427756,0.5631927081314697,1.022094091535743,1,0.9998168781955842
-0.6087746790841965,-0.7008721643296939,1.5788229081917453,-1.5210526298932914,-0.22241455766012794,-1.1534106952872065,-1.305021180064205,-0.695832473264675,0.09969442127350776,0.012328038008411597,-0.7445687857961559,0.600724552611722,-1.3101304871169135,1.4115520011605258,-0.4372661833545049,1.046449879641277,0.07787776843035885,-0.9650632319586836,1.4225264567946192,0.12867055521150408,0,0.04820005159375826
0.13888957939526658,-0.38098721911777894,0.05982265619202806,0.3290610012551096,-0.12218065045120789,-1.3993369449294917,-1.7409004682653462,0.1803912831099327,0.7093523183154571,0.738318437804349,0.3526409529222187,1.9981674842306552,-0.06551246397749455,1.282403100034868,-0.0692926236939132,-0.7373488999152572,-0.9233284807059661,-1.1156791018913856,-0.3543500568953989,-1.4496995625087432,1,0.5342213639313469
0.0025331904835926033,0.7194948513998659,0.8155282900140686,0.0029269064831219053,0.7752834721187261,0.9628827212072043,0.5489542415617976,-0.017597699908763496,0.041333062018110774,0.5235442342342457,0.9931941777606444,0.13594668447006583,-0.12343161653837222,0.028671183658471416,0.6289665591104441,0.2025966794379883,0.5692837455113992,-1.1621901350095456,0.2109082606709066,1.271524408536771,1,0.9208033463805679
-0.05558039912841234,-0.0007603678937954985,0.3224487168399337,-0.26611037174582164,1.6062589994675847,-0.8308963730910646,-0.3360835796429298,0.9370063003760788,-0.5722345136463283,0.8682489649924399,-0.22502298720434963,-1.4560041854260608,-0.7668083895465296,0.572934320932816,0.4071842650950112,0.19916751596769017,0.6991859460546433,-1.139837661863576,-0.44905272207406816,-0.1911721657964799,0,0.12318638720732879
0.9860678006302221,0.7352640521600196,0.1953791558258528,-0.23996651484118176,0.3934853148022465,0.11130121173356976,0.5166753768007096,1.3921542046120228,-0.15353268779851015,0.605566616692809,-0.2586206611081291,0.24190983940020386,-0.7089136774380603,-0.7491739371817054,-1.4104689004725548,-2.0815264921902883,0.4510196996222809,-0.8178507666237006,-0.3072522951881676,-0.4157478607614836,0,0.7309774823763081
-0.652619704338554,-1.251026692293457,0.792136267197264,-0.9204746940266045,-2.150340262155183,0.027155605636278266,-1.7795513757408703,-0.5644111278917495,-0.8129046243962182,-1.0921295453519084,0.01414545049846907,-0.012919683338845946,-0.6757346406838544,0.5843612751856904,1.594403854969467,-0.9192498465453457,-0.7113558017738428,0.23848858255726466,0.39255074163511733,-0.4530069609582143,0,0.9032124754531017
-1.5207602127544169,0.7486929644130537,-0.5983065807070175,2.116717841694425,-0.9243107525169055,0.5727716842210129,1.457331490404905,-1.7091288153828041,1.2150182702458279,2.2983528082140983,1.9227907732831426,0.06501691480020534,0.20534020060463537,-0.5277001200798526,-0.20267636990866014,-2.8050305218463363,2.706900419229717,0.8423267390301495,-0.4730846973209893,-1.3494323222832743,1,0.9999876432075402
-0.35518397550493613,0.4223730659850547,0.6751104922900113,1.1923126362727554,1.3524263994868913,-2.1502738446978094,1.1430847144730283,-1.0144419716645598,0.5739534360852233,1.5266339834393363,1.6731473997563193,1.0714916920619042,-1.6409606619213681,-0.6319281614498914,0.7606746252249746,0.4218427457599581,-1.075000623580463,0.8170721140748686,-0.3719444316774533,-0.1277066265506254,1,0.4853501683268133
-1.2245258926565668,1.394247118418849,1.0718081802335806,0.8144716454833408,1.4088228566144696,0.869829388895841,-0.2706661934042106,1.3032224193295614,-0.9995217653944353,-0.21594139631464013,0.8538464611751271,-0.2039346701209946,0.23640313913267838,2.012947094962369,-0.6478663879280483,-1.6911856966842356,2.396678658897972,-1.6969585067286157,-0.6200177071617665,1.8821260897219831,1,0.9999996337118604
-0.39442708077922034,-0.521844426167004,-2.134444940176073,0.5322346902889723,1.8912435207754543,-0.8074488609969256,-0.46240592281430365,0.5492351229118776,1.2307123527769102,-1.5556927161137895,0.02568460981178307,-1.1811529869320057,-0.38627165414131925,0.007081511766717384,0.2665983113013629,-1.7638985689943247,-0.3080361401877275,-0.8956799117097713,1.7142667433490277,-0.38496987050261594,1,0.7463115584583606
1.6158621132191857,0.8761146428714919,0.4014194809951749,0.3893646501971794,2.1275915338669806,1.0378856270556456,0.28474759173200137,-0.5110320925024449,-0.06880213813736437,-0.7962943551900902,-0.4271479951797546,-1.6134575588134783,-1.1312950622500206,-0.02985421003520971,0.5636462130543195,0.14482191324725036,-1.3733513518464444,0.0013364037220010107,0.28843095636650945,-1.0892736341158011,0,0.006081362472115685
0.5768150523322584,-0.7072943135661884,-1.4535471073906534,0.13816744310032733,-1.2202362693432067,0.43526587954985807,0.045797668947201664,-0.7826877165983274,-0.3048933016831428,-1.1990721976071952,0.9516445413487306,0.40335886935262977,2.2775384340814377,1.3914634688549914,-2.531603157671676,1.3064571572979173,-0.279574698931832,-1.3534439656359887,0.2367537536759444,2.253555696677143,1,0.8011204561953702
-0.48532015604024664,-0.97888644861234,-1.8544052527258637,0.9827886803501783,-0.22834503784103763,-2.4374985218546126,-1.1492059518053366,0.7655369056111704,-1.1465639110119972,0.09212604329564816,1.0175792302369837,-1.0064320216424254,-0.7917486059204997,-1.216966538639741,-0.26572165602747594,-1.687597322627833,-1.2804177884686403,-1.9421086098487745,0.7283349959746718,-2.3572788534588973,1,0.8080966685733285
0.6986548820288409,0.2353107424871822,-0.28700015088313446,1.069172485566848,0.968731842139983,-0.5196633255422646,-0.22119120828626448,-0.2384520955999093,-0.2962095503273666,1.8510777118942825,-1.4089686075634225,2.224914598853531,0.11706084332930163,-0.4172447754622722,0.2790050286348829,-0.43243206941453,-0.0032490159409808606,1.4802570481970518,0.734561843726139,0.20603427418727094,0,0.1234830392930235
0.5983021967710002,-0.6256492289452831,-0.6365821582787157,1.5848805876249927,0.276440794463928,2.0246555511879722,-0.13620330239203485,-0.7542328120207059,-1.5068411184361783,1.0450155787058166,0.6622902993112272,1.107261895771552,1.2397837639403664,1.0391899791241954,0.7626229314825533,-0.21296032790532451,-1.2958071514689824,0.2590990999110414,0.0509794405599756,1.2740130936615244,1,0.6386714340281575
-0.6957767081305033,-0.18886962693990214,-0.9684637408722983,1.1804072296600074,-1.2489325447212656,-0.6521634024286248,1.3704951997115482,0.5093223917645496,-1.3631554330429083,0.5890278619234655,-0.44513347155476957,0.462342173120358,-1.186044291560308,-0.8558827044589941,-0.7782264432069071,1.8413195335860275,0.13152343140203718,-0.3179197793631624,-0.08149492030040216,-1.7142421689536096,1,0.9930762862679323
1.1755446291236578,0.9552101434043706,-0.46461298660978295,1.4173095649603513,0.05699057969331392,-1.6213728510155523,0.6753468599842404,-1.3253301464431122,0.00460207863844882,0.08408683737746486,0.6941401760565195,0.14578447545593012,-0.552402898706617,-0.5064177631179186,0.2805453815988824,-0.3236345026459136,-0.14780664276613178,0.6116664946569376,-1.539149240187832,0.9815867129085882,1,0.9929764918916939
-1.3098476567526056,0.46736344651386796,0.20557583106701605,0.3830179815237893,0.5535777148746103,0.7224319612345377,0.09468186238663619,0.3606298315209288,0.24010353104138255,1.0026540502565822,-1.5835533682712006,-1.131531043891899,-1.4364852464097724,-1.4705951948200067,-1.5320925175254019,0.047015648940235105,-0.2932500857353275,-0.2805483348999234,-0.5658786005001889,0.7395189417807335,1,0.6858386630797639
1.1332817999643179,-1.399965355274141,-1.6916340291064362,-0.008822344428770041,1.1176571034875329,-1.836813818212381,0.16794204821354405,0.6999548808504663,-2.6996420776399805,0.6416868799022373,0.8194616224152576,-0.3303576404203543,0.659814718775334,0.3500888819590753,0.14680777612454166,-0.8793383649393169,-2.0419028933481167,0.0028062628370820407,0.8329732258607215,-0.6166639066515349,0,0.003347577696743777
-1.0892724114623076,0.6263846703264431,0.13323613344513185,-0.783476664892305,1.3384835395043224,0.7264944675505727,1.3215777799415585,-0.2630563795244027,0.3401351014171208,1.0943273001567089,-2.7714358492894684,-0.39201972243290406,-0.5418244735970189,-0.28121628559110734,-1.0267196210419427,0.2180673945773204,0.24408760438233992,-0.2659419483175392,0.06964360036174651,0.07972612730203857,0,0.00010618618662269918
-2.0623548669890686,-0.13705480664588462,0.33125908957072275,-1.5148317823032875,1.9627115529170174,-0.15609685183213776,0.22948122976440863,0.2878227345146161,0.7238636215962635,0.4041814977279955,0.5120599108625485,0.3130400068039373,-0.7003730969847376,-0.7653372656776235,0.6095554057400111,-1.7017387645989972,1.0212854753462388,0.6342869518990567,0.5299043678946029,-0.5623792514417826,0,0.3755518240859929
-1.3770911793887108,0.7464887481446157,0.05922735138551938,-0.29264620910111405,-1.5616898660894527,0.8095570697320638,-0.4113755810255406,-0.1033441494052595,-0.021336371855366482,0.6123981819696859,-0.6706680711492452,-0.5805950089472217,0.8911001214438681,-0.22328163677698348,0.578002275980263,-1.466431853200185,-0.310926667490823,-2.1059919917686725,0.1818782516659217,0.018323000308598427,0,0.5245214215847792
1.5739940001520587,0.6588236935032975,2.0017087697882476,-1.3619065178322929,0.05097476507221725,0.03543610113782261,0.2879495483423784,-0.2919409469406787,-0.8634399183295028,0.17536666243287002,0.3789489498945059,0.14180143816101748,-2.0595640063035967,0.6546420006327447,0.24919696537893218,2.216022472047388,0.6529695740732046,0.35617478643718736,1.513170580415115,-0.05873525576857288,0,0.1189178183966558
0.5471898040672455,2.040193081058567,0.40017092010118643,-0.07115749028663856,1.136675044214209,-1.1652202735393673,0.6863633056825342,1.5075042933468175,-1.5798099141783442,-1.5957864485826838,0.6309369833819701,-0.937832792485801,-0.3997329476120185,0.21367172719929328,-0.7914818694178343,0.6633135307298322,1.091317764645003,-0.6630228663824681,-0.1993957323739266,-0.42465948246861956,1,0.9985177902127091
-1.3047746741640487,-0.810738125990299,-0.3031351727927708,-0.00493456128565634,-0.7611369547276742,0.01666619140011822,0.8067453467822568,-0.4266443997319389,0.0808587755673202,-1.3498585917099561,1.128198714727092,-0.4404466309078188,0.35791334221632715,0.10983456592330958,0.21837900845632952,0.4330559668571352,0.07890134654750759,0.5262468566230345,-1.4059705780198157,-2.0743396858488206,1,0.854035289887692
-0.10530492659988315,-0.20637052326539018,1.2408861689058908,0.9182790843427776,-0.6556236544314771,0.8257704861256213,-0.36258320463565086,0.23381120025479504,0.8225759649708222,-0.40790313039587905,-0.2703454406537781,-0.8914077460046946,0.9485873002904273,0.29091412894247065,1.0013994072312935,0.039363540079352694,0.152870298814887,1.0381521024551266,-0.09177174230237851,-0.34271681388373443,1,0.8665653393267624
-0.3786925165751914,-1.467665649035068,-1.5064718773368535,0.9430952543425287,0.3363033237369417,-1.536923204417687,-1.800572432007139,-0.4708965727053314,0.5590278655929509,0.8044233646077984,0.9979733809712497,-1.7433432027648346,-0.5296037012167114,0.2952691050790717,0.31455751322810405,-0.9756799144172068,-0.1576730714127318,1.7564551406232298,-0.1404607499595123,-1.7124037785633712,1,0.9669142473910082
-0.2896051815567702,-0.04576913918505172,1.0100717026821184,-0.3930170621825055,1.1992864357144515,-0.101357261323271,-0.37888855448212877,-0.12134312780440912,0.8974627613177867,0.652333780501232,-0.12756880036133664,-1.351334431165979,0.8290222023781192,0.61050805595979,-1.0260945926717928,0.4411297866348431,-0.4763620278744853,-1.5750804331614734,-1.6913517259644868,0.12533320582233207,0,0.20876750144670858
1.5443784365552264,1.3503705905179961,0.9621725072761615,0.36083976546750063,-1.2358092692012328,-0.4760890540105353,0.5710457487222872,-0.48334412723500775,0.04052954558380599,0.11490869346885821,1.0704456785373315,0.04955636852316077,-0.8958438264098242,0.33266281876866344,1.6012595885054306,-1.2414738551782563,-0.1265242704904277,-1.4246731728087134,-0.9535251960316795,-0.6124538390482447,1,0.8734504814430643
-1.1617344487360906,-1.2802695208361994,0.090121591498604,-0.4767311906123028,0.34495307885062443,-0.6644894765928842,0.5732548830482415,0.112183555814837,-1.0353005472189307,-0.9910069148238356,-0.4072953683614489,0.5396786811185845,-0.2977791753667854,-1.2812764845850366,0.6608728970506125,-0.3925291163170001,0.11929411582918147,-2.008446579536551,-1.0026954240106107,-0.3137943479017681,0,0.28493516319569673
-0.23117898971975434,0.5428991004713025,-0.40579479157963505,-0.8795658454800646,0.5725796918311986,1.142545629271896,0.5022644224076149,-0.7204107316011698,0.5801726616769242,0.6436866009293066,-1.0155166735704646,-1.5165211645232994,0.6458295866704983,0.31584152247467195,-0.7540034601612647,-0.4760274205911326,-0.3444870197350891,-1.3236535031840446,-1.0574399472717328,-0.33156514647846463,0,0.033543356499274736
0.48033112387190385,-0.04244770933728651,0.4880995412366009,0.38111584742263405,-1.0367931538827964,-0.5977091595607199,-0.8300019565777277,-1.1631016480628418,0.38824256227286363,-0.7409422773800828,-1.1082877979895038,-0.13451907160795615,0.8004575036347953,0.05585368470089404,-1.0213301812387083,2.436958593122007,-0.6591591364809112,-0.8537447621124545,0.9206976739851479,1.1244725814931589,1,0.9950243736663835
-0.19269052135209302,-1.918270050940921,0.5901782811297093,-1.233666134287537,1.2592946452641536,-0.4235599637297809,-0.2374743548918984,-0.19906569138381563,0.9487791717061015,0.4646742535377218,-0.11407864021609308,0.7499830083078707,0.856049198515846,0.4074778652154474,1.3313734258006276,0.19859804068400877,0.10575919194124592,0.9227403830783604,-2.3395087470280074,0.6141033772901837,0,0.0011024359594944176
0.8561461644571192,-0.7007263137992191,-0.02107613683979456,-1.9113740508239416,0.07391285973067323,0.12649954455942844,0.4805497017766652,-0.436501058956455,0.046646947967053744,0.6861294976004368,0.4279446346746857,-0.37214619562732015,0.11753834374766504,-0.5045829277579439,-0.34526191032105413,-0.7693572983953129,-0.26969390470640614,-1.35555976833863,1.8408752438463163,0.5050498096743643,0,0.014882496374582676
-0.454831108346756,-1.0572278215725286,0.04730939576745806,0.9895500345820715,1.1428865480946957,-0.8232971236281893,0.6643047324679819,1.2476521147958215,1.0426157183376275,-0.11377010253785133,2.052235399665752,-0.8011154589385131,0.07052458503036658,-0.29258006117220864,-0.8443156264611271,0.3006341847361361,-0.41180393145170097,-0.8672538638961843,-0.4521687642991133,-0.8057020227534296,1,0.9991559438871307
-0.04571075480256653,-1.21724379899431,-2.1131373767182797,0.567200349988504,-1.4871673961565575,-0.7762974304929325,-0.16814799899411723,-0.00967790901625459,1.020079181936,0.957323387694287,1.4568002899173333,-1.0499387092924173,1.205899126007476,-0.38143004547458426,-0.4896473092791953,0.723314634169892,0.7252302471738665,1.931840781156767,-2.2699376032347205,-0.011814979255092565,1,0.740810708629722
-0.710998975459508,0.5145621864647442,0.4961654404190075,-0.5124551132454568,-1.2857861442487082,1.421267388071846,0.06746290520605211,0.17898501739756015,-0.17089426801695853,0.43338923210158603,0.5813921650177966,0.85903179435319,1.3034051675306157,0.8748124735373218,-0.20557016121522156,0.8486423890434815,-0.2559480075536563,2.222184114506328,-0.5363121972186968,-0.7540917639642497,0,0.06265150748968368
0.4509781075328369,-0.06404904655754576,0.8773129789472494,0.6252888067024495,-0.7044252505159083,-0.7001913419366809,-0.10443879583738805,0.601815111578208,-1.37104859771362,-1.7852505700908095,-0.26854785394336966,-0.2811438941929006,0.6980686899453065,1.4396546819443359,-0.9630581047676001,-0.6352060117647987,-0.5840220280088168,-0.049436068796841356,-1.3360510125362666,-0.2595561171726779,1,0.987650304960358
0.27497725703829284,-0.7890182518563901,-0.7354906979506943,-2.048663505728231,0.6741374247316132,0.20734176829662745,-0.14631673501337342,0.5275031109269084,0.8492248862099365,-0.3574506391769779,-0.7455469548001924,0.30227989287900064,1.279243750994327,-0.33219397230791514,-0.8270832249669489,1.4615742543670938,0.53518615640087,-0.763658582182949,-0.2794686926919051,-1.191373955599644,0,0.005626048141167322
0.08200104435927544,-0.908613913016518,1.2251164354623794,-1.4037928600387626,0.4818513870371151,-0.3971431793904008,-0.27167878010156715,1.2552444414111739,-0.7697747882086339,-1.3084964999560318,-0.8205349987840396,-0.521990444773669,-0.35174723403241487,-0.10429787894045736,-0.6273589435879355,1.8035618529303268,-0.34164192363949497,-0.2900748212947558,-0.8072252068913012,-0.6274122887775946,0,0.03899489083230432
-0.4025554090148655,0.6510497711120048,-0.6220852539749903,0.9696005932221552,0.0010795532238586474,0.06844414380838433,1.2512811440174971,-1.551825250152489,2.147835765330904,-0.13440708108096935,-1.9415470920628997,-0.44186388431485807,-1.3922504813130712,-0.1530534981195148,0.9621496821306077,0.08307409376056801,-0.4850654048950603,-0.3409368439991067,0.6071354766263174,-0.13297244392893265,0,0.8383032197042247
1.544182864082232,-1.3860298700997904,0.45069202802840735,-0.7945644369856463,-0.8655157360166884,-0.09498234476551828,-2.216190712541144,0.8990665754357801,0.06980717655630035,-2.8423079635841764,0.07411497743893053,1.5831283566159067,0.45391197264579125,0.3558934220636073,1.4138983407533063,1.0195568234342136,1.1017017642950526,1.1458117271555135,-0.8125858344448625,1.9214159041905505,1,0.5842741791702226
0.40554100076737476,-0.5811937725386971,-0.9185990928380721,-2.0110733217444765,0.49580480652282494,0.22848440195174105,0.27626864618593866,-0.39585591479229737,-0.6274895612041856,0.5023885708998219,-0.8566389417922584,-0.029760624381787736,1.6076991909121598,1.8899856634977383,0.14197749720880526,-0.7228045087483411,1.1943048438167783,-0.9370275173565554,-1.2727416475415025,2.194130641897962,0,0.0003767964742035055
-0.546694752061744,-0.7803709371914692,1.999474405212158,0.08068685901279021,0.8540940635286003,1.5570677428068171,0.01004254261459875,0.1180847895167692,0.4711018763147,0.09708003056723054,0.27477812997862355,0.2931515830691125,-1.1808695918071073,-0.29465176096617834,-0.9034186495131723,0.4856065553752994,-2.885556074630184,0.12735397209068872,1.849317798353553,1.9593241124217085,1,0.32455341333876325
0.5710145974131186,0.9269346075172489,-0.7525037118374627,-1.2760919518888736,-0.4302397985423394,0.9340632497828225,-0.9620086739206545,0.45483724183841323,0.10253477609499116,0.12111969236507443,-0.3195897043272669,0.45463749746837756,0.031108634969224218,0.14270638361491925,-0.24796811098405183,-0.4712054911759332,0.1552018600413535,-0.644603985813585,0.22686158206912932,-1.089503335121146,0,0.020601462587273366
1.0908339547293833,-0.5755787096534529,-0.6298240214075881,-0.6888340179265342,1.5901111408862614,-0.21958188023202882,1.5683669868608334,-0.08903176308509692,-0.887315855845609,0.9323672728622397,0.7757357086660063,-0.410469435526186,-1.4195801423931365,-0.6606353166018204,-1.4676131563083505,0.5980378887430947,0.6807276155954113,-0.732886397659505,1.0865494454854263,0.4436756021356607,1,0.9978725410934787
1.8028190184141668,0.018177646870004324,1.3525052573322707,-0.16624381878912498,0.03023076058955779,-0.6800335831327239,-0.6129052043707672,0.5183421450661022,-1.198636191122978,1.188331827394443,-1.521850136095194,-0.343896974113539,-0.049793633129058,-1.143377020585038,0.7597951303570295,0.06694234369338362,0.20665972192162838,-0.17460720057978923,0.30233811969762625,-0.262946890643488,0,0.06184821286719551
0.13951887034822696,-0.3196217200088294,0.573079829780926,0.6715479761078712,-0.396833594981257,0.42407120131744847,0.3481867625849355,-0.27086340527459457,0.48248797739222915,0.3852437607515667,-0.8439382967054158,0.8755839985397657,0.21175452659271915,1.016279619355201,0.1905723848363702,0.5585238717736888,0.29029326307981773,2.1252844477945008,-1.141652026072014,-0.2053348886457185,0,0.7180437644273133
-0.31297741550852565,-0.5597741814568492,-3.908106190799794,-0.14286067954615655,0.9473076476297829,-0.7669732147308698,0.5910847822540611,-1.6976715096376065,-0.9044536997121325,0.3648207627525122,-1.204380549375916,0.6038758537416713,-0.06718385850898241,-1.2052473503650056,-1.2676931410992573,0.7987651477056172,-0.22048600235352617,-0.9261575786037592,-0.35382921743427703,0.4669213216314457,0,0.21334014513957822
0.5312060820212876,0.3492065602702175,-0.2655065255228085,-1.1015322598864703,-1.6328108478744334,0.30687153630438735,0.6114282418726839,0.059474238541813655,1.6989754862733601,-0.37845993479963097,0.2266435705073499,0.32026490822533416,0.38301003358314767,1.0043923000556716,-0.18720097720899673,0.1525199299172642,-1.4197206042374797,-0.7770497563144736,-1.3329413159803534,-0.38657436539658174,0,0.17840384535803888
-0.4083111098527345,-0.36874554149937705,-0.6616528951512668,0.6364047318080805,2.1194859759170193,0.6664992199228107,-0.4218186145357026,0.14278932681730128,0.4745486805635836,0.17306059223214482,0.2893217463200201,-0.11765999648081628,0.5659722180869822,-1.1332328589113878,-1.2344226422248292,-2.9624277714246836,2.877908444794068,-0.8922024175857614,-1.7303409734897046,-1.0688570764337473,1,0.9999998739819972
0.6955046750588788,0.22935989194847514,0.8089791088337036,0.7023990285980123,-0.3518100263331694,-0.6191254131096583,0.84218804022837,0.16124010667149274,-0.43363009909031075,-0.3962977791152967,1.0770271655615358,0.9485315221718336,-0.43071807036621906,0.06735708814391822,-0.7234688432725297,0.6718439255877399,-1.5590995262293892,-0.13668687641891336,-1.2568498714475076,0.9641113758034309,1,0.571293301274177
0.49594639817032005,-0.5419114988136875,-1.634570095391086,-0.3186992301574817,2.4007567352374637,-0.389240655536954,1.0460441610720317,-0.7556699163679964,-0.0597317106709227,-0.40326388782654937,-1.1259085416620702,-0.5473494273753997,0.1758657253048162,0.31496051186968893,-0.43957350959364405,0.6682380272632928,-1.7994543827594751,0.35761438969041237,1.004027131176521,-1.3532988970180122,0,0.0005452904436332519
0.6231177080555573,-0.5612259500775982,-0.7849101965345431,0.9166092628442363,1.8289825376431927,1.844026338879487,-0.7152289231039776,0.33536323798052126,-0.6342636405295977,0.6109319003032602,1.1007227123998164,0.7256548747708133,-0.5515996486413356,-0.29289591628462,-0.01413560530081829,-1.097688581429457,-0.020993237939165934,-0.12141575248026328,1.2084326720984526,-0.27061328422680636,1,0.9994937083902333
-0.33421843870652573,0.18725308874570162,-1.045947752177025,-1.5729068103655734,-0.31104702180904387,0.07303173153309246,1.1052146397534475,0.1813484942794975,0.740187808841255,-1.4605422445174923,0.8385648706830735,0.84377938112921,-0.8652395466574649,1.602674472796407,-0.10138227653054563,-0.0497837347462003,1.26376343024648,-0.7864257969233087,1.3652953226275357,-1.4092508571270785,1,0.6501038131008111
0.8566336565183927,0.6437714860530827,-0.3699449807682079,1.4041408725406137,0.8804200706702582,-0.6942793618370452,2.1572177873483134,0.8677115886753066,-2.2426909162733657,0.34206022047566553,0.311488970642836,1.5602172541464983,0.22587026144165154,-0.2137078088557713,-0.629676788338628,1.6127253177533105,-0.2706636764419787,2.606444941565802,0.8353215997353339,-1.0038675079533783,1,0.9952144714551819
-1.1381843002812222,-1.329932453622506,-2.9037243816533524,-1.2044856156637949,0.36461856122784925,1.0786933523023445,0.33612844380040946,-1.5609667886604006,-1.306606824403937,-0.26586096114338587,2.946400359246105,0.24963331605920086,0.07065032459071496,1.522681639985563,0.4572968274705038,-0.30727077302109385,-1.1244343175165679,-2.1100585779506407,-0.5120453681418736,-1.884895743837078,0,0.009706566584819361
-0.10062647821216308,0.8106254881716484,0.09620794897564297,0.20086378726926934,-0.3056631843334338,0.6673940693541398,-0.7137114407164205,-1.6140407958071736,0.5051872919740015,1.661344047515498,-0.3332363326569085,0.37602818953348144,-0.28065451807052894,0.43834399948041175,0.26330920492389753,-1.4463576545738484,-0.23026903001333407,-0.6048262111369264,-1.3536216924610975,-0.353777450475275,1,0.161577852548754
-1.7810036062159942,1.0578598011980558,-0.6091517773364795,0.24820493032517016,-0.857650488313987,0.08389182119962509,-0.3950148748194095,-0.05657124673293656,0.6089318477859929,-0.9603420308651958,-2.465797948530513,0.9759614929974262,0.5711023336108891,-1.5924441431198124,-0.4070844564546951,-0.27458726579966447,-0.01689130932271392,-1.663197943866019,-0.32711349251585636,0.18182028732491193,1,0.9513324842483037
0.7353204220222336,-0.6160508982414603,1.2519180628439661,-1.4544254277138926,0.7133254428406814,1.796197524040573,-0.8118312876409081,-1.4416733699463498,-0.23380308508937975,-0.4876374175564389,1.74857595233081,1.0856103448458254,0.45193106005915806,-0.09733074910282762,0.23283130985097886,-0.4928876327491769,-0.7787467624390927,-0.5449028168829094,-1.0963530113167295,0.8000923673882597,0,0.03426930064235517
-1.2604334340000762,0.459953738625907,0.5153326059686733,-0.20067835180026147,-1.146944993096266,-1.642839578472005,-0.8758459286685558,-1.7992263386644645,1.2396356264655177,0.6398143515832687,2.3474488377591096,-0.8698311807960838,0.7136631591492957,-1.0662121860639218,-1.3093156931032226,-1.7443914187845198,0.15838367219572622,0.9560825265712948,-0.13318652479040113,-0.3232274461629634,0,0.06255373067232771
-0.5972852783096652,0.2026434667663129,1.0305798278630354,-0.6496608914798955,-0.10082933088199969,0.23231902971998258,-0.6170473801037457,0.012922466123170906,0.8479376401229234,-0.05845063275101462,-0.1338729346585644,0.17663288317625506,-0.08756912912953042,1.0389964158862266,-1.1175032372589424,0.32766403773061153,0.5656169275170186,-1.0103195231209454,0.07252688212238784,1.3777565967563485,1,0.4422280351266615
-1.0966137638815405,-1.0573125811550783,1.4661291652839876,0.4442228409692888,1.5170948954840584,0.35756166690202984,0.5283855024632633,1.0828391937892223,1.696328195259403,1.2635247860920649,2.536328960208541,0.4318410595618551,-0.2966979362974172,-1.3772048221285713,1.0090748122022697,0.5845768991754163,-1.0093979102507118,-0.3981144220807748,-1.826797413069036,0.04313529546486013,1,0.4909662551825153
-0.683638894879167,0.30878626107139123,0.7619495641747273,2.158444648477478,-0.45941733550251357,-0.5451975582334514,-0.8324896382225276,0.24304540944639025,-0.37899597337721186,-1.1116145601590013,0.36372890955693654,0.19421175230085716,0.9679860366772649,0.12421487106871014,0.07218012023503649,-0.709872454424651,0.3568531165863945,-0.05926881649676623,1.7762889738512135,0.4833042057528296,1,0.9998377837471775
-0.9820245076011138,-0.28275861953649145,0.6961926434499291,-1.051538655560443,-0.23436772570536682,-2.021869016098343,0.703305946525053,0.11469243928028236,-1.3908368090604086,-0.8062032204247359,1.3543860150455183,1.0736005764179084,0.26484606356057144,-1.4028700533950451,1.3034273208188978,1.272585692772949,0.5863260412837826,0.13360114298052544,-0.8475126171872738,-2.9148607902562866,1,0.9337101676819424
-0.323517181728356,1.0036975704507145,1.4949794302744075,-2.1873279537537638,-1.365772947315056,1.1698718187798909,1.4937626321157593,0.3480192536433,1.201185474912375,-1.0064912479911465,0.030064130100239672,1.2534553617594433,-0.21259981452584786,0.5372208288103473,-1.0964870260093968,-1.2944880684741233,0.8560303988820044,-0.3871792061805142,-0.1717347689124448,-1.8117259869920588,0,0.003195005029439375
-0.12651032216326977,0.44786761090323984,-0.0643840776484434,-0.6391033884147995,-0.13258265379372225,-1.4992547994071501,-1.1265474709816536,0.32488403035312735,-0.49946405465527327,-0.9356233839224247,-0.24219659326727916,0.39942393914307817,-1.1511223852176484,0.3724593203889052,1.678198286184503,0.1165215815493888,-1.7420986602977813,0.273052519195421,-1.1883743216521452,0.9250592949379396,1,0.23764357145017126
-1.9580112660413957,1.5054538276778304,-0.1683580592439975,-1.8079275357487894,-0.8667865733176013,0.3544134733430742,0.8879526280153744,0.5161870501261557,-0.7802283820554623,-1.2896329375565017,-1.5050758295902287,-1.1530196428902004,-1.8385856934891345,-0.9670774360237848,0.13082709324908828,-0.38775679375761934,-0.14080294841775273,0.4504273319363596,0.10920696863907214,-1.0363326161781081,0,0.055219802059227344
0.8131276355702202,0.7637437045163172,-2.1189941552980125,-0.0890817456889034,0.9687762539869267,0.2385297415341095,-0.7211889281078117,-0.21684833620127714,0.28885496506171127,-1.4579175234859594,0.2513207008625978,0.26083460030065986,-0.8735758903604316,1.5135471537599594,-0.53122500368334,-0.8527117808216933,-0.42940618896401517,0.0590316125752493,0.5959774635059116,0.5930410373965732,1,0.8370435240459642
-0.41588249686466183,-0.7783319656262246,-0.46131212621334494,0.324462818077711,0.029765779121832987,-0.46084259128987687,-0.9104680514875149,0.03848999908460635,0.24638639599635345,-2.252984466895466,0.5653500246801267,-2.8580097693002267,0.1726535270621838,1.1163011452667175,0.09715805117907977,0.14702578483505616,1.1451493517700226,1.0007597236499683,-1.100468545229564,1.5817537367516976,1,0.9959207774056865
-0.45573708888642156,0.8072432717615807,-1.5324914805669307,-2.3504041056432015,0.24813363479810607,-1.060003062624262,-0.7328819056850765,-0.37307441346027437,1.0828362142644932,-0.40595859801729756,0.05979278799611896,-0.8539617050611765,0.8997902270964937,-0.5006303015218836,0.32016490300461076,-0.13422027412637613,-1.1240863083813586,-0.22472964228168438,-2.1904718187369325,-0.09227132598455585,0,0.00034020921710617707
-0.46775995526897174,-0.14375722205363115,0.025105294500990808,0.9444662767660515,0.5346949779685646,0.07831178298142094,0.19792570083112868,0.29769199606783253,0.36176192137572627,1.6182754860407977,-0.43213494938171354,-0.1617541974065094,-0.34812886867197745,-0.6146487829670992,-0.015930518409488195,0.20839543986135145,0.02062891234585662,-1.8339907524704646,1.0473238745869662,0.6020909806279522,1,0.7907808556081353
-0.21400177747335633,-0.3913092962613793,-0.3051659589906931,-0.019075816846997613,0.6517569998160202,-2.9503978113236093,-1.1593677516819927,-0.5633078531598579,0.0874877373558312,0.34670167886053116,0.16395910404843023,0.38393528543743144,-0.8835798639408479,1.6609739972402693,0.6978408468715596,-1.5865589168181566,-0.49464706893778365,1.3560055837644196,1.2076000373865257,-0.6098821155825634,1,0.496642996278858
1.3481979438069078,2.455955873177343,-0.20998394300327916,-0.7802265769306034,-0.060715263667556654,-0.6219887430723156,-0.1502400128104534,-0.8851088104774401,0.37725652857198755,0.6315068744945892,-0.04003705202572529,-0.5737476850491381,-0.3047015662609905,0.029948458440501247,1.1660302583978863,-0.5718146708646592,-0.5644937472108965,-0.5788922011213454,1.778242911976301,-0.7938696975141523,0,0.0575630694642114
1.1246863373940075,1.0002217974826002,0.6497329496301046,-0.5954790917936283,-1.2723001207546556,1.125154908800559,-0.5480571515414487,-0.7953549038688803,-0.45173951124827955,-1.7440110164623406,0.581376041698475,-0.29783292208317413,-1.619935238850797,1.175579361392693,-0.9401047121127788,0.258710003552353,-1.9993047629972784,-0.03428094975920891,-0.17649778804825164,0.9099538225082004,0,0.331877900750754
1.0157250888021756,-1.4806823938798748,-0.9184676638525237,-2.9669050333286515,-0.9545861645594699,-0.160893884861561,1.2304389280002272,0.21026737389900088,-0.7685241500627636,0.6973526850448479,-1.0023182449752828,-2.2252934421022377,-0.0459974174431613,-0.1486764732780904,0.44796470255824267,-1.7749362456345388,1.2884684881096422,-0.5296409546332241,-0.7919887346993033,0.45662855650183337,0,9.640169559503399e-05
-0.27969165404911905,-1.9322835189900438,2.1003137101295013,-1.058528577584611,-0.4346082059054294,-0.30596885306456645,-0.6044465317796772,-0.8656282227834033,-1.1910113158358493,-1.0459529654740005,-0.07128573239295893,1.212935666802669,-1.08317664479592,-0.10066499573018689,1.1936297426708147,-1.683121113599385,-1.5598015976518353,-2.5198946542081178,0.1651750905999011,-1.225452000397931,1,0.13880199292714215
-0.7598853388856095,-0.4677328214333421,0.5602888274873511,-0.6134394240967079,-0.8104480150969477,-1.3893238181931402,1.0263616848898465,-0.9883539884020407,-1.226390555147466,0.7237128396338471,0.44802608874480576,1.1306917711170357,-0.2694194690949807,1.4788405932409479,0.49344630981499765,0.012785260278335245,-0.21750974747779397,0.2707991915356651,0.3854142614895313,-1.0991223813847402,1,0.5757089322038128
-0.11487171839124183,0.960452740793735,0.21343543332832693,-0.9893227274560801,-0.7198652732312479,0.9249973806281337,0.5569434623033841,-0.058857525392977506,-1.595441956897004,0.5184393614300193,0.7652956720182436,0.4135821849775504,-1.0691019243564932,-0.7836978829130028,1.6387590556667944,1.761316413831845,0.4723674673979613,0.17018221623471042,-0.013270967717179833,-0.5867609117246603,0,0.017855273187951586
-0.4265465898235431,0.18098045159088616,-0.31483908463515986,-1.9952071668272924,-0.24519794503668982,0.3436071615667919,-0.43445806863972025,-0.5662680307595969,0.6427983418430556,0.17606216702883176,0.8621461361488979,0.7185638947880778,0.897290684548721,1.1930988892704575,-0.3560504114105644,0.46759380925843225,-0.37744973206083143,-0.1856122976711084,0.7585725286718553,1.3181306723041983,0,0.007097134297523257
-1.4509257146704613,-2.512886499916959,1.9291515101409558,1.8682441538567909,-0.28808240218315995,0.27666676271432017,-0.36356277123010095,0.9591553618239024,0.4434978596159452,-0.45706684560055844,2.7552156130599226,-0.577406326891016,1.4481109555070593,-0.866781581836644,-0.2849337921474296,-1.9138684388484886,0.3771573192122146,-1.5636628058839777,-0.8837801495645619,-0.41591720939482135,1,0.9999490549420391
1.103999255702865,0.6525674561333543,0.5676353824463812,0.1467020637901114,0.3547706895946966,0.6496028062123328,-1.9247586091804634,1.1547037085989142,1.9589022032903467,1.1989587112364408,0.42556471600615237,-0.2895304336785051,-0.13704030538624115,-0.055987256534771435,0.3296041757570625,-0.6103555462513053,-0.3531160434326905,-0.8520986280968742,0.007624498304689701,0.5807040704331001,0,0.21039907297287316
-0.8014336337166744,-0.880043003472221,-0.7616682909939045,-0.5471389553750392,-0.2654683088478402,0.9984334268465974,0.06374200144218278,0.1852664119885819,1.29538221147412,-1.573857368666952,-0.9809904634613732,1.1939197896127538,-0.8662507054976926,0.0968205068194395,0.8637490934464007,0.048500143833145645,1.6379345892621693,0.5769850953722387,1.6602339299019069,-0.40589760498832056,0,0.02133648588049734
-0.04097569647186633,1.0542456374732574,2.1397031934043036,0.846754546759364,0.4361091373527353,0.9071611569853236,-0.11624550129051824,0.6239718240243642,1.5464236001047647,0.7622043603905065,-0.5423554305978091,-0.3734369807490092,0.045207994267027894,0.3864950916728954,-0.7018525201530909,-0.8601144363730282,-0.48562487871087756,0.943938930870482,-0.33281841784966265,0.7476694889865182,1,0.8772389233725567
1.5773119676457925,0.3762343008114548,-1.1125053976166905,2.060964047657962,-0.4085362329153009,-1.6252676208063863,2.557457837232882,0.11897068536323557,-3.2271607969074614,-0.5666008380416077,0.30028125453843985,0.5120481149782488,-1.436608823928249,-0.8109996354801399,0.7055806594712752,-0.398355744803927,0.3562147042452287,-1.6054368207579421,2.778718410926975,-0.9304429540429966,1,0.9999654264783543
0.058347744110825384,-0.4508362490807797,-0.39190961104840466,0.04749108337685963,-0.6634555945839979,1.6571070487628858,0.19636262714837413,-0.0022371378570651755,2.000847395301457,-1.8991021731508886,0.004282722575826562,0.5671559328064089,1.1289598774928638,1.1012941955287006,0.38670203579614704,-0.1228452259456846,-0.061484966903239346,0.9137263576795928,0.9650752684924324,-0.315566078110141,1,0.7109667111499597
-0.5449127734937942,-0.40507366356423957,-1.5035034774285005,1.8045920469558279,0.6055764251900161,-0.23928369875207028,-0.16385056285960964,0.0920024015491772,1.6867948058436966,0.8660870510132394,-1.8533519607727822,-0.22893766646070804,-0.5465952118683802,2.1568821047717486,-1.4636463796325467,1.3999268566780643,1.824476043387507,-0.11737569712023549,0.6568683145590554,2.6325537656402043,1,0.7214992269653978
0.6533540464425408,-0.6817011934630172,1.6991375603893217,-1.3246290924516972,0.579181428293591,-0.4591920985436712,1.9711236362242937,-1.6116303284716214,-0.06040154013463649,0.7155146151766422,0.026951529523264888,0.16583571047031184,-0.38647998178380444,-0.5399036002554564,-1.2075557922744418,-1.5248403996131976,-0.0021572105669558717,0.9950942408336292,0.9721078227029488,0.8030788340989379,0,0.1727381983847963
-1.7322218297594831,0.3634621014426871,0.5213002759186663,-0.06505179873607321,-0.5970733101658513,1.3570168667480385,0.8675941935068674,0.034436750046093055,0.018870622534378653,0.10817823790168878,1.1960917643368203,-0.7207178349276737,-0.32768152313736,-0.7566265453949127,1.6232490166552105,0.7764391185920436,2.7398814020808717,0.6193399469013322,1.6598306764726276,-1.0644770870659372,1,0.9687616832145484
-0.6228859386465212,2.3842213931139367,-0.34603806010599236,0.970874811502061,0.3607933495351664,0.5687244527930585,0.5327610905194639,-1.179556727320133,1.742435883201058,-0.5921665704136934,-0.1163939036172086,-0.2738227167268703,-0.41786852696322135,0.6855584197551775,-0.0622977770184424,0.13422194522406442,-0.9026123481443098,-0.1388934873363817,-0.2617181342656029,-0.0674219300357531,1,0.8984482908493354
-1.1570558514954947,0.012253761022857365,1.4576065056460323,0.0067000450668599195,-2.1292731676307777,-0.9434363613167007,-0.053469178452685055,-0.5378035015359317,0.7834676732438891,-0.4393601615097895,0.04232674391259007,0.19267250726203217,-0.9578471611599134,-1.188487253289517,0.3517855720157197,0.24553238432543095,-1.1958592694660382,0.5591887079344894,-0.0849936806802245,-0.6187192459497842,1,0.9953888097707815
-0.3901431744790195,1.5178800657938067,2.250421067227322,1.6310057658683563,0.845880316478219,1.1152582083347156,0.5354666343906688,0.7562798710395656,1.0217589987348967,-0.2537400972269689,-0.6577076221252562,-0.11967386401089604,-1.7257534860546873,1.126012008867227,-0.029287868540154173,0.9435574834536572,0.32462569941293284,1.0442892697757082,0.3557442024581399,-0.7969987503400213,1,0.9659565570483163
-0.41620936945257114,-0.5595711871139145,-1.9209228177816882,-0.6484148161239153,0.26458845514223217,1.1060137723322303,0.2952660895972233,0.3863517121641472,0.9813481425722161,0.45945308044036476,0.8750214494717852,0.46821267996791555,-0.6384187357090674,-0.04134935098288093,0.4403712234563997,-1.0017007963812976,-0.7873532631205247,-0.015400213634277429,0.5117483271018303,-0.8611216178657034,0,0.05158462942423927
-0.24858502648942923,1.5979679404202092,-0.9004937900858938,0.351010601534137,0.34515686872053475,0.0942675048666075,-1.365423206025343,0.9749985270054908,0.4956298344128195,-0.4248080433524519,-1.498043436593073,-1.106552643877969,-0.5547641334614107,0.9979600013683871,1.795587502949735,2.7096266005887646,0.9670823819028113,-1.3178633195526999,0.5101758842300238,0.4997727666684622,0,0.006873245705387883
0.19557160576100546,0.06205104518786169,1.3401779743834277,-0.31087770398782527,1.2958416920186575,0.8721947342927465,0.500483487662121,-1.1505648266222948,1.10410775239916,-0.22618613619924688,-0.19605595233332732,0.3598271652818381,0.1286681222278351,-0.49326604017872133,1.8131844990181354,0.983542877139604,-0.409150776765919,1.3127428567578194,1.2686260142018342,-1.3952587576161055,0,0.0014768210661719125
1.1771354906219444,0.2613205505595084,1.0072078513983471,0.7827744948403401,-0.7403537044289863,0.47306206671058243,-1.4122168279618854,-0.7598835037849546,-0.9061043045114809,1.5853373758227465,0.10058213114640772,-0.10947774555218273,0.6903192482497303,-0.2497181433632274,-0.4757691057547985,0.9604733601677975,0.05086204896127705,-0.019927961973794962,-0.5452481642111249,-1.2556324639050866,1,0.7726080868550583
1.5520081056086348,-0.05255557819037052,0.8561815594749173,0.19669833323290967,0.33075722266464225,0.3700133963814681,0.849511123098686,0.045205525990660834,-0.9389878072288216,0.6789191723357186,2.0374605568162747,-0.7542860506611264,0.6393818353700041,-0.12233572405398256,-0.07004085129862406,-1.082832545961678,-1.2189453343854604,-1.0449225722654363,-0.33712809237575514,-0.5615574056575127,0,0.20311887897630715
-0.8596641357208499,-0.5910703543327901,0.013874570587968305,-0.8585735122643864,0.2558558678404678,1.003584607743324,1.1253079966235955,0.966590555228418,-1.0548906348279896,1.2844779674116897,0.1764006432103789,-1.4492157618397283,-1.138686015201483,1.1736800873675448,-0.5747046007103065,-1.7263786913529624,-0.6756710778882514,0.4143125402561699,0.7753944882472648,-0.32851842563052397,0,0.1139397030927881
1.609188883193113,-1.9283464976783067,-1.2398024886069212,1.7297360468874607,0.2825739600209335,-1.2513645179739699,0.5164266243445036,-0.15432087457713886,-0.7805077882067647,-0.4925279730828592,0.7959164321767471,-1.828197524733604,-1.2867122476966582,-1.5190538697713811,0.5999593718265089,0.8613454665414291,0.6192038968699911,0.7110191709556356,-2.9263243694110277,0.4170164680893366,1,0.9996966637777647
0.580960425547725,-0.2989472489941298,0.015669814264932254,0.5439376256108733,0.5122238170993071,1.4866391600591244,-2.712838545926666,-0.5362455810425182,-0.3333862079208359,1.3455686741874913,1.8567945375358796,-0.03080306857079112,0.701041516596762,0.46762106856257357,-0.3260384614682503,0.668801336407444,1.3412962316943648,-0.1968411018260595,1.503788491892267,-0.0024722261872597226,1,0.9999642348330581
-1.169490378083643,1.3965137997095993,1.266035969283929,0.5743442046133423,-1.9173250419059944,-0.6982792456683098,1.1178813442993478,-0.4921766619748195,0.8571994990096452,0.659313729689438,2.062256772357515,1.4848511114456269,-0.7539901086943418,1.2529462284020343,-0.016709467886454218,1.8759096203275882,-1.2339325232747687,0.0542707007481314,-0.9027265859228184,-0.48254318920814326,1,0.02684878241830607
-3.3463459203395263,-0.16249115768282268,0.522459140659838,-1.4958593105812856,0.5663954512650944,-0.006522628028270225,0.6377329063984208,-0.6452233598761914,-0.20829189320265307,1.8399421540230783,0.5047550934427134,-0.2217162738234101,-0.7833906040791101,0.9726141258309967,-0.5623167758898844,0.17961361367674664,0.6886641223886844,0.9593923880077166,2.295564169552593,1.6910541051228682,1,0.2141404137462681
-0.5438674148244884,1.0285166774402168,0.9892353336783513,-0.031823648829964635,-0.40215398268166297,-0.7286930248389836,-1.6866416023524093,0.23517267379652554,1.2378238016654108,1.047527959257034,-0.8652865445125886,-1.3211703593951483,0.9574251216105525,-0.40569436830653377,-1.4138145934555788,-1.2032768272618108,-0.7089076673705028,0.048571812435077105,-0.5375388292079182,0.22186304043216137,1,0.6051486398487023
-0.3725979320361502,0.3205038993501287,1.6959477676849712,0.4702486814938048,1.1825144850956273,-1.2405670624472862,-0.30602609254889546,-0.6034972600678975,1.9046245214575654,1.5606494796323125,-0.5075902434709896,0.345708994601345,-2.845311867967213,-0.3754176471429565,1.974891544236581,0.8673592185027977,0.7838644933484983,0.2477930534848826,-1.580820789352395,0.44720517503065943,0,0.04610228421118985
-1.2172048095732237,-0.5199627711631825,-0.9061760530008629,-0.9263507381322158,0.09419099176464865,0.06735936785615879,-0.7816640419388278,1.11702731167622,-0.3623549983153865,-0.3291039001486767,-0.4021809728998299,-0.16621857462960998,1.3983309868967184,1.4819022391940107,0.6086104704508782,1.3855767406263217,-1.1857465772224933,-0.6298164739272667,0.11315535516781806,-0.6885040186463728,0,0.03387619858221382
-0.7261495588798549,0.8164877045515925,-1.7108298775152253,-1.6554137881376831,-0.45979403906259764,-0.798652201863198,-0.6796019343592363,-0.7213480794614961,-1.375223913008559,0.26878909013028124,-0.868329819912927,1.1185992615368143,0.42489445355708627,1.564289268975278,0.3666982083073014,1.0217951495967639,1.6346349933163158,0.6494639843417955,2.4339114226801026,0.2772448647564787,0,0.008367034795443222
-0.6457960581927836,2.0013395202953372,0.037209926788143916,0.10893904634231559,-0.6945448077596666,0.06685058685507461,1.237397778082728,-0.9866599581972363,-1.1661630722416858,-0.015668873413711558,-1.1111887802735159,-1.4506977566167645,0.05330953035439244,0.2675018436528168,0.011343527864540504,1.5077195838433115,-1.0582058733785833,-0.5877929983436512,0.0789361580795586,-0.03529127539083394,1,0.9535504612678923
-1.9664265353782755,0.14109977992751813,-0.49187239189910326,-0.4209583988294013,1.0074920991819118,-1.0496793261385966,0.5602116969542922,-0.215593880892453,0.07775722624752604,-1.4619463698325796,0.34191006954704634,1.1588828614521898,1.9577320578397754,0.8123384899865015,0.662359552193678,-0.04942479592073363,0.1808637678668046,0.418451763626913,-1.2335629857377441,-0.8729785954438829,0,0.5707609938074526
-0.43430510771096403,0.4048561881583524,-1.258863712265412,1.9170550562344202,0.4537342952715485,-0.9340171491324457,-0.9995530562327707,-0.4300581820813536,-3.3470035419718425,-2.211188625076763,-0.42253838890894696,0.8737854612486148,-0.14596667233900507,-0.4276891924422526,-0.07699363032332586,0.1633159363653742,-0.9749674946377367,-0.6473946997949998,-2.2567068523722185,-0.3613223129119786,1,0.9957093106818751
3.184437674785625,-1.0509628700988922,-2.3610616013812784,-0.6028122503815388,2.366850526055907,-1.3048579028331473,-0.06472614807184993,-0.6015380599537529,-1.4841609391934782,-0.8144922438644747,0.20698256626993555,-0.08148290595036849,0.15585537628756468,0.3777126548634988,-1.0746161839712736,-1.3518250870021247,-0.5003133456885602,-0.6535114634338134,-1.8109936139059404,1.0007343097796348,1,0.17029313492981787
0.7081723580209344,-0.6359899991499857,0.6775239619733201,0.543294905919637,-3.9479500680362594,-0.2742758913227582,-0.31862374056936477,-0.038784986471626065,-0.3770648087092116,-0.3694598489955615,-1.1921820870287803,0.03247296683759426,-0.16626903752116354,-0.37000694403060147,-1.5257793836471596,-1.8395613737528032,0.011725496450996874,0.09195163592131667,0.6769515303032198,0.7394985670836255,1,0.9992039076389481
0.20550678429170952,1.3406320585750333,-0.5368666652873045,-0.2861510170615744,0.7758344796368183,-1.3353815607968083,-0.736493886140624,-0.8091893379796823,1.2050159627415322,-1.7887683927437683,-0.040218859613006176,1.9165149939979458,-0.4281141854349596,0.5121167123996664,-0.17442932937204206,0.4902799333976643,0.5800313905075535,0.42942327943598585,0.04799146814398012,-1.4733178449772588,1,0.8265464754790972
-0.9622635453745337,1.1930657360661703,0.4127972863464357,-0.6434796963174264,-1.164972116548221,2.1066573596413005,1.0574126254308929,0.11682592569203648,-0.517127471796352,-0.9091508719241281,1.2979538149652514,0.20906125749646465,0.19778415585013018,0.1501678914487245,0.8626525142767151,1.0943108017521554,-0.20455478302054472,0.645266621706941,1.544246179780742,-0.11227950202736846,0,0.028218444278772153
0.6444203478914262,0.36535621183520206,2.2466386942219034,-0.025565673014606338,0.4159522913140077,-0.35565605933729827,2.1468635368588034,-0.15495852591358508,0.6585819921378203,1.023698541266137,-0.07924392916799483,1.6573946269973194,0.7451068182764756,0.10230830143030804,0.6275608169069702,1.729556348791886,0.14000806415867892,-0.8136805885097368,-0.5096318684320505,0.7261474518380966,1,0.32119017862290267
-0.0155515248507443,-0.427007338316423,-0.43240139471641875,-0.4657271906838511,1.4719717857457513,-0.8555038248174036,-0.894445828776314,-1.9860123906104656,0.17607715529324117,0.779666068487745,1.0397335462004884,-1.618289033000887,-0.7697698988771613,0.38734303003764886,-1.5983484032991704,0.011788084635456535,1.305751331083474,-1.0303556498185462,0.3871182423504381,-0.49589670074444314,1,0.9998263493833607
0.6546998637060633,-0.17467166483752675,-1.0293466166715928,-0.476376367014244,0.6643820101058607,0.92998560130302,0.8609797301536296,-1.2314447465002192,0.7267737007306312,1.0224857189668226,1.0116939462089831,2.3812586042028085,-0.46720112393111796,0.7800001525444034,-0.09082455839851386,-1.64932389462286,-1.5844903776048804,0.3087099534399506,0.6421559184538793,0.7245360217966441,0,0.02568783224486517
0.64977981925831,-0.23485502867762706,0.9038227669981813,0.2656011631454258,0.40309083773188775,-0.960086888435654,0.8384828423158662,-1.0691377979570862,-0.7764177446023777,-0.49562132206437787,-0.15340235608958927,0.5636106337935766,1.842336517485433,-0.25529062124127505,-0.3628598495923081,0.20755219259606164,-0.29733006002398393,1.9613911503642858,0.8595397181917253,0.04925917611517524,1,0.8779365568025695
-1.72886435146305,-0.5717047587780253,0.3729955527880639,0.9393224388119785,0.31085319657364147,0.29096361489648753,-0.22343912064925184,-0.5527319564889841,-1.553240014162387,0.6971752540153426,1.6000450067355987,-0.3323019991397985,1.7561614717082827,0.7822970172131315,-1.2345940445402965,-0.07871858736860521,-0.7490918801562768,0.5414833049935991,0.26615431262587663,0.33362896446357143,1,0.9821510501976041
0.20502003137419328,-0.12687215456870723,0.23973174325722585,-0.0232188473191564,-0.059345983329093424,-0.8217717636388966,-1.3072240511984898,-0.5951860941038044,0.2882668417657607,0.3005762514550337,1.0641242084836489,1.4963733710627047,-0.627842222818967,0.5432892707812033,1.4639986034447328,0.6946880224252044,0.7511218151867513,-0.5687363924865863,0.37280279043460174,-0.5639991392310685,1,0.9493859762202147
1.4353241188294632,-0.6090599915767385,-0.8019140977978578,-0.43565344457185673,1.3144388454127327,1.1446812247687947,0.20336488134288622,0.4856972407620274,-0.14383524887701785,0.177391836638794,-0.17748988358523876,-0.9065658642814894,0.3949327626251521,0.023110639431490883,1.1071211597644224,-1.1399288561169287,-0.5136459858905258,-0.3971918384575128,-0.034023125281602846,-0.574159020360608,0,0.0029579772869621243
0.3639551622732733,-0.8399190678540213,-1.5678537033179905,-0.4641064298904163,-0.7682209603054974,1.6655923903552585,0.39962806522001987,0.6302443876062732,0.4291984484888024,0.0202843957270087,-0.5074317205363598,1.0174008862072155,0.288263789845094,-1.6900047600727182,0.08716944534036535,-1.4965098925294877,-0.40095422460941665,1.6556766782196866,1.1926198501527285,3.092227392696731,0,0.25939767391049945
0.946655065792665,1.5535481057141336,-0.5894536521433663,-1.1866129656833002,-0.7313806964694155,-1.5095786087447325,-0.7775564682573345,-0.462297815062785,0.6185978601283325,-1.3826616453010727,0.14369327897554274,0.34837369489183245,1.1984639017130923,0.741663591616849,-0.3344348468463397,0.5440164358541053,0.019251401042281287,-0.4823309208954084,1.0861550493164944,1.2144932483730302,1,0.36578833842982633
-0.9949047249037106,-1.7059201624315607,-0.8329552366903668,2.2830594907029775,0.7746403892910557,1.3196224627954103,1.0012777737627916,-0.918968500258967,0.023918403991617685,0.3245007001987905,0.9365329530300163,-1.077970820272086,0.48029285896769397,1.6944844480879,-0.07235184596485059,0.12102284543848983,-1.9264965657169162,1.2697887525616716,1.5187256862115883,0.5977311051607411,1,0.9884585449627061
2.1886078595918033,-1.832873068750962,-0.3816123242884825,0.40047027048284867,0.43582987074193086,-0.08652244586440928,-0.4351405253096485,-0.614464646012915,1.3482406804203886,-0.1434981602872458,-0.8430286565584046,-0.8026512301975974,0.13318569148835,0.07038530377216308,-0.030227665808465677,1.0476311923134278,-0.5168861819178732,-1.8830710182610557,0.6184027373217013,1.9026403451221072,0,0.6806521190398953
-0.23955297626081867,0.11217025394343644,-0.5643304169202916,-0.6280530703811059,-0.9067213247190739,0.6374177201986552,-0.04363119915103113,-0.5564529509163111,1.4895822718732596,0.3199033478486046,-1.1461694541344591,-0.6623629794573791,2.2742303941378537,0.638332460003761,-0.43441109326462585,1.3353372878308367,1.2815394208216442,1.7799802962214932,-1.2830626343268283,1.3597714284212798,0,0.013776309682850136
1.667107356409807,-0.8161149260778412,-0.6240937729819844,-0.6212675233686878,-1.4518180542437784,0.5991796251787508,-0.726218195726958,1.3326694135828059,1.7799269844072236,0.1279138137211439,0.9510837157400401,-0.4337237416485049,-0.7479122748266697,1.5488009453917781,-0.32371152602078407,0.5966558764704891,1.3678892868016714,1.5008129585314245,-1.0920047336831242,-0.4699758005204011,0,0.11578811014701929
0.9260243727799657,1.5480308931295874,-0.519181592978165,1.6946743893723726,0.7831859825164292,-0.01344652431238296,1.095507323375988,1.1680518479113158,2.2799008611466323,-0.11556810859672775,-0.8652403011507003,1.1526019158645888,-1.1911172077218017,2.3565923332765153,-0.88186494047755,1.3250411054349376,-0.1858148041721639,-0.7407555152916915,-0.1469730871998988,-0.6179840227067412,1,0.990260599992378
-0.11219167439428501,-0.050738203229379705,-0.7150469028550163,0.26472474546011476,0.29012686846628155,-0.29619788339442055,-1.1660901670405703,1.4111544675648588,-0.29198820183721075,-0.0117694959712577,0.3113767394001415,-0.022563620133160628,-1.352086013158646,1.0259937685817926,1.2699906737016105,0.3776077987041212,-1.0340641887368989,-2.1479740153147873,-0.6368108264516572,-0.2392143181449652,0,0.15141798033050918
0.6230663957888668,-0.7489619806782165,0.7003850656097559,1.06607270446928,0.4758199181987821,0.6015683852025698,-0.5187846578731405,-1.532357745829064,-0.6813285509922563,0.5231006959129102,1.6953299827436215,0.7359450273802344,2.1117851701520385,-1.2099558094028804,0.057464357013126424,-1.7694259538106443,-1.466832439521988,-0.4825703465247176,-0.4223860793717607,-0.7006185563006609,0,0.550964782487303
-1.6093296574752685,0.9339867189350471,-0.5568191107400743,-0.9502273694609087,0.5195047066334986,-1.7796265406366811,-0.9404535937229702,-0.22303797092409255,0.5099240677549537,0.9793364069831152,-0.5868911112414498,-1.4520697452409366,-0.34973471214785035,-0.12126137803515553,0.7793349285077064,-0.08998239076110258,-0.398100027925208,-0.8823651775311746,1.4435359648485413,0.03680609933864504,0,0.01827047959023891
-0.030009557708281804,1.3289476551913764,1.2401901980365375,-1.1621926720100146,0.7914868720014677,-0.39160557503539184,0.21826742854214942,0.2428122936050273,-0.5213820093378727,-2.08956742695065,0.6684670043369643,1.7627651971760354,0.04849695266702669,-0.9150690467773992,-0.6506133345528864,0.9941638640056099,1.4684597010985425,1.0874405785235108,0.9396462732396391,-0.4985191204467586,1,0.9921499871018686
1.044998705612605,1.321112724590956,0.28184175183503624,-0.9175714048298337,-0.6143322290740147,0.43956978127784846,0.8158245369155536,0.3949378867370632,0.2331156891559128,0.054529406203930236,-1.692606991455588,0.20375131024745174,-0.05906626137083189,-1.242238064246992,-1.0701643083579324,-0.9431147594293753,-1.4022593319532553,0.5383765285076829,-1.0976574017779779,0.45491347159151707,1,0.8884258628180355
1.615298258839192,0.8566024880151881,1.3005706850899783,-0.04364204526000932,-0.36505784514985323,0.9588249749230952,1.0497611856715652,1.427509563294461,1.0400806540422773,0.7259164172863151,-0.55842814892081,0.6549904960479831,-0.26092105970383606,-0.2746142401186534,0.38535028756130424,-1.4868505336345823,0.48159063881239667,0.3999656923179059,-1.9395658056345426,0.5358775536426154,0,0.08901896514222281
-1.2553418649925532,0.617745062952259,-0.8939046963631079,-0.06795704926887774,-1.5455099789586133,-0.8706011095496151,1.8480288408727013,-0.37416204302114936,-1.4679433775129074,-1.4939868097574527,0.1593909911713133,-0.22010050349713461,0.8082202881175596,1.9034921229544581,-0.02688241706740569,-0.2700140177821033,-0.5804278906807401,-0.29060314376039864,-1.0226496923677686,-0.3025803035042285,1,0.9677700043298957
0.1589602046493838,0.049780296619067924,0.12314186049784624,-1.4132564968812023,-0.2034259767222911,0.41306644364489775,-0.11539873984961951,-1.5707118357759484,1.5644952899243725,0.11569505823684792,-0.9408500061910423,-1.5004063912245493,-0.061230697281681984,-1.3974613623311434,-0.1466364040081911,-0.9401309920359112,0.3682980045873893,0.3676952748064805,1.4488441903052982,0.14570919842888586,0,0.014348284038130004
0.07118406532971455,-0.3636391308216867,1.9017626112357693,-0.804641160597948,-1.621944981533551,-0.8856029205741625,0.41750481214557955,-2.254813443925773,-1.7033912483147071,-1.0088687864174752,0.6505652432998225,1.4770909402204329,1.0632046585840997,-0.020705118465549465,0.024616859349538514,-1.7175875018807387,-0.229706330274661,0.5654611360201134,-0.0222975971568049,-0.23824944385965297,0,0.5088661242666309
1.641649036185561,-1.2142446813557786,1.0186272899666005,0.16560377971036974,-0.21329120543232769,0.7999858519724072,-0.3310968505065931,-0.7285547815854974,-0.7149603415790108,1.469403360534262,-1.4015397659426887,-0.5723572385684031,-0.8110415017236675,0.4318614550663776,0.9469889850192317,-0.5236218973210105,0.3404149102510296,-1.08283227897463,1.4073170203853234,-0.5930150983202613,0,0.0395480767873964
1.5945825092959607,0.23985838695996597,0.4891296784996772,1.829800972387775,-0.754719659399106,0.8839319747600402,0.745631174301162,1.9803509354308604,3.0832941314684836,0.004119008009436023,-1.4643262010757025,-0.7402824919120413,-0.546623310554832,-0.9489378170591882,0.1765256925428383,-0.5323000754186191,0.0069239824079589864,-1.575896182057332,-2.0951647727031895,-0.0536521348246538,1,0.9892336507700875
-0.32984800098522976,0.8313515708829714,1.9224788067388623,0.17005481039004058,-0.5649916499268979,-0.37013958152701104,1.6255073169526928,0.3989350861113782,0.12117590876956068,0.5373346132865048,-1.5306265139077402,-0.9050922909035383,0.22777686509442555,2.148813857577508,-0.16396538403491356,-0.38604523413854125,0.8537647136851503,0.42228599991743354,-2.0050152111929673,1.5288936292209943,0,0.2601248180079311
-0.409337218971646,-1.3746582976702553,0.6035447662678476,0.36368029292013526,-0.9646397326705233,-1.0906830612272624,-0.4254173976176215,-0.5427633248464099,-0.3288956769370638,0.16509788064812825,1.3071465981320238,-2.104425183616015,-1.4339485608612514,0.7148738995420026,1.4311309174909088,0.056706986337685436,0.1355096132268097,-2.21384652190647,1.259852650942931,-1.917017831508236,1,0.9817345078188047
0.24340260633041802,0.32640061769394335,-1.5813782797855733,-0.637545862375696,0.09470385590071415,0.5536727642380805,-0.6703653762169215,-0.616246887425084,0.7947591734049277,1.8336136804215468,-0.24520080069298805,-0.08369334234980244,0.668770650554258,0.24458136189691196,0.3899596253636078,0.169671839357126,0.1028672352663417,-0.6192689593936332,0.36678274961168766,-0.780609312261541,0,0.01981000786794098
0.4164078713838099,0.08967590844222721,-0.05280179768601721,-0.18003012674675065,-0.7239470313232135,0.04384088632965552,0.04264536816700009,-0.6241144986962744,-1.2864328490622163,-0.5856221969718648,0.04703270843438949,-1.4874615033834833,-1.5849254119050056,1.1568043912543695,0.6993959974507138,1.731575602301809,-1.1402187330529545,1.0166943060955635,0.1745688675744308,-0.159441093310401,1,0.6306938074260967
0.5141385809059824,2.088985788248373,-0.8875772918362365,1.145582251487876,-0.2581196118657132,1.049448718287178,-1.8021064647527145,-0.07053357163874888,0.014272800076627507,-0.23217066481493429,1.1222661184569525,-0.09276904773960036,-1.1167508482819122,-1.1374637087062136,0.2585449085914355,0.09349440265651864,1.3080432009421101,0.9037998617005548,0.41079745590746625,-0.19671476722901982,1,0.9974281131638818
0.2815276501156533,-0.3556080878993033,-0.2003407350134991,-1.13760390642963,0.3272167214951293,2.6833321459952395,0.1754459086955885,0.5678753157742294,-1.5967040304766416,-0.19823094150110732,1.3176345910584302,0.17564848682608147,-0.7223662310343181,0.8988974733172078,2.017179351773278,1.6382744862683272,0.35048971199485873,0.1269632344713268,-1.0788952684070017,0.14702342130152768,0,0.0024408946918552644
0.7903857639312902,-0.45238594212705724,-0.7554174073090654,0.39432280173288187,0.48738886219490757,1.1939620314182053,0.4214752396541426,1.1165952286615777,0.7216897794514266,-0.3158893311412081,-0.054399073498661084,-0.1530249653162226,-1.2128133021605085,-0.4773302270489047,-0.9074272254935549,0.6712784603153205,-0.36855851606089307,0.7519968218888444,-1.6474940696579372,-0.7434357438828821,1,0.9393379653069435
-1.7873037849625646,-0.046197780062476206,-0.6452833302062242,1.4243599939803262,0.3996585219165137,0.8047134605857604,0.8933848815420543,1.0384658788243448,0.9038125505092015,-1.2749350744669325,-0.1737778852013504,-0.24455998224228398,1.9287684536354592,0.27534271958662154,-1.2490188937805404,0.033554012698281,0.6157328443693154,-0.11779415231144558,0.9864800578426703,1.4562392961868171,1,0.9997046398602898
-0.9721519707044725,2.3338756372017184,-0.9567551811495552,-0.7581377297706198,0.1657336534460716,-0.0786803356217762,1.1921609614479862,1.0421284084201505,0.8335582557822119,0.451822638972559,-0.2892883143861072,-1.257853619641533,1.5158531764763987,2.0414740979019053,-0.8685284968491764,0.5876035172953226,-0.45918176961648377,0.49650628013293063,-0.3330228058313369,-0.4923981575196164,1,0.14084886065116567
0.9791637856243921,0.7751564873664453,1.191414434555391,0.20939406543208047,-0.690252198628078,-0.979626899819343,1.6443903119203835,-0.8513374069922998,-0.1576338989791299,0.37685682592062913,-0.18223405970137319,0.5218937388059228,-0.739001466678988,-0.19253222526112523,0.07498776809623629,0.06079429618806591,-0.9589066636458173,-1.0591901620152009,-0.33377099808183197,0.6115531283415294,0,0.9116935037823929
0.5126223704554502,1.8025219068345109,-0.9188166844083383,3.4164052177689013,-1.0735014005192085,-1.1963917263833135,-0.9268365973415933,-1.6715143675191602,-0.15724203714671367,0.5434571350968953,0.017522643145778807,-0.6916731398180538,-0.4838617558472856,1.1635063809197284,-0.33464972356513817,0.7164150764504725,1.8814245390983315,-0.74253411462696,0.45534552987174937,-0.8470876343534193,1,0.9999709223422151
0.13516744354040922,1.2723087284595014,-0.7353893482629263,-0.3274807126098783,1.078710626689948,1.4055512655490847,1.4030919873778513,-2.4873814181469016,-0.9676932840069592,0.7351986792685409,-1.0912310055429661,0.381460581151046,-0.29070158573968136,1.0715235911645233,-0.17417444953996158,-2.1483470456548726,-0.2347955186582275,-0.5234976707884225,-0.4932448186741746,1.3048794703617577,0,0.016549079571777748
0.2154610382173484,-0.07835377924142624,0.06768292166186625,0.0782191960401141,0.9941815417120041,1.16503483063926,0.20685112226241648,1.835641823212627,0.49519176531380693,-0.3373952637170526,-0.3323205845207407,-0.41947866622768887,-1.0680278494304416,1.2439682644313268,-0.597291821274329,1.2081744798606027,0.09974952838747775,-1.716518641247895,-0.04258117967217143,1.7867959300509153,1,0.8117153407768762
-2.8211311109164336,0.3208794386489842,-0.9725603758714721,-0.9221377299098059,2.61614412277514,1.101968544072941,0.6050618650767304,-0.6125411215212302,2.329918116196147,0.016927787771923337,-0.18677267149423027,-0.5199193871468859,0.0771958414682506,2.01889905714396,-0.8986000412620337,-1.3752244589009164,0.9042802165306608,-1.4155729061177018,0.7346548672184529,0.10426351059562015,1,0.9683505870216487
1.0785356811904447,-1.6447838641821226,0.5720810072328678,-1.0522352930001886,-0.4174750462323317,-0.3117749508326275,-0.6268652982036144,-0.2440730727726698,0.10301398199405169,-0.09930454684590262,0.6804033495990974,-1.4594163202429884,-0.5116786861196543,-0.84511783024709,0.09608054577975388,-0.7116824414710041,0.4869071965919501,0.35647708847518184,-0.5178951110381947,-0.9375360132284585,0,0.2599648944012755
-0.3383925780274878,-0.025855693110031823,-1.6045508167640725,-0.18203184706609118,0.30128501252465467,-0.4465634507259191,0.6684127005911946,1.0379955941988588,0.6040860902168018,2.0365141770468953,0.17510860682943796,0.4896075081667208,0.38725102811220824,0.14244770714630664,0.2310571041015661,-0.4166332685199937,-0.805570533249658,-0.44468641351169547,0.44574322446442727,0.011298389054675522,0,0.08740642690962211
0.7909686066694397,-1.2141107143310377,-1.4715209450970406,-1.8151845466192238,0.6106492332439379,0.6600825933984297,-0.46505744859698717,0.8994215056254826,0.4304731064161483,1.5303578129082527,0.22791113985272476,-0.8089420407498514,-1.5765674122772184,0.11413931409951686,0.46344473515606077,-1.0664019958688933,-0.019064599714128428,-0.06365549704170403,-0.6643215314065972,0.8863192399186987,0,0.0012790435246468855
0.6343456009795664,-0.11889421511466236,1.1662896913992775,0.5256857098721609,2.4189480224403104,-0.9445347204785345,-0.07443090102001959,1.2155658391211905,-1.2326916558796022,0.2374728036341947,-0.8601861632208567,-0.3195278275000622,-0.48408514731740004,0.5459665514189148,1.654768334004026,0.7753213120483471,0.9919083546690712,-0.13430221452048172,2.4788342094867133,0.2723065783824774,0,0.005873432917621299
0.8604234246412529,1.36858124341465,1.6958389703964032,-0.3525189923328704,-1.1575000292494324,0.5791986222426467,-1.3766465347452481,1.4283715854921093,0.8380345618481101,1.5500831722102357,1.1809459903703339,-1.2963106044623245,-0.37200781001685085,0.13941748758306005,0.3890772330292376,0.38312622534730584,0.733400487836487,1.0822235125495614,0.7001712433074664,1.681175811568796,0,0.11588820292260049
0.8278487690212216,-0.6075883216886887,0.3240048800316798,0.4626770112520136,-1.118102398795435,0.06235011905012479,-1.030041402968647,-1.0868084224920704,0.7639993984231968,-1.255961691795041,0.18460064814793115,1.3845622260084565,0.26193220539967826,-0.4696934228093681,0.7454875594593837,-0.960766067312917,-1.6660583671146334,0.44049180843358593,0.7191060029832095,0.1393060036968467,1,0.9704592789308569
-0.11793633651700676,0.34901197275323687,1.1433302826505694,1.3757662014499366,0.3896230297603389,0.13479414963804906,-1.3001946536205098,-0.16719835450751505,0.9246072487995258,0.4724643847789293,-1.005004993784665,0.3745820269528672,-0.013446150134828638,2.6550261450073385,-0.7796179201417653,1.8712702238966439,0.4583207974822787,1.2874152579580695,0.34531710150249667,0.35300798912242315,1,0.9484945387779762
0.14663007667712138,1.5696988068954598,1.6793783440993917,1.6115583108339508,0.4277655435032921,0.566009164859415,0.7370238795863823,2.043931662502314,-0.8951589772878108,1.174000125619696,0.12839973677044322,1.3917930816434634,0.4091722950048256,-0.5478547399934955,0.4418699703747095,1.3121150447123766,1.1557610294857068,-2.1526783781640813,0.9369271697707087,-1.2727361279518326,1,0.9929731852089391
0.46577315239345174,0.08412047113567153,-0.8311509973800812,-1.6514800304320945,0.8844132036770581,-0.44318479348340656,-0.2456376623557485,0.5347939033507031,-0.3634878131388332,0.6052227438935158,-0.6326849851508892,-0.4819567092413381,2.0818368517456953,1.6532579473909308,-0.22361154584951234,1.1955578757378746,0.6469729974460547,1.0060757511581162,0.18131793472393076,0.25102813246498096,0,0.003907622781522013
-0.43634544673656406,0.8541540536964625,1.3107037478804169,-0.44958477697526616,-0.24071646522220966,0.027884213242690824,-0.22106212318887453,-0.4784097226429338,-0.7838213276301514,1.386042684820914,1.3299664551166628,0.8747316906960576,-0.5669974192204632,0.09922162034517984,1.1889680567662397,-2.2381149277675605,0.8859892558915053,-0.5866979234820727,0.9456085200405341,-0.021749844768364623,1,0.6921521221379067
