X1,X2,X3,X4,X5,X6,X7,X8,X9,X10,X11,X12,X13,X14,X15,X16,X17,X18,X19,X20,y,p_i
-0.043740080785482686,-0.09999628090533508,-0.7374911936772433,0.9952858896385508,0.28676488950471046,-0.33517317483624387,0.02618277231608668,2.185852452792559,1.0934819800031754,2.279016046377086,-0.708892495197494,-0.28134135599541965,1.168912782282506,-0.4701701657548844,-0.8771855485420795,-0.6849922634013169,-1.9791078061404555,0.08753292401867284,-0.44915458808521797,0.030257339754884666,0,0.21130707519454506
-1.7965707040008696,-0.08516796835907893,0.9851307325941429,0.4509025238011068,0.1235858950709321,-0.4382239595167416,-1.1121561666884276,-1.4095698500931797,0.4796437680633977,1.9383957080040666,1.713311876628825,1.6144184281523342,1.0977450924262466,0.6401328698441784,1.7573528374828329,2.5159955980412563,1.4497955837496532,-1.0209820268342402,-1.219553021331918,-1.7610269187189884,1,0.9999973510100811
1.1014704237099897,1.2572077120374292,0.5612651802520134,0.1943346592810918,-0.44690151465999106,-1.0141413082130455,0.6555356353794994,1.6294777728275698,-0.9813653745075305,-0.2909762219302633,-1.394324386246017,0.45567546724539437,1.1378746635027812,1.6078339045263133,0.33364858471367137,-0.08443620688304039,0.2325470243392696,0.1781027074145621,0.8131475881453458,1.6907460857648697,0,0.22603338258043396
0.32945130700072756,-0.2664294828693937,0.6033156437684378,-0.35644685523764474,-0.34581104733031065,-1.1379991566069394,0.007914959841518953,0.9694574481386982,0.5433525005856942,1.243435168792064,1.682242838694291,-0.8422905160970376,-1.904313193260403,-1.0988431014880262,-1.3145073947990566,0.06316327095102359,-0.5350179799040894,-0.6299030965748955,0.7179360505321013,0.7824372162416688,0,0.5578335353274826
-1.4176051324853576,1.1200638103002059,-1.7922688810712588,-0.7602108220993122,-0.5937880928586199,-1.1275634037888158,-0.7737284615138987,-0.2788534096486521,0.03514533078771373,-0.11239530442201878,-0.8473679001224941,-0.06108084516624651,0.8909581639434496,0.5706780518662466,0.4792272964350152,0.17365362083287547,-2.149144508389178,0.733935226526805,-0.38424904388818004,0.1606316032092364,0,0.08942031833053549
1.2433828027855052,1.4327563075080236,1.5420291146247014,2.542833258641143,2.3669415995667826,1.261912760276336,0.19778334337956127,-0.2014935650123502,-0.3708379660074616,-0.3828707641644263,-0.18200340086489789,1.3315267392649088,-1.2049077775616144,-0.06845029388799463,0.5903030024778457,-0.9267790574879702,1.0092225845884306,0.7524463587422637,-0.24968894740601763,-1.1978394974979747,1,0.9921364580251228
1.3927767072065094,-0.3790896008453662,0.4460359730565035,1.1618602143708296,-0.5266571299766528,-0.653885222868238,-1.262309454063255,-1.650728936986673,1.2802199924442976,0.45829108014874703,1.1850889296687412,0.26513593488553605,-0.07653323505132792,0.8767185731922764,2.393714124339616,0.9787912144972047,-0.16046088786126858,0.004362299001628318,-0.27856555933269883,-1.2057313613761045,0,0.3631594363090493
0.9922313693328898,0.4449545907833918,-0.23207930630439716,-0.054045048063972825,-0.6736367636413825,-0.5924208373669457,-1.9542050581858097,-1.85973265274632,-2.482094533678519,0.8059139304755923,-1.5021067762945508,-0.7435113609841537,0.34896051375065273,-0.5612254525755433,-0.5516770054272356,-0.040698210543688676,-0.14901118526727797,0.8891527972697054,0.3653413617083013,-0.42147534343007786,1,0.050839882737465154
1.1581728206503472,1.4492512111104168,0.6923448672876139,-0.21378202025225035,0.4062323798762472,0.22875088338408012,0.09018508612527551,-0.6264619850349111,-0.5314198403116664,0.7055127273348013,0.08965154764281376,-0.41229521729838975,1.376107281874329,1.3454123805698033,0.33278673759653726,1.0323618933455423,1.075849486371382,-0.3161014679212462,-0.08826624430939956,-0.4586099794277582,1,0.49421986178006394
0.18437066818338016,-0.06432798583568364,-0.6103920378546063,-0.20046847394511863,0.5205325429247699,-0.4639715356122581,-0.0359515862561217,-0.894923726167167,-0.6296311305255656,0.9046927781903681,-0.5094940146249136,0.852373532070287,1.0660213136819205,0.8435735597645196,1.292547043168948,-0.16222090754534466,1.1020467669233054,-0.42361211176750946,0.6322413510647381,-0.979895086752308,0,0.005491474181180335
0.6619618690065269,0.4982076288559913,-1.0500520923249101,-1.8478448675465098,-0.3846978449369456,0.953187426592297,1.4150509513458374,1.2766183547374503,1.182093176582694,1.6585082000651343,1.262473657179082,1.3353337567211951,0.14442758192539767,0.14002464395330774,-0.9417164825585782,0.19759983219673924,-0.6601773850659609,-0.14918228427401276,-0.5914252112787551,1.2163238410021664,1,0.927689750097063
-0.11299223057881282,1.3132788519232819,0.847041793676849,1.6445173669372188,0.499962290615522,-0.22487507351059083,-1.9895559582326594,-0.6146366329660319,1.0707557277031932,0.3988206031156415,-0.4971001791715884,-1.1124793940146116,-0.14982840446275184,-0.6017757472556988,-1.338202796745413,-0.6904232517019967,-0.6424504687905689,0.4170613388535208,1.3224469338120233,0.7779744408477144,1,0.994933890168537
-1.3811978551530324,-0.5576746037470336,-1.2384295545433304,-0.6080551264664245,-0.33711396119381604,1.0223589792140941,1.5430142906160378,1.0574348270625409,-0.05088444774859147,0.9317022941439737,2.330768092866561,0.3400931038999558,0.32757838832053043,0.9497043558837577,-0.9143111873843119,-2.2247030719607914,-1.51877974530743,-2.388987257041786,-1.37902031675873,-1.5272992260477547,0,2.97042170954703e-06
0.6819198764770308,-1.5677065016041447,-0.420628994298169,-0.2154832351688224,-1.6822586762403917,-0.25124446554228685,-0.3700206750766003,1.4254411132875344,1.6517852425034563,1.5450225066536483,0.28730447843017215,-0.13473501523869766,0.3933718804360504,1.0772481767865345,1.3350184368864153,0.6055652776848942,-0.5472209800870794,0.7227764964371105,0.13698672184119837,-1.5765507697804422,1,0.017035136758977533
-1.4924895408542234,-0.6330660724599834,-1.6944530473723023,0.2790042125953998,1.930564679168131,0.7196937293279816,1.086173097005703,2.5255583390600234,2.836124919664076,2.0946412645004417,1.18208105306683,1.274506495213104,0.7425484442402535,-0.38425199918747266,0.4968827842197889,-1.2166700071747267,-1.242041379960429,-0.4731411218237099,-0.9506660342479994,-1.9154461091662054,0,2.094790598632147e-05
1.3095146435877205,0.5801198263769926,-0.020078056565171202,-0.42265068454674065,0.1892221096471961,1.0828629772383052,0.6446518066019528,-0.5947617650556445,0.30567110600505293,-0.4305455560176566,0.7440891114146829,-0.3545338747946624,1.1707358687751814,-0.3106017650364097,-1.5297109474297237,-0.5632753308100236,-0.5376581235875989,0.5662891785448462,-0.8387923958781958,-0.21340015872334642,1,0.8760290726488645
-0.4387320238018135,1.106654172690206,1.7582566595257187,2.2015329097513754,1.7838516027921467,1.9196697483563392,-0.5245207897527785,-1.9158281342111683,-2.645055343767648,-1.0065546324329504,0.036448590274924246,-0.21013385202175847,-0.5942377055198443,0.5754238943708172,0.432995533683879,1.1680357521338025,1.689827704627181,1.1381845846971144,0.2076727677670131,0.15500384531129735,1,0.9503896344760878
0.19876017068637974,0.25605296521411613,0.8603127145495861,1.7464386197189035,2.112968497984163,1.1826481222122973,1.2808434789632375,1.4641799789892154,-0.1685742904855792,0.9089185494474915,-2.10995312976377,-0.570572841174283,-1.7393404194902347,-1.363414732090321,0.36229416215377985,0.8356848321497381,-0.5587509156350422,-0.3184808633102909,-0.4386940461062295,-0.7421300099567717,1,0.3120970285272911
-0.9575336775814671,-0.6160052455640992,-1.4166399900585005,-1.1515762264040588,-1.1614371623250823,0.5796242184649499,0.794455239740922,1.385446225131151,-0.45406618577938346,0.07729638487035285,1.3322130874208307,0.45960961800286637,-1.034977342467445,2.1687088060557245,0.36255232866189846,2.314298683768155,1.991308304153804,0.7444393362303483,0.9660545122245099,-0.99035771177141,0,0.00023135487156210408
1.1561019486630575,1.714441295221477,0.3992325602878678,0.5729876927055768,0.26740813124568963,1.0677530614979107,0.8865858844556661,0.9275602017585087,0.8595702858984987,1.4062453453294612,1.627251880388634,2.291139919167447,1.778740171686596,-0.7033920886153132,-0.4347883099026993,-0.3844284393610765,0.9650131014383884,0.32838095008367496,-0.5735885904008386,-0.2578957650865103,1,0.4216458635528289
-0.9574857177417864,1.5462754083482815,0.08291546388246364,-0.012135176655283249,0.41838525316582104,0.7667698776949268,-0.12356919615092905,-0.4357606007624128,0.02440037365957591,-1.4068416355028854,-0.5270871487134142,1.0629759667433656,2.0907308785946115,1.4445192838278889,1.398335480805673,1.7260844919198195,0.253114921007091,-0.15197568476397608,0.9828377521790914,0.295431592249568,1,0.9037694338443857
-1.1114380256464391,-0.631756261980511,-0.9743428997215723,-0.569333420823758,-0.8646615790745315,0.5707453242342302,0.36136995196548766,0.8577282990471833,0.0400066717289446,-0.8318309014209694,-0.8069328109775894,-0.17144920071816508,-0.9385935589579004,0.16754491278896455,-0.05783380248654557,-1.4156283394590659,-0.4841797981649955,-0.5560417621664462,-1.1191268623324533,-0.28172925071879895,0,0.057286527912418644
1.924311796633763,0.7192307278634018,-0.5037174038617516,-0.10945046286864775,0.8681658862894435,-0.277939634088468,-0.3823065270800786,-0.8662118309331116,0.39560029493129484,0.45729378290211836,-0.4721556526707018,-1.3864540671264394,-0.43393567433885116,0.8613128983102109,0.6996582114542094,0.2106087076877884,0.20807785390477704,0.41343705761363164,-0.11579095676262276,-0.17033695736057033,1,0.7436502437293627
0.9080566776488628,0.6028775896037966,0.8296234393982838,1.0130653390304372,0.35219341436491464,-1.7072119178928673,-1.7549922196259993,-0.5215930978601662,-0.7099913468230084,-0.910851435199945,-0.2085926468096708,0.4681659339483546,-1.717061463693745,-0.5613892265350161,1.115829935582884,2.9432262205319053,1.3724055830050421,1.362716197153553,1.2318284413843903,-0.19134258123062414,1,0.889047207389676
1.1987638972045946,0.06504359636747828,-1.6554117288062282,-0.30205292516644916,-1.7242472961530482,-2.4081120237937523,-1.804255043469276,-0.057778963947621935,-0.19749819672978988,1.1199867210233936,0.585703551697458,-0.15640790317949474,-0.32297524232707103,2.573495192241405,1.840908448481952,1.724830752409257,0.30106151425107575,1.7584812670647163,1.0379534675276996,0.07288082588401772,0,0.0007687349282259204
-1.2610340091559884,-0.6217230703630082,-0.8513454167795328,1.1738124821353713,-0.15469513220038986,1.079431403516397,-0.11745162739582152,-0.1822522172254511,0.5442160964954585,0.3578834801235469,-0.2005767524176785,0.15252805211837206,0.927908131389232,0.6149380921452565,0.34738225522050353,0.4652684768971869,0.04208464420487063,-0.653986109602721,-1.6135875491419964,-0.8604422778880864,0,0.21812311127529016
-0.03782615615239566,-0.7579757646540624,-0.2839681278006723,0.4459216935331078,0.8505959532325342,0.7193553378647513,-1.154129878812849,-2.3399640916527753,0.04390709912544206,0.7960902942215146,1.727620957572988,0.5009290822648298,-0.12762548454295952,0.743847768170015,1.0207094841525188,0.5288667745853061,-0.4218099831079855,-1.1117066917964895,-1.0669001628743526,-1.9255210472726223,0,0.68188057447831
-0.9957544122088008,0.013981231215790616,-0.7001278153959419,-0.2799554990644274,-0.31778098375317027,-0.5934201083536561,1.2205362071223027,0.6390740293516366,2.3284994378417694,-0.26523877489831094,1.9735177223324756,0.33610327048305433,-0.9807481229295244,-0.1043626755735346,0.525755418325908,1.0481712710440962,1.1187494602424168,1.3014360039484298,1.665387025439857,0.6419517848333007,1,0.8277588988755045
-0.14954650584360046,-1.4663201385592741,-1.055523876371919,-2.0652847162814005,-0.6334829245028349,-0.04590417309249745,-0.24309803219228646,0.3614238232593698,-1.0346408528801851,-0.7496085483865702,-1.4601293475079726,-0.9754129019291984,-0.6062688465515172,0.2252284069053584,-0.9311160383661511,1.4576194946699177,1.2377664010618645,0.5627231729602479,0.17644202893635919,1.2034249831897286,1,0.7923062348869931
0.37467212971947156,-0.4510465835394302,-0.5626156662859878,-0.3263408785766983,-0.034132926232022236,-0.794726213428309,-0.8738614932479873,-0.8946148071128415,-0.8690273403936575,0.7095373325949162,-0.9732269551034034,-0.24044981048983538,0.5165208909646943,-0.25619119822626496,-0.5217736560130222,0.29394610519320125,-0.4132471239873623,-0.5685012171313113,-1.8019374818357219,0.29496628871537317,0,0.2111039631074939
-0.6060854067639806,-0.30417983629533896,-0.20526646166009394,-0.371839342412074,0.3023006631821639,0.5356412715296666,-0.30190292863546614,0.11414720185631293,-0.583206952249368,0.30124467272438915,0.3593630001509426,-0.22142230377561353,-1.9021784863306985,-0.9871758123713223,-0.039960583968740596,0.021109264020293818,-0.9759502789578423,-1.4374962414210317,-0.1509344751953887,0.25360551692081396,0,0.31546304245039114
-0.3042485239601333,-0.4328527163684641,0.5535548917739702,0.5508817724592873,-0.20386421716623826,-0.32993799894299525,0.4577611460721429,0.9426203020667423,1.5584139238457866,0.615973145105987,0.7793476561520819,0.3288338158040306,0.3914876896415684,0.4202745359786934,-0.20206330700584552,0.10846530394444626,0.016862363093255273,-0.9694347051811617,-0.40626880068763427,1.1337089186529947,1,0.8746856960838493
0.3564869011981879,-0.054911554625060144,-0.05853674895637241,-0.16394893928072712,-1.606904083413787,-0.5098046147313614,-1.096982221509211,-0.9532714227264014,1.0931393806957803,1.2648875983839236,1.977838666881799,0.9018537025895467,-0.17284907368117877,-0.35950725341943085,-0.5035306958849247,-0.2684169621085488,0.05636114180685264,0.6410348311724693,0.11792479085691775,0.9988063487402529,1,0.5078150819251301
0.5657898649478375,0.020544220778276563,-0.06967091225619561,-0.518067623232338,-0.46314037544649533,0.1947438244117147,0.3934075651471075,-0.7006342222870513,-0.04350313080343432,-0.5487346143019228,-0.6373736886980981,-0.8427755269732224,0.5383492541633917,0.038616612646996146,-0.4052881875948641,0.23645751238343327,-0.45709399581129756,0.7948399531485076,-0.1315014270928628,0.5522733873187493,0,0.5267452443490179
0.6711608766311848,1.708694612986829,0.3647638713711537,0.724725042013048,0.9115011638183962,1.2036369936811804,0.43552719494580067,-0.9295223836376129,-1.486288521188005,-1.7778237554386382,-1.0169959630288048,-0.6979924909206645,-0.7988574350913024,-0.7709245679225173,-0.0027856829934648614,0.12057540924169831,-0.7207663402140431,0.08508527910517033,-0.3631048085580424,-0.031578317079704286,1,0.45864404416663185
-1.1083373848365783,-1.1825229259769725,-2.5657863440568875,-1.6059187046307681,-0.7639636541624104,0.42872900742444137,0.4602386486034301,-1.0479618965294941,0.8429197053903722,0.25215584915120753,1.55287677806714,0.9221595936099645,1.209479803297408,-0.15623213528978497,-2.3650746519026207,-1.6248602580095384,-1.017289157715326,-1.169694690750404,-1.8001230509917685,-2.2740441266102094,0,2.3489492262645998e-07
1.926733407149051,0.6025479905883383,0.45921218415347226,0.9810153592822695,0.795553125837297,-0.33995660778303227,-2.2456397331055187,-2.2310865984603363,-0.9318709349283242,-1.495278446130144,0.35611779345837397,-0.7392206595069475,-1.0344186385048022,-0.2362390418520187,-0.13036953665058756,-0.8375366056789647,0.9372665870875134,-0.28634112329090217,0.47896501409819486,0.012872862396035323,1,0.8016173276436726
-1.7283312480848907,-0.43374299386509696,1.0728986766235868,0.8353585146100991,-0.34022941145280866,1.1863660360730925,0.32003815075983155,0.5311015056305843,0.9595920854460425,0.6731559282892144,-0.4324568415694751,-0.4007830697813595,1.3171188449293625,-0.1777839318345509,-0.8026653770478497,0.6294742013202745,-0.729150972009536,-1.1845485617549265,-0.7795467887453716,-0.21178044299890592,1,0.9434343124117808
-0.7737080787904841,-2.5211225965501094,-2.115469355074946,0.28101858807762836,0.6938626129852381,1.3529765300764443,1.0775897299226542,0.03916080891013123,-0.8569696208328856,0.5978220666636319,-0.4076244710710357,0.14583166193027025,0.6262668609364053,1.210628881804205,1.3980068134023935,1.7358952660550842,0.7333229112599935,2.7662299432400723,0.4884378126982587,1.0002388565222573,0,0.0358574576399633
-0.2790176274348693,-1.0946429322279472,-0.5437447196749075,-0.0786802247367105,1.0293607412713792,1.3607495492906803,1.3401370186944643,1.276128728836631,1.1448184442277378,1.0306338103825339,-0.45342107610928684,-0.4409851764492171,0.02447268248329926,-0.5907571878835759,-0.3355502760352709,-0.5470967960176427,0.3455685185290924,1.3390744208799523,1.3281783185218259,0.08354386183029311,0,0.3511503031315601
-0.22960395413553683,-0.7300076563952321,-0.22843091544144625,-0.4166338873654022,-0.4845072771123379,0.048183841702415776,-0.7045782408332169,-1.4292256391569875,-0.7348118736564969,0.9193629008248537,-0.9545755614112853,1.264850659573994,0.05279066484092068,1.2636388543003325,1.483270147654984,1.014167719257855,0.13049654574423003,-2.107124744689832,-1.8715537341291066,-0.21220564841922618,0,0.03473409667426279
-0.7897448217115061,0.31162327054586375,0.8715245672858086,0.8510389733764684,1.3951432696575126,0.6035431427118237,1.344662493909021,1.2750258563697963,0.8571803810769772,0.9082143118733705,1.292622912257657,0.7482492243109382,0.8706390715791525,0.9297439920139711,0.5982963032215637,-1.864743674972857,0.5399756882723048,0.3753830551534268,-1.8718863737270959,-1.2535101881735677,1,0.7155259542061981
-1.8093899189999056,-1.2205085915950789,-1.3981476542176183,0.5128810480869546,0.24207780728165076,-0.7825476722401201,0.4468448501124728,0.5191460574582893,0.12329625946228294,-0.28824111717142786,-0.13736865709179605,1.0048558009738813,0.47918052811355094,-0.6383761721894481,-1.039280065970278,-0.18946377645945456,-1.2416116894334264,-0.2621184282379183,1.6818462266788303,0.1686943788336894,1,0.23352649324085012
-0.24485346377820888,-1.5269820770073004,-0.9687288279091233,-0.7555441210598247,-0.18496182491481247,1.1625754456801844,0.6194038818461456,0.66553314511009,-0.10649970727190088,-1.2146158527201671,-1.7144917198011087,-0.5679270898791404,-0.7174758259145905,-1.0875467226076576,1.401035588613447,2.2414485454591735,1.8276651408197357,3.2015854815004863,2.3942967918442792,0.6707041962290329,0,0.38410783753013283
0.3835923031856269,0.1095148878898264,-0.1356755072734538,1.2623592699851844,0.9366435596067174,0.4653091090420083,1.1305945147287424,0.024132945741183874,-0.048378256411537805,0.9040237247152068,1.0899555243920178,0.45171102443987066,-1.2498641182698074,0.5049525278588443,0.9747992683746406,1.3623759667996906,1.8064171748311144,3.178017951758273,0.5758726405111834,-0.495858756327708,0,0.06268788514094202
-0.0442764427762959,1.0960524833511278,-1.1984755270281842,-0.3208966569896551,-0.5406482311111265,-0.5426785435950654,-1.4158545725123568,-0.556885627332541,0.7465063247437599,0.9065479696589551,0.666862284120347,-0.39163187557814694,-0.8579727298547076,-0.3693758741264279,-1.1365267960575605,0.000266145511277188,-0.06746873487830679,0.1746496100390732,-0.9444914309804516,-0.1453643980328969,1,0.8738696202909241
0.04435610741599547,-0.07906146049557203,-0.6155534683695332,-1.0868279434061094,-0.9640896079780842,-1.08511824271736,-0.24046577829863983,-0.6149873109558782,-1.6036690521702903,-1.4424353862697232,-1.2161716530850024,-0.9752886121380336,-2.5893198922658787,-0.08738810888698424,0.9751084333162602,2.250266542853291,2.846270696939744,2.0936396972072138,-1.467295901092254,0.04669833148451964,0,0.20477563637125568
0.7477332298808836,0.7125853538953673,1.5925798161406324,1.8457059418657673,-0.7534914098564209,-1.1728610613806023,-1.5616534942281555,-1.1711974110312864,-0.934822388369617,-0.1445613051518599,-0.909985911426933,1.438641859529985,0.7513992477193943,0.8823795574885895,0.9447289522476757,-0.589608918711388,-0.7752522457127693,-0.5441776505397872,-0.5351178628647831,-1.2881565398183312,1,0.9844886090020888
-1.049989150930177,-0.8213936074112002,0.8690951811627284,1.6318295385347992,0.8310082350383103,0.810076835164009,1.9191883799373017,1.7411636064053035,1.139396179318411,0.6296372095057022,-0.18104553847339944,0.6349584925929564,-0.1171188829577172,-0.22845354919890923,1.478010729738966,-0.6565162915872121,-0.4709628864290964,1.0623859841413283,2.2190142939406687,0.9557055727444252,0,0.09555483247182703
-0.9877832263672605,-1.2763732077319256,0.5153619406017589,1.0095589344259732,0.43622799927292116,0.4975002866673259,1.3895674569735388,1.0511307776475234,-0.3582945280511098,-2.021315003822109,-0.2892485185318138,0.28482747960926463,0.4957388901373338,-0.1095157547843463,-0.672918264042298,1.123623862110466,-0.8724697766977233,-0.56160039070516,-1.5689662851550137,0.020535434838343854,0,0.5064319963694253
0.46148219644091576,-0.3964798776301167,0.9306391275690995,0.04278322956224493,-0.725835625062025,-0.3043210479081022,1.0595844117496933,0.9126108395335084,2.0328445168690177,0.0175401658806403,-0.2508731084397836,1.7407841223329084,0.9300540857195578,0.19985981609053344,0.6208524176607664,-0.35624356205454183,-0.469185039915226,0.31173919099735914,0.7037620572383656,-0.4683152650540692,1,0.8565367636495456
-0.08948301384094491,-0.35296405652331114,-0.12220600895710938,0.2527471993796098,-0.7096739904099658,-0.4006089640126306,-0.3716341475931466,1.1418123271886698,0.8037942372352158,0.09430462590514849,-0.023878472127562774,0.8703095319527272,1.8638560181338697,0.7491863237191977,-1.6626988822443451,-1.2469314621463221,-0.04886765568371174,-0.5590499277257124,-0.5906927913339682,1.2041790050054595,1,0.9710806116343397
-0.7811692875557246,0.2216577978222295,-0.18238785841807698,0.7744186146378095,0.0938672926558157,0.45645113269238013,-1.3053459995093093,-1.1368828609078991,-1.0541773684187974,0.22292541454744152,1.3147181255142,0.5898734093522624,-2.8503986082638657,-0.761513688660802,0.9715454373049467,1.6415410619887743,0.9623069289468601,1.225728878459339,-0.540226787377693,-0.7921590750214642,1,0.892508504330921
0.6151107495674535,0.17289870111007213,-0.6572294525088989,-1.5909654468725125,-1.7796978440177948,0.15820553466306614,-1.2172578160649594,0.16982166883794347,0.4018527615927408,0.9295220484086619,1.1098278152550156,2.2753971544217753,0.5205736479945755,0.33111153841941,0.9396324838741341,0.0852375778958176,-0.8224533387629055,-1.4507205665989744,-2.1988191646687363,0.017860410537513242,0,0.0017425794895633959
0.689254445567345,1.0250454666014759,-1.1932589817441606,0.23137239595040535,0.9578135975002593,0.4177035113784507,-1.355265788222801,-1.5045137667885098,-1.1919183701618217,-0.5755961922003242,-0.2903126547462011,-0.3808249686182939,0.5648429593831267,0.15703553193711803,-0.65797704779834,-0.8686653898698794,0.45963257118603756,1.8907951917417627,2.6370077287910725,1.9247825282935003,1,0.9111408948262549
0.38126791879576677,-0.5977246587869358,-1.4493158769793304,-1.5627199388249398,-0.3522919700570873,1.1633610343161087,1.4192472028894882,0.025881966787354584,-0.43952651318720226,-1.127244268532162,-1.4693506873840678,-1.4186779513971497,-2.0976579018427577,-0.5834209980694003,-0.19483463112780355,0.05416645746357351,1.3401844810844383,0.723011556732345,0.8167251858771296,0.4404629694526647,0,0.5886722919078415
0.7044888341803169,0.9379027327477258,0.8873809879901492,-0.5071623410835042,1.713723986986637,2.044479072831526,1.2720472559271168,2.281858484356778,0.09037097491672852,1.153780425171033,0.6369428886964261,1.4746745884626382,1.3053590648215838,0.14676659100775205,-0.2838069142860129,-0.48732097209996555,-0.7148410198103878,-0.5188067603602845,0.9807437277610808,1.8326765958249625,1,0.9316602305211173
-1.1181532570878738,-1.1298619195725321,-0.4520175548327571,-0.6548110907716038,-0.07196435413639528,-1.330019044762046,1.0990671524374382,2.1072873811007438,0.8642945723678536,0.746467844178954,0.6642626763000691,-0.34081962031877544,-0.8048021916554831,0.7254745321740976,0.4986236084810814,-0.032810776919131986,-1.6522464023888863,-0.888477179678817,-0.14416067588031814,-0.9162281174930811,0,0.002628258651390582
1.4848998934796942,1.8715114926099787,2.6889693368484844,0.11923533705907989,0.7305686493990167,0.028140140463189554,-0.6091771350795395,0.5831619019984782,0.3925354513433224,0.4320639812299771,2.8337717435172145,1.672071540106019,0.058497364940788034,0.21217189765940855,0.7951723165742237,0.8400231899481346,-0.4870548285401431,-0.33673625984206323,-0.46325135888402025,-0.9610411205060345,1,0.9986855062323299
1.2914441960630367,0.0805347035305878,0.24012607348056567,0.7291322128365633,0.5365626631543037,-0.9840286403659998,0.2717865034890889,0.06963904580827943,0.7638117866536942,-1.2944657136844364,-0.29250074255210823,-1.00388159940523,-0.040680714575653004,-0.6370055733242814,-0.055185534738638006,-0.6778431591198587,-1.4583001647967966,-1.1354735066903963,0.4078639534617703,-0.4604814464523061,1,0.9307670424138911
-0.20689916448574988,-0.6448637588818429,-1.574081202700449,-1.5298218912793569,-0.9721442783981554,0.5660485337315097,-1.0758923631718584,-1.7804300846794339,-1.1429453442157078,-1.1780458334413701,-1.1928254985453786,-0.2111377139184177,0.4727056234604736,2.1737371512986923,0.23645290178828773,-0.7715361803484871,-0.883168828863952,-1.1347525556951292,-0.03814260758183728,0.5629407522850575,0,0.14218978449689834
-0.16790167010130916,-0.32641506981263163,0.04102634855131368,0.697002583545005,-1.028883125717558,0.09919510371190757,0.3735551046687511,0.3965954002714115,-0.787616003298258,-1.5838269618620253,-0.3761040604707513,-0.2809274553359635,0.22091564322569004,0.5798682624160241,-0.3881518993471374,-0.6049915373645811,0.045286639632717875,-0.6500630712762185,0.713082940235546,0.3119105596428228,0,0.3511639455916466
-0.016036967748178522,0.8295067677032802,1.5422247071713977,1.5887493467174545,0.312858097855887,0.4321146618747784,0.6109708141772662,1.0791703600610885,0.8844293204644972,-0.2718460199200081,-2.5502056673796796,-0.6479181635461192,-1.1627070160372877,-1.363999528489263,0.1617220794677358,2.1053873059411,0.9299756648346419,1.6028851437264044,-1.2088951529451784,-0.6925072084615632,1,0.9913379659587583
0.21680078453467178,-0.17950062488793234,-0.6311565216679293,-1.1666805392396653,-1.2272060890844112,-1.2539942037443061,-1.561215920908494,-0.6267711766661799,0.7320099899711575,-0.9650098941102369,0.06658532133381255,-1.5008014100978266,0.21343329658223856,0.5614022427716171,-1.7865123127638216,-0.791698878211407,0.6084918772851471,0.8924326558620717,0.305680423284851,-0.5870951568562993,1,0.998916420634366
-1.2843004514913365,1.3552402554626992,1.3059664148958214,0.374976363398929,1.2530567260362648,1.2424834163188165,-0.44068438247539476,0.9361389462209204,0.5548265470731515,0.5371379052100717,-0.8913789328254569,0.10032948614432223,1.3945767623958358,0.6603404667000519,0.32001225969256203,-0.32440563300938,-1.5117324238652123,-2.346161175098964,-1.6345070253709097,-1.5494084071275382,1,0.9999713164971331
-1.306069836311824,-1.251383667258708,0.14087630370208098,-1.05217942795215,-0.1726383083799449,0.9871313825052692,0.7297353313891592,-0.8636022101840001,-1.313259052446492,0.20366494218172618,0.6373470474422842,0.8672525455454485,1.1327310474591659,0.043419014363792405,-0.1243763941770161,-1.1402261258620825,-0.41528292019692786,-0.4776985309119064,0.4201346313188752,0.08599033855591516,0,0.05505973072356925
0.48260534336368144,-1.0262124957972452,-1.624054532869864,-1.2487829418304712,-2.5591609510139683,-1.4789032046784083,-3.0614106765184284,-1.4711394210648154,-0.6437578377501887,0.6324264124082083,0.44692468348711,0.3346173688626583,0.4890148652562636,-1.004298361438408,-0.7178013710248394,-0.18305081029657458,-1.7748418150244192,-1.2871302207842643,-1.6246536934988427,0.4801764981631515,0,0.007238122366084723
-0.722606665237842,-1.4133087252438536,-0.7754128197773155,-0.6487495642267781,-0.7976557859125686,-1.262728325413121,-1.3867780275275343,-0.5898198605239728,-0.35246465167279956,-0.6978276196289322,0.556548452383302,1.2645923395605456,1.7774520271964451,0.8979936330588207,0.3086943282154878,-0.780336895710416,0.9584353108366311,1.0800329606692451,-0.22857058937732153,-0.5016158885106603,1,0.815271540815285
0.3603606360063465,1.0385442518208363,1.8503367405222286,1.362578289959931,-0.10148351111575245,-0.7977830765098104,-0.9338834199792646,0.6287886579202642,0.1933021561269786,-0.09413168871959121,-1.124258265457704,0.684088711548658,-0.17866629188385882,-1.0371530593899034,-2.0179529926683175,-1.8935035126306912,-1.2574764103729006,0.638888961329669,0.2885101562008065,-0.0892174729475756,1,0.9989417383806988
2.646813668109407,1.5310107517569742,1.686943974010909,1.1267407558117848,0.6635379745679952,-1.5398508638128805,-2.624214275478786,-1.8094496772324955,-0.6401456519969227,0.523625190187722,-0.0942522542286854,0.000398148682128127,-0.5944824361927199,-0.8441252380532652,0.5606019081239461,0.5581868256935262,0.1628945944146179,-0.6928302324147321,-0.29398611190156393,1.7201760768741488,0,7.255721503940547e-06
-2.100716236660375,-1.5509023137944404,-1.073433866389652,-0.4084866658008476,0.41100567363647184,1.5950410767756134,2.1614854997912896,0.42824860260424624,-0.7848332037636379,0.975533836448367,-0.903972263031697,-0.6027357027517058,0.6730662918368314,-0.029327672603652606,1.045686272233405,0.5560989826571694,0.19142977524450927,-1.771826075079359,-0.8567060396356804,-1.7523577114329099,0,7.776726171174787e-09
-1.0676107763794684,-0.40748394133385124,-0.7980695253572478,-0.9065641512934847,-1.233243192943903,-1.1089005995691747,-1.9415683234209182,-1.0076621893660864,0.43805712728799495,1.268628366142741,1.1464136836667844,1.1699683924528408,1.5654973905862941,1.4560097547691127,1.5454688131446455,1.6230534290548626,0.560206384630818,0.15964024242833338,0.7587411424777857,1.2268838635917116,1,0.6605029032222656
1.5728116621641781,1.442910087452986,-0.5886344803573396,0.27130628228305875,-0.6973948205642924,0.10769370899642626,0.5156345938056628,0.42718397755297344,0.2201361398741872,-0.15721769088020962,0.5026118460307255,-1.3212020600743222,0.366481130815996,-0.9104238166727839,-0.9581792310143705,-1.2994809542458354,-0.3134401653753531,-0.8825010243648467,-1.7272859265498859,-0.017869570384938468,0,0.7854251537352217
-1.169167596194987,-1.7981243217778182,-2.179339780704048,-2.157305971320055,-1.5557383639862505,-0.18153397970351945,1.199736675415979,0.5481496295332394,0.9322247684360434,0.05835497981056802,0.059609542443515795,-0.07037861494302672,0.9737296117601999,1.7896095401887648,2.1853966646407765,0.06863127662028244,0.8877639960143224,-0.3894674866800687,-0.5459107971257059,0.40414762921609937,0,0.0011406373552416743
-0.54075857812169,0.13390222876791102,1.3536202068038998,-0.5588037467010691,0.8084021981060242,0.8138510538587854,1.706586615139294,0.21287399911506774,1.1573084172138106,-0.006175324317977327,0.829099027170214,0.7764662976972283,-0.03260326717051755,0.4446205568065285,-0.04431409112843417,0.23889014232985192,1.7461265270468314,-0.041340256338326886,0.013702703939786903,-0.19709807749869013,1,0.9702331432724676
-0.23181106160114853,-0.7897184947347715,0.63604715242998,-0.12084217427586179,-1.101423233982949,-0.6304208950118213,1.014216667982414,0.2784509329894218,-0.7315798717029961,-1.9514653139520575,-0.49739784693995864,-0.37102956661827907,0.675967658669135,-0.4809339924662643,-0.542256776135751,-0.5840759210227054,-1.460518834788028,-1.8510658238840603,-1.0164553645458618,0.2733171177411329,0,0.1376679295792095
-0.18778939448919885,1.1511149446252698,0.7223693673541477,-0.5314105617552572,1.1621722304538182,0.7899119812664116,0.5336433225170631,-0.37852867791430594,-1.7633399508839864,0.16073835644842377,0.5481237404442306,0.7248679736630521,1.4428818588503005,2.8043108649630644,2.1953476034200263,1.3620940696405426,2.667428818502602,0.8623112121101063,0.011041788583141726,-0.4743280051131985,0,0.14349831187033246
-1.0443343765992472,-1.1108061085414493,-1.8817256693663427,-0.296899902344946,0.7195270904403238,-0.12340288706481589,0.16627634866832455,0.8777151116199933,1.0731280409746662,-0.6025120173807694,0.30635329253369287,-0.34996676464021226,-0.22562382323682822,-0.5031613240520556,0.8025321708195063,-0.8251174884234416,-0.12329716560801955,1.937435890540365,1.6504221222136737,1.404479513503351,1,0.9609806258552697
0.8121936350605208,0.35017900490736514,1.1702995146793682,1.3574829904489218,0.14468135912676527,-1.330543817482918,-0.6339687232525694,-1.2096073057115146,-0.33924715931143096,0.08622928932979412,1.7029066313057453,0.19623128603589496,-0.5585507721636931,-0.6182675191693202,-1.5964293335680546,-1.0788972995041093,-1.5553142571434118,0.00847738465950072,-1.1673751854218473,-0.49073333839710503,1,0.9677334356227256
1.1738774441390887,0.1263248301213933,-0.02268658718133692,0.2062667020563334,0.19264374067106066,1.2718092317958862,1.4926440138958874,0.7852546511142403,-0.48770225964490366,-1.5363415604385973,-1.0378903393292842,-1.151746512268842,-0.566678203792805,-0.37648514982638065,0.19531142634779428,0.42692495753764786,0.283024968169065,0.3628375883509399,-0.5258389352307434,-0.9998129348584724,0,0.22953844908542642
-0.6341197784061036,-1.848137855090919,-1.548280964171098,-0.8482745740876235,-0.4545834023137491,0.29482688831223447,1.547775201254938,2.66187086226755,1.477254914377403,1.1594389519032204,0.4949497709024911,-0.6341551320750586,-0.8830158168778117,-0.010828461380734082,-0.38968386417104794,-0.13416148616906023,-1.5349653289001008,-2.4637238908164862,-0.2772295685905339,-1.2114534428470631,0,4.677927919624711e-05
-0.7754556085524155,0.23481395339885167,1.21607801855893,1.196011901219491,1.161336104798966,1.5418545268144634,0.8378804095747514,0.9922704596406033,0.9348961824407949,0.6688582201484344,1.7670238263016957,0.03162677394222942,-0.45424909778840006,0.9440248483094501,-0.3586409923264046,-0.08282167955894787,0.6344215982675926,0.000352505758545346,1.0308011017517,0.8801451224590539,1,0.859090016643139
-0.13693017445707764,-0.3008249543137979,1.2164753230735277,0.211992650135421,-0.5307560467339558,-0.6274329826128284,-1.4573980793227699,-0.6379793688642715,-1.900474643322127,-3.1308744948172205,-2.6220051651150205,-0.39644183510560177,-1.1234836314612566,-0.4919306980969286,0.142219616600114,0.007519405717597834,-0.08907836231307034,-1.783754735600595,-0.7688948062705456,-0.7899304537943088,1,0.9994882269471447
-0.7304214616261188,-0.03510744440201029,-0.8828184459950214,-0.7247785249548895,0.06593630704408814,-0.1542138815970052,-1.4258496335853996,-0.7517648678578919,-0.07834873404786209,-0.4065923756174698,0.6113562688088605,1.3574684435617554,2.122293598004319,2.0763127104698005,1.575654499012096,-0.8024839126514564,0.6657121395272485,-1.4853725164947165,-0.518924324442222,-0.4152590338465897,1,0.6235107002042444
0.22923215034590544,0.39280093104484154,-0.08669802298454551,-0.5484863618777155,0.9886109968540613,-0.38683764648326047,-0.6548349819807155,-0.07311485553974009,0.6696110601316616,0.9932712200439541,0.8945241097074725,0.23285910496599266,0.826970419536953,0.9206892269991755,0.8755105613287949,0.4158517596576441,0.6334245062819651,-0.42934711845236184,-1.875534531860178,-1.4557591593411978,0,0.8146403230135366
-0.1337495972379134,0.661273603857396,-0.28009847465007776,1.2652184421884947,1.1485267395868137,-1.107121752008495,-0.13110461487608302,1.6647320260720295,1.0056265919074205,0.004828049627163187,-0.27635508399789604,0.11743516367436822,-0.5593936966196054,0.47060329443149507,-0.08988713650825504,-0.24617225608051974,-0.9768483171151279,-0.0909955774846479,1.9940101926192875,2.265135109332048,1,0.966508659527419
0.19091467675628168,-0.02321144798295913,0.23879114335241744,-1.0540615811775231,-1.6548637777748,-0.3494546809992651,-0.034923168822833826,-0.46069035283265014,0.5589961082399658,-0.03380735470375564,-1.7532152817755857,-0.8160112942103454,-1.4208353272764116,-1.3442756483202036,1.3482234504970707,0.30032168132693754,-1.9327675780915652,-0.9859517090483609,-0.17873368044535518,0.049324119825139116,0,0.040488821041838485
-0.5612084401646267,-1.2204545331045296,0.6185860647031775,-0.036788888220383974,0.1964980500856556,-0.11434516830101916,0.2446147083594296,0.011619298232608198,-1.4364531758939423,-0.6296671545430025,-0.29364450836558875,-0.13467689970905594,0.6134806909223126,0.35137048278756355,-0.7784276153411364,1.4028661330655436,1.832563644778584,-0.13729502101199897,0.21872702739741134,-0.10928717857579337,1,0.8278623880519609
1.0240574039067358,-0.6941120020218179,0.2898663538191503,-0.07172058542871423,1.1954667273930832,0.6874134893610089,0.31954223247167873,0.3641615352564223,1.4205505373852014,1.2727886643010466,0.2585925793963887,-0.12545868519183095,-1.6050153531984406,-0.3835337573229399,-1.7631557307890404,0.014891743816785704,-0.18973306436514698,0.1319037003835707,-1.3911257569605249,0.09616719709621502,1,0.9839250560186741
1.6683975644544486,0.5504815960122436,1.0620394227329024,0.2589396117097012,-1.9060727646569668,-0.9611458716983391,-0.1508546881082324,0.23075628606056364,0.2861027378866793,0.2316687888134427,1.0788246579463365,0.18607114967050584,0.10141007392496985,0.44793854195054705,0.8350550623162504,0.05710444697340582,0.010954565396874135,1.9733943744578555,1.9181824645300338,0.5934007817007025,1,0.04550897431218777
-0.3128127700335495,0.6268899962878602,0.5507999697345632,0.49023607352720566,-0.3136716262408858,0.1372919550867092,0.614648974062083,1.1667987353982405,0.604200262388822,-0.358453372418616,-0.33764157126971744,0.357324543962502,-1.2875874110410457,0.6368399799155041,1.283344154807511,0.4898904726549885,0.8533868550973505,0.9655849685920447,1.6795370646174657,0.0735454461971845,0,0.5352446882453988
2.2266167268211814,2.060705909892956,1.3037219290874136,1.1514626318835284,1.44323587736119,0.9641439939305028,-0.4672482512139652,-0.9273456195409339,1.8270076075582689,0.8206174520637682,-0.07234676598483847,-0.09083016337658052,0.22066472700393527,0.8670794619317155,0.824716641579594,-0.2349992570449086,0.7921841490606107,1.4481773602169041,0.8152540892867511,-1.2061899613616416,1,0.9941709010999993
0.9507907690857907,0.6598093244893871,0.40257989965148744,0.6907355915938208,0.4977656412402965,-0.010418417899918318,0.6417260476461193,1.0937406306830866,1.3238071702813516,-1.1528771215200986,-1.7780546367839134,0.3500336808799817,0.2838539257522275,-0.6912239080691855,-1.368516319825907,-2.2093468105800738,-0.7383924587041113,-1.1852426690386837,-0.5248525221528869,-0.46639992423487653,1,0.9865086230455888
1.0122640395087057,1.0643646838583865,-0.14568912933100467,0.8275369931211376,1.7147952886210636,1.2552777092807108,1.0086770166272714,0.33890049613770024,-0.21819646983803734,-0.13788803062798105,-0.44969511420832725,0.22177666701680324,-0.2544246474079385,1.4028741871491008,1.1722325384510521,1.4934017180686636,-0.4676082297796974,0.46039314474812204,-0.5770084716131679,0.48588817786532706,0,0.4088612698867743
0.26934492279189026,-1.0808881349231967,-1.258805603669298,-1.6376965766318414,-0.2882703312165059,-0.35044339437738475,-0.4888044134936501,0.8732820720420592,0.6939093507548579,0.41149865801426644,1.1670048000879578,1.1881151641100647,0.24084355998144824,1.3000877129437174,1.6710509402611184,0.8232951140442901,-0.6728227459288648,-2.4721057385040472,-1.4114279568546217,-0.062361542425000596,0,0.008681313065141586
-0.6085962873328843,-1.2655988915601963,-0.6077116950972451,0.22481876034626092,0.7178112211121565,0.3975960224662329,0.17748964462320874,1.078648671289099,-0.8140126465297474,0.9895448605947494,-1.2375318272598732,-1.0509425388946583,-0.12480955377016795,1.0255715898613644,0.43318136985866723,0.3678395247910255,-0.5167842295630751,-1.5025743813166064,-0.44623160374547105,-0.9928990231411944,0,0.017987587301012166
1.023943263547578,-0.17450123960495578,0.7764798327142598,-0.18197383955679058,-0.08520650138247719,-0.9628308492601452,-0.04032214447812558,-1.0334208131185598,-1.2003940850775046,-1.4577491389562196,-1.5895778117061827,-0.8276504383062019,-1.0122606475220626,-0.09158770076136118,0.999843919366315,0.2672619251568222,-1.5722754772822194,-1.5748341129727639,-0.6967634566383958,0.10845057927365677,0,0.11164774834242037
-0.4670302733919856,-0.2857781293876994,0.17381895781253567,1.6789535669845879,1.914871583045494,1.4208945495530987,-0.5500071261483566,0.42083438642567866,0.6038617435183137,1.0377384565449503,0.4957954895622017,0.38371587035989785,-0.6502171365974426,-1.190841375996165,0.8294685094759461,0.14046138524931698,-0.010122978878182953,-0.37934454477492285,0.2369042622993981,1.542148583554227,0,0.8440763423509354
1.2587373104751818,-0.6671853687327992,0.23478956029056916,-0.04417623246353679,0.27550597143493066,0.8224413304409117,0.39723737187048713,1.3553332669307925,1.3744361843034045,0.2103345151852703,0.44363079686574897,1.1738291743619382,-0.06292593936294465,0.25118605435299457,0.5502712342659044,-0.47524252202132705,-1.8486664227608551,-0.8168921410447381,-1.397946022997637,-0.2558565084151082,1,0.26501343863677446
0.4762843366965559,0.11765316913185263,-1.535609015445953,-1.1697052645777704,-0.02086791987228593,-1.491995291294992,-2.0730404487768017,-0.6395243654671627,-0.992700506187108,0.2797020510535648,-0.13142012616738058,0.6425350117890837,-0.7675277478997554,-0.5718735594465176,0.4893468374323804,-0.1384395689635075,1.3898014988609382,1.3494933765280879,1.5886215730142268,0.20640033433478297,1,0.05128781020608375
0.9308577995767578,0.8480006337975633,-0.23687852004781743,-1.386996420970252,-0.8262611650897538,0.7198761217671481,0.8485292073031777,0.9534268174666305,1.458919088680779,1.0502717959745091,1.0142888091949307,1.274756527278678,0.6880633199238848,-0.14051311793663,-2.0490256910102356,-1.5921451872035652,-0.16380336623052344,-1.1906077829434725,-2.1991724600613463,-0.7874214968957275,0,0.2500297205133798
0.6410516904792986,1.3150963220741916,0.17790787735119004,-0.6146453516552142,-0.7761038126477598,-3.0139532462615164,-3.6221426888859862,-1.9082118754926087,-0.7043530454544675,-1.7168582676402093,-0.17631339528788756,1.260811497097595,0.5353325431840043,0.781879971353274,-0.21658571606885854,-0.8972897071053595,-0.6028691037200696,0.1322802570690705,0.02667102409122375,-1.5058262433401202,1,0.9981971637456882
0.5293970505276161,-1.0547238512133539,-0.059466094874006115,0.6614541430113774,0.4549607339842879,-0.07490988461221276,-0.19055348272459113,0.09275928412414226,0.6995196001510395,1.823421146203716,-0.07175178389503706,-0.13910520806586085,0.4840643660846581,0.10801848910085593,0.3149026262319959,-0.07138793867917641,-0.29643265649640593,-0.20847682602678694,-0.8940987112672838,-0.30999268690994297,0,0.3091226680561831
-0.8134226492169069,0.01581824623722524,-0.9292073958972227,0.01420693534277206,-0.275979271021979,0.2749258108841097,0.5150380226210411,0.8441028071643609,-0.7610528473376992,-0.7257469248448069,-0.6132652061674627,2.108478924925664,2.137011816986416,1.7162629267666114,1.3928022518814578,-0.7501922012983051,-1.2201987588898882,-1.4286038924202094,-0.15566624170511267,0.08976341367298933,0,0.0064681864526257285
-0.8049630007920725,-2.5856224891947726,-1.325066589208819,0.17059679378139844,0.8200134477522406,0.16288937376164206,1.4324304452415735,1.2882228093239445,0.9492002725556585,-1.1931967889387527,-1.6966699577795339,-0.2811326229162372,0.11095086840283443,0.058359415793044225,-0.5040194781617137,-0.7409413243920162,0.9743545341864942,2.0081871680997607,0.39638148516799815,0.05837534781695701,0,0.4424436481809231
0.8356227488516672,1.508818562175856,-0.5674409586146866,0.509645813454032,1.9307278947332267,-0.6056845831662341,1.7039140766576681,0.8563981415685326,-0.7934234153457225,-1.412923023975919,-1.2867419695207385,0.027690872567476404,-0.8558597638764944,1.43093179409532,-0.29329808060018475,0.06027435955383099,0.9640854085680093,-0.610068862308307,0.19819614254804416,1.1767872080704052,1,0.993020724061211
1.7012026550248784,-0.5561646607732855,0.031170905768790284,1.1962206503587234,1.156548569146224,-1.1774648122004772,1.4100271734719136,-1.983139647836328,-1.2894723057562627,-0.7125076128292841,-1.1012745525120353,0.2969249251456519,0.7139113334356257,0.8693600173781831,2.3717214566158433,1.21366608140637,-0.8690612596477959,0.7714129883138567,-0.27287897261303273,0.43665591276492394,0,0.04472399008959864
-0.008555876036167925,0.8611155787718019,1.1991607672914468,1.0925329035428903,0.5665799066719056,0.7697911154193275,0.1224591207339237,1.0886747996542776,2.411554822191522,1.1946687299119005,-0.4699126769424648,-0.06286457913030168,-0.15318846509333975,1.0631211880830764,0.39761723080426536,-0.8488604546018971,1.0959541060188167,1.545849468917155,0.3419487299970314,-0.2755511357730377,1,0.9969225052987958
0.5224170356855597,0.5946759226501882,-0.5879775153131426,-1.3637801765038302,-0.4087669048879574,-0.21023905631480694,0.4874237781232526,0.5103138108875682,0.55483272403646,-0.3072830090617344,0.7922191470663187,-1.1633602613180791,-1.5370008955214889,-0.26107241587947294,-0.6995260469069675,0.8238212657716898,1.65742405491611,2.1254609628682446,1.8950573290479427,2.2609705499715487,1,0.9926790067304007
-1.4825194752553408,-1.0432420279377248,-2.0118825054256453,-0.9688917249044542,0.4294614401411251,-0.38686601631052014,0.9534815504985076,0.1669139165482572,0.9895329340203458,0.9346366534517074,1.7095399319547884,1.9181772064113793,0.8129113997062581,0.8226510657591153,-1.894723740316527,-1.5951578787498564,1.2676430373468544,0.5318753492433882,1.4376001154003284,0.1420804848450825,1,0.2879378141610796
-2.8334515968630907,-1.568093032114594,-1.2998277638464557,-1.0511638461855242,0.16309965614666772,0.6859987589243174,0.08548195585141848,1.2329852736323819,1.543093295053136,0.23441284069677978,0.9097670240640626,-0.2368295748704788,-0.372982632796186,2.083887572779396,1.1813260148504694,0.5529146719149653,0.4740472523802586,-0.32955001292028285,0.9817812797733335,0.3348505926198424,0,0.38912676504098254
-1.6033237021453028,-1.413797679944302,1.160711993735838,-0.14344428399173648,2.0222406090146627,0.7901308450356572,0.05159213616489435,0.005407367921520576,-0.551927243957807,-1.2543173756284807,-1.702082727681018,-0.4268358588798269,1.3811923925519518,0.3944622625603549,-0.24332469689968947,-1.1131351034674504,-0.24626353508126625,-0.42171566491185186,0.14454183816029093,0.05584061392017879,1,0.9916628373002504
0.1327013291194788,0.011339238562422416,-0.03460097728594372,1.2711070533134488,0.6918931116697924,-0.23835801166281825,0.2529588168722542,0.8609091685713124,1.146009151212004,0.17827626891960788,0.7366190779697142,-0.21596222136771417,-0.1694512237400351,1.2051889627559316,1.4874969203068054,0.7187298791233617,0.5590322105513936,0.9100917847803877,1.1530893108335722,-0.03676399977733435,1,0.6443271755462046
-0.3249431186750731,1.3497419046542276,-0.07757216894437922,-0.6640662207702394,0.5046314925946674,1.3926790575625707,0.8956868564754541,0.5499193840286261,-0.063711992579329,1.1126936200527746,-0.4877355171309703,-0.5466979205023978,0.08666913794872767,-0.9014395908408185,-1.4886860426422497,-1.2905871557513158,-1.1728451759836072,-1.677802089431105,-2.169825004265911,-0.5600975165552412,1,0.12247125816870433
-0.9097430363738983,-1.6625651330194218,-1.1567840373660045,-0.5624803520525764,-2.0359156535682525,-0.681137492469938,-1.2340153760612944,-1.6754899246393073,-0.9839642578022765,-1.1457025150561742,0.0715783046144512,-1.2749257965051157,-0.4568714256493593,-0.3018595290823694,0.7899663125303695,0.28448978002567554,0.043520910606841205,-0.3706885403266296,-0.22788072545990584,-0.4648905758706881,0,0.2634041547153627
-0.919645046546935,0.290214826128273,-0.764188085174628,-1.0679544806361576,-0.31275590612616305,0.7812057010945912,0.876619158557968,0.7840252489413723,1.6678601491233627,1.351240758259202,0.7041147105394414,-0.7348491621314945,1.290429556117224,0.34614512048162654,-0.25635588230712547,0.2881104621941643,-0.09759758118789628,-0.6089558464499567,-1.1056797866076074,-1.9597510831252263,0,0.005809185420266956
-0.5882470997196745,-0.33837214542343336,-2.3858414005671604,-0.029095188508212515,0.8766875083081115,1.530546437660223,2.154252323250547,0.33462332721628557,0.7785506584195832,-0.5021899893122872,0.8341594890986913,0.4617922168980806,-0.7760227181930852,-1.3165702340989383,0.23808023341867118,0.7362925767723792,0.03569649903886587,-0.07040383213461816,1.4173835406927222,1.0352952156237372,1,0.792763472879701
-0.39351905142848864,0.5905375211526992,0.4699952825961849,-0.5705596078776919,-0.3260496642422508,-0.3802795158749923,-1.4727178085182406,-0.2976746200220891,0.0044573324969346805,-0.1744670223045933,-0.7082448062081294,-1.7364066868660373,-1.3420532454145406,-1.19485747058965,-1.403260322057704,-0.6960171652794606,-1.7866302455375254,-1.5564878365259451,-0.9384779374482245,-2.35471212145399,1,0.9999975818395932
-1.144972916663112,0.39917423896713866,1.095656352165634,-0.46681026057014313,0.6644826415847841,-0.20782942221621456,-1.298691720428623,0.16251736383362714,0.845933339351994,-1.0408379519432145,0.22722534470925812,-0.826085349826893,0.506182238440591,0.3018945495843953,2.3272008263875703,1.092046326523666,1.8361296371231948,1.942682354192258,2.2232314084414835,1.4494978817800561,0,0.8067870921233901
0.330915036631583,0.285332422868495,0.8903659780184554,1.02096830977508,1.754194342736739,0.9765706919652546,0.645134943591843,0.9997094632314528,1.0603548247663763,0.4758124010801949,0.004721101970653725,-1.5434692790410647,0.14599910024859505,-0.5158163198646238,0.2971926092122735,-0.7646905358810017,-0.44151257232579827,-0.7357830999332724,-0.021813851273606473,0.8358189150995565,1,0.6560922265540148
0.6944899529175134,0.21959319181598833,-0.6882080245516704,-0.7592211959763555,1.0605769015339614,-0.33939869736922423,-0.11672348020010027,-0.21257332952882024,0.4756188865223473,0.9818385641856814,0.7566483750086613,-0.8925120196642669,-0.6206973342479102,-0.5106681097559628,-1.6932690542472062,-1.0128032602435597,-1.5774337758275987,-0.14827547857063353,1.001067097853953,0.6725693493773526,1,0.9166275568608968
0.5072722739929251,0.4557216223682573,-0.6061556623910809,-1.8828406602240135,-0.348097053499251,0.08437175724502653,0.16016851945566096,1.6887309201024725,1.6587072071143036,1.0838584983613306,1.4925619260822969,-0.25284768975811234,-1.6901439153342266,-1.711334148562215,0.8474247850305948,-0.34073043866593933,-1.088692093845769,-0.5321013309338591,-1.0348751105167227,-0.5394196290325454,0,0.09704806143103471
0.8029301815186509,1.0019625228263491,0.02438473024009275,-1.2717585154638689,-0.1280984957736871,1.38796509327838,2.6427456174091737,-0.3383489900100512,-0.40668443899939427,-0.10986244836436486,-0.9262717681925602,-0.3414111486385575,-1.6759675800759033,-2.97807339584538,-2.145629511175586,-0.2970173617551005,-0.47252975044508627,-0.4604362286530876,-0.9885282117605555,-0.3884890599050969,0,0.12509477913737851
-2.281413614239575,-0.5924371927381027,-0.8010364236111478,1.04022853951697,-0.5010411841789721,-0.621378568269268,-0.6675020227374597,-0.9555043268066613,1.0268243390639789,1.571237320092888,1.333894761428462,0.6120339721566449,-0.02486695627188333,-0.1672151505749656,-0.19940423287241094,1.1146973271966298,1.0355286086723883,1.2559559349042235,1.0458882851955362,1.6267074069708347,1,0.9737401640445171
-0.6879254440814385,-0.4857603913586334,-0.6660346429673129,-0.006737266452947326,1.1359991097890905,0.852620796111276,0.04067270896400587,0.33816914908381696,-0.2953273882983123,0.055404264142681965,0.9385765679857073,1.0610928451154584,1.6401104038320533,0.045722970260968054,0.23603572301430326,0.7927210191850257,0.40233693852990143,-1.4291713763521332,-1.2216707461883987,-1.3289283694301248,0,0.09746005855704033
0.007100602648613875,1.4627028434950191,-1.9047058783208968,-1.0550091001413087,-1.0120697293918675,-2.132966808863625,0.5741630024500851,-2.0749118098210264,-2.5916771555452276,-2.701762339719383,-0.7445877835923955,-1.2068375681315244,1.2348335797134022,0.05249347585765921,0.012901582331581765,1.1504102389085376,0.9174644265185959,1.562243845094506,0.8928742770514444,0.1348221457606581,0,0.023324874863339364
-1.5240351947095283,-0.7855504632908401,-0.9774538459019562,-1.0401134161371535,1.4193431046744398,0.5778378785352732,0.07749810029308848,-0.8896375894665125,0.38934054085395486,-0.4159965211630946,1.1943439084647463,1.7322625547352137,0.3899030258433387,-1.222344945851329,-1.5606234432497081,-3.0704121849366413,-0.9285266287356667,0.47123498137675224,0.7365360692128277,0.5314666270141339,1,0.9894388476956617
-0.4365390499334596,1.1950797099578572,1.094041865813237,0.575091235467807,0.7174280681050368,-0.22689623270722886,-0.7722478523568166,-0.6809385398812999,-0.2801187241561874,0.2933835752962242,0.6893927716385772,2.0352342928125626,-0.36275116965237175,-1.1014235630169078,-0.3359793795208927,-0.2856883100282365,-0.018239573173835084,-0.3459771667622681,-1.2572977928736466,-1.628148958516332,1,0.9998579189254183
-1.1066268699086608,0.7120464506184212,0.6927319780240868,0.18408135093839145,0.37919294656017555,-0.8237265325951827,-3.1995762968308528,-1.927948291766434,-1.136337410014621,-0.7935891127648665,0.7438627526017967,2.221474286589353,1.352529747807883,1.4932970578117457,1.6991858598743845,0.5178303439620309,-0.41639721028725085,0.6097626257895756,-0.5902883025459834,-0.43692843738185094,1,0.9999904354875695
-0.8365157386534307,-2.35594801462902,-0.3973727853594766,0.3452944210671017,-0.32106969605292845,-1.1888371298158118,-0.46449005979338587,0.6127841293318279,0.8066135983728016,0.8342517928452106,-0.8572406574019352,-0.10578595022936606,-1.633503457885022,-0.8676677723794987,-0.48069342095874673,-1.105925487261136,-1.1921734939191113,-0.8685278479969741,0.6725215418228936,-0.3071093272012982,1,0.7475867534455709
-0.06251136645988091,0.47901768995097455,1.9238154546426098,1.3205665969260465,-0.3674820723330719,0.5310095691807964,0.3766419551767914,-0.8956017650998087,-0.07348837519307562,-0.10711111096886909,1.664398515390861,1.320518210008277,1.4164257050670144,-0.9308240037747305,-0.5126672706729481,-0.4840545418066119,-0.39788236931823906,-0.6079071631313444,0.6113173481420021,1.5266122544442233,0,0.6318007496231614
-1.6467088370480911,-0.7987095839462031,-1.1416272280566122,-1.2300063431768165,0.4477197142680185,1.284849313241624,0.40092907185027876,-0.2997999400880853,-0.9969860788016742,-0.198639745315235,0.778614550748127,0.7017336958564031,-1.6946103432293997,-1.0812451638755818,-2.4218158493808533,-0.6880801311149943,-0.9627583860834,-1.329417701617001,-0.5819826175329178,0.6045524710307706,1,0.6015819622118413
0.04444573092379608,-0.5023305366897176,-1.708531870733606,-1.644339886162884,-2.471471344681945,-0.873311861334433,0.32182521993510205,-0.18688333809825577,-0.7655334822329344,-0.178169602497237,1.6010303837203554,-0.2843676082505078,0.5454002877619395,0.22175346552227196,-0.06694524545878651,-0.13061657593532686,1.8195035572496299,0.8061195228060422,0.30345763402053294,0.11086757597005269,0,0.010719153287499084
-1.0802822863887396,0.4131113721594116,-0.5599335018535021,1.5526370704682106,2.0958492430988476,2.3108235721145625,0.5940388402843956,-1.4316152241520788,-0.6783815442013954,1.2901402852784252,-0.46763028110182037,-1.5683933500876914,-0.4117589617868087,-0.5177637227060853,-0.34228771824023835,-0.1282983012785783,0.4313812155552009,-2.4141705968231535,-1.6667811738099318,-0.7372055969149329,0,0.06259641772994924
0.24821988777891418,-0.08071725815400069,-0.706387634731983,-0.5404218359427886,-0.6067206610237232,-0.22510993024953657,-0.7655034349089095,-1.3104000876562,0.9398156975861571,0.8456322335590607,0.3982107841960423,0.40587537270522706,0.5613253778654034,-0.7675495866012205,-1.6675726819664147,-0.015178809690332373,-0.7382269226970037,-0.29002067004178933,-1.273444077943228,-2.6063342118460833,0,0.23180100599838355
-1.1739427340588562,0.6353664798430055,0.23409111362012258,-1.45509320145922,-1.341024483679553,-2.3628621910583143,0.33336825360095773,-0.0334228560930926,-0.38470483952884277,-1.0435851220420216,-0.8144941920177944,-0.10678474567223173,-1.271231245709921,-0.8440499634286762,0.03927638517925645,-0.7390104971422918,-0.6894561495672441,1.5262533374837175,-0.11320759654850977,-0.7794882077748435,0,0.2958061604875324
-2.3285101737244993,-0.3389650077483312,-0.639461296563357,-0.43392280100879044,-0.8008965349988146,0.7253725376880671,0.4368191292925003,1.8429971761758916,0.5683086373044813,0.4846320366918419,0.5443856387106684,0.376334767833404,0.9047278638315289,0.6872272865225247,0.4345724373068281,0.6176626739857659,-0.263767622516835,-1.8273968338975108,-0.5710163448220992,-2.27613126936578,0,0.012990346035896355
-0.7078594066985882,0.4169394190328703,1.6191982808514516,-0.20126340085926328,0.754959635547883,-0.34704427074895616,0.5138309235325934,0.17724266757906934,-0.6113518210505279,-0.45453972025899475,0.37550160943137095,1.6955761554419382,1.5524606033659392,1.757470536054143,0.8926275870420226,0.47745518195416425,0.5781587334144249,0.7114360277430435,1.1643858002353922,-0.1989510468252335,1,0.9883491646420023
-0.10968400829634702,0.14958655482293357,-0.42318499670001464,0.2926314304591437,-0.012618783257401454,1.0826715105927207,1.5319113119469283,0.678831501889158,-0.1003657138691826,-0.6600538231738892,0.4966263358082157,1.1458905472423022,0.2293346112290235,-0.29099172024384595,0.18942046960795858,0.3734429430494916,-0.6964311532363431,0.7002475788604651,-0.8755269950954979,0.7050104017736322,0,0.28801859568324695
1.3351990137210865,-0.36670297281965253,-0.18548269271204812,-0.6663017804383403,-0.8674990054801117,0.19398617049792963,0.1546530525007655,-0.3776627715598774,-1.8816558928086908,-1.6600273546843143,0.7260570823920274,-0.9439296298442127,-0.7825101861091098,0.43979442844133054,1.1365616198938828,0.5983409535763838,1.7970310048208942,2.4886844267287818,1.4881003361128171,1.1021208647223633,0,0.1891496435520907
-1.78504491594565,0.584185283602141,-0.17298288447979343,-0.3618544313159494,-0.9084576165928978,0.6585742273245778,1.445759515510348,-0.004977881248342124,-0.23272556298415853,2.1608445485006054,2.483082654875096,1.191390100669629,0.5118549595884192,-1.6560545464603982,-1.332899264983014,-0.7474997294826972,-0.47475670953536653,-1.666639289182773,-2.971690877981103,0.17827218915428955,0,0.008039949551658394
-0.35219135425498355,-1.1793292465631082,-1.2558846833633497,-0.5137921064520007,0.7165867070202215,0.13561041790340653,-0.4170601214106419,-0.49631694642306823,-2.477667652611352,-0.7935217338043622,0.07895141261815794,0.9827543363837739,-0.8747939273291461,-0.5169597442795876,-0.047289323822576404,1.3835470223317254,1.094604740863819,0.8345701369224243,0.8718567368881411,-0.17395142086095258,0,0.025332444625391
-2.0626123408130588,-1.0769773656647639,-0.46863910786269847,-1.233729881226059,-0.7584768132077108,-1.2401148761840937,-1.3683150109683087,-0.3078561118522687,-1.2448882254806455,-0.29008501958836774,0.027293532509980192,-0.0815855888860153,0.2726936190625243,-0.8231472945595444,-0.6184781230819347,-0.1583935062271676,0.0993419139627643,0.195275062347938,0.7375198763940075,0.6236213372254239,1,0.9571630881632989
1.2212333608116492,-0.03919548406624659,-0.10523555263035135,-0.940143978090858,-0.7431632851271188,-1.8625822295630265,-0.8091099417737264,-0.44410712228377625,-2.571019559975935,-1.5821430318102467,-1.4802922376021432,-0.44401035827597585,-0.5022944867462947,-1.0216055763961644,-0.08409730717555788,-1.0072853915347497,-0.9135709390542706,0.4677829696447466,-0.3167608800857951,-1.7066706186080416,0,0.03594028118330917
-0.4441778856456013,-0.012381398213741472,-0.5570148093584067,-0.5530189297084608,-0.6714065796410954,0.17126034466942577,-0.029773007049187686,0.00085720978788751,1.3133460301629838,2.2399644370254714,1.7422362483583758,0.6328555595472798,-0.7152873213341412,-0.4535234379717193,0.22074545943271068,0.6664585954728472,1.1248328047944256,1.5992807994978873,1.6571733570849512,1.235937165534648,1,0.6614189166844997
0.10223620286459031,0.06742030184683571,-0.2039470248587209,0.03598393630582375,-0.037040595447854936,-1.1674785198160285,0.15230612641071548,1.4253762256476386,0.24006627872224504,-1.0883648279036124,-0.5383528516054967,2.697141667069849,0.011742565913938206,1.1212328206746647,0.01896869126034803,2.0561722594636236,1.1967530487481082,0.6443921200127929,0.41056141214757147,-0.23231571743380902,1,0.6912333416607436
-1.8135934112971022,-0.25752056061992645,0.39402909014455,-0.36911581678508776,-0.49107197980370954,-0.2427120786238028,-1.158092767809902,-0.42853572654224775,-1.9297500667063758,-0.3275080053244039,-0.1796410350625289,-0.6306418901523944,-0.6035520611061738,1.3959750164548168,-0.3808409817204177,-1.4930925330196514,-0.43520965206790185,0.7772353332982546,1.776110403952647,0.9250717257677256,0,0.4492261153616571
2.0697732933173274,1.189673823213435,1.93740485192139,0.9826429286753285,0.7820689692939403,0.1870043570850002,1.29620030508295,1.173120279739773,0.8213761155960438,1.6767254824806526,0.7201635229220525,1.051142669678541,-1.3104956053376837,-2.0703057092889265,-0.2911318968060464,0.49972786660551033,-0.9877885484327753,-1.4713601991998333,-0.1425554631631831,-2.0386039803551745,1,0.9174155707686338
0.7375696180788678,-0.40576047823772077,-0.7942953599337875,-1.6373856040067167,-0.5793641271157126,-0.4357043216633557,1.0464696640276248,0.6777232170537734,0.18422193791563424,-1.801277589981991,-0.4942202486716812,-1.3681252564590105,-0.14937010088087332,0.5590869543093557,1.0197673397170988,0.23795984862500424,-1.1492823977436641,-0.3229850704612154,-0.24821335392068966,0.14700414128828232,0,0.24389820147752364
1.1631864440037227,0.3147855677361318,-0.6368388259612348,-0.9316432131409875,-0.8434428276899417,1.0137237671869794,-0.6165915439322001,-0.11174933215633398,-1.8017736540444185,-1.162988816911538,-0.16607900784111698,0.5790914954201121,-0.08504395141633317,0.0034059453257713874,0.12682433242021957,-1.7636346629152024,-1.5966179674763825,-1.4274056306694298,0.4270210787004976,-0.790331770982738,0,0.0010857365459329942
-0.4457023376132759,0.2459296776204648,-0.6293835578284511,-0.6671091855076137,-0.9907313084380814,-0.2634751734999802,-1.227548330310024,0.24820751160992552,-0.3190252902490684,1.1634382778947983,0.2600511213717667,0.7259707712246427,-0.06149442309429348,-0.09718250338017015,0.6059617130170626,-0.37411508345144734,-0.6283762790430673,0.33840723476997037,1.4413742073654088,0.9875964372604943,0,0.11713573151251931
1.599393744716299,1.8675937126285427,0.17811614035533815,0.27067654205711295,0.4145096163206243,0.3517106587521516,1.1750453646802277,0.42727583538974084,-0.02161056960650821,1.4500215956084876,1.8546710532548982,0.6791363039101641,0.4226055106446012,1.3297123158663562,-0.5826321185102131,-1.230475942971859,-0.377495642202878,-1.006266311648199,-0.6381507743446521,-0.01352126567156407,0,0.18538318587984845
0.364949147477575,-0.11321511843349613,0.47863290094113187,0.4135713434012564,-1.4920165678289918,0.07342101563523294,0.8815996502916283,-0.10419851559148012,0.002601838538022148,-1.2657397792409495,-1.177706605839314,-0.32903233260878934,0.1788086777290558,-0.4509049022299409,-1.2966638926428689,-0.023161810790423395,-0.7087260922753787,-0.4471114236005447,-0.6568516531220266,-0.4754574783087691,0,0.5401220087355816
0.7262838373140732,-0.10516263546272482,-1.5829706737694962,-1.670342917906255,-1.4081049637085172,-2.4315472424939015,-1.8362482832200173,-0.7939736279072342,-1.765299976171508,-0.3503150927476399,0.6248931663664938,1.4768537821576317,1.4213899882135976,-0.9457478952922657,0.21420541538119775,-0.6195525506272087,-1.1874526524877078,-1.5329862451605383,-1.030941088281989,0.14508527937422916,0,0.0001531185713006132
0.5241098314760193,0.15851190480922742,0.5653919428590726,-0.30296915926188955,0.4440141221407195,0.9218196655686028,0.06981997209390939,0.1821353031136195,1.0374601637335035,1.0071017596858731,-0.6742464557924998,-1.0561947472762838,-1.387373576241049,-1.148344611118351,-1.0186855761039226,-0.01648150490878416,-0.7634696353521959,-0.9177886872431132,-1.4230955472175029,-1.9378519911557561,1,0.9918078564112324
-1.0262073798261426,0.5395874391258335,0.46297344692804304,0.9887646564336664,0.8224099391448432,1.0076321397260248,0.06215952848834243,0.1510178830479683,-0.5033130697473488,-0.0383304208068637,0.8838760300420752,0.3917615048746021,-0.27490003308354555,-0.7394183862220584,-1.7679730340021913,-1.3253691260905076,-0.2902886995890694,-0.4559598741932424,1.9497884461180308,0.18368683859774534,1,0.9731198660858033
1.1871144619751017,1.7723230698586379,0.5804050121998106,-0.5772200457526497,-0.6313911754598694,-0.10988763942072648,-0.8504782993366816,1.257724270760875,0.5161983167408682,0.9055627336785016,-0.04154395340699164,-0.9746740467947678,-1.531773708440394,-0.6008517976524088,-0.8586250707958801,-0.5964218646940276,-0.8261366743636327,-0.9416900921722008,0.45782132310521545,0.47834156616700846,0,0.5534067322394863
-0.19181374633269718,-0.3000233975557722,1.1933626462606874,0.6501965794231584,0.6676857184894898,-0.944263488107203,-0.9805870526957331,-1.0483203501759117,-1.7923387896188956,-0.6190978933120542,0.07450900716080242,-0.06027105312576979,-0.595915324870145,0.25613874885015564,-0.31477289508377126,-0.48163539978223274,-0.20820362252389837,0.9838846466637156,0.6777959578122406,0.855952946659891,1,0.5396434088612878
-0.7960958527430837,-0.9604239266634464,-0.6815186555327695,-0.3431059334687237,0.4026204658107382,-0.09136620394968831,-0.03672086668855289,-0.9983792716936211,0.4072552422282547,-0.011563556238474345,0.5404524320362507,2.2028544772897827,1.5024139060908854,1.767027748942523,0.7785448690830011,0.2618019160556388,1.674136200794939,0.8081804615426685,0.4588882769614593,1.2826798939646076,1,0.9772272928462886
-2.077640030923764,0.11687806379183632,0.48775741552179225,0.9010766509061369,1.3778923515449146,1.5564887087482635,0.9335579863356243,-0.3011948181347878,0.9052284653163913,0.5517714599705781,0.49705535810192153,0.552910719970585,1.0148566547825828,-0.41493993135273816,0.4499113517778915,-0.7964937040954908,-0.4142026986018205,-0.6477940122565784,-1.3203923810741265,-1.4182010202460382,1,0.8348953846978118
-0.279012465545207,-0.6364904355686793,0.1224891393545972,0.035775757682592266,-0.0064968066093504685,0.7790969474669314,2.239502843767448,2.5975681760891276,1.284045158487453,1.2407107038227714,-1.196484008842063,-2.324683005816872,-0.19823198104274747,-1.682950800639254,0.47296504761341196,1.0856151082415646,0.8329571959986819,0.1867133226562589,0.3613893804178642,-0.7742562079786034,0,0.0026326845524129922
-2.2473366569694257,-1.5785391317672426,-1.091257583458995,-0.4317765731572274,-0.40904607449601144,-1.9474663176746005,-0.17278979483066578,-0.407709555012646,-0.97307817358051,-0.16385479199498734,0.9339965450811665,-0.40437613200530914,-0.12794463960685934,0.6204440610454421,2.3278733166602086,0.447898859955457,1.0289105308987592,-0.4259408786870323,-1.8558342709716102,-1.444403031596475,0,0.004263528437566607
1.4525294142816296,1.419506064969144,0.36271662376392944,-0.37515350635451816,-0.8306890037570615,-0.5016805676299271,-1.7803535186834583,-1.1826910921812088,-0.4145933050495014,-0.07793470265415516,-0.2693441782128495,-1.997342308125849,-0.7871979249966109,-1.8849225750595562,-1.0583006465776355,-0.0832984122906281,-0.2814191912931096,-0.6912038037637886,-1.6203841724451857,-0.983067697666388,1,0.9935127091763786
1.535236821486401,1.8104408159992909,0.8306140720526345,1.2425438861912732,-0.1782176008164645,-0.8326728806437831,0.37719411521125645,-0.5607942107261782,0.005724742640577764,-0.3944149224854018,1.2824140603017928,0.5738546836412813,-0.2590914550011927,-2.3966192211516804,0.12842508206098102,0.029379921820340344,0.32787565981917394,-0.21060251678086273,-0.14800132878274877,0.30980131137678907,0,0.5660861278408782
0.4886538586364886,0.4505236269710853,-0.16952994082569317,-0.4238049686684847,-1.7741926962732384,-0.43174124283245235,-0.20600606897126877,0.898800088540629,1.504239340949861,1.421304598318206,-0.4774042139437016,-0.3320609282926859,0.2218286206854362,-0.8298576820575339,-0.07155573168440246,-0.21787671455543617,1.2980980423363422,1.689869677269187,1.1002988497892465,0.9474512531699961,1,0.6063096396157
0.3728977189078115,0.6412703655844384,-0.43401260186909735,-0.3704009742831256,0.30738079145146907,-0.15685587870173545,0.00036318522465247325,1.316169717510983,-0.08419477023488516,0.5568528265125833,1.5721402384032084,-0.3928919924677017,-0.2263810071218195,-0.053904384362567004,-1.0419560248025053,-0.2295776895184862,-1.2643298082922436,0.8407538384540663,-0.10797707670334157,-0.041778002409648594,0,0.39517498982815885
0.43733937987840166,0.712552261612426,-1.197531632430877,-1.59694180009579,-0.9674825065183359,0.4067037364329712,-0.2786583406666302,-1.5339423882337049,-2.516746210310067,-1.0648413299621953,-0.49159422925119517,0.29096433460617405,-0.7017223760233884,-0.4711845183656474,-0.08814126593051866,0.9480000185294638,2.0755751281234893,0.6404670218856231,0.8672738507022,1.026497559098138,0,0.13446361899770895
-1.4091003921154601,-1.9497799758253294,-0.22607598561308748,0.3660846340054898,0.5851194267399304,1.7500195425608662,0.6200582802684494,-1.1323525789487632,-0.6446287649314163,-0.3482845386606595,-0.8775986740943265,-1.995416710800059,-0.12686700698932443,0.8750041605510318,-0.4768484125481705,-0.7361417981003829,-0.14732237202833856,1.369481937192081,1.5907308394024076,0.539187357582883,0,0.028205541111602537
1.6068966487574339,1.6839718745725145,1.2891152159272485,0.72316734245852,1.2597416603635012,-0.09823406902585663,0.4705113954033059,0.8215144550305976,0.7230117798760531,1.21676332968269,-0.5955742771269396,0.6468025850386363,1.0023047301869314,1.924069354563432,0.4327553694267322,0.23552471174957063,-0.5157752140667631,-0.4894929124948886,0.6724319822632991,0.10028212415124804,0,0.6901278327256318
1.9477646742798933,1.0803372216472107,-0.22587155921159224,-2.0932123153680826,-0.17631975951263043,0.6133483929536303,0.41942112301980083,0.15945021194762224,1.2084824068877764,1.2676553783745017,0.40755959639836475,-0.18004345648338418,0.200156916341946,-1.2242957393074099,0.7013890235173278,0.7237530449264978,2.30161608136783,1.429033689130299,0.34967229694167296,0.045440045544508284,1,0.6568875958181002
-2.6278786910517753,0.45413082925175036,-0.3638140272225063,-0.5000450646719056,-1.82337652431215,-0.3339641896567869,-1.0685731441497124,0.44958450886297274,1.0424270912758207,0.8339236509906898,-0.9665568473186054,-1.3420174770059934,-0.27351535638720575,-0.900647145537256,-0.09970073595517238,-0.5652038855385492,-1.1257333164293146,-1.3655319863685358,-0.69101237522542,-0.6347454330868048,1,0.9815866638532984
-0.3596848699822237,1.7642668007079017,0.38083580915604703,0.634258683708921,0.32775750460372505,0.5346901823429143,0.7529590438530156,1.2480903871451305,-0.5660622549811243,-0.15161325064723719,-0.3564418603800022,-1.4171668407142732,-0.08734404605222837,0.896965373969459,0.014476400159099552,-1.1176843450451235,-1.3399876801283022,-0.5681536116542779,-1.3245477204119436,-0.3430391533387013,0,0.06473171148867043
0.13725087796286792,0.07772385151775148,-0.7030201052060295,-1.1525576577319743,-0.8118738423178712,0.4783653566231144,0.850788911928216,0.7220611343944875,2.0317226627782046,0.3714458212890103,0.2004567626478999,0.9651560356632758,-0.09383333904326534,0.8406786321161014,0.2156075052591573,0.33630451883431867,-0.1633631787808805,0.8037625076798898,-0.22197093360533826,0.2078316465309024,0,0.46452402927155784
0.5865237502967174,1.5078179381598602,-1.3286264033332407,-1.2042441268280324,-0.6495699781450385,0.6521499495436518,0.7853419298488762,2.0567415540960097,2.0315100887954176,0.2800762720950475,0.42156803574169344,0.9393855464118932,-0.8990041065834306,0.6941734472145155,0.29017253773784807,-0.9145377645549136,0.8832720758532151,0.04678175383037981,-0.617682982688933,-0.7824752165798351,0,0.014349780144732819
-0.7449307883963883,-1.249158581460862,-0.557960675454378,-0.27008458384827305,-0.019877464226348292,-0.036707683597324924,1.563630809542076,2.017399167772807,1.5308693394864783,1.6827862567369447,-1.1007951587813318,-0.27944717326145685,-0.5825114733244967,-1.6141044545704752,-1.3400080053936978,-1.190934633499853,-0.802523582032775,-2.226937656796831,-0.6019389136189626,0.05212217550469439,0,0.0744303282010838
-1.160154806447681,-2.1740459787293758,-2.372592854596338,-1.4598671747980314,-1.2051122914081946,-1.0641842716273582,-0.035402462608905935,-0.021661810777221208,0.8569787061975743,1.4912436013923114,0.899380114736161,1.346510286822339,-0.06370973922599095,0.6851585742810842,0.4087352564856169,-0.45619985149697734,-1.2196147310353238,-1.7855430735229616,-0.1663951407155091,-0.3427549156623527,0,0.00017305602434216407
0.02914611088253731,1.2782930413538178,1.6857494196348615,1.872752359396051,2.2924008615907145,1.6497695325805852,1.3660023460423965,1.854727985966279,1.075089103400016,0.47819078035997586,-1.0852718547660543,0.38464640693929014,-0.06921104591695294,-0.18345632090682057,-0.13647790791365802,-0.8724283450422353,-1.2051362275492017,-0.9094933444180151,-1.7130523996336953,-1.9167835329653176,1,0.9973512098863265
0.7087884956235778,0.05932976457829857,0.5985173801554319,0.356334565475228,-1.974487614480633,-0.7301670797144356,0.351639257498739,0.43048084372107404,1.0066228916649909,0.05789770348309298,-0.10251741644732594,-0.8066502244213843,-0.41102810201197254,0.5242278825786801,0.029159975191890338,0.21883824672413835,0.13375736834953877,0.11369945049696348,0.6732879419619279,0.5810505022240129,0,0.37164167933620473
0.8368497745662994,-0.28607716804519234,0.3430848586327725,0.9083356492477216,0.40533256277920443,0.42200368174976244,-0.006791053607764749,-0.04009779212299264,-0.3457347428586914,-1.1036099894368547,-0.02223540059423977,0.22247278703952486,0.9286648809903398,0.40172016442053293,-0.3439551090233634,0.31898473146426426,0.39064111852439826,-0.2633254350469258,-0.5910340628374561,-0.36458007716787455,1,0.8496046094994345
1.0124715173352592,2.354924770169518,1.4665419794059913,1.0055148787983332,-0.5063135271921131,1.400776824644448,0.8428948901836691,0.36541829103674073,1.089409432364029,1.0662312843826196,0.07991016145430561,0.03961045327388868,-1.0345074285841915,-0.48579287127581544,-1.4663243257809222,-0.07637395084893002,0.10568208643280114,0.4523020630776955,-0.3631768497704777,-0.9263781517866205,1,0.9794383176553494
-0.9245073243698242,-1.348442096497043,-0.4750650941965591,-0.8481901926927796,0.7404580575551126,-0.9197349686518277,-0.7187758123444681,-1.6903107377482536,0.03590218304913343,-0.42822693748372553,0.40052170939940085,0.8524969278794605,-0.2084504512925813,-2.0935032431954537,-1.0885682393790914,-1.3526154620898363,-1.207044312373172,-0.8921561373482846,-0.7379947103532905,-0.668718164674651,1,0.970340989609487
0.24150603596554412,-0.4783884252708973,-0.26011285932341155,1.3178125607675777,1.3276996865989086,0.5487269578324795,1.0004809627863382,-2.7797253135605144,-1.803278464923408,-0.9168808870093964,-1.5193774436538365,-0.8411597072119709,-0.7850526957848584,-0.1505623679067472,0.5073977964093457,1.579306773908651,0.4640296673234876,1.5002766196622388,0.10534936093963679,1.5176129852735567,0,0.33481191400579835
0.674758755321449,-0.20800318587249675,-0.8894347506622763,-1.3349445548150323,-1.5508804409445245,-0.7951334122871688,-0.2544375971062959,1.008167114033484,-0.42692974524953586,0.8161400789333507,-0.039509423905940456,-0.4299723917283561,-0.7824749764109987,0.662507300625534,0.7145812403323479,1.7522323762920102,0.2817567481835029,0.6747051184216296,-0.26814003754345656,-0.01624137847957798,0,0.010895669764813225
-0.28378047940399237,-0.20567085739390376,0.7633980630298207,2.041191396961155,1.732505663345331,1.7703156514004648,0.6170730295155258,1.4403681276873535,0.5833458496557545,0.08339063329205383,0.20781502785327624,-1.309512760687048,-1.2051616717027729,0.08602323747786532,0.8133241166430468,0.720083910337317,-1.0399970731851313,-0.9124046818526836,-0.30898808141601636,0.6765190990698479,0,0.28188880895171675
0.40389203755239106,-0.3804083930963641,-0.7653742191772591,-0.0023504351920934302,1.0531169330201224,0.12408908673845866,0.6906891689577241,-0.03099831554531001,0.3928902442151758,-1.0156412799596808,-1.6493827322062775,0.9402097938442919,1.6674380186567592,1.4764445243240345,1.6382326763274742,1.0703938965286397,0.05644575960291936,0.13904385553736942,-0.20985951062093103,0.3810927139675612,0,0.37743971062615034
0.23052970564776668,0.24080750233721349,-2.3375427436582297,-1.0126672409061723,1.0158069252752573,1.9419030065788556,0.3970473628920296,-0.7164779628049592,0.2909314004268411,0.31135107351104324,0.5496916994375639,0.24377794647902906,1.448348418380214,0.3569449343884638,0.32099609531838325,-0.6652845906043148,0.41924036923723196,0.45012686712564465,0.39558559950296907,-0.2719519290942645,0,0.011544373804087963
-1.6336956018133555,0.5352454552073519,-0.12201858808700483,0.4031618718658896,0.5080859537033832,0.8418207666481369,0.8925999646120498,0.05284423270433482,-0.10726282823871683,0.9213358509231039,1.0774658124438459,0.286025731296253,-0.36861105132290783,-1.3223367063859583,-0.9485257222200544,-0.07198026254743489,-0.06808302013765564,-1.0171087743996228,-0.7015590672915513,0.8102171123323465,0,0.25664830648044074
-2.0715778022987834,-0.5674716697012244,-0.5071309288904372,-0.009016089505572622,0.5248424426132559,0.9870837454834986,0.10049533644958092,0.26346916742255433,0.48427539187178653,0.17505858747078332,1.6213467295993087,0.5541511028885409,1.6536607955137623,1.1598318129653857,0.6459334421384229,-0.5365010152158355,0.5822710694228839,-0.4730512002702331,-0.3300107862199832,-1.2184639054319613,0,0.646515223731499
-0.9655722558944935,-2.081438801910836,-0.42348252005839765,-0.15690009035848196,0.8264283693683651,0.602104201164559,-0.22569137781139276,-0.3274889856890573,-0.17956343314215814,-0.2346284346934777,0.10867020870129901,0.05919525790847788,0.3702094231393,1.6339512558665559,1.4986527510541259,0.8631559116142572,1.4028597636755795,0.48711305474509303,-0.410489570966107,0.6498162880469757,1,0.6398226519588731
-1.3351961373343368,-0.0615219180428498,0.442686625468061,0.9712071427639907,0.24317359725282123,-0.11195011948235267,0.7653140800980458,-1.3480493155903452,-1.2578871698322829,-0.45012550897104225,-0.41772647238770894,-0.34467996921138516,0.2941382088867664,0.42995031972017983,-1.43175341843063,0.32827734452033913,0.4348043972650815,1.5597517655162156,0.9268979165270029,-0.5474598068016336,0,0.44029622514754546
0.14837842947212043,-0.23349486981484507,-0.5890279895936507,2.752007329066091,0.8452524756508768,0.6996402015114574,0.2388166203448546,-0.36952308308783943,-2.3261149981083515,-2.2267825939488213,-1.0839630210827444,-0.13456757560165863,-0.5449646179742075,0.4769597159890816,-1.4355397852520884,-1.5574172480440753,-1.0973257303932504,0.6263770214391793,0.5854510499678223,0.09002026497621149,0,0.36074227493060557
0.11251351911730463,-0.9356781625346371,0.05480119051698728,-0.0396804544899937,0.5626410250564683,-0.575483464699306,-0.17173708301560625,-0.9680024885609289,-0.6505859581203902,-0.8171841194517048,-0.44086036128049405,0.665353845894225,1.342597664373638,0.9475595695311526,0.3201128794720734,-0.07844815667088526,1.4697327292128115,0.0029993395320514885,0.4032163267252658,-0.39058962715635076,1,0.7715343045805271
-0.5821392164550896,-2.3560257636425637,-0.5028894728613528,-0.5364010542967182,-0.7553734538888655,0.667678007048212,-0.14866474388188042,-0.5565821645507844,0.14817757355689617,0.9135954238243045,1.2090245231997272,1.2884050713430073,1.7707603887299321,0.5991182973882646,0.8003418867154636,-0.7383907320116653,-1.1041065529077454,-1.227353763601527,-0.7440870478037382,-1.0879756195231438,0,0.010473153221270215
1.1415417974331523,0.527068908848016,-0.8182843009123618,0.6670608141850612,1.2330733075772742,2.075482503838667,1.6649926168640656,1.6826732484060032,0.5203156429978344,1.0644966709209007,0.41882550282072084,-0.33977430905043443,-0.10045785114367378,-1.6554693305684485,-1.084994574816724,-0.7028305015468196,0.5578166799223085,-0.49748250687066975,-0.1740682403279757,1.0636060835111032,1,0.9942009833283284
-0.05000186616768924,-0.8529272143852744,0.28368050210639434,1.0249777714889845,-0.11136177397436843,-0.0006468899448039625,0.5121324059242942,-0.6216686556295238,-0.33863242635325547,0.4498203220355252,1.4038499894542102,1.9907460112338442,0.16826640102883691,-0.5102413190394567,-0.6089987533539035,1.3810446051963787,-1.0880131459928513,-1.0585485309059215,-1.7998065371294758,0.6886322103556191,1,0.5268480360598357
0.8534554815765781,0.2691224118867482,-0.9325906077101171,-0.10320933049051803,0.8366221931974,0.8433655082168339,1.0512380347229966,0.7573850775110501,-0.18070267329128525,0.5533071737792802,0.6084410975103093,-0.0896711061952511,0.24986951989018777,-0.8555868952258803,1.0948785680282365,1.5843139499315386,1.5246367191035035,-0.36041554478809107,0.31028001945694633,0.9298563996020879,1,0.6800884732022644
0.015484402243206206,0.09645906197181991,-0.8282798981402796,0.22252623752350592,1.3730963244799974,1.7285709116491224,0.694531359017756,-0.9269790656736557,0.9364556893203485,-0.08102309505000789,-0.31021287968151684,0.775155435903851,0.11446120601801305,0.37291729600270873,0.37516024951489907,1.0634860353220217,-0.22333031984788906,0.8545415900669616,2.6466830458626127,0.6378744443268277,1,0.8500552943109773
-0.6896169841796511,0.5498382431331368,0.4368513851868901,-0.7945385178154187,-0.5896100769359454,0.2557896654949958,-1.2992481986035045,-1.8702435895060836,0.5973409890775444,0.8538663501644973,1.3007500495368833,0.26684795631803016,-0.2190010095108299,1.0559484127717933,0.5759899303654561,1.7795843735023213,2.179702780623091,1.0132961396787716,-0.005964956780666178,1.306310353784078,1,0.8885417882293887
-0.1438005351736082,-0.47066235093343156,0.9701758532776867,1.5108008794421168,0.28606671679324613,0.6379079092977356,1.0550934818477142,-0.0714909497033199,-0.9857744921338442,-0.5926496164735742,-1.4023140164356858,-1.2035574299917333,-0.9163783925512482,-1.790782058190297,-2.027149682342223,-1.9888466872574635,-2.4488743335080474,-0.9604132100286621,-0.9693828687658252,-1.406908741644629,1,0.6101055952666027
-0.25437001543579957,0.5180430367440709,-0.6233778578558554,0.9902743671222823,0.3723524884184933,0.7596530397288316,-0.2886685586811749,0.9282239931618252,-0.2419271071861652,-0.6248248307930298,0.5798516404278212,0.4287046726945635,0.5416529518732595,0.6842970910071171,-0.06825884186651726,0.4860408901039203,0.16314698022028257,-0.06683353064198204,-0.2534979477109905,-0.4415343515681681,0,0.5168754146190266
-0.6249562448078945,-0.47450707113170504,-1.5038551892066656,0.8208280730705487,-0.41841450933267765,-1.0312145630687848,-0.8948706595311687,-0.48693944161591135,0.07931837106160208,-0.30013280323788033,-0.01088251681771745,-0.287812125989562,-1.4432276316224322,-0.9577991451640341,1.5277404897110711,-0.27858828801122965,1.1026536841139538,1.586259941306644,2.0568816774586733,0.2763404157684827,0,0.3408174887704352
-1.1273501013517662,-1.719263181771821,-2.314143949325659,-0.26455989615486375,1.0432766521687702,1.4363101451786777,0.40418403811353326,-0.14262515416937036,-0.2993122887355321,-0.9296418309857718,-1.600410828811755,-0.622626228988074,0.1213980900219267,0.015510515415176684,-0.29348866545825597,-0.8176983639124046,-0.1421074334759441,-0.8000572695167981,-0.8164023778085481,-1.1610574117918189,0,0.0009221794897131373
0.333259538498159,2.1754809772918264,2.5358864063156057,0.6119039073670414,-1.11798254277163,0.6975049488139831,1.374252005663931,1.1497775029925417,0.8466316325503302,0.247126628970012,0.13323462305596925,-0.04341781267005435,0.6242014672873191,0.7208572469760718,0.2620153204560596,0.4350921878232344,0.5747486475001775,0.7555759955698313,-0.13900946135461373,0.14878698235047125,0,0.6595464652833476
1.3355429543143076,0.7774660968953667,-0.5125085571200688,-1.9850025919109417,-0.3473110752299372,-1.1408722186708384,-2.245621839356,-0.3308444762458447,0.7258673299876227,0.5668540990257539,0.0672720016851932,1.9828932164574626,0.678427827344665,0.6262858501854428,1.5449063370980853,0.7654396108303285,0.516896221091929,0.286354175472351,-0.0958722864278023,0.04848257199528512,0,0.0027211183877167045
1.2315409174483256,0.8222183721519636,2.1737731289099136,1.2981191226553181,0.6390488709165283,0.17519219721457036,0.1586400241835413,-0.6041525786039632,0.012071270742579302,-1.9476579365471425,0.11724887596376443,0.8350841718516846,-0.4858083276879032,-0.9813260253095116,1.025646928128729,0.7919234936835683,0.045680071682845706,-0.44001133922025926,-1.334513885205279,-0.6567190377825114,1,0.9960324044635979
1.9668150205453048,0.8079942633581775,-0.6100455695899365,0.44308920201913354,0.5330930262620209,-0.5202430262798505,0.1165292384042377,0.977059699233167,0.36238669237051135,-1.6460656084737002,-0.34565374587072156,0.7228978898672165,-1.7237039006061352,-1.6735538589666616,-0.6494113097514559,-0.6706303743915095,-0.7867710083481942,-0.4426567077603984,0.7906298765449197,0.5950084491109575,1,0.8892016423403765
0.4180627428322081,1.7740808937383188,0.18829996260484627,0.2816409468842785,1.3099892902644596,-0.273773418699431,-0.20293107271537844,-0.8264924366895846,-1.0093328234661176,-0.3467828228859251,-0.14437674248181748,2.008191870138769,0.49155541672401176,-0.3724713623055793,0.390736243383568,0.728955544713361,3.316903278657875,1.772072351867632,0.6792174839389268,0.33412779429945627,1,0.8823330062875188
0.30620233898735755,-1.429199230787074,-1.5050225920779334,0.21285066883569928,-0.6928317826689725,-1.8843224305538802,0.7774130067300482,-0.6693624221363299,0.02596131548048549,0.4322597961902598,0.8033494749683923,0.8599720801034691,-0.8257411504513645,-1.033831029414312,-1.2189986379350404,-1.7471420391260273,-0.45061271231148375,0.49509804864312573,0.18916666665127146,0.3062368237491902,0,0.08377593798377143
-0.9706005945115582,0.43875838975399845,0.8482720671419937,0.5378551658529565,1.3501502575322228,0.5921562076456529,-1.4294326499640082,-0.5460919869072284,-0.8343821789381153,0.22968569739484085,-1.031687966699598,0.06413012930828121,-1.8757040228264819,-1.5008558891582067,-0.697925047139859,-1.4447902365879337,0.3043081982779383,-1.565494532057489,-0.6489041911080087,-0.30794276039103696,1,0.9997960509504231
1.3559276699073437,-1.0346654421821238,-0.6091911777447924,-1.0884205983509683,-2.318672440590122,-2.244796397067911,-1.0771262383649096,-0.5692876178283081,-0.8907325548674146,0.3327730408287086,-0.9207531555927193,-0.2639992720120085,-0.17053314035976402,0.29317121180540784,0.803127043718167,0.02265519330943592,0.33258787470008294,-0.974380679662729,-0.2213726217487595,2.006471831539664,0,0.011120894254950588
-0.8187150996146455,1.1733314905359988,-0.3095780576724691,-0.937445151780819,-0.4768113907178261,-0.8441966058468187,-1.0969595527147968,-0.6796287867116653,-1.1918311237444954,-0.33082077268012683,0.1834767528953926,1.9545184427250346,0.6919499127746488,0.6152078133442659,1.345062825157573,-0.5317947394283682,-2.389927811727856,-2.3840299380890633,0.08428109127577987,0.6040792256902864,0,0.11518720957928547
-0.40781250032877403,-0.21032304278220545,0.06676865102375791,1.1014350482194322,0.7653125328912334,0.09245066489241133,-0.6839394658690874,0.0907729494999524,0.6648543814575355,0.41291565052373347,0.8063306693426545,2.0803463601627854,0.039969522202384054,0.41522739813228776,-1.4980609201690462,-0.7197614614684703,0.12515737420408574,0.9167666539172401,-0.06713584920032752,-0.924868148402425,0,0.9953178713515892
-0.08043877013657985,-0.9691386249672528,0.7047440954026761,0.40318525076988204,-0.5467146638206295,0.05531935395243374,-0.7451122290616983,-0.45471109371102053,0.29892479941022154,-0.2205020360402298,0.409427855139354,0.923015481335634,0.0976554837445212,1.7298905467406334,1.5540903012569152,0.3931921148366599,-0.5769055235787803,0.139839447950071,2.086664254330688,2.002027366132854,0,0.11312886619615789
1.1823769596520606,0.32764081837250436,0.8614236128120716,1.3141560360450248,1.5709220228368466,0.4650618474675208,0.8345514757101491,-0.2157305277708057,-0.8712725277629443,1.7150837262792547,0.002295642958699786,0.8204534487845198,-0.2769727925284866,0.5546253621315217,-0.813576831238807,-1.4314562992308357,-0.2741166350823134,-1.172998159769377,-0.7713035887781179,0.3602996312633427,1,0.3743089236848361
-0.4413824741349024,-0.5359689420459245,-1.6897711647826381,-1.8298268284912869,-2.041548439129779,-0.9755784380099718,-1.6274079147736038,0.15818180645546054,-0.32773536765073874,0.688764767027742,0.7180869847395527,0.8085968432607965,0.22673791149110306,0.27014696058649496,0.32865442179465126,-0.37536809254376613,-1.6557092705345249,0.5364753140592295,-1.283814123460795,-1.5941744370149171,0,0.0004364731101839711
0.4990183428911245,-0.633493819072962,1.3189955860162186,-0.24629094985955488,-0.7771361995349341,-1.377748509881091,-0.8181311723616774,0.5803619075914528,-0.2969964356468086,0.23947165581080748,1.107585037257532,-1.591361168970055,-2.58354527535859,-1.89701327094377,-1.714536767030465,-1.1976094215862831,-0.9375010023944973,-1.0436906933589445,0.16511709426596957,-0.2691030521937772,1,0.9720530415267385
-1.335861136203936,0.4814948634753964,-1.0288301302741412,-1.6424228642181395,-0.7270434076075029,1.311730201463199,-0.49097389077428094,-1.5250238324355085,1.1948186644651424,0.08952024149525832,-0.263104892595905,-0.2921834275012678,-0.9403193683934878,1.340448592122699,2.1098726603179156,0.47229845107186097,2.536692536633056,-0.050005312539857884,0.29161074834340317,0.11049804306596417,1,0.655523859545581
-0.4714213195776515,0.14753843546631454,1.1080349904279887,1.4501003787254103,1.4376015425614797,1.5721696602161428,0.12002335660353723,2.5819460816262327,0.7713234241163082,0.4565122246905465,0.6312102044764724,0.14713950098629952,0.536572231230077,-0.501955571639309,-1.511770755849077,1.0592901225964646,1.0581842184565287,2.191316076703432,0.03083688886866588,1.0652456242910995,1,0.9918557869779916
0.8650656919835871,1.0075967794156127,1.0321777518089157,-0.2799706463430397,0.30237562651522065,1.2814847612188014,0.4893707813180035,-1.2122105465846267,-0.7924514941485269,0.4899389640387646,-0.3310028496536406,0.39604570468920874,0.6862532437578877,0.5334505442520623,1.177866194302361,0.6322219161054496,0.7429877724764071,0.8318704731716221,1.6541511315793105,1.938423027627125,0,0.04947218951199094
0.2783328088601417,-0.7969048262387456,0.39406564295175567,0.9142692565735957,-0.46026839821440346,-1.4060394980773208,-0.35495065515725976,-0.5901987016739911,0.5508612825550918,-1.3142578136822558,-0.4421135203945825,-0.27670954424816874,-0.02284926932297356,0.3636752088289329,-0.9815364848904509,-1.2798789199814808,-0.5198325483068772,0.557842943095698,-0.16155051212038413,-0.300721548672841,1,0.9829331299416032
0.3703788897070086,0.8183093378287212,1.495154451263816,0.4171674653195083,0.24154794678795702,-0.39542920309690094,-0.9109367802002049,0.17349051134924953,0.7354730473733729,0.31592551606323577,1.077049605645402,0.3611449959270467,-0.9333581444469911,-0.3806528808526683,-0.8744361936778697,-0.15722189832710556,0.9280420113339779,0.10270431316697017,0.6866376416258925,0.7281895228001868,1,0.9841710157821437
0.17000645356246932,0.8421143259708129,0.10126068698357879,-1.420145483512737,-2.544348756840448,-0.4343748177907599,-0.6916577354095901,-0.15292743344086293,1.449283225621369,1.0900059423131863,0.6312575008884845,1.5054922406669717,0.9549768052494306,-0.01889148473513045,1.8359222123323766,0.810065303658245,0.8804928895577743,1.8433456018670844,0.7127514956956644,1.682102893794326,1,0.13618250391244474
-1.1826744543043177,0.10721945394292551,1.3352173147773319,0.2783895221969563,-0.6130476289870092,1.4550232026764478,2.0693612783632807,1.807630055825463,0.85815540840782,2.1825565209321423,0.48923008232119747,1.7334711482248228,-0.7404167330821835,-0.5339618667333697,-1.591549077919375,-0.4987156019020116,-0.9998621017671644,-2.160985004676396,-0.2781999144124088,-1.10041857493494,0,0.39534361749576247
-0.6807545193063055,-0.77312433605082,-0.7892372388863914,-0.3236787206984125,0.6168458057568923,0.15187634823124477,-0.15905685395788138,-0.3906296838109321,-1.095804636708928,0.6862409718207324,-0.6635341062790181,-1.8753012638571034,-1.354909820564809,-0.720994100914726,-1.2550605802947201,-0.5409075877146787,1.85495497790213,-0.35565135704380735,-1.5818119757834948,-0.24930346418024274,1,0.6318719787129171
1.6748383719158015,1.4860002874562281,1.2468170344286706,-0.08484007531859458,0.3164099831979396,0.8678856426303162,0.4477748776466114,0.20944423471750734,0.41098164656493646,-0.06041720075380666,0.8211873607909111,0.4295993885634485,-0.21576978676089897,-1.129240298232406,-1.133025574554888,-0.9966022674542475,-0.4425488102389142,-1.4254539143635006,-0.43895039042694795,0.4387891907887394,0,0.9093757766481991
-1.2471362504756436,-3.2781472135350076,-1.8584978800430227,0.2510102507612379,-0.3225486662037766,0.6263861565859123,1.2473154904221553,-0.15328723609646208,0.7459630412952732,0.10591270392126,0.0950524689949728,-0.38354350893248873,-0.2786481905830612,-1.0452763686967848,0.2647582024606525,0.6328399006907477,0.9289385840755922,-1.2265796165699434,-1.1844487640001913,-0.39348138498471175,0,0.0011358545289980328
2.869923686959944,1.1749563360758841,-0.16394387494326568,-0.32945263807066216,-0.38637928538700256,-1.1729850298139222,0.46250754563883945,-0.8588080697210092,-0.2617366773075116,-0.6688641133092462,-3.2115889468538263,-0.8803528360544979,-1.1707104521755507,-2.1414296619931488,-1.062780831824692,-0.24849797813128832,-0.40132685216029357,-0.4789331929656251,0.3555391110515601,0.3926816923014006,1,0.9337747728156558
0.41406161281707315,0.7588908806654732,-0.9605706122058358,-1.1605328907184091,-0.0845560022060915,-0.7805741614253665,0.09612174901931428,0.9849506224072764,1.5276487123230407,1.7156650170104155,1.634770504548559,0.6041732694429274,0.4920650909969769,0.7313710816454141,1.1070303831947506,-0.3643558148111585,-0.5911107467831607,-0.2008336268122367,0.31054099481079356,-0.5383322686559053,0,0.011501624710849891
1.4272841641235332,-0.6023549429538166,1.091318107611372,0.9848546551139494,1.05493489642651,2.1870461294053753,1.896318337896062,1.5595625778934616,1.7581254402053734,2.7255545820781095,2.148510514426557,1.2331230504818136,0.5616733425108458,-0.28600196877349676,-1.4774685048419758,0.6670087067077882,-0.3209725815499913,-0.012807951498634274,1.1297492038897312,-0.8159571230480197,1,0.8584139788417949
1.7702207481398509,0.9306198000623291,0.9020785229767713,0.5696724003705534,-0.012770560770296178,0.2026433698797429,0.29886525259277924,0.5124362000744722,0.861869853270102,1.7646695854952033,0.05145382659243131,0.6312964774220073,0.5223706239515813,1.381621618579066,1.446621541343398,0.9391042183398698,-0.7042288671677498,0.7234776672551635,0.19766536393998518,0.17138534692319496,0,0.0576724591782069
-1.1600137764592287,-0.05871254132910943,1.3524536246919754,2.0690607694069723,0.8907054335437519,1.5472081317396864,-0.3552480415594372,-1.444787331053516,0.5151267718094421,1.5187725592790517,0.14097961046794913,-0.1036599053266668,0.38064411219563143,1.24151384688994,0.8620452486085669,0.06411143263660975,-0.7869674432791196,-0.07378599899237048,0.49974289267621824,0.8705392600901682,0,0.5152197075694079
-1.3840785813173957,-0.7881451351065438,0.437899441178583,0.6366759221325036,-0.6232738817348341,0.5407715789924846,1.0292968522397334,-0.9185424450178581,-0.04165336891947683,1.1370063173344471,0.48235248901789723,0.02868181872558158,-0.4213724724477319,-1.3774253404260288,0.5116574595891974,-0.11227176324063398,-0.9945744520817719,-0.7360317618627994,-0.378769802373775,0.2818302501618969,0,0.007116069034640834
-0.06131405364808635,0.7154607062949155,0.3210441394272999,-0.20584055614427438,-0.2606328227493664,0.48468005339097797,1.3563172181562608,1.1144411320154988,0.07174765181522612,-0.2525499925123667,-0.4085105452619806,-0.03264253449755376,0.7955750014713017,1.0604559377844847,-0.1841031854226171,-0.42387689087151414,0.572141582982023,-0.9123890937629201,-0.14760852818274553,-2.315113104412836,0,0.03796747765611964
0.8281648329104084,0.7646231480369352,1.858215702226613,-0.5131790096056514,-0.11227340689072385,-0.8572762949094245,0.045736598163185226,1.273691233708406,0.9648038339858832,-0.2839706190072252,-1.0284511562108074,-0.2474259723147388,-1.1925960446524662,-0.1534047536653524,-1.0814973140066342,-0.8094891753396928,-1.5816138698046611,-0.041781853845557416,-0.32550029543751186,0.812825686932566,1,0.8237658347343582
2.924349466429871,1.422541920785391,0.6874435388158291,-0.2456966916348452,1.456992567797469,0.4789704206947865,1.27239411109075,-0.33781203803101034,-1.3653919401677244,-0.7183616688697786,-0.592754724177265,-0.6818068813969831,-0.9239724061894035,-0.8538020282074748,-0.15539329532352728,0.7985299013278578,1.175054629768169,1.0594918640442421,1.8510914002307393,1.28503612072479,1,0.9891815778970804
0.26786458303595634,0.1381542104219464,0.5116048103429609,-0.9098072788936672,-1.2254596553063049,-1.6068344819713598,0.7137455590203999,0.7664880036498225,1.7632086420931041,0.40960612359498416,0.7883659860435223,0.767824674628572,0.9542193682532125,-0.4936137971044921,-0.34434591789321994,0.9949769115351008,0.9435997378025061,0.22540108075852264,-0.11712736902945481,-0.873665316815689,0,0.8470357650938181
0.9467900734067877,-0.6005611213327852,0.4938427804205303,1.200412419907577,0.9848035544255737,-0.23485863564027012,0.7907337366100436,-0.009398922416960189,-1.9608797856402531,-2.1092073888503977,-1.5791022244928379,-1.8652347748265434,-0.21798911924658557,-0.26740251924369723,-0.0912608427321229,1.6118462182435669,1.9281724472899597,-0.41137857629744995,0.3353634058770357,0.20520912969362146,1,0.7777878082063245
1.0718770934327513,0.25875522975771753,-0.271985522298288,1.2703914882709462,1.6228774927995044,2.33795760945182,0.7910924770643093,1.5540289951490003,0.5584352127892551,0.9671121189861962,0.13492305421161443,-0.08152116916336294,0.29211600487203965,-0.17717141483677662,-0.9213873061555617,-0.4030616141160786,0.8546862811003931,-1.297697002172181,-1.2829775856038381,0.05776128862659827,1,0.9124864861601739
0.6768732550181041,0.3570594176501882,0.034296532480583196,1.2215919269319186,0.5758661725105779,-0.6267996150183002,-0.9297176474698636,-2.2411712424775225,-1.1732913532426932,-2.645018158719312,-0.7773139020966212,0.059893922963214385,1.1580711569644762,0.2548882147139631,0.49532530641567474,-1.3562857778301791,-1.5577003064676251,0.040002504017279734,0.3009557652011332,-0.9278331549796559,1,0.7295172398187171
-0.12171591187313546,-0.030468825524314774,-0.10955491159186836,-0.04057928531773648,1.015174711789966,1.4621422338183712,0.6314998496931693,1.0063586199439924,0.5288282165651128,-0.9798921794559216,-0.12792680751799837,-1.1975811602627071,-0.9701112038106857,-0.6794993772054017,-0.08173729498504749,1.4202212571986368,0.6313840253868517,-0.16531087605002004,0.21971762068263634,-0.40214848688699645,1,0.8793660363869302
-0.5858677927193381,0.20758740395512965,0.14805910087134122,-1.375752943759299,1.7818432626469212,1.5133459455929348,2.4222224892738344,2.9500087027893054,0.004183295461454457,1.0609032229783242,0.7500711855179054,0.15671225104189004,-0.2077366302722871,0.15573913791224045,-0.024306834211826087,-0.5089790103805814,-0.013809753645942039,-1.1812440300608138,-1.253494605611938,-0.17381312372453323,0,0.009536935257607682
0.4373594258114845,-0.07738489868197064,-0.14451572962074713,-1.0147617484511722,-0.9004125421206073,-0.18908656859261347,-0.7033955472934712,-0.44731555428153924,-0.4140352399180827,-0.01201871276523991,0.5074483288602402,0.6309040665373654,-0.10473536241108526,-1.238301387710536,-0.6850335335476767,0.12676983487337767,0.4353587066356274,-0.22212023715020543,0.5776253056968911,0.536639423782712,1,0.46156938777791506
-1.002586490412376,-0.1258929218747853,0.9382351539130114,2.476770160868189,0.9391027431070575,-0.007770100640769661,-0.36024056636397517,-0.09088391459798993,0.03307734472972524,-0.2051593025590914,-0.17090816627134017,-0.16019865812714673,2.164877663201032,0.9686888214242537,-0.07893498576190239,0.2908142840490807,1.2556116665749277,-0.16654063901983787,0.007849802663331629,0.846248332960923,1,0.9640605922230787
0.6483712589303544,-0.9318431334806832,-0.3563797431942607,-0.7714024354036447,-1.7182560328739407,-0.19198187403260336,0.2526873363240152,-0.2907603825272592,0.9067300977075904,1.0911786187851802,0.6118330127514722,-0.27094848258858034,-0.40803392542007083,-0.3530477164569727,-1.221575673663151,-0.5243518075436394,-0.6523143778755939,-0.9842765682178339,0.7551649555896038,0.3752232150951893,1,0.35446124543962365
0.3625972743681835,0.14750791021864712,-0.5052117068459313,-1.2943945337789793,-0.5002229878279613,-0.7511850309548513,-0.021041974144654318,0.19610702763527144,-2.0411731159406195,-1.3897950883849461,-0.3152605690779973,-0.29562649580566136,-0.3412628754604664,-0.6596092775751691,0.23911895945733194,0.1561501891662622,0.2696977271661319,-0.021213165172035423,-0.6950118338586764,-0.037899582910989306,0,0.043398617025524305
-0.28127075605493124,-0.9351552432448005,0.7223100910177259,-0.24699873036958925,1.3826652046722583,0.32851296047194073,0.41984722337949015,-0.45782052392607,0.06256746816478409,1.7841821505939828,-0.11732399277172541,0.39352624870752695,1.2344731213892606,-0.5836065103896425,1.177427100062258,-0.3106754719702165,-1.388813724784402,-1.3095936957896457,-0.6575457047246914,0.14251556510324492,0,0.13259233602463738
1.717003783519306,0.37667288025147205,0.8751777785954988,0.5383954013131207,-0.3674113741623994,-1.0887802429493243,-0.006979032495096304,-1.34347049406658,-1.7355376912694267,-1.4474535722164097,-2.6996130875410835,-2.375179689010816,-0.12229751069694048,0.2379815305797394,0.7173030169557965,0.7841062760798807,-0.41612827452435613,0.6382095503174765,-1.6687149080019537,-1.0289661468106714,1,0.7376686671012916
0.38380282901380225,1.974881735161371,2.2927423956160173,2.3994159407856457,2.002952929656823,2.161137732918826,0.2595751529396743,-0.11197732574793788,-0.03744421272276143,1.883088047285145,1.7491495464042368,-0.014606477977555182,0.37639705251716954,0.9860236770231243,0.08330404576689433,-0.03750572325831064,1.7400654635978945,1.0180637972978046,-0.9391945978219836,-0.8151061901403004,1,0.9989229046450346
-0.6770085230691811,0.8511601721108721,-2.010339844007387,-2.5299782231187913,-0.9764996478751808,-1.8155252284544934,-0.8041877123863811,-0.3134683309596431,-0.981465493446865,-0.6318396321473034,-0.42655773587674434,0.5958691444811522,0.7193810502681942,0.9748614452662372,-0.6645178236541915,-1.7197711542356462,-0.9141576814903231,-1.8038172005171595,-1.5510605735961815,-2.0583280916168096,0,6.764348903321451e-05
1.036001921817392,1.1845904862652137,1.2744773383508388,1.6523456411929742,1.297755777694452,2.0615766475193054,1.0546439022739713,0.07820866168474637,-0.5269116929222205,-0.12580790903641076,-0.46268893807479294,0.18972853263408418,1.0175416086380042,0.9238761898059978,0.8215839277024501,0.6492817756003245,-2.086876933601294,-1.8669944814777868,-3.3110777355695604,-0.8468134528431709,0,0.29245249276817503
